{"type": "FeatureCollection", "features": [{"type": "Feature", "geometry": {"type": "Point", "coordinates": [2.754509, 48.7419]}, "properties": {"year": 2021, "valeur_fonciere": 501000.0, "type_local": "Maison", "surface_reelle_bati": 166.0, "nombre_pieces_principales": 5.0, "adresse_nom_voie": "RUE VERTS PRES", "price_per_sqm": 3018.0722891566265, "date_iso": "2021-01-15", "parcelle": "77470000AB0282", "addr_num": "12"}}, {"type": "Feature", "geometry": {"type": "Point", "coordinates": [2.759709, 48.742535]}, "properties": {"year": 2021, "valeur_fonciere": 123700.0, "type_local": "Appartement", "surface_reelle_bati": 18.0, "nombre_pieces_principales": 1.0, "adresse_nom_voie": "BD ISAAC PEREIRE", "price_per_sqm": 6872.222222222223, "date_iso": "2021-01-12", "parcelle": "77470000AC0002", "addr_num": "2"}}, {"type": "Feature", "geometry": {"type": "Point", "coordinates": [2.791807, 48.744364]}, "properties": {"year": 2021, "valeur_fonciere": 110000.0, "type_local": null, "surface_reelle_bati": null, "nombre_pieces_principales": null, "adresse_nom_voie": "HAM DE MOCQUESOURIS", "price_per_sqm": null, "date_iso": "2021-01-08", "parcelle": "77470000AL0063", "addr_num": "22"}}, {"type": "Feature", "geometry": {"type": "Point", "coordinates": [2.773302, 48.744176]}, "properties": {"year": 2021, "valeur_fonciere": 362000.0, "type_local": "Maison", "surface_reelle_bati": 90.0, "nombre_pieces_principales": 4.0, "adresse_nom_voie": "RUE MOZART", "price_per_sqm": 4022.222222222222, "date_iso": "2021-01-14", "parcelle": "77470000ZA0261", "addr_num": "57"}}, {"type": "Feature", "geometry": {"type": "Point", "coordinates": [2.754522, 48.744494]}, "properties": {"year": 2021, "valeur_fonciere": 485000.0, "type_local": "Maison", "surface_reelle_bati": 156.0, "nombre_pieces_principales": 5.0, "adresse_nom_voie": "RUE EUGENE SIMON", "price_per_sqm": 3108.974358974359, "date_iso": "2021-01-06", "parcelle": "77470000ZA0562", "addr_num": "15"}}, {"type": "Feature", "geometry": {"type": "Point", "coordinates": [2.759709, 48.742535]}, "properties": {"year": 2021, "valeur_fonciere": 123700.0, "type_local": "Appartement", "surface_reelle_bati": 18.0, "nombre_pieces_principales": 1.0, "adresse_nom_voie": "BD ISAAC PEREIRE", "price_per_sqm": 6872.222222222223, "date_iso": "2021-01-20", "parcelle": "77470000AC0002", "addr_num": "2"}}, {"type": "Feature", "geometry": {"type": "Point", "coordinates": [2.771908, 48.738616]}, "properties": {"year": 2021, "valeur_fonciere": 191318.0, "type_local": "Dépendance", "surface_reelle_bati": null, "nombre_pieces_principales": 0.0, "adresse_nom_voie": "RUE DE LA MADELEINE", "price_per_sqm": null, "date_iso": "2021-01-14", "parcelle": "77470000AH0316", "addr_num": "51"}}, {"type": "Feature", "geometry": {"type": "Point", "coordinates": [2.771908, 48.738616]}, "properties": {"year": 2021, "valeur_fonciere": 191318.0, "type_local": "Appartement", "surface_reelle_bati": 51.0, "nombre_pieces_principales": 3.0, "adresse_nom_voie": "RUE DE LA MADELEINE", "price_per_sqm": 3751.3333333333335, "date_iso": "2021-01-14", "parcelle": "77470000AH0316", "addr_num": "51"}}, {"type": "Feature", "geometry": {"type": "Point", "coordinates": [2.771908, 48.738616]}, "properties": {"year": 2021, "valeur_fonciere": 191318.0, "type_local": "Dépendance", "surface_reelle_bati": null, "nombre_pieces_principales": 0.0, "adresse_nom_voie": "RUE DE LA MADELEINE", "price_per_sqm": null, "date_iso": "2021-01-14", "parcelle": "77470000AH0316", "addr_num": "51"}}, {"type": "Feature", "geometry": {"type": "Point", "coordinates": [2.759709, 48.742535]}, "properties": {"year": 2021, "valeur_fonciere": 123700.0, "type_local": "Appartement", "surface_reelle_bati": 18.0, "nombre_pieces_principales": 1.0, "adresse_nom_voie": "BD ISAAC PEREIRE", "price_per_sqm": 6872.222222222223, "date_iso": "2021-01-22", "parcelle": "77470000AC0002", "addr_num": "2"}}, {"type": "Feature", "geometry": {"type": "Point", "coordinates": [2.769866, 48.738194]}, "properties": {"year": 2021, "valeur_fonciere": 172000.0, "type_local": "Dépendance", "surface_reelle_bati": null, "nombre_pieces_principales": 0.0, "adresse_nom_voie": "RUE DE LA MADELEINE", "price_per_sqm": null, "date_iso": "2021-01-12", "parcelle": "77470000AH0215", "addr_num": "2"}}, {"type": "Feature", "geometry": {"type": "Point", "coordinates": [2.769866, 48.738194]}, "properties": {"year": 2021, "valeur_fonciere": 172000.0, "type_local": "Dépendance", "surface_reelle_bati": null, "nombre_pieces_principales": 0.0, "adresse_nom_voie": "RUE DE LA MADELEINE", "price_per_sqm": null, "date_iso": "2021-01-12", "parcelle": "77470000AH0215", "addr_num": "2"}}, {"type": "Feature", "geometry": {"type": "Point", "coordinates": [2.769866, 48.738194]}, "properties": {"year": 2021, "valeur_fonciere": 172000.0, "type_local": "Appartement", "surface_reelle_bati": 40.0, "nombre_pieces_principales": 2.0, "adresse_nom_voie": "RUE DE LA MADELEINE", "price_per_sqm": 4300.0, "date_iso": "2021-01-12", "parcelle": "77470000AH0215", "addr_num": "2"}}, {"type": "Feature", "geometry": {"type": "Point", "coordinates": [2.753553, 48.743985]}, "properties": {"year": 2021, "valeur_fonciere": 3000.0, "type_local": "Dépendance", "surface_reelle_bati": null, "nombre_pieces_principales": 0.0, "adresse_nom_voie": "RUE JULES LEFEVRE", "price_per_sqm": null, "date_iso": "2021-01-26", "parcelle": "77470000AB0292", "addr_num": "12"}}, {"type": "Feature", "geometry": {"type": "Point", "coordinates": [2.787254, 48.733928]}, "properties": {"year": 2021, "valeur_fonciere": 5600000.0, "type_local": "Maison", "surface_reelle_bati": 125.0, "nombre_pieces_principales": 5.0, "adresse_nom_voie": "RUE DE L INDUSTRIE", "price_per_sqm": 44800.0, "date_iso": "2021-01-13", "parcelle": "77470000ZE0277", "addr_num": "28"}}, {"type": "Feature", "geometry": {"type": "Point", "coordinates": [2.787254, 48.733928]}, "properties": {"year": 2021, "valeur_fonciere": 5600000.0, "type_local": "Local industriel. commercial ou assimilé", "surface_reelle_bati": 12299.0, "nombre_pieces_principales": 0.0, "adresse_nom_voie": "RUE DE L INDUSTRIE", "price_per_sqm": 455.32157085941947, "date_iso": "2021-01-13", "parcelle": "77470000ZE0277", "addr_num": "28"}}, {"type": "Feature", "geometry": {"type": "Point", "coordinates": [2.787254, 48.733928]}, "properties": {"year": 2021, "valeur_fonciere": 5600000.0, "type_local": "Maison", "surface_reelle_bati": 125.0, "nombre_pieces_principales": 5.0, "adresse_nom_voie": "RUE DE L INDUSTRIE", "price_per_sqm": 44800.0, "date_iso": "2021-01-13", "parcelle": "77470000ZE0277", "addr_num": "28"}}, {"type": "Feature", "geometry": {"type": "Point", "coordinates": [2.787254, 48.733928]}, "properties": {"year": 2021, "valeur_fonciere": 5600000.0, "type_local": "Local industriel. commercial ou assimilé", "surface_reelle_bati": 12299.0, "nombre_pieces_principales": 0.0, "adresse_nom_voie": "RUE DE L INDUSTRIE", "price_per_sqm": 455.32157085941947, "date_iso": "2021-01-13", "parcelle": "77470000ZE0277", "addr_num": "28"}}, {"type": "Feature", "geometry": {"type": "Point", "coordinates": [2.75739, 48.741133]}, "properties": {"year": 2021, "valeur_fonciere": 380000.0, "type_local": "Maison", "surface_reelle_bati": 95.0, "nombre_pieces_principales": 4.0, "adresse_nom_voie": "BD DUBURCQ", "price_per_sqm": 4000.0, "date_iso": "2021-01-15", "parcelle": "77470000AB0260", "addr_num": "12"}}, {"type": "Feature", "geometry": {"type": "Point", "coordinates": [2.75739, 48.741133]}, "properties": {"year": 2021, "valeur_fonciere": 380000.0, "type_local": "Maison", "surface_reelle_bati": 95.0, "nombre_pieces_principales": 4.0, "adresse_nom_voie": "BD DUBURCQ", "price_per_sqm": 4000.0, "date_iso": "2021-01-15", "parcelle": "77470000AB0260", "addr_num": "12"}}, {"type": "Feature", "geometry": {"type": "Point", "coordinates": [2.769619, 48.739228]}, "properties": {"year": 2021, "valeur_fonciere": 139000.0, "type_local": "Appartement", "surface_reelle_bati": 42.0, "nombre_pieces_principales": 2.0, "adresse_nom_voie": "RUE DU MAL FOCH", "price_per_sqm": 3309.5238095238096, "date_iso": "2021-01-22", "parcelle": "77470000AH0093", "addr_num": "20"}}, {"type": "Feature", "geometry": {"type": "Point", "coordinates": [2.769619, 48.739228]}, "properties": {"year": 2021, "valeur_fonciere": 139000.0, "type_local": "Dépendance", "surface_reelle_bati": null, "nombre_pieces_principales": 0.0, "adresse_nom_voie": "RUE DU MAL FOCH", "price_per_sqm": null, "date_iso": "2021-01-22", "parcelle": "77470000AH0093", "addr_num": "20"}}, {"type": "Feature", "geometry": {"type": "Point", "coordinates": [2.763586, 48.739752]}, "properties": {"year": 2021, "valeur_fonciere": 1033.0, "type_local": "Appartement", "surface_reelle_bati": 44.0, "nombre_pieces_principales": 3.0, "adresse_nom_voie": "RUE DES FOSSES", "price_per_sqm": 23.477272727272727, "date_iso": "2021-02-03", "parcelle": "77470000AI0140", "addr_num": "7"}}, {"type": "Feature", "geometry": {"type": "Point", "coordinates": [2.769866, 48.738194]}, "properties": {"year": 2021, "valeur_fonciere": 120000.0, "type_local": "Appartement", "surface_reelle_bati": 25.0, "nombre_pieces_principales": 1.0, "adresse_nom_voie": "RUE DE LA MADELEINE", "price_per_sqm": 4800.0, "date_iso": "2021-02-10", "parcelle": "77470000AH0215", "addr_num": "2"}}, {"type": "Feature", "geometry": {"type": "Point", "coordinates": [2.769866, 48.738194]}, "properties": {"year": 2021, "valeur_fonciere": 120000.0, "type_local": "Dépendance", "surface_reelle_bati": null, "nombre_pieces_principales": 0.0, "adresse_nom_voie": "RUE DE LA MADELEINE", "price_per_sqm": null, "date_iso": "2021-02-10", "parcelle": "77470000AH0215", "addr_num": "2"}}, {"type": "Feature", "geometry": {"type": "Point", "coordinates": [2.75542, 48.744196]}, "properties": {"year": 2021, "valeur_fonciere": 320000.0, "type_local": "Maison", "surface_reelle_bati": 102.0, "nombre_pieces_principales": 6.0, "adresse_nom_voie": "RUE EUGENE SIMON", "price_per_sqm": 3137.2549019607845, "date_iso": "2021-01-27", "parcelle": "77470000ZA0556", "addr_num": "7"}}, {"type": "Feature", "geometry": {"type": "Point", "coordinates": [2.75542, 48.744196]}, "properties": {"year": 2021, "valeur_fonciere": 320000.0, "type_local": "Maison", "surface_reelle_bati": 102.0, "nombre_pieces_principales": 6.0, "adresse_nom_voie": "RUE EUGENE SIMON", "price_per_sqm": 3137.2549019607845, "date_iso": "2021-01-27", "parcelle": "77470000ZA0556", "addr_num": "7"}}, {"type": "Feature", "geometry": {"type": "Point", "coordinates": [2.758582, 48.74496]}, "properties": {"year": 2021, "valeur_fonciere": 404000.0, "type_local": "Maison", "surface_reelle_bati": 143.0, "nombre_pieces_principales": 6.0, "adresse_nom_voie": "HAM D ORIGNY", "price_per_sqm": 2825.1748251748254, "date_iso": "2021-02-12", "parcelle": "77470000ZA0088", "addr_num": "2"}}, {"type": "Feature", "geometry": {"type": "Point", "coordinates": [2.756074, 48.739905]}, "properties": {"year": 2021, "valeur_fonciere": 302000.0, "type_local": "Maison", "surface_reelle_bati": 84.0, "nombre_pieces_principales": 4.0, "adresse_nom_voie": "RUE DE LA SCIERIE", "price_per_sqm": 3595.2380952380954, "date_iso": "2021-02-05", "parcelle": "77470000AK0317", "addr_num": "20"}}, {"type": "Feature", "geometry": {"type": "Point", "coordinates": [2.767828, 48.743766]}, "properties": {"year": 2021, "valeur_fonciere": 343000.0, "type_local": "Maison", "surface_reelle_bati": 92.0, "nombre_pieces_principales": 4.0, "adresse_nom_voie": "ALL DE LA MARSANGE", "price_per_sqm": 3728.2608695652175, "date_iso": "2021-02-22", "parcelle": "77470000AD0330", "addr_num": "7"}}, {"type": "Feature", "geometry": {"type": "Point", "coordinates": [2.769866, 48.738194]}, "properties": {"year": 2021, "valeur_fonciere": 168000.0, "type_local": "Appartement", "surface_reelle_bati": 41.0, "nombre_pieces_principales": 2.0, "adresse_nom_voie": "RUE DE LA MADELEINE", "price_per_sqm": 4097.5609756097565, "date_iso": "2021-02-22", "parcelle": "77470000AH0215", "addr_num": "2"}}, {"type": "Feature", "geometry": {"type": "Point", "coordinates": [2.769866, 48.738194]}, "properties": {"year": 2021, "valeur_fonciere": 168000.0, "type_local": "Dépendance", "surface_reelle_bati": null, "nombre_pieces_principales": 0.0, "adresse_nom_voie": "RUE DE LA MADELEINE", "price_per_sqm": null, "date_iso": "2021-02-22", "parcelle": "77470000AH0215", "addr_num": "2"}}, {"type": "Feature", "geometry": {"type": "Point", "coordinates": [2.769866, 48.738194]}, "properties": {"year": 2021, "valeur_fonciere": 168000.0, "type_local": "Dépendance", "surface_reelle_bati": null, "nombre_pieces_principales": 0.0, "adresse_nom_voie": "RUE DE LA MADELEINE", "price_per_sqm": null, "date_iso": "2021-02-22", "parcelle": "77470000AH0215", "addr_num": "2"}}, {"type": "Feature", "geometry": {"type": "Point", "coordinates": [2.753098, 48.742857]}, "properties": {"year": 2021, "valeur_fonciere": 410000.0, "type_local": "Maison", "surface_reelle_bati": 154.0, "nombre_pieces_principales": 4.0, "adresse_nom_voie": "RUE JULES LEFEVRE", "price_per_sqm": 2662.3376623376626, "date_iso": "2021-02-19", "parcelle": "77470000AB0295", "addr_num": "29"}}, {"type": "Feature", "geometry": {"type": "Point", "coordinates": [2.770188, 48.739951]}, "properties": {"year": 2021, "valeur_fonciere": 174999.0, "type_local": null, "surface_reelle_bati": null, "nombre_pieces_principales": null, "adresse_nom_voie": "RUE DU MAL FOCH", "price_per_sqm": null, "date_iso": "2021-02-22", "parcelle": "77470000AH0047", "addr_num": ""}}, {"type": "Feature", "geometry": {"type": "Point", "coordinates": [2.77006, 48.740012]}, "properties": {"year": 2021, "valeur_fonciere": 174999.0, "type_local": null, "surface_reelle_bati": null, "nombre_pieces_principales": null, "adresse_nom_voie": "RUE DU MAL FOCH", "price_per_sqm": null, "date_iso": "2021-02-22", "parcelle": "77470000AH0420", "addr_num": ""}}, {"type": "Feature", "geometry": {"type": "Point", "coordinates": [2.770233, 48.739878]}, "properties": {"year": 2021, "valeur_fonciere": 174999.0, "type_local": "Maison", "surface_reelle_bati": 47.0, "nombre_pieces_principales": 3.0, "adresse_nom_voie": "RUE DU MAL FOCH", "price_per_sqm": 3723.3829787234044, "date_iso": "2021-02-22", "parcelle": "77470000AH0493", "addr_num": "33"}}, {"type": "Feature", "geometry": {"type": "Point", "coordinates": [2.770276, 48.739888]}, "properties": {"year": 2021, "valeur_fonciere": 174999.0, "type_local": "Dépendance", "surface_reelle_bati": null, "nombre_pieces_principales": 0.0, "adresse_nom_voie": "RUE DU MAL FOCH", "price_per_sqm": null, "date_iso": "2021-02-22", "parcelle": "77470000AH0494", "addr_num": "33"}}, {"type": "Feature", "geometry": {"type": "Point", "coordinates": [2.771042, 48.7431]}, "properties": {"year": 2021, "valeur_fonciere": 242000.0, "type_local": null, "surface_reelle_bati": null, "nombre_pieces_principales": null, "adresse_nom_voie": "LE MARTRAY", "price_per_sqm": null, "date_iso": "2021-02-05", "parcelle": "77470000AE0157", "addr_num": ""}}, {"type": "Feature", "geometry": {"type": "Point", "coordinates": [2.771185, 48.742895]}, "properties": {"year": 2021, "valeur_fonciere": 242000.0, "type_local": null, "surface_reelle_bati": null, "nombre_pieces_principales": null, "adresse_nom_voie": "LE MARTRAY", "price_per_sqm": null, "date_iso": "2021-02-05", "parcelle": "77470000AE0162", "addr_num": ""}}, {"type": "Feature", "geometry": {"type": "Point", "coordinates": [2.775766, 48.742169]}, "properties": {"year": 2021, "valeur_fonciere": 242000.0, "type_local": "Maison", "surface_reelle_bati": 98.0, "nombre_pieces_principales": 5.0, "adresse_nom_voie": "RUE DE GARLANDE", "price_per_sqm": 2469.387755102041, "date_iso": "2021-02-05", "parcelle": "77470000AE0245", "addr_num": "49"}}, {"type": "Feature", "geometry": {"type": "Point", "coordinates": [2.775871, 48.742113]}, "properties": {"year": 2021, "valeur_fonciere": 242000.0, "type_local": null, "surface_reelle_bati": null, "nombre_pieces_principales": null, "adresse_nom_voie": "RUE DE GARLANDE", "price_per_sqm": null, "date_iso": "2021-02-05", "parcelle": "77470000AE0246", "addr_num": ""}}, {"type": "Feature", "geometry": {"type": "Point", "coordinates": [2.775165, 48.741451]}, "properties": {"year": 2021, "valeur_fonciere": 242000.0, "type_local": null, "surface_reelle_bati": null, "nombre_pieces_principales": null, "adresse_nom_voie": "RUE DE VILLE", "price_per_sqm": null, "date_iso": "2021-02-05", "parcelle": "77470000AE0299", "addr_num": ""}}, {"type": "Feature", "geometry": {"type": "Point", "coordinates": [2.773374, 48.74166]}, "properties": {"year": 2021, "valeur_fonciere": 242000.0, "type_local": null, "surface_reelle_bati": null, "nombre_pieces_principales": null, "adresse_nom_voie": "LE VAL DES BOISSIERES", "price_per_sqm": null, "date_iso": "2021-02-05", "parcelle": "77470000AE0330", "addr_num": ""}}, {"type": "Feature", "geometry": {"type": "Point", "coordinates": [2.773095, 48.741943]}, "properties": {"year": 2021, "valeur_fonciere": 242000.0, "type_local": null, "surface_reelle_bati": null, "nombre_pieces_principales": null, "adresse_nom_voie": "LE VAL DES BOISSIERES", "price_per_sqm": null, "date_iso": "2021-02-05", "parcelle": "77470000AE0337", "addr_num": ""}}, {"type": "Feature", "geometry": {"type": "Point", "coordinates": [2.772712, 48.742435]}, "properties": {"year": 2021, "valeur_fonciere": 242000.0, "type_local": "Local industriel. commercial ou assimilé", "surface_reelle_bati": null, "nombre_pieces_principales": 0.0, "adresse_nom_voie": "LE VAL DES BOISSIERES", "price_per_sqm": null, "date_iso": "2021-02-05", "parcelle": "77470000AE0346", "addr_num": "9001"}}, {"type": "Feature", "geometry": {"type": "Point", "coordinates": [2.771764, 48.741891]}, "properties": {"year": 2021, "valeur_fonciere": 242000.0, "type_local": null, "surface_reelle_bati": null, "nombre_pieces_principales": null, "adresse_nom_voie": "LE MARTRAY", "price_per_sqm": null, "date_iso": "2021-02-05", "parcelle": "77470000AE0358", "addr_num": ""}}, {"type": "Feature", "geometry": {"type": "Point", "coordinates": [2.770768, 48.742477]}, "properties": {"year": 2021, "valeur_fonciere": 242000.0, "type_local": null, "surface_reelle_bati": null, "nombre_pieces_principales": null, "adresse_nom_voie": "LE MARTRAY", "price_per_sqm": null, "date_iso": "2021-02-05", "parcelle": "77470000AE0370", "addr_num": ""}}, {"type": "Feature", "geometry": {"type": "Point", "coordinates": [2.770574, 48.742444]}, "properties": {"year": 2021, "valeur_fonciere": 242000.0, "type_local": null, "surface_reelle_bati": null, "nombre_pieces_principales": null, "adresse_nom_voie": "LE MARTRAY", "price_per_sqm": null, "date_iso": "2021-02-05", "parcelle": "77470000AE0371", "addr_num": ""}}, {"type": "Feature", "geometry": {"type": "Point", "coordinates": [2.770045, 48.742356]}, "properties": {"year": 2021, "valeur_fonciere": 242000.0, "type_local": null, "surface_reelle_bati": null, "nombre_pieces_principales": null, "adresse_nom_voie": "LE MARTRAY", "price_per_sqm": null, "date_iso": "2021-02-05", "parcelle": "77470000AE0374", "addr_num": ""}}, {"type": "Feature", "geometry": {"type": "Point", "coordinates": [2.773312, 48.742378]}, "properties": {"year": 2021, "valeur_fonciere": 242000.0, "type_local": null, "surface_reelle_bati": null, "nombre_pieces_principales": null, "adresse_nom_voie": "LE MARTRAY", "price_per_sqm": null, "date_iso": "2021-02-05", "parcelle": "77470000AE0375", "addr_num": ""}}, {"type": "Feature", "geometry": {"type": "Point", "coordinates": [2.770769, 48.738087]}, "properties": {"year": 2021, "valeur_fonciere": 195000.0, "type_local": "Maison", "surface_reelle_bati": 49.0, "nombre_pieces_principales": 0.0, "adresse_nom_voie": "RUE DE LA MADELEINE", "price_per_sqm": 3979.591836734694, "date_iso": "2021-02-12", "parcelle": "77470000AH0372", "addr_num": "4"}}, {"type": "Feature", "geometry": {"type": "Point", "coordinates": [2.763839, 48.74438]}, "properties": {"year": 2021, "valeur_fonciere": 248700.0, "type_local": "Maison", "surface_reelle_bati": 98.0, "nombre_pieces_principales": 6.0, "adresse_nom_voie": "RUE DES CARREAUX", "price_per_sqm": 2537.7551020408164, "date_iso": "2021-02-09", "parcelle": "77470000AD0396", "addr_num": "40"}}, {"type": "Feature", "geometry": {"type": "Point", "coordinates": [2.764014, 48.739478]}, "properties": {"year": 2021, "valeur_fonciere": 92500.0, "type_local": "Appartement", "surface_reelle_bati": 58.0, "nombre_pieces_principales": 3.0, "adresse_nom_voie": "RUE DE PARIS", "price_per_sqm": 1594.8275862068965, "date_iso": "2021-02-16", "parcelle": "77470000AI0125", "addr_num": "31"}}, {"type": "Feature", "geometry": {"type": "Point", "coordinates": [2.764014, 48.739478]}, "properties": {"year": 2021, "valeur_fonciere": 92500.0, "type_local": "Dépendance", "surface_reelle_bati": null, "nombre_pieces_principales": 0.0, "adresse_nom_voie": "RUE DE PARIS", "price_per_sqm": null, "date_iso": "2021-02-16", "parcelle": "77470000AI0125", "addr_num": "31"}}, {"type": "Feature", "geometry": {"type": "Point", "coordinates": [2.77105, 48.739619]}, "properties": {"year": 2021, "valeur_fonciere": 170000.0, "type_local": "Appartement", "surface_reelle_bati": 66.0, "nombre_pieces_principales": 3.0, "adresse_nom_voie": "RUE DE LA REPUBLIQUE", "price_per_sqm": 2575.757575757576, "date_iso": "2021-03-11", "parcelle": "77470000AH0370", "addr_num": "28"}}, {"type": "Feature", "geometry": {"type": "Point", "coordinates": [2.756302, 48.739826]}, "properties": {"year": 2021, "valeur_fonciere": 315000.0, "type_local": "Maison", "surface_reelle_bati": 99.0, "nombre_pieces_principales": 4.0, "adresse_nom_voie": "RUE DE LA SCIERIE", "price_per_sqm": 3181.818181818182, "date_iso": "2021-02-26", "parcelle": "77470000AK0315", "addr_num": "16"}}, {"type": "Feature", "geometry": {"type": "Point", "coordinates": [2.76966, 48.739323]}, "properties": {"year": 2021, "valeur_fonciere": 83000.0, "type_local": "Appartement", "surface_reelle_bati": 18.0, "nombre_pieces_principales": 1.0, "adresse_nom_voie": "RUE DU MAL FOCH", "price_per_sqm": 4611.111111111111, "date_iso": "2021-02-26", "parcelle": "77470000AH0094", "addr_num": "22"}}, {"type": "Feature", "geometry": {"type": "Point", "coordinates": [2.760036, 48.743698]}, "properties": {"year": 2021, "valeur_fonciere": 176615.7, "type_local": "Appartement", "surface_reelle_bati": 94.0, "nombre_pieces_principales": 5.0, "adresse_nom_voie": "RES TOURNAN ORIGNY", "price_per_sqm": 1878.890425531915, "date_iso": "2021-03-16", "parcelle": "77470000ZA0005", "addr_num": "9001"}}, {"type": "Feature", "geometry": {"type": "Point", "coordinates": [2.760036, 48.743698]}, "properties": {"year": 2021, "valeur_fonciere": 176615.7, "type_local": "Dépendance", "surface_reelle_bati": null, "nombre_pieces_principales": 0.0, "adresse_nom_voie": "RES TOURNAN ORIGNY", "price_per_sqm": null, "date_iso": "2021-03-16", "parcelle": "77470000ZA0005", "addr_num": "9001"}}, {"type": "Feature", "geometry": {"type": "Point", "coordinates": [2.760036, 48.743698]}, "properties": {"year": 2021, "valeur_fonciere": 176615.7, "type_local": "Dépendance", "surface_reelle_bati": null, "nombre_pieces_principales": 0.0, "adresse_nom_voie": "RES TOURNAN ORIGNY", "price_per_sqm": null, "date_iso": "2021-03-16", "parcelle": "77470000ZA0005", "addr_num": "9001"}}, {"type": "Feature", "geometry": {"type": "Point", "coordinates": [2.753553, 48.743985]}, "properties": {"year": 2021, "valeur_fonciere": 2000.0, "type_local": "Dépendance", "surface_reelle_bati": null, "nombre_pieces_principales": 0.0, "adresse_nom_voie": "RUE JULES LEFEVRE", "price_per_sqm": null, "date_iso": "2021-03-17", "parcelle": "77470000AB0292", "addr_num": "12"}}, {"type": "Feature", "geometry": {"type": "Point", "coordinates": [2.761741, 48.739389]}, "properties": {"year": 2021, "valeur_fonciere": 235000.0, "type_local": "Appartement", "surface_reelle_bati": 68.0, "nombre_pieces_principales": 2.0, "adresse_nom_voie": "RUE PAUL HASTIER", "price_per_sqm": 3455.8823529411766, "date_iso": "2021-03-05", "parcelle": "77470000AI0174", "addr_num": "1"}}, {"type": "Feature", "geometry": {"type": "Point", "coordinates": [2.765766, 48.740775]}, "properties": {"year": 2021, "valeur_fonciere": 150000.0, "type_local": "Local industriel. commercial ou assimilé", "surface_reelle_bati": 110.0, "nombre_pieces_principales": 0.0, "adresse_nom_voie": "RUE MARCEL MICHEAU", "price_per_sqm": 1363.6363636363637, "date_iso": "2021-03-16", "parcelle": "77470000AI0335", "addr_num": "8"}}, {"type": "Feature", "geometry": {"type": "Point", "coordinates": [2.760036, 48.743698]}, "properties": {"year": 2021, "valeur_fonciere": 144000.0, "type_local": "Dépendance", "surface_reelle_bati": null, "nombre_pieces_principales": 0.0, "adresse_nom_voie": "RES TOURNAN ORIGNY", "price_per_sqm": null, "date_iso": "2021-03-24", "parcelle": "77470000ZA0005", "addr_num": "9001"}}, {"type": "Feature", "geometry": {"type": "Point", "coordinates": [2.760036, 48.743698]}, "properties": {"year": 2021, "valeur_fonciere": 144000.0, "type_local": "Dépendance", "surface_reelle_bati": null, "nombre_pieces_principales": 0.0, "adresse_nom_voie": "RES TOURNAN ORIGNY", "price_per_sqm": null, "date_iso": "2021-03-24", "parcelle": "77470000ZA0005", "addr_num": "9001"}}, {"type": "Feature", "geometry": {"type": "Point", "coordinates": [2.760036, 48.743698]}, "properties": {"year": 2021, "valeur_fonciere": 144000.0, "type_local": "Appartement", "surface_reelle_bati": 41.0, "nombre_pieces_principales": 2.0, "adresse_nom_voie": "RES TOURNAN ORIGNY", "price_per_sqm": 3512.1951219512193, "date_iso": "2021-03-24", "parcelle": "77470000ZA0005", "addr_num": "9001"}}, {"type": "Feature", "geometry": {"type": "Point", "coordinates": [2.774224, 48.738282]}, "properties": {"year": 2021, "valeur_fonciere": 115000.0, "type_local": "Dépendance", "surface_reelle_bati": null, "nombre_pieces_principales": 0.0, "adresse_nom_voie": "RUE DE LA LIBERATION", "price_per_sqm": null, "date_iso": "2021-03-30", "parcelle": "77470000ZE0043", "addr_num": "9"}}, {"type": "Feature", "geometry": {"type": "Point", "coordinates": [2.774224, 48.738282]}, "properties": {"year": 2021, "valeur_fonciere": 115000.0, "type_local": "Appartement", "surface_reelle_bati": 38.0, "nombre_pieces_principales": 2.0, "adresse_nom_voie": "RUE DE LA LIBERATION", "price_per_sqm": 3026.315789473684, "date_iso": "2021-03-30", "parcelle": "77470000ZE0043", "addr_num": "9"}}, {"type": "Feature", "geometry": {"type": "Point", "coordinates": [2.770381, 48.738534]}, "properties": {"year": 2021, "valeur_fonciere": 165000.0, "type_local": "Appartement", "surface_reelle_bati": 20.0, "nombre_pieces_principales": 1.0, "adresse_nom_voie": "RUE DE LA MADELEINE", "price_per_sqm": 8250.0, "date_iso": "2021-03-30", "parcelle": "77470000AH0295", "addr_num": "23"}}, {"type": "Feature", "geometry": {"type": "Point", "coordinates": [2.759709, 48.742535]}, "properties": {"year": 2021, "valeur_fonciere": 247400.0, "type_local": "Appartement", "surface_reelle_bati": 18.0, "nombre_pieces_principales": 1.0, "adresse_nom_voie": "BD ISAAC PEREIRE", "price_per_sqm": 13744.444444444445, "date_iso": "2021-03-24", "parcelle": "77470000AC0002", "addr_num": "2"}}, {"type": "Feature", "geometry": {"type": "Point", "coordinates": [2.759709, 48.742535]}, "properties": {"year": 2021, "valeur_fonciere": 247400.0, "type_local": "Appartement", "surface_reelle_bati": 18.0, "nombre_pieces_principales": 1.0, "adresse_nom_voie": "BD ISAAC PEREIRE", "price_per_sqm": 13744.444444444445, "date_iso": "2021-03-24", "parcelle": "77470000AC0002", "addr_num": "2"}}, {"type": "Feature", "geometry": {"type": "Point", "coordinates": [2.769518, 48.743155]}, "properties": {"year": 2021, "valeur_fonciere": 200000.0, "type_local": null, "surface_reelle_bati": null, "nombre_pieces_principales": null, "adresse_nom_voie": "CHE DE VILLEMIGEON", "price_per_sqm": null, "date_iso": "2021-04-20", "parcelle": "77470000AD0393", "addr_num": "3"}}, {"type": "Feature", "geometry": {"type": "Point", "coordinates": [2.769159, 48.743021]}, "properties": {"year": 2021, "valeur_fonciere": 200000.0, "type_local": null, "surface_reelle_bati": null, "nombre_pieces_principales": null, "adresse_nom_voie": "CHE DE VILLEMIGEON", "price_per_sqm": null, "date_iso": "2021-04-20", "parcelle": "77470000AD0395", "addr_num": "3"}}, {"type": "Feature", "geometry": {"type": "Point", "coordinates": [2.770216, 48.740695]}, "properties": {"year": 2021, "valeur_fonciere": 410000.0, "type_local": "Maison", "surface_reelle_bati": 138.0, "nombre_pieces_principales": 4.0, "adresse_nom_voie": "RUE TRAVERSIERE", "price_per_sqm": 2971.014492753623, "date_iso": "2021-04-09", "parcelle": "77470000AH0374", "addr_num": "1"}}, {"type": "Feature", "geometry": {"type": "Point", "coordinates": [2.763434, 48.741374]}, "properties": {"year": 2021, "valeur_fonciere": 438550.0, "type_local": "Maison", "surface_reelle_bati": 36.0, "nombre_pieces_principales": 1.0, "adresse_nom_voie": "PL EDMOND DE ROTHSCHILD", "price_per_sqm": 12181.944444444445, "date_iso": "2021-04-16", "parcelle": "77470000AI0023", "addr_num": "18"}}, {"type": "Feature", "geometry": {"type": "Point", "coordinates": [2.763476, 48.741398]}, "properties": {"year": 2021, "valeur_fonciere": 438550.0, "type_local": null, "surface_reelle_bati": null, "nombre_pieces_principales": null, "adresse_nom_voie": "PL EDMOND DE ROTHSCHILD", "price_per_sqm": null, "date_iso": "2021-04-16", "parcelle": "77470000AI0399", "addr_num": "16"}}, {"type": "Feature", "geometry": {"type": "Point", "coordinates": [2.763405, 48.741311]}, "properties": {"year": 2021, "valeur_fonciere": 438550.0, "type_local": null, "surface_reelle_bati": null, "nombre_pieces_principales": null, "adresse_nom_voie": "PL EDMOND DE ROTHSCHILD", "price_per_sqm": null, "date_iso": "2021-04-16", "parcelle": "77470000AI0413", "addr_num": "20"}}, {"type": "Feature", "geometry": {"type": "Point", "coordinates": [2.76331, 48.741362]}, "properties": {"year": 2021, "valeur_fonciere": 438550.0, "type_local": null, "surface_reelle_bati": null, "nombre_pieces_principales": null, "adresse_nom_voie": "PL EDMOND DE ROTHSCHILD", "price_per_sqm": null, "date_iso": "2021-04-16", "parcelle": "77470000AI0417", "addr_num": "20"}}, {"type": "Feature", "geometry": {"type": "Point", "coordinates": [2.753553, 48.743985]}, "properties": {"year": 2021, "valeur_fonciere": 322000.0, "type_local": "Appartement", "surface_reelle_bati": 108.0, "nombre_pieces_principales": 4.0, "adresse_nom_voie": "RUE JULES LEFEVRE", "price_per_sqm": 2981.4814814814813, "date_iso": "2021-04-30", "parcelle": "77470000AB0292", "addr_num": "12"}}, {"type": "Feature", "geometry": {"type": "Point", "coordinates": [2.753553, 48.743985]}, "properties": {"year": 2021, "valeur_fonciere": 322000.0, "type_local": "Dépendance", "surface_reelle_bati": null, "nombre_pieces_principales": 0.0, "adresse_nom_voie": "RUE JULES LEFEVRE", "price_per_sqm": null, "date_iso": "2021-04-30", "parcelle": "77470000AB0292", "addr_num": "12"}}, {"type": "Feature", "geometry": {"type": "Point", "coordinates": [2.763283, 48.741203]}, "properties": {"year": 2021, "valeur_fonciere": 522950.0, "type_local": "Maison", "surface_reelle_bati": 144.0, "nombre_pieces_principales": 6.0, "adresse_nom_voie": "PL EDMOND DE ROTHSCHILD", "price_per_sqm": 3631.597222222222, "date_iso": "2021-04-23", "parcelle": "77470000AI0024", "addr_num": "20"}}, {"type": "Feature", "geometry": {"type": "Point", "coordinates": [2.763258, 48.741255]}, "properties": {"year": 2021, "valeur_fonciere": 522950.0, "type_local": null, "surface_reelle_bati": null, "nombre_pieces_principales": null, "adresse_nom_voie": "PL EDMOND DE ROTHSCHILD", "price_per_sqm": null, "date_iso": "2021-04-23", "parcelle": "77470000AI0416", "addr_num": "20"}}, {"type": "Feature", "geometry": {"type": "Point", "coordinates": [2.777438, 48.742915]}, "properties": {"year": 2021, "valeur_fonciere": 394473.0, "type_local": "Maison", "surface_reelle_bati": 137.0, "nombre_pieces_principales": 7.0, "adresse_nom_voie": "ALL DES BLEUETS", "price_per_sqm": 2879.3649635036495, "date_iso": "2021-05-05", "parcelle": "77470000AE0620", "addr_num": "6"}}, {"type": "Feature", "geometry": {"type": "Point", "coordinates": [2.772172, 48.743707]}, "properties": {"year": 2021, "valeur_fonciere": 370000.0, "type_local": "Maison", "surface_reelle_bati": 94.0, "nombre_pieces_principales": 4.0, "adresse_nom_voie": "RUE DES PRES BATAILLE", "price_per_sqm": 3936.1702127659573, "date_iso": "2021-06-01", "parcelle": "77470000ZA0290", "addr_num": "13"}}, {"type": "Feature", "geometry": {"type": "Point", "coordinates": [2.769675, 48.742959]}, "properties": {"year": 2021, "valeur_fonciere": 240000.0, "type_local": null, "surface_reelle_bati": null, "nombre_pieces_principales": null, "adresse_nom_voie": "CHE DE VILLEMIGEON", "price_per_sqm": null, "date_iso": "2021-05-21", "parcelle": "77470000AD0392", "addr_num": "3"}}, {"type": "Feature", "geometry": {"type": "Point", "coordinates": [2.769675, 48.742959]}, "properties": {"year": 2021, "valeur_fonciere": 240000.0, "type_local": null, "surface_reelle_bati": null, "nombre_pieces_principales": null, "adresse_nom_voie": "CHE DE VILLEMIGEON", "price_per_sqm": null, "date_iso": "2021-05-21", "parcelle": "77470000AD0392", "addr_num": "3"}}, {"type": "Feature", "geometry": {"type": "Point", "coordinates": [2.769512, 48.742886]}, "properties": {"year": 2021, "valeur_fonciere": 240000.0, "type_local": null, "surface_reelle_bati": null, "nombre_pieces_principales": null, "adresse_nom_voie": "CHE DE VILLEMIGEON", "price_per_sqm": null, "date_iso": "2021-05-21", "parcelle": "77470000AD0394", "addr_num": "3"}}, {"type": "Feature", "geometry": {"type": "Point", "coordinates": [2.752674, 48.744725]}, "properties": {"year": 2021, "valeur_fonciere": 247000.0, "type_local": "Appartement", "surface_reelle_bati": 67.0, "nombre_pieces_principales": 3.0, "adresse_nom_voie": "RUE JEAN BAPTISTE LULLY", "price_per_sqm": 3686.5671641791046, "date_iso": "2021-06-14", "parcelle": "77470000ZA0619", "addr_num": "1"}}, {"type": "Feature", "geometry": {"type": "Point", "coordinates": [2.752674, 48.744725]}, "properties": {"year": 2021, "valeur_fonciere": 247000.0, "type_local": "Dépendance", "surface_reelle_bati": null, "nombre_pieces_principales": 0.0, "adresse_nom_voie": "RUE JEAN BAPTISTE LULLY", "price_per_sqm": null, "date_iso": "2021-06-14", "parcelle": "77470000ZA0619", "addr_num": "1"}}, {"type": "Feature", "geometry": {"type": "Point", "coordinates": [2.757263, 48.740774]}, "properties": {"year": 2021, "valeur_fonciere": 32000.0, "type_local": "Dépendance", "surface_reelle_bati": null, "nombre_pieces_principales": 0.0, "adresse_nom_voie": "BD DUBURCQ", "price_per_sqm": null, "date_iso": "2021-06-08", "parcelle": "77470000AB0044", "addr_num": "18"}}, {"type": "Feature", "geometry": {"type": "Point", "coordinates": [2.757263, 48.740774]}, "properties": {"year": 2021, "valeur_fonciere": 32000.0, "type_local": "Dépendance", "surface_reelle_bati": null, "nombre_pieces_principales": 0.0, "adresse_nom_voie": "BD DUBURCQ", "price_per_sqm": null, "date_iso": "2021-06-08", "parcelle": "77470000AB0044", "addr_num": "18"}}, {"type": "Feature", "geometry": {"type": "Point", "coordinates": [2.771908, 48.738616]}, "properties": {"year": 2021, "valeur_fonciere": 159000.0, "type_local": "Appartement", "surface_reelle_bati": 38.0, "nombre_pieces_principales": 1.0, "adresse_nom_voie": "RUE DE LA MADELEINE", "price_per_sqm": 4184.210526315789, "date_iso": "2021-06-08", "parcelle": "77470000AH0316", "addr_num": "51"}}, {"type": "Feature", "geometry": {"type": "Point", "coordinates": [2.771908, 48.738616]}, "properties": {"year": 2021, "valeur_fonciere": 159000.0, "type_local": "Dépendance", "surface_reelle_bati": null, "nombre_pieces_principales": 0.0, "adresse_nom_voie": "RUE DE LA MADELEINE", "price_per_sqm": null, "date_iso": "2021-06-08", "parcelle": "77470000AH0316", "addr_num": "51"}}, {"type": "Feature", "geometry": {"type": "Point", "coordinates": [2.779404, 48.741459]}, "properties": {"year": 2021, "valeur_fonciere": 305000.0, "type_local": "Maison", "surface_reelle_bati": 123.0, "nombre_pieces_principales": 5.0, "adresse_nom_voie": "RUE ALBERT LEBRUN", "price_per_sqm": 2479.6747967479673, "date_iso": "2021-06-09", "parcelle": "77470000AE0474", "addr_num": "61"}}, {"type": "Feature", "geometry": {"type": "Point", "coordinates": [2.775773, 48.743041]}, "properties": {"year": 2021, "valeur_fonciere": 410000.0, "type_local": "Maison", "surface_reelle_bati": 115.0, "nombre_pieces_principales": 5.0, "adresse_nom_voie": "ALL DES BLEUETS", "price_per_sqm": 3565.217391304348, "date_iso": "2021-06-29", "parcelle": "77470000AE0576", "addr_num": "25"}}, {"type": "Feature", "geometry": {"type": "Point", "coordinates": [2.753553, 48.743985]}, "properties": {"year": 2021, "valeur_fonciere": 252000.0, "type_local": "Dépendance", "surface_reelle_bati": null, "nombre_pieces_principales": 0.0, "adresse_nom_voie": "RUE JULES LEFEVRE", "price_per_sqm": null, "date_iso": "2021-06-11", "parcelle": "77470000AB0292", "addr_num": "12"}}, {"type": "Feature", "geometry": {"type": "Point", "coordinates": [2.753553, 48.743985]}, "properties": {"year": 2021, "valeur_fonciere": 252000.0, "type_local": "Appartement", "surface_reelle_bati": 69.0, "nombre_pieces_principales": 3.0, "adresse_nom_voie": "RUE JULES LEFEVRE", "price_per_sqm": 3652.1739130434785, "date_iso": "2021-06-11", "parcelle": "77470000AB0292", "addr_num": "12"}}, {"type": "Feature", "geometry": {"type": "Point", "coordinates": [2.753553, 48.743985]}, "properties": {"year": 2021, "valeur_fonciere": 252000.0, "type_local": "Dépendance", "surface_reelle_bati": null, "nombre_pieces_principales": 0.0, "adresse_nom_voie": "RUE JULES LEFEVRE", "price_per_sqm": null, "date_iso": "2021-06-11", "parcelle": "77470000AB0292", "addr_num": "12"}}, {"type": "Feature", "geometry": {"type": "Point", "coordinates": [2.766196, 48.744676]}, "properties": {"year": 2021, "valeur_fonciere": 7000.0, "type_local": null, "surface_reelle_bati": null, "nombre_pieces_principales": null, "adresse_nom_voie": "SEN DES CARREAUX", "price_per_sqm": null, "date_iso": "2021-06-24", "parcelle": "77470000AD0123", "addr_num": "12"}}, {"type": "Feature", "geometry": {"type": "Point", "coordinates": [2.772779, 48.743783]}, "properties": {"year": 2021, "valeur_fonciere": 354500.0, "type_local": "Maison", "surface_reelle_bati": 103.0, "nombre_pieces_principales": 4.0, "adresse_nom_voie": "RUE DES PRES BATAILLE", "price_per_sqm": 3441.747572815534, "date_iso": "2021-06-25", "parcelle": "77470000ZA0233", "addr_num": "15"}}, {"type": "Feature", "geometry": {"type": "Point", "coordinates": [2.762053, 48.743043]}, "properties": {"year": 2021, "valeur_fonciere": 165000.0, "type_local": "Dépendance", "surface_reelle_bati": null, "nombre_pieces_principales": 0.0, "adresse_nom_voie": "RUE DU PDT POINCARE", "price_per_sqm": null, "date_iso": "2021-06-28", "parcelle": "77470000AD0005", "addr_num": "33"}}, {"type": "Feature", "geometry": {"type": "Point", "coordinates": [2.762053, 48.743043]}, "properties": {"year": 2021, "valeur_fonciere": 165000.0, "type_local": "Appartement", "surface_reelle_bati": 47.0, "nombre_pieces_principales": 2.0, "adresse_nom_voie": "RUE DU PDT POINCARE", "price_per_sqm": 3510.6382978723404, "date_iso": "2021-06-28", "parcelle": "77470000AD0005", "addr_num": "33"}}, {"type": "Feature", "geometry": {"type": "Point", "coordinates": [2.762053, 48.743043]}, "properties": {"year": 2021, "valeur_fonciere": 165000.0, "type_local": "Dépendance", "surface_reelle_bati": null, "nombre_pieces_principales": 0.0, "adresse_nom_voie": "RUE DU PDT POINCARE", "price_per_sqm": null, "date_iso": "2021-06-28", "parcelle": "77470000AD0005", "addr_num": "33"}}, {"type": "Feature", "geometry": {"type": "Point", "coordinates": [2.76797, 48.739091]}, "properties": {"year": 2021, "valeur_fonciere": 130000.0, "type_local": "Dépendance", "surface_reelle_bati": null, "nombre_pieces_principales": 0.0, "adresse_nom_voie": "RUE DE PROVINS", "price_per_sqm": null, "date_iso": "2021-06-24", "parcelle": "77470000AH0016", "addr_num": "37"}}, {"type": "Feature", "geometry": {"type": "Point", "coordinates": [2.76797, 48.739091]}, "properties": {"year": 2021, "valeur_fonciere": 130000.0, "type_local": "Dépendance", "surface_reelle_bati": null, "nombre_pieces_principales": 0.0, "adresse_nom_voie": "RUE DE PROVINS", "price_per_sqm": null, "date_iso": "2021-06-24", "parcelle": "77470000AH0016", "addr_num": "37"}}, {"type": "Feature", "geometry": {"type": "Point", "coordinates": [2.76797, 48.739091]}, "properties": {"year": 2021, "valeur_fonciere": 130000.0, "type_local": "Appartement", "surface_reelle_bati": 52.0, "nombre_pieces_principales": 3.0, "adresse_nom_voie": "RUE DE PROVINS", "price_per_sqm": 2500.0, "date_iso": "2021-06-24", "parcelle": "77470000AH0016", "addr_num": "37"}}, {"type": "Feature", "geometry": {"type": "Point", "coordinates": [2.760087, 48.739836]}, "properties": {"year": 2021, "valeur_fonciere": 290000.0, "type_local": "Dépendance", "surface_reelle_bati": null, "nombre_pieces_principales": 0.0, "adresse_nom_voie": "RUE PAUL HASTIER", "price_per_sqm": null, "date_iso": "2021-06-30", "parcelle": "77470000AC0172", "addr_num": "11"}}, {"type": "Feature", "geometry": {"type": "Point", "coordinates": [2.760087, 48.739836]}, "properties": {"year": 2021, "valeur_fonciere": 290000.0, "type_local": "Appartement", "surface_reelle_bati": 82.0, "nombre_pieces_principales": 3.0, "adresse_nom_voie": "RUE PAUL HASTIER", "price_per_sqm": 3536.5853658536585, "date_iso": "2021-06-30", "parcelle": "77470000AC0172", "addr_num": "11"}}, {"type": "Feature", "geometry": {"type": "Point", "coordinates": [2.760087, 48.739836]}, "properties": {"year": 2021, "valeur_fonciere": 290000.0, "type_local": "Dépendance", "surface_reelle_bati": null, "nombre_pieces_principales": 0.0, "adresse_nom_voie": "RUE PAUL HASTIER", "price_per_sqm": null, "date_iso": "2021-06-30", "parcelle": "77470000AC0172", "addr_num": "11"}}, {"type": "Feature", "geometry": {"type": "Point", "coordinates": [2.771042, 48.7431]}, "properties": {"year": 2021, "valeur_fonciere": 297000.0, "type_local": null, "surface_reelle_bati": null, "nombre_pieces_principales": null, "adresse_nom_voie": "LE MARTRAY", "price_per_sqm": null, "date_iso": "2021-06-25", "parcelle": "77470000AE0157", "addr_num": ""}}, {"type": "Feature", "geometry": {"type": "Point", "coordinates": [2.771185, 48.742895]}, "properties": {"year": 2021, "valeur_fonciere": 297000.0, "type_local": null, "surface_reelle_bati": null, "nombre_pieces_principales": null, "adresse_nom_voie": "LE MARTRAY", "price_per_sqm": null, "date_iso": "2021-06-25", "parcelle": "77470000AE0162", "addr_num": ""}}, {"type": "Feature", "geometry": {"type": "Point", "coordinates": [2.776046, 48.74225]}, "properties": {"year": 2021, "valeur_fonciere": 297000.0, "type_local": "Maison", "surface_reelle_bati": 98.0, "nombre_pieces_principales": 5.0, "adresse_nom_voie": "RUE DE GARLANDE", "price_per_sqm": 3030.612244897959, "date_iso": "2021-06-25", "parcelle": "77470000AE0244", "addr_num": "51"}}, {"type": "Feature", "geometry": {"type": "Point", "coordinates": [2.775871, 48.742113]}, "properties": {"year": 2021, "valeur_fonciere": 297000.0, "type_local": null, "surface_reelle_bati": null, "nombre_pieces_principales": null, "adresse_nom_voie": "RUE DE GARLANDE", "price_per_sqm": null, "date_iso": "2021-06-25", "parcelle": "77470000AE0246", "addr_num": ""}}, {"type": "Feature", "geometry": {"type": "Point", "coordinates": [2.775165, 48.741451]}, "properties": {"year": 2021, "valeur_fonciere": 297000.0, "type_local": null, "surface_reelle_bati": null, "nombre_pieces_principales": null, "adresse_nom_voie": "RUE DE VILLE", "price_per_sqm": null, "date_iso": "2021-06-25", "parcelle": "77470000AE0299", "addr_num": ""}}, {"type": "Feature", "geometry": {"type": "Point", "coordinates": [2.773374, 48.74166]}, "properties": {"year": 2021, "valeur_fonciere": 297000.0, "type_local": null, "surface_reelle_bati": null, "nombre_pieces_principales": null, "adresse_nom_voie": "LE VAL DES BOISSIERES", "price_per_sqm": null, "date_iso": "2021-06-25", "parcelle": "77470000AE0330", "addr_num": ""}}, {"type": "Feature", "geometry": {"type": "Point", "coordinates": [2.773095, 48.741943]}, "properties": {"year": 2021, "valeur_fonciere": 297000.0, "type_local": null, "surface_reelle_bati": null, "nombre_pieces_principales": null, "adresse_nom_voie": "LE VAL DES BOISSIERES", "price_per_sqm": null, "date_iso": "2021-06-25", "parcelle": "77470000AE0337", "addr_num": ""}}, {"type": "Feature", "geometry": {"type": "Point", "coordinates": [2.772712, 48.742435]}, "properties": {"year": 2021, "valeur_fonciere": 297000.0, "type_local": "Local industriel. commercial ou assimilé", "surface_reelle_bati": null, "nombre_pieces_principales": 0.0, "adresse_nom_voie": "LE VAL DES BOISSIERES", "price_per_sqm": null, "date_iso": "2021-06-25", "parcelle": "77470000AE0346", "addr_num": "9001"}}, {"type": "Feature", "geometry": {"type": "Point", "coordinates": [2.771764, 48.741891]}, "properties": {"year": 2021, "valeur_fonciere": 297000.0, "type_local": null, "surface_reelle_bati": null, "nombre_pieces_principales": null, "adresse_nom_voie": "LE MARTRAY", "price_per_sqm": null, "date_iso": "2021-06-25", "parcelle": "77470000AE0358", "addr_num": ""}}, {"type": "Feature", "geometry": {"type": "Point", "coordinates": [2.770768, 48.742477]}, "properties": {"year": 2021, "valeur_fonciere": 297000.0, "type_local": null, "surface_reelle_bati": null, "nombre_pieces_principales": null, "adresse_nom_voie": "LE MARTRAY", "price_per_sqm": null, "date_iso": "2021-06-25", "parcelle": "77470000AE0370", "addr_num": ""}}, {"type": "Feature", "geometry": {"type": "Point", "coordinates": [2.770574, 48.742444]}, "properties": {"year": 2021, "valeur_fonciere": 297000.0, "type_local": null, "surface_reelle_bati": null, "nombre_pieces_principales": null, "adresse_nom_voie": "LE MARTRAY", "price_per_sqm": null, "date_iso": "2021-06-25", "parcelle": "77470000AE0371", "addr_num": ""}}, {"type": "Feature", "geometry": {"type": "Point", "coordinates": [2.770045, 48.742356]}, "properties": {"year": 2021, "valeur_fonciere": 297000.0, "type_local": null, "surface_reelle_bati": null, "nombre_pieces_principales": null, "adresse_nom_voie": "LE MARTRAY", "price_per_sqm": null, "date_iso": "2021-06-25", "parcelle": "77470000AE0374", "addr_num": ""}}, {"type": "Feature", "geometry": {"type": "Point", "coordinates": [2.773312, 48.742378]}, "properties": {"year": 2021, "valeur_fonciere": 297000.0, "type_local": null, "surface_reelle_bati": null, "nombre_pieces_principales": null, "adresse_nom_voie": "LE MARTRAY", "price_per_sqm": null, "date_iso": "2021-06-25", "parcelle": "77470000AE0375", "addr_num": ""}}, {"type": "Feature", "geometry": {"type": "Point", "coordinates": [2.75545, 48.737898]}, "properties": {"year": 2021, "valeur_fonciere": 360000.0, "type_local": "Appartement", "surface_reelle_bati": 32.0, "nombre_pieces_principales": 1.0, "adresse_nom_voie": "RUE DU PARC", "price_per_sqm": 11250.0, "date_iso": "2021-07-06", "parcelle": "77470000AK0426", "addr_num": "16"}}, {"type": "Feature", "geometry": {"type": "Point", "coordinates": [2.75545, 48.737898]}, "properties": {"year": 2021, "valeur_fonciere": 360000.0, "type_local": "Maison", "surface_reelle_bati": 123.0, "nombre_pieces_principales": 6.0, "adresse_nom_voie": "RUE DU PARC", "price_per_sqm": 2926.829268292683, "date_iso": "2021-07-06", "parcelle": "77470000AK0426", "addr_num": "16"}}, {"type": "Feature", "geometry": {"type": "Point", "coordinates": [2.760036, 48.743698]}, "properties": {"year": 2021, "valeur_fonciere": 173000.0, "type_local": "Appartement", "surface_reelle_bati": 54.0, "nombre_pieces_principales": 3.0, "adresse_nom_voie": "RES TOURNAN ORIGNY", "price_per_sqm": 3203.703703703704, "date_iso": "2021-06-22", "parcelle": "77470000ZA0005", "addr_num": "9001"}}, {"type": "Feature", "geometry": {"type": "Point", "coordinates": [2.760036, 48.743698]}, "properties": {"year": 2021, "valeur_fonciere": 173000.0, "type_local": "Dépendance", "surface_reelle_bati": null, "nombre_pieces_principales": 0.0, "adresse_nom_voie": "RES TOURNAN ORIGNY", "price_per_sqm": null, "date_iso": "2021-06-22", "parcelle": "77470000ZA0005", "addr_num": "9001"}}, {"type": "Feature", "geometry": {"type": "Point", "coordinates": [2.760036, 48.743698]}, "properties": {"year": 2021, "valeur_fonciere": 173000.0, "type_local": "Dépendance", "surface_reelle_bati": null, "nombre_pieces_principales": 0.0, "adresse_nom_voie": "RES TOURNAN ORIGNY", "price_per_sqm": null, "date_iso": "2021-06-22", "parcelle": "77470000ZA0005", "addr_num": "9001"}}, {"type": "Feature", "geometry": {"type": "Point", "coordinates": [2.760036, 48.743698]}, "properties": {"year": 2021, "valeur_fonciere": 173000.0, "type_local": "Dépendance", "surface_reelle_bati": null, "nombre_pieces_principales": 0.0, "adresse_nom_voie": "RES TOURNAN ORIGNY", "price_per_sqm": null, "date_iso": "2021-06-22", "parcelle": "77470000ZA0005", "addr_num": "9001"}}, {"type": "Feature", "geometry": {"type": "Point", "coordinates": [2.762186, 48.739541]}, "properties": {"year": 2021, "valeur_fonciere": 380000.0, "type_local": "Maison", "surface_reelle_bati": 103.0, "nombre_pieces_principales": 4.0, "adresse_nom_voie": "RUE PAUL HASTIER", "price_per_sqm": 3689.3203883495144, "date_iso": "2021-07-16", "parcelle": "77470000AI0344", "addr_num": "4"}}, {"type": "Feature", "geometry": {"type": "Point", "coordinates": [2.762186, 48.739541]}, "properties": {"year": 2021, "valeur_fonciere": 380000.0, "type_local": "Dépendance", "surface_reelle_bati": null, "nombre_pieces_principales": 0.0, "adresse_nom_voie": "RUE PAUL HASTIER", "price_per_sqm": null, "date_iso": "2021-07-16", "parcelle": "77470000AI0344", "addr_num": "4"}}, {"type": "Feature", "geometry": {"type": "Point", "coordinates": [2.784191, 48.73403]}, "properties": {"year": 2021, "valeur_fonciere": 1.0, "type_local": "Local industriel. commercial ou assimilé", "surface_reelle_bati": 297.0, "nombre_pieces_principales": 0.0, "adresse_nom_voie": "RUE DE L INDUSTRIE", "price_per_sqm": 0.003367003367003367, "date_iso": "2021-07-30", "parcelle": "77470000ZE0168", "addr_num": "20"}}, {"type": "Feature", "geometry": {"type": "Point", "coordinates": [2.764378, 48.739611]}, "properties": {"year": 2021, "valeur_fonciere": 196000.0, "type_local": "Appartement", "surface_reelle_bati": 80.0, "nombre_pieces_principales": 3.0, "adresse_nom_voie": "RUE DE PARIS", "price_per_sqm": 2450.0, "date_iso": "2021-07-23", "parcelle": "77470000AI0262", "addr_num": "27"}}, {"type": "Feature", "geometry": {"type": "Point", "coordinates": [2.764378, 48.739611]}, "properties": {"year": 2021, "valeur_fonciere": 196000.0, "type_local": "Dépendance", "surface_reelle_bati": null, "nombre_pieces_principales": 0.0, "adresse_nom_voie": "RUE DE PARIS", "price_per_sqm": null, "date_iso": "2021-07-23", "parcelle": "77470000AI0262", "addr_num": "27"}}, {"type": "Feature", "geometry": {"type": "Point", "coordinates": [2.764378, 48.739611]}, "properties": {"year": 2021, "valeur_fonciere": 196000.0, "type_local": "Dépendance", "surface_reelle_bati": null, "nombre_pieces_principales": 0.0, "adresse_nom_voie": "RUE DE PARIS", "price_per_sqm": null, "date_iso": "2021-07-23", "parcelle": "77470000AI0262", "addr_num": "27"}}, {"type": "Feature", "geometry": {"type": "Point", "coordinates": [2.763896, 48.741771]}, "properties": {"year": 2021, "valeur_fonciere": 234000.0, "type_local": "Appartement", "surface_reelle_bati": 61.0, "nombre_pieces_principales": 3.0, "adresse_nom_voie": "RUE DE LA MONTAGNE", "price_per_sqm": 3836.065573770492, "date_iso": "2021-07-26", "parcelle": "77470000AI0379", "addr_num": "3"}}, {"type": "Feature", "geometry": {"type": "Point", "coordinates": [2.763896, 48.741771]}, "properties": {"year": 2021, "valeur_fonciere": 234000.0, "type_local": "Dépendance", "surface_reelle_bati": null, "nombre_pieces_principales": 0.0, "adresse_nom_voie": "RUE DE LA MONTAGNE", "price_per_sqm": null, "date_iso": "2021-07-26", "parcelle": "77470000AI0379", "addr_num": "3"}}, {"type": "Feature", "geometry": {"type": "Point", "coordinates": [2.763896, 48.741771]}, "properties": {"year": 2021, "valeur_fonciere": 234000.0, "type_local": "Dépendance", "surface_reelle_bati": null, "nombre_pieces_principales": 0.0, "adresse_nom_voie": "RUE DE LA MONTAGNE", "price_per_sqm": null, "date_iso": "2021-07-26", "parcelle": "77470000AI0379", "addr_num": "3"}}, {"type": "Feature", "geometry": {"type": "Point", "coordinates": [2.763105, 48.739589]}, "properties": {"year": 2021, "valeur_fonciere": 195000.0, "type_local": "Maison", "surface_reelle_bati": 77.0, "nombre_pieces_principales": 4.0, "adresse_nom_voie": "RUE DE PARIS", "price_per_sqm": 2532.4675324675327, "date_iso": "2021-07-22", "parcelle": "77470000AI0151", "addr_num": "44"}}, {"type": "Feature", "geometry": {"type": "Point", "coordinates": [2.763105, 48.739589]}, "properties": {"year": 2021, "valeur_fonciere": 195000.0, "type_local": "Local industriel. commercial ou assimilé", "surface_reelle_bati": 51.0, "nombre_pieces_principales": 0.0, "adresse_nom_voie": "RUE DE PARIS", "price_per_sqm": 3823.529411764706, "date_iso": "2021-07-22", "parcelle": "77470000AI0151", "addr_num": "44"}}, {"type": "Feature", "geometry": {"type": "Point", "coordinates": [2.789829, 48.745983]}, "properties": {"year": 2021, "valeur_fonciere": 185000.0, "type_local": null, "surface_reelle_bati": null, "nombre_pieces_principales": null, "adresse_nom_voie": "VILLE", "price_per_sqm": null, "date_iso": "2021-07-22", "parcelle": "77470000AL0153", "addr_num": ""}}, {"type": "Feature", "geometry": {"type": "Point", "coordinates": [2.789595, 48.746265]}, "properties": {"year": 2021, "valeur_fonciere": 185000.0, "type_local": null, "surface_reelle_bati": null, "nombre_pieces_principales": null, "adresse_nom_voie": "HAM DE VILLE", "price_per_sqm": null, "date_iso": "2021-07-22", "parcelle": "77470000AL0154", "addr_num": "16"}}, {"type": "Feature", "geometry": {"type": "Point", "coordinates": [2.769375, 48.74066]}, "properties": {"year": 2021, "valeur_fonciere": 490000.0, "type_local": "Dépendance", "surface_reelle_bati": null, "nombre_pieces_principales": 0.0, "adresse_nom_voie": "RUE DU MARTRAY", "price_per_sqm": null, "date_iso": "2021-07-23", "parcelle": "77470000AH0034", "addr_num": "24"}}, {"type": "Feature", "geometry": {"type": "Point", "coordinates": [2.769375, 48.74066]}, "properties": {"year": 2021, "valeur_fonciere": 490000.0, "type_local": "Maison", "surface_reelle_bati": 165.0, "nombre_pieces_principales": 5.0, "adresse_nom_voie": "RUE DU MARTRAY", "price_per_sqm": 2969.6969696969695, "date_iso": "2021-07-23", "parcelle": "77470000AH0034", "addr_num": "24"}}, {"type": "Feature", "geometry": {"type": "Point", "coordinates": [2.755411, 48.737613]}, "properties": {"year": 2021, "valeur_fonciere": 193000.0, "type_local": "Dépendance", "surface_reelle_bati": null, "nombre_pieces_principales": 0.0, "adresse_nom_voie": "RUE DU PARC", "price_per_sqm": null, "date_iso": "2021-07-29", "parcelle": "77470000AK0128", "addr_num": ""}}, {"type": "Feature", "geometry": {"type": "Point", "coordinates": [2.755411, 48.737613]}, "properties": {"year": 2021, "valeur_fonciere": 193000.0, "type_local": "Appartement", "surface_reelle_bati": 51.0, "nombre_pieces_principales": 2.0, "adresse_nom_voie": "RUE DU PARC", "price_per_sqm": 3784.3137254901962, "date_iso": "2021-07-29", "parcelle": "77470000AK0128", "addr_num": ""}}, {"type": "Feature", "geometry": {"type": "Point", "coordinates": [2.755411, 48.737613]}, "properties": {"year": 2021, "valeur_fonciere": 188000.0, "type_local": "Dépendance", "surface_reelle_bati": null, "nombre_pieces_principales": 0.0, "adresse_nom_voie": "RUE DU PARC", "price_per_sqm": null, "date_iso": "2021-07-29", "parcelle": "77470000AK0128", "addr_num": ""}}, {"type": "Feature", "geometry": {"type": "Point", "coordinates": [2.755411, 48.737613]}, "properties": {"year": 2021, "valeur_fonciere": 188000.0, "type_local": "Appartement", "surface_reelle_bati": 45.0, "nombre_pieces_principales": 2.0, "adresse_nom_voie": "RUE DU PARC", "price_per_sqm": 4177.777777777777, "date_iso": "2021-07-29", "parcelle": "77470000AK0128", "addr_num": ""}}, {"type": "Feature", "geometry": {"type": "Point", "coordinates": [2.755411, 48.737613]}, "properties": {"year": 2021, "valeur_fonciere": 210000.0, "type_local": "Dépendance", "surface_reelle_bati": null, "nombre_pieces_principales": 0.0, "adresse_nom_voie": "RUE DU PARC", "price_per_sqm": null, "date_iso": "2021-07-29", "parcelle": "77470000AK0128", "addr_num": ""}}, {"type": "Feature", "geometry": {"type": "Point", "coordinates": [2.755411, 48.737613]}, "properties": {"year": 2021, "valeur_fonciere": 210000.0, "type_local": "Appartement", "surface_reelle_bati": 51.0, "nombre_pieces_principales": 2.0, "adresse_nom_voie": "RUE DU PARC", "price_per_sqm": 4117.64705882353, "date_iso": "2021-07-29", "parcelle": "77470000AK0128", "addr_num": ""}}, {"type": "Feature", "geometry": {"type": "Point", "coordinates": [2.784792, 48.734693]}, "properties": {"year": 2021, "valeur_fonciere": 200000.0, "type_local": "Local industriel. commercial ou assimilé", "surface_reelle_bati": 210.0, "nombre_pieces_principales": 0.0, "adresse_nom_voie": "RUE DE L INDUSTRIE", "price_per_sqm": 952.3809523809524, "date_iso": "2021-08-03", "parcelle": "77470000ZE0099", "addr_num": "23"}}, {"type": "Feature", "geometry": {"type": "Point", "coordinates": [2.769021, 48.740534]}, "properties": {"year": 2021, "valeur_fonciere": 520000.0, "type_local": "Dépendance", "surface_reelle_bati": null, "nombre_pieces_principales": 0.0, "adresse_nom_voie": "RUE DU MARTRAY", "price_per_sqm": null, "date_iso": "2021-08-03", "parcelle": "77470000AH0032", "addr_num": "22"}}, {"type": "Feature", "geometry": {"type": "Point", "coordinates": [2.769021, 48.740534]}, "properties": {"year": 2021, "valeur_fonciere": 520000.0, "type_local": "Dépendance", "surface_reelle_bati": null, "nombre_pieces_principales": 0.0, "adresse_nom_voie": "RUE DU MARTRAY", "price_per_sqm": null, "date_iso": "2021-08-03", "parcelle": "77470000AH0032", "addr_num": "22"}}, {"type": "Feature", "geometry": {"type": "Point", "coordinates": [2.769021, 48.740534]}, "properties": {"year": 2021, "valeur_fonciere": 520000.0, "type_local": "Maison", "surface_reelle_bati": 164.0, "nombre_pieces_principales": 6.0, "adresse_nom_voie": "RUE DU MARTRAY", "price_per_sqm": 3170.731707317073, "date_iso": "2021-08-03", "parcelle": "77470000AH0032", "addr_num": "22"}}, {"type": "Feature", "geometry": {"type": "Point", "coordinates": [2.769021, 48.740534]}, "properties": {"year": 2021, "valeur_fonciere": 520000.0, "type_local": "Dépendance", "surface_reelle_bati": null, "nombre_pieces_principales": 0.0, "adresse_nom_voie": "RUE DU MARTRAY", "price_per_sqm": null, "date_iso": "2021-08-03", "parcelle": "77470000AH0032", "addr_num": "22"}}, {"type": "Feature", "geometry": {"type": "Point", "coordinates": [2.769038, 48.740358]}, "properties": {"year": 2021, "valeur_fonciere": 520000.0, "type_local": null, "surface_reelle_bati": null, "nombre_pieces_principales": null, "adresse_nom_voie": "RUE DU MARTRAY", "price_per_sqm": null, "date_iso": "2021-08-03", "parcelle": "77470000AH0033", "addr_num": ""}}, {"type": "Feature", "geometry": {"type": "Point", "coordinates": [2.774224, 48.738282]}, "properties": {"year": 2021, "valeur_fonciere": 186000.0, "type_local": "Dépendance", "surface_reelle_bati": null, "nombre_pieces_principales": 0.0, "adresse_nom_voie": "RUE DE LA LIBERATION", "price_per_sqm": null, "date_iso": "2021-08-10", "parcelle": "77470000ZE0043", "addr_num": "9"}}, {"type": "Feature", "geometry": {"type": "Point", "coordinates": [2.774224, 48.738282]}, "properties": {"year": 2021, "valeur_fonciere": 186000.0, "type_local": "Appartement", "surface_reelle_bati": 58.0, "nombre_pieces_principales": 3.0, "adresse_nom_voie": "RUE DE LA LIBERATION", "price_per_sqm": 3206.896551724138, "date_iso": "2021-08-10", "parcelle": "77470000ZE0043", "addr_num": "9"}}, {"type": "Feature", "geometry": {"type": "Point", "coordinates": [2.774224, 48.738282]}, "properties": {"year": 2021, "valeur_fonciere": 186000.0, "type_local": "Dépendance", "surface_reelle_bati": null, "nombre_pieces_principales": 0.0, "adresse_nom_voie": "RUE DE LA LIBERATION", "price_per_sqm": null, "date_iso": "2021-08-10", "parcelle": "77470000ZE0043", "addr_num": "9"}}, {"type": "Feature", "geometry": {"type": "Point", "coordinates": [2.773317, 48.743422]}, "properties": {"year": 2021, "valeur_fonciere": 480000.0, "type_local": "Maison", "surface_reelle_bati": 171.0, "nombre_pieces_principales": 7.0, "adresse_nom_voie": "RUE DES PRES BATAILLE", "price_per_sqm": 2807.0175438596493, "date_iso": "2021-08-06", "parcelle": "77470000ZA0219", "addr_num": "26"}}, {"type": "Feature", "geometry": {"type": "Point", "coordinates": [2.773317, 48.743422]}, "properties": {"year": 2021, "valeur_fonciere": 480000.0, "type_local": "Maison", "surface_reelle_bati": 171.0, "nombre_pieces_principales": 7.0, "adresse_nom_voie": "RUE DES PRES BATAILLE", "price_per_sqm": 2807.0175438596493, "date_iso": "2021-08-06", "parcelle": "77470000ZA0219", "addr_num": "26"}}, {"type": "Feature", "geometry": {"type": "Point", "coordinates": [2.773883, 48.74319]}, "properties": {"year": 2021, "valeur_fonciere": 480000.0, "type_local": null, "surface_reelle_bati": null, "nombre_pieces_principales": null, "adresse_nom_voie": "LES PRES BATAILLE", "price_per_sqm": null, "date_iso": "2021-08-06", "parcelle": "77470000ZA0221", "addr_num": ""}}, {"type": "Feature", "geometry": {"type": "Point", "coordinates": [2.753098, 48.742857]}, "properties": {"year": 2021, "valeur_fonciere": 265000.0, "type_local": "Dépendance", "surface_reelle_bati": null, "nombre_pieces_principales": 0.0, "adresse_nom_voie": "RUE JULES LEFEVRE", "price_per_sqm": null, "date_iso": "2021-08-13", "parcelle": "77470000AB0295", "addr_num": "29"}}, {"type": "Feature", "geometry": {"type": "Point", "coordinates": [2.753098, 48.742857]}, "properties": {"year": 2021, "valeur_fonciere": 265000.0, "type_local": "Dépendance", "surface_reelle_bati": null, "nombre_pieces_principales": 0.0, "adresse_nom_voie": "RUE JULES LEFEVRE", "price_per_sqm": null, "date_iso": "2021-08-13", "parcelle": "77470000AB0295", "addr_num": "29"}}, {"type": "Feature", "geometry": {"type": "Point", "coordinates": [2.753098, 48.742857]}, "properties": {"year": 2021, "valeur_fonciere": 265000.0, "type_local": "Appartement", "surface_reelle_bati": 80.0, "nombre_pieces_principales": 4.0, "adresse_nom_voie": "RUE JULES LEFEVRE", "price_per_sqm": 3312.5, "date_iso": "2021-08-13", "parcelle": "77470000AB0295", "addr_num": "29"}}, {"type": "Feature", "geometry": {"type": "Point", "coordinates": [2.753098, 48.742857]}, "properties": {"year": 2021, "valeur_fonciere": 265000.0, "type_local": "Dépendance", "surface_reelle_bati": null, "nombre_pieces_principales": 0.0, "adresse_nom_voie": "RUE JULES LEFEVRE", "price_per_sqm": null, "date_iso": "2021-08-13", "parcelle": "77470000AB0295", "addr_num": "29"}}, {"type": "Feature", "geometry": {"type": "Point", "coordinates": [2.755411, 48.737613]}, "properties": {"year": 2021, "valeur_fonciere": 168000.0, "type_local": "Appartement", "surface_reelle_bati": 36.0, "nombre_pieces_principales": 1.0, "adresse_nom_voie": "RUE DU PARC", "price_per_sqm": 4666.666666666667, "date_iso": "2021-09-03", "parcelle": "77470000AK0128", "addr_num": ""}}, {"type": "Feature", "geometry": {"type": "Point", "coordinates": [2.784792, 48.734693]}, "properties": {"year": 2021, "valeur_fonciere": 100000.0, "type_local": "Appartement", "surface_reelle_bati": 28.0, "nombre_pieces_principales": 1.0, "adresse_nom_voie": "RUE DE L INDUSTRIE", "price_per_sqm": 3571.4285714285716, "date_iso": "2021-09-07", "parcelle": "77470000ZE0099", "addr_num": "23"}}, {"type": "Feature", "geometry": {"type": "Point", "coordinates": [2.784792, 48.734693]}, "properties": {"year": 2021, "valeur_fonciere": 100000.0, "type_local": "Dépendance", "surface_reelle_bati": null, "nombre_pieces_principales": 0.0, "adresse_nom_voie": "RUE DE L INDUSTRIE", "price_per_sqm": null, "date_iso": "2021-09-07", "parcelle": "77470000ZE0099", "addr_num": "23"}}, {"type": "Feature", "geometry": {"type": "Point", "coordinates": [2.774769, 48.740485]}, "properties": {"year": 2021, "valeur_fonciere": 295000.0, "type_local": "Maison", "surface_reelle_bati": 74.0, "nombre_pieces_principales": 4.0, "adresse_nom_voie": "CLOS DES PEUPLIERS", "price_per_sqm": 3986.4864864864867, "date_iso": "2021-08-23", "parcelle": "77470000AE0809", "addr_num": "12"}}, {"type": "Feature", "geometry": {"type": "Point", "coordinates": [2.760036, 48.743698]}, "properties": {"year": 2021, "valeur_fonciere": 105000.0, "type_local": "Dépendance", "surface_reelle_bati": null, "nombre_pieces_principales": 0.0, "adresse_nom_voie": "RES TOURNAN ORIGNY", "price_per_sqm": null, "date_iso": "2021-09-03", "parcelle": "77470000ZA0005", "addr_num": "9001"}}, {"type": "Feature", "geometry": {"type": "Point", "coordinates": [2.760036, 48.743698]}, "properties": {"year": 2021, "valeur_fonciere": 105000.0, "type_local": "Appartement", "surface_reelle_bati": 41.0, "nombre_pieces_principales": 2.0, "adresse_nom_voie": "RES TOURNAN ORIGNY", "price_per_sqm": 2560.9756097560976, "date_iso": "2021-09-03", "parcelle": "77470000ZA0005", "addr_num": "9001"}}, {"type": "Feature", "geometry": {"type": "Point", "coordinates": [2.760036, 48.743698]}, "properties": {"year": 2021, "valeur_fonciere": 105000.0, "type_local": "Dépendance", "surface_reelle_bati": null, "nombre_pieces_principales": 0.0, "adresse_nom_voie": "RES TOURNAN ORIGNY", "price_per_sqm": null, "date_iso": "2021-09-03", "parcelle": "77470000ZA0005", "addr_num": "9001"}}, {"type": "Feature", "geometry": {"type": "Point", "coordinates": [2.760036, 48.743698]}, "properties": {"year": 2021, "valeur_fonciere": 105000.0, "type_local": "Dépendance", "surface_reelle_bati": null, "nombre_pieces_principales": 0.0, "adresse_nom_voie": "RES TOURNAN ORIGNY", "price_per_sqm": null, "date_iso": "2021-09-03", "parcelle": "77470000ZA0005", "addr_num": "9001"}}, {"type": "Feature", "geometry": {"type": "Point", "coordinates": [2.76473, 48.745161]}, "properties": {"year": 2021, "valeur_fonciere": 541000.0, "type_local": "Dépendance", "surface_reelle_bati": null, "nombre_pieces_principales": 0.0, "adresse_nom_voie": "RUE DES CARREAUX", "price_per_sqm": null, "date_iso": "2021-09-14", "parcelle": "77470000AD0348", "addr_num": "56"}}, {"type": "Feature", "geometry": {"type": "Point", "coordinates": [2.76473, 48.745161]}, "properties": {"year": 2021, "valeur_fonciere": 541000.0, "type_local": "Maison", "surface_reelle_bati": 137.0, "nombre_pieces_principales": 4.0, "adresse_nom_voie": "RUE DES CARREAUX", "price_per_sqm": 3948.905109489051, "date_iso": "2021-09-14", "parcelle": "77470000AD0348", "addr_num": "56"}}, {"type": "Feature", "geometry": {"type": "Point", "coordinates": [2.76473, 48.745161]}, "properties": {"year": 2021, "valeur_fonciere": 541000.0, "type_local": "Maison", "surface_reelle_bati": 137.0, "nombre_pieces_principales": 4.0, "adresse_nom_voie": "RUE DES CARREAUX", "price_per_sqm": 3948.905109489051, "date_iso": "2021-09-14", "parcelle": "77470000AD0348", "addr_num": "56"}}, {"type": "Feature", "geometry": {"type": "Point", "coordinates": [2.76473, 48.745161]}, "properties": {"year": 2021, "valeur_fonciere": 541000.0, "type_local": "Dépendance", "surface_reelle_bati": null, "nombre_pieces_principales": 0.0, "adresse_nom_voie": "RUE DES CARREAUX", "price_per_sqm": null, "date_iso": "2021-09-14", "parcelle": "77470000AD0348", "addr_num": "56"}}, {"type": "Feature", "geometry": {"type": "Point", "coordinates": [2.773884, 48.745176]}, "properties": {"year": 2021, "valeur_fonciere": 317000.0, "type_local": "Maison", "surface_reelle_bati": 88.0, "nombre_pieces_principales": 4.0, "adresse_nom_voie": "ALL DE MONTECOUVE", "price_per_sqm": 3602.2727272727275, "date_iso": "2021-09-14", "parcelle": "77470000ZA0111", "addr_num": "6"}}, {"type": "Feature", "geometry": {"type": "Point", "coordinates": [2.764378, 48.739611]}, "properties": {"year": 2021, "valeur_fonciere": 214000.0, "type_local": "Local industriel. commercial ou assimilé", "surface_reelle_bati": 60.0, "nombre_pieces_principales": 0.0, "adresse_nom_voie": "RUE DE PARIS", "price_per_sqm": 3566.6666666666665, "date_iso": "2021-09-13", "parcelle": "77470000AI0262", "addr_num": "27"}}, {"type": "Feature", "geometry": {"type": "Point", "coordinates": [2.764378, 48.739611]}, "properties": {"year": 2021, "valeur_fonciere": 214000.0, "type_local": "Local industriel. commercial ou assimilé", "surface_reelle_bati": 80.0, "nombre_pieces_principales": 0.0, "adresse_nom_voie": "RUE DE PARIS", "price_per_sqm": 2675.0, "date_iso": "2021-09-13", "parcelle": "77470000AI0262", "addr_num": "27"}}, {"type": "Feature", "geometry": {"type": "Point", "coordinates": [2.769872, 48.739821]}, "properties": {"year": 2021, "valeur_fonciere": 159000.0, "type_local": null, "surface_reelle_bati": null, "nombre_pieces_principales": null, "adresse_nom_voie": "RUE DU MAL FOCH", "price_per_sqm": null, "date_iso": "2021-08-30", "parcelle": "77470000AH0050", "addr_num": ""}}, {"type": "Feature", "geometry": {"type": "Point", "coordinates": [2.769903, 48.739766]}, "properties": {"year": 2021, "valeur_fonciere": 159000.0, "type_local": "Appartement", "surface_reelle_bati": 40.0, "nombre_pieces_principales": 3.0, "adresse_nom_voie": "RUE DU MAL FOCH", "price_per_sqm": 3975.0, "date_iso": "2021-08-30", "parcelle": "77470000AH0417", "addr_num": "27"}}, {"type": "Feature", "geometry": {"type": "Point", "coordinates": [2.753395, 48.74533]}, "properties": {"year": 2021, "valeur_fonciere": 405830.0, "type_local": "Dépendance", "surface_reelle_bati": null, "nombre_pieces_principales": 0.0, "adresse_nom_voie": "AV DU GEN DE GAULLE", "price_per_sqm": null, "date_iso": "2021-09-24", "parcelle": "77470000ZA0622", "addr_num": "7"}}, {"type": "Feature", "geometry": {"type": "Point", "coordinates": [2.753395, 48.74533]}, "properties": {"year": 2021, "valeur_fonciere": 405830.0, "type_local": "Maison", "surface_reelle_bati": 111.0, "nombre_pieces_principales": 6.0, "adresse_nom_voie": "AV DU GEN DE GAULLE", "price_per_sqm": 3656.126126126126, "date_iso": "2021-09-24", "parcelle": "77470000ZA0622", "addr_num": "7"}}, {"type": "Feature", "geometry": {"type": "Point", "coordinates": [2.757182, 48.740986]}, "properties": {"year": 2021, "valeur_fonciere": 606000.0, "type_local": "Dépendance", "surface_reelle_bati": null, "nombre_pieces_principales": 0.0, "adresse_nom_voie": "BD DUBURCQ", "price_per_sqm": null, "date_iso": "2021-09-14", "parcelle": "77470000AB0236", "addr_num": "14"}}, {"type": "Feature", "geometry": {"type": "Point", "coordinates": [2.757182, 48.740986]}, "properties": {"year": 2021, "valeur_fonciere": 606000.0, "type_local": "Maison", "surface_reelle_bati": 158.0, "nombre_pieces_principales": 6.0, "adresse_nom_voie": "BD DUBURCQ", "price_per_sqm": 3835.4430379746836, "date_iso": "2021-09-14", "parcelle": "77470000AB0236", "addr_num": "14"}}, {"type": "Feature", "geometry": {"type": "Point", "coordinates": [2.757182, 48.740986]}, "properties": {"year": 2021, "valeur_fonciere": 606000.0, "type_local": "Maison", "surface_reelle_bati": 158.0, "nombre_pieces_principales": 6.0, "adresse_nom_voie": "BD DUBURCQ", "price_per_sqm": 3835.4430379746836, "date_iso": "2021-09-14", "parcelle": "77470000AB0236", "addr_num": "14"}}, {"type": "Feature", "geometry": {"type": "Point", "coordinates": [2.757182, 48.740986]}, "properties": {"year": 2021, "valeur_fonciere": 606000.0, "type_local": "Dépendance", "surface_reelle_bati": null, "nombre_pieces_principales": 0.0, "adresse_nom_voie": "BD DUBURCQ", "price_per_sqm": null, "date_iso": "2021-09-14", "parcelle": "77470000AB0236", "addr_num": "14"}}, {"type": "Feature", "geometry": {"type": "Point", "coordinates": [2.756199, 48.745]}, "properties": {"year": 2021, "valeur_fonciere": 437800.0, "type_local": "Maison", "surface_reelle_bati": 110.0, "nombre_pieces_principales": 5.0, "adresse_nom_voie": "RUE BADEN POWEL", "price_per_sqm": 3980.0, "date_iso": "2021-09-14", "parcelle": "77470000ZA0477", "addr_num": "13"}}, {"type": "Feature", "geometry": {"type": "Point", "coordinates": [2.756199, 48.745]}, "properties": {"year": 2021, "valeur_fonciere": 437800.0, "type_local": "Maison", "surface_reelle_bati": 110.0, "nombre_pieces_principales": 5.0, "adresse_nom_voie": "RUE BADEN POWEL", "price_per_sqm": 3980.0, "date_iso": "2021-09-14", "parcelle": "77470000ZA0477", "addr_num": "13"}}, {"type": "Feature", "geometry": {"type": "Point", "coordinates": [2.76787, 48.738658]}, "properties": {"year": 2021, "valeur_fonciere": 2510000.0, "type_local": null, "surface_reelle_bati": null, "nombre_pieces_principales": null, "adresse_nom_voie": "RUE DE PROVINS", "price_per_sqm": null, "date_iso": "2021-09-28", "parcelle": "77470000AH0218", "addr_num": "60"}}, {"type": "Feature", "geometry": {"type": "Point", "coordinates": [2.755411, 48.737613]}, "properties": {"year": 2021, "valeur_fonciere": 188000.0, "type_local": "Dépendance", "surface_reelle_bati": null, "nombre_pieces_principales": 0.0, "adresse_nom_voie": "RUE DU PARC", "price_per_sqm": null, "date_iso": "2021-09-30", "parcelle": "77470000AK0128", "addr_num": ""}}, {"type": "Feature", "geometry": {"type": "Point", "coordinates": [2.755411, 48.737613]}, "properties": {"year": 2021, "valeur_fonciere": 188000.0, "type_local": "Appartement", "surface_reelle_bati": 44.0, "nombre_pieces_principales": 2.0, "adresse_nom_voie": "RUE DU PARC", "price_per_sqm": 4272.727272727273, "date_iso": "2021-09-30", "parcelle": "77470000AK0128", "addr_num": ""}}, {"type": "Feature", "geometry": {"type": "Point", "coordinates": [2.755411, 48.737613]}, "properties": {"year": 2021, "valeur_fonciere": 188000.0, "type_local": "Dépendance", "surface_reelle_bati": null, "nombre_pieces_principales": 0.0, "adresse_nom_voie": "RUE DU PARC", "price_per_sqm": null, "date_iso": "2021-09-30", "parcelle": "77470000AK0128", "addr_num": ""}}, {"type": "Feature", "geometry": {"type": "Point", "coordinates": [2.755411, 48.737613]}, "properties": {"year": 2021, "valeur_fonciere": 188000.0, "type_local": "Appartement", "surface_reelle_bati": 44.0, "nombre_pieces_principales": 2.0, "adresse_nom_voie": "RUE DU PARC", "price_per_sqm": 4272.727272727273, "date_iso": "2021-09-30", "parcelle": "77470000AK0128", "addr_num": ""}}, {"type": "Feature", "geometry": {"type": "Point", "coordinates": [2.760036, 48.743698]}, "properties": {"year": 2021, "valeur_fonciere": 184000.0, "type_local": "Appartement", "surface_reelle_bati": 74.0, "nombre_pieces_principales": 4.0, "adresse_nom_voie": "RES TOURNAN ORIGNY", "price_per_sqm": 2486.4864864864867, "date_iso": "2021-09-10", "parcelle": "77470000ZA0005", "addr_num": "9001"}}, {"type": "Feature", "geometry": {"type": "Point", "coordinates": [2.760036, 48.743698]}, "properties": {"year": 2021, "valeur_fonciere": 184000.0, "type_local": "Dépendance", "surface_reelle_bati": null, "nombre_pieces_principales": 0.0, "adresse_nom_voie": "RES TOURNAN ORIGNY", "price_per_sqm": null, "date_iso": "2021-09-10", "parcelle": "77470000ZA0005", "addr_num": "9001"}}, {"type": "Feature", "geometry": {"type": "Point", "coordinates": [2.760036, 48.743698]}, "properties": {"year": 2021, "valeur_fonciere": 184000.0, "type_local": "Dépendance", "surface_reelle_bati": null, "nombre_pieces_principales": 0.0, "adresse_nom_voie": "RES TOURNAN ORIGNY", "price_per_sqm": null, "date_iso": "2021-09-10", "parcelle": "77470000ZA0005", "addr_num": "9001"}}, {"type": "Feature", "geometry": {"type": "Point", "coordinates": [2.760036, 48.743698]}, "properties": {"year": 2021, "valeur_fonciere": 184000.0, "type_local": "Dépendance", "surface_reelle_bati": null, "nombre_pieces_principales": 0.0, "adresse_nom_voie": "RES TOURNAN ORIGNY", "price_per_sqm": null, "date_iso": "2021-09-10", "parcelle": "77470000ZA0005", "addr_num": "9001"}}, {"type": "Feature", "geometry": {"type": "Point", "coordinates": [2.754686, 48.740079]}, "properties": {"year": 2021, "valeur_fonciere": 298000.0, "type_local": "Maison", "surface_reelle_bati": 78.0, "nombre_pieces_principales": 3.0, "adresse_nom_voie": "RUE DE LA SCIERIE", "price_per_sqm": 3820.5128205128203, "date_iso": "2021-09-10", "parcelle": "77470000AK0333", "addr_num": "52"}}, {"type": "Feature", "geometry": {"type": "Point", "coordinates": [2.772452, 48.73679]}, "properties": {"year": 2021, "valeur_fonciere": 820000.0, "type_local": "Local industriel. commercial ou assimilé", "surface_reelle_bati": null, "nombre_pieces_principales": null, "adresse_nom_voie": "LA BOURGOGNERIE", "price_per_sqm": null, "date_iso": "2021-09-30", "parcelle": "774700000C0051", "addr_num": "9002"}}, {"type": "Feature", "geometry": {"type": "Point", "coordinates": [2.772452, 48.73679]}, "properties": {"year": 2021, "valeur_fonciere": 820000.0, "type_local": "Maison", "surface_reelle_bati": 76.0, "nombre_pieces_principales": 4.0, "adresse_nom_voie": "LA BOURGOGNERIE", "price_per_sqm": 10789.473684210527, "date_iso": "2021-09-30", "parcelle": "774700000C0051", "addr_num": "9002"}}, {"type": "Feature", "geometry": {"type": "Point", "coordinates": [2.773031, 48.736302]}, "properties": {"year": 2021, "valeur_fonciere": 820000.0, "type_local": null, "surface_reelle_bati": null, "nombre_pieces_principales": null, "adresse_nom_voie": "LA BOURGOGNERIE", "price_per_sqm": null, "date_iso": "2021-09-30", "parcelle": "774700000C0121", "addr_num": ""}}, {"type": "Feature", "geometry": {"type": "Point", "coordinates": [2.773031, 48.736302]}, "properties": {"year": 2021, "valeur_fonciere": 820000.0, "type_local": null, "surface_reelle_bati": null, "nombre_pieces_principales": null, "adresse_nom_voie": "LA BOURGOGNERIE", "price_per_sqm": null, "date_iso": "2021-09-30", "parcelle": "774700000C0121", "addr_num": ""}}, {"type": "Feature", "geometry": {"type": "Point", "coordinates": [2.773031, 48.736302]}, "properties": {"year": 2021, "valeur_fonciere": 820000.0, "type_local": null, "surface_reelle_bati": null, "nombre_pieces_principales": null, "adresse_nom_voie": "LA BOURGOGNERIE", "price_per_sqm": null, "date_iso": "2021-09-30", "parcelle": "774700000C0121", "addr_num": ""}}, {"type": "Feature", "geometry": {"type": "Point", "coordinates": [2.772418, 48.736299]}, "properties": {"year": 2021, "valeur_fonciere": 820000.0, "type_local": "Local industriel. commercial ou assimilé", "surface_reelle_bati": null, "nombre_pieces_principales": null, "adresse_nom_voie": "LA BOURGOGNERIE", "price_per_sqm": null, "date_iso": "2021-09-30", "parcelle": "774700000C0248", "addr_num": "9001"}}, {"type": "Feature", "geometry": {"type": "Point", "coordinates": [2.772418, 48.736299]}, "properties": {"year": 2021, "valeur_fonciere": 820000.0, "type_local": "Local industriel. commercial ou assimilé", "surface_reelle_bati": null, "nombre_pieces_principales": null, "adresse_nom_voie": "LA BOURGOGNERIE", "price_per_sqm": null, "date_iso": "2021-09-30", "parcelle": "774700000C0248", "addr_num": "9001"}}, {"type": "Feature", "geometry": {"type": "Point", "coordinates": [2.772707, 48.736001]}, "properties": {"year": 2021, "valeur_fonciere": 820000.0, "type_local": null, "surface_reelle_bati": null, "nombre_pieces_principales": null, "adresse_nom_voie": "LA BOURGOGNERIE", "price_per_sqm": null, "date_iso": "2021-09-30", "parcelle": "774700000C0250", "addr_num": ""}}, {"type": "Feature", "geometry": {"type": "Point", "coordinates": [2.778553, 48.740655]}, "properties": {"year": 2021, "valeur_fonciere": 335000.0, "type_local": "Maison", "surface_reelle_bati": 123.0, "nombre_pieces_principales": 5.0, "adresse_nom_voie": "RUE ALBERT LEBRUN", "price_per_sqm": 2723.5772357723577, "date_iso": "2021-09-15", "parcelle": "77470000AE0495", "addr_num": "50"}}, {"type": "Feature", "geometry": {"type": "Point", "coordinates": [2.771092, 48.737928]}, "properties": {"year": 2021, "valeur_fonciere": 615000.0, "type_local": "Maison", "surface_reelle_bati": 80.0, "nombre_pieces_principales": 4.0, "adresse_nom_voie": "RUE DE LA MADELEINE", "price_per_sqm": 7687.5, "date_iso": "2021-09-29", "parcelle": "77470000AH0185", "addr_num": "8"}}, {"type": "Feature", "geometry": {"type": "Point", "coordinates": [2.771092, 48.737928]}, "properties": {"year": 2021, "valeur_fonciere": 615000.0, "type_local": "Dépendance", "surface_reelle_bati": null, "nombre_pieces_principales": 0.0, "adresse_nom_voie": "RUE DE LA MADELEINE", "price_per_sqm": null, "date_iso": "2021-09-29", "parcelle": "77470000AH0185", "addr_num": "8"}}, {"type": "Feature", "geometry": {"type": "Point", "coordinates": [2.771092, 48.737928]}, "properties": {"year": 2021, "valeur_fonciere": 615000.0, "type_local": "Maison", "surface_reelle_bati": 140.0, "nombre_pieces_principales": 4.0, "adresse_nom_voie": "RUE DE LA MADELEINE", "price_per_sqm": 4392.857142857143, "date_iso": "2021-09-29", "parcelle": "77470000AH0185", "addr_num": "8"}}, {"type": "Feature", "geometry": {"type": "Point", "coordinates": [2.77176, 48.737624]}, "properties": {"year": 2021, "valeur_fonciere": 615000.0, "type_local": null, "surface_reelle_bati": null, "nombre_pieces_principales": null, "adresse_nom_voie": "RUE DE LA MADELEINE", "price_per_sqm": null, "date_iso": "2021-09-29", "parcelle": "77470000AH0286", "addr_num": ""}}, {"type": "Feature", "geometry": {"type": "Point", "coordinates": [2.772156, 48.73756]}, "properties": {"year": 2021, "valeur_fonciere": 615000.0, "type_local": null, "surface_reelle_bati": null, "nombre_pieces_principales": null, "adresse_nom_voie": "LA MADELEINE", "price_per_sqm": null, "date_iso": "2021-09-29", "parcelle": "77470000AH0288", "addr_num": ""}}, {"type": "Feature", "geometry": {"type": "Point", "coordinates": [2.761941, 48.739616]}, "properties": {"year": 2021, "valeur_fonciere": 410000.0, "type_local": "Maison", "surface_reelle_bati": 64.0, "nombre_pieces_principales": 4.0, "adresse_nom_voie": "RUE FRESNEAU", "price_per_sqm": 6406.25, "date_iso": "2021-09-30", "parcelle": "77470000AI0299", "addr_num": "2"}}, {"type": "Feature", "geometry": {"type": "Point", "coordinates": [2.764274, 48.743602]}, "properties": {"year": 2021, "valeur_fonciere": 332000.0, "type_local": "Dépendance", "surface_reelle_bati": null, "nombre_pieces_principales": 0.0, "adresse_nom_voie": "RUE DES CARREAUX", "price_per_sqm": null, "date_iso": "2021-09-29", "parcelle": "77470000AD0093", "addr_num": "32"}}, {"type": "Feature", "geometry": {"type": "Point", "coordinates": [2.764274, 48.743602]}, "properties": {"year": 2021, "valeur_fonciere": 332000.0, "type_local": "Maison", "surface_reelle_bati": 109.0, "nombre_pieces_principales": 4.0, "adresse_nom_voie": "RUE DES CARREAUX", "price_per_sqm": 3045.8715596330276, "date_iso": "2021-09-29", "parcelle": "77470000AD0093", "addr_num": "32"}}, {"type": "Feature", "geometry": {"type": "Point", "coordinates": [2.76626, 48.743995]}, "properties": {"year": 2021, "valeur_fonciere": 57750.0, "type_local": null, "surface_reelle_bati": null, "nombre_pieces_principales": null, "adresse_nom_voie": "LA PENTE DES CARREAUX", "price_per_sqm": null, "date_iso": "2021-10-07", "parcelle": "77470000AD0121", "addr_num": ""}}, {"type": "Feature", "geometry": {"type": "Point", "coordinates": [2.766658, 48.744214]}, "properties": {"year": 2021, "valeur_fonciere": 57750.0, "type_local": "Maison", "surface_reelle_bati": 114.0, "nombre_pieces_principales": 4.0, "adresse_nom_voie": "SEN DES CARREAUX", "price_per_sqm": 506.57894736842104, "date_iso": "2021-10-07", "parcelle": "77470000AD0122", "addr_num": "4"}}, {"type": "Feature", "geometry": {"type": "Point", "coordinates": [2.766658, 48.744214]}, "properties": {"year": 2021, "valeur_fonciere": 57750.0, "type_local": "Dépendance", "surface_reelle_bati": null, "nombre_pieces_principales": 0.0, "adresse_nom_voie": "SEN DES CARREAUX", "price_per_sqm": null, "date_iso": "2021-10-07", "parcelle": "77470000AD0122", "addr_num": "4"}}, {"type": "Feature", "geometry": {"type": "Point", "coordinates": [2.766658, 48.744214]}, "properties": {"year": 2021, "valeur_fonciere": 57750.0, "type_local": "Maison", "surface_reelle_bati": 114.0, "nombre_pieces_principales": 4.0, "adresse_nom_voie": "SEN DES CARREAUX", "price_per_sqm": 506.57894736842104, "date_iso": "2021-10-07", "parcelle": "77470000AD0122", "addr_num": "4"}}, {"type": "Feature", "geometry": {"type": "Point", "coordinates": [2.766658, 48.744214]}, "properties": {"year": 2021, "valeur_fonciere": 57750.0, "type_local": "Dépendance", "surface_reelle_bati": null, "nombre_pieces_principales": 0.0, "adresse_nom_voie": "SEN DES CARREAUX", "price_per_sqm": null, "date_iso": "2021-10-07", "parcelle": "77470000AD0122", "addr_num": "4"}}, {"type": "Feature", "geometry": {"type": "Point", "coordinates": [2.765626, 48.739603]}, "properties": {"year": 2021, "valeur_fonciere": 194000.0, "type_local": "Dépendance", "surface_reelle_bati": null, "nombre_pieces_principales": 0.0, "adresse_nom_voie": "RUE DU MARCHE", "price_per_sqm": null, "date_iso": "2021-10-11", "parcelle": "77470000AI0096", "addr_num": "9002"}}, {"type": "Feature", "geometry": {"type": "Point", "coordinates": [2.765626, 48.739603]}, "properties": {"year": 2021, "valeur_fonciere": 194000.0, "type_local": "Appartement", "surface_reelle_bati": 56.0, "nombre_pieces_principales": 2.0, "adresse_nom_voie": "RUE DE PROVINS", "price_per_sqm": 3464.285714285714, "date_iso": "2021-10-11", "parcelle": "77470000AI0096", "addr_num": "22"}}, {"type": "Feature", "geometry": {"type": "Point", "coordinates": [2.759113, 48.74121]}, "properties": {"year": 2021, "valeur_fonciere": 420000.0, "type_local": "Dépendance", "surface_reelle_bati": null, "nombre_pieces_principales": 0.0, "adresse_nom_voie": "BD ISAAC PEREIRE", "price_per_sqm": null, "date_iso": "2021-10-26", "parcelle": "77470000AC0069", "addr_num": "6"}}, {"type": "Feature", "geometry": {"type": "Point", "coordinates": [2.759113, 48.74121]}, "properties": {"year": 2021, "valeur_fonciere": 420000.0, "type_local": "Maison", "surface_reelle_bati": 100.0, "nombre_pieces_principales": 5.0, "adresse_nom_voie": "BD ISAAC PEREIRE", "price_per_sqm": 4200.0, "date_iso": "2021-10-26", "parcelle": "77470000AC0069", "addr_num": "6"}}, {"type": "Feature", "geometry": {"type": "Point", "coordinates": [2.758778, 48.741346]}, "properties": {"year": 2021, "valeur_fonciere": 420000.0, "type_local": null, "surface_reelle_bati": null, "nombre_pieces_principales": null, "adresse_nom_voie": "BD ISAAC PEREIRE", "price_per_sqm": null, "date_iso": "2021-10-26", "parcelle": "77470000AC0123", "addr_num": ""}}, {"type": "Feature", "geometry": {"type": "Point", "coordinates": [2.752724, 48.740887]}, "properties": {"year": 2021, "valeur_fonciere": 179000.0, "type_local": null, "surface_reelle_bati": null, "nombre_pieces_principales": null, "adresse_nom_voie": "RUE DU VAL DES DAMES", "price_per_sqm": null, "date_iso": "2021-10-20", "parcelle": "77470000AK0429", "addr_num": "30"}}, {"type": "Feature", "geometry": {"type": "Point", "coordinates": [2.756962, 48.741573]}, "properties": {"year": 2021, "valeur_fonciere": 385000.0, "type_local": "Maison", "surface_reelle_bati": 83.0, "nombre_pieces_principales": 4.0, "adresse_nom_voie": "RES DU PETIT PARC", "price_per_sqm": 4638.55421686747, "date_iso": "2021-10-29", "parcelle": "77470000AB0025", "addr_num": "15"}}, {"type": "Feature", "geometry": {"type": "Point", "coordinates": [2.754036, 48.74449]}, "properties": {"year": 2021, "valeur_fonciere": 33750.0, "type_local": "Dépendance", "surface_reelle_bati": null, "nombre_pieces_principales": 0.0, "adresse_nom_voie": "RUE CLAUDE DEBUSSY", "price_per_sqm": null, "date_iso": "2021-10-15", "parcelle": "77470000ZA0560", "addr_num": "17"}}, {"type": "Feature", "geometry": {"type": "Point", "coordinates": [2.754036, 48.74449]}, "properties": {"year": 2021, "valeur_fonciere": 33750.0, "type_local": "Appartement", "surface_reelle_bati": 65.0, "nombre_pieces_principales": 3.0, "adresse_nom_voie": "RUE CLAUDE DEBUSSY", "price_per_sqm": 519.2307692307693, "date_iso": "2021-10-15", "parcelle": "77470000ZA0560", "addr_num": "17"}}, {"type": "Feature", "geometry": {"type": "Point", "coordinates": [2.754036, 48.74449]}, "properties": {"year": 2021, "valeur_fonciere": 33750.0, "type_local": "Dépendance", "surface_reelle_bati": null, "nombre_pieces_principales": 0.0, "adresse_nom_voie": "RUE CLAUDE DEBUSSY", "price_per_sqm": null, "date_iso": "2021-10-15", "parcelle": "77470000ZA0560", "addr_num": "17"}}, {"type": "Feature", "geometry": {"type": "Point", "coordinates": [2.752038, 48.739198]}, "properties": {"year": 2021, "valeur_fonciere": 200000.0, "type_local": "Maison", "surface_reelle_bati": 85.0, "nombre_pieces_principales": 3.0, "adresse_nom_voie": "RUE DE PARIS", "price_per_sqm": 2352.9411764705883, "date_iso": "2021-11-02", "parcelle": "77470000AK0377", "addr_num": "122"}}, {"type": "Feature", "geometry": {"type": "Point", "coordinates": [2.752038, 48.739198]}, "properties": {"year": 2021, "valeur_fonciere": 200000.0, "type_local": "Dépendance", "surface_reelle_bati": null, "nombre_pieces_principales": 0.0, "adresse_nom_voie": "RUE DE PARIS", "price_per_sqm": null, "date_iso": "2021-11-02", "parcelle": "77470000AK0377", "addr_num": "122"}}, {"type": "Feature", "geometry": {"type": "Point", "coordinates": [2.752038, 48.739198]}, "properties": {"year": 2021, "valeur_fonciere": 200000.0, "type_local": "Dépendance", "surface_reelle_bati": null, "nombre_pieces_principales": 0.0, "adresse_nom_voie": "RUE DE PARIS", "price_per_sqm": null, "date_iso": "2021-11-02", "parcelle": "77470000AK0377", "addr_num": "122"}}, {"type": "Feature", "geometry": {"type": "Point", "coordinates": [2.752038, 48.739198]}, "properties": {"year": 2021, "valeur_fonciere": 200000.0, "type_local": "Dépendance", "surface_reelle_bati": null, "nombre_pieces_principales": 0.0, "adresse_nom_voie": "RUE DE PARIS", "price_per_sqm": null, "date_iso": "2021-11-02", "parcelle": "77470000AK0377", "addr_num": "122"}}, {"type": "Feature", "geometry": {"type": "Point", "coordinates": [2.752038, 48.739198]}, "properties": {"year": 2021, "valeur_fonciere": 200000.0, "type_local": "Maison", "surface_reelle_bati": 85.0, "nombre_pieces_principales": 3.0, "adresse_nom_voie": "RUE DE PARIS", "price_per_sqm": 2352.9411764705883, "date_iso": "2021-11-02", "parcelle": "77470000AK0377", "addr_num": "122"}}, {"type": "Feature", "geometry": {"type": "Point", "coordinates": [2.752038, 48.739198]}, "properties": {"year": 2021, "valeur_fonciere": 200000.0, "type_local": "Dépendance", "surface_reelle_bati": null, "nombre_pieces_principales": 0.0, "adresse_nom_voie": "RUE DE PARIS", "price_per_sqm": null, "date_iso": "2021-11-02", "parcelle": "77470000AK0377", "addr_num": "122"}}, {"type": "Feature", "geometry": {"type": "Point", "coordinates": [2.758801, 48.746901]}, "properties": {"year": 2021, "valeur_fonciere": 187000.0, "type_local": "Appartement", "surface_reelle_bati": 45.0, "nombre_pieces_principales": 2.0, "adresse_nom_voie": "AV DU GEN DE GAULLE", "price_per_sqm": 4155.555555555556, "date_iso": "2021-10-28", "parcelle": "77470000ZA0332", "addr_num": "35"}}, {"type": "Feature", "geometry": {"type": "Point", "coordinates": [2.758801, 48.746901]}, "properties": {"year": 2021, "valeur_fonciere": 187000.0, "type_local": "Dépendance", "surface_reelle_bati": null, "nombre_pieces_principales": 0.0, "adresse_nom_voie": "AV DU GEN DE GAULLE", "price_per_sqm": null, "date_iso": "2021-10-28", "parcelle": "77470000ZA0332", "addr_num": "35"}}, {"type": "Feature", "geometry": {"type": "Point", "coordinates": [2.760549, 48.738581]}, "properties": {"year": 2021, "valeur_fonciere": 330000.0, "type_local": "Maison", "surface_reelle_bati": 149.0, "nombre_pieces_principales": 5.0, "adresse_nom_voie": "RUE DE PARIS", "price_per_sqm": 2214.7651006711408, "date_iso": "2021-10-29", "parcelle": "77470000AK0047", "addr_num": "64"}}, {"type": "Feature", "geometry": {"type": "Point", "coordinates": [2.755904, 48.739964]}, "properties": {"year": 2021, "valeur_fonciere": 307000.0, "type_local": "Maison", "surface_reelle_bati": 84.0, "nombre_pieces_principales": 4.0, "adresse_nom_voie": "RUE DE LA SCIERIE", "price_per_sqm": 3654.7619047619046, "date_iso": "2021-11-09", "parcelle": "77470000AK0319", "addr_num": "24"}}, {"type": "Feature", "geometry": {"type": "Point", "coordinates": [2.764585, 48.741715]}, "properties": {"year": 2021, "valeur_fonciere": 320000.0, "type_local": null, "surface_reelle_bati": null, "nombre_pieces_principales": null, "adresse_nom_voie": "PL DU CHATEAU", "price_per_sqm": null, "date_iso": "2021-11-24", "parcelle": "77470000AI0277", "addr_num": ""}}, {"type": "Feature", "geometry": {"type": "Point", "coordinates": [2.76454, 48.741822]}, "properties": {"year": 2021, "valeur_fonciere": 320000.0, "type_local": "Maison", "surface_reelle_bati": 100.0, "nombre_pieces_principales": 5.0, "adresse_nom_voie": "RUE DE LA MONTAGNE", "price_per_sqm": 3200.0, "date_iso": "2021-11-24", "parcelle": "77470000AI0400", "addr_num": "1"}}, {"type": "Feature", "geometry": {"type": "Point", "coordinates": [2.758811, 48.737274]}, "properties": {"year": 2021, "valeur_fonciere": 3500.0, "type_local": null, "surface_reelle_bati": null, "nombre_pieces_principales": null, "adresse_nom_voie": "RUE DE VIGNOLLES", "price_per_sqm": null, "date_iso": "2021-11-04", "parcelle": "774700000C0324", "addr_num": "13"}}, {"type": "Feature", "geometry": {"type": "Point", "coordinates": [2.763586, 48.739752]}, "properties": {"year": 2021, "valeur_fonciere": 1033.0, "type_local": "Dépendance", "surface_reelle_bati": null, "nombre_pieces_principales": 0.0, "adresse_nom_voie": "RUE DES FOSSES", "price_per_sqm": null, "date_iso": "2021-11-25", "parcelle": "77470000AI0140", "addr_num": "7"}}, {"type": "Feature", "geometry": {"type": "Point", "coordinates": [2.763586, 48.739752]}, "properties": {"year": 2021, "valeur_fonciere": 1033.0, "type_local": "Appartement", "surface_reelle_bati": 44.0, "nombre_pieces_principales": 3.0, "adresse_nom_voie": "RUE DES FOSSES", "price_per_sqm": 23.477272727272727, "date_iso": "2021-11-25", "parcelle": "77470000AI0140", "addr_num": "7"}}, {"type": "Feature", "geometry": {"type": "Point", "coordinates": [2.763586, 48.739752]}, "properties": {"year": 2021, "valeur_fonciere": 1033.0, "type_local": "Dépendance", "surface_reelle_bati": null, "nombre_pieces_principales": 0.0, "adresse_nom_voie": "RUE DES FOSSES", "price_per_sqm": null, "date_iso": "2021-11-25", "parcelle": "77470000AI0140", "addr_num": "7"}}, {"type": "Feature", "geometry": {"type": "Point", "coordinates": [2.776912, 48.743715]}, "properties": {"year": 2021, "valeur_fonciere": 340000.0, "type_local": "Maison", "surface_reelle_bati": 91.0, "nombre_pieces_principales": 4.0, "adresse_nom_voie": "ALL DES COQUELICOTS", "price_per_sqm": 3736.263736263736, "date_iso": "2021-12-03", "parcelle": "77470000AE0642", "addr_num": "3"}}, {"type": "Feature", "geometry": {"type": "Point", "coordinates": [2.776912, 48.743715]}, "properties": {"year": 2021, "valeur_fonciere": 340000.0, "type_local": "Dépendance", "surface_reelle_bati": null, "nombre_pieces_principales": 0.0, "adresse_nom_voie": "ALL DES COQUELICOTS", "price_per_sqm": null, "date_iso": "2021-12-03", "parcelle": "77470000AE0642", "addr_num": "3"}}, {"type": "Feature", "geometry": {"type": "Point", "coordinates": [2.77679, 48.743594]}, "properties": {"year": 2021, "valeur_fonciere": 340000.0, "type_local": null, "surface_reelle_bati": null, "nombre_pieces_principales": null, "adresse_nom_voie": "RUE DE VILLE", "price_per_sqm": null, "date_iso": "2021-12-03", "parcelle": "77470000AE0788", "addr_num": ""}}, {"type": "Feature", "geometry": {"type": "Point", "coordinates": [2.771513, 48.744511]}, "properties": {"year": 2021, "valeur_fonciere": 371750.0, "type_local": "Maison", "surface_reelle_bati": 90.0, "nombre_pieces_principales": 4.0, "adresse_nom_voie": "RUE MOZART", "price_per_sqm": 4130.555555555556, "date_iso": "2021-12-13", "parcelle": "77470000ZA0243", "addr_num": "18"}}, {"type": "Feature", "geometry": {"type": "Point", "coordinates": [2.762158, 48.741776]}, "properties": {"year": 2021, "valeur_fonciere": 183000.0, "type_local": null, "surface_reelle_bati": null, "nombre_pieces_principales": null, "adresse_nom_voie": "RUE DU PDT POINCARE", "price_per_sqm": null, "date_iso": "2021-12-03", "parcelle": "77470000AI0230", "addr_num": "21"}}, {"type": "Feature", "geometry": {"type": "Point", "coordinates": [2.762158, 48.741776]}, "properties": {"year": 2021, "valeur_fonciere": 183000.0, "type_local": "Maison", "surface_reelle_bati": 85.0, "nombre_pieces_principales": 4.0, "adresse_nom_voie": "RUE DU PDT POINCARE", "price_per_sqm": 2152.9411764705883, "date_iso": "2021-12-03", "parcelle": "77470000AI0230", "addr_num": "23"}}, {"type": "Feature", "geometry": {"type": "Point", "coordinates": [2.773657, 48.743985]}, "properties": {"year": 2021, "valeur_fonciere": 149000.0, "type_local": "Maison", "surface_reelle_bati": 90.0, "nombre_pieces_principales": 4.0, "adresse_nom_voie": "RUE DES PRES BATAILLE", "price_per_sqm": 1655.5555555555557, "date_iso": "2021-12-09", "parcelle": "77470000ZA0258", "addr_num": "19"}}, {"type": "Feature", "geometry": {"type": "Point", "coordinates": [2.783097, 48.735935]}, "properties": {"year": 2021, "valeur_fonciere": 481000.0, "type_local": "Local industriel. commercial ou assimilé", "surface_reelle_bati": 383.0, "nombre_pieces_principales": 0.0, "adresse_nom_voie": "RUE LOUIS ARMAND", "price_per_sqm": 1255.8746736292428, "date_iso": "2021-09-28", "parcelle": "77470000ZE0240", "addr_num": "1"}}, {"type": "Feature", "geometry": {"type": "Point", "coordinates": [2.765626, 48.739603]}, "properties": {"year": 2021, "valeur_fonciere": 144000.0, "type_local": "Appartement", "surface_reelle_bati": 86.0, "nombre_pieces_principales": 2.0, "adresse_nom_voie": "RUE DE PROVINS", "price_per_sqm": 1674.4186046511627, "date_iso": "2021-11-24", "parcelle": "77470000AI0096", "addr_num": "22"}}, {"type": "Feature", "geometry": {"type": "Point", "coordinates": [2.777366, 48.74357]}, "properties": {"year": 2021, "valeur_fonciere": 354000.0, "type_local": "Maison", "surface_reelle_bati": 75.0, "nombre_pieces_principales": 5.0, "adresse_nom_voie": "ALL DES MARGUERITES", "price_per_sqm": 4720.0, "date_iso": "2021-12-17", "parcelle": "77470000AE0632", "addr_num": "2"}}, {"type": "Feature", "geometry": {"type": "Point", "coordinates": [2.761889, 48.741488]}, "properties": {"year": 2021, "valeur_fonciere": 510000.0, "type_local": "Maison", "surface_reelle_bati": 137.0, "nombre_pieces_principales": 5.0, "adresse_nom_voie": "RUE DES FRERES VINOT", "price_per_sqm": 3722.6277372262775, "date_iso": "2021-12-16", "parcelle": "77470000AI0011", "addr_num": "2"}}, {"type": "Feature", "geometry": {"type": "Point", "coordinates": [2.761889, 48.741488]}, "properties": {"year": 2021, "valeur_fonciere": 510000.0, "type_local": "Dépendance", "surface_reelle_bati": null, "nombre_pieces_principales": 0.0, "adresse_nom_voie": "RUE DES FRERES VINOT", "price_per_sqm": null, "date_iso": "2021-12-16", "parcelle": "77470000AI0011", "addr_num": "2"}}, {"type": "Feature", "geometry": {"type": "Point", "coordinates": [2.761726, 48.741465]}, "properties": {"year": 2021, "valeur_fonciere": 510000.0, "type_local": null, "surface_reelle_bati": null, "nombre_pieces_principales": null, "adresse_nom_voie": "RUE DES FRERES VINOT", "price_per_sqm": null, "date_iso": "2021-12-16", "parcelle": "77470000AI0012", "addr_num": ""}}, {"type": "Feature", "geometry": {"type": "Point", "coordinates": [2.760384, 48.744453]}, "properties": {"year": 2021, "valeur_fonciere": 358000.0, "type_local": "Maison", "surface_reelle_bati": 131.0, "nombre_pieces_principales": 6.0, "adresse_nom_voie": "RUE RUDYARD KIPLING", "price_per_sqm": 2732.8244274809163, "date_iso": "2021-12-21", "parcelle": "77470000ZA0509", "addr_num": "1"}}, {"type": "Feature", "geometry": {"type": "Point", "coordinates": [2.760177, 48.744523]}, "properties": {"year": 2021, "valeur_fonciere": 358000.0, "type_local": null, "surface_reelle_bati": null, "nombre_pieces_principales": null, "adresse_nom_voie": "LE GROS NOYER", "price_per_sqm": null, "date_iso": "2021-12-21", "parcelle": "77470000ZA0527", "addr_num": ""}}, {"type": "Feature", "geometry": {"type": "Point", "coordinates": [2.789204, 48.74636]}, "properties": {"year": 2021, "valeur_fonciere": 505000.0, "type_local": null, "surface_reelle_bati": null, "nombre_pieces_principales": null, "adresse_nom_voie": "VILLE", "price_per_sqm": null, "date_iso": "2021-12-20", "parcelle": "77470000AL0043", "addr_num": ""}}, {"type": "Feature", "geometry": {"type": "Point", "coordinates": [2.788928, 48.746501]}, "properties": {"year": 2021, "valeur_fonciere": 505000.0, "type_local": "Dépendance", "surface_reelle_bati": null, "nombre_pieces_principales": 0.0, "adresse_nom_voie": "HAM DE VILLE", "price_per_sqm": null, "date_iso": "2021-12-20", "parcelle": "77470000AL0149", "addr_num": "24"}}, {"type": "Feature", "geometry": {"type": "Point", "coordinates": [2.788928, 48.746501]}, "properties": {"year": 2021, "valeur_fonciere": 505000.0, "type_local": "Maison", "surface_reelle_bati": 85.0, "nombre_pieces_principales": 3.0, "adresse_nom_voie": "HAM DE VILLE", "price_per_sqm": 5941.176470588235, "date_iso": "2021-12-20", "parcelle": "77470000AL0149", "addr_num": "24"}}, {"type": "Feature", "geometry": {"type": "Point", "coordinates": [2.788928, 48.746501]}, "properties": {"year": 2021, "valeur_fonciere": 505000.0, "type_local": "Dépendance", "surface_reelle_bati": null, "nombre_pieces_principales": 0.0, "adresse_nom_voie": "HAM DE VILLE", "price_per_sqm": null, "date_iso": "2021-12-20", "parcelle": "77470000AL0149", "addr_num": "24"}}, {"type": "Feature", "geometry": {"type": "Point", "coordinates": [2.788928, 48.746501]}, "properties": {"year": 2021, "valeur_fonciere": 505000.0, "type_local": "Maison", "surface_reelle_bati": 85.0, "nombre_pieces_principales": 3.0, "adresse_nom_voie": "HAM DE VILLE", "price_per_sqm": 5941.176470588235, "date_iso": "2021-12-20", "parcelle": "77470000AL0149", "addr_num": "24"}}, {"type": "Feature", "geometry": {"type": "Point", "coordinates": [2.758268, 48.738242]}, "properties": {"year": 2021, "valeur_fonciere": 170000.0, "type_local": null, "surface_reelle_bati": null, "nombre_pieces_principales": null, "adresse_nom_voie": "RUE DE VIGNOLLES", "price_per_sqm": null, "date_iso": "2021-12-15", "parcelle": "77470000AK0431", "addr_num": "2"}}, {"type": "Feature", "geometry": {"type": "Point", "coordinates": [2.757474, 48.737454]}, "properties": {"year": 2021, "valeur_fonciere": 366000.0, "type_local": "Maison", "surface_reelle_bati": 71.0, "nombre_pieces_principales": 4.0, "adresse_nom_voie": "RUE DE VIGNOLLES", "price_per_sqm": 5154.929577464789, "date_iso": "2021-12-21", "parcelle": "77470000AK0264", "addr_num": "12"}}, {"type": "Feature", "geometry": {"type": "Point", "coordinates": [2.761364, 48.737968]}, "properties": {"year": 2021, "valeur_fonciere": 700000.0, "type_local": "Maison", "surface_reelle_bati": 254.0, "nombre_pieces_principales": 6.0, "adresse_nom_voie": "RUE DE PARIS", "price_per_sqm": 2755.9055118110236, "date_iso": "2021-12-23", "parcelle": "774700000C0239", "addr_num": "65"}}, {"type": "Feature", "geometry": {"type": "Point", "coordinates": [2.761364, 48.737968]}, "properties": {"year": 2021, "valeur_fonciere": 700000.0, "type_local": "Maison", "surface_reelle_bati": 254.0, "nombre_pieces_principales": 6.0, "adresse_nom_voie": "RUE DE PARIS", "price_per_sqm": 2755.9055118110236, "date_iso": "2021-12-23", "parcelle": "774700000C0239", "addr_num": "65"}}, {"type": "Feature", "geometry": {"type": "Point", "coordinates": [2.769872, 48.739821]}, "properties": {"year": 2021, "valeur_fonciere": 109000.0, "type_local": null, "surface_reelle_bati": null, "nombre_pieces_principales": null, "adresse_nom_voie": "RUE DU MAL FOCH", "price_per_sqm": null, "date_iso": "2021-12-28", "parcelle": "77470000AH0050", "addr_num": ""}}, {"type": "Feature", "geometry": {"type": "Point", "coordinates": [2.769903, 48.739766]}, "properties": {"year": 2021, "valeur_fonciere": 109000.0, "type_local": "Appartement", "surface_reelle_bati": 24.0, "nombre_pieces_principales": 1.0, "adresse_nom_voie": "RUE DU MAL FOCH", "price_per_sqm": 4541.666666666667, "date_iso": "2021-12-28", "parcelle": "77470000AH0417", "addr_num": "27"}}, {"type": "Feature", "geometry": {"type": "Point", "coordinates": [2.769955, 48.739935]}, "properties": {"year": 2021, "valeur_fonciere": 410000.0, "type_local": "Dépendance", "surface_reelle_bati": null, "nombre_pieces_principales": 0.0, "adresse_nom_voie": "RUE DU MAL FOCH", "price_per_sqm": null, "date_iso": "2021-12-23", "parcelle": "77470000AH0048", "addr_num": "29"}}, {"type": "Feature", "geometry": {"type": "Point", "coordinates": [2.769955, 48.739935]}, "properties": {"year": 2021, "valeur_fonciere": 410000.0, "type_local": "Appartement", "surface_reelle_bati": 59.0, "nombre_pieces_principales": 3.0, "adresse_nom_voie": "RUE DU MAL FOCH", "price_per_sqm": 6949.152542372882, "date_iso": "2021-12-23", "parcelle": "77470000AH0048", "addr_num": "29"}}, {"type": "Feature", "geometry": {"type": "Point", "coordinates": [2.769955, 48.739935]}, "properties": {"year": 2021, "valeur_fonciere": 410000.0, "type_local": "Appartement", "surface_reelle_bati": 30.0, "nombre_pieces_principales": 1.0, "adresse_nom_voie": "RUE DU MAL FOCH", "price_per_sqm": 13666.666666666666, "date_iso": "2021-12-23", "parcelle": "77470000AH0048", "addr_num": "29"}}, {"type": "Feature", "geometry": {"type": "Point", "coordinates": [2.769955, 48.739935]}, "properties": {"year": 2021, "valeur_fonciere": 410000.0, "type_local": "Appartement", "surface_reelle_bati": 32.0, "nombre_pieces_principales": 2.0, "adresse_nom_voie": "RUE DU MAL FOCH", "price_per_sqm": 12812.5, "date_iso": "2021-12-23", "parcelle": "77470000AH0048", "addr_num": "29"}}, {"type": "Feature", "geometry": {"type": "Point", "coordinates": [2.769955, 48.739935]}, "properties": {"year": 2021, "valeur_fonciere": 410000.0, "type_local": "Appartement", "surface_reelle_bati": 31.0, "nombre_pieces_principales": 2.0, "adresse_nom_voie": "RUE DU MAL FOCH", "price_per_sqm": 13225.806451612903, "date_iso": "2021-12-23", "parcelle": "77470000AH0048", "addr_num": "29"}}, {"type": "Feature", "geometry": {"type": "Point", "coordinates": [2.769955, 48.739935]}, "properties": {"year": 2021, "valeur_fonciere": 410000.0, "type_local": "Appartement", "surface_reelle_bati": 52.0, "nombre_pieces_principales": 2.0, "adresse_nom_voie": "RUE DU MAL FOCH", "price_per_sqm": 7884.615384615385, "date_iso": "2021-12-23", "parcelle": "77470000AH0048", "addr_num": "29"}}, {"type": "Feature", "geometry": {"type": "Point", "coordinates": [2.769955, 48.739935]}, "properties": {"year": 2021, "valeur_fonciere": 410000.0, "type_local": "Dépendance", "surface_reelle_bati": null, "nombre_pieces_principales": 0.0, "adresse_nom_voie": "RUE DU MAL FOCH", "price_per_sqm": null, "date_iso": "2021-12-23", "parcelle": "77470000AH0048", "addr_num": "29"}}, {"type": "Feature", "geometry": {"type": "Point", "coordinates": [2.769955, 48.739935]}, "properties": {"year": 2021, "valeur_fonciere": 410000.0, "type_local": "Dépendance", "surface_reelle_bati": null, "nombre_pieces_principales": 0.0, "adresse_nom_voie": "RUE DU MAL FOCH", "price_per_sqm": null, "date_iso": "2021-12-23", "parcelle": "77470000AH0048", "addr_num": "29"}}, {"type": "Feature", "geometry": {"type": "Point", "coordinates": [2.769955, 48.739935]}, "properties": {"year": 2021, "valeur_fonciere": 410000.0, "type_local": "Dépendance", "surface_reelle_bati": null, "nombre_pieces_principales": 0.0, "adresse_nom_voie": "RUE DU MAL FOCH", "price_per_sqm": null, "date_iso": "2021-12-23", "parcelle": "77470000AH0048", "addr_num": "29"}}, {"type": "Feature", "geometry": {"type": "Point", "coordinates": [2.769955, 48.739935]}, "properties": {"year": 2021, "valeur_fonciere": 410000.0, "type_local": "Dépendance", "surface_reelle_bati": null, "nombre_pieces_principales": 0.0, "adresse_nom_voie": "RUE DU MAL FOCH", "price_per_sqm": null, "date_iso": "2021-12-23", "parcelle": "77470000AH0048", "addr_num": "29"}}, {"type": "Feature", "geometry": {"type": "Point", "coordinates": [2.769955, 48.739935]}, "properties": {"year": 2021, "valeur_fonciere": 410000.0, "type_local": "Dépendance", "surface_reelle_bati": null, "nombre_pieces_principales": 0.0, "adresse_nom_voie": "RUE DU MAL FOCH", "price_per_sqm": null, "date_iso": "2021-12-23", "parcelle": "77470000AH0048", "addr_num": "29"}}, {"type": "Feature", "geometry": {"type": "Point", "coordinates": [2.769955, 48.739935]}, "properties": {"year": 2021, "valeur_fonciere": 410000.0, "type_local": "Dépendance", "surface_reelle_bati": null, "nombre_pieces_principales": 0.0, "adresse_nom_voie": "RUE DU MAL FOCH", "price_per_sqm": null, "date_iso": "2021-12-23", "parcelle": "77470000AH0048", "addr_num": "29"}}, {"type": "Feature", "geometry": {"type": "Point", "coordinates": [2.769955, 48.739935]}, "properties": {"year": 2021, "valeur_fonciere": 410000.0, "type_local": "Dépendance", "surface_reelle_bati": null, "nombre_pieces_principales": 0.0, "adresse_nom_voie": "RUE DU MAL FOCH", "price_per_sqm": null, "date_iso": "2021-12-23", "parcelle": "77470000AH0048", "addr_num": "29"}}, {"type": "Feature", "geometry": {"type": "Point", "coordinates": [2.769955, 48.739935]}, "properties": {"year": 2021, "valeur_fonciere": 410000.0, "type_local": "Dépendance", "surface_reelle_bati": null, "nombre_pieces_principales": 0.0, "adresse_nom_voie": "RUE DU MAL FOCH", "price_per_sqm": null, "date_iso": "2021-12-23", "parcelle": "77470000AH0048", "addr_num": "29"}}, {"type": "Feature", "geometry": {"type": "Point", "coordinates": [2.753098, 48.742857]}, "properties": {"year": 2022, "valeur_fonciere": 286500.0, "type_local": "Appartement", "surface_reelle_bati": 92.0, "nombre_pieces_principales": 5.0, "adresse_nom_voie": "RUE JULES LEFEVRE", "price_per_sqm": 3114.1304347826085, "date_iso": "2022-01-11", "parcelle": "77470000AB0295", "addr_num": "29"}}, {"type": "Feature", "geometry": {"type": "Point", "coordinates": [2.753098, 48.742857]}, "properties": {"year": 2022, "valeur_fonciere": 286500.0, "type_local": "Dépendance", "surface_reelle_bati": null, "nombre_pieces_principales": 0.0, "adresse_nom_voie": "RUE JULES LEFEVRE", "price_per_sqm": null, "date_iso": "2022-01-11", "parcelle": "77470000AB0295", "addr_num": "29"}}, {"type": "Feature", "geometry": {"type": "Point", "coordinates": [2.753098, 48.742857]}, "properties": {"year": 2022, "valeur_fonciere": 286500.0, "type_local": "Dépendance", "surface_reelle_bati": null, "nombre_pieces_principales": 0.0, "adresse_nom_voie": "RUE JULES LEFEVRE", "price_per_sqm": null, "date_iso": "2022-01-11", "parcelle": "77470000AB0295", "addr_num": "29"}}, {"type": "Feature", "geometry": {"type": "Point", "coordinates": [2.753098, 48.742857]}, "properties": {"year": 2022, "valeur_fonciere": 286500.0, "type_local": "Dépendance", "surface_reelle_bati": null, "nombre_pieces_principales": 0.0, "adresse_nom_voie": "RUE JULES LEFEVRE", "price_per_sqm": null, "date_iso": "2022-01-11", "parcelle": "77470000AB0295", "addr_num": "29"}}, {"type": "Feature", "geometry": {"type": "Point", "coordinates": [2.770983, 48.74136]}, "properties": {"year": 2022, "valeur_fonciere": 421000.0, "type_local": null, "surface_reelle_bati": null, "nombre_pieces_principales": null, "adresse_nom_voie": "RUE DES LAURIERS", "price_per_sqm": null, "date_iso": "2022-01-17", "parcelle": "77470000AE0659", "addr_num": "3"}}, {"type": "Feature", "geometry": {"type": "Point", "coordinates": [2.771165, 48.741418]}, "properties": {"year": 2022, "valeur_fonciere": 421000.0, "type_local": "Maison", "surface_reelle_bati": 142.0, "nombre_pieces_principales": 6.0, "adresse_nom_voie": "RUE DES LAURIERS", "price_per_sqm": 2964.788732394366, "date_iso": "2022-01-17", "parcelle": "77470000AE0660", "addr_num": "3"}}, {"type": "Feature", "geometry": {"type": "Point", "coordinates": [2.771165, 48.741418]}, "properties": {"year": 2022, "valeur_fonciere": 421000.0, "type_local": "Dépendance", "surface_reelle_bati": null, "nombre_pieces_principales": 0.0, "adresse_nom_voie": "RUE DES LAURIERS", "price_per_sqm": null, "date_iso": "2022-01-17", "parcelle": "77470000AE0660", "addr_num": "3"}}, {"type": "Feature", "geometry": {"type": "Point", "coordinates": [2.754103, 48.742905]}, "properties": {"year": 2022, "valeur_fonciere": 207000.0, "type_local": "Appartement", "surface_reelle_bati": 46.0, "nombre_pieces_principales": 2.0, "adresse_nom_voie": "RUE JULES LEFEVRE", "price_per_sqm": 4500.0, "date_iso": "2022-01-19", "parcelle": "77470000AB0007", "addr_num": "23"}}, {"type": "Feature", "geometry": {"type": "Point", "coordinates": [2.754103, 48.742905]}, "properties": {"year": 2022, "valeur_fonciere": 207000.0, "type_local": "Dépendance", "surface_reelle_bati": null, "nombre_pieces_principales": 0.0, "adresse_nom_voie": "RUE JULES LEFEVRE", "price_per_sqm": null, "date_iso": "2022-01-19", "parcelle": "77470000AB0007", "addr_num": "23"}}, {"type": "Feature", "geometry": {"type": "Point", "coordinates": [2.754103, 48.742905]}, "properties": {"year": 2022, "valeur_fonciere": 207000.0, "type_local": "Dépendance", "surface_reelle_bati": null, "nombre_pieces_principales": 0.0, "adresse_nom_voie": "RUE JULES LEFEVRE", "price_per_sqm": null, "date_iso": "2022-01-19", "parcelle": "77470000AB0007", "addr_num": "23"}}, {"type": "Feature", "geometry": {"type": "Point", "coordinates": [2.754103, 48.742905]}, "properties": {"year": 2022, "valeur_fonciere": 207000.0, "type_local": "Dépendance", "surface_reelle_bati": null, "nombre_pieces_principales": 0.0, "adresse_nom_voie": "RUE JULES LEFEVRE", "price_per_sqm": null, "date_iso": "2022-01-19", "parcelle": "77470000AB0007", "addr_num": "23"}}, {"type": "Feature", "geometry": {"type": "Point", "coordinates": [2.755231, 48.746195]}, "properties": {"year": 2022, "valeur_fonciere": 455000.0, "type_local": "Maison", "surface_reelle_bati": 155.0, "nombre_pieces_principales": 7.0, "adresse_nom_voie": "AV DU GEN DE GAULLE", "price_per_sqm": 2935.483870967742, "date_iso": "2022-01-10", "parcelle": "77470000ZA0592", "addr_num": "44"}}, {"type": "Feature", "geometry": {"type": "Point", "coordinates": [2.770956, 48.739357]}, "properties": {"year": 2022, "valeur_fonciere": 155910.0, "type_local": "Appartement", "surface_reelle_bati": 51.0, "nombre_pieces_principales": 2.0, "adresse_nom_voie": "RUE DE LA REPUBLIQUE", "price_per_sqm": 3057.0588235294117, "date_iso": "2022-01-24", "parcelle": "77470000AH0330", "addr_num": "24"}}, {"type": "Feature", "geometry": {"type": "Point", "coordinates": [2.770956, 48.739357]}, "properties": {"year": 2022, "valeur_fonciere": 155910.0, "type_local": "Dépendance", "surface_reelle_bati": null, "nombre_pieces_principales": 0.0, "adresse_nom_voie": "RUE DE LA REPUBLIQUE", "price_per_sqm": null, "date_iso": "2022-01-24", "parcelle": "77470000AH0330", "addr_num": "24"}}, {"type": "Feature", "geometry": {"type": "Point", "coordinates": [2.765626, 48.739603]}, "properties": {"year": 2022, "valeur_fonciere": 165750.0, "type_local": "Appartement", "surface_reelle_bati": 42.0, "nombre_pieces_principales": 2.0, "adresse_nom_voie": "RUE DE PROVINS", "price_per_sqm": 3946.4285714285716, "date_iso": "2022-02-04", "parcelle": "77470000AI0096", "addr_num": "22"}}, {"type": "Feature", "geometry": {"type": "Point", "coordinates": [2.75844, 48.738322]}, "properties": {"year": 2022, "valeur_fonciere": 170000.0, "type_local": null, "surface_reelle_bati": null, "nombre_pieces_principales": null, "adresse_nom_voie": "RUE DE VIGNOLLES", "price_per_sqm": null, "date_iso": "2022-02-14", "parcelle": "77470000AK0430", "addr_num": "2"}}, {"type": "Feature", "geometry": {"type": "Point", "coordinates": [2.772853, 48.73844]}, "properties": {"year": 2022, "valeur_fonciere": 232000.0, "type_local": "Dépendance", "surface_reelle_bati": null, "nombre_pieces_principales": 0.0, "adresse_nom_voie": "RUE DE LA MADELEINE", "price_per_sqm": null, "date_iso": "2022-01-29", "parcelle": "77470000AH0492", "addr_num": "61"}}, {"type": "Feature", "geometry": {"type": "Point", "coordinates": [2.772853, 48.73844]}, "properties": {"year": 2022, "valeur_fonciere": 232000.0, "type_local": "Appartement", "surface_reelle_bati": 65.0, "nombre_pieces_principales": 3.0, "adresse_nom_voie": "RUE DE LA MADELEINE", "price_per_sqm": 3569.230769230769, "date_iso": "2022-01-29", "parcelle": "77470000AH0492", "addr_num": "61"}}, {"type": "Feature", "geometry": {"type": "Point", "coordinates": [2.772853, 48.73844]}, "properties": {"year": 2022, "valeur_fonciere": 232000.0, "type_local": "Dépendance", "surface_reelle_bati": null, "nombre_pieces_principales": 0.0, "adresse_nom_voie": "RUE DE LA MADELEINE", "price_per_sqm": null, "date_iso": "2022-01-29", "parcelle": "77470000AH0492", "addr_num": "61"}}, {"type": "Feature", "geometry": {"type": "Point", "coordinates": [2.753553, 48.743985]}, "properties": {"year": 2022, "valeur_fonciere": 267000.0, "type_local": "Appartement", "surface_reelle_bati": 74.0, "nombre_pieces_principales": 3.0, "adresse_nom_voie": "RUE JULES LEFEVRE", "price_per_sqm": 3608.108108108108, "date_iso": "2022-02-17", "parcelle": "77470000AB0292", "addr_num": "12"}}, {"type": "Feature", "geometry": {"type": "Point", "coordinates": [2.753553, 48.743985]}, "properties": {"year": 2022, "valeur_fonciere": 267000.0, "type_local": "Dépendance", "surface_reelle_bati": null, "nombre_pieces_principales": 0.0, "adresse_nom_voie": "RUE JULES LEFEVRE", "price_per_sqm": null, "date_iso": "2022-02-17", "parcelle": "77470000AB0292", "addr_num": "12"}}, {"type": "Feature", "geometry": {"type": "Point", "coordinates": [2.754103, 48.742905]}, "properties": {"year": 2022, "valeur_fonciere": 13500.0, "type_local": "Dépendance", "surface_reelle_bati": null, "nombre_pieces_principales": 0.0, "adresse_nom_voie": "RUE JULES LEFEVRE", "price_per_sqm": null, "date_iso": "2022-02-21", "parcelle": "77470000AB0007", "addr_num": "23"}}, {"type": "Feature", "geometry": {"type": "Point", "coordinates": [2.754103, 48.742905]}, "properties": {"year": 2022, "valeur_fonciere": 13500.0, "type_local": "Dépendance", "surface_reelle_bati": null, "nombre_pieces_principales": 0.0, "adresse_nom_voie": "RUE JULES LEFEVRE", "price_per_sqm": null, "date_iso": "2022-02-21", "parcelle": "77470000AB0007", "addr_num": "23"}}, {"type": "Feature", "geometry": {"type": "Point", "coordinates": [2.754103, 48.742905]}, "properties": {"year": 2022, "valeur_fonciere": 13500.0, "type_local": "Dépendance", "surface_reelle_bati": null, "nombre_pieces_principales": 0.0, "adresse_nom_voie": "RUE JULES LEFEVRE", "price_per_sqm": null, "date_iso": "2022-02-21", "parcelle": "77470000AB0007", "addr_num": "23"}}, {"type": "Feature", "geometry": {"type": "Point", "coordinates": [2.754103, 48.742905]}, "properties": {"year": 2022, "valeur_fonciere": 13500.0, "type_local": "Appartement", "surface_reelle_bati": 46.0, "nombre_pieces_principales": 2.0, "adresse_nom_voie": "RUE JULES LEFEVRE", "price_per_sqm": 293.4782608695652, "date_iso": "2022-02-21", "parcelle": "77470000AB0007", "addr_num": "23"}}, {"type": "Feature", "geometry": {"type": "Point", "coordinates": [2.767828, 48.743766]}, "properties": {"year": 2022, "valeur_fonciere": 341500.0, "type_local": "Dépendance", "surface_reelle_bati": null, "nombre_pieces_principales": 0.0, "adresse_nom_voie": "ALL DE LA MARSANGE", "price_per_sqm": null, "date_iso": "2022-02-17", "parcelle": "77470000AD0330", "addr_num": "1"}}, {"type": "Feature", "geometry": {"type": "Point", "coordinates": [2.767828, 48.743766]}, "properties": {"year": 2022, "valeur_fonciere": 341500.0, "type_local": "Maison", "surface_reelle_bati": 104.0, "nombre_pieces_principales": 4.0, "adresse_nom_voie": "ALL DE LA MARSANGE", "price_per_sqm": 3283.653846153846, "date_iso": "2022-02-17", "parcelle": "77470000AD0330", "addr_num": "9"}}, {"type": "Feature", "geometry": {"type": "Point", "coordinates": [2.771, 48.737661]}, "properties": {"year": 2022, "valeur_fonciere": 325000.0, "type_local": "Dépendance", "surface_reelle_bati": null, "nombre_pieces_principales": 0.0, "adresse_nom_voie": "RUE DE MELUN", "price_per_sqm": null, "date_iso": "2022-02-17", "parcelle": "77470000AH0375", "addr_num": "5"}}, {"type": "Feature", "geometry": {"type": "Point", "coordinates": [2.771, 48.737661]}, "properties": {"year": 2022, "valeur_fonciere": 325000.0, "type_local": "Maison", "surface_reelle_bati": 106.0, "nombre_pieces_principales": 3.0, "adresse_nom_voie": "RUE DE MELUN", "price_per_sqm": 3066.0377358490564, "date_iso": "2022-02-17", "parcelle": "77470000AH0375", "addr_num": "5"}}, {"type": "Feature", "geometry": {"type": "Point", "coordinates": [2.763896, 48.741771]}, "properties": {"year": 2022, "valeur_fonciere": 152625.0, "type_local": "Dépendance", "surface_reelle_bati": null, "nombre_pieces_principales": 0.0, "adresse_nom_voie": "RUE DE LA MONTAGNE", "price_per_sqm": null, "date_iso": "2022-02-17", "parcelle": "77470000AI0379", "addr_num": "3"}}, {"type": "Feature", "geometry": {"type": "Point", "coordinates": [2.763896, 48.741771]}, "properties": {"year": 2022, "valeur_fonciere": 152625.0, "type_local": "Appartement", "surface_reelle_bati": 38.0, "nombre_pieces_principales": 2.0, "adresse_nom_voie": "RUE DE LA MONTAGNE", "price_per_sqm": 4016.4473684210525, "date_iso": "2022-02-17", "parcelle": "77470000AI0379", "addr_num": "3"}}, {"type": "Feature", "geometry": {"type": "Point", "coordinates": [2.768867, 48.738777]}, "properties": {"year": 2022, "valeur_fonciere": 257000.0, "type_local": "Maison", "surface_reelle_bati": 71.0, "nombre_pieces_principales": 4.0, "adresse_nom_voie": "RUE DU MAL FOCH", "price_per_sqm": 3619.718309859155, "date_iso": "2022-02-09", "parcelle": "77470000AH0080", "addr_num": "2"}}, {"type": "Feature", "geometry": {"type": "Point", "coordinates": [2.772853, 48.73844]}, "properties": {"year": 2022, "valeur_fonciere": 220000.0, "type_local": "Appartement", "surface_reelle_bati": 60.0, "nombre_pieces_principales": 3.0, "adresse_nom_voie": "RUE DE LA MADELEINE", "price_per_sqm": 3666.6666666666665, "date_iso": "2022-02-16", "parcelle": "77470000AH0492", "addr_num": "61"}}, {"type": "Feature", "geometry": {"type": "Point", "coordinates": [2.772853, 48.73844]}, "properties": {"year": 2022, "valeur_fonciere": 220000.0, "type_local": "Dépendance", "surface_reelle_bati": null, "nombre_pieces_principales": 0.0, "adresse_nom_voie": "RUE DE LA MADELEINE", "price_per_sqm": null, "date_iso": "2022-02-16", "parcelle": "77470000AH0492", "addr_num": "61"}}, {"type": "Feature", "geometry": {"type": "Point", "coordinates": [2.772853, 48.73844]}, "properties": {"year": 2022, "valeur_fonciere": 175000.0, "type_local": "Appartement", "surface_reelle_bati": 59.0, "nombre_pieces_principales": 3.0, "adresse_nom_voie": "RUE DE LA MADELEINE", "price_per_sqm": 2966.101694915254, "date_iso": "2022-02-16", "parcelle": "77470000AH0492", "addr_num": "61"}}, {"type": "Feature", "geometry": {"type": "Point", "coordinates": [2.772853, 48.73844]}, "properties": {"year": 2022, "valeur_fonciere": 175000.0, "type_local": "Dépendance", "surface_reelle_bati": null, "nombre_pieces_principales": 0.0, "adresse_nom_voie": "RUE DE LA MADELEINE", "price_per_sqm": null, "date_iso": "2022-02-16", "parcelle": "77470000AH0492", "addr_num": "61"}}, {"type": "Feature", "geometry": {"type": "Point", "coordinates": [2.764208, 48.740237]}, "properties": {"year": 2022, "valeur_fonciere": 450000.0, "type_local": "Appartement", "surface_reelle_bati": 48.0, "nombre_pieces_principales": 2.0, "adresse_nom_voie": "RUE DE PARIS", "price_per_sqm": 9375.0, "date_iso": "2022-02-17", "parcelle": "77470000AI0129", "addr_num": "22"}}, {"type": "Feature", "geometry": {"type": "Point", "coordinates": [2.764208, 48.740237]}, "properties": {"year": 2022, "valeur_fonciere": 450000.0, "type_local": "Appartement", "surface_reelle_bati": 40.0, "nombre_pieces_principales": 2.0, "adresse_nom_voie": "RUE DE PARIS", "price_per_sqm": 11250.0, "date_iso": "2022-02-17", "parcelle": "77470000AI0129", "addr_num": "22"}}, {"type": "Feature", "geometry": {"type": "Point", "coordinates": [2.764208, 48.740237]}, "properties": {"year": 2022, "valeur_fonciere": 450000.0, "type_local": "Local industriel. commercial ou assimilé", "surface_reelle_bati": 145.0, "nombre_pieces_principales": 0.0, "adresse_nom_voie": "RUE DE PARIS", "price_per_sqm": 3103.448275862069, "date_iso": "2022-02-17", "parcelle": "77470000AI0129", "addr_num": "22"}}, {"type": "Feature", "geometry": {"type": "Point", "coordinates": [2.757914, 48.742034]}, "properties": {"year": 2022, "valeur_fonciere": 310000.0, "type_local": "Maison", "surface_reelle_bati": 78.0, "nombre_pieces_principales": 5.0, "adresse_nom_voie": "RUE JULES LEFEVRE", "price_per_sqm": 3974.358974358974, "date_iso": "2022-03-02", "parcelle": "77470000AB0147", "addr_num": "1"}}, {"type": "Feature", "geometry": {"type": "Point", "coordinates": [2.756462, 48.73929]}, "properties": {"year": 2022, "valeur_fonciere": 354000.0, "type_local": "Maison", "surface_reelle_bati": 114.0, "nombre_pieces_principales": 6.0, "adresse_nom_voie": "RUE DE LA SCIERIE", "price_per_sqm": 3105.2631578947367, "date_iso": "2022-03-03", "parcelle": "77470000AK0308", "addr_num": "2"}}, {"type": "Feature", "geometry": {"type": "Point", "coordinates": [2.753098, 48.742857]}, "properties": {"year": 2022, "valeur_fonciere": 230000.0, "type_local": "Dépendance", "surface_reelle_bati": null, "nombre_pieces_principales": 0.0, "adresse_nom_voie": "RUE JULES LEFEVRE", "price_per_sqm": null, "date_iso": "2022-03-18", "parcelle": "77470000AB0295", "addr_num": "29"}}, {"type": "Feature", "geometry": {"type": "Point", "coordinates": [2.753098, 48.742857]}, "properties": {"year": 2022, "valeur_fonciere": 230000.0, "type_local": "Dépendance", "surface_reelle_bati": null, "nombre_pieces_principales": 0.0, "adresse_nom_voie": "RUE JULES LEFEVRE", "price_per_sqm": null, "date_iso": "2022-03-18", "parcelle": "77470000AB0295", "addr_num": "29"}}, {"type": "Feature", "geometry": {"type": "Point", "coordinates": [2.753098, 48.742857]}, "properties": {"year": 2022, "valeur_fonciere": 230000.0, "type_local": "Dépendance", "surface_reelle_bati": null, "nombre_pieces_principales": 0.0, "adresse_nom_voie": "RUE JULES LEFEVRE", "price_per_sqm": null, "date_iso": "2022-03-18", "parcelle": "77470000AB0295", "addr_num": "29"}}, {"type": "Feature", "geometry": {"type": "Point", "coordinates": [2.753098, 48.742857]}, "properties": {"year": 2022, "valeur_fonciere": 230000.0, "type_local": "Appartement", "surface_reelle_bati": 64.0, "nombre_pieces_principales": 3.0, "adresse_nom_voie": "RUE JULES LEFEVRE", "price_per_sqm": 3593.75, "date_iso": "2022-03-18", "parcelle": "77470000AB0295", "addr_num": "29"}}, {"type": "Feature", "geometry": {"type": "Point", "coordinates": [2.771764, 48.744851]}, "properties": {"year": 2022, "valeur_fonciere": 430500.0, "type_local": "Maison", "surface_reelle_bati": 94.0, "nombre_pieces_principales": 4.0, "adresse_nom_voie": "RUE MOZART", "price_per_sqm": 4579.787234042553, "date_iso": "2022-03-23", "parcelle": "77470000ZA0245", "addr_num": "22"}}, {"type": "Feature", "geometry": {"type": "Point", "coordinates": [2.772853, 48.73844]}, "properties": {"year": 2022, "valeur_fonciere": 205000.0, "type_local": "Appartement", "surface_reelle_bati": 60.0, "nombre_pieces_principales": 3.0, "adresse_nom_voie": "RUE DE LA MADELEINE", "price_per_sqm": 3416.6666666666665, "date_iso": "2022-03-25", "parcelle": "77470000AH0492", "addr_num": "61"}}, {"type": "Feature", "geometry": {"type": "Point", "coordinates": [2.772853, 48.73844]}, "properties": {"year": 2022, "valeur_fonciere": 205000.0, "type_local": "Dépendance", "surface_reelle_bati": null, "nombre_pieces_principales": 0.0, "adresse_nom_voie": "RUE DE LA MADELEINE", "price_per_sqm": null, "date_iso": "2022-03-25", "parcelle": "77470000AH0492", "addr_num": "61"}}, {"type": "Feature", "geometry": {"type": "Point", "coordinates": [2.772853, 48.73844]}, "properties": {"year": 2022, "valeur_fonciere": 205000.0, "type_local": "Dépendance", "surface_reelle_bati": null, "nombre_pieces_principales": 0.0, "adresse_nom_voie": "RUE DE LA MADELEINE", "price_per_sqm": null, "date_iso": "2022-03-25", "parcelle": "77470000AH0492", "addr_num": "61"}}, {"type": "Feature", "geometry": {"type": "Point", "coordinates": [2.770524, 48.74073]}, "properties": {"year": 2022, "valeur_fonciere": 208000.0, "type_local": "Appartement", "surface_reelle_bati": 57.0, "nombre_pieces_principales": 3.0, "adresse_nom_voie": "RUE TRAVERSIERE", "price_per_sqm": 3649.122807017544, "date_iso": "2022-03-30", "parcelle": "77470000AH0373", "addr_num": "1"}}, {"type": "Feature", "geometry": {"type": "Point", "coordinates": [2.770524, 48.74073]}, "properties": {"year": 2022, "valeur_fonciere": 208000.0, "type_local": "Dépendance", "surface_reelle_bati": null, "nombre_pieces_principales": 0.0, "adresse_nom_voie": "RUE TRAVERSIERE", "price_per_sqm": null, "date_iso": "2022-03-30", "parcelle": "77470000AH0373", "addr_num": "1"}}, {"type": "Feature", "geometry": {"type": "Point", "coordinates": [2.769672, 48.738602]}, "properties": {"year": 2022, "valeur_fonciere": 145000.0, "type_local": null, "surface_reelle_bati": null, "nombre_pieces_principales": null, "adresse_nom_voie": "RUE DE LA REPUBLIQUE", "price_per_sqm": null, "date_iso": "2022-04-04", "parcelle": "77470000AH0113", "addr_num": ""}}, {"type": "Feature", "geometry": {"type": "Point", "coordinates": [2.769697, 48.738513]}, "properties": {"year": 2022, "valeur_fonciere": 145000.0, "type_local": "Maison", "surface_reelle_bati": 83.0, "nombre_pieces_principales": 3.0, "adresse_nom_voie": "RUE DE LA MADELEINE", "price_per_sqm": 1746.987951807229, "date_iso": "2022-04-04", "parcelle": "77470000AH0117", "addr_num": "19"}}, {"type": "Feature", "geometry": {"type": "Point", "coordinates": [2.762158, 48.741776]}, "properties": {"year": 2022, "valeur_fonciere": 355000.0, "type_local": null, "surface_reelle_bati": null, "nombre_pieces_principales": null, "adresse_nom_voie": "RUE DU PDT POINCARE", "price_per_sqm": null, "date_iso": "2022-03-07", "parcelle": "77470000AI0230", "addr_num": "21"}}, {"type": "Feature", "geometry": {"type": "Point", "coordinates": [2.762158, 48.741776]}, "properties": {"year": 2022, "valeur_fonciere": 355000.0, "type_local": null, "surface_reelle_bati": null, "nombre_pieces_principales": null, "adresse_nom_voie": "RUE DU PDT POINCARE", "price_per_sqm": null, "date_iso": "2022-03-07", "parcelle": "77470000AI0230", "addr_num": "21"}}, {"type": "Feature", "geometry": {"type": "Point", "coordinates": [2.762158, 48.741776]}, "properties": {"year": 2022, "valeur_fonciere": 355000.0, "type_local": "Dépendance", "surface_reelle_bati": null, "nombre_pieces_principales": 0.0, "adresse_nom_voie": "RUE DU PDT POINCARE", "price_per_sqm": null, "date_iso": "2022-03-07", "parcelle": "77470000AI0230", "addr_num": "23"}}, {"type": "Feature", "geometry": {"type": "Point", "coordinates": [2.762158, 48.741776]}, "properties": {"year": 2022, "valeur_fonciere": 355000.0, "type_local": null, "surface_reelle_bati": null, "nombre_pieces_principales": null, "adresse_nom_voie": "RUE DU PDT POINCARE", "price_per_sqm": null, "date_iso": "2022-03-07", "parcelle": "77470000AI0230", "addr_num": "21"}}, {"type": "Feature", "geometry": {"type": "Point", "coordinates": [2.762158, 48.741776]}, "properties": {"year": 2022, "valeur_fonciere": 355000.0, "type_local": "Maison", "surface_reelle_bati": 71.0, "nombre_pieces_principales": 4.0, "adresse_nom_voie": "RUE DU PDT POINCARE", "price_per_sqm": 5000.0, "date_iso": "2022-03-07", "parcelle": "77470000AI0230", "addr_num": "25"}}, {"type": "Feature", "geometry": {"type": "Point", "coordinates": [2.762158, 48.741776]}, "properties": {"year": 2022, "valeur_fonciere": 355000.0, "type_local": null, "surface_reelle_bati": null, "nombre_pieces_principales": null, "adresse_nom_voie": "RUE DU PDT POINCARE", "price_per_sqm": null, "date_iso": "2022-03-07", "parcelle": "77470000AI0230", "addr_num": "21"}}, {"type": "Feature", "geometry": {"type": "Point", "coordinates": [2.762158, 48.741776]}, "properties": {"year": 2022, "valeur_fonciere": 355000.0, "type_local": "Maison", "surface_reelle_bati": 71.0, "nombre_pieces_principales": 4.0, "adresse_nom_voie": "RUE DU PDT POINCARE", "price_per_sqm": 5000.0, "date_iso": "2022-03-07", "parcelle": "77470000AI0230", "addr_num": "25"}}, {"type": "Feature", "geometry": {"type": "Point", "coordinates": [2.753098, 48.742857]}, "properties": {"year": 2022, "valeur_fonciere": 268000.0, "type_local": "Dépendance", "surface_reelle_bati": null, "nombre_pieces_principales": 0.0, "adresse_nom_voie": "RUE JULES LEFEVRE", "price_per_sqm": null, "date_iso": "2022-04-05", "parcelle": "77470000AB0295", "addr_num": "29"}}, {"type": "Feature", "geometry": {"type": "Point", "coordinates": [2.753098, 48.742857]}, "properties": {"year": 2022, "valeur_fonciere": 268000.0, "type_local": "Appartement", "surface_reelle_bati": 84.0, "nombre_pieces_principales": 4.0, "adresse_nom_voie": "RUE JULES LEFEVRE", "price_per_sqm": 3190.4761904761904, "date_iso": "2022-04-05", "parcelle": "77470000AB0295", "addr_num": "29"}}, {"type": "Feature", "geometry": {"type": "Point", "coordinates": [2.753098, 48.742857]}, "properties": {"year": 2022, "valeur_fonciere": 268000.0, "type_local": "Dépendance", "surface_reelle_bati": null, "nombre_pieces_principales": 0.0, "adresse_nom_voie": "RUE JULES LEFEVRE", "price_per_sqm": null, "date_iso": "2022-04-05", "parcelle": "77470000AB0295", "addr_num": "29"}}, {"type": "Feature", "geometry": {"type": "Point", "coordinates": [2.753098, 48.742857]}, "properties": {"year": 2022, "valeur_fonciere": 268000.0, "type_local": "Dépendance", "surface_reelle_bati": null, "nombre_pieces_principales": 0.0, "adresse_nom_voie": "RUE JULES LEFEVRE", "price_per_sqm": null, "date_iso": "2022-04-05", "parcelle": "77470000AB0295", "addr_num": "29"}}, {"type": "Feature", "geometry": {"type": "Point", "coordinates": [2.771042, 48.7431]}, "properties": {"year": 2022, "valeur_fonciere": 341900.0, "type_local": null, "surface_reelle_bati": null, "nombre_pieces_principales": null, "adresse_nom_voie": "LE MARTRAY", "price_per_sqm": null, "date_iso": "2022-04-06", "parcelle": "77470000AE0157", "addr_num": ""}}, {"type": "Feature", "geometry": {"type": "Point", "coordinates": [2.771185, 48.742895]}, "properties": {"year": 2022, "valeur_fonciere": 341900.0, "type_local": null, "surface_reelle_bati": null, "nombre_pieces_principales": null, "adresse_nom_voie": "LE MARTRAY", "price_per_sqm": null, "date_iso": "2022-04-06", "parcelle": "77470000AE0162", "addr_num": ""}}, {"type": "Feature", "geometry": {"type": "Point", "coordinates": [2.775165, 48.741451]}, "properties": {"year": 2022, "valeur_fonciere": 341900.0, "type_local": null, "surface_reelle_bati": null, "nombre_pieces_principales": null, "adresse_nom_voie": "RUE DE VILLE", "price_per_sqm": null, "date_iso": "2022-04-06", "parcelle": "77470000AE0299", "addr_num": ""}}, {"type": "Feature", "geometry": {"type": "Point", "coordinates": [2.774481, 48.742035]}, "properties": {"year": 2022, "valeur_fonciere": 341900.0, "type_local": null, "surface_reelle_bati": null, "nombre_pieces_principales": null, "adresse_nom_voie": "AV DES BOISSIERES", "price_per_sqm": null, "date_iso": "2022-04-06", "parcelle": "77470000AE0312", "addr_num": ""}}, {"type": "Feature", "geometry": {"type": "Point", "coordinates": [2.774354, 48.742035]}, "properties": {"year": 2022, "valeur_fonciere": 341900.0, "type_local": "Maison", "surface_reelle_bati": 107.0, "nombre_pieces_principales": 5.0, "adresse_nom_voie": "AV DES BOISSIERES", "price_per_sqm": 3195.3271028037384, "date_iso": "2022-04-06", "parcelle": "77470000AE0313", "addr_num": "30"}}, {"type": "Feature", "geometry": {"type": "Point", "coordinates": [2.773374, 48.74166]}, "properties": {"year": 2022, "valeur_fonciere": 341900.0, "type_local": null, "surface_reelle_bati": null, "nombre_pieces_principales": null, "adresse_nom_voie": "LE VAL DES BOISSIERES", "price_per_sqm": null, "date_iso": "2022-04-06", "parcelle": "77470000AE0330", "addr_num": ""}}, {"type": "Feature", "geometry": {"type": "Point", "coordinates": [2.773095, 48.741943]}, "properties": {"year": 2022, "valeur_fonciere": 341900.0, "type_local": null, "surface_reelle_bati": null, "nombre_pieces_principales": null, "adresse_nom_voie": "LE VAL DES BOISSIERES", "price_per_sqm": null, "date_iso": "2022-04-06", "parcelle": "77470000AE0337", "addr_num": ""}}, {"type": "Feature", "geometry": {"type": "Point", "coordinates": [2.772712, 48.742435]}, "properties": {"year": 2022, "valeur_fonciere": 341900.0, "type_local": "Local industriel. commercial ou assimilé", "surface_reelle_bati": null, "nombre_pieces_principales": 0.0, "adresse_nom_voie": "LE VAL DES BOISSIERES", "price_per_sqm": null, "date_iso": "2022-04-06", "parcelle": "77470000AE0346", "addr_num": "9001"}}, {"type": "Feature", "geometry": {"type": "Point", "coordinates": [2.771764, 48.741891]}, "properties": {"year": 2022, "valeur_fonciere": 341900.0, "type_local": null, "surface_reelle_bati": null, "nombre_pieces_principales": null, "adresse_nom_voie": "LE MARTRAY", "price_per_sqm": null, "date_iso": "2022-04-06", "parcelle": "77470000AE0358", "addr_num": ""}}, {"type": "Feature", "geometry": {"type": "Point", "coordinates": [2.770768, 48.742477]}, "properties": {"year": 2022, "valeur_fonciere": 341900.0, "type_local": null, "surface_reelle_bati": null, "nombre_pieces_principales": null, "adresse_nom_voie": "LE MARTRAY", "price_per_sqm": null, "date_iso": "2022-04-06", "parcelle": "77470000AE0370", "addr_num": ""}}, {"type": "Feature", "geometry": {"type": "Point", "coordinates": [2.770574, 48.742444]}, "properties": {"year": 2022, "valeur_fonciere": 341900.0, "type_local": null, "surface_reelle_bati": null, "nombre_pieces_principales": null, "adresse_nom_voie": "LE MARTRAY", "price_per_sqm": null, "date_iso": "2022-04-06", "parcelle": "77470000AE0371", "addr_num": ""}}, {"type": "Feature", "geometry": {"type": "Point", "coordinates": [2.770045, 48.742356]}, "properties": {"year": 2022, "valeur_fonciere": 341900.0, "type_local": null, "surface_reelle_bati": null, "nombre_pieces_principales": null, "adresse_nom_voie": "LE MARTRAY", "price_per_sqm": null, "date_iso": "2022-04-06", "parcelle": "77470000AE0374", "addr_num": ""}}, {"type": "Feature", "geometry": {"type": "Point", "coordinates": [2.773312, 48.742378]}, "properties": {"year": 2022, "valeur_fonciere": 341900.0, "type_local": null, "surface_reelle_bati": null, "nombre_pieces_principales": null, "adresse_nom_voie": "LE MARTRAY", "price_per_sqm": null, "date_iso": "2022-04-06", "parcelle": "77470000AE0375", "addr_num": ""}}, {"type": "Feature", "geometry": {"type": "Point", "coordinates": [2.789204, 48.74636]}, "properties": {"year": 2022, "valeur_fonciere": 230000.0, "type_local": null, "surface_reelle_bati": null, "nombre_pieces_principales": null, "adresse_nom_voie": "VILLE", "price_per_sqm": null, "date_iso": "2022-03-31", "parcelle": "77470000AL0043", "addr_num": ""}}, {"type": "Feature", "geometry": {"type": "Point", "coordinates": [2.767078, 48.738945]}, "properties": {"year": 2022, "valeur_fonciere": 380000.0, "type_local": "Dépendance", "surface_reelle_bati": null, "nombre_pieces_principales": 0.0, "adresse_nom_voie": "RUE DE PROVINS", "price_per_sqm": null, "date_iso": "2022-03-16", "parcelle": "77470000AH0226", "addr_num": "50"}}, {"type": "Feature", "geometry": {"type": "Point", "coordinates": [2.767078, 48.738945]}, "properties": {"year": 2022, "valeur_fonciere": 380000.0, "type_local": "Maison", "surface_reelle_bati": 125.0, "nombre_pieces_principales": 6.0, "adresse_nom_voie": "RUE DE PROVINS", "price_per_sqm": 3040.0, "date_iso": "2022-03-16", "parcelle": "77470000AH0226", "addr_num": "50"}}, {"type": "Feature", "geometry": {"type": "Point", "coordinates": [2.767078, 48.738945]}, "properties": {"year": 2022, "valeur_fonciere": 380000.0, "type_local": "Dépendance", "surface_reelle_bati": null, "nombre_pieces_principales": 0.0, "adresse_nom_voie": "RUE DE PROVINS", "price_per_sqm": null, "date_iso": "2022-03-16", "parcelle": "77470000AH0226", "addr_num": "50"}}, {"type": "Feature", "geometry": {"type": "Point", "coordinates": [2.766732, 48.738714]}, "properties": {"year": 2022, "valeur_fonciere": 380000.0, "type_local": "Dépendance", "surface_reelle_bati": null, "nombre_pieces_principales": 0.0, "adresse_nom_voie": "RUE DE LA CORDERIE", "price_per_sqm": null, "date_iso": "2022-03-16", "parcelle": "77470000AH0250", "addr_num": "9002"}}, {"type": "Feature", "geometry": {"type": "Point", "coordinates": [2.766732, 48.738714]}, "properties": {"year": 2022, "valeur_fonciere": 380000.0, "type_local": "Dépendance", "surface_reelle_bati": null, "nombre_pieces_principales": 0.0, "adresse_nom_voie": "RUE DE LA CORDERIE", "price_per_sqm": null, "date_iso": "2022-03-16", "parcelle": "77470000AH0250", "addr_num": "9002"}}, {"type": "Feature", "geometry": {"type": "Point", "coordinates": [2.768747, 48.740793]}, "properties": {"year": 2022, "valeur_fonciere": 285000.0, "type_local": "Maison", "surface_reelle_bati": 65.0, "nombre_pieces_principales": 4.0, "adresse_nom_voie": "RUE DU MARTRAY", "price_per_sqm": 4384.615384615385, "date_iso": "2022-03-25", "parcelle": "77470000AH0031", "addr_num": "21"}}, {"type": "Feature", "geometry": {"type": "Point", "coordinates": [2.764697, 48.742982]}, "properties": {"year": 2022, "valeur_fonciere": 325000.0, "type_local": "Maison", "surface_reelle_bati": 78.0, "nombre_pieces_principales": 5.0, "adresse_nom_voie": "RUE DES CARREAUX", "price_per_sqm": 4166.666666666667, "date_iso": "2022-04-11", "parcelle": "77470000AD0100", "addr_num": "22"}}, {"type": "Feature", "geometry": {"type": "Point", "coordinates": [2.764697, 48.742982]}, "properties": {"year": 2022, "valeur_fonciere": 325000.0, "type_local": "Dépendance", "surface_reelle_bati": null, "nombre_pieces_principales": 0.0, "adresse_nom_voie": "RUE DES CARREAUX", "price_per_sqm": null, "date_iso": "2022-04-11", "parcelle": "77470000AD0100", "addr_num": "22"}}, {"type": "Feature", "geometry": {"type": "Point", "coordinates": [2.764697, 48.742982]}, "properties": {"year": 2022, "valeur_fonciere": 325000.0, "type_local": "Dépendance", "surface_reelle_bati": null, "nombre_pieces_principales": 0.0, "adresse_nom_voie": "RUE DES CARREAUX", "price_per_sqm": null, "date_iso": "2022-04-11", "parcelle": "77470000AD0100", "addr_num": "22"}}, {"type": "Feature", "geometry": {"type": "Point", "coordinates": [2.769081, 48.738918]}, "properties": {"year": 2022, "valeur_fonciere": 259000.0, "type_local": "Maison", "surface_reelle_bati": 75.0, "nombre_pieces_principales": 4.0, "adresse_nom_voie": "RUE DU MAL FOCH", "price_per_sqm": 3453.3333333333335, "date_iso": "2022-04-19", "parcelle": "77470000AH0087", "addr_num": "6"}}, {"type": "Feature", "geometry": {"type": "Point", "coordinates": [2.77421, 48.740943]}, "properties": {"year": 2022, "valeur_fonciere": 315000.0, "type_local": "Maison", "surface_reelle_bati": 98.0, "nombre_pieces_principales": 5.0, "adresse_nom_voie": "RUE DE VILLE", "price_per_sqm": 3214.285714285714, "date_iso": "2022-05-09", "parcelle": "77470000AE0772", "addr_num": "14"}}, {"type": "Feature", "geometry": {"type": "Point", "coordinates": [2.755574, 48.745138]}, "properties": {"year": 2022, "valeur_fonciere": 507000.0, "type_local": "Maison", "surface_reelle_bati": 151.0, "nombre_pieces_principales": 6.0, "adresse_nom_voie": "RUE CLAUDE DEBUSSY", "price_per_sqm": 3357.615894039735, "date_iso": "2022-04-29", "parcelle": "77470000ZA0577", "addr_num": "8"}}, {"type": "Feature", "geometry": {"type": "Point", "coordinates": [2.771042, 48.7431]}, "properties": {"year": 2022, "valeur_fonciere": 340000.0, "type_local": null, "surface_reelle_bati": null, "nombre_pieces_principales": null, "adresse_nom_voie": "LE MARTRAY", "price_per_sqm": null, "date_iso": "2022-04-29", "parcelle": "77470000AE0157", "addr_num": ""}}, {"type": "Feature", "geometry": {"type": "Point", "coordinates": [2.771185, 48.742895]}, "properties": {"year": 2022, "valeur_fonciere": 340000.0, "type_local": null, "surface_reelle_bati": null, "nombre_pieces_principales": null, "adresse_nom_voie": "LE MARTRAY", "price_per_sqm": null, "date_iso": "2022-04-29", "parcelle": "77470000AE0162", "addr_num": ""}}, {"type": "Feature", "geometry": {"type": "Point", "coordinates": [2.775165, 48.741451]}, "properties": {"year": 2022, "valeur_fonciere": 340000.0, "type_local": null, "surface_reelle_bati": null, "nombre_pieces_principales": null, "adresse_nom_voie": "RUE DE VILLE", "price_per_sqm": null, "date_iso": "2022-04-29", "parcelle": "77470000AE0299", "addr_num": ""}}, {"type": "Feature", "geometry": {"type": "Point", "coordinates": [2.774072, 48.741157]}, "properties": {"year": 2022, "valeur_fonciere": 340000.0, "type_local": null, "surface_reelle_bati": null, "nombre_pieces_principales": null, "adresse_nom_voie": "RUE DE VILLE", "price_per_sqm": null, "date_iso": "2022-04-29", "parcelle": "77470000AE0302", "addr_num": ""}}, {"type": "Feature", "geometry": {"type": "Point", "coordinates": [2.773954, 48.741169]}, "properties": {"year": 2022, "valeur_fonciere": 340000.0, "type_local": "Maison", "surface_reelle_bati": 105.0, "nombre_pieces_principales": 6.0, "adresse_nom_voie": "RUE DE VILLE", "price_per_sqm": 3238.095238095238, "date_iso": "2022-04-29", "parcelle": "77470000AE0303", "addr_num": "13"}}, {"type": "Feature", "geometry": {"type": "Point", "coordinates": [2.773954, 48.741169]}, "properties": {"year": 2022, "valeur_fonciere": 340000.0, "type_local": "Dépendance", "surface_reelle_bati": null, "nombre_pieces_principales": 0.0, "adresse_nom_voie": "RUE DE VILLE", "price_per_sqm": null, "date_iso": "2022-04-29", "parcelle": "77470000AE0303", "addr_num": "13"}}, {"type": "Feature", "geometry": {"type": "Point", "coordinates": [2.773374, 48.74166]}, "properties": {"year": 2022, "valeur_fonciere": 340000.0, "type_local": null, "surface_reelle_bati": null, "nombre_pieces_principales": null, "adresse_nom_voie": "LE VAL DES BOISSIERES", "price_per_sqm": null, "date_iso": "2022-04-29", "parcelle": "77470000AE0330", "addr_num": ""}}, {"type": "Feature", "geometry": {"type": "Point", "coordinates": [2.773095, 48.741943]}, "properties": {"year": 2022, "valeur_fonciere": 340000.0, "type_local": null, "surface_reelle_bati": null, "nombre_pieces_principales": null, "adresse_nom_voie": "LE VAL DES BOISSIERES", "price_per_sqm": null, "date_iso": "2022-04-29", "parcelle": "77470000AE0337", "addr_num": ""}}, {"type": "Feature", "geometry": {"type": "Point", "coordinates": [2.772712, 48.742435]}, "properties": {"year": 2022, "valeur_fonciere": 340000.0, "type_local": "Local industriel. commercial ou assimilé", "surface_reelle_bati": null, "nombre_pieces_principales": 0.0, "adresse_nom_voie": "LE VAL DES BOISSIERES", "price_per_sqm": null, "date_iso": "2022-04-29", "parcelle": "77470000AE0346", "addr_num": "9001"}}, {"type": "Feature", "geometry": {"type": "Point", "coordinates": [2.771764, 48.741891]}, "properties": {"year": 2022, "valeur_fonciere": 340000.0, "type_local": null, "surface_reelle_bati": null, "nombre_pieces_principales": null, "adresse_nom_voie": "LE MARTRAY", "price_per_sqm": null, "date_iso": "2022-04-29", "parcelle": "77470000AE0358", "addr_num": ""}}, {"type": "Feature", "geometry": {"type": "Point", "coordinates": [2.770768, 48.742477]}, "properties": {"year": 2022, "valeur_fonciere": 340000.0, "type_local": null, "surface_reelle_bati": null, "nombre_pieces_principales": null, "adresse_nom_voie": "LE MARTRAY", "price_per_sqm": null, "date_iso": "2022-04-29", "parcelle": "77470000AE0370", "addr_num": ""}}, {"type": "Feature", "geometry": {"type": "Point", "coordinates": [2.770574, 48.742444]}, "properties": {"year": 2022, "valeur_fonciere": 340000.0, "type_local": null, "surface_reelle_bati": null, "nombre_pieces_principales": null, "adresse_nom_voie": "LE MARTRAY", "price_per_sqm": null, "date_iso": "2022-04-29", "parcelle": "77470000AE0371", "addr_num": ""}}, {"type": "Feature", "geometry": {"type": "Point", "coordinates": [2.770045, 48.742356]}, "properties": {"year": 2022, "valeur_fonciere": 340000.0, "type_local": null, "surface_reelle_bati": null, "nombre_pieces_principales": null, "adresse_nom_voie": "LE MARTRAY", "price_per_sqm": null, "date_iso": "2022-04-29", "parcelle": "77470000AE0374", "addr_num": ""}}, {"type": "Feature", "geometry": {"type": "Point", "coordinates": [2.773312, 48.742378]}, "properties": {"year": 2022, "valeur_fonciere": 340000.0, "type_local": null, "surface_reelle_bati": null, "nombre_pieces_principales": null, "adresse_nom_voie": "LE MARTRAY", "price_per_sqm": null, "date_iso": "2022-04-29", "parcelle": "77470000AE0375", "addr_num": ""}}, {"type": "Feature", "geometry": {"type": "Point", "coordinates": [2.758202, 48.737391]}, "properties": {"year": 2022, "valeur_fonciere": 220000.0, "type_local": null, "surface_reelle_bati": null, "nombre_pieces_principales": null, "adresse_nom_voie": "RUE DE VIGNOLLES", "price_per_sqm": null, "date_iso": "2022-05-10", "parcelle": "774700000C0183", "addr_num": "13"}}, {"type": "Feature", "geometry": {"type": "Point", "coordinates": [2.754808, 48.739971]}, "properties": {"year": 2022, "valeur_fonciere": 312150.0, "type_local": "Maison", "surface_reelle_bati": 76.0, "nombre_pieces_principales": 4.0, "adresse_nom_voie": "RUE DE LA SCIERIE", "price_per_sqm": 4107.236842105263, "date_iso": "2022-04-15", "parcelle": "77470000AK0334", "addr_num": "54"}}, {"type": "Feature", "geometry": {"type": "Point", "coordinates": [2.766296, 48.739823]}, "properties": {"year": 2022, "valeur_fonciere": 117000.0, "type_local": "Appartement", "surface_reelle_bati": 38.0, "nombre_pieces_principales": 1.0, "adresse_nom_voie": "RUE DU GLACIS", "price_per_sqm": 3078.9473684210525, "date_iso": "2022-04-29", "parcelle": "77470000AI0082", "addr_num": "3"}}, {"type": "Feature", "geometry": {"type": "Point", "coordinates": [2.777826, 48.740629]}, "properties": {"year": 2022, "valeur_fonciere": 312800.0, "type_local": "Maison", "surface_reelle_bati": 104.0, "nombre_pieces_principales": 5.0, "adresse_nom_voie": "RUE WINSTON CHURCHILL", "price_per_sqm": 3007.6923076923076, "date_iso": "2022-05-16", "parcelle": "77470000AE0422", "addr_num": "1"}}, {"type": "Feature", "geometry": {"type": "Point", "coordinates": [2.762281, 48.744633]}, "properties": {"year": 2022, "valeur_fonciere": 255000.0, "type_local": "Dépendance", "surface_reelle_bati": null, "nombre_pieces_principales": 0.0, "adresse_nom_voie": "RUE GIUSEPPE VERDI", "price_per_sqm": null, "date_iso": "2022-05-16", "parcelle": "77470000AD0304", "addr_num": "4"}}, {"type": "Feature", "geometry": {"type": "Point", "coordinates": [2.762281, 48.744633]}, "properties": {"year": 2022, "valeur_fonciere": 255000.0, "type_local": "Dépendance", "surface_reelle_bati": null, "nombre_pieces_principales": 0.0, "adresse_nom_voie": "RUE GIUSEPPE VERDI", "price_per_sqm": null, "date_iso": "2022-05-16", "parcelle": "77470000AD0304", "addr_num": "4"}}, {"type": "Feature", "geometry": {"type": "Point", "coordinates": [2.762281, 48.744633]}, "properties": {"year": 2022, "valeur_fonciere": 255000.0, "type_local": "Appartement", "surface_reelle_bati": 67.0, "nombre_pieces_principales": 3.0, "adresse_nom_voie": "RUE GIUSEPPE VERDI", "price_per_sqm": 3805.9701492537315, "date_iso": "2022-05-16", "parcelle": "77470000AD0304", "addr_num": "4"}}, {"type": "Feature", "geometry": {"type": "Point", "coordinates": [2.75841, 48.742949]}, "properties": {"year": 2022, "valeur_fonciere": 900000.0, "type_local": null, "surface_reelle_bati": null, "nombre_pieces_principales": null, "adresse_nom_voie": "TOURNAN", "price_per_sqm": null, "date_iso": "2022-05-19", "parcelle": "77470000AC0158", "addr_num": ""}}, {"type": "Feature", "geometry": {"type": "Point", "coordinates": [2.758556, 48.742838]}, "properties": {"year": 2022, "valeur_fonciere": 900000.0, "type_local": "Local industriel. commercial ou assimilé", "surface_reelle_bati": 304.0, "nombre_pieces_principales": 0.0, "adresse_nom_voie": "ALL D ARMAINVILLIERS", "price_per_sqm": 2960.5263157894738, "date_iso": "2022-05-19", "parcelle": "77470000AC0160", "addr_num": "15"}}, {"type": "Feature", "geometry": {"type": "Point", "coordinates": [2.752889, 48.741895]}, "properties": {"year": 2022, "valeur_fonciere": 465000.0, "type_local": "Maison", "surface_reelle_bati": 106.0, "nombre_pieces_principales": 4.0, "adresse_nom_voie": "RUE GEORGES CLEMENCEAU", "price_per_sqm": 4386.792452830188, "date_iso": "2022-05-31", "parcelle": "77470000AB0182", "addr_num": "60"}}, {"type": "Feature", "geometry": {"type": "Point", "coordinates": [2.777788, 48.740904]}, "properties": {"year": 2022, "valeur_fonciere": 369000.0, "type_local": "Maison", "surface_reelle_bati": 123.0, "nombre_pieces_principales": 5.0, "adresse_nom_voie": "RUE WINSTON CHURCHILL", "price_per_sqm": 3000.0, "date_iso": "2022-05-25", "parcelle": "77470000AE0424", "addr_num": "5"}}, {"type": "Feature", "geometry": {"type": "Point", "coordinates": [2.760036, 48.743698]}, "properties": {"year": 2022, "valeur_fonciere": 159000.0, "type_local": "Appartement", "surface_reelle_bati": 54.0, "nombre_pieces_principales": 3.0, "adresse_nom_voie": "RES TOURNAN ORIGNY", "price_per_sqm": 2944.4444444444443, "date_iso": "2022-05-30", "parcelle": "77470000ZA0005", "addr_num": "9001"}}, {"type": "Feature", "geometry": {"type": "Point", "coordinates": [2.760036, 48.743698]}, "properties": {"year": 2022, "valeur_fonciere": 159000.0, "type_local": "Dépendance", "surface_reelle_bati": null, "nombre_pieces_principales": 0.0, "adresse_nom_voie": "RES TOURNAN ORIGNY", "price_per_sqm": null, "date_iso": "2022-05-30", "parcelle": "77470000ZA0005", "addr_num": "9001"}}, {"type": "Feature", "geometry": {"type": "Point", "coordinates": [2.760036, 48.743698]}, "properties": {"year": 2022, "valeur_fonciere": 159000.0, "type_local": "Dépendance", "surface_reelle_bati": null, "nombre_pieces_principales": 0.0, "adresse_nom_voie": "RES TOURNAN ORIGNY", "price_per_sqm": null, "date_iso": "2022-05-30", "parcelle": "77470000ZA0005", "addr_num": "9001"}}, {"type": "Feature", "geometry": {"type": "Point", "coordinates": [2.760036, 48.743698]}, "properties": {"year": 2022, "valeur_fonciere": 159000.0, "type_local": "Dépendance", "surface_reelle_bati": null, "nombre_pieces_principales": 0.0, "adresse_nom_voie": "RES TOURNAN ORIGNY", "price_per_sqm": null, "date_iso": "2022-05-30", "parcelle": "77470000ZA0005", "addr_num": "9001"}}, {"type": "Feature", "geometry": {"type": "Point", "coordinates": [2.789204, 48.74636]}, "properties": {"year": 2022, "valeur_fonciere": 108000.0, "type_local": null, "surface_reelle_bati": null, "nombre_pieces_principales": null, "adresse_nom_voie": "VILLE", "price_per_sqm": null, "date_iso": "2022-06-01", "parcelle": "77470000AL0043", "addr_num": ""}}, {"type": "Feature", "geometry": {"type": "Point", "coordinates": [2.756636, 48.740818]}, "properties": {"year": 2022, "valeur_fonciere": 471000.0, "type_local": "Maison", "surface_reelle_bati": 150.0, "nombre_pieces_principales": 5.0, "adresse_nom_voie": "RUE GEORGES CLEMENCEAU", "price_per_sqm": 3140.0, "date_iso": "2022-06-01", "parcelle": "77470000AB0158", "addr_num": "34"}}, {"type": "Feature", "geometry": {"type": "Point", "coordinates": [2.756636, 48.740818]}, "properties": {"year": 2022, "valeur_fonciere": 471000.0, "type_local": "Maison", "surface_reelle_bati": 150.0, "nombre_pieces_principales": 5.0, "adresse_nom_voie": "RUE GEORGES CLEMENCEAU", "price_per_sqm": 3140.0, "date_iso": "2022-06-01", "parcelle": "77470000AB0158", "addr_num": "34"}}, {"type": "Feature", "geometry": {"type": "Point", "coordinates": [2.761091, 48.74494]}, "properties": {"year": 2022, "valeur_fonciere": 270000.0, "type_local": "Maison", "surface_reelle_bati": 98.0, "nombre_pieces_principales": 5.0, "adresse_nom_voie": "RUE RUDYARD KIPLING", "price_per_sqm": 2755.1020408163267, "date_iso": "2022-06-13", "parcelle": "77470000AD0275", "addr_num": "20"}}, {"type": "Feature", "geometry": {"type": "Point", "coordinates": [2.763586, 48.739752]}, "properties": {"year": 2022, "valeur_fonciere": 109000.0, "type_local": "Appartement", "surface_reelle_bati": 30.0, "nombre_pieces_principales": 1.0, "adresse_nom_voie": "RUE DES FOSSES", "price_per_sqm": 3633.3333333333335, "date_iso": "2022-06-13", "parcelle": "77470000AI0140", "addr_num": "7"}}, {"type": "Feature", "geometry": {"type": "Point", "coordinates": [2.763586, 48.739752]}, "properties": {"year": 2022, "valeur_fonciere": 109000.0, "type_local": "Dépendance", "surface_reelle_bati": null, "nombre_pieces_principales": 0.0, "adresse_nom_voie": "RUE DES FOSSES", "price_per_sqm": null, "date_iso": "2022-06-13", "parcelle": "77470000AI0140", "addr_num": "7"}}, {"type": "Feature", "geometry": {"type": "Point", "coordinates": [2.762081, 48.737971]}, "properties": {"year": 2022, "valeur_fonciere": 265000.0, "type_local": "Maison", "surface_reelle_bati": 76.0, "nombre_pieces_principales": 3.0, "adresse_nom_voie": "RUE DAMIEN RIGAUT", "price_per_sqm": 3486.842105263158, "date_iso": "2022-06-03", "parcelle": "774700000C0291", "addr_num": "12"}}, {"type": "Feature", "geometry": {"type": "Point", "coordinates": [2.762081, 48.737971]}, "properties": {"year": 2022, "valeur_fonciere": 265000.0, "type_local": "Dépendance", "surface_reelle_bati": null, "nombre_pieces_principales": 0.0, "adresse_nom_voie": "RUE DAMIEN RIGAUT", "price_per_sqm": null, "date_iso": "2022-06-03", "parcelle": "774700000C0291", "addr_num": "12"}}, {"type": "Feature", "geometry": {"type": "Point", "coordinates": [2.753553, 48.743985]}, "properties": {"year": 2022, "valeur_fonciere": 280000.0, "type_local": "Appartement", "surface_reelle_bati": 73.0, "nombre_pieces_principales": 3.0, "adresse_nom_voie": "RUE JULES LEFEVRE", "price_per_sqm": 3835.6164383561645, "date_iso": "2022-06-09", "parcelle": "77470000AB0292", "addr_num": "12"}}, {"type": "Feature", "geometry": {"type": "Point", "coordinates": [2.753553, 48.743985]}, "properties": {"year": 2022, "valeur_fonciere": 280000.0, "type_local": "Dépendance", "surface_reelle_bati": null, "nombre_pieces_principales": 0.0, "adresse_nom_voie": "RUE JULES LEFEVRE", "price_per_sqm": null, "date_iso": "2022-06-09", "parcelle": "77470000AB0292", "addr_num": "12"}}, {"type": "Feature", "geometry": {"type": "Point", "coordinates": [2.753553, 48.743985]}, "properties": {"year": 2022, "valeur_fonciere": 280000.0, "type_local": "Dépendance", "surface_reelle_bati": null, "nombre_pieces_principales": 0.0, "adresse_nom_voie": "RUE JULES LEFEVRE", "price_per_sqm": null, "date_iso": "2022-06-09", "parcelle": "77470000AB0292", "addr_num": "12"}}, {"type": "Feature", "geometry": {"type": "Point", "coordinates": [2.751118, 48.745133]}, "properties": {"year": 2022, "valeur_fonciere": 475000.0, "type_local": "Maison", "surface_reelle_bati": 138.0, "nombre_pieces_principales": 5.0, "adresse_nom_voie": "RUE MAURICE ALEXANDER", "price_per_sqm": 3442.0289855072465, "date_iso": "2022-06-17", "parcelle": "77470000ZA0723", "addr_num": "13"}}, {"type": "Feature", "geometry": {"type": "Point", "coordinates": [2.751118, 48.745133]}, "properties": {"year": 2022, "valeur_fonciere": 475000.0, "type_local": "Maison", "surface_reelle_bati": 138.0, "nombre_pieces_principales": 5.0, "adresse_nom_voie": "RUE MAURICE ALEXANDER", "price_per_sqm": 3442.0289855072465, "date_iso": "2022-06-17", "parcelle": "77470000ZA0723", "addr_num": "13"}}, {"type": "Feature", "geometry": {"type": "Point", "coordinates": [2.758939, 48.746522]}, "properties": {"year": 2022, "valeur_fonciere": 262000.0, "type_local": "Dépendance", "surface_reelle_bati": null, "nombre_pieces_principales": 0.0, "adresse_nom_voie": "AV DU GEN DE GAULLE", "price_per_sqm": null, "date_iso": "2022-06-22", "parcelle": "77470000ZA0375", "addr_num": "64"}}, {"type": "Feature", "geometry": {"type": "Point", "coordinates": [2.758939, 48.746522]}, "properties": {"year": 2022, "valeur_fonciere": 262000.0, "type_local": "Appartement", "surface_reelle_bati": 65.0, "nombre_pieces_principales": 3.0, "adresse_nom_voie": "AV DU GEN DE GAULLE", "price_per_sqm": 4030.769230769231, "date_iso": "2022-06-22", "parcelle": "77470000ZA0375", "addr_num": "64"}}, {"type": "Feature", "geometry": {"type": "Point", "coordinates": [2.772364, 48.740205]}, "properties": {"year": 2022, "valeur_fonciere": 150600.0, "type_local": "Appartement", "surface_reelle_bati": 33.0, "nombre_pieces_principales": 1.0, "adresse_nom_voie": "RUE DU MAL FOCH", "price_per_sqm": 4563.636363636364, "date_iso": "2022-06-23", "parcelle": "77470000AE0546", "addr_num": "47"}}, {"type": "Feature", "geometry": {"type": "Point", "coordinates": [2.772364, 48.740205]}, "properties": {"year": 2022, "valeur_fonciere": 150600.0, "type_local": "Dépendance", "surface_reelle_bati": null, "nombre_pieces_principales": 0.0, "adresse_nom_voie": "RUE DU MAL FOCH", "price_per_sqm": null, "date_iso": "2022-06-23", "parcelle": "77470000AE0546", "addr_num": "47"}}, {"type": "Feature", "geometry": {"type": "Point", "coordinates": [2.771569, 48.737182]}, "properties": {"year": 2022, "valeur_fonciere": 315000.0, "type_local": "Maison", "surface_reelle_bati": 99.0, "nombre_pieces_principales": 4.0, "adresse_nom_voie": "RUE DE MELUN", "price_per_sqm": 3181.818181818182, "date_iso": "2022-06-15", "parcelle": "77470000AH0271", "addr_num": "11"}}, {"type": "Feature", "geometry": {"type": "Point", "coordinates": [2.761271, 48.741212]}, "properties": {"year": 2022, "valeur_fonciere": 445000.0, "type_local": "Dépendance", "surface_reelle_bati": null, "nombre_pieces_principales": 0.0, "adresse_nom_voie": "RUE DES FRERES VINOT", "price_per_sqm": null, "date_iso": "2022-07-04", "parcelle": "77470000AC0179", "addr_num": "7"}}, {"type": "Feature", "geometry": {"type": "Point", "coordinates": [2.761271, 48.741212]}, "properties": {"year": 2022, "valeur_fonciere": 445000.0, "type_local": "Maison", "surface_reelle_bati": 112.0, "nombre_pieces_principales": 3.0, "adresse_nom_voie": "RUE DES FRERES VINOT", "price_per_sqm": 3973.214285714286, "date_iso": "2022-07-04", "parcelle": "77470000AC0179", "addr_num": "7"}}, {"type": "Feature", "geometry": {"type": "Point", "coordinates": [2.760036, 48.743698]}, "properties": {"year": 2022, "valeur_fonciere": 163000.0, "type_local": "Dépendance", "surface_reelle_bati": null, "nombre_pieces_principales": 0.0, "adresse_nom_voie": "RES TOURNAN ORIGNY", "price_per_sqm": null, "date_iso": "2022-06-29", "parcelle": "77470000ZA0005", "addr_num": "9001"}}, {"type": "Feature", "geometry": {"type": "Point", "coordinates": [2.760036, 48.743698]}, "properties": {"year": 2022, "valeur_fonciere": 163000.0, "type_local": "Appartement", "surface_reelle_bati": 54.0, "nombre_pieces_principales": 3.0, "adresse_nom_voie": "RES TOURNAN ORIGNY", "price_per_sqm": 3018.5185185185187, "date_iso": "2022-06-29", "parcelle": "77470000ZA0005", "addr_num": "9001"}}, {"type": "Feature", "geometry": {"type": "Point", "coordinates": [2.760036, 48.743698]}, "properties": {"year": 2022, "valeur_fonciere": 163000.0, "type_local": "Dépendance", "surface_reelle_bati": null, "nombre_pieces_principales": 0.0, "adresse_nom_voie": "RES TOURNAN ORIGNY", "price_per_sqm": null, "date_iso": "2022-06-29", "parcelle": "77470000ZA0005", "addr_num": "9001"}}, {"type": "Feature", "geometry": {"type": "Point", "coordinates": [2.760036, 48.743698]}, "properties": {"year": 2022, "valeur_fonciere": 163000.0, "type_local": "Dépendance", "surface_reelle_bati": null, "nombre_pieces_principales": 0.0, "adresse_nom_voie": "RES TOURNAN ORIGNY", "price_per_sqm": null, "date_iso": "2022-06-29", "parcelle": "77470000ZA0005", "addr_num": "9001"}}, {"type": "Feature", "geometry": {"type": "Point", "coordinates": [2.768653, 48.741166]}, "properties": {"year": 2022, "valeur_fonciere": 608000.0, "type_local": "Maison", "surface_reelle_bati": 113.0, "nombre_pieces_principales": 5.0, "adresse_nom_voie": "RUE DE LA ROSERAIE", "price_per_sqm": 5380.530973451328, "date_iso": "2022-07-01", "parcelle": "77470000AE0397", "addr_num": "7"}}, {"type": "Feature", "geometry": {"type": "Point", "coordinates": [2.760036, 48.743698]}, "properties": {"year": 2022, "valeur_fonciere": 182260.0, "type_local": "Appartement", "surface_reelle_bati": 74.0, "nombre_pieces_principales": 4.0, "adresse_nom_voie": "RES TOURNAN ORIGNY", "price_per_sqm": 2462.972972972973, "date_iso": "2022-07-01", "parcelle": "77470000ZA0005", "addr_num": "9001"}}, {"type": "Feature", "geometry": {"type": "Point", "coordinates": [2.760036, 48.743698]}, "properties": {"year": 2022, "valeur_fonciere": 182260.0, "type_local": "Dépendance", "surface_reelle_bati": null, "nombre_pieces_principales": 0.0, "adresse_nom_voie": "RES TOURNAN ORIGNY", "price_per_sqm": null, "date_iso": "2022-07-01", "parcelle": "77470000ZA0005", "addr_num": "9001"}}, {"type": "Feature", "geometry": {"type": "Point", "coordinates": [2.760036, 48.743698]}, "properties": {"year": 2022, "valeur_fonciere": 182260.0, "type_local": "Dépendance", "surface_reelle_bati": null, "nombre_pieces_principales": 0.0, "adresse_nom_voie": "RES TOURNAN ORIGNY", "price_per_sqm": null, "date_iso": "2022-07-01", "parcelle": "77470000ZA0005", "addr_num": "9001"}}, {"type": "Feature", "geometry": {"type": "Point", "coordinates": [2.760036, 48.743698]}, "properties": {"year": 2022, "valeur_fonciere": 182260.0, "type_local": "Dépendance", "surface_reelle_bati": null, "nombre_pieces_principales": 0.0, "adresse_nom_voie": "RES TOURNAN ORIGNY", "price_per_sqm": null, "date_iso": "2022-07-01", "parcelle": "77470000ZA0005", "addr_num": "9001"}}, {"type": "Feature", "geometry": {"type": "Point", "coordinates": [2.755254, 48.739217]}, "properties": {"year": 2022, "valeur_fonciere": 232300.0, "type_local": "Appartement", "surface_reelle_bati": 57.0, "nombre_pieces_principales": 3.0, "adresse_nom_voie": "RUE DE LA SCIERIE", "price_per_sqm": 4075.438596491228, "date_iso": "2022-07-11", "parcelle": "77470000AK0149", "addr_num": "31"}}, {"type": "Feature", "geometry": {"type": "Point", "coordinates": [2.755254, 48.739217]}, "properties": {"year": 2022, "valeur_fonciere": 232300.0, "type_local": "Dépendance", "surface_reelle_bati": null, "nombre_pieces_principales": 0.0, "adresse_nom_voie": "RUE DE LA SCIERIE", "price_per_sqm": null, "date_iso": "2022-07-11", "parcelle": "77470000AK0149", "addr_num": "31"}}, {"type": "Feature", "geometry": {"type": "Point", "coordinates": [2.754505, 48.739033]}, "properties": {"year": 2022, "valeur_fonciere": 335000.0, "type_local": "Maison", "surface_reelle_bati": 83.0, "nombre_pieces_principales": 4.0, "adresse_nom_voie": "RUE DE PARIS", "price_per_sqm": 4036.144578313253, "date_iso": "2022-07-06", "parcelle": "77470000AK0293", "addr_num": "102"}}, {"type": "Feature", "geometry": {"type": "Point", "coordinates": [2.754593, 48.739042]}, "properties": {"year": 2022, "valeur_fonciere": 335000.0, "type_local": null, "surface_reelle_bati": null, "nombre_pieces_principales": null, "adresse_nom_voie": "RUE DU VAL DES DAMES", "price_per_sqm": null, "date_iso": "2022-07-06", "parcelle": "77470000AK0414", "addr_num": ""}}, {"type": "Feature", "geometry": {"type": "Point", "coordinates": [2.760036, 48.743698]}, "properties": {"year": 2022, "valeur_fonciere": 186440.0, "type_local": "Dépendance", "surface_reelle_bati": null, "nombre_pieces_principales": 0.0, "adresse_nom_voie": "RES TOURNAN ORIGNY", "price_per_sqm": null, "date_iso": "2022-07-08", "parcelle": "77470000ZA0005", "addr_num": "9001"}}, {"type": "Feature", "geometry": {"type": "Point", "coordinates": [2.760036, 48.743698]}, "properties": {"year": 2022, "valeur_fonciere": 186440.0, "type_local": "Appartement", "surface_reelle_bati": 74.0, "nombre_pieces_principales": 4.0, "adresse_nom_voie": "RES TOURNAN ORIGNY", "price_per_sqm": 2519.4594594594596, "date_iso": "2022-07-08", "parcelle": "77470000ZA0005", "addr_num": "9001"}}, {"type": "Feature", "geometry": {"type": "Point", "coordinates": [2.760036, 48.743698]}, "properties": {"year": 2022, "valeur_fonciere": 186440.0, "type_local": "Dépendance", "surface_reelle_bati": null, "nombre_pieces_principales": 0.0, "adresse_nom_voie": "RES TOURNAN ORIGNY", "price_per_sqm": null, "date_iso": "2022-07-08", "parcelle": "77470000ZA0005", "addr_num": "9001"}}, {"type": "Feature", "geometry": {"type": "Point", "coordinates": [2.752821, 48.740821]}, "properties": {"year": 2022, "valeur_fonciere": 367000.0, "type_local": "Maison", "surface_reelle_bati": 88.0, "nombre_pieces_principales": 5.0, "adresse_nom_voie": "LOT VAL DES DAMES", "price_per_sqm": 4170.454545454545, "date_iso": "2022-07-20", "parcelle": "77470000AK0428", "addr_num": "30"}}, {"type": "Feature", "geometry": {"type": "Point", "coordinates": [2.77747, 48.742618]}, "properties": {"year": 2022, "valeur_fonciere": 399500.0, "type_local": "Maison", "surface_reelle_bati": 90.0, "nombre_pieces_principales": 4.0, "adresse_nom_voie": "ALL DES BLEUETS", "price_per_sqm": 4438.888888888889, "date_iso": "2022-07-06", "parcelle": "77470000AE0616", "addr_num": "9"}}, {"type": "Feature", "geometry": {"type": "Point", "coordinates": [2.769866, 48.738194]}, "properties": {"year": 2022, "valeur_fonciere": 225000.0, "type_local": "Dépendance", "surface_reelle_bati": null, "nombre_pieces_principales": 0.0, "adresse_nom_voie": "RUE DE LA MADELEINE", "price_per_sqm": null, "date_iso": "2022-07-22", "parcelle": "77470000AH0215", "addr_num": "2"}}, {"type": "Feature", "geometry": {"type": "Point", "coordinates": [2.769866, 48.738194]}, "properties": {"year": 2022, "valeur_fonciere": 225000.0, "type_local": "Dépendance", "surface_reelle_bati": null, "nombre_pieces_principales": 0.0, "adresse_nom_voie": "RUE DE LA MADELEINE", "price_per_sqm": null, "date_iso": "2022-07-22", "parcelle": "77470000AH0215", "addr_num": "2"}}, {"type": "Feature", "geometry": {"type": "Point", "coordinates": [2.769866, 48.738194]}, "properties": {"year": 2022, "valeur_fonciere": 225000.0, "type_local": "Appartement", "surface_reelle_bati": 56.0, "nombre_pieces_principales": 3.0, "adresse_nom_voie": "RUE DE LA MADELEINE", "price_per_sqm": 4017.8571428571427, "date_iso": "2022-07-22", "parcelle": "77470000AH0215", "addr_num": "2"}}, {"type": "Feature", "geometry": {"type": "Point", "coordinates": [2.771042, 48.7431]}, "properties": {"year": 2022, "valeur_fonciere": 297000.0, "type_local": null, "surface_reelle_bati": null, "nombre_pieces_principales": null, "adresse_nom_voie": "LE MARTRAY", "price_per_sqm": null, "date_iso": "2022-06-27", "parcelle": "77470000AE0157", "addr_num": ""}}, {"type": "Feature", "geometry": {"type": "Point", "coordinates": [2.771185, 48.742895]}, "properties": {"year": 2022, "valeur_fonciere": 297000.0, "type_local": null, "surface_reelle_bati": null, "nombre_pieces_principales": null, "adresse_nom_voie": "LE MARTRAY", "price_per_sqm": null, "date_iso": "2022-06-27", "parcelle": "77470000AE0162", "addr_num": ""}}, {"type": "Feature", "geometry": {"type": "Point", "coordinates": [2.773547, 48.742722]}, "properties": {"year": 2022, "valeur_fonciere": 297000.0, "type_local": null, "surface_reelle_bati": null, "nombre_pieces_principales": null, "adresse_nom_voie": "AV DES BOISSIERES", "price_per_sqm": null, "date_iso": "2022-06-27", "parcelle": "77470000AE0209", "addr_num": ""}}, {"type": "Feature", "geometry": {"type": "Point", "coordinates": [2.773669, 48.742785]}, "properties": {"year": 2022, "valeur_fonciere": 297000.0, "type_local": "Maison", "surface_reelle_bati": 98.0, "nombre_pieces_principales": 5.0, "adresse_nom_voie": "AV DES BOISSIERES", "price_per_sqm": 3030.612244897959, "date_iso": "2022-06-27", "parcelle": "77470000AE0210", "addr_num": "25"}}, {"type": "Feature", "geometry": {"type": "Point", "coordinates": [2.775165, 48.741451]}, "properties": {"year": 2022, "valeur_fonciere": 297000.0, "type_local": null, "surface_reelle_bati": null, "nombre_pieces_principales": null, "adresse_nom_voie": "RUE DE VILLE", "price_per_sqm": null, "date_iso": "2022-06-27", "parcelle": "77470000AE0299", "addr_num": ""}}, {"type": "Feature", "geometry": {"type": "Point", "coordinates": [2.773374, 48.74166]}, "properties": {"year": 2022, "valeur_fonciere": 297000.0, "type_local": null, "surface_reelle_bati": null, "nombre_pieces_principales": null, "adresse_nom_voie": "LE VAL DES BOISSIERES", "price_per_sqm": null, "date_iso": "2022-06-27", "parcelle": "77470000AE0330", "addr_num": ""}}, {"type": "Feature", "geometry": {"type": "Point", "coordinates": [2.773095, 48.741943]}, "properties": {"year": 2022, "valeur_fonciere": 297000.0, "type_local": null, "surface_reelle_bati": null, "nombre_pieces_principales": null, "adresse_nom_voie": "LE VAL DES BOISSIERES", "price_per_sqm": null, "date_iso": "2022-06-27", "parcelle": "77470000AE0337", "addr_num": ""}}, {"type": "Feature", "geometry": {"type": "Point", "coordinates": [2.772712, 48.742435]}, "properties": {"year": 2022, "valeur_fonciere": 297000.0, "type_local": "Local industriel. commercial ou assimilé", "surface_reelle_bati": null, "nombre_pieces_principales": 0.0, "adresse_nom_voie": "LE VAL DES BOISSIERES", "price_per_sqm": null, "date_iso": "2022-06-27", "parcelle": "77470000AE0346", "addr_num": "9001"}}, {"type": "Feature", "geometry": {"type": "Point", "coordinates": [2.771764, 48.741891]}, "properties": {"year": 2022, "valeur_fonciere": 297000.0, "type_local": null, "surface_reelle_bati": null, "nombre_pieces_principales": null, "adresse_nom_voie": "LE MARTRAY", "price_per_sqm": null, "date_iso": "2022-06-27", "parcelle": "77470000AE0358", "addr_num": ""}}, {"type": "Feature", "geometry": {"type": "Point", "coordinates": [2.770768, 48.742477]}, "properties": {"year": 2022, "valeur_fonciere": 297000.0, "type_local": null, "surface_reelle_bati": null, "nombre_pieces_principales": null, "adresse_nom_voie": "LE MARTRAY", "price_per_sqm": null, "date_iso": "2022-06-27", "parcelle": "77470000AE0370", "addr_num": ""}}, {"type": "Feature", "geometry": {"type": "Point", "coordinates": [2.770574, 48.742444]}, "properties": {"year": 2022, "valeur_fonciere": 297000.0, "type_local": null, "surface_reelle_bati": null, "nombre_pieces_principales": null, "adresse_nom_voie": "LE MARTRAY", "price_per_sqm": null, "date_iso": "2022-06-27", "parcelle": "77470000AE0371", "addr_num": ""}}, {"type": "Feature", "geometry": {"type": "Point", "coordinates": [2.770045, 48.742356]}, "properties": {"year": 2022, "valeur_fonciere": 297000.0, "type_local": null, "surface_reelle_bati": null, "nombre_pieces_principales": null, "adresse_nom_voie": "LE MARTRAY", "price_per_sqm": null, "date_iso": "2022-06-27", "parcelle": "77470000AE0374", "addr_num": ""}}, {"type": "Feature", "geometry": {"type": "Point", "coordinates": [2.773312, 48.742378]}, "properties": {"year": 2022, "valeur_fonciere": 297000.0, "type_local": null, "surface_reelle_bati": null, "nombre_pieces_principales": null, "adresse_nom_voie": "LE MARTRAY", "price_per_sqm": null, "date_iso": "2022-06-27", "parcelle": "77470000AE0375", "addr_num": ""}}, {"type": "Feature", "geometry": {"type": "Point", "coordinates": [2.757474, 48.737454]}, "properties": {"year": 2022, "valeur_fonciere": 388500.0, "type_local": "Maison", "surface_reelle_bati": 71.0, "nombre_pieces_principales": 4.0, "adresse_nom_voie": "RUE DE VIGNOLLES", "price_per_sqm": 5471.830985915493, "date_iso": "2022-07-19", "parcelle": "77470000AK0264", "addr_num": "12"}}, {"type": "Feature", "geometry": {"type": "Point", "coordinates": [2.777114, 48.741586]}, "properties": {"year": 2022, "valeur_fonciere": 321220.0, "type_local": "Maison", "surface_reelle_bati": 123.0, "nombre_pieces_principales": 5.0, "adresse_nom_voie": "RUE ALBERT LEBRUN", "price_per_sqm": 2611.5447154471544, "date_iso": "2022-08-04", "parcelle": "77470000AE0448", "addr_num": "1"}}, {"type": "Feature", "geometry": {"type": "Point", "coordinates": [2.751391, 48.74554]}, "properties": {"year": 2022, "valeur_fonciere": 507200.0, "type_local": "Maison", "surface_reelle_bati": 131.0, "nombre_pieces_principales": 5.0, "adresse_nom_voie": "RUE MAURICE ALEXANDER", "price_per_sqm": 3871.7557251908397, "date_iso": "2022-08-04", "parcelle": "77470000ZA0697", "addr_num": "17"}}, {"type": "Feature", "geometry": {"type": "Point", "coordinates": [2.751391, 48.74554]}, "properties": {"year": 2022, "valeur_fonciere": 507200.0, "type_local": "Maison", "surface_reelle_bati": 131.0, "nombre_pieces_principales": 5.0, "adresse_nom_voie": "RUE MAURICE ALEXANDER", "price_per_sqm": 3871.7557251908397, "date_iso": "2022-08-04", "parcelle": "77470000ZA0697", "addr_num": "17"}}, {"type": "Feature", "geometry": {"type": "Point", "coordinates": [2.765223, 48.740132]}, "properties": {"year": 2022, "valeur_fonciere": 333910.0, "type_local": "Dépendance", "surface_reelle_bati": null, "nombre_pieces_principales": 0.0, "adresse_nom_voie": "RUE DE PROVINS", "price_per_sqm": null, "date_iso": "2022-08-02", "parcelle": "77470000AI0106", "addr_num": "4"}}, {"type": "Feature", "geometry": {"type": "Point", "coordinates": [2.765223, 48.740132]}, "properties": {"year": 2022, "valeur_fonciere": 333910.0, "type_local": "Dépendance", "surface_reelle_bati": null, "nombre_pieces_principales": 0.0, "adresse_nom_voie": "RUE DE PROVINS", "price_per_sqm": null, "date_iso": "2022-08-02", "parcelle": "77470000AI0106", "addr_num": "4"}}, {"type": "Feature", "geometry": {"type": "Point", "coordinates": [2.765223, 48.740132]}, "properties": {"year": 2022, "valeur_fonciere": 333910.0, "type_local": "Appartement", "surface_reelle_bati": 64.0, "nombre_pieces_principales": 2.0, "adresse_nom_voie": "RUE DE PROVINS", "price_per_sqm": 5217.34375, "date_iso": "2022-08-02", "parcelle": "77470000AI0106", "addr_num": "4"}}, {"type": "Feature", "geometry": {"type": "Point", "coordinates": [2.765223, 48.740132]}, "properties": {"year": 2022, "valeur_fonciere": 333910.0, "type_local": "Dépendance", "surface_reelle_bati": null, "nombre_pieces_principales": 0.0, "adresse_nom_voie": "RUE DE PROVINS", "price_per_sqm": null, "date_iso": "2022-08-02", "parcelle": "77470000AI0106", "addr_num": "4"}}, {"type": "Feature", "geometry": {"type": "Point", "coordinates": [2.767439, 48.739186]}, "properties": {"year": 2022, "valeur_fonciere": 162000.0, "type_local": null, "surface_reelle_bati": null, "nombre_pieces_principales": null, "adresse_nom_voie": "RUE DE PROVINS", "price_per_sqm": null, "date_iso": "2022-07-26", "parcelle": "77470000AH0010", "addr_num": ""}}, {"type": "Feature", "geometry": {"type": "Point", "coordinates": [2.767531, 48.739181]}, "properties": {"year": 2022, "valeur_fonciere": 162000.0, "type_local": "Appartement", "surface_reelle_bati": 60.0, "nombre_pieces_principales": 4.0, "adresse_nom_voie": "RUE DE PROVINS", "price_per_sqm": 2700.0, "date_iso": "2022-07-26", "parcelle": "77470000AH0011", "addr_num": "27"}}, {"type": "Feature", "geometry": {"type": "Point", "coordinates": [2.756498, 48.745916]}, "properties": {"year": 2022, "valeur_fonciere": 510000.0, "type_local": "Maison", "surface_reelle_bati": 143.0, "nombre_pieces_principales": 7.0, "adresse_nom_voie": "RUE BADEN POWEL", "price_per_sqm": 3566.4335664335663, "date_iso": "2022-08-10", "parcelle": "77470000ZA0452", "addr_num": "16"}}, {"type": "Feature", "geometry": {"type": "Point", "coordinates": [2.756498, 48.745916]}, "properties": {"year": 2022, "valeur_fonciere": 510000.0, "type_local": "Maison", "surface_reelle_bati": 143.0, "nombre_pieces_principales": 7.0, "adresse_nom_voie": "RUE BADEN POWEL", "price_per_sqm": 3566.4335664335663, "date_iso": "2022-08-10", "parcelle": "77470000ZA0452", "addr_num": "16"}}, {"type": "Feature", "geometry": {"type": "Point", "coordinates": [2.761746, 48.738024]}, "properties": {"year": 2022, "valeur_fonciere": 458000.0, "type_local": "Dépendance", "surface_reelle_bati": null, "nombre_pieces_principales": 0.0, "adresse_nom_voie": "RUE DAMIEN RIGAUT", "price_per_sqm": null, "date_iso": "2022-07-27", "parcelle": "774700000C0290", "addr_num": "10"}}, {"type": "Feature", "geometry": {"type": "Point", "coordinates": [2.761746, 48.738024]}, "properties": {"year": 2022, "valeur_fonciere": 458000.0, "type_local": "Maison", "surface_reelle_bati": 103.0, "nombre_pieces_principales": 5.0, "adresse_nom_voie": "RUE DAMIEN RIGAUT", "price_per_sqm": 4446.601941747573, "date_iso": "2022-07-27", "parcelle": "774700000C0290", "addr_num": "10"}}, {"type": "Feature", "geometry": {"type": "Point", "coordinates": [2.763039, 48.73916]}, "properties": {"year": 2022, "valeur_fonciere": 367000.0, "type_local": "Appartement", "surface_reelle_bati": 48.0, "nombre_pieces_principales": 2.0, "adresse_nom_voie": "RUE DE PARIS", "price_per_sqm": 7645.833333333333, "date_iso": "2022-08-22", "parcelle": "77470000AI0165", "addr_num": "53"}}, {"type": "Feature", "geometry": {"type": "Point", "coordinates": [2.763039, 48.73916]}, "properties": {"year": 2022, "valeur_fonciere": 367000.0, "type_local": "Local industriel. commercial ou assimilé", "surface_reelle_bati": 90.0, "nombre_pieces_principales": 0.0, "adresse_nom_voie": "RUE DE PARIS", "price_per_sqm": 4077.777777777778, "date_iso": "2022-08-22", "parcelle": "77470000AI0165", "addr_num": "53"}}, {"type": "Feature", "geometry": {"type": "Point", "coordinates": [2.764198, 48.728985]}, "properties": {"year": 2022, "valeur_fonciere": 12000.0, "type_local": null, "surface_reelle_bati": null, "nombre_pieces_principales": null, "adresse_nom_voie": "COMBREUX", "price_per_sqm": null, "date_iso": "2022-08-12", "parcelle": "774700000C0236", "addr_num": ""}}, {"type": "Feature", "geometry": {"type": "Point", "coordinates": [2.763734, 48.742268]}, "properties": {"year": 2022, "valeur_fonciere": 329000.0, "type_local": "Dépendance", "surface_reelle_bati": null, "nombre_pieces_principales": 0.0, "adresse_nom_voie": "RUE DE LA MONTAGNE", "price_per_sqm": null, "date_iso": "2022-08-29", "parcelle": "77470000AD0055", "addr_num": "8"}}, {"type": "Feature", "geometry": {"type": "Point", "coordinates": [2.763734, 48.742268]}, "properties": {"year": 2022, "valeur_fonciere": 329000.0, "type_local": "Maison", "surface_reelle_bati": 122.0, "nombre_pieces_principales": 6.0, "adresse_nom_voie": "RUE DE LA MONTAGNE", "price_per_sqm": 2696.72131147541, "date_iso": "2022-08-29", "parcelle": "77470000AD0055", "addr_num": "8"}}, {"type": "Feature", "geometry": {"type": "Point", "coordinates": [2.75625, 48.747228]}, "properties": {"year": 2022, "valeur_fonciere": 467371.5, "type_local": "Maison", "surface_reelle_bati": 101.0, "nombre_pieces_principales": 4.0, "adresse_nom_voie": "RUE BADEN POWEL", "price_per_sqm": 4627.440594059406, "date_iso": "2022-08-11", "parcelle": "77470000ZA0459", "addr_num": "30"}}, {"type": "Feature", "geometry": {"type": "Point", "coordinates": [2.75625, 48.747228]}, "properties": {"year": 2022, "valeur_fonciere": 467371.5, "type_local": "Maison", "surface_reelle_bati": 101.0, "nombre_pieces_principales": 4.0, "adresse_nom_voie": "RUE BADEN POWEL", "price_per_sqm": 4627.440594059406, "date_iso": "2022-08-11", "parcelle": "77470000ZA0459", "addr_num": "30"}}, {"type": "Feature", "geometry": {"type": "Point", "coordinates": [2.778501, 48.741855]}, "properties": {"year": 2022, "valeur_fonciere": 370000.0, "type_local": "Maison", "surface_reelle_bati": 96.0, "nombre_pieces_principales": 4.0, "adresse_nom_voie": "RUE DE VILLE", "price_per_sqm": 3854.1666666666665, "date_iso": "2022-08-30", "parcelle": "77470000AE0819", "addr_num": "42"}}, {"type": "Feature", "geometry": {"type": "Point", "coordinates": [2.753098, 48.742857]}, "properties": {"year": 2022, "valeur_fonciere": 290000.0, "type_local": "Appartement", "surface_reelle_bati": 86.0, "nombre_pieces_principales": 4.0, "adresse_nom_voie": "RUE JULES LEFEVRE", "price_per_sqm": 3372.093023255814, "date_iso": "2022-08-30", "parcelle": "77470000AB0295", "addr_num": "29"}}, {"type": "Feature", "geometry": {"type": "Point", "coordinates": [2.753098, 48.742857]}, "properties": {"year": 2022, "valeur_fonciere": 290000.0, "type_local": "Dépendance", "surface_reelle_bati": null, "nombre_pieces_principales": 0.0, "adresse_nom_voie": "RUE JULES LEFEVRE", "price_per_sqm": null, "date_iso": "2022-08-30", "parcelle": "77470000AB0295", "addr_num": "29"}}, {"type": "Feature", "geometry": {"type": "Point", "coordinates": [2.753098, 48.742857]}, "properties": {"year": 2022, "valeur_fonciere": 290000.0, "type_local": "Dépendance", "surface_reelle_bati": null, "nombre_pieces_principales": 0.0, "adresse_nom_voie": "RUE JULES LEFEVRE", "price_per_sqm": null, "date_iso": "2022-08-30", "parcelle": "77470000AB0295", "addr_num": "29"}}, {"type": "Feature", "geometry": {"type": "Point", "coordinates": [2.753098, 48.742857]}, "properties": {"year": 2022, "valeur_fonciere": 290000.0, "type_local": "Dépendance", "surface_reelle_bati": null, "nombre_pieces_principales": 0.0, "adresse_nom_voie": "RUE JULES LEFEVRE", "price_per_sqm": null, "date_iso": "2022-08-30", "parcelle": "77470000AB0295", "addr_num": "29"}}, {"type": "Feature", "geometry": {"type": "Point", "coordinates": [2.788928, 48.746501]}, "properties": {"year": 2022, "valeur_fonciere": 128750.0, "type_local": "Maison", "surface_reelle_bati": 117.0, "nombre_pieces_principales": 5.0, "adresse_nom_voie": "HAM DE VILLE", "price_per_sqm": 1100.4273504273503, "date_iso": "2022-08-29", "parcelle": "77470000AL0149", "addr_num": "24"}}, {"type": "Feature", "geometry": {"type": "Point", "coordinates": [2.788928, 48.746501]}, "properties": {"year": 2022, "valeur_fonciere": 128750.0, "type_local": "Dépendance", "surface_reelle_bati": null, "nombre_pieces_principales": 0.0, "adresse_nom_voie": "HAM DE VILLE", "price_per_sqm": null, "date_iso": "2022-08-29", "parcelle": "77470000AL0149", "addr_num": "24"}}, {"type": "Feature", "geometry": {"type": "Point", "coordinates": [2.788928, 48.746501]}, "properties": {"year": 2022, "valeur_fonciere": 128750.0, "type_local": "Maison", "surface_reelle_bati": 117.0, "nombre_pieces_principales": 5.0, "adresse_nom_voie": "HAM DE VILLE", "price_per_sqm": 1100.4273504273503, "date_iso": "2022-08-29", "parcelle": "77470000AL0149", "addr_num": "24"}}, {"type": "Feature", "geometry": {"type": "Point", "coordinates": [2.788928, 48.746501]}, "properties": {"year": 2022, "valeur_fonciere": 128750.0, "type_local": "Dépendance", "surface_reelle_bati": null, "nombre_pieces_principales": 0.0, "adresse_nom_voie": "HAM DE VILLE", "price_per_sqm": null, "date_iso": "2022-08-29", "parcelle": "77470000AL0149", "addr_num": "24"}}, {"type": "Feature", "geometry": {"type": "Point", "coordinates": [2.75495, 48.74422]}, "properties": {"year": 2022, "valeur_fonciere": 481500.0, "type_local": "Maison", "surface_reelle_bati": 117.0, "nombre_pieces_principales": 5.0, "adresse_nom_voie": "RUE EUGENE SIMON", "price_per_sqm": 4115.384615384615, "date_iso": "2022-08-30", "parcelle": "77470000ZA0558", "addr_num": "11"}}, {"type": "Feature", "geometry": {"type": "Point", "coordinates": [2.761069, 48.743361]}, "properties": {"year": 2022, "valeur_fonciere": 520000.0, "type_local": "Dépendance", "surface_reelle_bati": null, "nombre_pieces_principales": 0.0, "adresse_nom_voie": "CHE D ORIGNY", "price_per_sqm": null, "date_iso": "2022-09-02", "parcelle": "77470000ZA0075", "addr_num": "3"}}, {"type": "Feature", "geometry": {"type": "Point", "coordinates": [2.761069, 48.743361]}, "properties": {"year": 2022, "valeur_fonciere": 520000.0, "type_local": "Dépendance", "surface_reelle_bati": null, "nombre_pieces_principales": 0.0, "adresse_nom_voie": "CHE D ORIGNY", "price_per_sqm": null, "date_iso": "2022-09-02", "parcelle": "77470000ZA0075", "addr_num": "3"}}, {"type": "Feature", "geometry": {"type": "Point", "coordinates": [2.761069, 48.743361]}, "properties": {"year": 2022, "valeur_fonciere": 520000.0, "type_local": "Maison", "surface_reelle_bati": 111.0, "nombre_pieces_principales": 5.0, "adresse_nom_voie": "CHE D ORIGNY", "price_per_sqm": 4684.684684684685, "date_iso": "2022-09-02", "parcelle": "77470000ZA0075", "addr_num": "3"}}, {"type": "Feature", "geometry": {"type": "Point", "coordinates": [2.761069, 48.743361]}, "properties": {"year": 2022, "valeur_fonciere": 520000.0, "type_local": "Maison", "surface_reelle_bati": 111.0, "nombre_pieces_principales": 5.0, "adresse_nom_voie": "CHE D ORIGNY", "price_per_sqm": 4684.684684684685, "date_iso": "2022-09-02", "parcelle": "77470000ZA0075", "addr_num": "3"}}, {"type": "Feature", "geometry": {"type": "Point", "coordinates": [2.761069, 48.743361]}, "properties": {"year": 2022, "valeur_fonciere": 520000.0, "type_local": "Dépendance", "surface_reelle_bati": null, "nombre_pieces_principales": 0.0, "adresse_nom_voie": "CHE D ORIGNY", "price_per_sqm": null, "date_iso": "2022-09-02", "parcelle": "77470000ZA0075", "addr_num": "3"}}, {"type": "Feature", "geometry": {"type": "Point", "coordinates": [2.761069, 48.743361]}, "properties": {"year": 2022, "valeur_fonciere": 520000.0, "type_local": "Dépendance", "surface_reelle_bati": null, "nombre_pieces_principales": 0.0, "adresse_nom_voie": "CHE D ORIGNY", "price_per_sqm": null, "date_iso": "2022-09-02", "parcelle": "77470000ZA0075", "addr_num": "3"}}, {"type": "Feature", "geometry": {"type": "Point", "coordinates": [2.761069, 48.743361]}, "properties": {"year": 2022, "valeur_fonciere": 520000.0, "type_local": "Dépendance", "surface_reelle_bati": null, "nombre_pieces_principales": 0.0, "adresse_nom_voie": "CHE D ORIGNY", "price_per_sqm": null, "date_iso": "2022-09-02", "parcelle": "77470000ZA0075", "addr_num": "3"}}, {"type": "Feature", "geometry": {"type": "Point", "coordinates": [2.761069, 48.743361]}, "properties": {"year": 2022, "valeur_fonciere": 520000.0, "type_local": "Dépendance", "surface_reelle_bati": null, "nombre_pieces_principales": 0.0, "adresse_nom_voie": "CHE D ORIGNY", "price_per_sqm": null, "date_iso": "2022-09-02", "parcelle": "77470000ZA0075", "addr_num": "3"}}, {"type": "Feature", "geometry": {"type": "Point", "coordinates": [2.769619, 48.739228]}, "properties": {"year": 2022, "valeur_fonciere": 110000.0, "type_local": "Appartement", "surface_reelle_bati": 18.0, "nombre_pieces_principales": 1.0, "adresse_nom_voie": "RUE DU MAL FOCH", "price_per_sqm": 6111.111111111111, "date_iso": "2022-09-09", "parcelle": "77470000AH0093", "addr_num": "20"}}, {"type": "Feature", "geometry": {"type": "Point", "coordinates": [2.769619, 48.739228]}, "properties": {"year": 2022, "valeur_fonciere": 110000.0, "type_local": "Dépendance", "surface_reelle_bati": null, "nombre_pieces_principales": 0.0, "adresse_nom_voie": "RUE DU MAL FOCH", "price_per_sqm": null, "date_iso": "2022-09-09", "parcelle": "77470000AH0093", "addr_num": "20"}}, {"type": "Feature", "geometry": {"type": "Point", "coordinates": [2.769619, 48.739228]}, "properties": {"year": 2022, "valeur_fonciere": 110000.0, "type_local": "Dépendance", "surface_reelle_bati": null, "nombre_pieces_principales": 0.0, "adresse_nom_voie": "RUE DU MAL FOCH", "price_per_sqm": null, "date_iso": "2022-09-09", "parcelle": "77470000AH0093", "addr_num": "20"}}, {"type": "Feature", "geometry": {"type": "Point", "coordinates": [2.769619, 48.739228]}, "properties": {"year": 2022, "valeur_fonciere": 110000.0, "type_local": "Dépendance", "surface_reelle_bati": null, "nombre_pieces_principales": 0.0, "adresse_nom_voie": "RUE DU MAL FOCH", "price_per_sqm": null, "date_iso": "2022-09-09", "parcelle": "77470000AH0093", "addr_num": "20"}}, {"type": "Feature", "geometry": {"type": "Point", "coordinates": [2.761705, 48.739119]}, "properties": {"year": 2022, "valeur_fonciere": 199000.0, "type_local": "Dépendance", "surface_reelle_bati": null, "nombre_pieces_principales": 0.0, "adresse_nom_voie": "RUE DE PARIS", "price_per_sqm": null, "date_iso": "2022-09-13", "parcelle": "77470000AI0349", "addr_num": "60"}}, {"type": "Feature", "geometry": {"type": "Point", "coordinates": [2.761705, 48.739119]}, "properties": {"year": 2022, "valeur_fonciere": 199000.0, "type_local": "Dépendance", "surface_reelle_bati": null, "nombre_pieces_principales": 0.0, "adresse_nom_voie": "RUE DE PARIS", "price_per_sqm": null, "date_iso": "2022-09-13", "parcelle": "77470000AI0349", "addr_num": "60"}}, {"type": "Feature", "geometry": {"type": "Point", "coordinates": [2.761705, 48.739119]}, "properties": {"year": 2022, "valeur_fonciere": 199000.0, "type_local": "Dépendance", "surface_reelle_bati": null, "nombre_pieces_principales": 0.0, "adresse_nom_voie": "RUE DE PARIS", "price_per_sqm": null, "date_iso": "2022-09-13", "parcelle": "77470000AI0349", "addr_num": "60"}}, {"type": "Feature", "geometry": {"type": "Point", "coordinates": [2.761705, 48.739119]}, "properties": {"year": 2022, "valeur_fonciere": 199000.0, "type_local": "Appartement", "surface_reelle_bati": 59.0, "nombre_pieces_principales": 3.0, "adresse_nom_voie": "RUE DE PARIS", "price_per_sqm": 3372.8813559322034, "date_iso": "2022-09-13", "parcelle": "77470000AI0349", "addr_num": "60"}}, {"type": "Feature", "geometry": {"type": "Point", "coordinates": [2.778539, 48.74092]}, "properties": {"year": 2022, "valeur_fonciere": 295000.0, "type_local": "Maison", "surface_reelle_bati": 104.0, "nombre_pieces_principales": 5.0, "adresse_nom_voie": "RUE ALBERT LEBRUN", "price_per_sqm": 2836.5384615384614, "date_iso": "2022-09-08", "parcelle": "77470000AE0498", "addr_num": "44"}}, {"type": "Feature", "geometry": {"type": "Point", "coordinates": [2.774224, 48.738282]}, "properties": {"year": 2022, "valeur_fonciere": 205000.0, "type_local": "Dépendance", "surface_reelle_bati": null, "nombre_pieces_principales": 0.0, "adresse_nom_voie": "RUE DE LA LIBERATION", "price_per_sqm": null, "date_iso": "2022-09-08", "parcelle": "77470000ZE0043", "addr_num": "9"}}, {"type": "Feature", "geometry": {"type": "Point", "coordinates": [2.774224, 48.738282]}, "properties": {"year": 2022, "valeur_fonciere": 205000.0, "type_local": "Appartement", "surface_reelle_bati": 52.0, "nombre_pieces_principales": 3.0, "adresse_nom_voie": "RUE DE LA LIBERATION", "price_per_sqm": 3942.3076923076924, "date_iso": "2022-09-08", "parcelle": "77470000ZE0043", "addr_num": "9"}}, {"type": "Feature", "geometry": {"type": "Point", "coordinates": [2.774094, 48.745287]}, "properties": {"year": 2022, "valeur_fonciere": 320000.0, "type_local": "Maison", "surface_reelle_bati": 87.0, "nombre_pieces_principales": 5.0, "adresse_nom_voie": "ALL DE MONTECOUVE", "price_per_sqm": 3678.1609195402298, "date_iso": "2022-09-01", "parcelle": "77470000ZA0110", "addr_num": "4"}}, {"type": "Feature", "geometry": {"type": "Point", "coordinates": [2.760036, 48.743698]}, "properties": {"year": 2022, "valeur_fonciere": 144000.0, "type_local": "Dépendance", "surface_reelle_bati": null, "nombre_pieces_principales": 0.0, "adresse_nom_voie": "RES TOURNAN ORIGNY", "price_per_sqm": null, "date_iso": "2022-09-05", "parcelle": "77470000ZA0005", "addr_num": "9001"}}, {"type": "Feature", "geometry": {"type": "Point", "coordinates": [2.760036, 48.743698]}, "properties": {"year": 2022, "valeur_fonciere": 144000.0, "type_local": "Dépendance", "surface_reelle_bati": null, "nombre_pieces_principales": 0.0, "adresse_nom_voie": "RES TOURNAN ORIGNY", "price_per_sqm": null, "date_iso": "2022-09-05", "parcelle": "77470000ZA0005", "addr_num": "9001"}}, {"type": "Feature", "geometry": {"type": "Point", "coordinates": [2.760036, 48.743698]}, "properties": {"year": 2022, "valeur_fonciere": 144000.0, "type_local": "Appartement", "surface_reelle_bati": 54.0, "nombre_pieces_principales": 3.0, "adresse_nom_voie": "RES TOURNAN ORIGNY", "price_per_sqm": 2666.6666666666665, "date_iso": "2022-09-05", "parcelle": "77470000ZA0005", "addr_num": "9001"}}, {"type": "Feature", "geometry": {"type": "Point", "coordinates": [2.777793, 48.742401]}, "properties": {"year": 2022, "valeur_fonciere": 335000.0, "type_local": "Maison", "surface_reelle_bati": 93.0, "nombre_pieces_principales": 4.0, "adresse_nom_voie": "RUE DE VILLE", "price_per_sqm": 3602.1505376344085, "date_iso": "2022-09-09", "parcelle": "77470000AE0566", "addr_num": "43"}}, {"type": "Feature", "geometry": {"type": "Point", "coordinates": [2.777793, 48.742401]}, "properties": {"year": 2022, "valeur_fonciere": 335000.0, "type_local": "Dépendance", "surface_reelle_bati": null, "nombre_pieces_principales": 0.0, "adresse_nom_voie": "RUE DE VILLE", "price_per_sqm": null, "date_iso": "2022-09-09", "parcelle": "77470000AE0566", "addr_num": "43"}}, {"type": "Feature", "geometry": {"type": "Point", "coordinates": [2.760947, 48.739963]}, "properties": {"year": 2022, "valeur_fonciere": 315000.0, "type_local": "Maison", "surface_reelle_bati": 96.0, "nombre_pieces_principales": 5.0, "adresse_nom_voie": "RUE PAUL HASTIER", "price_per_sqm": 3281.25, "date_iso": "2022-09-29", "parcelle": "77470000AI0188", "addr_num": "14"}}, {"type": "Feature", "geometry": {"type": "Point", "coordinates": [2.771042, 48.7431]}, "properties": {"year": 2022, "valeur_fonciere": 270000.0, "type_local": null, "surface_reelle_bati": null, "nombre_pieces_principales": null, "adresse_nom_voie": "LE MARTRAY", "price_per_sqm": null, "date_iso": "2022-09-23", "parcelle": "77470000AE0157", "addr_num": ""}}, {"type": "Feature", "geometry": {"type": "Point", "coordinates": [2.771185, 48.742895]}, "properties": {"year": 2022, "valeur_fonciere": 270000.0, "type_local": null, "surface_reelle_bati": null, "nombre_pieces_principales": null, "adresse_nom_voie": "LE MARTRAY", "price_per_sqm": null, "date_iso": "2022-09-23", "parcelle": "77470000AE0162", "addr_num": ""}}, {"type": "Feature", "geometry": {"type": "Point", "coordinates": [2.772095, 48.742887]}, "properties": {"year": 2022, "valeur_fonciere": 270000.0, "type_local": "Maison", "surface_reelle_bati": 91.0, "nombre_pieces_principales": 5.0, "adresse_nom_voie": "RUE DES SOURCES", "price_per_sqm": 2967.032967032967, "date_iso": "2022-09-23", "parcelle": "77470000AE0186", "addr_num": "8"}}, {"type": "Feature", "geometry": {"type": "Point", "coordinates": [2.771968, 48.742924]}, "properties": {"year": 2022, "valeur_fonciere": 270000.0, "type_local": null, "surface_reelle_bati": null, "nombre_pieces_principales": null, "adresse_nom_voie": "RUE DES SOURCES", "price_per_sqm": null, "date_iso": "2022-09-23", "parcelle": "77470000AE0187", "addr_num": ""}}, {"type": "Feature", "geometry": {"type": "Point", "coordinates": [2.775165, 48.741451]}, "properties": {"year": 2022, "valeur_fonciere": 270000.0, "type_local": null, "surface_reelle_bati": null, "nombre_pieces_principales": null, "adresse_nom_voie": "RUE DE VILLE", "price_per_sqm": null, "date_iso": "2022-09-23", "parcelle": "77470000AE0299", "addr_num": ""}}, {"type": "Feature", "geometry": {"type": "Point", "coordinates": [2.773374, 48.74166]}, "properties": {"year": 2022, "valeur_fonciere": 270000.0, "type_local": null, "surface_reelle_bati": null, "nombre_pieces_principales": null, "adresse_nom_voie": "LE VAL DES BOISSIERES", "price_per_sqm": null, "date_iso": "2022-09-23", "parcelle": "77470000AE0330", "addr_num": ""}}, {"type": "Feature", "geometry": {"type": "Point", "coordinates": [2.773095, 48.741943]}, "properties": {"year": 2022, "valeur_fonciere": 270000.0, "type_local": null, "surface_reelle_bati": null, "nombre_pieces_principales": null, "adresse_nom_voie": "LE VAL DES BOISSIERES", "price_per_sqm": null, "date_iso": "2022-09-23", "parcelle": "77470000AE0337", "addr_num": ""}}, {"type": "Feature", "geometry": {"type": "Point", "coordinates": [2.772712, 48.742435]}, "properties": {"year": 2022, "valeur_fonciere": 270000.0, "type_local": "Local industriel. commercial ou assimilé", "surface_reelle_bati": null, "nombre_pieces_principales": 0.0, "adresse_nom_voie": "LE VAL DES BOISSIERES", "price_per_sqm": null, "date_iso": "2022-09-23", "parcelle": "77470000AE0346", "addr_num": "9001"}}, {"type": "Feature", "geometry": {"type": "Point", "coordinates": [2.771764, 48.741891]}, "properties": {"year": 2022, "valeur_fonciere": 270000.0, "type_local": null, "surface_reelle_bati": null, "nombre_pieces_principales": null, "adresse_nom_voie": "LE MARTRAY", "price_per_sqm": null, "date_iso": "2022-09-23", "parcelle": "77470000AE0358", "addr_num": ""}}, {"type": "Feature", "geometry": {"type": "Point", "coordinates": [2.770768, 48.742477]}, "properties": {"year": 2022, "valeur_fonciere": 270000.0, "type_local": null, "surface_reelle_bati": null, "nombre_pieces_principales": null, "adresse_nom_voie": "LE MARTRAY", "price_per_sqm": null, "date_iso": "2022-09-23", "parcelle": "77470000AE0370", "addr_num": ""}}, {"type": "Feature", "geometry": {"type": "Point", "coordinates": [2.770574, 48.742444]}, "properties": {"year": 2022, "valeur_fonciere": 270000.0, "type_local": null, "surface_reelle_bati": null, "nombre_pieces_principales": null, "adresse_nom_voie": "LE MARTRAY", "price_per_sqm": null, "date_iso": "2022-09-23", "parcelle": "77470000AE0371", "addr_num": ""}}, {"type": "Feature", "geometry": {"type": "Point", "coordinates": [2.770045, 48.742356]}, "properties": {"year": 2022, "valeur_fonciere": 270000.0, "type_local": null, "surface_reelle_bati": null, "nombre_pieces_principales": null, "adresse_nom_voie": "LE MARTRAY", "price_per_sqm": null, "date_iso": "2022-09-23", "parcelle": "77470000AE0374", "addr_num": ""}}, {"type": "Feature", "geometry": {"type": "Point", "coordinates": [2.773312, 48.742378]}, "properties": {"year": 2022, "valeur_fonciere": 270000.0, "type_local": null, "surface_reelle_bati": null, "nombre_pieces_principales": null, "adresse_nom_voie": "LE MARTRAY", "price_per_sqm": null, "date_iso": "2022-09-23", "parcelle": "77470000AE0375", "addr_num": ""}}, {"type": "Feature", "geometry": {"type": "Point", "coordinates": [2.771042, 48.7431]}, "properties": {"year": 2022, "valeur_fonciere": 320700.0, "type_local": null, "surface_reelle_bati": null, "nombre_pieces_principales": null, "adresse_nom_voie": "LE MARTRAY", "price_per_sqm": null, "date_iso": "2022-09-23", "parcelle": "77470000AE0157", "addr_num": ""}}, {"type": "Feature", "geometry": {"type": "Point", "coordinates": [2.771185, 48.742895]}, "properties": {"year": 2022, "valeur_fonciere": 320700.0, "type_local": null, "surface_reelle_bati": null, "nombre_pieces_principales": null, "adresse_nom_voie": "LE MARTRAY", "price_per_sqm": null, "date_iso": "2022-09-23", "parcelle": "77470000AE0162", "addr_num": ""}}, {"type": "Feature", "geometry": {"type": "Point", "coordinates": [2.772917, 48.742678]}, "properties": {"year": 2022, "valeur_fonciere": 320700.0, "type_local": "Dépendance", "surface_reelle_bati": null, "nombre_pieces_principales": 0.0, "adresse_nom_voie": "AV DES BOISSIERES", "price_per_sqm": null, "date_iso": "2022-09-23", "parcelle": "77470000AE0202", "addr_num": "13"}}, {"type": "Feature", "geometry": {"type": "Point", "coordinates": [2.772917, 48.742678]}, "properties": {"year": 2022, "valeur_fonciere": 320700.0, "type_local": "Maison", "surface_reelle_bati": 105.0, "nombre_pieces_principales": 6.0, "adresse_nom_voie": "AV DES BOISSIERES", "price_per_sqm": 3054.285714285714, "date_iso": "2022-09-23", "parcelle": "77470000AE0202", "addr_num": "13"}}, {"type": "Feature", "geometry": {"type": "Point", "coordinates": [2.77303, 48.742644]}, "properties": {"year": 2022, "valeur_fonciere": 320700.0, "type_local": null, "surface_reelle_bati": null, "nombre_pieces_principales": null, "adresse_nom_voie": "AV DES BOISSIERES", "price_per_sqm": null, "date_iso": "2022-09-23", "parcelle": "77470000AE0203", "addr_num": ""}}, {"type": "Feature", "geometry": {"type": "Point", "coordinates": [2.775165, 48.741451]}, "properties": {"year": 2022, "valeur_fonciere": 320700.0, "type_local": null, "surface_reelle_bati": null, "nombre_pieces_principales": null, "adresse_nom_voie": "RUE DE VILLE", "price_per_sqm": null, "date_iso": "2022-09-23", "parcelle": "77470000AE0299", "addr_num": ""}}, {"type": "Feature", "geometry": {"type": "Point", "coordinates": [2.773374, 48.74166]}, "properties": {"year": 2022, "valeur_fonciere": 320700.0, "type_local": null, "surface_reelle_bati": null, "nombre_pieces_principales": null, "adresse_nom_voie": "LE VAL DES BOISSIERES", "price_per_sqm": null, "date_iso": "2022-09-23", "parcelle": "77470000AE0330", "addr_num": ""}}, {"type": "Feature", "geometry": {"type": "Point", "coordinates": [2.773095, 48.741943]}, "properties": {"year": 2022, "valeur_fonciere": 320700.0, "type_local": null, "surface_reelle_bati": null, "nombre_pieces_principales": null, "adresse_nom_voie": "LE VAL DES BOISSIERES", "price_per_sqm": null, "date_iso": "2022-09-23", "parcelle": "77470000AE0337", "addr_num": ""}}, {"type": "Feature", "geometry": {"type": "Point", "coordinates": [2.772712, 48.742435]}, "properties": {"year": 2022, "valeur_fonciere": 320700.0, "type_local": "Local industriel. commercial ou assimilé", "surface_reelle_bati": null, "nombre_pieces_principales": 0.0, "adresse_nom_voie": "LE VAL DES BOISSIERES", "price_per_sqm": null, "date_iso": "2022-09-23", "parcelle": "77470000AE0346", "addr_num": "9001"}}, {"type": "Feature", "geometry": {"type": "Point", "coordinates": [2.771764, 48.741891]}, "properties": {"year": 2022, "valeur_fonciere": 320700.0, "type_local": null, "surface_reelle_bati": null, "nombre_pieces_principales": null, "adresse_nom_voie": "LE MARTRAY", "price_per_sqm": null, "date_iso": "2022-09-23", "parcelle": "77470000AE0358", "addr_num": ""}}, {"type": "Feature", "geometry": {"type": "Point", "coordinates": [2.770768, 48.742477]}, "properties": {"year": 2022, "valeur_fonciere": 320700.0, "type_local": null, "surface_reelle_bati": null, "nombre_pieces_principales": null, "adresse_nom_voie": "LE MARTRAY", "price_per_sqm": null, "date_iso": "2022-09-23", "parcelle": "77470000AE0370", "addr_num": ""}}, {"type": "Feature", "geometry": {"type": "Point", "coordinates": [2.770574, 48.742444]}, "properties": {"year": 2022, "valeur_fonciere": 320700.0, "type_local": null, "surface_reelle_bati": null, "nombre_pieces_principales": null, "adresse_nom_voie": "LE MARTRAY", "price_per_sqm": null, "date_iso": "2022-09-23", "parcelle": "77470000AE0371", "addr_num": ""}}, {"type": "Feature", "geometry": {"type": "Point", "coordinates": [2.770045, 48.742356]}, "properties": {"year": 2022, "valeur_fonciere": 320700.0, "type_local": null, "surface_reelle_bati": null, "nombre_pieces_principales": null, "adresse_nom_voie": "LE MARTRAY", "price_per_sqm": null, "date_iso": "2022-09-23", "parcelle": "77470000AE0374", "addr_num": ""}}, {"type": "Feature", "geometry": {"type": "Point", "coordinates": [2.773312, 48.742378]}, "properties": {"year": 2022, "valeur_fonciere": 320700.0, "type_local": null, "surface_reelle_bati": null, "nombre_pieces_principales": null, "adresse_nom_voie": "LE MARTRAY", "price_per_sqm": null, "date_iso": "2022-09-23", "parcelle": "77470000AE0375", "addr_num": ""}}, {"type": "Feature", "geometry": {"type": "Point", "coordinates": [2.753553, 48.743985]}, "properties": {"year": 2022, "valeur_fonciere": 361000.0, "type_local": "Dépendance", "surface_reelle_bati": null, "nombre_pieces_principales": 0.0, "adresse_nom_voie": "RUE JULES LEFEVRE", "price_per_sqm": null, "date_iso": "2022-09-30", "parcelle": "77470000AB0292", "addr_num": "12"}}, {"type": "Feature", "geometry": {"type": "Point", "coordinates": [2.753553, 48.743985]}, "properties": {"year": 2022, "valeur_fonciere": 361000.0, "type_local": "Dépendance", "surface_reelle_bati": null, "nombre_pieces_principales": 0.0, "adresse_nom_voie": "RUE JULES LEFEVRE", "price_per_sqm": null, "date_iso": "2022-09-30", "parcelle": "77470000AB0292", "addr_num": "12"}}, {"type": "Feature", "geometry": {"type": "Point", "coordinates": [2.753553, 48.743985]}, "properties": {"year": 2022, "valeur_fonciere": 361000.0, "type_local": "Appartement", "surface_reelle_bati": 108.0, "nombre_pieces_principales": 4.0, "adresse_nom_voie": "RUE JULES LEFEVRE", "price_per_sqm": 3342.5925925925926, "date_iso": "2022-09-30", "parcelle": "77470000AB0292", "addr_num": "12"}}, {"type": "Feature", "geometry": {"type": "Point", "coordinates": [2.754526, 48.741641]}, "properties": {"year": 2022, "valeur_fonciere": 590000.0, "type_local": "Dépendance", "surface_reelle_bati": null, "nombre_pieces_principales": 0.0, "adresse_nom_voie": "RUE GEORGES CLEMENCEAU", "price_per_sqm": null, "date_iso": "2022-09-15", "parcelle": "77470000AB0109", "addr_num": "50"}}, {"type": "Feature", "geometry": {"type": "Point", "coordinates": [2.754526, 48.741641]}, "properties": {"year": 2022, "valeur_fonciere": 590000.0, "type_local": "Dépendance", "surface_reelle_bati": null, "nombre_pieces_principales": 0.0, "adresse_nom_voie": "RUE GEORGES CLEMENCEAU", "price_per_sqm": null, "date_iso": "2022-09-15", "parcelle": "77470000AB0109", "addr_num": "50"}}, {"type": "Feature", "geometry": {"type": "Point", "coordinates": [2.754526, 48.741641]}, "properties": {"year": 2022, "valeur_fonciere": 590000.0, "type_local": "Maison", "surface_reelle_bati": 178.0, "nombre_pieces_principales": 6.0, "adresse_nom_voie": "RUE GEORGES CLEMENCEAU", "price_per_sqm": 3314.6067415730336, "date_iso": "2022-09-15", "parcelle": "77470000AB0109", "addr_num": "50"}}, {"type": "Feature", "geometry": {"type": "Point", "coordinates": [2.754526, 48.741641]}, "properties": {"year": 2022, "valeur_fonciere": 590000.0, "type_local": "Maison", "surface_reelle_bati": 178.0, "nombre_pieces_principales": 6.0, "adresse_nom_voie": "RUE GEORGES CLEMENCEAU", "price_per_sqm": 3314.6067415730336, "date_iso": "2022-09-15", "parcelle": "77470000AB0109", "addr_num": "50"}}, {"type": "Feature", "geometry": {"type": "Point", "coordinates": [2.769619, 48.739228]}, "properties": {"year": 2022, "valeur_fonciere": 120000.0, "type_local": "Appartement", "surface_reelle_bati": 18.0, "nombre_pieces_principales": 1.0, "adresse_nom_voie": "RUE DU MAL FOCH", "price_per_sqm": 6666.666666666667, "date_iso": "2022-10-03", "parcelle": "77470000AH0093", "addr_num": "20"}}, {"type": "Feature", "geometry": {"type": "Point", "coordinates": [2.769619, 48.739228]}, "properties": {"year": 2022, "valeur_fonciere": 120000.0, "type_local": "Dépendance", "surface_reelle_bati": null, "nombre_pieces_principales": 0.0, "adresse_nom_voie": "RUE DU MAL FOCH", "price_per_sqm": null, "date_iso": "2022-10-03", "parcelle": "77470000AH0093", "addr_num": "20"}}, {"type": "Feature", "geometry": {"type": "Point", "coordinates": [2.769619, 48.739228]}, "properties": {"year": 2022, "valeur_fonciere": 120000.0, "type_local": "Dépendance", "surface_reelle_bati": null, "nombre_pieces_principales": 0.0, "adresse_nom_voie": "RUE DU MAL FOCH", "price_per_sqm": null, "date_iso": "2022-10-03", "parcelle": "77470000AH0093", "addr_num": "20"}}, {"type": "Feature", "geometry": {"type": "Point", "coordinates": [2.769619, 48.739228]}, "properties": {"year": 2022, "valeur_fonciere": 120000.0, "type_local": "Dépendance", "surface_reelle_bati": null, "nombre_pieces_principales": 0.0, "adresse_nom_voie": "RUE DU MAL FOCH", "price_per_sqm": null, "date_iso": "2022-10-03", "parcelle": "77470000AH0093", "addr_num": "20"}}, {"type": "Feature", "geometry": {"type": "Point", "coordinates": [2.774734, 48.738169]}, "properties": {"year": 2022, "valeur_fonciere": 3100000.0, "type_local": "Maison", "surface_reelle_bati": 48.0, "nombre_pieces_principales": 3.0, "adresse_nom_voie": "CHE DEPART 216 E", "price_per_sqm": 64583.333333333336, "date_iso": "2022-09-29", "parcelle": "77470000ZE0029", "addr_num": "9001"}}, {"type": "Feature", "geometry": {"type": "Point", "coordinates": [2.774734, 48.738169]}, "properties": {"year": 2022, "valeur_fonciere": 3100000.0, "type_local": "Local industriel. commercial ou assimilé", "surface_reelle_bati": null, "nombre_pieces_principales": null, "adresse_nom_voie": "CHE DEPART 216 E", "price_per_sqm": null, "date_iso": "2022-09-29", "parcelle": "77470000ZE0029", "addr_num": "9001"}}, {"type": "Feature", "geometry": {"type": "Point", "coordinates": [2.774734, 48.738169]}, "properties": {"year": 2022, "valeur_fonciere": 3100000.0, "type_local": "Local industriel. commercial ou assimilé", "surface_reelle_bati": null, "nombre_pieces_principales": null, "adresse_nom_voie": "CHE DEPART 216 E", "price_per_sqm": null, "date_iso": "2022-09-29", "parcelle": "77470000ZE0029", "addr_num": "9001"}}, {"type": "Feature", "geometry": {"type": "Point", "coordinates": [2.774734, 48.738169]}, "properties": {"year": 2022, "valeur_fonciere": 3100000.0, "type_local": "Local industriel. commercial ou assimilé", "surface_reelle_bati": 5152.0, "nombre_pieces_principales": 0.0, "adresse_nom_voie": "CHE DEPART 216 E", "price_per_sqm": 601.7080745341615, "date_iso": "2022-09-29", "parcelle": "77470000ZE0029", "addr_num": "9001"}}, {"type": "Feature", "geometry": {"type": "Point", "coordinates": [2.775502, 48.738249]}, "properties": {"year": 2022, "valeur_fonciere": 3100000.0, "type_local": null, "surface_reelle_bati": null, "nombre_pieces_principales": null, "adresse_nom_voie": "RTE DE FONTENAY", "price_per_sqm": null, "date_iso": "2022-09-29", "parcelle": "77470000ZE0030", "addr_num": ""}}, {"type": "Feature", "geometry": {"type": "Point", "coordinates": [2.775931, 48.738785]}, "properties": {"year": 2022, "valeur_fonciere": 3100000.0, "type_local": "Local industriel. commercial ou assimilé", "surface_reelle_bati": 3892.0, "nombre_pieces_principales": 0.0, "adresse_nom_voie": "RUE DE LA LIBERATION", "price_per_sqm": 796.5056526207605, "date_iso": "2022-09-29", "parcelle": "77470000ZE0075", "addr_num": "16"}}, {"type": "Feature", "geometry": {"type": "Point", "coordinates": [2.777048, 48.738693]}, "properties": {"year": 2022, "valeur_fonciere": 3100000.0, "type_local": null, "surface_reelle_bati": null, "nombre_pieces_principales": null, "adresse_nom_voie": "LE CLOSEAU", "price_per_sqm": null, "date_iso": "2022-09-29", "parcelle": "77470000ZE0077", "addr_num": ""}}, {"type": "Feature", "geometry": {"type": "Point", "coordinates": [2.776897, 48.739472]}, "properties": {"year": 2022, "valeur_fonciere": 3100000.0, "type_local": "Local industriel. commercial ou assimilé", "surface_reelle_bati": 1420.0, "nombre_pieces_principales": 0.0, "adresse_nom_voie": "RUE DE LA LIBERATION", "price_per_sqm": 2183.0985915492956, "date_iso": "2022-09-29", "parcelle": "77470000ZE0093", "addr_num": "12"}}, {"type": "Feature", "geometry": {"type": "Point", "coordinates": [2.776897, 48.739472]}, "properties": {"year": 2022, "valeur_fonciere": 3100000.0, "type_local": "Local industriel. commercial ou assimilé", "surface_reelle_bati": 1050.0, "nombre_pieces_principales": 0.0, "adresse_nom_voie": "RUE DE LA LIBERATION", "price_per_sqm": 2952.3809523809523, "date_iso": "2022-09-29", "parcelle": "77470000ZE0093", "addr_num": "12"}}, {"type": "Feature", "geometry": {"type": "Point", "coordinates": [2.77633, 48.738995]}, "properties": {"year": 2022, "valeur_fonciere": 3100000.0, "type_local": null, "surface_reelle_bati": null, "nombre_pieces_principales": null, "adresse_nom_voie": "RUE DE LA CROIX SAINT MARC", "price_per_sqm": null, "date_iso": "2022-09-29", "parcelle": "77470000ZE0094", "addr_num": ""}}, {"type": "Feature", "geometry": {"type": "Point", "coordinates": [2.770106, 48.742126]}, "properties": {"year": 2022, "valeur_fonciere": 362000.0, "type_local": null, "surface_reelle_bati": null, "nombre_pieces_principales": null, "adresse_nom_voie": "RUE DU GAZ", "price_per_sqm": null, "date_iso": "2022-10-10", "parcelle": "77470000AE0695", "addr_num": ""}}, {"type": "Feature", "geometry": {"type": "Point", "coordinates": [2.770233, 48.74207]}, "properties": {"year": 2022, "valeur_fonciere": 362000.0, "type_local": "Maison", "surface_reelle_bati": 81.0, "nombre_pieces_principales": 4.0, "adresse_nom_voie": "RUE DU GAZ", "price_per_sqm": 4469.135802469136, "date_iso": "2022-10-10", "parcelle": "77470000AE0696", "addr_num": "25"}}, {"type": "Feature", "geometry": {"type": "Point", "coordinates": [2.756522, 48.739479]}, "properties": {"year": 2022, "valeur_fonciere": 341230.0, "type_local": "Maison", "surface_reelle_bati": 84.0, "nombre_pieces_principales": 4.0, "adresse_nom_voie": "RUE DE LA SCIERIE", "price_per_sqm": 4062.2619047619046, "date_iso": "2022-10-01", "parcelle": "77470000AK0310", "addr_num": "6"}}, {"type": "Feature", "geometry": {"type": "Point", "coordinates": [2.776489, 48.743303]}, "properties": {"year": 2022, "valeur_fonciere": 320000.0, "type_local": "Maison", "surface_reelle_bati": 75.0, "nombre_pieces_principales": 5.0, "adresse_nom_voie": "ALL DES MARGUERITES", "price_per_sqm": 4266.666666666667, "date_iso": "2022-10-04", "parcelle": "77470000AE0636", "addr_num": "10"}}, {"type": "Feature", "geometry": {"type": "Point", "coordinates": [2.769987, 48.738782]}, "properties": {"year": 2022, "valeur_fonciere": 235000.0, "type_local": "Maison", "surface_reelle_bati": 45.0, "nombre_pieces_principales": 2.0, "adresse_nom_voie": "RUE DE LA REPUBLIQUE", "price_per_sqm": 5222.222222222223, "date_iso": "2022-09-27", "parcelle": "77470000AH0107", "addr_num": "9"}}, {"type": "Feature", "geometry": {"type": "Point", "coordinates": [2.760036, 48.743698]}, "properties": {"year": 2022, "valeur_fonciere": 155000.0, "type_local": "Dépendance", "surface_reelle_bati": null, "nombre_pieces_principales": 0.0, "adresse_nom_voie": "RES TOURNAN ORIGNY", "price_per_sqm": null, "date_iso": "2022-10-07", "parcelle": "77470000ZA0005", "addr_num": "9001"}}, {"type": "Feature", "geometry": {"type": "Point", "coordinates": [2.760036, 48.743698]}, "properties": {"year": 2022, "valeur_fonciere": 155000.0, "type_local": "Dépendance", "surface_reelle_bati": null, "nombre_pieces_principales": 0.0, "adresse_nom_voie": "RES TOURNAN ORIGNY", "price_per_sqm": null, "date_iso": "2022-10-07", "parcelle": "77470000ZA0005", "addr_num": "9001"}}, {"type": "Feature", "geometry": {"type": "Point", "coordinates": [2.760036, 48.743698]}, "properties": {"year": 2022, "valeur_fonciere": 155000.0, "type_local": "Dépendance", "surface_reelle_bati": null, "nombre_pieces_principales": 0.0, "adresse_nom_voie": "RES TOURNAN ORIGNY", "price_per_sqm": null, "date_iso": "2022-10-07", "parcelle": "77470000ZA0005", "addr_num": "9001"}}, {"type": "Feature", "geometry": {"type": "Point", "coordinates": [2.760036, 48.743698]}, "properties": {"year": 2022, "valeur_fonciere": 155000.0, "type_local": "Appartement", "surface_reelle_bati": 54.0, "nombre_pieces_principales": 3.0, "adresse_nom_voie": "RES TOURNAN ORIGNY", "price_per_sqm": 2870.3703703703704, "date_iso": "2022-10-07", "parcelle": "77470000ZA0005", "addr_num": "9001"}}, {"type": "Feature", "geometry": {"type": "Point", "coordinates": [2.760036, 48.743698]}, "properties": {"year": 2022, "valeur_fonciere": 170000.0, "type_local": "Dépendance", "surface_reelle_bati": null, "nombre_pieces_principales": 0.0, "adresse_nom_voie": "RES TOURNAN ORIGNY", "price_per_sqm": null, "date_iso": "2022-10-26", "parcelle": "77470000ZA0005", "addr_num": "9001"}}, {"type": "Feature", "geometry": {"type": "Point", "coordinates": [2.760036, 48.743698]}, "properties": {"year": 2022, "valeur_fonciere": 170000.0, "type_local": "Appartement", "surface_reelle_bati": 54.0, "nombre_pieces_principales": 3.0, "adresse_nom_voie": "RES TOURNAN ORIGNY", "price_per_sqm": 3148.1481481481483, "date_iso": "2022-10-26", "parcelle": "77470000ZA0005", "addr_num": "9001"}}, {"type": "Feature", "geometry": {"type": "Point", "coordinates": [2.760036, 48.743698]}, "properties": {"year": 2022, "valeur_fonciere": 170000.0, "type_local": "Dépendance", "surface_reelle_bati": null, "nombre_pieces_principales": 0.0, "adresse_nom_voie": "RES TOURNAN ORIGNY", "price_per_sqm": null, "date_iso": "2022-10-26", "parcelle": "77470000ZA0005", "addr_num": "9001"}}, {"type": "Feature", "geometry": {"type": "Point", "coordinates": [2.774224, 48.738282]}, "properties": {"year": 2022, "valeur_fonciere": 132000.0, "type_local": "Dépendance", "surface_reelle_bati": null, "nombre_pieces_principales": 0.0, "adresse_nom_voie": "RUE DE LA LIBERATION", "price_per_sqm": null, "date_iso": "2022-11-02", "parcelle": "77470000ZE0043", "addr_num": "9"}}, {"type": "Feature", "geometry": {"type": "Point", "coordinates": [2.774224, 48.738282]}, "properties": {"year": 2022, "valeur_fonciere": 132000.0, "type_local": "Appartement", "surface_reelle_bati": 38.0, "nombre_pieces_principales": 2.0, "adresse_nom_voie": "RUE DE LA LIBERATION", "price_per_sqm": 3473.684210526316, "date_iso": "2022-11-02", "parcelle": "77470000ZE0043", "addr_num": "9"}}, {"type": "Feature", "geometry": {"type": "Point", "coordinates": [2.766345, 48.739791]}, "properties": {"year": 2022, "valeur_fonciere": 125000.0, "type_local": "Local industriel. commercial ou assimilé", "surface_reelle_bati": 49.0, "nombre_pieces_principales": 0.0, "adresse_nom_voie": "RUE DE PROVINS", "price_per_sqm": 2551.0204081632655, "date_iso": "2022-11-04", "parcelle": "77470000AI0256", "addr_num": "17"}}, {"type": "Feature", "geometry": {"type": "Point", "coordinates": [2.766345, 48.739791]}, "properties": {"year": 2022, "valeur_fonciere": 125000.0, "type_local": "Local industriel. commercial ou assimilé", "surface_reelle_bati": 12.0, "nombre_pieces_principales": 0.0, "adresse_nom_voie": "RUE DE PROVINS", "price_per_sqm": 10416.666666666666, "date_iso": "2022-11-04", "parcelle": "77470000AI0256", "addr_num": "17"}}, {"type": "Feature", "geometry": {"type": "Point", "coordinates": [2.763471, 48.739636]}, "properties": {"year": 2022, "valeur_fonciere": 100000.0, "type_local": "Local industriel. commercial ou assimilé", "surface_reelle_bati": 50.0, "nombre_pieces_principales": 0.0, "adresse_nom_voie": "RUE DE PARIS", "price_per_sqm": 2000.0, "date_iso": "2022-10-27", "parcelle": "77470000AI0154", "addr_num": "38"}}, {"type": "Feature", "geometry": {"type": "Point", "coordinates": [2.759709, 48.742535]}, "properties": {"year": 2022, "valeur_fonciere": 113500.0, "type_local": "Appartement", "surface_reelle_bati": 18.0, "nombre_pieces_principales": 1.0, "adresse_nom_voie": "BD ISAAC PEREIRE", "price_per_sqm": 6305.555555555556, "date_iso": "2022-10-31", "parcelle": "77470000AC0002", "addr_num": "2"}}, {"type": "Feature", "geometry": {"type": "Point", "coordinates": [2.768193, 48.739312]}, "properties": {"year": 2022, "valeur_fonciere": 135000.0, "type_local": "Appartement", "surface_reelle_bati": 45.0, "nombre_pieces_principales": 2.0, "adresse_nom_voie": "RUE DU MARTRAY", "price_per_sqm": 3000.0, "date_iso": "2022-11-16", "parcelle": "77470000AH0021", "addr_num": "5"}}, {"type": "Feature", "geometry": {"type": "Point", "coordinates": [2.768193, 48.739312]}, "properties": {"year": 2022, "valeur_fonciere": 135000.0, "type_local": "Dépendance", "surface_reelle_bati": null, "nombre_pieces_principales": 0.0, "adresse_nom_voie": "RUE DU MARTRAY", "price_per_sqm": null, "date_iso": "2022-11-16", "parcelle": "77470000AH0021", "addr_num": "5"}}, {"type": "Feature", "geometry": {"type": "Point", "coordinates": [2.768193, 48.739312]}, "properties": {"year": 2022, "valeur_fonciere": 135000.0, "type_local": null, "surface_reelle_bati": null, "nombre_pieces_principales": null, "adresse_nom_voie": "RUE DU MARTRAY", "price_per_sqm": null, "date_iso": "2022-11-16", "parcelle": "77470000AH0021", "addr_num": ""}}, {"type": "Feature", "geometry": {"type": "Point", "coordinates": [2.762998, 48.739561]}, "properties": {"year": 2022, "valeur_fonciere": 325000.0, "type_local": "Appartement", "surface_reelle_bati": 49.0, "nombre_pieces_principales": 3.0, "adresse_nom_voie": "RUE DE PARIS", "price_per_sqm": 6632.65306122449, "date_iso": "2022-11-21", "parcelle": "77470000AI0150", "addr_num": "46"}}, {"type": "Feature", "geometry": {"type": "Point", "coordinates": [2.762998, 48.739561]}, "properties": {"year": 2022, "valeur_fonciere": 325000.0, "type_local": "Dépendance", "surface_reelle_bati": null, "nombre_pieces_principales": 0.0, "adresse_nom_voie": "RUE DE PARIS", "price_per_sqm": null, "date_iso": "2022-11-21", "parcelle": "77470000AI0150", "addr_num": "46"}}, {"type": "Feature", "geometry": {"type": "Point", "coordinates": [2.762998, 48.739561]}, "properties": {"year": 2022, "valeur_fonciere": 325000.0, "type_local": "Appartement", "surface_reelle_bati": 41.0, "nombre_pieces_principales": 3.0, "adresse_nom_voie": "RUE DE PARIS", "price_per_sqm": 7926.829268292683, "date_iso": "2022-11-21", "parcelle": "77470000AI0150", "addr_num": "46"}}, {"type": "Feature", "geometry": {"type": "Point", "coordinates": [2.762998, 48.739561]}, "properties": {"year": 2022, "valeur_fonciere": 325000.0, "type_local": "Local industriel. commercial ou assimilé", "surface_reelle_bati": 83.0, "nombre_pieces_principales": 0.0, "adresse_nom_voie": "RUE DE PARIS", "price_per_sqm": 3915.6626506024095, "date_iso": "2022-11-21", "parcelle": "77470000AI0150", "addr_num": "46"}}, {"type": "Feature", "geometry": {"type": "Point", "coordinates": [2.762998, 48.739561]}, "properties": {"year": 2022, "valeur_fonciere": 325000.0, "type_local": "Dépendance", "surface_reelle_bati": null, "nombre_pieces_principales": 0.0, "adresse_nom_voie": "RUE DE PARIS", "price_per_sqm": null, "date_iso": "2022-11-21", "parcelle": "77470000AI0150", "addr_num": "46"}}, {"type": "Feature", "geometry": {"type": "Point", "coordinates": [2.759249, 48.745711]}, "properties": {"year": 2022, "valeur_fonciere": 414000.0, "type_local": "Maison", "surface_reelle_bati": 114.0, "nombre_pieces_principales": 5.0, "adresse_nom_voie": "RUE CHARLES GOUNOD", "price_per_sqm": 3631.5789473684213, "date_iso": "2022-11-17", "parcelle": "77470000ZA0386", "addr_num": "6"}}, {"type": "Feature", "geometry": {"type": "Point", "coordinates": [2.760374, 48.746735]}, "properties": {"year": 2022, "valeur_fonciere": 475000.0, "type_local": "Maison", "surface_reelle_bati": 113.0, "nombre_pieces_principales": 6.0, "adresse_nom_voie": "AV DU GEN DE GAULLE", "price_per_sqm": 4203.539823008849, "date_iso": "2022-11-16", "parcelle": "77470000ZA0543", "addr_num": "47"}}, {"type": "Feature", "geometry": {"type": "Point", "coordinates": [2.763824, 48.742755]}, "properties": {"year": 2022, "valeur_fonciere": 242000.0, "type_local": "Appartement", "surface_reelle_bati": 61.0, "nombre_pieces_principales": 3.0, "adresse_nom_voie": "RUE DU PDT POINCARE", "price_per_sqm": 3967.2131147540986, "date_iso": "2022-11-30", "parcelle": "77470000AD0043", "addr_num": "26"}}, {"type": "Feature", "geometry": {"type": "Point", "coordinates": [2.763824, 48.742755]}, "properties": {"year": 2022, "valeur_fonciere": 242000.0, "type_local": "Dépendance", "surface_reelle_bati": null, "nombre_pieces_principales": 0.0, "adresse_nom_voie": "RUE DU PDT POINCARE", "price_per_sqm": null, "date_iso": "2022-11-30", "parcelle": "77470000AD0043", "addr_num": "26"}}, {"type": "Feature", "geometry": {"type": "Point", "coordinates": [2.763824, 48.742755]}, "properties": {"year": 2022, "valeur_fonciere": 242000.0, "type_local": "Dépendance", "surface_reelle_bati": null, "nombre_pieces_principales": 0.0, "adresse_nom_voie": "RUE DU PDT POINCARE", "price_per_sqm": null, "date_iso": "2022-11-30", "parcelle": "77470000AD0043", "addr_num": "26"}}, {"type": "Feature", "geometry": {"type": "Point", "coordinates": [2.753707, 48.740592]}, "properties": {"year": 2022, "valeur_fonciere": 370000.0, "type_local": "Maison", "surface_reelle_bati": 88.0, "nombre_pieces_principales": 5.0, "adresse_nom_voie": "LOT VAL DES DAMES", "price_per_sqm": 4204.545454545455, "date_iso": "2022-11-30", "parcelle": "77470000AK0181", "addr_num": "18"}}, {"type": "Feature", "geometry": {"type": "Point", "coordinates": [2.776209, 48.741611]}, "properties": {"year": 2022, "valeur_fonciere": 340000.0, "type_local": "Maison", "surface_reelle_bati": 104.0, "nombre_pieces_principales": 5.0, "adresse_nom_voie": "RUE ALBERT LEBRUN", "price_per_sqm": 3269.230769230769, "date_iso": "2022-12-02", "parcelle": "77470000AE0442", "addr_num": "6"}}, {"type": "Feature", "geometry": {"type": "Point", "coordinates": [2.771042, 48.7431]}, "properties": {"year": 2022, "valeur_fonciere": 315000.0, "type_local": null, "surface_reelle_bati": null, "nombre_pieces_principales": null, "adresse_nom_voie": "LE MARTRAY", "price_per_sqm": null, "date_iso": "2022-12-06", "parcelle": "77470000AE0157", "addr_num": ""}}, {"type": "Feature", "geometry": {"type": "Point", "coordinates": [2.771185, 48.742895]}, "properties": {"year": 2022, "valeur_fonciere": 315000.0, "type_local": null, "surface_reelle_bati": null, "nombre_pieces_principales": null, "adresse_nom_voie": "LE MARTRAY", "price_per_sqm": null, "date_iso": "2022-12-06", "parcelle": "77470000AE0162", "addr_num": ""}}, {"type": "Feature", "geometry": {"type": "Point", "coordinates": [2.77381, 48.74302]}, "properties": {"year": 2022, "valeur_fonciere": 315000.0, "type_local": "Maison", "surface_reelle_bati": 98.0, "nombre_pieces_principales": 5.0, "adresse_nom_voie": "RUE DE GARLANDE", "price_per_sqm": 3214.285714285714, "date_iso": "2022-12-06", "parcelle": "77470000AE0214", "addr_num": "5"}}, {"type": "Feature", "geometry": {"type": "Point", "coordinates": [2.774027, 48.742896]}, "properties": {"year": 2022, "valeur_fonciere": 315000.0, "type_local": null, "surface_reelle_bati": null, "nombre_pieces_principales": null, "adresse_nom_voie": "RUE DE GARLANDE", "price_per_sqm": null, "date_iso": "2022-12-06", "parcelle": "77470000AE0215", "addr_num": ""}}, {"type": "Feature", "geometry": {"type": "Point", "coordinates": [2.775165, 48.741451]}, "properties": {"year": 2022, "valeur_fonciere": 315000.0, "type_local": null, "surface_reelle_bati": null, "nombre_pieces_principales": null, "adresse_nom_voie": "RUE DE VILLE", "price_per_sqm": null, "date_iso": "2022-12-06", "parcelle": "77470000AE0299", "addr_num": ""}}, {"type": "Feature", "geometry": {"type": "Point", "coordinates": [2.773374, 48.74166]}, "properties": {"year": 2022, "valeur_fonciere": 315000.0, "type_local": null, "surface_reelle_bati": null, "nombre_pieces_principales": null, "adresse_nom_voie": "LE VAL DES BOISSIERES", "price_per_sqm": null, "date_iso": "2022-12-06", "parcelle": "77470000AE0330", "addr_num": ""}}, {"type": "Feature", "geometry": {"type": "Point", "coordinates": [2.773095, 48.741943]}, "properties": {"year": 2022, "valeur_fonciere": 315000.0, "type_local": null, "surface_reelle_bati": null, "nombre_pieces_principales": null, "adresse_nom_voie": "LE VAL DES BOISSIERES", "price_per_sqm": null, "date_iso": "2022-12-06", "parcelle": "77470000AE0337", "addr_num": ""}}, {"type": "Feature", "geometry": {"type": "Point", "coordinates": [2.772712, 48.742435]}, "properties": {"year": 2022, "valeur_fonciere": 315000.0, "type_local": "Local industriel. commercial ou assimilé", "surface_reelle_bati": null, "nombre_pieces_principales": 0.0, "adresse_nom_voie": "LE VAL DES BOISSIERES", "price_per_sqm": null, "date_iso": "2022-12-06", "parcelle": "77470000AE0346", "addr_num": "9001"}}, {"type": "Feature", "geometry": {"type": "Point", "coordinates": [2.771764, 48.741891]}, "properties": {"year": 2022, "valeur_fonciere": 315000.0, "type_local": null, "surface_reelle_bati": null, "nombre_pieces_principales": null, "adresse_nom_voie": "LE MARTRAY", "price_per_sqm": null, "date_iso": "2022-12-06", "parcelle": "77470000AE0358", "addr_num": ""}}, {"type": "Feature", "geometry": {"type": "Point", "coordinates": [2.770768, 48.742477]}, "properties": {"year": 2022, "valeur_fonciere": 315000.0, "type_local": null, "surface_reelle_bati": null, "nombre_pieces_principales": null, "adresse_nom_voie": "LE MARTRAY", "price_per_sqm": null, "date_iso": "2022-12-06", "parcelle": "77470000AE0370", "addr_num": ""}}, {"type": "Feature", "geometry": {"type": "Point", "coordinates": [2.770574, 48.742444]}, "properties": {"year": 2022, "valeur_fonciere": 315000.0, "type_local": null, "surface_reelle_bati": null, "nombre_pieces_principales": null, "adresse_nom_voie": "LE MARTRAY", "price_per_sqm": null, "date_iso": "2022-12-06", "parcelle": "77470000AE0371", "addr_num": ""}}, {"type": "Feature", "geometry": {"type": "Point", "coordinates": [2.770045, 48.742356]}, "properties": {"year": 2022, "valeur_fonciere": 315000.0, "type_local": null, "surface_reelle_bati": null, "nombre_pieces_principales": null, "adresse_nom_voie": "LE MARTRAY", "price_per_sqm": null, "date_iso": "2022-12-06", "parcelle": "77470000AE0374", "addr_num": ""}}, {"type": "Feature", "geometry": {"type": "Point", "coordinates": [2.773312, 48.742378]}, "properties": {"year": 2022, "valeur_fonciere": 315000.0, "type_local": null, "surface_reelle_bati": null, "nombre_pieces_principales": null, "adresse_nom_voie": "LE MARTRAY", "price_per_sqm": null, "date_iso": "2022-12-06", "parcelle": "77470000AE0375", "addr_num": ""}}, {"type": "Feature", "geometry": {"type": "Point", "coordinates": [2.7547, 48.739225]}, "properties": {"year": 2022, "valeur_fonciere": 345000.0, "type_local": "Maison", "surface_reelle_bati": 88.0, "nombre_pieces_principales": 4.0, "adresse_nom_voie": "RUE DU VAL DES DAMES", "price_per_sqm": 3920.4545454545455, "date_iso": "2022-12-06", "parcelle": "77470000AK0291", "addr_num": "2"}}, {"type": "Feature", "geometry": {"type": "Point", "coordinates": [2.75451, 48.739224]}, "properties": {"year": 2022, "valeur_fonciere": 345000.0, "type_local": null, "surface_reelle_bati": null, "nombre_pieces_principales": null, "adresse_nom_voie": "RUE DU VAL DES DAMES", "price_per_sqm": null, "date_iso": "2022-12-06", "parcelle": "77470000AK0294", "addr_num": ""}}, {"type": "Feature", "geometry": {"type": "Point", "coordinates": [2.760374, 48.746735]}, "properties": {"year": 2022, "valeur_fonciere": 589800.2, "type_local": "Maison", "surface_reelle_bati": 113.0, "nombre_pieces_principales": 6.0, "adresse_nom_voie": "AV DU GEN DE GAULLE", "price_per_sqm": 5219.470796460177, "date_iso": "2022-11-21", "parcelle": "77470000ZA0543", "addr_num": "47"}}, {"type": "Feature", "geometry": {"type": "Point", "coordinates": [2.763217, 48.743884]}, "properties": {"year": 2022, "valeur_fonciere": 300000.0, "type_local": "Dépendance", "surface_reelle_bati": null, "nombre_pieces_principales": 0.0, "adresse_nom_voie": "RUE DU PDT POINCARE", "price_per_sqm": null, "date_iso": "2022-11-22", "parcelle": "77470000AD0398", "addr_num": "44"}}, {"type": "Feature", "geometry": {"type": "Point", "coordinates": [2.763217, 48.743884]}, "properties": {"year": 2022, "valeur_fonciere": 300000.0, "type_local": "Maison", "surface_reelle_bati": 146.0, "nombre_pieces_principales": 5.0, "adresse_nom_voie": "RUE DU PDT POINCARE", "price_per_sqm": 2054.794520547945, "date_iso": "2022-11-22", "parcelle": "77470000AD0398", "addr_num": "44"}}, {"type": "Feature", "geometry": {"type": "Point", "coordinates": [2.763217, 48.743884]}, "properties": {"year": 2022, "valeur_fonciere": 300000.0, "type_local": "Dépendance", "surface_reelle_bati": null, "nombre_pieces_principales": 0.0, "adresse_nom_voie": "RUE DU PDT POINCARE", "price_per_sqm": null, "date_iso": "2022-11-22", "parcelle": "77470000AD0398", "addr_num": "44"}}, {"type": "Feature", "geometry": {"type": "Point", "coordinates": [2.770381, 48.738534]}, "properties": {"year": 2022, "valeur_fonciere": 290000.0, "type_local": "Appartement", "surface_reelle_bati": 140.0, "nombre_pieces_principales": 5.0, "adresse_nom_voie": "RUE DE LA MADELEINE", "price_per_sqm": 2071.4285714285716, "date_iso": "2022-12-20", "parcelle": "77470000AH0295", "addr_num": "23"}}, {"type": "Feature", "geometry": {"type": "Point", "coordinates": [2.770381, 48.738534]}, "properties": {"year": 2022, "valeur_fonciere": 290000.0, "type_local": "Dépendance", "surface_reelle_bati": null, "nombre_pieces_principales": 0.0, "adresse_nom_voie": "RUE DE LA MADELEINE", "price_per_sqm": null, "date_iso": "2022-12-20", "parcelle": "77470000AH0295", "addr_num": "23"}}, {"type": "Feature", "geometry": {"type": "Point", "coordinates": [2.770381, 48.738534]}, "properties": {"year": 2022, "valeur_fonciere": 290000.0, "type_local": "Dépendance", "surface_reelle_bati": null, "nombre_pieces_principales": 0.0, "adresse_nom_voie": "RUE DE LA MADELEINE", "price_per_sqm": null, "date_iso": "2022-12-20", "parcelle": "77470000AH0295", "addr_num": "23"}}, {"type": "Feature", "geometry": {"type": "Point", "coordinates": [2.771979, 48.744804]}, "properties": {"year": 2022, "valeur_fonciere": 379000.0, "type_local": "Maison", "surface_reelle_bati": 90.0, "nombre_pieces_principales": 4.0, "adresse_nom_voie": "RUE MOZART", "price_per_sqm": 4211.111111111111, "date_iso": "2022-12-14", "parcelle": "77470000ZA0246", "addr_num": "24"}}, {"type": "Feature", "geometry": {"type": "Point", "coordinates": [2.753098, 48.742857]}, "properties": {"year": 2022, "valeur_fonciere": 249000.0, "type_local": "Appartement", "surface_reelle_bati": 64.0, "nombre_pieces_principales": 3.0, "adresse_nom_voie": "RUE JULES LEFEVRE", "price_per_sqm": 3890.625, "date_iso": "2022-12-01", "parcelle": "77470000AB0295", "addr_num": "29"}}, {"type": "Feature", "geometry": {"type": "Point", "coordinates": [2.753098, 48.742857]}, "properties": {"year": 2022, "valeur_fonciere": 249000.0, "type_local": "Dépendance", "surface_reelle_bati": null, "nombre_pieces_principales": 0.0, "adresse_nom_voie": "RUE JULES LEFEVRE", "price_per_sqm": null, "date_iso": "2022-12-01", "parcelle": "77470000AB0295", "addr_num": "29"}}, {"type": "Feature", "geometry": {"type": "Point", "coordinates": [2.753098, 48.742857]}, "properties": {"year": 2022, "valeur_fonciere": 249000.0, "type_local": "Dépendance", "surface_reelle_bati": null, "nombre_pieces_principales": 0.0, "adresse_nom_voie": "RUE JULES LEFEVRE", "price_per_sqm": null, "date_iso": "2022-12-01", "parcelle": "77470000AB0295", "addr_num": "29"}}, {"type": "Feature", "geometry": {"type": "Point", "coordinates": [2.753098, 48.742857]}, "properties": {"year": 2022, "valeur_fonciere": 249000.0, "type_local": "Dépendance", "surface_reelle_bati": null, "nombre_pieces_principales": 0.0, "adresse_nom_voie": "RUE JULES LEFEVRE", "price_per_sqm": null, "date_iso": "2022-12-01", "parcelle": "77470000AB0295", "addr_num": "29"}}, {"type": "Feature", "geometry": {"type": "Point", "coordinates": [2.774224, 48.738282]}, "properties": {"year": 2022, "valeur_fonciere": 180000.0, "type_local": "Appartement", "surface_reelle_bati": 52.0, "nombre_pieces_principales": 2.0, "adresse_nom_voie": "RUE DE LA LIBERATION", "price_per_sqm": 3461.5384615384614, "date_iso": "2022-12-02", "parcelle": "77470000ZE0043", "addr_num": "9"}}, {"type": "Feature", "geometry": {"type": "Point", "coordinates": [2.774224, 48.738282]}, "properties": {"year": 2022, "valeur_fonciere": 180000.0, "type_local": "Dépendance", "surface_reelle_bati": null, "nombre_pieces_principales": 0.0, "adresse_nom_voie": "RUE DE LA LIBERATION", "price_per_sqm": null, "date_iso": "2022-12-02", "parcelle": "77470000ZE0043", "addr_num": "9"}}, {"type": "Feature", "geometry": {"type": "Point", "coordinates": [2.788725, 48.742446]}, "properties": {"year": 2022, "valeur_fonciere": 40250.0, "type_local": null, "surface_reelle_bati": null, "nombre_pieces_principales": null, "adresse_nom_voie": "LE CHAPERON", "price_per_sqm": null, "date_iso": "2022-12-13", "parcelle": "77470000ZB0069", "addr_num": ""}}, {"type": "Feature", "geometry": {"type": "Point", "coordinates": [2.793727, 48.734507]}, "properties": {"year": 2022, "valeur_fonciere": 24000.0, "type_local": null, "surface_reelle_bati": null, "nombre_pieces_principales": null, "adresse_nom_voie": "LE BATEAU", "price_per_sqm": null, "date_iso": "2022-12-19", "parcelle": "77470000ZK0023", "addr_num": ""}}, {"type": "Feature", "geometry": {"type": "Point", "coordinates": [2.792776, 48.733858]}, "properties": {"year": 2022, "valeur_fonciere": 24000.0, "type_local": null, "surface_reelle_bati": null, "nombre_pieces_principales": null, "adresse_nom_voie": "LE BATEAU", "price_per_sqm": null, "date_iso": "2022-12-19", "parcelle": "77470000ZK0024", "addr_num": ""}}, {"type": "Feature", "geometry": {"type": "Point", "coordinates": [2.766296, 48.739823]}, "properties": {"year": 2022, "valeur_fonciere": 143000.0, "type_local": "Appartement", "surface_reelle_bati": 48.0, "nombre_pieces_principales": 2.0, "adresse_nom_voie": "RUE DU GLACIS", "price_per_sqm": 2979.1666666666665, "date_iso": "2022-12-19", "parcelle": "77470000AI0082", "addr_num": "3"}}, {"type": "Feature", "geometry": {"type": "Point", "coordinates": [2.771042, 48.7431]}, "properties": {"year": 2022, "valeur_fonciere": 318000.0, "type_local": null, "surface_reelle_bati": null, "nombre_pieces_principales": null, "adresse_nom_voie": "LE MARTRAY", "price_per_sqm": null, "date_iso": "2022-12-07", "parcelle": "77470000AE0157", "addr_num": ""}}, {"type": "Feature", "geometry": {"type": "Point", "coordinates": [2.771185, 48.742895]}, "properties": {"year": 2022, "valeur_fonciere": 318000.0, "type_local": null, "surface_reelle_bati": null, "nombre_pieces_principales": null, "adresse_nom_voie": "LE MARTRAY", "price_per_sqm": null, "date_iso": "2022-12-07", "parcelle": "77470000AE0162", "addr_num": ""}}, {"type": "Feature", "geometry": {"type": "Point", "coordinates": [2.774609, 48.742333]}, "properties": {"year": 2022, "valeur_fonciere": 318000.0, "type_local": "Dépendance", "surface_reelle_bati": null, "nombre_pieces_principales": 0.0, "adresse_nom_voie": "AV DES BOISSIERES", "price_per_sqm": null, "date_iso": "2022-12-07", "parcelle": "77470000AE0279", "addr_num": "37"}}, {"type": "Feature", "geometry": {"type": "Point", "coordinates": [2.774609, 48.742333]}, "properties": {"year": 2022, "valeur_fonciere": 318000.0, "type_local": "Maison", "surface_reelle_bati": 103.0, "nombre_pieces_principales": 6.0, "adresse_nom_voie": "AV DES BOISSIERES", "price_per_sqm": 3087.378640776699, "date_iso": "2022-12-07", "parcelle": "77470000AE0279", "addr_num": "37"}}, {"type": "Feature", "geometry": {"type": "Point", "coordinates": [2.774538, 48.742254]}, "properties": {"year": 2022, "valeur_fonciere": 318000.0, "type_local": null, "surface_reelle_bati": null, "nombre_pieces_principales": null, "adresse_nom_voie": "AV DES BOISSIERES", "price_per_sqm": null, "date_iso": "2022-12-07", "parcelle": "77470000AE0280", "addr_num": ""}}, {"type": "Feature", "geometry": {"type": "Point", "coordinates": [2.775165, 48.741451]}, "properties": {"year": 2022, "valeur_fonciere": 318000.0, "type_local": null, "surface_reelle_bati": null, "nombre_pieces_principales": null, "adresse_nom_voie": "RUE DE VILLE", "price_per_sqm": null, "date_iso": "2022-12-07", "parcelle": "77470000AE0299", "addr_num": ""}}, {"type": "Feature", "geometry": {"type": "Point", "coordinates": [2.773374, 48.74166]}, "properties": {"year": 2022, "valeur_fonciere": 318000.0, "type_local": null, "surface_reelle_bati": null, "nombre_pieces_principales": null, "adresse_nom_voie": "LE VAL DES BOISSIERES", "price_per_sqm": null, "date_iso": "2022-12-07", "parcelle": "77470000AE0330", "addr_num": ""}}, {"type": "Feature", "geometry": {"type": "Point", "coordinates": [2.773095, 48.741943]}, "properties": {"year": 2022, "valeur_fonciere": 318000.0, "type_local": null, "surface_reelle_bati": null, "nombre_pieces_principales": null, "adresse_nom_voie": "LE VAL DES BOISSIERES", "price_per_sqm": null, "date_iso": "2022-12-07", "parcelle": "77470000AE0337", "addr_num": ""}}, {"type": "Feature", "geometry": {"type": "Point", "coordinates": [2.772712, 48.742435]}, "properties": {"year": 2022, "valeur_fonciere": 318000.0, "type_local": "Local industriel. commercial ou assimilé", "surface_reelle_bati": null, "nombre_pieces_principales": 0.0, "adresse_nom_voie": "LE VAL DES BOISSIERES", "price_per_sqm": null, "date_iso": "2022-12-07", "parcelle": "77470000AE0346", "addr_num": "9001"}}, {"type": "Feature", "geometry": {"type": "Point", "coordinates": [2.771764, 48.741891]}, "properties": {"year": 2022, "valeur_fonciere": 318000.0, "type_local": null, "surface_reelle_bati": null, "nombre_pieces_principales": null, "adresse_nom_voie": "LE MARTRAY", "price_per_sqm": null, "date_iso": "2022-12-07", "parcelle": "77470000AE0358", "addr_num": ""}}, {"type": "Feature", "geometry": {"type": "Point", "coordinates": [2.770768, 48.742477]}, "properties": {"year": 2022, "valeur_fonciere": 318000.0, "type_local": null, "surface_reelle_bati": null, "nombre_pieces_principales": null, "adresse_nom_voie": "LE MARTRAY", "price_per_sqm": null, "date_iso": "2022-12-07", "parcelle": "77470000AE0370", "addr_num": ""}}, {"type": "Feature", "geometry": {"type": "Point", "coordinates": [2.770574, 48.742444]}, "properties": {"year": 2022, "valeur_fonciere": 318000.0, "type_local": null, "surface_reelle_bati": null, "nombre_pieces_principales": null, "adresse_nom_voie": "LE MARTRAY", "price_per_sqm": null, "date_iso": "2022-12-07", "parcelle": "77470000AE0371", "addr_num": ""}}, {"type": "Feature", "geometry": {"type": "Point", "coordinates": [2.770045, 48.742356]}, "properties": {"year": 2022, "valeur_fonciere": 318000.0, "type_local": null, "surface_reelle_bati": null, "nombre_pieces_principales": null, "adresse_nom_voie": "LE MARTRAY", "price_per_sqm": null, "date_iso": "2022-12-07", "parcelle": "77470000AE0374", "addr_num": ""}}, {"type": "Feature", "geometry": {"type": "Point", "coordinates": [2.773312, 48.742378]}, "properties": {"year": 2022, "valeur_fonciere": 318000.0, "type_local": null, "surface_reelle_bati": null, "nombre_pieces_principales": null, "adresse_nom_voie": "LE MARTRAY", "price_per_sqm": null, "date_iso": "2022-12-07", "parcelle": "77470000AE0375", "addr_num": ""}}, {"type": "Feature", "geometry": {"type": "Point", "coordinates": [2.758872, 48.743396]}, "properties": {"year": 2022, "valeur_fonciere": 400000.0, "type_local": "Maison", "surface_reelle_bati": 73.0, "nombre_pieces_principales": 3.0, "adresse_nom_voie": "ALL D ARMAINVILLIERS", "price_per_sqm": 5479.45205479452, "date_iso": "2022-12-15", "parcelle": "77470000ZA0185", "addr_num": "12"}}, {"type": "Feature", "geometry": {"type": "Point", "coordinates": [2.754404, 48.738195]}, "properties": {"year": 2022, "valeur_fonciere": 4150000.0, "type_local": "Local industriel. commercial ou assimilé", "surface_reelle_bati": 1375.0, "nombre_pieces_principales": 0.0, "adresse_nom_voie": "RUE DE PARIS", "price_per_sqm": 3018.181818181818, "date_iso": "2022-12-16", "parcelle": "77470000AK0432", "addr_num": "99"}}, {"type": "Feature", "geometry": {"type": "Point", "coordinates": [2.754404, 48.738195]}, "properties": {"year": 2022, "valeur_fonciere": 4150000.0, "type_local": "Dépendance", "surface_reelle_bati": null, "nombre_pieces_principales": 0.0, "adresse_nom_voie": "RUE DE PARIS", "price_per_sqm": null, "date_iso": "2022-12-16", "parcelle": "77470000AK0432", "addr_num": "99"}}, {"type": "Feature", "geometry": {"type": "Point", "coordinates": [2.754404, 48.738195]}, "properties": {"year": 2022, "valeur_fonciere": 4150000.0, "type_local": "Dépendance", "surface_reelle_bati": null, "nombre_pieces_principales": 0.0, "adresse_nom_voie": "RUE DE PARIS", "price_per_sqm": null, "date_iso": "2022-12-16", "parcelle": "77470000AK0432", "addr_num": "99"}}, {"type": "Feature", "geometry": {"type": "Point", "coordinates": [2.753986, 48.737936]}, "properties": {"year": 2022, "valeur_fonciere": 4150000.0, "type_local": "Dépendance", "surface_reelle_bati": null, "nombre_pieces_principales": 0.0, "adresse_nom_voie": "RUE DE PARIS", "price_per_sqm": null, "date_iso": "2022-12-16", "parcelle": "77470000AK0434", "addr_num": "99"}}, {"type": "Feature", "geometry": {"type": "Point", "coordinates": [2.753986, 48.737936]}, "properties": {"year": 2022, "valeur_fonciere": 4150000.0, "type_local": "Maison", "surface_reelle_bati": 70.0, "nombre_pieces_principales": 4.0, "adresse_nom_voie": "RUE DE PARIS", "price_per_sqm": 59285.71428571428, "date_iso": "2022-12-16", "parcelle": "77470000AK0434", "addr_num": "99"}}, {"type": "Feature", "geometry": {"type": "Point", "coordinates": [2.753986, 48.737936]}, "properties": {"year": 2022, "valeur_fonciere": 4150000.0, "type_local": "Appartement", "surface_reelle_bati": 77.0, "nombre_pieces_principales": 3.0, "adresse_nom_voie": "RUE DE PARIS", "price_per_sqm": 53896.103896103894, "date_iso": "2022-12-16", "parcelle": "77470000AK0434", "addr_num": "99"}}, {"type": "Feature", "geometry": {"type": "Point", "coordinates": [2.753986, 48.737936]}, "properties": {"year": 2022, "valeur_fonciere": 4150000.0, "type_local": "Appartement", "surface_reelle_bati": 78.0, "nombre_pieces_principales": 3.0, "adresse_nom_voie": "RUE DE PARIS", "price_per_sqm": 53205.1282051282, "date_iso": "2022-12-16", "parcelle": "77470000AK0434", "addr_num": "99"}}, {"type": "Feature", "geometry": {"type": "Point", "coordinates": [2.753986, 48.737936]}, "properties": {"year": 2022, "valeur_fonciere": 4150000.0, "type_local": "Appartement", "surface_reelle_bati": 63.0, "nombre_pieces_principales": 2.0, "adresse_nom_voie": "RUE DE PARIS", "price_per_sqm": 65873.01587301587, "date_iso": "2022-12-16", "parcelle": "77470000AK0434", "addr_num": "99"}}, {"type": "Feature", "geometry": {"type": "Point", "coordinates": [2.753986, 48.737936]}, "properties": {"year": 2022, "valeur_fonciere": 4150000.0, "type_local": "Appartement", "surface_reelle_bati": 54.0, "nombre_pieces_principales": 2.0, "adresse_nom_voie": "RUE DE PARIS", "price_per_sqm": 76851.85185185185, "date_iso": "2022-12-16", "parcelle": "77470000AK0434", "addr_num": "99"}}, {"type": "Feature", "geometry": {"type": "Point", "coordinates": [2.753986, 48.737936]}, "properties": {"year": 2022, "valeur_fonciere": 4150000.0, "type_local": "Dépendance", "surface_reelle_bati": null, "nombre_pieces_principales": 0.0, "adresse_nom_voie": "RUE DE PARIS", "price_per_sqm": null, "date_iso": "2022-12-16", "parcelle": "77470000AK0434", "addr_num": "99"}}, {"type": "Feature", "geometry": {"type": "Point", "coordinates": [2.753986, 48.737936]}, "properties": {"year": 2022, "valeur_fonciere": 4150000.0, "type_local": "Dépendance", "surface_reelle_bati": null, "nombre_pieces_principales": 0.0, "adresse_nom_voie": "RUE DE PARIS", "price_per_sqm": null, "date_iso": "2022-12-16", "parcelle": "77470000AK0434", "addr_num": "99"}}, {"type": "Feature", "geometry": {"type": "Point", "coordinates": [2.753986, 48.737936]}, "properties": {"year": 2022, "valeur_fonciere": 4150000.0, "type_local": "Dépendance", "surface_reelle_bati": null, "nombre_pieces_principales": 0.0, "adresse_nom_voie": "RUE DE PARIS", "price_per_sqm": null, "date_iso": "2022-12-16", "parcelle": "77470000AK0434", "addr_num": "99"}}, {"type": "Feature", "geometry": {"type": "Point", "coordinates": [2.753932, 48.737347]}, "properties": {"year": 2022, "valeur_fonciere": 4150000.0, "type_local": null, "surface_reelle_bati": null, "nombre_pieces_principales": null, "adresse_nom_voie": "RUE DE PARIS", "price_per_sqm": null, "date_iso": "2022-12-16", "parcelle": "77470000AK0436", "addr_num": ""}}, {"type": "Feature", "geometry": {"type": "Point", "coordinates": [2.75378, 48.737315]}, "properties": {"year": 2022, "valeur_fonciere": 4150000.0, "type_local": null, "surface_reelle_bati": null, "nombre_pieces_principales": null, "adresse_nom_voie": "RUE DE PARIS", "price_per_sqm": null, "date_iso": "2022-12-16", "parcelle": "77470000AK0438", "addr_num": ""}}, {"type": "Feature", "geometry": {"type": "Point", "coordinates": [2.754166, 48.737517]}, "properties": {"year": 2022, "valeur_fonciere": 4150000.0, "type_local": null, "surface_reelle_bati": null, "nombre_pieces_principales": null, "adresse_nom_voie": "RUE DE PRESLES", "price_per_sqm": null, "date_iso": "2022-12-16", "parcelle": "77470000AK0439", "addr_num": ""}}, {"type": "Feature", "geometry": {"type": "Point", "coordinates": [2.754665, 48.737201]}, "properties": {"year": 2022, "valeur_fonciere": 4150000.0, "type_local": null, "surface_reelle_bati": null, "nombre_pieces_principales": null, "adresse_nom_voie": "RUE DE PRESLES", "price_per_sqm": null, "date_iso": "2022-12-16", "parcelle": "77470000AK0441", "addr_num": ""}}, {"type": "Feature", "geometry": {"type": "Point", "coordinates": [2.766705, 48.736951]}, "properties": {"year": 2022, "valeur_fonciere": 268000.0, "type_local": null, "surface_reelle_bati": null, "nombre_pieces_principales": null, "adresse_nom_voie": "RUE DE PARIS", "price_per_sqm": null, "date_iso": "2022-09-15", "parcelle": "774700000C0044", "addr_num": ""}}, {"type": "Feature", "geometry": {"type": "Point", "coordinates": [2.766705, 48.736951]}, "properties": {"year": 2022, "valeur_fonciere": 268000.0, "type_local": null, "surface_reelle_bati": null, "nombre_pieces_principales": null, "adresse_nom_voie": "RUE DE PARIS", "price_per_sqm": null, "date_iso": "2022-09-15", "parcelle": "774700000C0044", "addr_num": ""}}, {"type": "Feature", "geometry": {"type": "Point", "coordinates": [2.766928, 48.736984]}, "properties": {"year": 2022, "valeur_fonciere": 268000.0, "type_local": null, "surface_reelle_bati": null, "nombre_pieces_principales": null, "adresse_nom_voie": "PARC DE COMBREUX", "price_per_sqm": null, "date_iso": "2022-09-15", "parcelle": "774700000C0117", "addr_num": ""}}, {"type": "Feature", "geometry": {"type": "Point", "coordinates": [2.765404, 48.73706]}, "properties": {"year": 2022, "valeur_fonciere": 268000.0, "type_local": null, "surface_reelle_bati": null, "nombre_pieces_principales": null, "adresse_nom_voie": "PARC DE COMBREUX", "price_per_sqm": null, "date_iso": "2022-09-15", "parcelle": "774700000C0244", "addr_num": ""}}, {"type": "Feature", "geometry": {"type": "Point", "coordinates": [2.771042, 48.7431]}, "properties": {"year": 2023, "valeur_fonciere": 315000.0, "type_local": null, "surface_reelle_bati": null, "nombre_pieces_principales": null, "adresse_nom_voie": "LE MARTRAY", "price_per_sqm": null, "date_iso": "2023-01-16", "parcelle": "77470000AE0157", "addr_num": ""}}, {"type": "Feature", "geometry": {"type": "Point", "coordinates": [2.771185, 48.742895]}, "properties": {"year": 2023, "valeur_fonciere": 315000.0, "type_local": null, "surface_reelle_bati": null, "nombre_pieces_principales": null, "adresse_nom_voie": "LE MARTRAY", "price_per_sqm": null, "date_iso": "2023-01-16", "parcelle": "77470000AE0162", "addr_num": ""}}, {"type": "Feature", "geometry": {"type": "Point", "coordinates": [2.773878, 48.742847]}, "properties": {"year": 2023, "valeur_fonciere": 315000.0, "type_local": "Maison", "surface_reelle_bati": 100.0, "nombre_pieces_principales": 6.0, "adresse_nom_voie": "RUE DE GARLANDE", "price_per_sqm": 3150.0, "date_iso": "2023-01-16", "parcelle": "77470000AE0213", "addr_num": "3"}}, {"type": "Feature", "geometry": {"type": "Point", "coordinates": [2.774027, 48.742896]}, "properties": {"year": 2023, "valeur_fonciere": 315000.0, "type_local": null, "surface_reelle_bati": null, "nombre_pieces_principales": null, "adresse_nom_voie": "RUE DE GARLANDE", "price_per_sqm": null, "date_iso": "2023-01-16", "parcelle": "77470000AE0215", "addr_num": ""}}, {"type": "Feature", "geometry": {"type": "Point", "coordinates": [2.775165, 48.741451]}, "properties": {"year": 2023, "valeur_fonciere": 315000.0, "type_local": null, "surface_reelle_bati": null, "nombre_pieces_principales": null, "adresse_nom_voie": "RUE DE VILLE", "price_per_sqm": null, "date_iso": "2023-01-16", "parcelle": "77470000AE0299", "addr_num": ""}}, {"type": "Feature", "geometry": {"type": "Point", "coordinates": [2.773374, 48.74166]}, "properties": {"year": 2023, "valeur_fonciere": 315000.0, "type_local": null, "surface_reelle_bati": null, "nombre_pieces_principales": null, "adresse_nom_voie": "LE VAL DES BOISSIERES", "price_per_sqm": null, "date_iso": "2023-01-16", "parcelle": "77470000AE0330", "addr_num": ""}}, {"type": "Feature", "geometry": {"type": "Point", "coordinates": [2.773095, 48.741943]}, "properties": {"year": 2023, "valeur_fonciere": 315000.0, "type_local": null, "surface_reelle_bati": null, "nombre_pieces_principales": null, "adresse_nom_voie": "LE VAL DES BOISSIERES", "price_per_sqm": null, "date_iso": "2023-01-16", "parcelle": "77470000AE0337", "addr_num": ""}}, {"type": "Feature", "geometry": {"type": "Point", "coordinates": [2.772712, 48.742435]}, "properties": {"year": 2023, "valeur_fonciere": 315000.0, "type_local": "Local industriel. commercial ou assimilé", "surface_reelle_bati": null, "nombre_pieces_principales": 0.0, "adresse_nom_voie": "LE VAL DES BOISSIERES", "price_per_sqm": null, "date_iso": "2023-01-16", "parcelle": "77470000AE0346", "addr_num": "9001"}}, {"type": "Feature", "geometry": {"type": "Point", "coordinates": [2.771764, 48.741891]}, "properties": {"year": 2023, "valeur_fonciere": 315000.0, "type_local": null, "surface_reelle_bati": null, "nombre_pieces_principales": null, "adresse_nom_voie": "LE MARTRAY", "price_per_sqm": null, "date_iso": "2023-01-16", "parcelle": "77470000AE0358", "addr_num": ""}}, {"type": "Feature", "geometry": {"type": "Point", "coordinates": [2.770768, 48.742477]}, "properties": {"year": 2023, "valeur_fonciere": 315000.0, "type_local": null, "surface_reelle_bati": null, "nombre_pieces_principales": null, "adresse_nom_voie": "LE MARTRAY", "price_per_sqm": null, "date_iso": "2023-01-16", "parcelle": "77470000AE0370", "addr_num": ""}}, {"type": "Feature", "geometry": {"type": "Point", "coordinates": [2.770574, 48.742444]}, "properties": {"year": 2023, "valeur_fonciere": 315000.0, "type_local": null, "surface_reelle_bati": null, "nombre_pieces_principales": null, "adresse_nom_voie": "LE MARTRAY", "price_per_sqm": null, "date_iso": "2023-01-16", "parcelle": "77470000AE0371", "addr_num": ""}}, {"type": "Feature", "geometry": {"type": "Point", "coordinates": [2.770045, 48.742356]}, "properties": {"year": 2023, "valeur_fonciere": 315000.0, "type_local": null, "surface_reelle_bati": null, "nombre_pieces_principales": null, "adresse_nom_voie": "LE MARTRAY", "price_per_sqm": null, "date_iso": "2023-01-16", "parcelle": "77470000AE0374", "addr_num": ""}}, {"type": "Feature", "geometry": {"type": "Point", "coordinates": [2.773312, 48.742378]}, "properties": {"year": 2023, "valeur_fonciere": 315000.0, "type_local": null, "surface_reelle_bati": null, "nombre_pieces_principales": null, "adresse_nom_voie": "LE MARTRAY", "price_per_sqm": null, "date_iso": "2023-01-16", "parcelle": "77470000AE0375", "addr_num": ""}}, {"type": "Feature", "geometry": {"type": "Point", "coordinates": [2.778501, 48.741855]}, "properties": {"year": 2023, "valeur_fonciere": 234400.0, "type_local": "Dépendance", "surface_reelle_bati": null, "nombre_pieces_principales": 0.0, "adresse_nom_voie": "RUE DE VILLE", "price_per_sqm": null, "date_iso": "2023-01-19", "parcelle": "77470000AE0819", "addr_num": "42"}}, {"type": "Feature", "geometry": {"type": "Point", "coordinates": [2.778501, 48.741855]}, "properties": {"year": 2023, "valeur_fonciere": 234400.0, "type_local": "Dépendance", "surface_reelle_bati": null, "nombre_pieces_principales": 0.0, "adresse_nom_voie": "RUE DE VILLE", "price_per_sqm": null, "date_iso": "2023-01-19", "parcelle": "77470000AE0819", "addr_num": "42"}}, {"type": "Feature", "geometry": {"type": "Point", "coordinates": [2.778501, 48.741855]}, "properties": {"year": 2023, "valeur_fonciere": 234400.0, "type_local": "Appartement", "surface_reelle_bati": 64.0, "nombre_pieces_principales": 3.0, "adresse_nom_voie": "RUE DE VILLE", "price_per_sqm": 3662.5, "date_iso": "2023-01-19", "parcelle": "77470000AE0819", "addr_num": "42"}}, {"type": "Feature", "geometry": {"type": "Point", "coordinates": [2.778501, 48.741855]}, "properties": {"year": 2023, "valeur_fonciere": 234400.0, "type_local": "Dépendance", "surface_reelle_bati": null, "nombre_pieces_principales": 0.0, "adresse_nom_voie": "RUE DE VILLE", "price_per_sqm": null, "date_iso": "2023-01-19", "parcelle": "77470000AE0819", "addr_num": "42"}}, {"type": "Feature", "geometry": {"type": "Point", "coordinates": [2.767436, 48.741075]}, "properties": {"year": 2023, "valeur_fonciere": 2013.6, "type_local": null, "surface_reelle_bati": null, "nombre_pieces_principales": null, "adresse_nom_voie": "RUE DE L ABREUVOIR", "price_per_sqm": null, "date_iso": "2023-01-11", "parcelle": "77470000AH0001", "addr_num": ""}}, {"type": "Feature", "geometry": {"type": "Point", "coordinates": [2.766296, 48.739823]}, "properties": {"year": 2023, "valeur_fonciere": 120800.0, "type_local": "Dépendance", "surface_reelle_bati": null, "nombre_pieces_principales": 0.0, "adresse_nom_voie": "RUE DU GLACIS", "price_per_sqm": null, "date_iso": "2023-02-03", "parcelle": "77470000AI0082", "addr_num": "3"}}, {"type": "Feature", "geometry": {"type": "Point", "coordinates": [2.766296, 48.739823]}, "properties": {"year": 2023, "valeur_fonciere": 120800.0, "type_local": "Appartement", "surface_reelle_bati": 36.0, "nombre_pieces_principales": 1.0, "adresse_nom_voie": "RUE DU GLACIS", "price_per_sqm": 3355.5555555555557, "date_iso": "2023-02-03", "parcelle": "77470000AI0082", "addr_num": "3"}}, {"type": "Feature", "geometry": {"type": "Point", "coordinates": [2.770899, 48.738617]}, "properties": {"year": 2023, "valeur_fonciere": 26500.0, "type_local": "Dépendance", "surface_reelle_bati": null, "nombre_pieces_principales": 0.0, "adresse_nom_voie": "RUE DE LA MADELEINE", "price_per_sqm": null, "date_iso": "2023-01-30", "parcelle": "77470000AH0132", "addr_num": "35"}}, {"type": "Feature", "geometry": {"type": "Point", "coordinates": [2.771062, 48.738985]}, "properties": {"year": 2023, "valeur_fonciere": 26500.0, "type_local": null, "surface_reelle_bati": null, "nombre_pieces_principales": null, "adresse_nom_voie": "LA MADELEINE", "price_per_sqm": null, "date_iso": "2023-01-30", "parcelle": "77470000AH0134", "addr_num": ""}}, {"type": "Feature", "geometry": {"type": "Point", "coordinates": [2.771082, 48.738771]}, "properties": {"year": 2023, "valeur_fonciere": 26500.0, "type_local": null, "surface_reelle_bati": null, "nombre_pieces_principales": null, "adresse_nom_voie": "LA MADELEINE", "price_per_sqm": null, "date_iso": "2023-01-30", "parcelle": "77470000AH0138", "addr_num": ""}}, {"type": "Feature", "geometry": {"type": "Point", "coordinates": [2.770851, 48.73839]}, "properties": {"year": 2023, "valeur_fonciere": 26500.0, "type_local": null, "surface_reelle_bati": null, "nombre_pieces_principales": null, "adresse_nom_voie": "LA MADELEINE", "price_per_sqm": null, "date_iso": "2023-01-30", "parcelle": "77470000AH0143", "addr_num": ""}}, {"type": "Feature", "geometry": {"type": "Point", "coordinates": [2.770841, 48.738267]}, "properties": {"year": 2023, "valeur_fonciere": 26500.0, "type_local": "Maison", "surface_reelle_bati": 208.0, "nombre_pieces_principales": 5.0, "adresse_nom_voie": "RUE DE LA MADELEINE", "price_per_sqm": 127.40384615384616, "date_iso": "2023-01-30", "parcelle": "77470000AH0144", "addr_num": "37"}}, {"type": "Feature", "geometry": {"type": "Point", "coordinates": [2.771037, 48.739279]}, "properties": {"year": 2023, "valeur_fonciere": 26500.0, "type_local": null, "surface_reelle_bati": null, "nombre_pieces_principales": null, "adresse_nom_voie": "LA MADELEINE", "price_per_sqm": null, "date_iso": "2023-01-30", "parcelle": "77470000AH0331", "addr_num": ""}}, {"type": "Feature", "geometry": {"type": "Point", "coordinates": [2.77105, 48.739255]}, "properties": {"year": 2023, "valeur_fonciere": 26500.0, "type_local": null, "surface_reelle_bati": null, "nombre_pieces_principales": null, "adresse_nom_voie": "LA MADELEINE", "price_per_sqm": null, "date_iso": "2023-01-30", "parcelle": "77470000AH0332", "addr_num": ""}}, {"type": "Feature", "geometry": {"type": "Point", "coordinates": [2.787968, 48.747691]}, "properties": {"year": 2023, "valeur_fonciere": 230000.0, "type_local": "Dépendance", "surface_reelle_bati": null, "nombre_pieces_principales": 0.0, "adresse_nom_voie": "HAM DE VILLE", "price_per_sqm": null, "date_iso": "2023-01-26", "parcelle": "77470000AL0089", "addr_num": "44"}}, {"type": "Feature", "geometry": {"type": "Point", "coordinates": [2.787968, 48.747691]}, "properties": {"year": 2023, "valeur_fonciere": 230000.0, "type_local": "Dépendance", "surface_reelle_bati": null, "nombre_pieces_principales": 0.0, "adresse_nom_voie": "HAM DE VILLE", "price_per_sqm": null, "date_iso": "2023-01-26", "parcelle": "77470000AL0089", "addr_num": "44"}}, {"type": "Feature", "geometry": {"type": "Point", "coordinates": [2.787968, 48.747691]}, "properties": {"year": 2023, "valeur_fonciere": 230000.0, "type_local": "Maison", "surface_reelle_bati": 105.0, "nombre_pieces_principales": 4.0, "adresse_nom_voie": "HAM DE VILLE", "price_per_sqm": 2190.4761904761904, "date_iso": "2023-01-26", "parcelle": "77470000AL0089", "addr_num": "44"}}, {"type": "Feature", "geometry": {"type": "Point", "coordinates": [2.779034, 48.742832]}, "properties": {"year": 2023, "valeur_fonciere": 452500.0, "type_local": "Dépendance", "surface_reelle_bati": null, "nombre_pieces_principales": 0.0, "adresse_nom_voie": "RUE RENE LEBLOND", "price_per_sqm": null, "date_iso": "2023-01-25", "parcelle": "77470000AE0610", "addr_num": "2"}}, {"type": "Feature", "geometry": {"type": "Point", "coordinates": [2.779034, 48.742832]}, "properties": {"year": 2023, "valeur_fonciere": 452500.0, "type_local": "Maison", "surface_reelle_bati": 116.0, "nombre_pieces_principales": 6.0, "adresse_nom_voie": "RUE RENE LEBLOND", "price_per_sqm": 3900.862068965517, "date_iso": "2023-01-25", "parcelle": "77470000AE0610", "addr_num": "2"}}, {"type": "Feature", "geometry": {"type": "Point", "coordinates": [2.766296, 48.739823]}, "properties": {"year": 2023, "valeur_fonciere": 132500.0, "type_local": "Appartement", "surface_reelle_bati": 48.0, "nombre_pieces_principales": 2.0, "adresse_nom_voie": "RUE DU GLACIS", "price_per_sqm": 2760.4166666666665, "date_iso": "2023-01-31", "parcelle": "77470000AI0082", "addr_num": "3"}}, {"type": "Feature", "geometry": {"type": "Point", "coordinates": [2.768426, 48.73984]}, "properties": {"year": 2023, "valeur_fonciere": 124600.0, "type_local": "Appartement", "surface_reelle_bati": 52.0, "nombre_pieces_principales": 2.0, "adresse_nom_voie": "RUE DU MARTRAY", "price_per_sqm": 2396.153846153846, "date_iso": "2023-02-16", "parcelle": "77470000AH0460", "addr_num": "14"}}, {"type": "Feature", "geometry": {"type": "Point", "coordinates": [2.768426, 48.73984]}, "properties": {"year": 2023, "valeur_fonciere": 124600.0, "type_local": "Dépendance", "surface_reelle_bati": null, "nombre_pieces_principales": 0.0, "adresse_nom_voie": "RUE DU MARTRAY", "price_per_sqm": null, "date_iso": "2023-02-16", "parcelle": "77470000AH0460", "addr_num": "14"}}, {"type": "Feature", "geometry": {"type": "Point", "coordinates": [2.759709, 48.742535]}, "properties": {"year": 2023, "valeur_fonciere": 258000.0, "type_local": "Appartement", "surface_reelle_bati": 18.0, "nombre_pieces_principales": 1.0, "adresse_nom_voie": "BD ISAAC PEREIRE", "price_per_sqm": 14333.333333333334, "date_iso": "2023-02-09", "parcelle": "77470000AC0002", "addr_num": "2"}}, {"type": "Feature", "geometry": {"type": "Point", "coordinates": [2.759709, 48.742535]}, "properties": {"year": 2023, "valeur_fonciere": 258000.0, "type_local": "Appartement", "surface_reelle_bati": 18.0, "nombre_pieces_principales": 1.0, "adresse_nom_voie": "BD ISAAC PEREIRE", "price_per_sqm": 14333.333333333334, "date_iso": "2023-02-09", "parcelle": "77470000AC0002", "addr_num": "2"}}, {"type": "Feature", "geometry": {"type": "Point", "coordinates": [2.759709, 48.742535]}, "properties": {"year": 2023, "valeur_fonciere": 258000.0, "type_local": "Appartement", "surface_reelle_bati": 18.0, "nombre_pieces_principales": 1.0, "adresse_nom_voie": "BD ISAAC PEREIRE", "price_per_sqm": 14333.333333333334, "date_iso": "2023-02-09", "parcelle": "77470000AC0002", "addr_num": "2"}}, {"type": "Feature", "geometry": {"type": "Point", "coordinates": [2.779853, 48.735854]}, "properties": {"year": 2023, "valeur_fonciere": 475000.0, "type_local": "Local industriel. commercial ou assimilé", "surface_reelle_bati": 1500.0, "nombre_pieces_principales": 0.0, "adresse_nom_voie": "RUE DES ARTS", "price_per_sqm": 316.6666666666667, "date_iso": "2023-02-27", "parcelle": "77470000ZE0091", "addr_num": "4"}}, {"type": "Feature", "geometry": {"type": "Point", "coordinates": [2.762281, 48.744633]}, "properties": {"year": 2023, "valeur_fonciere": 181000.0, "type_local": "Dépendance", "surface_reelle_bati": null, "nombre_pieces_principales": 0.0, "adresse_nom_voie": "RUE GIUSEPPE VERDI", "price_per_sqm": null, "date_iso": "2023-03-03", "parcelle": "77470000AD0304", "addr_num": "1"}}, {"type": "Feature", "geometry": {"type": "Point", "coordinates": [2.762281, 48.744633]}, "properties": {"year": 2023, "valeur_fonciere": 181000.0, "type_local": "Dépendance", "surface_reelle_bati": null, "nombre_pieces_principales": 0.0, "adresse_nom_voie": "RUE GIUSEPPE VERDI", "price_per_sqm": null, "date_iso": "2023-03-03", "parcelle": "77470000AD0304", "addr_num": "1"}}, {"type": "Feature", "geometry": {"type": "Point", "coordinates": [2.762281, 48.744633]}, "properties": {"year": 2023, "valeur_fonciere": 181000.0, "type_local": "Appartement", "surface_reelle_bati": 44.0, "nombre_pieces_principales": 2.0, "adresse_nom_voie": "RUE GIUSEPPE VERDI", "price_per_sqm": 4113.636363636364, "date_iso": "2023-03-03", "parcelle": "77470000AD0304", "addr_num": "1"}}, {"type": "Feature", "geometry": {"type": "Point", "coordinates": [2.769866, 48.738194]}, "properties": {"year": 2023, "valeur_fonciere": 6500.0, "type_local": "Dépendance", "surface_reelle_bati": null, "nombre_pieces_principales": 0.0, "adresse_nom_voie": "RUE DE LA MADELEINE", "price_per_sqm": null, "date_iso": "2023-02-20", "parcelle": "77470000AH0215", "addr_num": "2"}}, {"type": "Feature", "geometry": {"type": "Point", "coordinates": [2.753553, 48.743985]}, "properties": {"year": 2023, "valeur_fonciere": 176990.0, "type_local": "Dépendance", "surface_reelle_bati": null, "nombre_pieces_principales": 0.0, "adresse_nom_voie": "RUE JULES LEFEVRE", "price_per_sqm": null, "date_iso": "2023-03-02", "parcelle": "77470000AB0292", "addr_num": "12"}}, {"type": "Feature", "geometry": {"type": "Point", "coordinates": [2.753553, 48.743985]}, "properties": {"year": 2023, "valeur_fonciere": 176990.0, "type_local": "Appartement", "surface_reelle_bati": 35.0, "nombre_pieces_principales": 2.0, "adresse_nom_voie": "RUE JULES LEFEVRE", "price_per_sqm": 5056.857142857143, "date_iso": "2023-03-02", "parcelle": "77470000AB0292", "addr_num": "12"}}, {"type": "Feature", "geometry": {"type": "Point", "coordinates": [2.760087, 48.739836]}, "properties": {"year": 2023, "valeur_fonciere": 195000.0, "type_local": "Dépendance", "surface_reelle_bati": null, "nombre_pieces_principales": 0.0, "adresse_nom_voie": "RUE PAUL HASTIER", "price_per_sqm": null, "date_iso": "2023-02-23", "parcelle": "77470000AC0172", "addr_num": "11"}}, {"type": "Feature", "geometry": {"type": "Point", "coordinates": [2.760087, 48.739836]}, "properties": {"year": 2023, "valeur_fonciere": 195000.0, "type_local": "Appartement", "surface_reelle_bati": 42.0, "nombre_pieces_principales": 2.0, "adresse_nom_voie": "RUE PAUL HASTIER", "price_per_sqm": 4642.857142857143, "date_iso": "2023-02-23", "parcelle": "77470000AC0172", "addr_num": "11"}}, {"type": "Feature", "geometry": {"type": "Point", "coordinates": [2.765772, 48.740627]}, "properties": {"year": 2023, "valeur_fonciere": 158000.0, "type_local": "Appartement", "surface_reelle_bati": 48.0, "nombre_pieces_principales": 2.0, "adresse_nom_voie": "RUE MARCEL MICHEAU", "price_per_sqm": 3291.6666666666665, "date_iso": "2023-03-15", "parcelle": "77470000AI0064", "addr_num": "6"}}, {"type": "Feature", "geometry": {"type": "Point", "coordinates": [2.758795, 48.744739]}, "properties": {"year": 2023, "valeur_fonciere": 322000.0, "type_local": "Maison", "surface_reelle_bati": 88.0, "nombre_pieces_principales": 4.0, "adresse_nom_voie": "RUE DU GROS NOYER", "price_per_sqm": 3659.090909090909, "date_iso": "2023-03-21", "parcelle": "77470000ZA0195", "addr_num": "19"}}, {"type": "Feature", "geometry": {"type": "Point", "coordinates": [2.757263, 48.740774]}, "properties": {"year": 2023, "valeur_fonciere": 239500.0, "type_local": "Appartement", "surface_reelle_bati": 72.0, "nombre_pieces_principales": 4.0, "adresse_nom_voie": "BD DUBURCQ", "price_per_sqm": 3326.3888888888887, "date_iso": "2023-03-24", "parcelle": "77470000AB0044", "addr_num": "18"}}, {"type": "Feature", "geometry": {"type": "Point", "coordinates": [2.757263, 48.740774]}, "properties": {"year": 2023, "valeur_fonciere": 239500.0, "type_local": "Dépendance", "surface_reelle_bati": null, "nombre_pieces_principales": 0.0, "adresse_nom_voie": "BD DUBURCQ", "price_per_sqm": null, "date_iso": "2023-03-24", "parcelle": "77470000AB0044", "addr_num": "18"}}, {"type": "Feature", "geometry": {"type": "Point", "coordinates": [2.757263, 48.740774]}, "properties": {"year": 2023, "valeur_fonciere": 239500.0, "type_local": "Dépendance", "surface_reelle_bati": null, "nombre_pieces_principales": 0.0, "adresse_nom_voie": "BD DUBURCQ", "price_per_sqm": null, "date_iso": "2023-03-24", "parcelle": "77470000AB0044", "addr_num": "18"}}, {"type": "Feature", "geometry": {"type": "Point", "coordinates": [2.770518, 48.746217]}, "properties": {"year": 2023, "valeur_fonciere": 202500.0, "type_local": "Maison", "surface_reelle_bati": 103.0, "nombre_pieces_principales": 5.0, "adresse_nom_voie": "RUE DU PERE BROTTIER", "price_per_sqm": 1966.0194174757282, "date_iso": "2023-04-07", "parcelle": "77470000ZA0808", "addr_num": "7"}}, {"type": "Feature", "geometry": {"type": "Point", "coordinates": [2.770518, 48.746217]}, "properties": {"year": 2023, "valeur_fonciere": 202500.0, "type_local": "Dépendance", "surface_reelle_bati": null, "nombre_pieces_principales": 0.0, "adresse_nom_voie": "RUE DU PERE BROTTIER", "price_per_sqm": null, "date_iso": "2023-04-07", "parcelle": "77470000ZA0808", "addr_num": "7"}}, {"type": "Feature", "geometry": {"type": "Point", "coordinates": [2.770518, 48.746217]}, "properties": {"year": 2023, "valeur_fonciere": 202500.0, "type_local": "Dépendance", "surface_reelle_bati": null, "nombre_pieces_principales": 0.0, "adresse_nom_voie": "RUE DU PERE BROTTIER", "price_per_sqm": null, "date_iso": "2023-04-07", "parcelle": "77470000ZA0808", "addr_num": "7"}}, {"type": "Feature", "geometry": {"type": "Point", "coordinates": [2.758811, 48.737274]}, "properties": {"year": 2023, "valeur_fonciere": 4706.4, "type_local": null, "surface_reelle_bati": null, "nombre_pieces_principales": null, "adresse_nom_voie": "RUE DE VIGNOLLES", "price_per_sqm": null, "date_iso": "2023-03-30", "parcelle": "774700000C0324", "addr_num": "13"}}, {"type": "Feature", "geometry": {"type": "Point", "coordinates": [2.759709, 48.742535]}, "properties": {"year": 2023, "valeur_fonciere": 87000.0, "type_local": "Appartement", "surface_reelle_bati": 18.0, "nombre_pieces_principales": 1.0, "adresse_nom_voie": "BD ISAAC PEREIRE", "price_per_sqm": 4833.333333333333, "date_iso": "2023-03-31", "parcelle": "77470000AC0002", "addr_num": "2"}}, {"type": "Feature", "geometry": {"type": "Point", "coordinates": [2.757263, 48.740774]}, "properties": {"year": 2023, "valeur_fonciere": 215000.0, "type_local": "Dépendance", "surface_reelle_bati": null, "nombre_pieces_principales": 0.0, "adresse_nom_voie": "BD DUBURCQ", "price_per_sqm": null, "date_iso": "2023-04-11", "parcelle": "77470000AB0044", "addr_num": "18"}}, {"type": "Feature", "geometry": {"type": "Point", "coordinates": [2.757263, 48.740774]}, "properties": {"year": 2023, "valeur_fonciere": 215000.0, "type_local": "Appartement", "surface_reelle_bati": 63.0, "nombre_pieces_principales": 3.0, "adresse_nom_voie": "BD DUBURCQ", "price_per_sqm": 3412.6984126984125, "date_iso": "2023-04-11", "parcelle": "77470000AB0044", "addr_num": "18"}}, {"type": "Feature", "geometry": {"type": "Point", "coordinates": [2.757263, 48.740774]}, "properties": {"year": 2023, "valeur_fonciere": 215000.0, "type_local": "Dépendance", "surface_reelle_bati": null, "nombre_pieces_principales": 0.0, "adresse_nom_voie": "BD DUBURCQ", "price_per_sqm": null, "date_iso": "2023-04-11", "parcelle": "77470000AB0044", "addr_num": "18"}}, {"type": "Feature", "geometry": {"type": "Point", "coordinates": [2.768572, 48.739254]}, "properties": {"year": 2023, "valeur_fonciere": 100000.0, "type_local": "Dépendance", "surface_reelle_bati": null, "nombre_pieces_principales": 0.0, "adresse_nom_voie": "RUE DU MARTRAY", "price_per_sqm": null, "date_iso": "2023-04-13", "parcelle": "77470000AH0070", "addr_num": "8"}}, {"type": "Feature", "geometry": {"type": "Point", "coordinates": [2.768572, 48.739254]}, "properties": {"year": 2023, "valeur_fonciere": 100000.0, "type_local": "Appartement", "surface_reelle_bati": 25.0, "nombre_pieces_principales": 1.0, "adresse_nom_voie": "RUE DU MARTRAY", "price_per_sqm": 4000.0, "date_iso": "2023-04-13", "parcelle": "77470000AH0070", "addr_num": "8"}}, {"type": "Feature", "geometry": {"type": "Point", "coordinates": [2.763586, 48.739752]}, "properties": {"year": 2023, "valeur_fonciere": 158000.0, "type_local": "Dépendance", "surface_reelle_bati": null, "nombre_pieces_principales": 0.0, "adresse_nom_voie": "RUE DES FOSSES", "price_per_sqm": null, "date_iso": "2023-04-13", "parcelle": "77470000AI0140", "addr_num": "7"}}, {"type": "Feature", "geometry": {"type": "Point", "coordinates": [2.763586, 48.739752]}, "properties": {"year": 2023, "valeur_fonciere": 158000.0, "type_local": "Appartement", "surface_reelle_bati": 44.0, "nombre_pieces_principales": 3.0, "adresse_nom_voie": "RUE DES FOSSES", "price_per_sqm": 3590.909090909091, "date_iso": "2023-04-13", "parcelle": "77470000AI0140", "addr_num": "7"}}, {"type": "Feature", "geometry": {"type": "Point", "coordinates": [2.763586, 48.739752]}, "properties": {"year": 2023, "valeur_fonciere": 158000.0, "type_local": "Dépendance", "surface_reelle_bati": null, "nombre_pieces_principales": 0.0, "adresse_nom_voie": "RUE DES FOSSES", "price_per_sqm": null, "date_iso": "2023-04-13", "parcelle": "77470000AI0140", "addr_num": "7"}}, {"type": "Feature", "geometry": {"type": "Point", "coordinates": [2.760087, 48.739836]}, "properties": {"year": 2023, "valeur_fonciere": 10000.0, "type_local": "Dépendance", "surface_reelle_bati": null, "nombre_pieces_principales": 0.0, "adresse_nom_voie": "RUE PAUL HASTIER", "price_per_sqm": null, "date_iso": "2023-04-07", "parcelle": "77470000AC0172", "addr_num": "11"}}, {"type": "Feature", "geometry": {"type": "Point", "coordinates": [2.755254, 48.739217]}, "properties": {"year": 2023, "valeur_fonciere": 46083.5, "type_local": "Appartement", "surface_reelle_bati": 57.0, "nombre_pieces_principales": 3.0, "adresse_nom_voie": "RUE DE LA SCIERIE", "price_per_sqm": 808.4824561403509, "date_iso": "2023-04-28", "parcelle": "77470000AK0149", "addr_num": "31"}}, {"type": "Feature", "geometry": {"type": "Point", "coordinates": [2.755254, 48.739217]}, "properties": {"year": 2023, "valeur_fonciere": 46083.5, "type_local": "Dépendance", "surface_reelle_bati": null, "nombre_pieces_principales": 0.0, "adresse_nom_voie": "RUE DE LA SCIERIE", "price_per_sqm": null, "date_iso": "2023-04-28", "parcelle": "77470000AK0149", "addr_num": "31"}}, {"type": "Feature", "geometry": {"type": "Point", "coordinates": [2.778119, 48.741018]}, "properties": {"year": 2023, "valeur_fonciere": 292500.0, "type_local": "Maison", "surface_reelle_bati": 104.0, "nombre_pieces_principales": 5.0, "adresse_nom_voie": "RUE WINSTON CHURCHILL", "price_per_sqm": 2812.5, "date_iso": "2023-04-13", "parcelle": "77470000AE0505", "addr_num": "12"}}, {"type": "Feature", "geometry": {"type": "Point", "coordinates": [2.763019, 48.743069]}, "properties": {"year": 2023, "valeur_fonciere": 150000.0, "type_local": null, "surface_reelle_bati": null, "nombre_pieces_principales": null, "adresse_nom_voie": "RUE DU PDT POINCARE", "price_per_sqm": null, "date_iso": "2023-04-25", "parcelle": "77470000AD0401", "addr_num": "28"}}, {"type": "Feature", "geometry": {"type": "Point", "coordinates": [2.771042, 48.7431]}, "properties": {"year": 2023, "valeur_fonciere": 316165.0, "type_local": null, "surface_reelle_bati": null, "nombre_pieces_principales": null, "adresse_nom_voie": "LE MARTRAY", "price_per_sqm": null, "date_iso": "2023-04-11", "parcelle": "77470000AE0157", "addr_num": ""}}, {"type": "Feature", "geometry": {"type": "Point", "coordinates": [2.771185, 48.742895]}, "properties": {"year": 2023, "valeur_fonciere": 316165.0, "type_local": null, "surface_reelle_bati": null, "nombre_pieces_principales": null, "adresse_nom_voie": "LE MARTRAY", "price_per_sqm": null, "date_iso": "2023-04-11", "parcelle": "77470000AE0162", "addr_num": ""}}, {"type": "Feature", "geometry": {"type": "Point", "coordinates": [2.775233, 48.742204]}, "properties": {"year": 2023, "valeur_fonciere": 316165.0, "type_local": null, "surface_reelle_bati": null, "nombre_pieces_principales": null, "adresse_nom_voie": "RUE DE GARLANDE", "price_per_sqm": null, "date_iso": "2023-04-11", "parcelle": "77470000AE0263", "addr_num": ""}}, {"type": "Feature", "geometry": {"type": "Point", "coordinates": [2.775144, 48.742218]}, "properties": {"year": 2023, "valeur_fonciere": 316165.0, "type_local": "Dépendance", "surface_reelle_bati": null, "nombre_pieces_principales": 0.0, "adresse_nom_voie": "RUE DE GARLANDE", "price_per_sqm": null, "date_iso": "2023-04-11", "parcelle": "77470000AE0264", "addr_num": "18"}}, {"type": "Feature", "geometry": {"type": "Point", "coordinates": [2.775144, 48.742218]}, "properties": {"year": 2023, "valeur_fonciere": 316165.0, "type_local": "Maison", "surface_reelle_bati": 86.0, "nombre_pieces_principales": 5.0, "adresse_nom_voie": "RUE DE GARLANDE", "price_per_sqm": 3676.3372093023254, "date_iso": "2023-04-11", "parcelle": "77470000AE0264", "addr_num": "18"}}, {"type": "Feature", "geometry": {"type": "Point", "coordinates": [2.775165, 48.741451]}, "properties": {"year": 2023, "valeur_fonciere": 316165.0, "type_local": null, "surface_reelle_bati": null, "nombre_pieces_principales": null, "adresse_nom_voie": "RUE DE VILLE", "price_per_sqm": null, "date_iso": "2023-04-11", "parcelle": "77470000AE0299", "addr_num": ""}}, {"type": "Feature", "geometry": {"type": "Point", "coordinates": [2.773374, 48.74166]}, "properties": {"year": 2023, "valeur_fonciere": 316165.0, "type_local": null, "surface_reelle_bati": null, "nombre_pieces_principales": null, "adresse_nom_voie": "LE VAL DES BOISSIERES", "price_per_sqm": null, "date_iso": "2023-04-11", "parcelle": "77470000AE0330", "addr_num": ""}}, {"type": "Feature", "geometry": {"type": "Point", "coordinates": [2.773095, 48.741943]}, "properties": {"year": 2023, "valeur_fonciere": 316165.0, "type_local": null, "surface_reelle_bati": null, "nombre_pieces_principales": null, "adresse_nom_voie": "LE VAL DES BOISSIERES", "price_per_sqm": null, "date_iso": "2023-04-11", "parcelle": "77470000AE0337", "addr_num": ""}}, {"type": "Feature", "geometry": {"type": "Point", "coordinates": [2.772712, 48.742435]}, "properties": {"year": 2023, "valeur_fonciere": 316165.0, "type_local": "Local industriel. commercial ou assimilé", "surface_reelle_bati": null, "nombre_pieces_principales": 0.0, "adresse_nom_voie": "LE VAL DES BOISSIERES", "price_per_sqm": null, "date_iso": "2023-04-11", "parcelle": "77470000AE0346", "addr_num": "9001"}}, {"type": "Feature", "geometry": {"type": "Point", "coordinates": [2.771764, 48.741891]}, "properties": {"year": 2023, "valeur_fonciere": 316165.0, "type_local": null, "surface_reelle_bati": null, "nombre_pieces_principales": null, "adresse_nom_voie": "LE MARTRAY", "price_per_sqm": null, "date_iso": "2023-04-11", "parcelle": "77470000AE0358", "addr_num": ""}}, {"type": "Feature", "geometry": {"type": "Point", "coordinates": [2.770768, 48.742477]}, "properties": {"year": 2023, "valeur_fonciere": 316165.0, "type_local": null, "surface_reelle_bati": null, "nombre_pieces_principales": null, "adresse_nom_voie": "LE MARTRAY", "price_per_sqm": null, "date_iso": "2023-04-11", "parcelle": "77470000AE0370", "addr_num": ""}}, {"type": "Feature", "geometry": {"type": "Point", "coordinates": [2.770574, 48.742444]}, "properties": {"year": 2023, "valeur_fonciere": 316165.0, "type_local": null, "surface_reelle_bati": null, "nombre_pieces_principales": null, "adresse_nom_voie": "LE MARTRAY", "price_per_sqm": null, "date_iso": "2023-04-11", "parcelle": "77470000AE0371", "addr_num": ""}}, {"type": "Feature", "geometry": {"type": "Point", "coordinates": [2.770045, 48.742356]}, "properties": {"year": 2023, "valeur_fonciere": 316165.0, "type_local": null, "surface_reelle_bati": null, "nombre_pieces_principales": null, "adresse_nom_voie": "LE MARTRAY", "price_per_sqm": null, "date_iso": "2023-04-11", "parcelle": "77470000AE0374", "addr_num": ""}}, {"type": "Feature", "geometry": {"type": "Point", "coordinates": [2.773312, 48.742378]}, "properties": {"year": 2023, "valeur_fonciere": 316165.0, "type_local": null, "surface_reelle_bati": null, "nombre_pieces_principales": null, "adresse_nom_voie": "LE MARTRAY", "price_per_sqm": null, "date_iso": "2023-04-11", "parcelle": "77470000AE0375", "addr_num": ""}}, {"type": "Feature", "geometry": {"type": "Point", "coordinates": [2.756962, 48.741573]}, "properties": {"year": 2023, "valeur_fonciere": 295000.0, "type_local": "Maison", "surface_reelle_bati": 78.0, "nombre_pieces_principales": 5.0, "adresse_nom_voie": "RES DU PETIT PARC", "price_per_sqm": 3782.051282051282, "date_iso": "2023-05-09", "parcelle": "77470000AB0025", "addr_num": "17"}}, {"type": "Feature", "geometry": {"type": "Point", "coordinates": [2.761514, 48.746437]}, "properties": {"year": 2023, "valeur_fonciere": 370000.0, "type_local": "Dépendance", "surface_reelle_bati": null, "nombre_pieces_principales": 0.0, "adresse_nom_voie": "AV DU GEN DE GAULLE", "price_per_sqm": null, "date_iso": "2023-05-16", "parcelle": "77470000ZA0349", "addr_num": "65"}}, {"type": "Feature", "geometry": {"type": "Point", "coordinates": [2.761514, 48.746437]}, "properties": {"year": 2023, "valeur_fonciere": 370000.0, "type_local": "Maison", "surface_reelle_bati": 95.0, "nombre_pieces_principales": 4.0, "adresse_nom_voie": "AV DU GEN DE GAULLE", "price_per_sqm": 3894.7368421052633, "date_iso": "2023-05-16", "parcelle": "77470000ZA0349", "addr_num": "65"}}, {"type": "Feature", "geometry": {"type": "Point", "coordinates": [2.785713, 48.73361]}, "properties": {"year": 2023, "valeur_fonciere": 2285000.0, "type_local": "Local industriel. commercial ou assimilé", "surface_reelle_bati": null, "nombre_pieces_principales": null, "adresse_nom_voie": "RUE DE L INDUSTRIE", "price_per_sqm": null, "date_iso": "2023-05-24", "parcelle": "77470000ZE0112", "addr_num": "26"}}, {"type": "Feature", "geometry": {"type": "Point", "coordinates": [2.785713, 48.73361]}, "properties": {"year": 2023, "valeur_fonciere": 2285000.0, "type_local": "Maison", "surface_reelle_bati": 69.0, "nombre_pieces_principales": 3.0, "adresse_nom_voie": "RUE DE L INDUSTRIE", "price_per_sqm": 33115.942028985504, "date_iso": "2023-05-24", "parcelle": "77470000ZE0112", "addr_num": "26"}}, {"type": "Feature", "geometry": {"type": "Point", "coordinates": [2.784687, 48.7338]}, "properties": {"year": 2023, "valeur_fonciere": 2285000.0, "type_local": null, "surface_reelle_bati": null, "nombre_pieces_principales": null, "adresse_nom_voie": "RUE DE L INDUSTRIE", "price_per_sqm": null, "date_iso": "2023-05-24", "parcelle": "77470000ZE0133", "addr_num": "26"}}, {"type": "Feature", "geometry": {"type": "Point", "coordinates": [2.771635, 48.736748]}, "properties": {"year": 2023, "valeur_fonciere": 209150.0, "type_local": "Maison", "surface_reelle_bati": 110.0, "nombre_pieces_principales": 3.0, "adresse_nom_voie": "RUE DE LA LIBERATION", "price_per_sqm": 1901.3636363636363, "date_iso": "2023-05-09", "parcelle": "774700000C0308", "addr_num": "4"}}, {"type": "Feature", "geometry": {"type": "Point", "coordinates": [2.771675, 48.736695]}, "properties": {"year": 2023, "valeur_fonciere": 209150.0, "type_local": null, "surface_reelle_bati": null, "nombre_pieces_principales": null, "adresse_nom_voie": "LA BOURGOGNERIE", "price_per_sqm": null, "date_iso": "2023-05-09", "parcelle": "774700000C0311", "addr_num": ""}}, {"type": "Feature", "geometry": {"type": "Point", "coordinates": [2.759709, 48.742535]}, "properties": {"year": 2023, "valeur_fonciere": 116000.0, "type_local": "Appartement", "surface_reelle_bati": 21.0, "nombre_pieces_principales": 1.0, "adresse_nom_voie": "BD ISAAC PEREIRE", "price_per_sqm": 5523.809523809524, "date_iso": "2023-05-31", "parcelle": "77470000AC0002", "addr_num": "2"}}, {"type": "Feature", "geometry": {"type": "Point", "coordinates": [2.759821, 48.745259]}, "properties": {"year": 2023, "valeur_fonciere": 465000.0, "type_local": "Maison", "surface_reelle_bati": 133.0, "nombre_pieces_principales": 5.0, "adresse_nom_voie": "RUE CAMILLE SAINT SAENS", "price_per_sqm": 3496.2406015037595, "date_iso": "2023-05-26", "parcelle": "77470000ZA0606", "addr_num": "6"}}, {"type": "Feature", "geometry": {"type": "Point", "coordinates": [2.771042, 48.7431]}, "properties": {"year": 2023, "valeur_fonciere": 331000.0, "type_local": null, "surface_reelle_bati": null, "nombre_pieces_principales": null, "adresse_nom_voie": "LE MARTRAY", "price_per_sqm": null, "date_iso": "2023-05-26", "parcelle": "77470000AE0157", "addr_num": ""}}, {"type": "Feature", "geometry": {"type": "Point", "coordinates": [2.771185, 48.742895]}, "properties": {"year": 2023, "valeur_fonciere": 331000.0, "type_local": null, "surface_reelle_bati": null, "nombre_pieces_principales": null, "adresse_nom_voie": "LE MARTRAY", "price_per_sqm": null, "date_iso": "2023-05-26", "parcelle": "77470000AE0162", "addr_num": ""}}, {"type": "Feature", "geometry": {"type": "Point", "coordinates": [2.775165, 48.741451]}, "properties": {"year": 2023, "valeur_fonciere": 331000.0, "type_local": null, "surface_reelle_bati": null, "nombre_pieces_principales": null, "adresse_nom_voie": "RUE DE VILLE", "price_per_sqm": null, "date_iso": "2023-05-26", "parcelle": "77470000AE0299", "addr_num": ""}}, {"type": "Feature", "geometry": {"type": "Point", "coordinates": [2.773374, 48.74166]}, "properties": {"year": 2023, "valeur_fonciere": 331000.0, "type_local": null, "surface_reelle_bati": null, "nombre_pieces_principales": null, "adresse_nom_voie": "LE VAL DES BOISSIERES", "price_per_sqm": null, "date_iso": "2023-05-26", "parcelle": "77470000AE0330", "addr_num": ""}}, {"type": "Feature", "geometry": {"type": "Point", "coordinates": [2.773095, 48.741943]}, "properties": {"year": 2023, "valeur_fonciere": 331000.0, "type_local": null, "surface_reelle_bati": null, "nombre_pieces_principales": null, "adresse_nom_voie": "LE VAL DES BOISSIERES", "price_per_sqm": null, "date_iso": "2023-05-26", "parcelle": "77470000AE0337", "addr_num": ""}}, {"type": "Feature", "geometry": {"type": "Point", "coordinates": [2.772712, 48.742435]}, "properties": {"year": 2023, "valeur_fonciere": 331000.0, "type_local": "Local industriel. commercial ou assimilé", "surface_reelle_bati": null, "nombre_pieces_principales": 0.0, "adresse_nom_voie": "LE VAL DES BOISSIERES", "price_per_sqm": null, "date_iso": "2023-05-26", "parcelle": "77470000AE0346", "addr_num": "9001"}}, {"type": "Feature", "geometry": {"type": "Point", "coordinates": [2.771764, 48.741891]}, "properties": {"year": 2023, "valeur_fonciere": 331000.0, "type_local": null, "surface_reelle_bati": null, "nombre_pieces_principales": null, "adresse_nom_voie": "LE MARTRAY", "price_per_sqm": null, "date_iso": "2023-05-26", "parcelle": "77470000AE0358", "addr_num": ""}}, {"type": "Feature", "geometry": {"type": "Point", "coordinates": [2.771429, 48.742053]}, "properties": {"year": 2023, "valeur_fonciere": 331000.0, "type_local": "Maison", "surface_reelle_bati": 98.0, "nombre_pieces_principales": 5.0, "adresse_nom_voie": "ALL DES MESANGES", "price_per_sqm": 3377.5510204081634, "date_iso": "2023-05-26", "parcelle": "77470000AE0363", "addr_num": "10"}}, {"type": "Feature", "geometry": {"type": "Point", "coordinates": [2.771352, 48.742131]}, "properties": {"year": 2023, "valeur_fonciere": 331000.0, "type_local": null, "surface_reelle_bati": null, "nombre_pieces_principales": null, "adresse_nom_voie": "LE MARTRAY", "price_per_sqm": null, "date_iso": "2023-05-26", "parcelle": "77470000AE0364", "addr_num": ""}}, {"type": "Feature", "geometry": {"type": "Point", "coordinates": [2.770768, 48.742477]}, "properties": {"year": 2023, "valeur_fonciere": 331000.0, "type_local": null, "surface_reelle_bati": null, "nombre_pieces_principales": null, "adresse_nom_voie": "LE MARTRAY", "price_per_sqm": null, "date_iso": "2023-05-26", "parcelle": "77470000AE0370", "addr_num": ""}}, {"type": "Feature", "geometry": {"type": "Point", "coordinates": [2.770574, 48.742444]}, "properties": {"year": 2023, "valeur_fonciere": 331000.0, "type_local": null, "surface_reelle_bati": null, "nombre_pieces_principales": null, "adresse_nom_voie": "LE MARTRAY", "price_per_sqm": null, "date_iso": "2023-05-26", "parcelle": "77470000AE0371", "addr_num": ""}}, {"type": "Feature", "geometry": {"type": "Point", "coordinates": [2.770045, 48.742356]}, "properties": {"year": 2023, "valeur_fonciere": 331000.0, "type_local": null, "surface_reelle_bati": null, "nombre_pieces_principales": null, "adresse_nom_voie": "LE MARTRAY", "price_per_sqm": null, "date_iso": "2023-05-26", "parcelle": "77470000AE0374", "addr_num": ""}}, {"type": "Feature", "geometry": {"type": "Point", "coordinates": [2.773312, 48.742378]}, "properties": {"year": 2023, "valeur_fonciere": 331000.0, "type_local": null, "surface_reelle_bati": null, "nombre_pieces_principales": null, "adresse_nom_voie": "LE MARTRAY", "price_per_sqm": null, "date_iso": "2023-05-26", "parcelle": "77470000AE0375", "addr_num": ""}}, {"type": "Feature", "geometry": {"type": "Point", "coordinates": [2.758333, 48.74451]}, "properties": {"year": 2023, "valeur_fonciere": 272000.0, "type_local": "Maison", "surface_reelle_bati": 94.0, "nombre_pieces_principales": 5.0, "adresse_nom_voie": "HAM D ORIGNY", "price_per_sqm": 2893.6170212765956, "date_iso": "2023-05-16", "parcelle": "77470000ZA0091", "addr_num": "5"}}, {"type": "Feature", "geometry": {"type": "Point", "coordinates": [2.768139, 48.742883]}, "properties": {"year": 2023, "valeur_fonciere": 725000.0, "type_local": "Maison", "surface_reelle_bati": 185.0, "nombre_pieces_principales": 9.0, "adresse_nom_voie": "RUE DE L ABREUVOIR", "price_per_sqm": 3918.9189189189187, "date_iso": "2023-05-10", "parcelle": "77470000AD0156", "addr_num": "13"}}, {"type": "Feature", "geometry": {"type": "Point", "coordinates": [2.768139, 48.742883]}, "properties": {"year": 2023, "valeur_fonciere": 725000.0, "type_local": "Dépendance", "surface_reelle_bati": null, "nombre_pieces_principales": 0.0, "adresse_nom_voie": "RUE DE L ABREUVOIR", "price_per_sqm": null, "date_iso": "2023-05-10", "parcelle": "77470000AD0156", "addr_num": "13"}}, {"type": "Feature", "geometry": {"type": "Point", "coordinates": [2.768033, 48.742593]}, "properties": {"year": 2023, "valeur_fonciere": 725000.0, "type_local": null, "surface_reelle_bati": null, "nombre_pieces_principales": null, "adresse_nom_voie": "RUE DE L ABREUVOIR", "price_per_sqm": null, "date_iso": "2023-05-10", "parcelle": "77470000AD0157", "addr_num": ""}}, {"type": "Feature", "geometry": {"type": "Point", "coordinates": [2.768033, 48.742593]}, "properties": {"year": 2023, "valeur_fonciere": 725000.0, "type_local": null, "surface_reelle_bati": null, "nombre_pieces_principales": null, "adresse_nom_voie": "RUE DE L ABREUVOIR", "price_per_sqm": null, "date_iso": "2023-05-10", "parcelle": "77470000AD0157", "addr_num": ""}}, {"type": "Feature", "geometry": {"type": "Point", "coordinates": [2.768033, 48.742593]}, "properties": {"year": 2023, "valeur_fonciere": 725000.0, "type_local": null, "surface_reelle_bati": null, "nombre_pieces_principales": null, "adresse_nom_voie": "RUE DE L ABREUVOIR", "price_per_sqm": null, "date_iso": "2023-05-10", "parcelle": "77470000AD0157", "addr_num": ""}}, {"type": "Feature", "geometry": {"type": "Point", "coordinates": [2.769129, 48.742137]}, "properties": {"year": 2023, "valeur_fonciere": 725000.0, "type_local": null, "surface_reelle_bati": null, "nombre_pieces_principales": null, "adresse_nom_voie": "RUE DE L ABREUVOIR", "price_per_sqm": null, "date_iso": "2023-05-10", "parcelle": "77470000AD0160", "addr_num": ""}}, {"type": "Feature", "geometry": {"type": "Point", "coordinates": [2.768767, 48.742125]}, "properties": {"year": 2023, "valeur_fonciere": 725000.0, "type_local": null, "surface_reelle_bati": null, "nombre_pieces_principales": null, "adresse_nom_voie": "RUE DE L ABREUVOIR", "price_per_sqm": null, "date_iso": "2023-05-10", "parcelle": "77470000AD0161", "addr_num": ""}}, {"type": "Feature", "geometry": {"type": "Point", "coordinates": [2.768282, 48.742056]}, "properties": {"year": 2023, "valeur_fonciere": 725000.0, "type_local": null, "surface_reelle_bati": null, "nombre_pieces_principales": null, "adresse_nom_voie": "RUE DE L ABREUVOIR", "price_per_sqm": null, "date_iso": "2023-05-10", "parcelle": "77470000AD0162", "addr_num": ""}}, {"type": "Feature", "geometry": {"type": "Point", "coordinates": [2.768927, 48.742406]}, "properties": {"year": 2023, "valeur_fonciere": 725000.0, "type_local": null, "surface_reelle_bati": null, "nombre_pieces_principales": null, "adresse_nom_voie": "LE VERT PRE", "price_per_sqm": null, "date_iso": "2023-05-10", "parcelle": "77470000AD0190", "addr_num": ""}}, {"type": "Feature", "geometry": {"type": "Point", "coordinates": [2.76866, 48.742257]}, "properties": {"year": 2023, "valeur_fonciere": 725000.0, "type_local": null, "surface_reelle_bati": null, "nombre_pieces_principales": null, "adresse_nom_voie": "LE VERT PRE", "price_per_sqm": null, "date_iso": "2023-05-10", "parcelle": "77470000AD0192", "addr_num": ""}}, {"type": "Feature", "geometry": {"type": "Point", "coordinates": [2.768727, 48.742172]}, "properties": {"year": 2023, "valeur_fonciere": 725000.0, "type_local": null, "surface_reelle_bati": null, "nombre_pieces_principales": null, "adresse_nom_voie": "RUE DE L ABREUVOIR", "price_per_sqm": null, "date_iso": "2023-05-10", "parcelle": "77470000AD0193", "addr_num": ""}}, {"type": "Feature", "geometry": {"type": "Point", "coordinates": [2.767602, 48.743226]}, "properties": {"year": 2023, "valeur_fonciere": 725000.0, "type_local": null, "surface_reelle_bati": null, "nombre_pieces_principales": null, "adresse_nom_voie": "LA PENTE DES CARREAUX", "price_per_sqm": null, "date_iso": "2023-05-10", "parcelle": "77470000AD0327", "addr_num": ""}}, {"type": "Feature", "geometry": {"type": "Point", "coordinates": [2.76976, 48.738487]}, "properties": {"year": 2023, "valeur_fonciere": 134000.0, "type_local": "Maison", "surface_reelle_bati": 55.0, "nombre_pieces_principales": 3.0, "adresse_nom_voie": "RUE DE LA REPUBLIQUE", "price_per_sqm": 2436.3636363636365, "date_iso": "2023-05-26", "parcelle": "77470000AH0118", "addr_num": "1"}}, {"type": "Feature", "geometry": {"type": "Point", "coordinates": [2.761741, 48.739389]}, "properties": {"year": 2023, "valeur_fonciere": 149000.0, "type_local": "Dépendance", "surface_reelle_bati": null, "nombre_pieces_principales": 0.0, "adresse_nom_voie": "RUE PAUL HASTIER", "price_per_sqm": null, "date_iso": "2023-06-02", "parcelle": "77470000AI0174", "addr_num": "1"}}, {"type": "Feature", "geometry": {"type": "Point", "coordinates": [2.761741, 48.739389]}, "properties": {"year": 2023, "valeur_fonciere": 149000.0, "type_local": "Appartement", "surface_reelle_bati": 27.0, "nombre_pieces_principales": 1.0, "adresse_nom_voie": "RUE PAUL HASTIER", "price_per_sqm": 5518.518518518518, "date_iso": "2023-06-02", "parcelle": "77470000AI0174", "addr_num": "1"}}, {"type": "Feature", "geometry": {"type": "Point", "coordinates": [2.771908, 48.738616]}, "properties": {"year": 2023, "valeur_fonciere": 187000.0, "type_local": "Appartement", "surface_reelle_bati": 53.0, "nombre_pieces_principales": 2.0, "adresse_nom_voie": "RUE DE LA MADELEINE", "price_per_sqm": 3528.301886792453, "date_iso": "2023-06-09", "parcelle": "77470000AH0316", "addr_num": "51"}}, {"type": "Feature", "geometry": {"type": "Point", "coordinates": [2.771908, 48.738616]}, "properties": {"year": 2023, "valeur_fonciere": 187000.0, "type_local": "Dépendance", "surface_reelle_bati": null, "nombre_pieces_principales": 0.0, "adresse_nom_voie": "RUE DE LA MADELEINE", "price_per_sqm": null, "date_iso": "2023-06-09", "parcelle": "77470000AH0316", "addr_num": "51"}}, {"type": "Feature", "geometry": {"type": "Point", "coordinates": [2.770518, 48.746217]}, "properties": {"year": 2023, "valeur_fonciere": 189000.0, "type_local": "Maison", "surface_reelle_bati": 65.0, "nombre_pieces_principales": 3.0, "adresse_nom_voie": "RUE DU PERE BROTTIER", "price_per_sqm": 2907.6923076923076, "date_iso": "2023-06-16", "parcelle": "77470000ZA0808", "addr_num": "7"}}, {"type": "Feature", "geometry": {"type": "Point", "coordinates": [2.770518, 48.746217]}, "properties": {"year": 2023, "valeur_fonciere": 189000.0, "type_local": "Dépendance", "surface_reelle_bati": null, "nombre_pieces_principales": 0.0, "adresse_nom_voie": "RUE DU PERE BROTTIER", "price_per_sqm": null, "date_iso": "2023-06-16", "parcelle": "77470000ZA0808", "addr_num": "7"}}, {"type": "Feature", "geometry": {"type": "Point", "coordinates": [2.770518, 48.746217]}, "properties": {"year": 2023, "valeur_fonciere": 189000.0, "type_local": "Dépendance", "surface_reelle_bati": null, "nombre_pieces_principales": 0.0, "adresse_nom_voie": "RUE DU PERE BROTTIER", "price_per_sqm": null, "date_iso": "2023-06-16", "parcelle": "77470000ZA0808", "addr_num": "7"}}, {"type": "Feature", "geometry": {"type": "Point", "coordinates": [2.764253, 48.742358]}, "properties": {"year": 2023, "valeur_fonciere": 289000.0, "type_local": null, "surface_reelle_bati": null, "nombre_pieces_principales": null, "adresse_nom_voie": "LES CARREAUX", "price_per_sqm": null, "date_iso": "2023-06-19", "parcelle": "77470000AD0199", "addr_num": ""}}, {"type": "Feature", "geometry": {"type": "Point", "coordinates": [2.764358, 48.742503]}, "properties": {"year": 2023, "valeur_fonciere": 289000.0, "type_local": null, "surface_reelle_bati": null, "nombre_pieces_principales": null, "adresse_nom_voie": "RUE DES CARREAUX", "price_per_sqm": null, "date_iso": "2023-06-19", "parcelle": "77470000AD0201", "addr_num": ""}}, {"type": "Feature", "geometry": {"type": "Point", "coordinates": [2.764397, 48.742472]}, "properties": {"year": 2023, "valeur_fonciere": 289000.0, "type_local": null, "surface_reelle_bati": null, "nombre_pieces_principales": null, "adresse_nom_voie": "RUE DES CARREAUX", "price_per_sqm": null, "date_iso": "2023-06-19", "parcelle": "77470000AD0202", "addr_num": ""}}, {"type": "Feature", "geometry": {"type": "Point", "coordinates": [2.764326, 48.74237]}, "properties": {"year": 2023, "valeur_fonciere": 289000.0, "type_local": null, "surface_reelle_bati": null, "nombre_pieces_principales": null, "adresse_nom_voie": "RUE DES CARREAUX", "price_per_sqm": null, "date_iso": "2023-06-19", "parcelle": "77470000AD0203", "addr_num": ""}}, {"type": "Feature", "geometry": {"type": "Point", "coordinates": [2.774224, 48.738282]}, "properties": {"year": 2023, "valeur_fonciere": 190000.0, "type_local": "Appartement", "surface_reelle_bati": 58.0, "nombre_pieces_principales": 3.0, "adresse_nom_voie": "RUE DE LA LIBERATION", "price_per_sqm": 3275.862068965517, "date_iso": "2023-06-07", "parcelle": "77470000ZE0043", "addr_num": "9"}}, {"type": "Feature", "geometry": {"type": "Point", "coordinates": [2.774224, 48.738282]}, "properties": {"year": 2023, "valeur_fonciere": 190000.0, "type_local": "Dépendance", "surface_reelle_bati": null, "nombre_pieces_principales": 0.0, "adresse_nom_voie": "RUE DE LA LIBERATION", "price_per_sqm": null, "date_iso": "2023-06-07", "parcelle": "77470000ZE0043", "addr_num": "9"}}, {"type": "Feature", "geometry": {"type": "Point", "coordinates": [2.774224, 48.738282]}, "properties": {"year": 2023, "valeur_fonciere": 190000.0, "type_local": "Dépendance", "surface_reelle_bati": null, "nombre_pieces_principales": 0.0, "adresse_nom_voie": "RUE DE LA LIBERATION", "price_per_sqm": null, "date_iso": "2023-06-07", "parcelle": "77470000ZE0043", "addr_num": "9"}}, {"type": "Feature", "geometry": {"type": "Point", "coordinates": [2.777504, 48.74167]}, "properties": {"year": 2023, "valeur_fonciere": 325000.0, "type_local": "Maison", "surface_reelle_bati": 76.0, "nombre_pieces_principales": 3.0, "adresse_nom_voie": "RUE ALBERT LEBRUN", "price_per_sqm": 4276.315789473684, "date_iso": "2023-06-15", "parcelle": "77470000AE0452", "addr_num": "15"}}, {"type": "Feature", "geometry": {"type": "Point", "coordinates": [2.776956, 48.74437]}, "properties": {"year": 2023, "valeur_fonciere": 357000.0, "type_local": "Maison", "surface_reelle_bati": 136.0, "nombre_pieces_principales": 7.0, "adresse_nom_voie": "RUE RENE LEBLOND", "price_per_sqm": 2625.0, "date_iso": "2023-06-16", "parcelle": "77470000AE0587", "addr_num": "34"}}, {"type": "Feature", "geometry": {"type": "Point", "coordinates": [2.776956, 48.74437]}, "properties": {"year": 2023, "valeur_fonciere": 357000.0, "type_local": "Dépendance", "surface_reelle_bati": null, "nombre_pieces_principales": 0.0, "adresse_nom_voie": "RUE RENE LEBLOND", "price_per_sqm": null, "date_iso": "2023-06-16", "parcelle": "77470000AE0587", "addr_num": "34"}}, {"type": "Feature", "geometry": {"type": "Point", "coordinates": [2.771042, 48.7431]}, "properties": {"year": 2023, "valeur_fonciere": 340000.0, "type_local": null, "surface_reelle_bati": null, "nombre_pieces_principales": null, "adresse_nom_voie": "LE MARTRAY", "price_per_sqm": null, "date_iso": "2023-06-19", "parcelle": "77470000AE0157", "addr_num": ""}}, {"type": "Feature", "geometry": {"type": "Point", "coordinates": [2.771185, 48.742895]}, "properties": {"year": 2023, "valeur_fonciere": 340000.0, "type_local": null, "surface_reelle_bati": null, "nombre_pieces_principales": null, "adresse_nom_voie": "LE MARTRAY", "price_per_sqm": null, "date_iso": "2023-06-19", "parcelle": "77470000AE0162", "addr_num": ""}}, {"type": "Feature", "geometry": {"type": "Point", "coordinates": [2.776046, 48.74225]}, "properties": {"year": 2023, "valeur_fonciere": 340000.0, "type_local": "Maison", "surface_reelle_bati": 98.0, "nombre_pieces_principales": 5.0, "adresse_nom_voie": "RUE DE GARLANDE", "price_per_sqm": 3469.387755102041, "date_iso": "2023-06-19", "parcelle": "77470000AE0244", "addr_num": "51"}}, {"type": "Feature", "geometry": {"type": "Point", "coordinates": [2.775165, 48.741451]}, "properties": {"year": 2023, "valeur_fonciere": 340000.0, "type_local": null, "surface_reelle_bati": null, "nombre_pieces_principales": null, "adresse_nom_voie": "RUE DE VILLE", "price_per_sqm": null, "date_iso": "2023-06-19", "parcelle": "77470000AE0299", "addr_num": ""}}, {"type": "Feature", "geometry": {"type": "Point", "coordinates": [2.773374, 48.74166]}, "properties": {"year": 2023, "valeur_fonciere": 340000.0, "type_local": null, "surface_reelle_bati": null, "nombre_pieces_principales": null, "adresse_nom_voie": "LE VAL DES BOISSIERES", "price_per_sqm": null, "date_iso": "2023-06-19", "parcelle": "77470000AE0330", "addr_num": ""}}, {"type": "Feature", "geometry": {"type": "Point", "coordinates": [2.773095, 48.741943]}, "properties": {"year": 2023, "valeur_fonciere": 340000.0, "type_local": null, "surface_reelle_bati": null, "nombre_pieces_principales": null, "adresse_nom_voie": "LE VAL DES BOISSIERES", "price_per_sqm": null, "date_iso": "2023-06-19", "parcelle": "77470000AE0337", "addr_num": ""}}, {"type": "Feature", "geometry": {"type": "Point", "coordinates": [2.772712, 48.742435]}, "properties": {"year": 2023, "valeur_fonciere": 340000.0, "type_local": "Local industriel. commercial ou assimilé", "surface_reelle_bati": null, "nombre_pieces_principales": 0.0, "adresse_nom_voie": "LE VAL DES BOISSIERES", "price_per_sqm": null, "date_iso": "2023-06-19", "parcelle": "77470000AE0346", "addr_num": "9001"}}, {"type": "Feature", "geometry": {"type": "Point", "coordinates": [2.771764, 48.741891]}, "properties": {"year": 2023, "valeur_fonciere": 340000.0, "type_local": null, "surface_reelle_bati": null, "nombre_pieces_principales": null, "adresse_nom_voie": "LE MARTRAY", "price_per_sqm": null, "date_iso": "2023-06-19", "parcelle": "77470000AE0358", "addr_num": ""}}, {"type": "Feature", "geometry": {"type": "Point", "coordinates": [2.770768, 48.742477]}, "properties": {"year": 2023, "valeur_fonciere": 340000.0, "type_local": null, "surface_reelle_bati": null, "nombre_pieces_principales": null, "adresse_nom_voie": "LE MARTRAY", "price_per_sqm": null, "date_iso": "2023-06-19", "parcelle": "77470000AE0370", "addr_num": ""}}, {"type": "Feature", "geometry": {"type": "Point", "coordinates": [2.770574, 48.742444]}, "properties": {"year": 2023, "valeur_fonciere": 340000.0, "type_local": null, "surface_reelle_bati": null, "nombre_pieces_principales": null, "adresse_nom_voie": "LE MARTRAY", "price_per_sqm": null, "date_iso": "2023-06-19", "parcelle": "77470000AE0371", "addr_num": ""}}, {"type": "Feature", "geometry": {"type": "Point", "coordinates": [2.770045, 48.742356]}, "properties": {"year": 2023, "valeur_fonciere": 340000.0, "type_local": null, "surface_reelle_bati": null, "nombre_pieces_principales": null, "adresse_nom_voie": "LE MARTRAY", "price_per_sqm": null, "date_iso": "2023-06-19", "parcelle": "77470000AE0374", "addr_num": ""}}, {"type": "Feature", "geometry": {"type": "Point", "coordinates": [2.773312, 48.742378]}, "properties": {"year": 2023, "valeur_fonciere": 340000.0, "type_local": null, "surface_reelle_bati": null, "nombre_pieces_principales": null, "adresse_nom_voie": "LE MARTRAY", "price_per_sqm": null, "date_iso": "2023-06-19", "parcelle": "77470000AE0375", "addr_num": ""}}, {"type": "Feature", "geometry": {"type": "Point", "coordinates": [2.751547, 48.740517]}, "properties": {"year": 2023, "valeur_fonciere": 370000.0, "type_local": "Maison", "surface_reelle_bati": 88.0, "nombre_pieces_principales": 5.0, "adresse_nom_voie": "LOT VAL DES DAMES", "price_per_sqm": 4204.545454545455, "date_iso": "2023-06-23", "parcelle": "77470000AK0188", "addr_num": "38"}}, {"type": "Feature", "geometry": {"type": "Point", "coordinates": [2.751581, 48.741075]}, "properties": {"year": 2023, "valeur_fonciere": 370000.0, "type_local": null, "surface_reelle_bati": null, "nombre_pieces_principales": null, "adresse_nom_voie": "LES JUSTICES", "price_per_sqm": null, "date_iso": "2023-06-23", "parcelle": "77470000AK0257", "addr_num": ""}}, {"type": "Feature", "geometry": {"type": "Point", "coordinates": [2.759709, 48.742535]}, "properties": {"year": 2023, "valeur_fonciere": 83500.0, "type_local": "Appartement", "surface_reelle_bati": 18.0, "nombre_pieces_principales": 1.0, "adresse_nom_voie": "BD ISAAC PEREIRE", "price_per_sqm": 4638.888888888889, "date_iso": "2023-06-29", "parcelle": "77470000AC0002", "addr_num": "2"}}, {"type": "Feature", "geometry": {"type": "Point", "coordinates": [2.759709, 48.742535]}, "properties": {"year": 2023, "valeur_fonciere": 87500.0, "type_local": "Appartement", "surface_reelle_bati": 18.0, "nombre_pieces_principales": 1.0, "adresse_nom_voie": "BD ISAAC PEREIRE", "price_per_sqm": 4861.111111111111, "date_iso": "2023-06-30", "parcelle": "77470000AC0002", "addr_num": "2"}}, {"type": "Feature", "geometry": {"type": "Point", "coordinates": [2.771163, 48.744756]}, "properties": {"year": 2023, "valeur_fonciere": 351000.0, "type_local": "Maison", "surface_reelle_bati": 108.0, "nombre_pieces_principales": 5.0, "adresse_nom_voie": "RUE MOZART", "price_per_sqm": 3250.0, "date_iso": "2023-06-28", "parcelle": "77470000ZA0278", "addr_num": "23"}}, {"type": "Feature", "geometry": {"type": "Point", "coordinates": [2.765079, 48.739739]}, "properties": {"year": 2023, "valeur_fonciere": 8000.0, "type_local": null, "surface_reelle_bati": null, "nombre_pieces_principales": null, "adresse_nom_voie": "RUE DU MARCHE", "price_per_sqm": null, "date_iso": "2023-07-11", "parcelle": "77470000AI0419", "addr_num": "2"}}, {"type": "Feature", "geometry": {"type": "Point", "coordinates": [2.756962, 48.741573]}, "properties": {"year": 2023, "valeur_fonciere": 355000.0, "type_local": "Maison", "surface_reelle_bati": 113.0, "nombre_pieces_principales": 6.0, "adresse_nom_voie": "RES DU PETIT PARC", "price_per_sqm": 3141.592920353982, "date_iso": "2023-07-07", "parcelle": "77470000AB0025", "addr_num": "7"}}, {"type": "Feature", "geometry": {"type": "Point", "coordinates": [2.769872, 48.739821]}, "properties": {"year": 2023, "valeur_fonciere": 140000.0, "type_local": null, "surface_reelle_bati": null, "nombre_pieces_principales": null, "adresse_nom_voie": "RUE DU MAL FOCH", "price_per_sqm": null, "date_iso": "2023-06-29", "parcelle": "77470000AH0050", "addr_num": ""}}, {"type": "Feature", "geometry": {"type": "Point", "coordinates": [2.769903, 48.739766]}, "properties": {"year": 2023, "valeur_fonciere": 140000.0, "type_local": "Appartement", "surface_reelle_bati": 22.0, "nombre_pieces_principales": 1.0, "adresse_nom_voie": "RUE DU MAL FOCH", "price_per_sqm": 6363.636363636364, "date_iso": "2023-06-29", "parcelle": "77470000AH0417", "addr_num": "27"}}, {"type": "Feature", "geometry": {"type": "Point", "coordinates": [2.769825, 48.73989]}, "properties": {"year": 2023, "valeur_fonciere": 140000.0, "type_local": null, "surface_reelle_bati": null, "nombre_pieces_principales": null, "adresse_nom_voie": "RUE DU MAL FOCH", "price_per_sqm": null, "date_iso": "2023-06-29", "parcelle": "77470000AH0418", "addr_num": ""}}, {"type": "Feature", "geometry": {"type": "Point", "coordinates": [2.774769, 48.740485]}, "properties": {"year": 2023, "valeur_fonciere": 215000.0, "type_local": "Maison", "surface_reelle_bati": 74.0, "nombre_pieces_principales": 4.0, "adresse_nom_voie": "CLOS DES PEUPLIERS", "price_per_sqm": 2905.4054054054054, "date_iso": "2023-07-11", "parcelle": "77470000AE0809", "addr_num": "1"}}, {"type": "Feature", "geometry": {"type": "Point", "coordinates": [2.764251, 48.740663]}, "properties": {"year": 2023, "valeur_fonciere": 95000.0, "type_local": "Maison", "surface_reelle_bati": 20.0, "nombre_pieces_principales": 2.0, "adresse_nom_voie": "PL EDMOND DE ROTHSCHILD", "price_per_sqm": 4750.0, "date_iso": "2023-07-17", "parcelle": "77470000AI0043", "addr_num": "6"}}, {"type": "Feature", "geometry": {"type": "Point", "coordinates": [2.759511, 48.738353]}, "properties": {"year": 2023, "valeur_fonciere": 420000.0, "type_local": "Maison", "surface_reelle_bati": 110.0, "nombre_pieces_principales": 4.0, "adresse_nom_voie": "RUE DE PARIS", "price_per_sqm": 3818.181818181818, "date_iso": "2023-07-19", "parcelle": "774700000C0190", "addr_num": "69"}}, {"type": "Feature", "geometry": {"type": "Point", "coordinates": [2.774376, 48.745109]}, "properties": {"year": 2023, "valeur_fonciere": 365000.0, "type_local": "Maison", "surface_reelle_bati": 75.0, "nombre_pieces_principales": 5.0, "adresse_nom_voie": "ALL DE MONTECOUVE", "price_per_sqm": 4866.666666666667, "date_iso": "2023-07-20", "parcelle": "77470000ZA0124", "addr_num": "3"}}, {"type": "Feature", "geometry": {"type": "Point", "coordinates": [2.760292, 48.738406]}, "properties": {"year": 2023, "valeur_fonciere": 276000.0, "type_local": "Dépendance", "surface_reelle_bati": null, "nombre_pieces_principales": 0.0, "adresse_nom_voie": "RUE DE PARIS", "price_per_sqm": null, "date_iso": "2023-06-30", "parcelle": "77470000AK0269", "addr_num": "70"}}, {"type": "Feature", "geometry": {"type": "Point", "coordinates": [2.760292, 48.738406]}, "properties": {"year": 2023, "valeur_fonciere": 276000.0, "type_local": "Maison", "surface_reelle_bati": 90.0, "nombre_pieces_principales": 3.0, "adresse_nom_voie": "RUE DE PARIS", "price_per_sqm": 3066.6666666666665, "date_iso": "2023-06-30", "parcelle": "77470000AK0269", "addr_num": "70"}}, {"type": "Feature", "geometry": {"type": "Point", "coordinates": [2.760297, 48.738474]}, "properties": {"year": 2023, "valeur_fonciere": 276000.0, "type_local": null, "surface_reelle_bati": null, "nombre_pieces_principales": null, "adresse_nom_voie": "RUE DE PARIS", "price_per_sqm": null, "date_iso": "2023-06-30", "parcelle": "77470000AK0270", "addr_num": ""}}, {"type": "Feature", "geometry": {"type": "Point", "coordinates": [2.762053, 48.743043]}, "properties": {"year": 2023, "valeur_fonciere": 187400.0, "type_local": "Dépendance", "surface_reelle_bati": null, "nombre_pieces_principales": 0.0, "adresse_nom_voie": "RUE DU PDT POINCARE", "price_per_sqm": null, "date_iso": "2023-07-04", "parcelle": "77470000AD0005", "addr_num": "33"}}, {"type": "Feature", "geometry": {"type": "Point", "coordinates": [2.762053, 48.743043]}, "properties": {"year": 2023, "valeur_fonciere": 187400.0, "type_local": "Dépendance", "surface_reelle_bati": null, "nombre_pieces_principales": 0.0, "adresse_nom_voie": "RUE DU PDT POINCARE", "price_per_sqm": null, "date_iso": "2023-07-04", "parcelle": "77470000AD0005", "addr_num": "33"}}, {"type": "Feature", "geometry": {"type": "Point", "coordinates": [2.752271, 48.742757]}, "properties": {"year": 2023, "valeur_fonciere": 440000.0, "type_local": "Maison", "surface_reelle_bati": 127.0, "nombre_pieces_principales": 7.0, "adresse_nom_voie": "AV DU GEN DE GAULLE", "price_per_sqm": 3464.566929133858, "date_iso": "2023-07-28", "parcelle": "77470000AB0184", "addr_num": "10"}}, {"type": "Feature", "geometry": {"type": "Point", "coordinates": [2.752271, 48.742757]}, "properties": {"year": 2023, "valeur_fonciere": 440000.0, "type_local": "Maison", "surface_reelle_bati": 127.0, "nombre_pieces_principales": 7.0, "adresse_nom_voie": "AV DU GEN DE GAULLE", "price_per_sqm": 3464.566929133858, "date_iso": "2023-07-28", "parcelle": "77470000AB0184", "addr_num": "10"}}, {"type": "Feature", "geometry": {"type": "Point", "coordinates": [2.763685, 48.744879]}, "properties": {"year": 2023, "valeur_fonciere": 409000.0, "type_local": null, "surface_reelle_bati": null, "nombre_pieces_principales": null, "adresse_nom_voie": "RUE DES CARREAUX", "price_per_sqm": null, "date_iso": "2023-08-23", "parcelle": "77470000AD0306", "addr_num": ""}}, {"type": "Feature", "geometry": {"type": "Point", "coordinates": [2.763859, 48.744847]}, "properties": {"year": 2023, "valeur_fonciere": 409000.0, "type_local": "Maison", "surface_reelle_bati": 108.0, "nombre_pieces_principales": 4.0, "adresse_nom_voie": "RUE DES CARREAUX", "price_per_sqm": 3787.037037037037, "date_iso": "2023-08-23", "parcelle": "77470000AD0307", "addr_num": "50"}}, {"type": "Feature", "geometry": {"type": "Point", "coordinates": [2.763859, 48.744847]}, "properties": {"year": 2023, "valeur_fonciere": 409000.0, "type_local": "Maison", "surface_reelle_bati": 108.0, "nombre_pieces_principales": 4.0, "adresse_nom_voie": "RUE DES CARREAUX", "price_per_sqm": 3787.037037037037, "date_iso": "2023-08-23", "parcelle": "77470000AD0307", "addr_num": "50"}}, {"type": "Feature", "geometry": {"type": "Point", "coordinates": [2.762281, 48.744633]}, "properties": {"year": 2023, "valeur_fonciere": 240000.0, "type_local": "Dépendance", "surface_reelle_bati": null, "nombre_pieces_principales": 0.0, "adresse_nom_voie": "RUE GIUSEPPE VERDI", "price_per_sqm": null, "date_iso": "2023-08-23", "parcelle": "77470000AD0304", "addr_num": "1"}}, {"type": "Feature", "geometry": {"type": "Point", "coordinates": [2.762281, 48.744633]}, "properties": {"year": 2023, "valeur_fonciere": 240000.0, "type_local": "Dépendance", "surface_reelle_bati": null, "nombre_pieces_principales": 0.0, "adresse_nom_voie": "RUE GIUSEPPE VERDI", "price_per_sqm": null, "date_iso": "2023-08-23", "parcelle": "77470000AD0304", "addr_num": "1"}}, {"type": "Feature", "geometry": {"type": "Point", "coordinates": [2.762281, 48.744633]}, "properties": {"year": 2023, "valeur_fonciere": 240000.0, "type_local": "Appartement", "surface_reelle_bati": 72.0, "nombre_pieces_principales": 3.0, "adresse_nom_voie": "RUE GIUSEPPE VERDI", "price_per_sqm": 3333.3333333333335, "date_iso": "2023-08-23", "parcelle": "77470000AD0304", "addr_num": "1"}}, {"type": "Feature", "geometry": {"type": "Point", "coordinates": [2.772364, 48.743932]}, "properties": {"year": 2023, "valeur_fonciere": 355000.0, "type_local": "Maison", "surface_reelle_bati": 90.0, "nombre_pieces_principales": 5.0, "adresse_nom_voie": "RUE MOZART", "price_per_sqm": 3944.4444444444443, "date_iso": "2023-08-04", "parcelle": "77470000ZA0236", "addr_num": "4"}}, {"type": "Feature", "geometry": {"type": "Point", "coordinates": [2.771042, 48.7431]}, "properties": {"year": 2023, "valeur_fonciere": 279000.0, "type_local": null, "surface_reelle_bati": null, "nombre_pieces_principales": null, "adresse_nom_voie": "LE MARTRAY", "price_per_sqm": null, "date_iso": "2023-08-10", "parcelle": "77470000AE0157", "addr_num": ""}}, {"type": "Feature", "geometry": {"type": "Point", "coordinates": [2.771185, 48.742895]}, "properties": {"year": 2023, "valeur_fonciere": 279000.0, "type_local": null, "surface_reelle_bati": null, "nombre_pieces_principales": null, "adresse_nom_voie": "LE MARTRAY", "price_per_sqm": null, "date_iso": "2023-08-10", "parcelle": "77470000AE0162", "addr_num": ""}}, {"type": "Feature", "geometry": {"type": "Point", "coordinates": [2.775165, 48.741451]}, "properties": {"year": 2023, "valeur_fonciere": 279000.0, "type_local": null, "surface_reelle_bati": null, "nombre_pieces_principales": null, "adresse_nom_voie": "RUE DE VILLE", "price_per_sqm": null, "date_iso": "2023-08-10", "parcelle": "77470000AE0299", "addr_num": ""}}, {"type": "Feature", "geometry": {"type": "Point", "coordinates": [2.773374, 48.74166]}, "properties": {"year": 2023, "valeur_fonciere": 279000.0, "type_local": null, "surface_reelle_bati": null, "nombre_pieces_principales": null, "adresse_nom_voie": "LE VAL DES BOISSIERES", "price_per_sqm": null, "date_iso": "2023-08-10", "parcelle": "77470000AE0330", "addr_num": ""}}, {"type": "Feature", "geometry": {"type": "Point", "coordinates": [2.773095, 48.741943]}, "properties": {"year": 2023, "valeur_fonciere": 279000.0, "type_local": null, "surface_reelle_bati": null, "nombre_pieces_principales": null, "adresse_nom_voie": "LE VAL DES BOISSIERES", "price_per_sqm": null, "date_iso": "2023-08-10", "parcelle": "77470000AE0337", "addr_num": ""}}, {"type": "Feature", "geometry": {"type": "Point", "coordinates": [2.772712, 48.742435]}, "properties": {"year": 2023, "valeur_fonciere": 279000.0, "type_local": "Local industriel. commercial ou assimilé", "surface_reelle_bati": null, "nombre_pieces_principales": 0.0, "adresse_nom_voie": "LE VAL DES BOISSIERES", "price_per_sqm": null, "date_iso": "2023-08-10", "parcelle": "77470000AE0346", "addr_num": "9001"}}, {"type": "Feature", "geometry": {"type": "Point", "coordinates": [2.771764, 48.741891]}, "properties": {"year": 2023, "valeur_fonciere": 279000.0, "type_local": null, "surface_reelle_bati": null, "nombre_pieces_principales": null, "adresse_nom_voie": "LE MARTRAY", "price_per_sqm": null, "date_iso": "2023-08-10", "parcelle": "77470000AE0358", "addr_num": ""}}, {"type": "Feature", "geometry": {"type": "Point", "coordinates": [2.771352, 48.742131]}, "properties": {"year": 2023, "valeur_fonciere": 279000.0, "type_local": null, "surface_reelle_bati": null, "nombre_pieces_principales": null, "adresse_nom_voie": "LE MARTRAY", "price_per_sqm": null, "date_iso": "2023-08-10", "parcelle": "77470000AE0364", "addr_num": ""}}, {"type": "Feature", "geometry": {"type": "Point", "coordinates": [2.771306, 48.742228]}, "properties": {"year": 2023, "valeur_fonciere": 279000.0, "type_local": "Maison", "surface_reelle_bati": 98.0, "nombre_pieces_principales": 5.0, "adresse_nom_voie": "ALL DES MESANGES", "price_per_sqm": 2846.938775510204, "date_iso": "2023-08-10", "parcelle": "77470000AE0366", "addr_num": "4"}}, {"type": "Feature", "geometry": {"type": "Point", "coordinates": [2.770768, 48.742477]}, "properties": {"year": 2023, "valeur_fonciere": 279000.0, "type_local": null, "surface_reelle_bati": null, "nombre_pieces_principales": null, "adresse_nom_voie": "LE MARTRAY", "price_per_sqm": null, "date_iso": "2023-08-10", "parcelle": "77470000AE0370", "addr_num": ""}}, {"type": "Feature", "geometry": {"type": "Point", "coordinates": [2.770574, 48.742444]}, "properties": {"year": 2023, "valeur_fonciere": 279000.0, "type_local": null, "surface_reelle_bati": null, "nombre_pieces_principales": null, "adresse_nom_voie": "LE MARTRAY", "price_per_sqm": null, "date_iso": "2023-08-10", "parcelle": "77470000AE0371", "addr_num": ""}}, {"type": "Feature", "geometry": {"type": "Point", "coordinates": [2.770045, 48.742356]}, "properties": {"year": 2023, "valeur_fonciere": 279000.0, "type_local": null, "surface_reelle_bati": null, "nombre_pieces_principales": null, "adresse_nom_voie": "LE MARTRAY", "price_per_sqm": null, "date_iso": "2023-08-10", "parcelle": "77470000AE0374", "addr_num": ""}}, {"type": "Feature", "geometry": {"type": "Point", "coordinates": [2.773312, 48.742378]}, "properties": {"year": 2023, "valeur_fonciere": 279000.0, "type_local": null, "surface_reelle_bati": null, "nombre_pieces_principales": null, "adresse_nom_voie": "LE MARTRAY", "price_per_sqm": null, "date_iso": "2023-08-10", "parcelle": "77470000AE0375", "addr_num": ""}}, {"type": "Feature", "geometry": {"type": "Point", "coordinates": [2.763586, 48.739752]}, "properties": {"year": 2023, "valeur_fonciere": 200.0, "type_local": "Maison", "surface_reelle_bati": 90.0, "nombre_pieces_principales": 4.0, "adresse_nom_voie": "RUE DES FOSSES", "price_per_sqm": 2.2222222222222223, "date_iso": "2023-08-21", "parcelle": "77470000AI0140", "addr_num": "1"}}, {"type": "Feature", "geometry": {"type": "Point", "coordinates": [2.763586, 48.739752]}, "properties": {"year": 2023, "valeur_fonciere": 350000.0, "type_local": null, "surface_reelle_bati": null, "nombre_pieces_principales": null, "adresse_nom_voie": "RUE DES FOSSES", "price_per_sqm": null, "date_iso": "2023-08-28", "parcelle": "77470000AI0140", "addr_num": "1"}}, {"type": "Feature", "geometry": {"type": "Point", "coordinates": [2.763586, 48.739752]}, "properties": {"year": 2023, "valeur_fonciere": 350000.0, "type_local": "Local industriel. commercial ou assimilé", "surface_reelle_bati": 52.0, "nombre_pieces_principales": 0.0, "adresse_nom_voie": "RUE DE PARIS", "price_per_sqm": 6730.7692307692305, "date_iso": "2023-08-28", "parcelle": "77470000AI0140", "addr_num": "32"}}, {"type": "Feature", "geometry": {"type": "Point", "coordinates": [2.763586, 48.739752]}, "properties": {"year": 2023, "valeur_fonciere": 350000.0, "type_local": "Appartement", "surface_reelle_bati": 89.0, "nombre_pieces_principales": 4.0, "adresse_nom_voie": "RUE DE PARIS", "price_per_sqm": 3932.5842696629215, "date_iso": "2023-08-28", "parcelle": "77470000AI0140", "addr_num": "34"}}, {"type": "Feature", "geometry": {"type": "Point", "coordinates": [2.765772, 48.740627]}, "properties": {"year": 2023, "valeur_fonciere": 109100.0, "type_local": "Appartement", "surface_reelle_bati": 30.0, "nombre_pieces_principales": 1.0, "adresse_nom_voie": "RUE MARCEL MICHEAU", "price_per_sqm": 3636.6666666666665, "date_iso": "2023-08-18", "parcelle": "77470000AI0064", "addr_num": "6"}}, {"type": "Feature", "geometry": {"type": "Point", "coordinates": [2.761596, 48.744431]}, "properties": {"year": 2023, "valeur_fonciere": 250000.0, "type_local": "Maison", "surface_reelle_bati": 89.0, "nombre_pieces_principales": 4.0, "adresse_nom_voie": "RUE GIUSEPPE VERDI", "price_per_sqm": 2808.9887640449438, "date_iso": "2023-09-07", "parcelle": "77470000AD0296", "addr_num": "14"}}, {"type": "Feature", "geometry": {"type": "Point", "coordinates": [2.756707, 48.737128]}, "properties": {"year": 2023, "valeur_fonciere": 240500.0, "type_local": "Maison", "surface_reelle_bati": 67.0, "nombre_pieces_principales": 4.0, "adresse_nom_voie": "RUE DU PARC", "price_per_sqm": 3589.5522388059703, "date_iso": "2023-08-30", "parcelle": "77470000AK0138", "addr_num": "7"}}, {"type": "Feature", "geometry": {"type": "Point", "coordinates": [2.756531, 48.736938]}, "properties": {"year": 2023, "valeur_fonciere": 240500.0, "type_local": null, "surface_reelle_bati": null, "nombre_pieces_principales": null, "adresse_nom_voie": "RUE DU PARC", "price_per_sqm": null, "date_iso": "2023-08-30", "parcelle": "77470000AK0139", "addr_num": ""}}, {"type": "Feature", "geometry": {"type": "Point", "coordinates": [2.775509, 48.745133]}, "properties": {"year": 2023, "valeur_fonciere": 310000.0, "type_local": "Maison", "surface_reelle_bati": 82.0, "nombre_pieces_principales": 4.0, "adresse_nom_voie": "RUE RENE LEBLOND", "price_per_sqm": 3780.487804878049, "date_iso": "2023-08-29", "parcelle": "77470000ZA0142", "addr_num": "40"}}, {"type": "Feature", "geometry": {"type": "Point", "coordinates": [2.760981, 48.740848]}, "properties": {"year": 2023, "valeur_fonciere": 337000.0, "type_local": "Maison", "surface_reelle_bati": 70.0, "nombre_pieces_principales": 4.0, "adresse_nom_voie": "RUE NOUVELLE", "price_per_sqm": 4814.285714285715, "date_iso": "2023-08-29", "parcelle": "77470000AC0173", "addr_num": "8"}}, {"type": "Feature", "geometry": {"type": "Point", "coordinates": [2.7591, 48.745439]}, "properties": {"year": 2023, "valeur_fonciere": 474000.0, "type_local": "Maison", "surface_reelle_bati": 125.0, "nombre_pieces_principales": 6.0, "adresse_nom_voie": "RUE CHARLES GOUNOD", "price_per_sqm": 3792.0, "date_iso": "2023-09-20", "parcelle": "77470000ZA0502", "addr_num": "2"}}, {"type": "Feature", "geometry": {"type": "Point", "coordinates": [2.759067, 48.745259]}, "properties": {"year": 2023, "valeur_fonciere": 474000.0, "type_local": null, "surface_reelle_bati": null, "nombre_pieces_principales": null, "adresse_nom_voie": "LE GROS NOYER", "price_per_sqm": null, "date_iso": "2023-09-20", "parcelle": "77470000ZA0515", "addr_num": ""}}, {"type": "Feature", "geometry": {"type": "Point", "coordinates": [2.784886, 48.741862]}, "properties": {"year": 2023, "valeur_fonciere": 14000.0, "type_local": null, "surface_reelle_bati": null, "nombre_pieces_principales": null, "adresse_nom_voie": "RUE DE LA FOSSE EFFONDREE", "price_per_sqm": null, "date_iso": "2023-10-02", "parcelle": "77470000AL0178", "addr_num": ""}}, {"type": "Feature", "geometry": {"type": "Point", "coordinates": [2.778298, 48.741361]}, "properties": {"year": 2023, "valeur_fonciere": 320000.0, "type_local": "Maison", "surface_reelle_bati": 104.0, "nombre_pieces_principales": 5.0, "adresse_nom_voie": "RUE ALBERT LEBRUN", "price_per_sqm": 3076.923076923077, "date_iso": "2023-10-03", "parcelle": "77470000AE0462", "addr_num": "31"}}, {"type": "Feature", "geometry": {"type": "Point", "coordinates": [2.766621, 48.739246]}, "properties": {"year": 2023, "valeur_fonciere": 230000.0, "type_local": "Appartement", "surface_reelle_bati": 65.0, "nombre_pieces_principales": 3.0, "adresse_nom_voie": "RUE DE PROVINS", "price_per_sqm": 3538.4615384615386, "date_iso": "2023-09-28", "parcelle": "77470000AH0482", "addr_num": "38"}}, {"type": "Feature", "geometry": {"type": "Point", "coordinates": [2.766621, 48.739246]}, "properties": {"year": 2023, "valeur_fonciere": 230000.0, "type_local": "Dépendance", "surface_reelle_bati": null, "nombre_pieces_principales": 0.0, "adresse_nom_voie": "RUE DE PROVINS", "price_per_sqm": null, "date_iso": "2023-09-28", "parcelle": "77470000AH0482", "addr_num": "38"}}, {"type": "Feature", "geometry": {"type": "Point", "coordinates": [2.774224, 48.738282]}, "properties": {"year": 2023, "valeur_fonciere": 185000.0, "type_local": "Appartement", "surface_reelle_bati": 59.0, "nombre_pieces_principales": 3.0, "adresse_nom_voie": "RUE DE LA LIBERATION", "price_per_sqm": 3135.593220338983, "date_iso": "2023-10-10", "parcelle": "77470000ZE0043", "addr_num": "9"}}, {"type": "Feature", "geometry": {"type": "Point", "coordinates": [2.774224, 48.738282]}, "properties": {"year": 2023, "valeur_fonciere": 185000.0, "type_local": "Dépendance", "surface_reelle_bati": null, "nombre_pieces_principales": 0.0, "adresse_nom_voie": "RUE DE LA LIBERATION", "price_per_sqm": null, "date_iso": "2023-10-10", "parcelle": "77470000ZE0043", "addr_num": "9"}}, {"type": "Feature", "geometry": {"type": "Point", "coordinates": [2.774224, 48.738282]}, "properties": {"year": 2023, "valeur_fonciere": 185000.0, "type_local": "Dépendance", "surface_reelle_bati": null, "nombre_pieces_principales": 0.0, "adresse_nom_voie": "RUE DE LA LIBERATION", "price_per_sqm": null, "date_iso": "2023-10-10", "parcelle": "77470000ZE0043", "addr_num": "9"}}, {"type": "Feature", "geometry": {"type": "Point", "coordinates": [2.757881, 48.740367]}, "properties": {"year": 2023, "valeur_fonciere": 310000.0, "type_local": "Dépendance", "surface_reelle_bati": null, "nombre_pieces_principales": 0.0, "adresse_nom_voie": "RUE GEORGES CLEMENCEAU", "price_per_sqm": null, "date_iso": "2023-10-18", "parcelle": "77470000AC0155", "addr_num": "28"}}, {"type": "Feature", "geometry": {"type": "Point", "coordinates": [2.757881, 48.740367]}, "properties": {"year": 2023, "valeur_fonciere": 310000.0, "type_local": "Maison", "surface_reelle_bati": 112.0, "nombre_pieces_principales": 5.0, "adresse_nom_voie": "RUE GEORGES CLEMENCEAU", "price_per_sqm": 2767.8571428571427, "date_iso": "2023-10-18", "parcelle": "77470000AC0155", "addr_num": "28"}}, {"type": "Feature", "geometry": {"type": "Point", "coordinates": [2.757881, 48.740367]}, "properties": {"year": 2023, "valeur_fonciere": 310000.0, "type_local": "Dépendance", "surface_reelle_bati": null, "nombre_pieces_principales": 0.0, "adresse_nom_voie": "RUE GEORGES CLEMENCEAU", "price_per_sqm": null, "date_iso": "2023-10-18", "parcelle": "77470000AC0155", "addr_num": "28"}}, {"type": "Feature", "geometry": {"type": "Point", "coordinates": [2.757881, 48.740367]}, "properties": {"year": 2023, "valeur_fonciere": 310000.0, "type_local": "Dépendance", "surface_reelle_bati": null, "nombre_pieces_principales": 0.0, "adresse_nom_voie": "RUE GEORGES CLEMENCEAU", "price_per_sqm": null, "date_iso": "2023-10-18", "parcelle": "77470000AC0155", "addr_num": "28"}}, {"type": "Feature", "geometry": {"type": "Point", "coordinates": [2.757881, 48.740367]}, "properties": {"year": 2023, "valeur_fonciere": 310000.0, "type_local": "Maison", "surface_reelle_bati": 112.0, "nombre_pieces_principales": 5.0, "adresse_nom_voie": "RUE GEORGES CLEMENCEAU", "price_per_sqm": 2767.8571428571427, "date_iso": "2023-10-18", "parcelle": "77470000AC0155", "addr_num": "28"}}, {"type": "Feature", "geometry": {"type": "Point", "coordinates": [2.757881, 48.740367]}, "properties": {"year": 2023, "valeur_fonciere": 310000.0, "type_local": "Dépendance", "surface_reelle_bati": null, "nombre_pieces_principales": 0.0, "adresse_nom_voie": "RUE GEORGES CLEMENCEAU", "price_per_sqm": null, "date_iso": "2023-10-18", "parcelle": "77470000AC0155", "addr_num": "28"}}, {"type": "Feature", "geometry": {"type": "Point", "coordinates": [2.755327, 48.74478]}, "properties": {"year": 2023, "valeur_fonciere": 465000.0, "type_local": "Maison", "surface_reelle_bati": 110.0, "nombre_pieces_principales": 5.0, "adresse_nom_voie": "RUE CLAUDE DEBUSSY", "price_per_sqm": 4227.272727272727, "date_iso": "2023-10-11", "parcelle": "77470000ZA0571", "addr_num": "15"}}, {"type": "Feature", "geometry": {"type": "Point", "coordinates": [2.755327, 48.74478]}, "properties": {"year": 2023, "valeur_fonciere": 465000.0, "type_local": "Maison", "surface_reelle_bati": 110.0, "nombre_pieces_principales": 5.0, "adresse_nom_voie": "RUE CLAUDE DEBUSSY", "price_per_sqm": 4227.272727272727, "date_iso": "2023-10-11", "parcelle": "77470000ZA0571", "addr_num": "15"}}, {"type": "Feature", "geometry": {"type": "Point", "coordinates": [2.785102, 48.740068]}, "properties": {"year": 2023, "valeur_fonciere": 4041446.8, "type_local": null, "surface_reelle_bati": null, "nombre_pieces_principales": null, "adresse_nom_voie": "LE CLOSEAU", "price_per_sqm": null, "date_iso": "2023-10-27", "parcelle": "77470000ZE0244", "addr_num": ""}}, {"type": "Feature", "geometry": {"type": "Point", "coordinates": [2.784625, 48.739909]}, "properties": {"year": 2023, "valeur_fonciere": 4041446.8, "type_local": "Local industriel. commercial ou assimilé", "surface_reelle_bati": 19518.0, "nombre_pieces_principales": 0.0, "adresse_nom_voie": "RUE AUGUSTE PERDONNET", "price_per_sqm": 207.06254739215083, "date_iso": "2023-10-27", "parcelle": "77470000ZE0246", "addr_num": "4"}}, {"type": "Feature", "geometry": {"type": "Point", "coordinates": [2.785304, 48.740088]}, "properties": {"year": 2023, "valeur_fonciere": 4041446.8, "type_local": null, "surface_reelle_bati": null, "nombre_pieces_principales": null, "adresse_nom_voie": "CHEMIN DE LA TERRE ROUGE", "price_per_sqm": null, "date_iso": "2023-10-27", "parcelle": "77470000ZE0252", "addr_num": ""}}, {"type": "Feature", "geometry": {"type": "Point", "coordinates": [2.78403, 48.739747]}, "properties": {"year": 2023, "valeur_fonciere": 4041446.8, "type_local": null, "surface_reelle_bati": null, "nombre_pieces_principales": null, "adresse_nom_voie": "LE CLOSEAU", "price_per_sqm": null, "date_iso": "2023-10-27", "parcelle": "77470000ZE0264", "addr_num": ""}}, {"type": "Feature", "geometry": {"type": "Point", "coordinates": [2.783635, 48.740087]}, "properties": {"year": 2023, "valeur_fonciere": 4041446.8, "type_local": null, "surface_reelle_bati": null, "nombre_pieces_principales": null, "adresse_nom_voie": "LE CLOSEAU", "price_per_sqm": null, "date_iso": "2023-10-27", "parcelle": "77470000ZE0265", "addr_num": ""}}, {"type": "Feature", "geometry": {"type": "Point", "coordinates": [2.783564, 48.739265]}, "properties": {"year": 2023, "valeur_fonciere": 4041446.8, "type_local": null, "surface_reelle_bati": null, "nombre_pieces_principales": null, "adresse_nom_voie": "LE CLOSEAU", "price_per_sqm": null, "date_iso": "2023-10-27", "parcelle": "77470000ZE0266", "addr_num": ""}}, {"type": "Feature", "geometry": {"type": "Point", "coordinates": [2.784178, 48.739013]}, "properties": {"year": 2023, "valeur_fonciere": 4041446.8, "type_local": null, "surface_reelle_bati": null, "nombre_pieces_principales": null, "adresse_nom_voie": "LE CLOSEAU", "price_per_sqm": null, "date_iso": "2023-10-27", "parcelle": "77470000ZE0294", "addr_num": ""}}, {"type": "Feature", "geometry": {"type": "Point", "coordinates": [2.78529, 48.73897]}, "properties": {"year": 2023, "valeur_fonciere": 4041446.8, "type_local": null, "surface_reelle_bati": null, "nombre_pieces_principales": null, "adresse_nom_voie": "CHEMIN DE LA TERRE ROUGE", "price_per_sqm": null, "date_iso": "2023-10-27", "parcelle": "77470000ZE0296", "addr_num": ""}}, {"type": "Feature", "geometry": {"type": "Point", "coordinates": [2.785465, 48.740252]}, "properties": {"year": 2023, "valeur_fonciere": 4041446.8, "type_local": null, "surface_reelle_bati": null, "nombre_pieces_principales": null, "adresse_nom_voie": "LA TERRE ROUGE", "price_per_sqm": null, "date_iso": "2023-10-27", "parcelle": "77470000ZL0001", "addr_num": ""}}, {"type": "Feature", "geometry": {"type": "Point", "coordinates": [2.785729, 48.740194]}, "properties": {"year": 2023, "valeur_fonciere": 4041446.8, "type_local": null, "surface_reelle_bati": null, "nombre_pieces_principales": null, "adresse_nom_voie": "LA TERRE ROUGE", "price_per_sqm": null, "date_iso": "2023-10-27", "parcelle": "77470000ZL0033", "addr_num": ""}}, {"type": "Feature", "geometry": {"type": "Point", "coordinates": [2.785696, 48.739289]}, "properties": {"year": 2023, "valeur_fonciere": 4041446.8, "type_local": null, "surface_reelle_bati": null, "nombre_pieces_principales": null, "adresse_nom_voie": "LA TERRE ROUGE", "price_per_sqm": null, "date_iso": "2023-10-27", "parcelle": "77470000ZL0035", "addr_num": ""}}, {"type": "Feature", "geometry": {"type": "Point", "coordinates": [2.785694, 48.738952]}, "properties": {"year": 2023, "valeur_fonciere": 4041446.8, "type_local": null, "surface_reelle_bati": null, "nombre_pieces_principales": null, "adresse_nom_voie": "LA TERRE ROUGE", "price_per_sqm": null, "date_iso": "2023-10-27", "parcelle": "77470000ZL0041", "addr_num": ""}}, {"type": "Feature", "geometry": {"type": "Point", "coordinates": [2.785969, 48.738964]}, "properties": {"year": 2023, "valeur_fonciere": 4041446.8, "type_local": null, "surface_reelle_bati": null, "nombre_pieces_principales": null, "adresse_nom_voie": "LA TERRE ROUGE", "price_per_sqm": null, "date_iso": "2023-10-27", "parcelle": "77470000ZL0042", "addr_num": ""}}, {"type": "Feature", "geometry": {"type": "Point", "coordinates": [2.768926, 48.741781]}, "properties": {"year": 2023, "valeur_fonciere": 380120.0, "type_local": "Maison", "surface_reelle_bati": 145.0, "nombre_pieces_principales": 8.0, "adresse_nom_voie": "RUE DE L ABREUVOIR", "price_per_sqm": 2621.5172413793102, "date_iso": "2023-10-19", "parcelle": "77470000AE0391", "addr_num": "24"}}, {"type": "Feature", "geometry": {"type": "Point", "coordinates": [2.759413, 48.74644]}, "properties": {"year": 2023, "valeur_fonciere": 180000.0, "type_local": "Dépendance", "surface_reelle_bati": null, "nombre_pieces_principales": 0.0, "adresse_nom_voie": "AV DU GEN DE GAULLE", "price_per_sqm": null, "date_iso": "2023-11-17", "parcelle": "77470000ZA0376", "addr_num": "66"}}, {"type": "Feature", "geometry": {"type": "Point", "coordinates": [2.759413, 48.74644]}, "properties": {"year": 2023, "valeur_fonciere": 180000.0, "type_local": "Appartement", "surface_reelle_bati": 65.0, "nombre_pieces_principales": 3.0, "adresse_nom_voie": "AV DU GEN DE GAULLE", "price_per_sqm": 2769.230769230769, "date_iso": "2023-11-17", "parcelle": "77470000ZA0376", "addr_num": "66"}}, {"type": "Feature", "geometry": {"type": "Point", "coordinates": [2.754404, 48.738195]}, "properties": {"year": 2023, "valeur_fonciere": 9282923.0, "type_local": "Dépendance", "surface_reelle_bati": null, "nombre_pieces_principales": 0.0, "adresse_nom_voie": "RUE DE PARIS", "price_per_sqm": null, "date_iso": "2023-11-13", "parcelle": "77470000AK0432", "addr_num": "97"}}, {"type": "Feature", "geometry": {"type": "Point", "coordinates": [2.754404, 48.738195]}, "properties": {"year": 2023, "valeur_fonciere": 9282923.0, "type_local": "Dépendance", "surface_reelle_bati": null, "nombre_pieces_principales": 0.0, "adresse_nom_voie": "RUE DE PARIS", "price_per_sqm": null, "date_iso": "2023-11-13", "parcelle": "77470000AK0432", "addr_num": "97"}}, {"type": "Feature", "geometry": {"type": "Point", "coordinates": [2.754404, 48.738195]}, "properties": {"year": 2023, "valeur_fonciere": 9282923.0, "type_local": "Dépendance", "surface_reelle_bati": null, "nombre_pieces_principales": 0.0, "adresse_nom_voie": "RUE DE PARIS", "price_per_sqm": null, "date_iso": "2023-11-13", "parcelle": "77470000AK0432", "addr_num": "97"}}, {"type": "Feature", "geometry": {"type": "Point", "coordinates": [2.754404, 48.738195]}, "properties": {"year": 2023, "valeur_fonciere": 9282923.0, "type_local": "Dépendance", "surface_reelle_bati": null, "nombre_pieces_principales": 0.0, "adresse_nom_voie": "RUE DE PARIS", "price_per_sqm": null, "date_iso": "2023-11-13", "parcelle": "77470000AK0432", "addr_num": "97"}}, {"type": "Feature", "geometry": {"type": "Point", "coordinates": [2.754404, 48.738195]}, "properties": {"year": 2023, "valeur_fonciere": 9282923.0, "type_local": "Dépendance", "surface_reelle_bati": null, "nombre_pieces_principales": 0.0, "adresse_nom_voie": "RUE DE PARIS", "price_per_sqm": null, "date_iso": "2023-11-13", "parcelle": "77470000AK0432", "addr_num": "97"}}, {"type": "Feature", "geometry": {"type": "Point", "coordinates": [2.754404, 48.738195]}, "properties": {"year": 2023, "valeur_fonciere": 9282923.0, "type_local": "Dépendance", "surface_reelle_bati": null, "nombre_pieces_principales": 0.0, "adresse_nom_voie": "RUE DE PARIS", "price_per_sqm": null, "date_iso": "2023-11-13", "parcelle": "77470000AK0432", "addr_num": "97"}}, {"type": "Feature", "geometry": {"type": "Point", "coordinates": [2.754404, 48.738195]}, "properties": {"year": 2023, "valeur_fonciere": 9282923.0, "type_local": "Dépendance", "surface_reelle_bati": null, "nombre_pieces_principales": 0.0, "adresse_nom_voie": "RUE DE PARIS", "price_per_sqm": null, "date_iso": "2023-11-13", "parcelle": "77470000AK0432", "addr_num": "97"}}, {"type": "Feature", "geometry": {"type": "Point", "coordinates": [2.754404, 48.738195]}, "properties": {"year": 2023, "valeur_fonciere": 9282923.0, "type_local": "Dépendance", "surface_reelle_bati": null, "nombre_pieces_principales": 0.0, "adresse_nom_voie": "RUE DE PARIS", "price_per_sqm": null, "date_iso": "2023-11-13", "parcelle": "77470000AK0432", "addr_num": "97"}}, {"type": "Feature", "geometry": {"type": "Point", "coordinates": [2.754404, 48.738195]}, "properties": {"year": 2023, "valeur_fonciere": 9282923.0, "type_local": "Dépendance", "surface_reelle_bati": null, "nombre_pieces_principales": 0.0, "adresse_nom_voie": "RUE DE PARIS", "price_per_sqm": null, "date_iso": "2023-11-13", "parcelle": "77470000AK0432", "addr_num": "97"}}, {"type": "Feature", "geometry": {"type": "Point", "coordinates": [2.754404, 48.738195]}, "properties": {"year": 2023, "valeur_fonciere": 9282923.0, "type_local": "Dépendance", "surface_reelle_bati": null, "nombre_pieces_principales": 0.0, "adresse_nom_voie": "RUE DE PARIS", "price_per_sqm": null, "date_iso": "2023-11-13", "parcelle": "77470000AK0432", "addr_num": "97"}}, {"type": "Feature", "geometry": {"type": "Point", "coordinates": [2.754404, 48.738195]}, "properties": {"year": 2023, "valeur_fonciere": 9282923.0, "type_local": "Dépendance", "surface_reelle_bati": null, "nombre_pieces_principales": 0.0, "adresse_nom_voie": "RUE DE PARIS", "price_per_sqm": null, "date_iso": "2023-11-13", "parcelle": "77470000AK0432", "addr_num": "97"}}, {"type": "Feature", "geometry": {"type": "Point", "coordinates": [2.754404, 48.738195]}, "properties": {"year": 2023, "valeur_fonciere": 9282923.0, "type_local": "Dépendance", "surface_reelle_bati": null, "nombre_pieces_principales": 0.0, "adresse_nom_voie": "RUE DE PARIS", "price_per_sqm": null, "date_iso": "2023-11-13", "parcelle": "77470000AK0432", "addr_num": "97"}}, {"type": "Feature", "geometry": {"type": "Point", "coordinates": [2.754404, 48.738195]}, "properties": {"year": 2023, "valeur_fonciere": 9282923.0, "type_local": "Dépendance", "surface_reelle_bati": null, "nombre_pieces_principales": 0.0, "adresse_nom_voie": "RUE DE PARIS", "price_per_sqm": null, "date_iso": "2023-11-13", "parcelle": "77470000AK0432", "addr_num": "97"}}, {"type": "Feature", "geometry": {"type": "Point", "coordinates": [2.754404, 48.738195]}, "properties": {"year": 2023, "valeur_fonciere": 9282923.0, "type_local": "Dépendance", "surface_reelle_bati": null, "nombre_pieces_principales": 0.0, "adresse_nom_voie": "RUE DE PARIS", "price_per_sqm": null, "date_iso": "2023-11-13", "parcelle": "77470000AK0432", "addr_num": "97"}}, {"type": "Feature", "geometry": {"type": "Point", "coordinates": [2.754404, 48.738195]}, "properties": {"year": 2023, "valeur_fonciere": 9282923.0, "type_local": "Dépendance", "surface_reelle_bati": null, "nombre_pieces_principales": 0.0, "adresse_nom_voie": "RUE DE PARIS", "price_per_sqm": null, "date_iso": "2023-11-13", "parcelle": "77470000AK0432", "addr_num": "97"}}, {"type": "Feature", "geometry": {"type": "Point", "coordinates": [2.754404, 48.738195]}, "properties": {"year": 2023, "valeur_fonciere": 9282923.0, "type_local": "Dépendance", "surface_reelle_bati": null, "nombre_pieces_principales": 0.0, "adresse_nom_voie": "RUE DE PARIS", "price_per_sqm": null, "date_iso": "2023-11-13", "parcelle": "77470000AK0432", "addr_num": "97"}}, {"type": "Feature", "geometry": {"type": "Point", "coordinates": [2.754404, 48.738195]}, "properties": {"year": 2023, "valeur_fonciere": 9282923.0, "type_local": "Dépendance", "surface_reelle_bati": null, "nombre_pieces_principales": 0.0, "adresse_nom_voie": "RUE DE PARIS", "price_per_sqm": null, "date_iso": "2023-11-13", "parcelle": "77470000AK0432", "addr_num": "97"}}, {"type": "Feature", "geometry": {"type": "Point", "coordinates": [2.754404, 48.738195]}, "properties": {"year": 2023, "valeur_fonciere": 9282923.0, "type_local": "Dépendance", "surface_reelle_bati": null, "nombre_pieces_principales": 0.0, "adresse_nom_voie": "RUE DE PARIS", "price_per_sqm": null, "date_iso": "2023-11-13", "parcelle": "77470000AK0432", "addr_num": "97"}}, {"type": "Feature", "geometry": {"type": "Point", "coordinates": [2.754404, 48.738195]}, "properties": {"year": 2023, "valeur_fonciere": 9282923.0, "type_local": "Dépendance", "surface_reelle_bati": null, "nombre_pieces_principales": 0.0, "adresse_nom_voie": "RUE DE PARIS", "price_per_sqm": null, "date_iso": "2023-11-13", "parcelle": "77470000AK0432", "addr_num": "97"}}, {"type": "Feature", "geometry": {"type": "Point", "coordinates": [2.754404, 48.738195]}, "properties": {"year": 2023, "valeur_fonciere": 9282923.0, "type_local": "Dépendance", "surface_reelle_bati": null, "nombre_pieces_principales": 0.0, "adresse_nom_voie": "RUE DE PARIS", "price_per_sqm": null, "date_iso": "2023-11-13", "parcelle": "77470000AK0432", "addr_num": "97"}}, {"type": "Feature", "geometry": {"type": "Point", "coordinates": [2.754404, 48.738195]}, "properties": {"year": 2023, "valeur_fonciere": 9282923.0, "type_local": "Dépendance", "surface_reelle_bati": null, "nombre_pieces_principales": 0.0, "adresse_nom_voie": "RUE DE PARIS", "price_per_sqm": null, "date_iso": "2023-11-13", "parcelle": "77470000AK0432", "addr_num": "97"}}, {"type": "Feature", "geometry": {"type": "Point", "coordinates": [2.754404, 48.738195]}, "properties": {"year": 2023, "valeur_fonciere": 9282923.0, "type_local": "Dépendance", "surface_reelle_bati": null, "nombre_pieces_principales": 0.0, "adresse_nom_voie": "RUE DE PARIS", "price_per_sqm": null, "date_iso": "2023-11-13", "parcelle": "77470000AK0432", "addr_num": "97"}}, {"type": "Feature", "geometry": {"type": "Point", "coordinates": [2.754404, 48.738195]}, "properties": {"year": 2023, "valeur_fonciere": 9282923.0, "type_local": "Dépendance", "surface_reelle_bati": null, "nombre_pieces_principales": 0.0, "adresse_nom_voie": "RUE DE PARIS", "price_per_sqm": null, "date_iso": "2023-11-13", "parcelle": "77470000AK0432", "addr_num": "97"}}, {"type": "Feature", "geometry": {"type": "Point", "coordinates": [2.754404, 48.738195]}, "properties": {"year": 2023, "valeur_fonciere": 9282923.0, "type_local": "Dépendance", "surface_reelle_bati": null, "nombre_pieces_principales": 0.0, "adresse_nom_voie": "RUE DE PARIS", "price_per_sqm": null, "date_iso": "2023-11-13", "parcelle": "77470000AK0432", "addr_num": "97"}}, {"type": "Feature", "geometry": {"type": "Point", "coordinates": [2.754404, 48.738195]}, "properties": {"year": 2023, "valeur_fonciere": 9282923.0, "type_local": "Dépendance", "surface_reelle_bati": null, "nombre_pieces_principales": 0.0, "adresse_nom_voie": "RUE DE PARIS", "price_per_sqm": null, "date_iso": "2023-11-13", "parcelle": "77470000AK0432", "addr_num": "97"}}, {"type": "Feature", "geometry": {"type": "Point", "coordinates": [2.754404, 48.738195]}, "properties": {"year": 2023, "valeur_fonciere": 9282923.0, "type_local": "Dépendance", "surface_reelle_bati": null, "nombre_pieces_principales": 0.0, "adresse_nom_voie": "RUE DE PARIS", "price_per_sqm": null, "date_iso": "2023-11-13", "parcelle": "77470000AK0432", "addr_num": "97"}}, {"type": "Feature", "geometry": {"type": "Point", "coordinates": [2.754404, 48.738195]}, "properties": {"year": 2023, "valeur_fonciere": 9282923.0, "type_local": "Dépendance", "surface_reelle_bati": null, "nombre_pieces_principales": 0.0, "adresse_nom_voie": "RUE DE PARIS", "price_per_sqm": null, "date_iso": "2023-11-13", "parcelle": "77470000AK0432", "addr_num": "97"}}, {"type": "Feature", "geometry": {"type": "Point", "coordinates": [2.754404, 48.738195]}, "properties": {"year": 2023, "valeur_fonciere": 9282923.0, "type_local": "Dépendance", "surface_reelle_bati": null, "nombre_pieces_principales": 0.0, "adresse_nom_voie": "RUE DE PARIS", "price_per_sqm": null, "date_iso": "2023-11-13", "parcelle": "77470000AK0432", "addr_num": "97"}}, {"type": "Feature", "geometry": {"type": "Point", "coordinates": [2.754404, 48.738195]}, "properties": {"year": 2023, "valeur_fonciere": 9282923.0, "type_local": "Dépendance", "surface_reelle_bati": null, "nombre_pieces_principales": 0.0, "adresse_nom_voie": "RUE DE PARIS", "price_per_sqm": null, "date_iso": "2023-11-13", "parcelle": "77470000AK0432", "addr_num": "97"}}, {"type": "Feature", "geometry": {"type": "Point", "coordinates": [2.754404, 48.738195]}, "properties": {"year": 2023, "valeur_fonciere": 9282923.0, "type_local": "Appartement", "surface_reelle_bati": 46.0, "nombre_pieces_principales": 2.0, "adresse_nom_voie": "RUE DE PARIS", "price_per_sqm": 201802.6739130435, "date_iso": "2023-11-13", "parcelle": "77470000AK0432", "addr_num": "97"}}, {"type": "Feature", "geometry": {"type": "Point", "coordinates": [2.754404, 48.738195]}, "properties": {"year": 2023, "valeur_fonciere": 9282923.0, "type_local": "Appartement", "surface_reelle_bati": 65.0, "nombre_pieces_principales": 3.0, "adresse_nom_voie": "RUE DE PARIS", "price_per_sqm": 142814.2, "date_iso": "2023-11-13", "parcelle": "77470000AK0432", "addr_num": "97"}}, {"type": "Feature", "geometry": {"type": "Point", "coordinates": [2.754404, 48.738195]}, "properties": {"year": 2023, "valeur_fonciere": 9282923.0, "type_local": "Appartement", "surface_reelle_bati": 45.0, "nombre_pieces_principales": 2.0, "adresse_nom_voie": "RUE DE PARIS", "price_per_sqm": 206287.17777777778, "date_iso": "2023-11-13", "parcelle": "77470000AK0432", "addr_num": "97"}}, {"type": "Feature", "geometry": {"type": "Point", "coordinates": [2.754404, 48.738195]}, "properties": {"year": 2023, "valeur_fonciere": 9282923.0, "type_local": "Appartement", "surface_reelle_bati": 64.0, "nombre_pieces_principales": 3.0, "adresse_nom_voie": "RUE DE PARIS", "price_per_sqm": 145045.671875, "date_iso": "2023-11-13", "parcelle": "77470000AK0432", "addr_num": "97"}}, {"type": "Feature", "geometry": {"type": "Point", "coordinates": [2.754404, 48.738195]}, "properties": {"year": 2023, "valeur_fonciere": 9282923.0, "type_local": "Appartement", "surface_reelle_bati": 69.0, "nombre_pieces_principales": 3.0, "adresse_nom_voie": "RUE DE PARIS", "price_per_sqm": 134535.115942029, "date_iso": "2023-11-13", "parcelle": "77470000AK0432", "addr_num": "97"}}, {"type": "Feature", "geometry": {"type": "Point", "coordinates": [2.754404, 48.738195]}, "properties": {"year": 2023, "valeur_fonciere": 9282923.0, "type_local": "Appartement", "surface_reelle_bati": 64.0, "nombre_pieces_principales": 3.0, "adresse_nom_voie": "RUE DE PARIS", "price_per_sqm": 145045.671875, "date_iso": "2023-11-13", "parcelle": "77470000AK0432", "addr_num": "97"}}, {"type": "Feature", "geometry": {"type": "Point", "coordinates": [2.754404, 48.738195]}, "properties": {"year": 2023, "valeur_fonciere": 9282923.0, "type_local": "Appartement", "surface_reelle_bati": 49.0, "nombre_pieces_principales": 2.0, "adresse_nom_voie": "RUE DE PARIS", "price_per_sqm": 189447.4081632653, "date_iso": "2023-11-13", "parcelle": "77470000AK0432", "addr_num": "97"}}, {"type": "Feature", "geometry": {"type": "Point", "coordinates": [2.754404, 48.738195]}, "properties": {"year": 2023, "valeur_fonciere": 9282923.0, "type_local": "Appartement", "surface_reelle_bati": 46.0, "nombre_pieces_principales": 2.0, "adresse_nom_voie": "RUE DE PARIS", "price_per_sqm": 201802.6739130435, "date_iso": "2023-11-13", "parcelle": "77470000AK0432", "addr_num": "97"}}, {"type": "Feature", "geometry": {"type": "Point", "coordinates": [2.754404, 48.738195]}, "properties": {"year": 2023, "valeur_fonciere": 9282923.0, "type_local": "Appartement", "surface_reelle_bati": 45.0, "nombre_pieces_principales": 2.0, "adresse_nom_voie": "RUE DE PARIS", "price_per_sqm": 206287.17777777778, "date_iso": "2023-11-13", "parcelle": "77470000AK0432", "addr_num": "97"}}, {"type": "Feature", "geometry": {"type": "Point", "coordinates": [2.754404, 48.738195]}, "properties": {"year": 2023, "valeur_fonciere": 9282923.0, "type_local": "Appartement", "surface_reelle_bati": 65.0, "nombre_pieces_principales": 3.0, "adresse_nom_voie": "RUE DE PARIS", "price_per_sqm": 142814.2, "date_iso": "2023-11-13", "parcelle": "77470000AK0432", "addr_num": "97"}}, {"type": "Feature", "geometry": {"type": "Point", "coordinates": [2.754404, 48.738195]}, "properties": {"year": 2023, "valeur_fonciere": 9282923.0, "type_local": "Appartement", "surface_reelle_bati": 91.0, "nombre_pieces_principales": 4.0, "adresse_nom_voie": "RUE DE PARIS", "price_per_sqm": 102010.14285714286, "date_iso": "2023-11-13", "parcelle": "77470000AK0432", "addr_num": "97"}}, {"type": "Feature", "geometry": {"type": "Point", "coordinates": [2.754404, 48.738195]}, "properties": {"year": 2023, "valeur_fonciere": 9282923.0, "type_local": "Appartement", "surface_reelle_bati": 66.0, "nombre_pieces_principales": 3.0, "adresse_nom_voie": "RUE DE PARIS", "price_per_sqm": 140650.34848484848, "date_iso": "2023-11-13", "parcelle": "77470000AK0432", "addr_num": "97"}}, {"type": "Feature", "geometry": {"type": "Point", "coordinates": [2.754404, 48.738195]}, "properties": {"year": 2023, "valeur_fonciere": 9282923.0, "type_local": "Appartement", "surface_reelle_bati": 64.0, "nombre_pieces_principales": 3.0, "adresse_nom_voie": "RUE DE PARIS", "price_per_sqm": 145045.671875, "date_iso": "2023-11-13", "parcelle": "77470000AK0432", "addr_num": "97"}}, {"type": "Feature", "geometry": {"type": "Point", "coordinates": [2.754404, 48.738195]}, "properties": {"year": 2023, "valeur_fonciere": 9282923.0, "type_local": "Appartement", "surface_reelle_bati": 64.0, "nombre_pieces_principales": 3.0, "adresse_nom_voie": "RUE DE PARIS", "price_per_sqm": 145045.671875, "date_iso": "2023-11-13", "parcelle": "77470000AK0432", "addr_num": "97"}}, {"type": "Feature", "geometry": {"type": "Point", "coordinates": [2.754404, 48.738195]}, "properties": {"year": 2023, "valeur_fonciere": 9282923.0, "type_local": "Appartement", "surface_reelle_bati": 45.0, "nombre_pieces_principales": 2.0, "adresse_nom_voie": "RUE DE PARIS", "price_per_sqm": 206287.17777777778, "date_iso": "2023-11-13", "parcelle": "77470000AK0432", "addr_num": "97"}}, {"type": "Feature", "geometry": {"type": "Point", "coordinates": [2.754404, 48.738195]}, "properties": {"year": 2023, "valeur_fonciere": 9282923.0, "type_local": "Appartement", "surface_reelle_bati": 64.0, "nombre_pieces_principales": 3.0, "adresse_nom_voie": "RUE DE PARIS", "price_per_sqm": 145045.671875, "date_iso": "2023-11-13", "parcelle": "77470000AK0432", "addr_num": "97"}}, {"type": "Feature", "geometry": {"type": "Point", "coordinates": [2.754404, 48.738195]}, "properties": {"year": 2023, "valeur_fonciere": 9282923.0, "type_local": "Appartement", "surface_reelle_bati": 49.0, "nombre_pieces_principales": 2.0, "adresse_nom_voie": "RUE DE PARIS", "price_per_sqm": 189447.4081632653, "date_iso": "2023-11-13", "parcelle": "77470000AK0432", "addr_num": "97"}}, {"type": "Feature", "geometry": {"type": "Point", "coordinates": [2.754404, 48.738195]}, "properties": {"year": 2023, "valeur_fonciere": 9282923.0, "type_local": "Appartement", "surface_reelle_bati": 43.0, "nombre_pieces_principales": 2.0, "adresse_nom_voie": "RUE DE PARIS", "price_per_sqm": 215881.93023255814, "date_iso": "2023-11-13", "parcelle": "77470000AK0432", "addr_num": "97"}}, {"type": "Feature", "geometry": {"type": "Point", "coordinates": [2.754404, 48.738195]}, "properties": {"year": 2023, "valeur_fonciere": 9282923.0, "type_local": "Appartement", "surface_reelle_bati": 44.0, "nombre_pieces_principales": 2.0, "adresse_nom_voie": "RUE DE PARIS", "price_per_sqm": 210975.52272727274, "date_iso": "2023-11-13", "parcelle": "77470000AK0432", "addr_num": "97"}}, {"type": "Feature", "geometry": {"type": "Point", "coordinates": [2.754404, 48.738195]}, "properties": {"year": 2023, "valeur_fonciere": 9282923.0, "type_local": "Appartement", "surface_reelle_bati": 45.0, "nombre_pieces_principales": 2.0, "adresse_nom_voie": "RUE DE PARIS", "price_per_sqm": 206287.17777777778, "date_iso": "2023-11-13", "parcelle": "77470000AK0432", "addr_num": "97"}}, {"type": "Feature", "geometry": {"type": "Point", "coordinates": [2.754404, 48.738195]}, "properties": {"year": 2023, "valeur_fonciere": 9282923.0, "type_local": "Appartement", "surface_reelle_bati": 45.0, "nombre_pieces_principales": 2.0, "adresse_nom_voie": "RUE DE PARIS", "price_per_sqm": 206287.17777777778, "date_iso": "2023-11-13", "parcelle": "77470000AK0432", "addr_num": "97"}}, {"type": "Feature", "geometry": {"type": "Point", "coordinates": [2.754404, 48.738195]}, "properties": {"year": 2023, "valeur_fonciere": 9282923.0, "type_local": "Appartement", "surface_reelle_bati": 67.0, "nombre_pieces_principales": 3.0, "adresse_nom_voie": "RUE DE PARIS", "price_per_sqm": 138551.08955223882, "date_iso": "2023-11-13", "parcelle": "77470000AK0432", "addr_num": "97"}}, {"type": "Feature", "geometry": {"type": "Point", "coordinates": [2.754404, 48.738195]}, "properties": {"year": 2023, "valeur_fonciere": 9282923.0, "type_local": "Appartement", "surface_reelle_bati": 66.0, "nombre_pieces_principales": 3.0, "adresse_nom_voie": "RUE DE PARIS", "price_per_sqm": 140650.34848484848, "date_iso": "2023-11-13", "parcelle": "77470000AK0432", "addr_num": "97"}}, {"type": "Feature", "geometry": {"type": "Point", "coordinates": [2.754404, 48.738195]}, "properties": {"year": 2023, "valeur_fonciere": 9282923.0, "type_local": "Appartement", "surface_reelle_bati": 45.0, "nombre_pieces_principales": 2.0, "adresse_nom_voie": "RUE DE PARIS", "price_per_sqm": 206287.17777777778, "date_iso": "2023-11-13", "parcelle": "77470000AK0432", "addr_num": "97"}}, {"type": "Feature", "geometry": {"type": "Point", "coordinates": [2.754404, 48.738195]}, "properties": {"year": 2023, "valeur_fonciere": 9282923.0, "type_local": "Appartement", "surface_reelle_bati": 67.0, "nombre_pieces_principales": 3.0, "adresse_nom_voie": "RUE DE PARIS", "price_per_sqm": 138551.08955223882, "date_iso": "2023-11-13", "parcelle": "77470000AK0432", "addr_num": "97"}}, {"type": "Feature", "geometry": {"type": "Point", "coordinates": [2.754404, 48.738195]}, "properties": {"year": 2023, "valeur_fonciere": 9282923.0, "type_local": "Appartement", "surface_reelle_bati": 43.0, "nombre_pieces_principales": 2.0, "adresse_nom_voie": "RUE DE PARIS", "price_per_sqm": 215881.93023255814, "date_iso": "2023-11-13", "parcelle": "77470000AK0432", "addr_num": "97"}}, {"type": "Feature", "geometry": {"type": "Point", "coordinates": [2.754404, 48.738195]}, "properties": {"year": 2023, "valeur_fonciere": 9282923.0, "type_local": "Appartement", "surface_reelle_bati": 45.0, "nombre_pieces_principales": 2.0, "adresse_nom_voie": "RUE DE PARIS", "price_per_sqm": 206287.17777777778, "date_iso": "2023-11-13", "parcelle": "77470000AK0432", "addr_num": "97"}}, {"type": "Feature", "geometry": {"type": "Point", "coordinates": [2.754404, 48.738195]}, "properties": {"year": 2023, "valeur_fonciere": 9282923.0, "type_local": "Appartement", "surface_reelle_bati": 45.0, "nombre_pieces_principales": 2.0, "adresse_nom_voie": "RUE DE PARIS", "price_per_sqm": 206287.17777777778, "date_iso": "2023-11-13", "parcelle": "77470000AK0432", "addr_num": "97"}}, {"type": "Feature", "geometry": {"type": "Point", "coordinates": [2.754404, 48.738195]}, "properties": {"year": 2023, "valeur_fonciere": 9282923.0, "type_local": "Dépendance", "surface_reelle_bati": null, "nombre_pieces_principales": 0.0, "adresse_nom_voie": "RUE DE PARIS", "price_per_sqm": null, "date_iso": "2023-11-13", "parcelle": "77470000AK0432", "addr_num": "97"}}, {"type": "Feature", "geometry": {"type": "Point", "coordinates": [2.754404, 48.738195]}, "properties": {"year": 2023, "valeur_fonciere": 9282923.0, "type_local": "Dépendance", "surface_reelle_bati": null, "nombre_pieces_principales": 0.0, "adresse_nom_voie": "RUE DE PARIS", "price_per_sqm": null, "date_iso": "2023-11-13", "parcelle": "77470000AK0432", "addr_num": "97"}}, {"type": "Feature", "geometry": {"type": "Point", "coordinates": [2.754404, 48.738195]}, "properties": {"year": 2023, "valeur_fonciere": 9282923.0, "type_local": "Dépendance", "surface_reelle_bati": null, "nombre_pieces_principales": 0.0, "adresse_nom_voie": "RUE DE PARIS", "price_per_sqm": null, "date_iso": "2023-11-13", "parcelle": "77470000AK0432", "addr_num": "97"}}, {"type": "Feature", "geometry": {"type": "Point", "coordinates": [2.754404, 48.738195]}, "properties": {"year": 2023, "valeur_fonciere": 9282923.0, "type_local": "Appartement", "surface_reelle_bati": 32.0, "nombre_pieces_principales": 1.0, "adresse_nom_voie": "RUE DE PARIS", "price_per_sqm": 290091.34375, "date_iso": "2023-11-13", "parcelle": "77470000AK0432", "addr_num": "97"}}, {"type": "Feature", "geometry": {"type": "Point", "coordinates": [2.754404, 48.738195]}, "properties": {"year": 2023, "valeur_fonciere": 9282923.0, "type_local": "Appartement", "surface_reelle_bati": 69.0, "nombre_pieces_principales": 3.0, "adresse_nom_voie": "RUE DE PARIS", "price_per_sqm": 134535.115942029, "date_iso": "2023-11-13", "parcelle": "77470000AK0432", "addr_num": "97"}}, {"type": "Feature", "geometry": {"type": "Point", "coordinates": [2.754404, 48.738195]}, "properties": {"year": 2023, "valeur_fonciere": 9282923.0, "type_local": "Appartement", "surface_reelle_bati": 67.0, "nombre_pieces_principales": 3.0, "adresse_nom_voie": "RUE DE PARIS", "price_per_sqm": 138551.08955223882, "date_iso": "2023-11-13", "parcelle": "77470000AK0432", "addr_num": "97"}}, {"type": "Feature", "geometry": {"type": "Point", "coordinates": [2.754404, 48.738195]}, "properties": {"year": 2023, "valeur_fonciere": 9282923.0, "type_local": "Appartement", "surface_reelle_bati": 72.0, "nombre_pieces_principales": 3.0, "adresse_nom_voie": "RUE DE PARIS", "price_per_sqm": 128929.48611111111, "date_iso": "2023-11-13", "parcelle": "77470000AK0432", "addr_num": "97"}}, {"type": "Feature", "geometry": {"type": "Point", "coordinates": [2.754404, 48.738195]}, "properties": {"year": 2023, "valeur_fonciere": 9282923.0, "type_local": "Appartement", "surface_reelle_bati": 48.0, "nombre_pieces_principales": 2.0, "adresse_nom_voie": "RUE DE PARIS", "price_per_sqm": 193394.22916666666, "date_iso": "2023-11-13", "parcelle": "77470000AK0432", "addr_num": "97"}}, {"type": "Feature", "geometry": {"type": "Point", "coordinates": [2.754404, 48.738195]}, "properties": {"year": 2023, "valeur_fonciere": 9282923.0, "type_local": "Appartement", "surface_reelle_bati": 62.0, "nombre_pieces_principales": 3.0, "adresse_nom_voie": "RUE DE PARIS", "price_per_sqm": 149724.56451612903, "date_iso": "2023-11-13", "parcelle": "77470000AK0432", "addr_num": "97"}}, {"type": "Feature", "geometry": {"type": "Point", "coordinates": [2.754404, 48.738195]}, "properties": {"year": 2023, "valeur_fonciere": 9282923.0, "type_local": "Appartement", "surface_reelle_bati": 88.0, "nombre_pieces_principales": 4.0, "adresse_nom_voie": "RUE DE PARIS", "price_per_sqm": 105487.76136363637, "date_iso": "2023-11-13", "parcelle": "77470000AK0432", "addr_num": "97"}}, {"type": "Feature", "geometry": {"type": "Point", "coordinates": [2.754404, 48.738195]}, "properties": {"year": 2023, "valeur_fonciere": 9282923.0, "type_local": "Appartement", "surface_reelle_bati": 53.0, "nombre_pieces_principales": 2.0, "adresse_nom_voie": "RUE DE PARIS", "price_per_sqm": 175149.49056603774, "date_iso": "2023-11-13", "parcelle": "77470000AK0432", "addr_num": "97"}}, {"type": "Feature", "geometry": {"type": "Point", "coordinates": [2.754404, 48.738195]}, "properties": {"year": 2023, "valeur_fonciere": 9282923.0, "type_local": "Appartement", "surface_reelle_bati": 46.0, "nombre_pieces_principales": 2.0, "adresse_nom_voie": "RUE DE PARIS", "price_per_sqm": 201802.6739130435, "date_iso": "2023-11-13", "parcelle": "77470000AK0432", "addr_num": "97"}}, {"type": "Feature", "geometry": {"type": "Point", "coordinates": [2.754404, 48.738195]}, "properties": {"year": 2023, "valeur_fonciere": 9282923.0, "type_local": "Appartement", "surface_reelle_bati": 65.0, "nombre_pieces_principales": 3.0, "adresse_nom_voie": "RUE DE PARIS", "price_per_sqm": 142814.2, "date_iso": "2023-11-13", "parcelle": "77470000AK0432", "addr_num": "97"}}, {"type": "Feature", "geometry": {"type": "Point", "coordinates": [2.754404, 48.738195]}, "properties": {"year": 2023, "valeur_fonciere": 9282923.0, "type_local": "Dépendance", "surface_reelle_bati": null, "nombre_pieces_principales": 0.0, "adresse_nom_voie": "RUE DE PARIS", "price_per_sqm": null, "date_iso": "2023-11-13", "parcelle": "77470000AK0432", "addr_num": "97"}}, {"type": "Feature", "geometry": {"type": "Point", "coordinates": [2.754404, 48.738195]}, "properties": {"year": 2023, "valeur_fonciere": 9282923.0, "type_local": "Appartement", "surface_reelle_bati": 67.0, "nombre_pieces_principales": 3.0, "adresse_nom_voie": "RUE DE PARIS", "price_per_sqm": 138551.08955223882, "date_iso": "2023-11-13", "parcelle": "77470000AK0432", "addr_num": "97"}}, {"type": "Feature", "geometry": {"type": "Point", "coordinates": [2.754404, 48.738195]}, "properties": {"year": 2023, "valeur_fonciere": 9282923.0, "type_local": "Dépendance", "surface_reelle_bati": null, "nombre_pieces_principales": 0.0, "adresse_nom_voie": "RUE DE PARIS", "price_per_sqm": null, "date_iso": "2023-11-13", "parcelle": "77470000AK0432", "addr_num": "97"}}, {"type": "Feature", "geometry": {"type": "Point", "coordinates": [2.754404, 48.738195]}, "properties": {"year": 2023, "valeur_fonciere": 9282923.0, "type_local": "Dépendance", "surface_reelle_bati": null, "nombre_pieces_principales": 0.0, "adresse_nom_voie": "RUE DE PARIS", "price_per_sqm": null, "date_iso": "2023-11-13", "parcelle": "77470000AK0432", "addr_num": "97"}}, {"type": "Feature", "geometry": {"type": "Point", "coordinates": [2.754404, 48.738195]}, "properties": {"year": 2023, "valeur_fonciere": 9282923.0, "type_local": "Dépendance", "surface_reelle_bati": null, "nombre_pieces_principales": 0.0, "adresse_nom_voie": "RUE DE PARIS", "price_per_sqm": null, "date_iso": "2023-11-13", "parcelle": "77470000AK0432", "addr_num": "97"}}, {"type": "Feature", "geometry": {"type": "Point", "coordinates": [2.754404, 48.738195]}, "properties": {"year": 2023, "valeur_fonciere": 9282923.0, "type_local": "Dépendance", "surface_reelle_bati": null, "nombre_pieces_principales": 0.0, "adresse_nom_voie": "RUE DE PARIS", "price_per_sqm": null, "date_iso": "2023-11-13", "parcelle": "77470000AK0432", "addr_num": "97"}}, {"type": "Feature", "geometry": {"type": "Point", "coordinates": [2.754404, 48.738195]}, "properties": {"year": 2023, "valeur_fonciere": 9282923.0, "type_local": "Dépendance", "surface_reelle_bati": null, "nombre_pieces_principales": 0.0, "adresse_nom_voie": "RUE DE PARIS", "price_per_sqm": null, "date_iso": "2023-11-13", "parcelle": "77470000AK0432", "addr_num": "97"}}, {"type": "Feature", "geometry": {"type": "Point", "coordinates": [2.754404, 48.738195]}, "properties": {"year": 2023, "valeur_fonciere": 9282923.0, "type_local": "Dépendance", "surface_reelle_bati": null, "nombre_pieces_principales": 0.0, "adresse_nom_voie": "RUE DE PARIS", "price_per_sqm": null, "date_iso": "2023-11-13", "parcelle": "77470000AK0432", "addr_num": "97"}}, {"type": "Feature", "geometry": {"type": "Point", "coordinates": [2.754404, 48.738195]}, "properties": {"year": 2023, "valeur_fonciere": 9282923.0, "type_local": "Dépendance", "surface_reelle_bati": null, "nombre_pieces_principales": 0.0, "adresse_nom_voie": "RUE DE PARIS", "price_per_sqm": null, "date_iso": "2023-11-13", "parcelle": "77470000AK0432", "addr_num": "97"}}, {"type": "Feature", "geometry": {"type": "Point", "coordinates": [2.754404, 48.738195]}, "properties": {"year": 2023, "valeur_fonciere": 9282923.0, "type_local": "Dépendance", "surface_reelle_bati": null, "nombre_pieces_principales": 0.0, "adresse_nom_voie": "RUE DE PARIS", "price_per_sqm": null, "date_iso": "2023-11-13", "parcelle": "77470000AK0432", "addr_num": "97"}}, {"type": "Feature", "geometry": {"type": "Point", "coordinates": [2.754404, 48.738195]}, "properties": {"year": 2023, "valeur_fonciere": 9282923.0, "type_local": "Dépendance", "surface_reelle_bati": null, "nombre_pieces_principales": 0.0, "adresse_nom_voie": "RUE DE PARIS", "price_per_sqm": null, "date_iso": "2023-11-13", "parcelle": "77470000AK0432", "addr_num": "97"}}, {"type": "Feature", "geometry": {"type": "Point", "coordinates": [2.754404, 48.738195]}, "properties": {"year": 2023, "valeur_fonciere": 9282923.0, "type_local": "Dépendance", "surface_reelle_bati": null, "nombre_pieces_principales": 0.0, "adresse_nom_voie": "RUE DE PARIS", "price_per_sqm": null, "date_iso": "2023-11-13", "parcelle": "77470000AK0432", "addr_num": "97"}}, {"type": "Feature", "geometry": {"type": "Point", "coordinates": [2.754404, 48.738195]}, "properties": {"year": 2023, "valeur_fonciere": 9282923.0, "type_local": "Appartement", "surface_reelle_bati": 69.0, "nombre_pieces_principales": 3.0, "adresse_nom_voie": "RUE DE PARIS", "price_per_sqm": 134535.115942029, "date_iso": "2023-11-13", "parcelle": "77470000AK0432", "addr_num": "97"}}, {"type": "Feature", "geometry": {"type": "Point", "coordinates": [2.754404, 48.738195]}, "properties": {"year": 2023, "valeur_fonciere": 9282923.0, "type_local": "Appartement", "surface_reelle_bati": 66.0, "nombre_pieces_principales": 3.0, "adresse_nom_voie": "RUE DE PARIS", "price_per_sqm": 140650.34848484848, "date_iso": "2023-11-13", "parcelle": "77470000AK0432", "addr_num": "97"}}, {"type": "Feature", "geometry": {"type": "Point", "coordinates": [2.754404, 48.738195]}, "properties": {"year": 2023, "valeur_fonciere": 9282923.0, "type_local": "Appartement", "surface_reelle_bati": 64.0, "nombre_pieces_principales": 3.0, "adresse_nom_voie": "RUE DE PARIS", "price_per_sqm": 145045.671875, "date_iso": "2023-11-13", "parcelle": "77470000AK0432", "addr_num": "97"}}, {"type": "Feature", "geometry": {"type": "Point", "coordinates": [2.754404, 48.738195]}, "properties": {"year": 2023, "valeur_fonciere": 9282923.0, "type_local": "Appartement", "surface_reelle_bati": 45.0, "nombre_pieces_principales": 2.0, "adresse_nom_voie": "RUE DE PARIS", "price_per_sqm": 206287.17777777778, "date_iso": "2023-11-13", "parcelle": "77470000AK0432", "addr_num": "97"}}, {"type": "Feature", "geometry": {"type": "Point", "coordinates": [2.757309, 48.744765]}, "properties": {"year": 2023, "valeur_fonciere": 488121.0, "type_local": "Maison", "surface_reelle_bati": 131.0, "nombre_pieces_principales": 7.0, "adresse_nom_voie": "RUE EUGENE SIMON", "price_per_sqm": 3726.114503816794, "date_iso": "2023-11-24", "parcelle": "77470000ZA0442", "addr_num": "8"}}, {"type": "Feature", "geometry": {"type": "Point", "coordinates": [2.764923, 48.739881]}, "properties": {"year": 2023, "valeur_fonciere": 400000.0, "type_local": null, "surface_reelle_bati": null, "nombre_pieces_principales": null, "adresse_nom_voie": "RUE DE PARIS", "price_per_sqm": null, "date_iso": "2023-12-04", "parcelle": "77470000AI0387", "addr_num": "13"}}, {"type": "Feature", "geometry": {"type": "Point", "coordinates": [2.764987, 48.739747]}, "properties": {"year": 2023, "valeur_fonciere": 400000.0, "type_local": "Maison", "surface_reelle_bati": 150.0, "nombre_pieces_principales": 5.0, "adresse_nom_voie": "RUE DU MARCHE", "price_per_sqm": 2666.6666666666665, "date_iso": "2023-12-04", "parcelle": "77470000AI0418", "addr_num": "2"}}, {"type": "Feature", "geometry": {"type": "Point", "coordinates": [2.764987, 48.739747]}, "properties": {"year": 2023, "valeur_fonciere": 400000.0, "type_local": "Dépendance", "surface_reelle_bati": null, "nombre_pieces_principales": 0.0, "adresse_nom_voie": "RUE DU MARCHE", "price_per_sqm": null, "date_iso": "2023-12-04", "parcelle": "77470000AI0418", "addr_num": "2"}}, {"type": "Feature", "geometry": {"type": "Point", "coordinates": [2.762545, 48.743795]}, "properties": {"year": 2023, "valeur_fonciere": 235000.0, "type_local": null, "surface_reelle_bati": null, "nombre_pieces_principales": null, "adresse_nom_voie": "RUE DU PDT POINCARE", "price_per_sqm": null, "date_iso": "2023-12-01", "parcelle": "77470000AD0244", "addr_num": ""}}, {"type": "Feature", "geometry": {"type": "Point", "coordinates": [2.762259, 48.743888]}, "properties": {"year": 2023, "valeur_fonciere": 235000.0, "type_local": null, "surface_reelle_bati": null, "nombre_pieces_principales": null, "adresse_nom_voie": "RUE DU PDT POINCARE", "price_per_sqm": null, "date_iso": "2023-12-01", "parcelle": "77470000AD0245", "addr_num": ""}}, {"type": "Feature", "geometry": {"type": "Point", "coordinates": [2.762394, 48.744007]}, "properties": {"year": 2023, "valeur_fonciere": 235000.0, "type_local": "Dépendance", "surface_reelle_bati": null, "nombre_pieces_principales": 0.0, "adresse_nom_voie": "RUE DU PDT POINCARE", "price_per_sqm": null, "date_iso": "2023-12-01", "parcelle": "77470000AD0246", "addr_num": "45"}}, {"type": "Feature", "geometry": {"type": "Point", "coordinates": [2.762394, 48.744007]}, "properties": {"year": 2023, "valeur_fonciere": 235000.0, "type_local": "Appartement", "surface_reelle_bati": 63.0, "nombre_pieces_principales": 3.0, "adresse_nom_voie": "RUE DU PDT POINCARE", "price_per_sqm": 3730.15873015873, "date_iso": "2023-12-01", "parcelle": "77470000AD0246", "addr_num": "45"}}, {"type": "Feature", "geometry": {"type": "Point", "coordinates": [2.762394, 48.744007]}, "properties": {"year": 2023, "valeur_fonciere": 235000.0, "type_local": "Dépendance", "surface_reelle_bati": null, "nombre_pieces_principales": 0.0, "adresse_nom_voie": "RUE DU PDT POINCARE", "price_per_sqm": null, "date_iso": "2023-12-01", "parcelle": "77470000AD0246", "addr_num": "45"}}, {"type": "Feature", "geometry": {"type": "Point", "coordinates": [2.762394, 48.744007]}, "properties": {"year": 2023, "valeur_fonciere": 235000.0, "type_local": "Dépendance", "surface_reelle_bati": null, "nombre_pieces_principales": 0.0, "adresse_nom_voie": "RUE DU PDT POINCARE", "price_per_sqm": null, "date_iso": "2023-12-01", "parcelle": "77470000AD0246", "addr_num": "45"}}, {"type": "Feature", "geometry": {"type": "Point", "coordinates": [2.755411, 48.737613]}, "properties": {"year": 2023, "valeur_fonciere": 195000.0, "type_local": "Dépendance", "surface_reelle_bati": null, "nombre_pieces_principales": 0.0, "adresse_nom_voie": "RUE DU PARC", "price_per_sqm": null, "date_iso": "2023-11-29", "parcelle": "77470000AK0128", "addr_num": "21"}}, {"type": "Feature", "geometry": {"type": "Point", "coordinates": [2.755411, 48.737613]}, "properties": {"year": 2023, "valeur_fonciere": 195000.0, "type_local": "Appartement", "surface_reelle_bati": 51.0, "nombre_pieces_principales": 2.0, "adresse_nom_voie": "RUE DU PARC", "price_per_sqm": 3823.529411764706, "date_iso": "2023-11-29", "parcelle": "77470000AK0128", "addr_num": "21"}}, {"type": "Feature", "geometry": {"type": "Point", "coordinates": [2.771908, 48.738616]}, "properties": {"year": 2023, "valeur_fonciere": 177000.0, "type_local": "Appartement", "surface_reelle_bati": 60.0, "nombre_pieces_principales": 3.0, "adresse_nom_voie": "RUE DE LA MADELEINE", "price_per_sqm": 2950.0, "date_iso": "2023-12-01", "parcelle": "77470000AH0316", "addr_num": "51"}}, {"type": "Feature", "geometry": {"type": "Point", "coordinates": [2.771908, 48.738616]}, "properties": {"year": 2023, "valeur_fonciere": 177000.0, "type_local": "Dépendance", "surface_reelle_bati": null, "nombre_pieces_principales": 0.0, "adresse_nom_voie": "RUE DE LA MADELEINE", "price_per_sqm": null, "date_iso": "2023-12-01", "parcelle": "77470000AH0316", "addr_num": "51"}}, {"type": "Feature", "geometry": {"type": "Point", "coordinates": [2.761741, 48.739389]}, "properties": {"year": 2023, "valeur_fonciere": 213000.0, "type_local": "Dépendance", "surface_reelle_bati": null, "nombre_pieces_principales": 0.0, "adresse_nom_voie": "RUE PAUL HASTIER", "price_per_sqm": null, "date_iso": "2023-12-07", "parcelle": "77470000AI0174", "addr_num": "1"}}, {"type": "Feature", "geometry": {"type": "Point", "coordinates": [2.761741, 48.739389]}, "properties": {"year": 2023, "valeur_fonciere": 213000.0, "type_local": "Appartement", "surface_reelle_bati": 43.0, "nombre_pieces_principales": 2.0, "adresse_nom_voie": "RUE PAUL HASTIER", "price_per_sqm": 4953.488372093023, "date_iso": "2023-12-07", "parcelle": "77470000AI0174", "addr_num": "1"}}, {"type": "Feature", "geometry": {"type": "Point", "coordinates": [2.783719, 48.733894]}, "properties": {"year": 2023, "valeur_fonciere": 800000.0, "type_local": "Appartement", "surface_reelle_bati": 40.0, "nombre_pieces_principales": 2.0, "adresse_nom_voie": "RUE DE L INDUSTRIE", "price_per_sqm": 20000.0, "date_iso": "2023-12-28", "parcelle": "77470000ZE0107", "addr_num": "18"}}, {"type": "Feature", "geometry": {"type": "Point", "coordinates": [2.783719, 48.733894]}, "properties": {"year": 2023, "valeur_fonciere": 800000.0, "type_local": "Local industriel. commercial ou assimilé", "surface_reelle_bati": 1900.0, "nombre_pieces_principales": 0.0, "adresse_nom_voie": "RUE DE L INDUSTRIE", "price_per_sqm": 421.05263157894734, "date_iso": "2023-12-28", "parcelle": "77470000ZE0107", "addr_num": "18"}}, {"type": "Feature", "geometry": {"type": "Point", "coordinates": [2.757201, 48.738324]}, "properties": {"year": 2023, "valeur_fonciere": 250000.0, "type_local": null, "surface_reelle_bati": null, "nombre_pieces_principales": null, "adresse_nom_voie": "RUE DU PLATEAU", "price_per_sqm": null, "date_iso": "2023-12-28", "parcelle": "77470000AK0075", "addr_num": ""}}, {"type": "Feature", "geometry": {"type": "Point", "coordinates": [2.757137, 48.738318]}, "properties": {"year": 2023, "valeur_fonciere": 250000.0, "type_local": "Maison", "surface_reelle_bati": 56.0, "nombre_pieces_principales": 2.0, "adresse_nom_voie": "RUE DU PLATEAU", "price_per_sqm": 4464.285714285715, "date_iso": "2023-12-28", "parcelle": "77470000AK0076", "addr_num": "1"}}, {"type": "Feature", "geometry": {"type": "Point", "coordinates": [2.757137, 48.738318]}, "properties": {"year": 2023, "valeur_fonciere": 250000.0, "type_local": "Dépendance", "surface_reelle_bati": null, "nombre_pieces_principales": 0.0, "adresse_nom_voie": "RUE DU PLATEAU", "price_per_sqm": null, "date_iso": "2023-12-28", "parcelle": "77470000AK0076", "addr_num": "1"}}, {"type": "Feature", "geometry": {"type": "Point", "coordinates": [2.763586, 48.739752]}, "properties": {"year": 2024, "valeur_fonciere": 80000.0, "type_local": "Dépendance", "surface_reelle_bati": null, "nombre_pieces_principales": 0.0, "adresse_nom_voie": "RUE DES FOSSES", "price_per_sqm": null, "date_iso": "2024-01-11", "parcelle": "77470000AI0140", "addr_num": "7"}}, {"type": "Feature", "geometry": {"type": "Point", "coordinates": [2.763586, 48.739752]}, "properties": {"year": 2024, "valeur_fonciere": 80000.0, "type_local": "Appartement", "surface_reelle_bati": 30.0, "nombre_pieces_principales": 1.0, "adresse_nom_voie": "RUE DES FOSSES", "price_per_sqm": 2666.6666666666665, "date_iso": "2024-01-11", "parcelle": "77470000AI0140", "addr_num": "7"}}, {"type": "Feature", "geometry": {"type": "Point", "coordinates": [2.763586, 48.739752]}, "properties": {"year": 2024, "valeur_fonciere": 80000.0, "type_local": "Dépendance", "surface_reelle_bati": null, "nombre_pieces_principales": 0.0, "adresse_nom_voie": "RUE DES FOSSES", "price_per_sqm": null, "date_iso": "2024-01-11", "parcelle": "77470000AI0140", "addr_num": "7"}}, {"type": "Feature", "geometry": {"type": "Point", "coordinates": [2.764534, 48.739744]}, "properties": {"year": 2024, "valeur_fonciere": 90000.0, "type_local": "Dépendance", "surface_reelle_bati": null, "nombre_pieces_principales": 0.0, "adresse_nom_voie": "RUE DE PARIS", "price_per_sqm": null, "date_iso": "2024-01-19", "parcelle": "77470000AI0342", "addr_num": "25"}}, {"type": "Feature", "geometry": {"type": "Point", "coordinates": [2.764534, 48.739744]}, "properties": {"year": 2024, "valeur_fonciere": 90000.0, "type_local": "Appartement", "surface_reelle_bati": 23.0, "nombre_pieces_principales": 2.0, "adresse_nom_voie": "RUE DE PARIS", "price_per_sqm": 3913.0434782608695, "date_iso": "2024-01-19", "parcelle": "77470000AI0342", "addr_num": "25"}}, {"type": "Feature", "geometry": {"type": "Point", "coordinates": [2.769866, 48.738194]}, "properties": {"year": 2024, "valeur_fonciere": 169000.0, "type_local": "Appartement", "surface_reelle_bati": 41.0, "nombre_pieces_principales": 2.0, "adresse_nom_voie": "RUE DE LA MADELEINE", "price_per_sqm": 4121.951219512195, "date_iso": "2024-01-23", "parcelle": "77470000AH0215", "addr_num": "2"}}, {"type": "Feature", "geometry": {"type": "Point", "coordinates": [2.769866, 48.738194]}, "properties": {"year": 2024, "valeur_fonciere": 169000.0, "type_local": "Dépendance", "surface_reelle_bati": null, "nombre_pieces_principales": 0.0, "adresse_nom_voie": "RUE DE LA MADELEINE", "price_per_sqm": null, "date_iso": "2024-01-23", "parcelle": "77470000AH0215", "addr_num": "2"}}, {"type": "Feature", "geometry": {"type": "Point", "coordinates": [2.769866, 48.738194]}, "properties": {"year": 2024, "valeur_fonciere": 169000.0, "type_local": "Dépendance", "surface_reelle_bati": null, "nombre_pieces_principales": 0.0, "adresse_nom_voie": "RUE DE LA MADELEINE", "price_per_sqm": null, "date_iso": "2024-01-23", "parcelle": "77470000AH0215", "addr_num": "2"}}, {"type": "Feature", "geometry": {"type": "Point", "coordinates": [2.761091, 48.74494]}, "properties": {"year": 2024, "valeur_fonciere": 249400.0, "type_local": "Maison", "surface_reelle_bati": 98.0, "nombre_pieces_principales": 5.0, "adresse_nom_voie": "RUE RUDYARD KIPLING", "price_per_sqm": 2544.8979591836733, "date_iso": "2024-01-30", "parcelle": "77470000AD0275", "addr_num": "20"}}, {"type": "Feature", "geometry": {"type": "Point", "coordinates": [2.771413, 48.745025]}, "properties": {"year": 2024, "valeur_fonciere": 419000.0, "type_local": "Dépendance", "surface_reelle_bati": null, "nombre_pieces_principales": 0.0, "adresse_nom_voie": "RUE MOZART", "price_per_sqm": null, "date_iso": "2024-02-02", "parcelle": "77470000ZA0276", "addr_num": "27"}}, {"type": "Feature", "geometry": {"type": "Point", "coordinates": [2.771413, 48.745025]}, "properties": {"year": 2024, "valeur_fonciere": 419000.0, "type_local": "Maison", "surface_reelle_bati": 125.0, "nombre_pieces_principales": 5.0, "adresse_nom_voie": "RUE MOZART", "price_per_sqm": 3352.0, "date_iso": "2024-02-02", "parcelle": "77470000ZA0276", "addr_num": "27"}}, {"type": "Feature", "geometry": {"type": "Point", "coordinates": [2.758801, 48.746901]}, "properties": {"year": 2024, "valeur_fonciere": 90000.0, "type_local": "Appartement", "surface_reelle_bati": 45.0, "nombre_pieces_principales": 2.0, "adresse_nom_voie": "AV DU GEN DE GAULLE", "price_per_sqm": 2000.0, "date_iso": "2024-02-13", "parcelle": "77470000ZA0332", "addr_num": "35"}}, {"type": "Feature", "geometry": {"type": "Point", "coordinates": [2.758801, 48.746901]}, "properties": {"year": 2024, "valeur_fonciere": 90000.0, "type_local": "Dépendance", "surface_reelle_bati": null, "nombre_pieces_principales": 0.0, "adresse_nom_voie": "AV DU GEN DE GAULLE", "price_per_sqm": null, "date_iso": "2024-02-13", "parcelle": "77470000ZA0332", "addr_num": "35"}}, {"type": "Feature", "geometry": {"type": "Point", "coordinates": [2.772539, 48.740205]}, "properties": {"year": 2024, "valeur_fonciere": 200000.0, "type_local": "Maison", "surface_reelle_bati": 75.0, "nombre_pieces_principales": 3.0, "adresse_nom_voie": "RUE DU MAL FOCH", "price_per_sqm": 2666.6666666666665, "date_iso": "2024-02-07", "parcelle": "77470000AE0054", "addr_num": "49"}}, {"type": "Feature", "geometry": {"type": "Point", "coordinates": [2.764014, 48.739478]}, "properties": {"year": 2024, "valeur_fonciere": 103000.0, "type_local": "Local industriel. commercial ou assimilé", "surface_reelle_bati": 66.0, "nombre_pieces_principales": 0.0, "adresse_nom_voie": "RUE DE PARIS", "price_per_sqm": 1560.6060606060605, "date_iso": "2024-02-08", "parcelle": "77470000AI0125", "addr_num": "31"}}, {"type": "Feature", "geometry": {"type": "Point", "coordinates": [2.76532, 48.742469]}, "properties": {"year": 2024, "valeur_fonciere": 12900.0, "type_local": "Dépendance", "surface_reelle_bati": null, "nombre_pieces_principales": 0.0, "adresse_nom_voie": "SEN DES CARREAUX", "price_per_sqm": null, "date_iso": "2024-02-29", "parcelle": "77470000AD0117", "addr_num": "9002"}}, {"type": "Feature", "geometry": {"type": "Point", "coordinates": [2.765773, 48.742495]}, "properties": {"year": 2024, "valeur_fonciere": 12900.0, "type_local": null, "surface_reelle_bati": null, "nombre_pieces_principales": null, "adresse_nom_voie": "LES CARREAUX", "price_per_sqm": null, "date_iso": "2024-02-29", "parcelle": "77470000AD0118", "addr_num": ""}}, {"type": "Feature", "geometry": {"type": "Point", "coordinates": [2.774224, 48.738282]}, "properties": {"year": 2024, "valeur_fonciere": 110000.0, "type_local": "Dépendance", "surface_reelle_bati": null, "nombre_pieces_principales": 0.0, "adresse_nom_voie": "RUE DE LA LIBERATION", "price_per_sqm": null, "date_iso": "2024-02-26", "parcelle": "77470000ZE0043", "addr_num": "9"}}, {"type": "Feature", "geometry": {"type": "Point", "coordinates": [2.774224, 48.738282]}, "properties": {"year": 2024, "valeur_fonciere": 110000.0, "type_local": "Appartement", "surface_reelle_bati": 54.0, "nombre_pieces_principales": 2.0, "adresse_nom_voie": "RUE DE LA LIBERATION", "price_per_sqm": 2037.037037037037, "date_iso": "2024-02-26", "parcelle": "77470000ZE0043", "addr_num": "9"}}, {"type": "Feature", "geometry": {"type": "Point", "coordinates": [2.760036, 48.743698]}, "properties": {"year": 2024, "valeur_fonciere": 167000.0, "type_local": "Dépendance", "surface_reelle_bati": null, "nombre_pieces_principales": 0.0, "adresse_nom_voie": "RES TOURNAN ORIGNY", "price_per_sqm": null, "date_iso": "2024-03-15", "parcelle": "77470000ZA0005", "addr_num": "9001"}}, {"type": "Feature", "geometry": {"type": "Point", "coordinates": [2.760036, 48.743698]}, "properties": {"year": 2024, "valeur_fonciere": 167000.0, "type_local": "Appartement", "surface_reelle_bati": 54.0, "nombre_pieces_principales": 3.0, "adresse_nom_voie": "RES TOURNAN ORIGNY", "price_per_sqm": 3092.5925925925926, "date_iso": "2024-03-15", "parcelle": "77470000ZA0005", "addr_num": "9001"}}, {"type": "Feature", "geometry": {"type": "Point", "coordinates": [2.760036, 48.743698]}, "properties": {"year": 2024, "valeur_fonciere": 167000.0, "type_local": "Dépendance", "surface_reelle_bati": null, "nombre_pieces_principales": 0.0, "adresse_nom_voie": "RES TOURNAN ORIGNY", "price_per_sqm": null, "date_iso": "2024-03-15", "parcelle": "77470000ZA0005", "addr_num": "9001"}}, {"type": "Feature", "geometry": {"type": "Point", "coordinates": [2.760036, 48.743698]}, "properties": {"year": 2024, "valeur_fonciere": 167000.0, "type_local": "Dépendance", "surface_reelle_bati": null, "nombre_pieces_principales": 0.0, "adresse_nom_voie": "RES TOURNAN ORIGNY", "price_per_sqm": null, "date_iso": "2024-03-15", "parcelle": "77470000ZA0005", "addr_num": "9001"}}, {"type": "Feature", "geometry": {"type": "Point", "coordinates": [2.753912, 48.746983]}, "properties": {"year": 2024, "valeur_fonciere": 390000.0, "type_local": "Maison", "surface_reelle_bati": 141.0, "nombre_pieces_principales": 9.0, "adresse_nom_voie": "RUE JEAN BAPTISTE LULLY", "price_per_sqm": 2765.9574468085107, "date_iso": "2024-03-29", "parcelle": "77470000ZA0666", "addr_num": "29"}}, {"type": "Feature", "geometry": {"type": "Point", "coordinates": [2.753912, 48.746983]}, "properties": {"year": 2024, "valeur_fonciere": 390000.0, "type_local": "Maison", "surface_reelle_bati": 141.0, "nombre_pieces_principales": 9.0, "adresse_nom_voie": "RUE JEAN BAPTISTE LULLY", "price_per_sqm": 2765.9574468085107, "date_iso": "2024-03-29", "parcelle": "77470000ZA0666", "addr_num": "29"}}, {"type": "Feature", "geometry": {"type": "Point", "coordinates": [2.770518, 48.746217]}, "properties": {"year": 2024, "valeur_fonciere": 257500.0, "type_local": "Dépendance", "surface_reelle_bati": null, "nombre_pieces_principales": 0.0, "adresse_nom_voie": "RUE DU PERE BROTTIER", "price_per_sqm": null, "date_iso": "2024-04-02", "parcelle": "77470000ZA0808", "addr_num": "9001"}}, {"type": "Feature", "geometry": {"type": "Point", "coordinates": [2.770518, 48.746217]}, "properties": {"year": 2024, "valeur_fonciere": 257500.0, "type_local": "Maison", "surface_reelle_bati": 103.0, "nombre_pieces_principales": 5.0, "adresse_nom_voie": "RUE DU PERE BROTTIER", "price_per_sqm": 2500.0, "date_iso": "2024-04-02", "parcelle": "77470000ZA0808", "addr_num": "29"}}, {"type": "Feature", "geometry": {"type": "Point", "coordinates": [2.770518, 48.746217]}, "properties": {"year": 2024, "valeur_fonciere": 257500.0, "type_local": "Dépendance", "surface_reelle_bati": null, "nombre_pieces_principales": 0.0, "adresse_nom_voie": "RUE DU PERE BROTTIER", "price_per_sqm": null, "date_iso": "2024-04-02", "parcelle": "77470000ZA0808", "addr_num": "9001"}}, {"type": "Feature", "geometry": {"type": "Point", "coordinates": [2.753553, 48.743985]}, "properties": {"year": 2024, "valeur_fonciere": 15000.0, "type_local": "Dépendance", "surface_reelle_bati": null, "nombre_pieces_principales": 0.0, "adresse_nom_voie": "RUE JULES LEFEBVRE", "price_per_sqm": null, "date_iso": "2024-04-16", "parcelle": "77470000AB0292", "addr_num": "12"}}, {"type": "Feature", "geometry": {"type": "Point", "coordinates": [2.758499, 48.743999]}, "properties": {"year": 2024, "valeur_fonciere": 395000.0, "type_local": "Maison", "surface_reelle_bati": 110.0, "nombre_pieces_principales": 7.0, "adresse_nom_voie": "RUE DU GROS NOYER", "price_per_sqm": 3590.909090909091, "date_iso": "2024-04-26", "parcelle": "77470000ZA0190", "addr_num": "9"}}, {"type": "Feature", "geometry": {"type": "Point", "coordinates": [2.765177, 48.740249]}, "properties": {"year": 2024, "valeur_fonciere": 250000.0, "type_local": "Local industriel. commercial ou assimilé", "surface_reelle_bati": 88.0, "nombre_pieces_principales": 0.0, "adresse_nom_voie": "RUE DE PARIS", "price_per_sqm": 2840.909090909091, "date_iso": "2024-04-30", "parcelle": "77470000AI0292", "addr_num": "1"}}, {"type": "Feature", "geometry": {"type": "Point", "coordinates": [2.795968, 48.742045]}, "properties": {"year": 2024, "valeur_fonciere": 154240.0, "type_local": null, "surface_reelle_bati": null, "nombre_pieces_principales": null, "adresse_nom_voie": "PLAINE DES JARRIS", "price_per_sqm": null, "date_iso": "2024-05-03", "parcelle": "77470000ZH0001", "addr_num": ""}}, {"type": "Feature", "geometry": {"type": "Point", "coordinates": [2.794196, 48.743245]}, "properties": {"year": 2024, "valeur_fonciere": 154240.0, "type_local": null, "surface_reelle_bati": null, "nombre_pieces_principales": null, "adresse_nom_voie": "PLAINE DES JARRIS", "price_per_sqm": null, "date_iso": "2024-05-03", "parcelle": "77470000ZH0002", "addr_num": ""}}, {"type": "Feature", "geometry": {"type": "Point", "coordinates": [2.764534, 48.739744]}, "properties": {"year": 2024, "valeur_fonciere": 111000.0, "type_local": "Appartement", "surface_reelle_bati": 33.0, "nombre_pieces_principales": 2.0, "adresse_nom_voie": "RUE DE PARIS", "price_per_sqm": 3363.6363636363635, "date_iso": "2024-05-16", "parcelle": "77470000AI0342", "addr_num": "25"}}, {"type": "Feature", "geometry": {"type": "Point", "coordinates": [2.764534, 48.739744]}, "properties": {"year": 2024, "valeur_fonciere": 111000.0, "type_local": "Dépendance", "surface_reelle_bati": null, "nombre_pieces_principales": 0.0, "adresse_nom_voie": "RUE DE PARIS", "price_per_sqm": null, "date_iso": "2024-05-16", "parcelle": "77470000AI0342", "addr_num": "25"}}, {"type": "Feature", "geometry": {"type": "Point", "coordinates": [2.760624, 48.740061]}, "properties": {"year": 2024, "valeur_fonciere": 225000.0, "type_local": "Appartement", "surface_reelle_bati": 78.0, "nombre_pieces_principales": 4.0, "adresse_nom_voie": "RUE NOUVELLE", "price_per_sqm": 2884.6153846153848, "date_iso": "2024-05-17", "parcelle": "77470000AC0047", "addr_num": "2"}}, {"type": "Feature", "geometry": {"type": "Point", "coordinates": [2.760624, 48.740061]}, "properties": {"year": 2024, "valeur_fonciere": 225000.0, "type_local": "Appartement", "surface_reelle_bati": 13.0, "nombre_pieces_principales": 1.0, "adresse_nom_voie": "RUE NOUVELLE", "price_per_sqm": 17307.69230769231, "date_iso": "2024-05-17", "parcelle": "77470000AC0047", "addr_num": "2"}}, {"type": "Feature", "geometry": {"type": "Point", "coordinates": [2.760624, 48.740061]}, "properties": {"year": 2024, "valeur_fonciere": 225000.0, "type_local": "Dépendance", "surface_reelle_bati": null, "nombre_pieces_principales": 0.0, "adresse_nom_voie": "RUE NOUVELLE", "price_per_sqm": null, "date_iso": "2024-05-17", "parcelle": "77470000AC0047", "addr_num": "2"}}, {"type": "Feature", "geometry": {"type": "Point", "coordinates": [2.760624, 48.740061]}, "properties": {"year": 2024, "valeur_fonciere": 225000.0, "type_local": "Dépendance", "surface_reelle_bati": null, "nombre_pieces_principales": 0.0, "adresse_nom_voie": "RUE NOUVELLE", "price_per_sqm": null, "date_iso": "2024-05-17", "parcelle": "77470000AC0047", "addr_num": "2"}}, {"type": "Feature", "geometry": {"type": "Point", "coordinates": [2.760624, 48.740061]}, "properties": {"year": 2024, "valeur_fonciere": 225000.0, "type_local": "Dépendance", "surface_reelle_bati": null, "nombre_pieces_principales": 0.0, "adresse_nom_voie": "RUE NOUVELLE", "price_per_sqm": null, "date_iso": "2024-05-17", "parcelle": "77470000AC0047", "addr_num": "2"}}, {"type": "Feature", "geometry": {"type": "Point", "coordinates": [2.760624, 48.740061]}, "properties": {"year": 2024, "valeur_fonciere": 225000.0, "type_local": null, "surface_reelle_bati": null, "nombre_pieces_principales": null, "adresse_nom_voie": "RUE NOUVELLE", "price_per_sqm": null, "date_iso": "2024-05-17", "parcelle": "77470000AC0047", "addr_num": "2"}}, {"type": "Feature", "geometry": {"type": "Point", "coordinates": [2.760624, 48.740061]}, "properties": {"year": 2024, "valeur_fonciere": 225000.0, "type_local": null, "surface_reelle_bati": null, "nombre_pieces_principales": null, "adresse_nom_voie": "RUE NOUVELLE", "price_per_sqm": null, "date_iso": "2024-05-17", "parcelle": "77470000AC0047", "addr_num": "2"}}, {"type": "Feature", "geometry": {"type": "Point", "coordinates": [2.767439, 48.739186]}, "properties": {"year": 2024, "valeur_fonciere": 107000.0, "type_local": null, "surface_reelle_bati": null, "nombre_pieces_principales": null, "adresse_nom_voie": "RUE DE PROVINS", "price_per_sqm": null, "date_iso": "2024-05-23", "parcelle": "77470000AH0010", "addr_num": ""}}, {"type": "Feature", "geometry": {"type": "Point", "coordinates": [2.767531, 48.739181]}, "properties": {"year": 2024, "valeur_fonciere": 107000.0, "type_local": "Dépendance", "surface_reelle_bati": null, "nombre_pieces_principales": 0.0, "adresse_nom_voie": "RUE DE PROVINS", "price_per_sqm": null, "date_iso": "2024-05-23", "parcelle": "77470000AH0011", "addr_num": "27"}}, {"type": "Feature", "geometry": {"type": "Point", "coordinates": [2.767531, 48.739181]}, "properties": {"year": 2024, "valeur_fonciere": 107000.0, "type_local": "Dépendance", "surface_reelle_bati": null, "nombre_pieces_principales": 0.0, "adresse_nom_voie": "RUE DE PROVINS", "price_per_sqm": null, "date_iso": "2024-05-23", "parcelle": "77470000AH0011", "addr_num": "27"}}, {"type": "Feature", "geometry": {"type": "Point", "coordinates": [2.767531, 48.739181]}, "properties": {"year": 2024, "valeur_fonciere": 107000.0, "type_local": "Appartement", "surface_reelle_bati": 21.0, "nombre_pieces_principales": 1.0, "adresse_nom_voie": "RUE DE PROVINS", "price_per_sqm": 5095.238095238095, "date_iso": "2024-05-23", "parcelle": "77470000AH0011", "addr_num": "27"}}, {"type": "Feature", "geometry": {"type": "Point", "coordinates": [2.757263, 48.740774]}, "properties": {"year": 2024, "valeur_fonciere": 241000.0, "type_local": "Dépendance", "surface_reelle_bati": null, "nombre_pieces_principales": 0.0, "adresse_nom_voie": "BD DUBURCQ", "price_per_sqm": null, "date_iso": "2024-05-27", "parcelle": "77470000AB0044", "addr_num": "18"}}, {"type": "Feature", "geometry": {"type": "Point", "coordinates": [2.757263, 48.740774]}, "properties": {"year": 2024, "valeur_fonciere": 241000.0, "type_local": "Dépendance", "surface_reelle_bati": null, "nombre_pieces_principales": 0.0, "adresse_nom_voie": "BD DUBURCQ", "price_per_sqm": null, "date_iso": "2024-05-27", "parcelle": "77470000AB0044", "addr_num": "18"}}, {"type": "Feature", "geometry": {"type": "Point", "coordinates": [2.757263, 48.740774]}, "properties": {"year": 2024, "valeur_fonciere": 241000.0, "type_local": "Appartement", "surface_reelle_bati": 52.0, "nombre_pieces_principales": 3.0, "adresse_nom_voie": "BD DUBURCQ", "price_per_sqm": 4634.615384615385, "date_iso": "2024-05-27", "parcelle": "77470000AB0044", "addr_num": "18"}}, {"type": "Feature", "geometry": {"type": "Point", "coordinates": [2.771042, 48.7431]}, "properties": {"year": 2024, "valeur_fonciere": 270000.0, "type_local": null, "surface_reelle_bati": null, "nombre_pieces_principales": null, "adresse_nom_voie": "LE MARTRAY", "price_per_sqm": null, "date_iso": "2024-05-31", "parcelle": "77470000AE0157", "addr_num": ""}}, {"type": "Feature", "geometry": {"type": "Point", "coordinates": [2.771185, 48.742895]}, "properties": {"year": 2024, "valeur_fonciere": 270000.0, "type_local": null, "surface_reelle_bati": null, "nombre_pieces_principales": null, "adresse_nom_voie": "LE MARTRAY", "price_per_sqm": null, "date_iso": "2024-05-31", "parcelle": "77470000AE0162", "addr_num": ""}}, {"type": "Feature", "geometry": {"type": "Point", "coordinates": [2.77176, 48.742528]}, "properties": {"year": 2024, "valeur_fonciere": 270000.0, "type_local": null, "surface_reelle_bati": null, "nombre_pieces_principales": null, "adresse_nom_voie": "RUE DU BIEF", "price_per_sqm": null, "date_iso": "2024-05-31", "parcelle": "77470000AE0193", "addr_num": ""}}, {"type": "Feature", "geometry": {"type": "Point", "coordinates": [2.771791, 48.742623]}, "properties": {"year": 2024, "valeur_fonciere": 270000.0, "type_local": "Maison", "surface_reelle_bati": 91.0, "nombre_pieces_principales": 5.0, "adresse_nom_voie": "RUE DU BIEF", "price_per_sqm": 2967.032967032967, "date_iso": "2024-05-31", "parcelle": "77470000AE0194", "addr_num": "3"}}, {"type": "Feature", "geometry": {"type": "Point", "coordinates": [2.775165, 48.741451]}, "properties": {"year": 2024, "valeur_fonciere": 270000.0, "type_local": null, "surface_reelle_bati": null, "nombre_pieces_principales": null, "adresse_nom_voie": "RUE DE VILLE", "price_per_sqm": null, "date_iso": "2024-05-31", "parcelle": "77470000AE0299", "addr_num": ""}}, {"type": "Feature", "geometry": {"type": "Point", "coordinates": [2.773374, 48.74166]}, "properties": {"year": 2024, "valeur_fonciere": 270000.0, "type_local": null, "surface_reelle_bati": null, "nombre_pieces_principales": null, "adresse_nom_voie": "LE VAL DES BOISSIERES", "price_per_sqm": null, "date_iso": "2024-05-31", "parcelle": "77470000AE0330", "addr_num": ""}}, {"type": "Feature", "geometry": {"type": "Point", "coordinates": [2.773095, 48.741943]}, "properties": {"year": 2024, "valeur_fonciere": 270000.0, "type_local": null, "surface_reelle_bati": null, "nombre_pieces_principales": null, "adresse_nom_voie": "LE VAL DES BOISSIERES", "price_per_sqm": null, "date_iso": "2024-05-31", "parcelle": "77470000AE0337", "addr_num": ""}}, {"type": "Feature", "geometry": {"type": "Point", "coordinates": [2.772712, 48.742435]}, "properties": {"year": 2024, "valeur_fonciere": 270000.0, "type_local": "Local industriel. commercial ou assimilé", "surface_reelle_bati": null, "nombre_pieces_principales": 0.0, "adresse_nom_voie": "LE VAL DES BOISSIERES", "price_per_sqm": null, "date_iso": "2024-05-31", "parcelle": "77470000AE0346", "addr_num": "9001"}}, {"type": "Feature", "geometry": {"type": "Point", "coordinates": [2.771764, 48.741891]}, "properties": {"year": 2024, "valeur_fonciere": 270000.0, "type_local": null, "surface_reelle_bati": null, "nombre_pieces_principales": null, "adresse_nom_voie": "LE MARTRAY", "price_per_sqm": null, "date_iso": "2024-05-31", "parcelle": "77470000AE0358", "addr_num": ""}}, {"type": "Feature", "geometry": {"type": "Point", "coordinates": [2.770768, 48.742477]}, "properties": {"year": 2024, "valeur_fonciere": 270000.0, "type_local": null, "surface_reelle_bati": null, "nombre_pieces_principales": null, "adresse_nom_voie": "LE MARTRAY", "price_per_sqm": null, "date_iso": "2024-05-31", "parcelle": "77470000AE0370", "addr_num": ""}}, {"type": "Feature", "geometry": {"type": "Point", "coordinates": [2.770574, 48.742444]}, "properties": {"year": 2024, "valeur_fonciere": 270000.0, "type_local": null, "surface_reelle_bati": null, "nombre_pieces_principales": null, "adresse_nom_voie": "LE MARTRAY", "price_per_sqm": null, "date_iso": "2024-05-31", "parcelle": "77470000AE0371", "addr_num": ""}}, {"type": "Feature", "geometry": {"type": "Point", "coordinates": [2.770045, 48.742356]}, "properties": {"year": 2024, "valeur_fonciere": 270000.0, "type_local": null, "surface_reelle_bati": null, "nombre_pieces_principales": null, "adresse_nom_voie": "LE MARTRAY", "price_per_sqm": null, "date_iso": "2024-05-31", "parcelle": "77470000AE0374", "addr_num": ""}}, {"type": "Feature", "geometry": {"type": "Point", "coordinates": [2.773312, 48.742378]}, "properties": {"year": 2024, "valeur_fonciere": 270000.0, "type_local": null, "surface_reelle_bati": null, "nombre_pieces_principales": null, "adresse_nom_voie": "LE MARTRAY", "price_per_sqm": null, "date_iso": "2024-05-31", "parcelle": "77470000AE0375", "addr_num": ""}}, {"type": "Feature", "geometry": {"type": "Point", "coordinates": [2.77748, 48.741079]}, "properties": {"year": 2024, "valeur_fonciere": 295000.0, "type_local": "Maison", "surface_reelle_bati": 107.0, "nombre_pieces_principales": 5.0, "adresse_nom_voie": "RUE ALBERT LEBRUN", "price_per_sqm": 2757.0093457943926, "date_iso": "2024-06-10", "parcelle": "77470000AE0427", "addr_num": "36"}}, {"type": "Feature", "geometry": {"type": "Point", "coordinates": [2.759709, 48.742535]}, "properties": {"year": 2024, "valeur_fonciere": 87000.0, "type_local": "Appartement", "surface_reelle_bati": 18.0, "nombre_pieces_principales": 1.0, "adresse_nom_voie": "BD ISAAC PEREIRE", "price_per_sqm": 4833.333333333333, "date_iso": "2024-06-25", "parcelle": "77470000AC0002", "addr_num": "2"}}, {"type": "Feature", "geometry": {"type": "Point", "coordinates": [2.761914, 48.740311]}, "properties": {"year": 2024, "valeur_fonciere": 162000.0, "type_local": null, "surface_reelle_bati": null, "nombre_pieces_principales": null, "adresse_nom_voie": "RUE DU PDT POINCARE", "price_per_sqm": null, "date_iso": "2024-06-17", "parcelle": "77470000AI0199", "addr_num": ""}}, {"type": "Feature", "geometry": {"type": "Point", "coordinates": [2.762035, 48.740382]}, "properties": {"year": 2024, "valeur_fonciere": 162000.0, "type_local": null, "surface_reelle_bati": null, "nombre_pieces_principales": null, "adresse_nom_voie": "TOURNAN", "price_per_sqm": null, "date_iso": "2024-06-17", "parcelle": "77470000AI0247", "addr_num": ""}}, {"type": "Feature", "geometry": {"type": "Point", "coordinates": [2.762273, 48.74045]}, "properties": {"year": 2024, "valeur_fonciere": 162000.0, "type_local": null, "surface_reelle_bati": null, "nombre_pieces_principales": null, "adresse_nom_voie": "RUE DU PDT POINCARE", "price_per_sqm": null, "date_iso": "2024-06-17", "parcelle": "77470000AI0248", "addr_num": ""}}, {"type": "Feature", "geometry": {"type": "Point", "coordinates": [2.762138, 48.740389]}, "properties": {"year": 2024, "valeur_fonciere": 162000.0, "type_local": "Dépendance", "surface_reelle_bati": null, "nombre_pieces_principales": 0.0, "adresse_nom_voie": "RUE DU PDT POINCARE", "price_per_sqm": null, "date_iso": "2024-06-17", "parcelle": "77470000AI0360", "addr_num": "13"}}, {"type": "Feature", "geometry": {"type": "Point", "coordinates": [2.762138, 48.740389]}, "properties": {"year": 2024, "valeur_fonciere": 162000.0, "type_local": "Maison", "surface_reelle_bati": 52.0, "nombre_pieces_principales": 3.0, "adresse_nom_voie": "RUE DU PDT POINCARE", "price_per_sqm": 3115.3846153846152, "date_iso": "2024-06-17", "parcelle": "77470000AI0360", "addr_num": "13"}}, {"type": "Feature", "geometry": {"type": "Point", "coordinates": [2.761758, 48.740396]}, "properties": {"year": 2024, "valeur_fonciere": 162000.0, "type_local": null, "surface_reelle_bati": null, "nombre_pieces_principales": null, "adresse_nom_voie": "RUE DU PDT POINCARE", "price_per_sqm": null, "date_iso": "2024-06-17", "parcelle": "77470000AI0361", "addr_num": ""}}, {"type": "Feature", "geometry": {"type": "Point", "coordinates": [2.770324, 48.739601]}, "properties": {"year": 2024, "valeur_fonciere": 122000.0, "type_local": null, "surface_reelle_bati": null, "nombre_pieces_principales": null, "adresse_nom_voie": "RUE DU MAL FOCH", "price_per_sqm": null, "date_iso": "2024-06-18", "parcelle": "77470000AH0101", "addr_num": ""}}, {"type": "Feature", "geometry": {"type": "Point", "coordinates": [2.770529, 48.739599]}, "properties": {"year": 2024, "valeur_fonciere": 122000.0, "type_local": "Appartement", "surface_reelle_bati": 45.0, "nombre_pieces_principales": 3.0, "adresse_nom_voie": "RUE DU MAL FOCH", "price_per_sqm": 2711.1111111111113, "date_iso": "2024-06-18", "parcelle": "77470000AH0103", "addr_num": "36"}}, {"type": "Feature", "geometry": {"type": "Point", "coordinates": [2.770529, 48.739599]}, "properties": {"year": 2024, "valeur_fonciere": 122000.0, "type_local": "Dépendance", "surface_reelle_bati": null, "nombre_pieces_principales": 0.0, "adresse_nom_voie": "RUE DU MAL FOCH", "price_per_sqm": null, "date_iso": "2024-06-18", "parcelle": "77470000AH0103", "addr_num": "36"}}, {"type": "Feature", "geometry": {"type": "Point", "coordinates": [2.759709, 48.742535]}, "properties": {"year": 2024, "valeur_fonciere": 84000.0, "type_local": "Appartement", "surface_reelle_bati": 18.0, "nombre_pieces_principales": 1.0, "adresse_nom_voie": "BD ISAAC PEREIRE", "price_per_sqm": 4666.666666666667, "date_iso": "2024-07-02", "parcelle": "77470000AC0002", "addr_num": "2"}}, {"type": "Feature", "geometry": {"type": "Point", "coordinates": [2.767665, 48.73902]}, "properties": {"year": 2024, "valeur_fonciere": 244000.0, "type_local": "Maison", "surface_reelle_bati": 69.0, "nombre_pieces_principales": 3.0, "adresse_nom_voie": "RUE DE PROVINS", "price_per_sqm": 3536.231884057971, "date_iso": "2024-06-20", "parcelle": "77470000AH0014", "addr_num": "33"}}, {"type": "Feature", "geometry": {"type": "Point", "coordinates": [2.763843, 48.740071]}, "properties": {"year": 2024, "valeur_fonciere": 35000.0, "type_local": "Local industriel. commercial ou assimilé", "surface_reelle_bati": 107.0, "nombre_pieces_principales": 0.0, "adresse_nom_voie": "RUE DE PARIS", "price_per_sqm": 327.10280373831773, "date_iso": "2024-07-03", "parcelle": "77470000AI0127", "addr_num": "26"}}, {"type": "Feature", "geometry": {"type": "Point", "coordinates": [2.770518, 48.746217]}, "properties": {"year": 2024, "valeur_fonciere": 192000.0, "type_local": "Maison", "surface_reelle_bati": 68.0, "nombre_pieces_principales": 3.0, "adresse_nom_voie": "RUE DU PERE BROTTIER", "price_per_sqm": 2823.529411764706, "date_iso": "2024-07-05", "parcelle": "77470000ZA0808", "addr_num": "15"}}, {"type": "Feature", "geometry": {"type": "Point", "coordinates": [2.770518, 48.746217]}, "properties": {"year": 2024, "valeur_fonciere": 192000.0, "type_local": "Dépendance", "surface_reelle_bati": null, "nombre_pieces_principales": 0.0, "adresse_nom_voie": "RUE DU PERE BROTTIER", "price_per_sqm": null, "date_iso": "2024-07-05", "parcelle": "77470000ZA0808", "addr_num": "9001"}}, {"type": "Feature", "geometry": {"type": "Point", "coordinates": [2.771932, 48.744261]}, "properties": {"year": 2024, "valeur_fonciere": 357000.0, "type_local": "Maison", "surface_reelle_bati": 90.0, "nombre_pieces_principales": 4.0, "adresse_nom_voie": "RUE MOZART", "price_per_sqm": 3966.6666666666665, "date_iso": "2024-07-10", "parcelle": "77470000ZA0240", "addr_num": "12"}}, {"type": "Feature", "geometry": {"type": "Point", "coordinates": [2.77548, 48.74245]}, "properties": {"year": 2024, "valeur_fonciere": 306000.0, "type_local": "Maison", "surface_reelle_bati": 98.0, "nombre_pieces_principales": 5.0, "adresse_nom_voie": "RUE DE GARLANDE", "price_per_sqm": 3122.4489795918366, "date_iso": "2024-07-19", "parcelle": "77470000AE0240", "addr_num": "41"}}, {"type": "Feature", "geometry": {"type": "Point", "coordinates": [2.772853, 48.73844]}, "properties": {"year": 2024, "valeur_fonciere": 163000.0, "type_local": "Dépendance", "surface_reelle_bati": null, "nombre_pieces_principales": 0.0, "adresse_nom_voie": "RUE DE LA MADELEINE", "price_per_sqm": null, "date_iso": "2024-07-04", "parcelle": "77470000AH0492", "addr_num": "61"}}, {"type": "Feature", "geometry": {"type": "Point", "coordinates": [2.772853, 48.73844]}, "properties": {"year": 2024, "valeur_fonciere": 163000.0, "type_local": "Appartement", "surface_reelle_bati": 45.0, "nombre_pieces_principales": 2.0, "adresse_nom_voie": "RUE DE LA MADELEINE", "price_per_sqm": 3622.222222222222, "date_iso": "2024-07-04", "parcelle": "77470000AH0492", "addr_num": "61"}}, {"type": "Feature", "geometry": {"type": "Point", "coordinates": [2.757219, 48.746466]}, "properties": {"year": 2024, "valeur_fonciere": 494000.0, "type_local": "Maison", "surface_reelle_bati": 184.0, "nombre_pieces_principales": 9.0, "adresse_nom_voie": "AV DU GEN DE GAULLE", "price_per_sqm": 2684.782608695652, "date_iso": "2024-07-19", "parcelle": "77470000ZA0423", "addr_num": "50"}}, {"type": "Feature", "geometry": {"type": "Point", "coordinates": [2.757219, 48.746466]}, "properties": {"year": 2024, "valeur_fonciere": 494000.0, "type_local": "Maison", "surface_reelle_bati": 184.0, "nombre_pieces_principales": 9.0, "adresse_nom_voie": "AV DU GEN DE GAULLE", "price_per_sqm": 2684.782608695652, "date_iso": "2024-07-19", "parcelle": "77470000ZA0423", "addr_num": "50"}}, {"type": "Feature", "geometry": {"type": "Point", "coordinates": [2.759709, 48.742535]}, "properties": {"year": 2024, "valeur_fonciere": 87000.0, "type_local": "Appartement", "surface_reelle_bati": 18.0, "nombre_pieces_principales": 1.0, "adresse_nom_voie": "BD ISAAC PEREIRE", "price_per_sqm": 4833.333333333333, "date_iso": "2024-08-01", "parcelle": "77470000AC0002", "addr_num": "2"}}, {"type": "Feature", "geometry": {"type": "Point", "coordinates": [2.760699, 48.746619]}, "properties": {"year": 2024, "valeur_fonciere": 307000.0, "type_local": "Maison", "surface_reelle_bati": 82.0, "nombre_pieces_principales": 4.0, "adresse_nom_voie": "AV DU GEN DE GAULLE", "price_per_sqm": 3743.9024390243903, "date_iso": "2024-07-18", "parcelle": "77470000ZA0541", "addr_num": "55"}}, {"type": "Feature", "geometry": {"type": "Point", "coordinates": [2.752401, 48.739759]}, "properties": {"year": 2024, "valeur_fonciere": 342800.0, "type_local": "Maison", "surface_reelle_bati": 88.0, "nombre_pieces_principales": 5.0, "adresse_nom_voie": "LOT VAL DES DAMES", "price_per_sqm": 3895.4545454545455, "date_iso": "2024-07-31", "parcelle": "77470000AK0201", "addr_num": "64"}}, {"type": "Feature", "geometry": {"type": "Point", "coordinates": [2.766296, 48.739823]}, "properties": {"year": 2024, "valeur_fonciere": 170500.0, "type_local": "Appartement", "surface_reelle_bati": 48.0, "nombre_pieces_principales": 2.0, "adresse_nom_voie": "RUE DU GLACIS", "price_per_sqm": 3552.0833333333335, "date_iso": "2024-07-16", "parcelle": "77470000AI0082", "addr_num": "3"}}, {"type": "Feature", "geometry": {"type": "Point", "coordinates": [2.765741, 48.747252]}, "properties": {"year": 2024, "valeur_fonciere": 830000.0, "type_local": null, "surface_reelle_bati": null, "nombre_pieces_principales": null, "adresse_nom_voie": "PLAINE DES CARREAUX", "price_per_sqm": null, "date_iso": "2024-08-05", "parcelle": "77470000ZA0021", "addr_num": ""}}, {"type": "Feature", "geometry": {"type": "Point", "coordinates": [2.765781, 48.746614]}, "properties": {"year": 2024, "valeur_fonciere": 830000.0, "type_local": null, "surface_reelle_bati": null, "nombre_pieces_principales": null, "adresse_nom_voie": "PLAINE DES CARREAUX", "price_per_sqm": null, "date_iso": "2024-08-05", "parcelle": "77470000ZA0023", "addr_num": ""}}, {"type": "Feature", "geometry": {"type": "Point", "coordinates": [2.765694, 48.747015]}, "properties": {"year": 2024, "valeur_fonciere": 830000.0, "type_local": "Dépendance", "surface_reelle_bati": null, "nombre_pieces_principales": 0.0, "adresse_nom_voie": "RUE DU PDT POINCARE", "price_per_sqm": null, "date_iso": "2024-08-05", "parcelle": "77470000ZA0806", "addr_num": "58"}}, {"type": "Feature", "geometry": {"type": "Point", "coordinates": [2.765694, 48.747015]}, "properties": {"year": 2024, "valeur_fonciere": 830000.0, "type_local": "Maison", "surface_reelle_bati": 300.0, "nombre_pieces_principales": 9.0, "adresse_nom_voie": "RUE DU PDT POINCARE", "price_per_sqm": 2766.6666666666665, "date_iso": "2024-08-05", "parcelle": "77470000ZA0806", "addr_num": "58"}}, {"type": "Feature", "geometry": {"type": "Point", "coordinates": [2.765694, 48.747015]}, "properties": {"year": 2024, "valeur_fonciere": 830000.0, "type_local": "Maison", "surface_reelle_bati": 300.0, "nombre_pieces_principales": 9.0, "adresse_nom_voie": "RUE DU PDT POINCARE", "price_per_sqm": 2766.6666666666665, "date_iso": "2024-08-05", "parcelle": "77470000ZA0806", "addr_num": "58"}}, {"type": "Feature", "geometry": {"type": "Point", "coordinates": [2.765694, 48.747015]}, "properties": {"year": 2024, "valeur_fonciere": 830000.0, "type_local": "Dépendance", "surface_reelle_bati": null, "nombre_pieces_principales": 0.0, "adresse_nom_voie": "RUE DU PDT POINCARE", "price_per_sqm": null, "date_iso": "2024-08-05", "parcelle": "77470000ZA0806", "addr_num": "58"}}, {"type": "Feature", "geometry": {"type": "Point", "coordinates": [2.766615, 48.74676]}, "properties": {"year": 2024, "valeur_fonciere": 830000.0, "type_local": null, "surface_reelle_bati": null, "nombre_pieces_principales": null, "adresse_nom_voie": "RUE DU PDT POINCARE", "price_per_sqm": null, "date_iso": "2024-08-05", "parcelle": "77470000ZA0807", "addr_num": "56"}}, {"type": "Feature", "geometry": {"type": "Point", "coordinates": [2.756542, 48.738627]}, "properties": {"year": 2024, "valeur_fonciere": 387250.0, "type_local": "Dépendance", "surface_reelle_bati": null, "nombre_pieces_principales": 0.0, "adresse_nom_voie": "RUE DE PARIS", "price_per_sqm": null, "date_iso": "2024-07-24", "parcelle": "77470000AK0083", "addr_num": "83"}}, {"type": "Feature", "geometry": {"type": "Point", "coordinates": [2.756542, 48.738627]}, "properties": {"year": 2024, "valeur_fonciere": 387250.0, "type_local": "Dépendance", "surface_reelle_bati": null, "nombre_pieces_principales": 0.0, "adresse_nom_voie": "RUE DE PARIS", "price_per_sqm": null, "date_iso": "2024-07-24", "parcelle": "77470000AK0083", "addr_num": "83"}}, {"type": "Feature", "geometry": {"type": "Point", "coordinates": [2.756542, 48.738627]}, "properties": {"year": 2024, "valeur_fonciere": 387250.0, "type_local": "Maison", "surface_reelle_bati": 115.0, "nombre_pieces_principales": 6.0, "adresse_nom_voie": "RUE DE PARIS", "price_per_sqm": 3367.391304347826, "date_iso": "2024-07-24", "parcelle": "77470000AK0083", "addr_num": "83"}}, {"type": "Feature", "geometry": {"type": "Point", "coordinates": [2.756586, 48.738639]}, "properties": {"year": 2024, "valeur_fonciere": 387250.0, "type_local": null, "surface_reelle_bati": null, "nombre_pieces_principales": null, "adresse_nom_voie": "RUE DE PARIS", "price_per_sqm": null, "date_iso": "2024-07-24", "parcelle": "77470000AK0252", "addr_num": ""}}, {"type": "Feature", "geometry": {"type": "Point", "coordinates": [2.767323, 48.738795]}, "properties": {"year": 2024, "valeur_fonciere": 275000.0, "type_local": "Dépendance", "surface_reelle_bati": null, "nombre_pieces_principales": 0.0, "adresse_nom_voie": "RUE DE PROVINS", "price_per_sqm": null, "date_iso": "2024-08-01", "parcelle": "77470000AH0223", "addr_num": "54"}}, {"type": "Feature", "geometry": {"type": "Point", "coordinates": [2.767323, 48.738795]}, "properties": {"year": 2024, "valeur_fonciere": 275000.0, "type_local": "Maison", "surface_reelle_bati": 190.0, "nombre_pieces_principales": 8.0, "adresse_nom_voie": "RUE DE PROVINS", "price_per_sqm": 1447.3684210526317, "date_iso": "2024-08-01", "parcelle": "77470000AH0223", "addr_num": "54"}}, {"type": "Feature", "geometry": {"type": "Point", "coordinates": [2.772619, 48.744603]}, "properties": {"year": 2024, "valeur_fonciere": 339000.0, "type_local": "Maison", "surface_reelle_bati": 106.0, "nombre_pieces_principales": 5.0, "adresse_nom_voie": "RUE MOZART", "price_per_sqm": 3198.1132075471696, "date_iso": "2024-08-07", "parcelle": "77470000ZA0268", "addr_num": "43"}}, {"type": "Feature", "geometry": {"type": "Point", "coordinates": [2.774365, 48.744784]}, "properties": {"year": 2024, "valeur_fonciere": 347000.0, "type_local": "Maison", "surface_reelle_bati": 75.0, "nombre_pieces_principales": 4.0, "adresse_nom_voie": "ALL DE MONTECOUVE", "price_per_sqm": 4626.666666666667, "date_iso": "2024-08-09", "parcelle": "77470000ZA0127", "addr_num": "9"}}, {"type": "Feature", "geometry": {"type": "Point", "coordinates": [2.760983, 48.739617]}, "properties": {"year": 2024, "valeur_fonciere": 455000.0, "type_local": "Maison", "surface_reelle_bati": 126.0, "nombre_pieces_principales": 6.0, "adresse_nom_voie": "RUE PAUL HASTIER", "price_per_sqm": 3611.1111111111113, "date_iso": "2024-09-04", "parcelle": "77470000AI0423", "addr_num": "5"}}, {"type": "Feature", "geometry": {"type": "Point", "coordinates": [2.760704, 48.73972]}, "properties": {"year": 2024, "valeur_fonciere": 455000.0, "type_local": null, "surface_reelle_bati": null, "nombre_pieces_principales": null, "adresse_nom_voie": "RUE PAUL HASTIER", "price_per_sqm": null, "date_iso": "2024-09-04", "parcelle": "77470000AI0424", "addr_num": "5"}}, {"type": "Feature", "geometry": {"type": "Point", "coordinates": [2.752333, 48.740107]}, "properties": {"year": 2024, "valeur_fonciere": 365000.0, "type_local": "Maison", "surface_reelle_bati": 93.0, "nombre_pieces_principales": 5.0, "adresse_nom_voie": "LOT VAL DES DAMES", "price_per_sqm": 3924.7311827956987, "date_iso": "2024-08-27", "parcelle": "77470000AK0221", "addr_num": "25"}}, {"type": "Feature", "geometry": {"type": "Point", "coordinates": [2.760579, 48.740771]}, "properties": {"year": 2024, "valeur_fonciere": 499900.0, "type_local": "Maison", "surface_reelle_bati": 189.0, "nombre_pieces_principales": 8.0, "adresse_nom_voie": "RUE ALBERT ET FERIAUD", "price_per_sqm": 2644.973544973545, "date_iso": "2024-08-26", "parcelle": "77470000AC0136", "addr_num": "1"}}, {"type": "Feature", "geometry": {"type": "Point", "coordinates": [2.760579, 48.740771]}, "properties": {"year": 2024, "valeur_fonciere": 499900.0, "type_local": "Dépendance", "surface_reelle_bati": null, "nombre_pieces_principales": 0.0, "adresse_nom_voie": "RUE ALBERT ET FERIAUD", "price_per_sqm": null, "date_iso": "2024-08-26", "parcelle": "77470000AC0136", "addr_num": "1"}}, {"type": "Feature", "geometry": {"type": "Point", "coordinates": [2.760579, 48.740771]}, "properties": {"year": 2024, "valeur_fonciere": 499900.0, "type_local": "Maison", "surface_reelle_bati": 189.0, "nombre_pieces_principales": 8.0, "adresse_nom_voie": "RUE ALBERT ET FERIAUD", "price_per_sqm": 2644.973544973545, "date_iso": "2024-08-26", "parcelle": "77470000AC0136", "addr_num": "1"}}, {"type": "Feature", "geometry": {"type": "Point", "coordinates": [2.760579, 48.740771]}, "properties": {"year": 2024, "valeur_fonciere": 499900.0, "type_local": "Dépendance", "surface_reelle_bati": null, "nombre_pieces_principales": 0.0, "adresse_nom_voie": "RUE ALBERT ET FERIAUD", "price_per_sqm": null, "date_iso": "2024-08-26", "parcelle": "77470000AC0136", "addr_num": "1"}}, {"type": "Feature", "geometry": {"type": "Point", "coordinates": [2.760036, 48.743698]}, "properties": {"year": 2024, "valeur_fonciere": 145000.0, "type_local": "Dépendance", "surface_reelle_bati": null, "nombre_pieces_principales": 0.0, "adresse_nom_voie": "RES TOURNAN ORIGNY", "price_per_sqm": null, "date_iso": "2024-09-11", "parcelle": "77470000ZA0005", "addr_num": "9001"}}, {"type": "Feature", "geometry": {"type": "Point", "coordinates": [2.760036, 48.743698]}, "properties": {"year": 2024, "valeur_fonciere": 145000.0, "type_local": "Appartement", "surface_reelle_bati": 41.0, "nombre_pieces_principales": 2.0, "adresse_nom_voie": "RES TOURNAN ORIGNY", "price_per_sqm": 3536.5853658536585, "date_iso": "2024-09-11", "parcelle": "77470000ZA0005", "addr_num": "9001"}}, {"type": "Feature", "geometry": {"type": "Point", "coordinates": [2.760036, 48.743698]}, "properties": {"year": 2024, "valeur_fonciere": 145000.0, "type_local": "Dépendance", "surface_reelle_bati": null, "nombre_pieces_principales": 0.0, "adresse_nom_voie": "RES TOURNAN ORIGNY", "price_per_sqm": null, "date_iso": "2024-09-11", "parcelle": "77470000ZA0005", "addr_num": "9001"}}, {"type": "Feature", "geometry": {"type": "Point", "coordinates": [2.760036, 48.743698]}, "properties": {"year": 2024, "valeur_fonciere": 145000.0, "type_local": "Dépendance", "surface_reelle_bati": null, "nombre_pieces_principales": 0.0, "adresse_nom_voie": "RES TOURNAN ORIGNY", "price_per_sqm": null, "date_iso": "2024-09-11", "parcelle": "77470000ZA0005", "addr_num": "9001"}}, {"type": "Feature", "geometry": {"type": "Point", "coordinates": [2.754244, 48.74707]}, "properties": {"year": 2024, "valeur_fonciere": 480000.0, "type_local": "Maison", "surface_reelle_bati": 113.0, "nombre_pieces_principales": 4.0, "adresse_nom_voie": "RUE JEAN BAPTISTE LULLY", "price_per_sqm": 4247.787610619469, "date_iso": "2024-09-06", "parcelle": "77470000ZA0667", "addr_num": "31"}}, {"type": "Feature", "geometry": {"type": "Point", "coordinates": [2.754244, 48.74707]}, "properties": {"year": 2024, "valeur_fonciere": 480000.0, "type_local": "Maison", "surface_reelle_bati": 113.0, "nombre_pieces_principales": 4.0, "adresse_nom_voie": "RUE JEAN BAPTISTE LULLY", "price_per_sqm": 4247.787610619469, "date_iso": "2024-09-06", "parcelle": "77470000ZA0667", "addr_num": "31"}}, {"type": "Feature", "geometry": {"type": "Point", "coordinates": [2.751636, 48.745284]}, "properties": {"year": 2024, "valeur_fonciere": 472000.0, "type_local": "Dépendance", "surface_reelle_bati": null, "nombre_pieces_principales": 0.0, "adresse_nom_voie": "RUE MAURICE ALEXANDER", "price_per_sqm": null, "date_iso": "2024-08-23", "parcelle": "77470000ZA0724", "addr_num": "6"}}, {"type": "Feature", "geometry": {"type": "Point", "coordinates": [2.751636, 48.745284]}, "properties": {"year": 2024, "valeur_fonciere": 472000.0, "type_local": "Maison", "surface_reelle_bati": 135.0, "nombre_pieces_principales": 4.0, "adresse_nom_voie": "RUE MAURICE ALEXANDER", "price_per_sqm": 3496.296296296296, "date_iso": "2024-08-23", "parcelle": "77470000ZA0724", "addr_num": "6"}}, {"type": "Feature", "geometry": {"type": "Point", "coordinates": [2.775904, 48.743722]}, "properties": {"year": 2024, "valeur_fonciere": 385000.0, "type_local": "Dépendance", "surface_reelle_bati": null, "nombre_pieces_principales": 0.0, "adresse_nom_voie": "ALL DES COQUELICOTS", "price_per_sqm": null, "date_iso": "2024-09-17", "parcelle": "77470000AE0582", "addr_num": "8"}}, {"type": "Feature", "geometry": {"type": "Point", "coordinates": [2.775904, 48.743722]}, "properties": {"year": 2024, "valeur_fonciere": 385000.0, "type_local": "Maison", "surface_reelle_bati": 125.0, "nombre_pieces_principales": 7.0, "adresse_nom_voie": "ALL DES COQUELICOTS", "price_per_sqm": 3080.0, "date_iso": "2024-09-17", "parcelle": "77470000AE0582", "addr_num": "8"}}, {"type": "Feature", "geometry": {"type": "Point", "coordinates": [2.771908, 48.738616]}, "properties": {"year": 2024, "valeur_fonciere": 195000.0, "type_local": "Appartement", "surface_reelle_bati": 51.0, "nombre_pieces_principales": 3.0, "adresse_nom_voie": "RUE DE LA MADELEINE", "price_per_sqm": 3823.529411764706, "date_iso": "2024-09-18", "parcelle": "77470000AH0316", "addr_num": "51"}}, {"type": "Feature", "geometry": {"type": "Point", "coordinates": [2.771908, 48.738616]}, "properties": {"year": 2024, "valeur_fonciere": 195000.0, "type_local": "Dépendance", "surface_reelle_bati": null, "nombre_pieces_principales": 0.0, "adresse_nom_voie": "RUE DE LA MADELEINE", "price_per_sqm": null, "date_iso": "2024-09-18", "parcelle": "77470000AH0316", "addr_num": "51"}}, {"type": "Feature", "geometry": {"type": "Point", "coordinates": [2.775761, 48.743368]}, "properties": {"year": 2024, "valeur_fonciere": 355000.0, "type_local": "Maison", "surface_reelle_bati": 155.0, "nombre_pieces_principales": 7.0, "adresse_nom_voie": "ALL DES COQUELICOTS", "price_per_sqm": 2290.3225806451615, "date_iso": "2024-09-11", "parcelle": "77470000AE0578", "addr_num": "11"}}, {"type": "Feature", "geometry": {"type": "Point", "coordinates": [2.760036, 48.743698]}, "properties": {"year": 2024, "valeur_fonciere": 132000.0, "type_local": "Dépendance", "surface_reelle_bati": null, "nombre_pieces_principales": 0.0, "adresse_nom_voie": "RES TOURNAN ORIGNY", "price_per_sqm": null, "date_iso": "2024-09-11", "parcelle": "77470000ZA0005", "addr_num": "9001"}}, {"type": "Feature", "geometry": {"type": "Point", "coordinates": [2.760036, 48.743698]}, "properties": {"year": 2024, "valeur_fonciere": 132000.0, "type_local": "Appartement", "surface_reelle_bati": 41.0, "nombre_pieces_principales": 2.0, "adresse_nom_voie": "RES TOURNAN ORIGNY", "price_per_sqm": 3219.512195121951, "date_iso": "2024-09-11", "parcelle": "77470000ZA0005", "addr_num": "9001"}}, {"type": "Feature", "geometry": {"type": "Point", "coordinates": [2.760036, 48.743698]}, "properties": {"year": 2024, "valeur_fonciere": 132000.0, "type_local": "Dépendance", "surface_reelle_bati": null, "nombre_pieces_principales": 0.0, "adresse_nom_voie": "RES TOURNAN ORIGNY", "price_per_sqm": null, "date_iso": "2024-09-11", "parcelle": "77470000ZA0005", "addr_num": "9001"}}, {"type": "Feature", "geometry": {"type": "Point", "coordinates": [2.760036, 48.743698]}, "properties": {"year": 2024, "valeur_fonciere": 132000.0, "type_local": "Dépendance", "surface_reelle_bati": null, "nombre_pieces_principales": 0.0, "adresse_nom_voie": "RES TOURNAN ORIGNY", "price_per_sqm": null, "date_iso": "2024-09-11", "parcelle": "77470000ZA0005", "addr_num": "9001"}}, {"type": "Feature", "geometry": {"type": "Point", "coordinates": [2.771042, 48.7431]}, "properties": {"year": 2024, "valeur_fonciere": 330000.0, "type_local": null, "surface_reelle_bati": null, "nombre_pieces_principales": null, "adresse_nom_voie": "LE MARTRAY", "price_per_sqm": null, "date_iso": "2024-09-18", "parcelle": "77470000AE0157", "addr_num": ""}}, {"type": "Feature", "geometry": {"type": "Point", "coordinates": [2.771185, 48.742895]}, "properties": {"year": 2024, "valeur_fonciere": 330000.0, "type_local": null, "surface_reelle_bati": null, "nombre_pieces_principales": null, "adresse_nom_voie": "LE MARTRAY", "price_per_sqm": null, "date_iso": "2024-09-18", "parcelle": "77470000AE0162", "addr_num": ""}}, {"type": "Feature", "geometry": {"type": "Point", "coordinates": [2.775871, 48.742113]}, "properties": {"year": 2024, "valeur_fonciere": 330000.0, "type_local": null, "surface_reelle_bati": null, "nombre_pieces_principales": null, "adresse_nom_voie": "RUE DE GARLANDE", "price_per_sqm": null, "date_iso": "2024-09-18", "parcelle": "77470000AE0246", "addr_num": ""}}, {"type": "Feature", "geometry": {"type": "Point", "coordinates": [2.776136, 48.742077]}, "properties": {"year": 2024, "valeur_fonciere": 330000.0, "type_local": "Maison", "surface_reelle_bati": 105.0, "nombre_pieces_principales": 6.0, "adresse_nom_voie": "RUE DE GARLANDE", "price_per_sqm": 3142.8571428571427, "date_iso": "2024-09-18", "parcelle": "77470000AE0247", "addr_num": "53"}}, {"type": "Feature", "geometry": {"type": "Point", "coordinates": [2.775165, 48.741451]}, "properties": {"year": 2024, "valeur_fonciere": 330000.0, "type_local": null, "surface_reelle_bati": null, "nombre_pieces_principales": null, "adresse_nom_voie": "RUE DE VILLE", "price_per_sqm": null, "date_iso": "2024-09-18", "parcelle": "77470000AE0299", "addr_num": ""}}, {"type": "Feature", "geometry": {"type": "Point", "coordinates": [2.773374, 48.74166]}, "properties": {"year": 2024, "valeur_fonciere": 330000.0, "type_local": null, "surface_reelle_bati": null, "nombre_pieces_principales": null, "adresse_nom_voie": "LE VAL DES BOISSIERES", "price_per_sqm": null, "date_iso": "2024-09-18", "parcelle": "77470000AE0330", "addr_num": ""}}, {"type": "Feature", "geometry": {"type": "Point", "coordinates": [2.773095, 48.741943]}, "properties": {"year": 2024, "valeur_fonciere": 330000.0, "type_local": null, "surface_reelle_bati": null, "nombre_pieces_principales": null, "adresse_nom_voie": "LE VAL DES BOISSIERES", "price_per_sqm": null, "date_iso": "2024-09-18", "parcelle": "77470000AE0337", "addr_num": ""}}, {"type": "Feature", "geometry": {"type": "Point", "coordinates": [2.772712, 48.742435]}, "properties": {"year": 2024, "valeur_fonciere": 330000.0, "type_local": "Local industriel. commercial ou assimilé", "surface_reelle_bati": null, "nombre_pieces_principales": 0.0, "adresse_nom_voie": "LE VAL DES BOISSIERES", "price_per_sqm": null, "date_iso": "2024-09-18", "parcelle": "77470000AE0346", "addr_num": "9001"}}, {"type": "Feature", "geometry": {"type": "Point", "coordinates": [2.771764, 48.741891]}, "properties": {"year": 2024, "valeur_fonciere": 330000.0, "type_local": null, "surface_reelle_bati": null, "nombre_pieces_principales": null, "adresse_nom_voie": "LE MARTRAY", "price_per_sqm": null, "date_iso": "2024-09-18", "parcelle": "77470000AE0358", "addr_num": ""}}, {"type": "Feature", "geometry": {"type": "Point", "coordinates": [2.770768, 48.742477]}, "properties": {"year": 2024, "valeur_fonciere": 330000.0, "type_local": null, "surface_reelle_bati": null, "nombre_pieces_principales": null, "adresse_nom_voie": "LE MARTRAY", "price_per_sqm": null, "date_iso": "2024-09-18", "parcelle": "77470000AE0370", "addr_num": ""}}, {"type": "Feature", "geometry": {"type": "Point", "coordinates": [2.770574, 48.742444]}, "properties": {"year": 2024, "valeur_fonciere": 330000.0, "type_local": null, "surface_reelle_bati": null, "nombre_pieces_principales": null, "adresse_nom_voie": "LE MARTRAY", "price_per_sqm": null, "date_iso": "2024-09-18", "parcelle": "77470000AE0371", "addr_num": ""}}, {"type": "Feature", "geometry": {"type": "Point", "coordinates": [2.770045, 48.742356]}, "properties": {"year": 2024, "valeur_fonciere": 330000.0, "type_local": null, "surface_reelle_bati": null, "nombre_pieces_principales": null, "adresse_nom_voie": "LE MARTRAY", "price_per_sqm": null, "date_iso": "2024-09-18", "parcelle": "77470000AE0374", "addr_num": ""}}, {"type": "Feature", "geometry": {"type": "Point", "coordinates": [2.773312, 48.742378]}, "properties": {"year": 2024, "valeur_fonciere": 330000.0, "type_local": null, "surface_reelle_bati": null, "nombre_pieces_principales": null, "adresse_nom_voie": "LE MARTRAY", "price_per_sqm": null, "date_iso": "2024-09-18", "parcelle": "77470000AE0375", "addr_num": ""}}, {"type": "Feature", "geometry": {"type": "Point", "coordinates": [2.754962, 48.743519]}, "properties": {"year": 2024, "valeur_fonciere": 2500000.0, "type_local": "Local industriel. commercial ou assimilé", "surface_reelle_bati": 1095.0, "nombre_pieces_principales": 0.0, "adresse_nom_voie": "RUE JULES LEFEBVRE", "price_per_sqm": 2283.10502283105, "date_iso": "2024-09-26", "parcelle": "77470000AB0096", "addr_num": "10"}}, {"type": "Feature", "geometry": {"type": "Point", "coordinates": [2.754962, 48.743519]}, "properties": {"year": 2024, "valeur_fonciere": 2500000.0, "type_local": "Maison", "surface_reelle_bati": 117.0, "nombre_pieces_principales": 5.0, "adresse_nom_voie": "RUE JULES LEFEBVRE", "price_per_sqm": 21367.521367521367, "date_iso": "2024-09-26", "parcelle": "77470000AB0096", "addr_num": "10"}}, {"type": "Feature", "geometry": {"type": "Point", "coordinates": [2.754962, 48.743519]}, "properties": {"year": 2024, "valeur_fonciere": 2500000.0, "type_local": "Dépendance", "surface_reelle_bati": null, "nombre_pieces_principales": 0.0, "adresse_nom_voie": "RUE JULES LEFEBVRE", "price_per_sqm": null, "date_iso": "2024-09-26", "parcelle": "77470000AB0096", "addr_num": "10"}}, {"type": "Feature", "geometry": {"type": "Point", "coordinates": [2.754962, 48.743519]}, "properties": {"year": 2024, "valeur_fonciere": 2500000.0, "type_local": "Local industriel. commercial ou assimilé", "surface_reelle_bati": null, "nombre_pieces_principales": 0.0, "adresse_nom_voie": "RUE JULES LEFEBVRE", "price_per_sqm": null, "date_iso": "2024-09-26", "parcelle": "77470000AB0096", "addr_num": "10"}}, {"type": "Feature", "geometry": {"type": "Point", "coordinates": [2.754962, 48.743519]}, "properties": {"year": 2024, "valeur_fonciere": 2500000.0, "type_local": "Maison", "surface_reelle_bati": 89.0, "nombre_pieces_principales": 4.0, "adresse_nom_voie": "RUE JULES LEFEBVRE", "price_per_sqm": 28089.887640449437, "date_iso": "2024-09-26", "parcelle": "77470000AB0096", "addr_num": "10"}}, {"type": "Feature", "geometry": {"type": "Point", "coordinates": [2.754962, 48.743519]}, "properties": {"year": 2024, "valeur_fonciere": 2500000.0, "type_local": "Dépendance", "surface_reelle_bati": null, "nombre_pieces_principales": 0.0, "adresse_nom_voie": "RUE JULES LEFEBVRE", "price_per_sqm": null, "date_iso": "2024-09-26", "parcelle": "77470000AB0096", "addr_num": "10"}}, {"type": "Feature", "geometry": {"type": "Point", "coordinates": [2.754962, 48.743519]}, "properties": {"year": 2024, "valeur_fonciere": 2500000.0, "type_local": "Maison", "surface_reelle_bati": 117.0, "nombre_pieces_principales": 5.0, "adresse_nom_voie": "RUE JULES LEFEBVRE", "price_per_sqm": 21367.521367521367, "date_iso": "2024-09-26", "parcelle": "77470000AB0096", "addr_num": "10"}}, {"type": "Feature", "geometry": {"type": "Point", "coordinates": [2.754962, 48.743519]}, "properties": {"year": 2024, "valeur_fonciere": 2500000.0, "type_local": "Local industriel. commercial ou assimilé", "surface_reelle_bati": 1095.0, "nombre_pieces_principales": 0.0, "adresse_nom_voie": "RUE JULES LEFEBVRE", "price_per_sqm": 2283.10502283105, "date_iso": "2024-09-26", "parcelle": "77470000AB0096", "addr_num": "10"}}, {"type": "Feature", "geometry": {"type": "Point", "coordinates": [2.754962, 48.743519]}, "properties": {"year": 2024, "valeur_fonciere": 2500000.0, "type_local": "Local industriel. commercial ou assimilé", "surface_reelle_bati": null, "nombre_pieces_principales": 0.0, "adresse_nom_voie": "RUE JULES LEFEBVRE", "price_per_sqm": null, "date_iso": "2024-09-26", "parcelle": "77470000AB0096", "addr_num": "10"}}, {"type": "Feature", "geometry": {"type": "Point", "coordinates": [2.754962, 48.743519]}, "properties": {"year": 2024, "valeur_fonciere": 2500000.0, "type_local": "Maison", "surface_reelle_bati": 89.0, "nombre_pieces_principales": 4.0, "adresse_nom_voie": "RUE JULES LEFEBVRE", "price_per_sqm": 28089.887640449437, "date_iso": "2024-09-26", "parcelle": "77470000AB0096", "addr_num": "10"}}, {"type": "Feature", "geometry": {"type": "Point", "coordinates": [2.771042, 48.7431]}, "properties": {"year": 2024, "valeur_fonciere": 120000.0, "type_local": null, "surface_reelle_bati": null, "nombre_pieces_principales": null, "adresse_nom_voie": "LE MARTRAY", "price_per_sqm": null, "date_iso": "2024-09-26", "parcelle": "77470000AE0157", "addr_num": ""}}, {"type": "Feature", "geometry": {"type": "Point", "coordinates": [2.771185, 48.742895]}, "properties": {"year": 2024, "valeur_fonciere": 120000.0, "type_local": null, "surface_reelle_bati": null, "nombre_pieces_principales": null, "adresse_nom_voie": "LE MARTRAY", "price_per_sqm": null, "date_iso": "2024-09-26", "parcelle": "77470000AE0162", "addr_num": ""}}, {"type": "Feature", "geometry": {"type": "Point", "coordinates": [2.775165, 48.741451]}, "properties": {"year": 2024, "valeur_fonciere": 120000.0, "type_local": null, "surface_reelle_bati": null, "nombre_pieces_principales": null, "adresse_nom_voie": "RUE DE VILLE", "price_per_sqm": null, "date_iso": "2024-09-26", "parcelle": "77470000AE0299", "addr_num": ""}}, {"type": "Feature", "geometry": {"type": "Point", "coordinates": [2.773374, 48.74166]}, "properties": {"year": 2024, "valeur_fonciere": 120000.0, "type_local": null, "surface_reelle_bati": null, "nombre_pieces_principales": null, "adresse_nom_voie": "LE VAL DES BOISSIERES", "price_per_sqm": null, "date_iso": "2024-09-26", "parcelle": "77470000AE0330", "addr_num": ""}}, {"type": "Feature", "geometry": {"type": "Point", "coordinates": [2.773095, 48.741943]}, "properties": {"year": 2024, "valeur_fonciere": 120000.0, "type_local": null, "surface_reelle_bati": null, "nombre_pieces_principales": null, "adresse_nom_voie": "LE VAL DES BOISSIERES", "price_per_sqm": null, "date_iso": "2024-09-26", "parcelle": "77470000AE0337", "addr_num": ""}}, {"type": "Feature", "geometry": {"type": "Point", "coordinates": [2.772954, 48.74218]}, "properties": {"year": 2024, "valeur_fonciere": 120000.0, "type_local": "Maison", "surface_reelle_bati": 98.0, "nombre_pieces_principales": 5.0, "adresse_nom_voie": "RUE DE PENTHIEVRE", "price_per_sqm": 1224.4897959183672, "date_iso": "2024-09-26", "parcelle": "77470000AE0341", "addr_num": "4"}}, {"type": "Feature", "geometry": {"type": "Point", "coordinates": [2.7731, 48.742312]}, "properties": {"year": 2024, "valeur_fonciere": 120000.0, "type_local": null, "surface_reelle_bati": null, "nombre_pieces_principales": null, "adresse_nom_voie": "RUE DE PENTHIEVRE", "price_per_sqm": null, "date_iso": "2024-09-26", "parcelle": "77470000AE0342", "addr_num": ""}}, {"type": "Feature", "geometry": {"type": "Point", "coordinates": [2.772712, 48.742435]}, "properties": {"year": 2024, "valeur_fonciere": 120000.0, "type_local": "Local industriel. commercial ou assimilé", "surface_reelle_bati": null, "nombre_pieces_principales": 0.0, "adresse_nom_voie": "LE VAL DES BOISSIERES", "price_per_sqm": null, "date_iso": "2024-09-26", "parcelle": "77470000AE0346", "addr_num": "9001"}}, {"type": "Feature", "geometry": {"type": "Point", "coordinates": [2.771764, 48.741891]}, "properties": {"year": 2024, "valeur_fonciere": 120000.0, "type_local": null, "surface_reelle_bati": null, "nombre_pieces_principales": null, "adresse_nom_voie": "LE MARTRAY", "price_per_sqm": null, "date_iso": "2024-09-26", "parcelle": "77470000AE0358", "addr_num": ""}}, {"type": "Feature", "geometry": {"type": "Point", "coordinates": [2.770768, 48.742477]}, "properties": {"year": 2024, "valeur_fonciere": 120000.0, "type_local": null, "surface_reelle_bati": null, "nombre_pieces_principales": null, "adresse_nom_voie": "LE MARTRAY", "price_per_sqm": null, "date_iso": "2024-09-26", "parcelle": "77470000AE0370", "addr_num": ""}}, {"type": "Feature", "geometry": {"type": "Point", "coordinates": [2.770574, 48.742444]}, "properties": {"year": 2024, "valeur_fonciere": 120000.0, "type_local": null, "surface_reelle_bati": null, "nombre_pieces_principales": null, "adresse_nom_voie": "LE MARTRAY", "price_per_sqm": null, "date_iso": "2024-09-26", "parcelle": "77470000AE0371", "addr_num": ""}}, {"type": "Feature", "geometry": {"type": "Point", "coordinates": [2.770045, 48.742356]}, "properties": {"year": 2024, "valeur_fonciere": 120000.0, "type_local": null, "surface_reelle_bati": null, "nombre_pieces_principales": null, "adresse_nom_voie": "LE MARTRAY", "price_per_sqm": null, "date_iso": "2024-09-26", "parcelle": "77470000AE0374", "addr_num": ""}}, {"type": "Feature", "geometry": {"type": "Point", "coordinates": [2.773312, 48.742378]}, "properties": {"year": 2024, "valeur_fonciere": 120000.0, "type_local": null, "surface_reelle_bati": null, "nombre_pieces_principales": null, "adresse_nom_voie": "LE MARTRAY", "price_per_sqm": null, "date_iso": "2024-09-26", "parcelle": "77470000AE0375", "addr_num": ""}}, {"type": "Feature", "geometry": {"type": "Point", "coordinates": [2.772364, 48.740205]}, "properties": {"year": 2024, "valeur_fonciere": 105000.0, "type_local": "Appartement", "surface_reelle_bati": 33.0, "nombre_pieces_principales": 1.0, "adresse_nom_voie": "RUE DU MAL FOCH", "price_per_sqm": 3181.818181818182, "date_iso": "2024-10-03", "parcelle": "77470000AE0546", "addr_num": "47"}}, {"type": "Feature", "geometry": {"type": "Point", "coordinates": [2.772364, 48.740205]}, "properties": {"year": 2024, "valeur_fonciere": 105000.0, "type_local": "Dépendance", "surface_reelle_bati": null, "nombre_pieces_principales": 0.0, "adresse_nom_voie": "RUE DU MAL FOCH", "price_per_sqm": null, "date_iso": "2024-10-03", "parcelle": "77470000AE0546", "addr_num": "47"}}, {"type": "Feature", "geometry": {"type": "Point", "coordinates": [2.759404, 48.743714]}, "properties": {"year": 2024, "valeur_fonciere": 361000.0, "type_local": "Maison", "surface_reelle_bati": 89.0, "nombre_pieces_principales": 1.0, "adresse_nom_voie": "RUE DU GROS NOYER", "price_per_sqm": 4056.179775280899, "date_iso": "2024-10-16", "parcelle": "77470000ZA0210", "addr_num": "4"}}, {"type": "Feature", "geometry": {"type": "Point", "coordinates": [2.76532, 48.742469]}, "properties": {"year": 2024, "valeur_fonciere": 16218.43, "type_local": "Dépendance", "surface_reelle_bati": null, "nombre_pieces_principales": 0.0, "adresse_nom_voie": "SEN DES CARREAUX", "price_per_sqm": null, "date_iso": "2024-10-09", "parcelle": "77470000AD0117", "addr_num": "9002"}}, {"type": "Feature", "geometry": {"type": "Point", "coordinates": [2.765773, 48.742495]}, "properties": {"year": 2024, "valeur_fonciere": 16218.43, "type_local": null, "surface_reelle_bati": null, "nombre_pieces_principales": null, "adresse_nom_voie": "LES CARREAUX", "price_per_sqm": null, "date_iso": "2024-10-09", "parcelle": "77470000AD0118", "addr_num": ""}}, {"type": "Feature", "geometry": {"type": "Point", "coordinates": [2.759709, 48.742535]}, "properties": {"year": 2024, "valeur_fonciere": 174000.0, "type_local": "Appartement", "surface_reelle_bati": 18.0, "nombre_pieces_principales": 1.0, "adresse_nom_voie": "BD ISAAC PEREIRE", "price_per_sqm": 9666.666666666666, "date_iso": "2024-10-17", "parcelle": "77470000AC0002", "addr_num": "2"}}, {"type": "Feature", "geometry": {"type": "Point", "coordinates": [2.759709, 48.742535]}, "properties": {"year": 2024, "valeur_fonciere": 174000.0, "type_local": "Appartement", "surface_reelle_bati": 18.0, "nombre_pieces_principales": 1.0, "adresse_nom_voie": "BD ISAAC PEREIRE", "price_per_sqm": 9666.666666666666, "date_iso": "2024-10-17", "parcelle": "77470000AC0002", "addr_num": "2"}}, {"type": "Feature", "geometry": {"type": "Point", "coordinates": [2.758539, 48.744103]}, "properties": {"year": 2024, "valeur_fonciere": 390000.0, "type_local": "Maison", "surface_reelle_bati": 128.0, "nombre_pieces_principales": 4.0, "adresse_nom_voie": "RUE DU GROS NOYER", "price_per_sqm": 3046.875, "date_iso": "2024-10-21", "parcelle": "77470000ZA0191", "addr_num": "11"}}, {"type": "Feature", "geometry": {"type": "Point", "coordinates": [2.757005, 48.737317]}, "properties": {"year": 2024, "valeur_fonciere": 285000.0, "type_local": "Dépendance", "surface_reelle_bati": null, "nombre_pieces_principales": 0.0, "adresse_nom_voie": "RUE DU PARC", "price_per_sqm": null, "date_iso": "2024-10-16", "parcelle": "77470000AK0063", "addr_num": "4"}}, {"type": "Feature", "geometry": {"type": "Point", "coordinates": [2.757005, 48.737317]}, "properties": {"year": 2024, "valeur_fonciere": 285000.0, "type_local": "Maison", "surface_reelle_bati": 93.0, "nombre_pieces_principales": 6.0, "adresse_nom_voie": "RUE DU PARC", "price_per_sqm": 3064.516129032258, "date_iso": "2024-10-16", "parcelle": "77470000AK0063", "addr_num": "4"}}, {"type": "Feature", "geometry": {"type": "Point", "coordinates": [2.793511, 48.741136]}, "properties": {"year": 2024, "valeur_fonciere": 2000.0, "type_local": null, "surface_reelle_bati": null, "nombre_pieces_principales": null, "adresse_nom_voie": "LA TERRE ROUGE", "price_per_sqm": null, "date_iso": "2024-10-22", "parcelle": "77470000ZL0076", "addr_num": ""}}, {"type": "Feature", "geometry": {"type": "Point", "coordinates": [2.763896, 48.741771]}, "properties": {"year": 2024, "valeur_fonciere": 250000.0, "type_local": "Appartement", "surface_reelle_bati": 70.0, "nombre_pieces_principales": 3.0, "adresse_nom_voie": "RUE DE LA MONTAGNE", "price_per_sqm": 3571.4285714285716, "date_iso": "2024-10-28", "parcelle": "77470000AI0379", "addr_num": "3"}}, {"type": "Feature", "geometry": {"type": "Point", "coordinates": [2.763896, 48.741771]}, "properties": {"year": 2024, "valeur_fonciere": 250000.0, "type_local": "Dépendance", "surface_reelle_bati": null, "nombre_pieces_principales": 0.0, "adresse_nom_voie": "RUE DE LA MONTAGNE", "price_per_sqm": null, "date_iso": "2024-10-28", "parcelle": "77470000AI0379", "addr_num": "3"}}, {"type": "Feature", "geometry": {"type": "Point", "coordinates": [2.763896, 48.741771]}, "properties": {"year": 2024, "valeur_fonciere": 250000.0, "type_local": "Dépendance", "surface_reelle_bati": null, "nombre_pieces_principales": 0.0, "adresse_nom_voie": "RUE DE LA MONTAGNE", "price_per_sqm": null, "date_iso": "2024-10-28", "parcelle": "77470000AI0379", "addr_num": "3"}}, {"type": "Feature", "geometry": {"type": "Point", "coordinates": [2.767918, 48.747945]}, "properties": {"year": 2024, "valeur_fonciere": 36500.0, "type_local": null, "surface_reelle_bati": null, "nombre_pieces_principales": null, "adresse_nom_voie": "LA PENTE DES CARREAUX", "price_per_sqm": null, "date_iso": "2024-10-28", "parcelle": "77470000AD0132", "addr_num": ""}}, {"type": "Feature", "geometry": {"type": "Point", "coordinates": [2.768568, 48.747819]}, "properties": {"year": 2024, "valeur_fonciere": 36500.0, "type_local": null, "surface_reelle_bati": null, "nombre_pieces_principales": null, "adresse_nom_voie": "LA PENTE DES CARREAUX", "price_per_sqm": null, "date_iso": "2024-10-28", "parcelle": "77470000AD0133", "addr_num": ""}}, {"type": "Feature", "geometry": {"type": "Point", "coordinates": [2.779109, 48.742076]}, "properties": {"year": 2024, "valeur_fonciere": 299000.0, "type_local": "Maison", "surface_reelle_bati": 82.0, "nombre_pieces_principales": 4.0, "adresse_nom_voie": "RUE DE LA LIGORNE", "price_per_sqm": 3646.3414634146343, "date_iso": "2024-10-21", "parcelle": "77470000AE0801", "addr_num": "17"}}, {"type": "Feature", "geometry": {"type": "Point", "coordinates": [2.760036, 48.743698]}, "properties": {"year": 2024, "valeur_fonciere": 166300.0, "type_local": "Appartement", "surface_reelle_bati": 54.0, "nombre_pieces_principales": 3.0, "adresse_nom_voie": "RES TOURNAN ORIGNY", "price_per_sqm": 3079.6296296296296, "date_iso": "2024-11-21", "parcelle": "77470000ZA0005", "addr_num": "9001"}}, {"type": "Feature", "geometry": {"type": "Point", "coordinates": [2.760036, 48.743698]}, "properties": {"year": 2024, "valeur_fonciere": 166300.0, "type_local": "Dépendance", "surface_reelle_bati": null, "nombre_pieces_principales": 0.0, "adresse_nom_voie": "RES TOURNAN ORIGNY", "price_per_sqm": null, "date_iso": "2024-11-21", "parcelle": "77470000ZA0005", "addr_num": "9001"}}, {"type": "Feature", "geometry": {"type": "Point", "coordinates": [2.760036, 48.743698]}, "properties": {"year": 2024, "valeur_fonciere": 166300.0, "type_local": "Dépendance", "surface_reelle_bati": null, "nombre_pieces_principales": 0.0, "adresse_nom_voie": "RES TOURNAN ORIGNY", "price_per_sqm": null, "date_iso": "2024-11-21", "parcelle": "77470000ZA0005", "addr_num": "9001"}}, {"type": "Feature", "geometry": {"type": "Point", "coordinates": [2.770344, 48.742581]}, "properties": {"year": 2024, "valeur_fonciere": 177811.0, "type_local": null, "surface_reelle_bati": null, "nombre_pieces_principales": null, "adresse_nom_voie": "LE MARTRAY", "price_per_sqm": null, "date_iso": "2024-11-06", "parcelle": "77470000AE0147", "addr_num": ""}}, {"type": "Feature", "geometry": {"type": "Point", "coordinates": [2.771042, 48.7431]}, "properties": {"year": 2024, "valeur_fonciere": 177811.0, "type_local": null, "surface_reelle_bati": null, "nombre_pieces_principales": null, "adresse_nom_voie": "LE MARTRAY", "price_per_sqm": null, "date_iso": "2024-11-06", "parcelle": "77470000AE0157", "addr_num": ""}}, {"type": "Feature", "geometry": {"type": "Point", "coordinates": [2.771185, 48.742895]}, "properties": {"year": 2024, "valeur_fonciere": 177811.0, "type_local": null, "surface_reelle_bati": null, "nombre_pieces_principales": null, "adresse_nom_voie": "LE MARTRAY", "price_per_sqm": null, "date_iso": "2024-11-06", "parcelle": "77470000AE0162", "addr_num": ""}}, {"type": "Feature", "geometry": {"type": "Point", "coordinates": [2.775165, 48.741451]}, "properties": {"year": 2024, "valeur_fonciere": 177811.0, "type_local": null, "surface_reelle_bati": null, "nombre_pieces_principales": null, "adresse_nom_voie": "RUE DE VILLE", "price_per_sqm": null, "date_iso": "2024-11-06", "parcelle": "77470000AE0299", "addr_num": ""}}, {"type": "Feature", "geometry": {"type": "Point", "coordinates": [2.773374, 48.74166]}, "properties": {"year": 2024, "valeur_fonciere": 177811.0, "type_local": null, "surface_reelle_bati": null, "nombre_pieces_principales": null, "adresse_nom_voie": "LE VAL DES BOISSIERES", "price_per_sqm": null, "date_iso": "2024-11-06", "parcelle": "77470000AE0330", "addr_num": ""}}, {"type": "Feature", "geometry": {"type": "Point", "coordinates": [2.773095, 48.741943]}, "properties": {"year": 2024, "valeur_fonciere": 177811.0, "type_local": null, "surface_reelle_bati": null, "nombre_pieces_principales": null, "adresse_nom_voie": "LE VAL DES BOISSIERES", "price_per_sqm": null, "date_iso": "2024-11-06", "parcelle": "77470000AE0337", "addr_num": ""}}, {"type": "Feature", "geometry": {"type": "Point", "coordinates": [2.772712, 48.742435]}, "properties": {"year": 2024, "valeur_fonciere": 177811.0, "type_local": "Local industriel. commercial ou assimilé", "surface_reelle_bati": null, "nombre_pieces_principales": 0.0, "adresse_nom_voie": "LE VAL DES BOISSIERES", "price_per_sqm": null, "date_iso": "2024-11-06", "parcelle": "77470000AE0346", "addr_num": "9001"}}, {"type": "Feature", "geometry": {"type": "Point", "coordinates": [2.771764, 48.741891]}, "properties": {"year": 2024, "valeur_fonciere": 177811.0, "type_local": null, "surface_reelle_bati": null, "nombre_pieces_principales": null, "adresse_nom_voie": "LE MARTRAY", "price_per_sqm": null, "date_iso": "2024-11-06", "parcelle": "77470000AE0358", "addr_num": ""}}, {"type": "Feature", "geometry": {"type": "Point", "coordinates": [2.770768, 48.742477]}, "properties": {"year": 2024, "valeur_fonciere": 177811.0, "type_local": null, "surface_reelle_bati": null, "nombre_pieces_principales": null, "adresse_nom_voie": "LE MARTRAY", "price_per_sqm": null, "date_iso": "2024-11-06", "parcelle": "77470000AE0370", "addr_num": ""}}, {"type": "Feature", "geometry": {"type": "Point", "coordinates": [2.770574, 48.742444]}, "properties": {"year": 2024, "valeur_fonciere": 177811.0, "type_local": null, "surface_reelle_bati": null, "nombre_pieces_principales": null, "adresse_nom_voie": "LE MARTRAY", "price_per_sqm": null, "date_iso": "2024-11-06", "parcelle": "77470000AE0371", "addr_num": ""}}, {"type": "Feature", "geometry": {"type": "Point", "coordinates": [2.770045, 48.742356]}, "properties": {"year": 2024, "valeur_fonciere": 177811.0, "type_local": null, "surface_reelle_bati": null, "nombre_pieces_principales": null, "adresse_nom_voie": "LE MARTRAY", "price_per_sqm": null, "date_iso": "2024-11-06", "parcelle": "77470000AE0374", "addr_num": ""}}, {"type": "Feature", "geometry": {"type": "Point", "coordinates": [2.773312, 48.742378]}, "properties": {"year": 2024, "valeur_fonciere": 177811.0, "type_local": null, "surface_reelle_bati": null, "nombre_pieces_principales": null, "adresse_nom_voie": "LE MARTRAY", "price_per_sqm": null, "date_iso": "2024-11-06", "parcelle": "77470000AE0375", "addr_num": ""}}, {"type": "Feature", "geometry": {"type": "Point", "coordinates": [2.770235, 48.742633]}, "properties": {"year": 2024, "valeur_fonciere": 177811.0, "type_local": "Maison", "surface_reelle_bati": 103.0, "nombre_pieces_principales": 6.0, "adresse_nom_voie": "CHE DES PRES BATAILLE", "price_per_sqm": 1726.3203883495146, "date_iso": "2024-11-06", "parcelle": "77470000AE0377", "addr_num": "2"}}, {"type": "Feature", "geometry": {"type": "Point", "coordinates": [2.760704, 48.73972]}, "properties": {"year": 2024, "valeur_fonciere": 197000.0, "type_local": null, "surface_reelle_bati": null, "nombre_pieces_principales": null, "adresse_nom_voie": "RUE PAUL HASTIER", "price_per_sqm": null, "date_iso": "2024-10-31", "parcelle": "77470000AI0424", "addr_num": "5"}}, {"type": "Feature", "geometry": {"type": "Point", "coordinates": [2.756302, 48.739826]}, "properties": {"year": 2024, "valeur_fonciere": 83940.0, "type_local": "Maison", "surface_reelle_bati": 99.0, "nombre_pieces_principales": 4.0, "adresse_nom_voie": "RUE DE LA SCIERIE", "price_per_sqm": 847.8787878787879, "date_iso": "2024-12-04", "parcelle": "77470000AK0315", "addr_num": "16"}}, {"type": "Feature", "geometry": {"type": "Point", "coordinates": [2.771221, 48.736468]}, "properties": {"year": 2024, "valeur_fonciere": 215000.0, "type_local": null, "surface_reelle_bati": null, "nombre_pieces_principales": null, "adresse_nom_voie": "LA BOURGOGNERIE", "price_per_sqm": null, "date_iso": "2024-11-22", "parcelle": "774700000C0328", "addr_num": ""}}, {"type": "Feature", "geometry": {"type": "Point", "coordinates": [2.771193, 48.736316]}, "properties": {"year": 2024, "valeur_fonciere": 215000.0, "type_local": null, "surface_reelle_bati": null, "nombre_pieces_principales": null, "adresse_nom_voie": "LA BOURGOGNERIE", "price_per_sqm": null, "date_iso": "2024-11-22", "parcelle": "774700000C0329", "addr_num": ""}}, {"type": "Feature", "geometry": {"type": "Point", "coordinates": [2.771042, 48.7431]}, "properties": {"year": 2024, "valeur_fonciere": 289900.0, "type_local": null, "surface_reelle_bati": null, "nombre_pieces_principales": null, "adresse_nom_voie": "LE MARTRAY", "price_per_sqm": null, "date_iso": "2024-11-29", "parcelle": "77470000AE0157", "addr_num": ""}}, {"type": "Feature", "geometry": {"type": "Point", "coordinates": [2.771185, 48.742895]}, "properties": {"year": 2024, "valeur_fonciere": 289900.0, "type_local": null, "surface_reelle_bati": null, "nombre_pieces_principales": null, "adresse_nom_voie": "LE MARTRAY", "price_per_sqm": null, "date_iso": "2024-11-29", "parcelle": "77470000AE0162", "addr_num": ""}}, {"type": "Feature", "geometry": {"type": "Point", "coordinates": [2.775165, 48.741451]}, "properties": {"year": 2024, "valeur_fonciere": 289900.0, "type_local": null, "surface_reelle_bati": null, "nombre_pieces_principales": null, "adresse_nom_voie": "RUE DE VILLE", "price_per_sqm": null, "date_iso": "2024-11-29", "parcelle": "77470000AE0299", "addr_num": ""}}, {"type": "Feature", "geometry": {"type": "Point", "coordinates": [2.773374, 48.74166]}, "properties": {"year": 2024, "valeur_fonciere": 289900.0, "type_local": null, "surface_reelle_bati": null, "nombre_pieces_principales": null, "adresse_nom_voie": "LE VAL DES BOISSIERES", "price_per_sqm": null, "date_iso": "2024-11-29", "parcelle": "77470000AE0330", "addr_num": ""}}, {"type": "Feature", "geometry": {"type": "Point", "coordinates": [2.773095, 48.741943]}, "properties": {"year": 2024, "valeur_fonciere": 289900.0, "type_local": null, "surface_reelle_bati": null, "nombre_pieces_principales": null, "adresse_nom_voie": "LE VAL DES BOISSIERES", "price_per_sqm": null, "date_iso": "2024-11-29", "parcelle": "77470000AE0337", "addr_num": ""}}, {"type": "Feature", "geometry": {"type": "Point", "coordinates": [2.772712, 48.742435]}, "properties": {"year": 2024, "valeur_fonciere": 289900.0, "type_local": "Local industriel. commercial ou assimilé", "surface_reelle_bati": null, "nombre_pieces_principales": 0.0, "adresse_nom_voie": "LE VAL DES BOISSIERES", "price_per_sqm": null, "date_iso": "2024-11-29", "parcelle": "77470000AE0346", "addr_num": "9001"}}, {"type": "Feature", "geometry": {"type": "Point", "coordinates": [2.771764, 48.741891]}, "properties": {"year": 2024, "valeur_fonciere": 289900.0, "type_local": null, "surface_reelle_bati": null, "nombre_pieces_principales": null, "adresse_nom_voie": "LE MARTRAY", "price_per_sqm": null, "date_iso": "2024-11-29", "parcelle": "77470000AE0358", "addr_num": ""}}, {"type": "Feature", "geometry": {"type": "Point", "coordinates": [2.77117, 48.742362]}, "properties": {"year": 2024, "valeur_fonciere": 289900.0, "type_local": "Maison", "surface_reelle_bati": 98.0, "nombre_pieces_principales": 5.0, "adresse_nom_voie": "ALL DES MESANGES", "price_per_sqm": 2958.1632653061224, "date_iso": "2024-11-29", "parcelle": "77470000AE0367", "addr_num": "2"}}, {"type": "Feature", "geometry": {"type": "Point", "coordinates": [2.770768, 48.742477]}, "properties": {"year": 2024, "valeur_fonciere": 289900.0, "type_local": null, "surface_reelle_bati": null, "nombre_pieces_principales": null, "adresse_nom_voie": "LE MARTRAY", "price_per_sqm": null, "date_iso": "2024-11-29", "parcelle": "77470000AE0370", "addr_num": ""}}, {"type": "Feature", "geometry": {"type": "Point", "coordinates": [2.770574, 48.742444]}, "properties": {"year": 2024, "valeur_fonciere": 289900.0, "type_local": null, "surface_reelle_bati": null, "nombre_pieces_principales": null, "adresse_nom_voie": "LE MARTRAY", "price_per_sqm": null, "date_iso": "2024-11-29", "parcelle": "77470000AE0371", "addr_num": ""}}, {"type": "Feature", "geometry": {"type": "Point", "coordinates": [2.770045, 48.742356]}, "properties": {"year": 2024, "valeur_fonciere": 289900.0, "type_local": null, "surface_reelle_bati": null, "nombre_pieces_principales": null, "adresse_nom_voie": "LE MARTRAY", "price_per_sqm": null, "date_iso": "2024-11-29", "parcelle": "77470000AE0374", "addr_num": ""}}, {"type": "Feature", "geometry": {"type": "Point", "coordinates": [2.773312, 48.742378]}, "properties": {"year": 2024, "valeur_fonciere": 289900.0, "type_local": null, "surface_reelle_bati": null, "nombre_pieces_principales": null, "adresse_nom_voie": "LE MARTRAY", "price_per_sqm": null, "date_iso": "2024-11-29", "parcelle": "77470000AE0375", "addr_num": ""}}, {"type": "Feature", "geometry": {"type": "Point", "coordinates": [2.769212, 48.738774]}, "properties": {"year": 2024, "valeur_fonciere": 298000.0, "type_local": "Maison", "surface_reelle_bati": 180.0, "nombre_pieces_principales": 8.0, "adresse_nom_voie": "RUE DE LA MADELEINE", "price_per_sqm": 1655.5555555555557, "date_iso": "2024-12-27", "parcelle": "77470000AH0300", "addr_num": "7"}}, {"type": "Feature", "geometry": {"type": "Point", "coordinates": [2.758161, 48.740123]}, "properties": {"year": 2024, "valeur_fonciere": 380000.0, "type_local": "Dépendance", "surface_reelle_bati": null, "nombre_pieces_principales": 0.0, "adresse_nom_voie": "BD ISAAC PEREIRE", "price_per_sqm": null, "date_iso": "2024-12-20", "parcelle": "77470000AC0059", "addr_num": "18"}}, {"type": "Feature", "geometry": {"type": "Point", "coordinates": [2.758161, 48.740123]}, "properties": {"year": 2024, "valeur_fonciere": 380000.0, "type_local": "Dépendance", "surface_reelle_bati": null, "nombre_pieces_principales": 0.0, "adresse_nom_voie": "BD ISAAC PEREIRE", "price_per_sqm": null, "date_iso": "2024-12-20", "parcelle": "77470000AC0059", "addr_num": "18"}}, {"type": "Feature", "geometry": {"type": "Point", "coordinates": [2.758161, 48.740123]}, "properties": {"year": 2024, "valeur_fonciere": 380000.0, "type_local": "Maison", "surface_reelle_bati": 103.0, "nombre_pieces_principales": 6.0, "adresse_nom_voie": "BD ISAAC PEREIRE", "price_per_sqm": 3689.3203883495144, "date_iso": "2024-12-20", "parcelle": "77470000AC0059", "addr_num": "18"}}, {"type": "Feature", "geometry": {"type": "Point", "coordinates": [2.764693, 48.739448]}, "properties": {"year": 2025, "valeur_fonciere": 330000.0, "type_local": "Dépendance", "surface_reelle_bati": null, "nombre_pieces_principales": 0.0, "adresse_nom_voie": "RUE DU MARCHE", "price_per_sqm": null, "date_iso": "2025-01-02", "parcelle": "77470000AI0121", "addr_num": "8"}}, {"type": "Feature", "geometry": {"type": "Point", "coordinates": [2.764693, 48.739448]}, "properties": {"year": 2025, "valeur_fonciere": 330000.0, "type_local": "Dépendance", "surface_reelle_bati": null, "nombre_pieces_principales": 0.0, "adresse_nom_voie": "RUE DU MARCHE", "price_per_sqm": null, "date_iso": "2025-01-02", "parcelle": "77470000AI0121", "addr_num": "8"}}, {"type": "Feature", "geometry": {"type": "Point", "coordinates": [2.764693, 48.739448]}, "properties": {"year": 2025, "valeur_fonciere": 330000.0, "type_local": "Dépendance", "surface_reelle_bati": null, "nombre_pieces_principales": 0.0, "adresse_nom_voie": "RUE DU MARCHE", "price_per_sqm": null, "date_iso": "2025-01-02", "parcelle": "77470000AI0121", "addr_num": "8"}}, {"type": "Feature", "geometry": {"type": "Point", "coordinates": [2.764693, 48.739448]}, "properties": {"year": 2025, "valeur_fonciere": 330000.0, "type_local": "Maison", "surface_reelle_bati": 80.0, "nombre_pieces_principales": 4.0, "adresse_nom_voie": "RUE DU MARCHE", "price_per_sqm": 4125.0, "date_iso": "2025-01-02", "parcelle": "77470000AI0121", "addr_num": "8"}}, {"type": "Feature", "geometry": {"type": "Point", "coordinates": [2.764693, 48.739448]}, "properties": {"year": 2025, "valeur_fonciere": 330000.0, "type_local": "Local industriel. commercial ou assimilé", "surface_reelle_bati": 80.0, "nombre_pieces_principales": 0.0, "adresse_nom_voie": "RUE DU MARCHE", "price_per_sqm": 4125.0, "date_iso": "2025-01-02", "parcelle": "77470000AI0121", "addr_num": "8"}}, {"type": "Feature", "geometry": {"type": "Point", "coordinates": [2.764693, 48.739448]}, "properties": {"year": 2025, "valeur_fonciere": 330000.0, "type_local": "Dépendance", "surface_reelle_bati": null, "nombre_pieces_principales": 0.0, "adresse_nom_voie": "RUE DU MARCHE", "price_per_sqm": null, "date_iso": "2025-01-02", "parcelle": "77470000AI0121", "addr_num": "8"}}, {"type": "Feature", "geometry": {"type": "Point", "coordinates": [2.764534, 48.739744]}, "properties": {"year": 2025, "valeur_fonciere": 130000.0, "type_local": "Appartement", "surface_reelle_bati": 49.0, "nombre_pieces_principales": 2.0, "adresse_nom_voie": "RUE DE PARIS", "price_per_sqm": 2653.061224489796, "date_iso": "2025-01-17", "parcelle": "77470000AI0342", "addr_num": "23"}}, {"type": "Feature", "geometry": {"type": "Point", "coordinates": [2.764534, 48.739744]}, "properties": {"year": 2025, "valeur_fonciere": 130000.0, "type_local": "Dépendance", "surface_reelle_bati": null, "nombre_pieces_principales": 0.0, "adresse_nom_voie": "RUE DE PARIS", "price_per_sqm": null, "date_iso": "2025-01-17", "parcelle": "77470000AI0342", "addr_num": "23"}}, {"type": "Feature", "geometry": {"type": "Point", "coordinates": [2.770329, 48.742007]}, "properties": {"year": 2025, "valeur_fonciere": 291850.0, "type_local": null, "surface_reelle_bati": null, "nombre_pieces_principales": null, "adresse_nom_voie": "RUE DU GAZ", "price_per_sqm": null, "date_iso": "2025-01-07", "parcelle": "77470000AE0697", "addr_num": ""}}, {"type": "Feature", "geometry": {"type": "Point", "coordinates": [2.764014, 48.739478]}, "properties": {"year": 2025, "valeur_fonciere": 210000.0, "type_local": "Dépendance", "surface_reelle_bati": null, "nombre_pieces_principales": 0.0, "adresse_nom_voie": "RUE DE PARIS", "price_per_sqm": null, "date_iso": "2025-01-15", "parcelle": "77470000AI0125", "addr_num": "31"}}, {"type": "Feature", "geometry": {"type": "Point", "coordinates": [2.764014, 48.739478]}, "properties": {"year": 2025, "valeur_fonciere": 210000.0, "type_local": "Local industriel. commercial ou assimilé", "surface_reelle_bati": 106.0, "nombre_pieces_principales": 0.0, "adresse_nom_voie": "RUE DE PARIS", "price_per_sqm": 1981.132075471698, "date_iso": "2025-01-15", "parcelle": "77470000AI0125", "addr_num": "31"}}, {"type": "Feature", "geometry": {"type": "Point", "coordinates": [2.774224, 48.738282]}, "properties": {"year": 2025, "valeur_fonciere": 142500.0, "type_local": "Dépendance", "surface_reelle_bati": null, "nombre_pieces_principales": 0.0, "adresse_nom_voie": "RUE DE LA LIBERATION", "price_per_sqm": null, "date_iso": "2025-01-29", "parcelle": "77470000ZE0043", "addr_num": "9"}}, {"type": "Feature", "geometry": {"type": "Point", "coordinates": [2.774224, 48.738282]}, "properties": {"year": 2025, "valeur_fonciere": 142500.0, "type_local": "Appartement", "surface_reelle_bati": 38.0, "nombre_pieces_principales": 2.0, "adresse_nom_voie": "RUE DE LA LIBERATION", "price_per_sqm": 3750.0, "date_iso": "2025-01-29", "parcelle": "77470000ZE0043", "addr_num": "9"}}, {"type": "Feature", "geometry": {"type": "Point", "coordinates": [2.77295, 48.743107]}, "properties": {"year": 2025, "valeur_fonciere": 360000.0, "type_local": "Maison", "surface_reelle_bati": 121.0, "nombre_pieces_principales": 5.0, "adresse_nom_voie": "RUE DES PRES BATAILLE", "price_per_sqm": 2975.206611570248, "date_iso": "2025-01-23", "parcelle": "77470000ZA0175", "addr_num": "24"}}, {"type": "Feature", "geometry": {"type": "Point", "coordinates": [2.77295, 48.743107]}, "properties": {"year": 2025, "valeur_fonciere": 360000.0, "type_local": "Dépendance", "surface_reelle_bati": null, "nombre_pieces_principales": 0.0, "adresse_nom_voie": "RUE DES PRES BATAILLE", "price_per_sqm": null, "date_iso": "2025-01-23", "parcelle": "77470000ZA0175", "addr_num": "24"}}, {"type": "Feature", "geometry": {"type": "Point", "coordinates": [2.77295, 48.743107]}, "properties": {"year": 2025, "valeur_fonciere": 360000.0, "type_local": "Dépendance", "surface_reelle_bati": null, "nombre_pieces_principales": 0.0, "adresse_nom_voie": "RUE DES PRES BATAILLE", "price_per_sqm": null, "date_iso": "2025-01-23", "parcelle": "77470000ZA0175", "addr_num": "24"}}, {"type": "Feature", "geometry": {"type": "Point", "coordinates": [2.752674, 48.744725]}, "properties": {"year": 2025, "valeur_fonciere": 108500.0, "type_local": "Dépendance", "surface_reelle_bati": null, "nombre_pieces_principales": 0.0, "adresse_nom_voie": "RUE JEAN BAPTISTE LULLY", "price_per_sqm": null, "date_iso": "2025-02-19", "parcelle": "77470000ZA0619", "addr_num": "1"}}, {"type": "Feature", "geometry": {"type": "Point", "coordinates": [2.752674, 48.744725]}, "properties": {"year": 2025, "valeur_fonciere": 108500.0, "type_local": "Appartement", "surface_reelle_bati": 67.0, "nombre_pieces_principales": 3.0, "adresse_nom_voie": "RUE JEAN BAPTISTE LULLY", "price_per_sqm": 1619.402985074627, "date_iso": "2025-02-19", "parcelle": "77470000ZA0619", "addr_num": "1"}}, {"type": "Feature", "geometry": {"type": "Point", "coordinates": [2.769545, 48.739631]}, "properties": {"year": 2025, "valeur_fonciere": 294000.0, "type_local": "Maison", "surface_reelle_bati": 118.0, "nombre_pieces_principales": 4.0, "adresse_nom_voie": "RUE DU MAL FOCH", "price_per_sqm": 2491.5254237288136, "date_iso": "2025-02-14", "parcelle": "77470000AH0054", "addr_num": "19"}}, {"type": "Feature", "geometry": {"type": "Point", "coordinates": [2.764534, 48.739744]}, "properties": {"year": 2025, "valeur_fonciere": 140000.0, "type_local": "Appartement", "surface_reelle_bati": 50.0, "nombre_pieces_principales": 3.0, "adresse_nom_voie": "RUE DE PARIS", "price_per_sqm": 2800.0, "date_iso": "2025-02-13", "parcelle": "77470000AI0342", "addr_num": "23"}}, {"type": "Feature", "geometry": {"type": "Point", "coordinates": [2.764534, 48.739744]}, "properties": {"year": 2025, "valeur_fonciere": 140000.0, "type_local": "Dépendance", "surface_reelle_bati": null, "nombre_pieces_principales": 0.0, "adresse_nom_voie": "RUE DE PARIS", "price_per_sqm": null, "date_iso": "2025-02-13", "parcelle": "77470000AI0342", "addr_num": "23"}}, {"type": "Feature", "geometry": {"type": "Point", "coordinates": [2.763967, 48.743874]}, "properties": {"year": 2025, "valeur_fonciere": 255000.0, "type_local": "Maison", "surface_reelle_bati": 83.0, "nombre_pieces_principales": 3.0, "adresse_nom_voie": "RUE DES CARREAUX", "price_per_sqm": 3072.289156626506, "date_iso": "2025-03-04", "parcelle": "77470000AD0078", "addr_num": "36"}}, {"type": "Feature", "geometry": {"type": "Point", "coordinates": [2.764246, 48.73955]}, "properties": {"year": 2025, "valeur_fonciere": 130000.0, "type_local": "Local industriel. commercial ou assimilé", "surface_reelle_bati": 29.0, "nombre_pieces_principales": 0.0, "adresse_nom_voie": "RUE DE PARIS", "price_per_sqm": 4482.758620689655, "date_iso": "2025-03-24", "parcelle": "77470000AI0124", "addr_num": "29"}}, {"type": "Feature", "geometry": {"type": "Point", "coordinates": [2.764246, 48.73955]}, "properties": {"year": 2025, "valeur_fonciere": 130000.0, "type_local": "Local industriel. commercial ou assimilé", "surface_reelle_bati": 6.0, "nombre_pieces_principales": 0.0, "adresse_nom_voie": "RUE DE PARIS", "price_per_sqm": null, "date_iso": "2025-03-24", "parcelle": "77470000AI0124", "addr_num": "29"}}, {"type": "Feature", "geometry": {"type": "Point", "coordinates": [2.784286, 48.743343]}, "properties": {"year": 2025, "valeur_fonciere": 14000.0, "type_local": null, "surface_reelle_bati": null, "nombre_pieces_principales": null, "adresse_nom_voie": "LA LIGORNE", "price_per_sqm": null, "date_iso": "2025-03-04", "parcelle": "77470000AL0009", "addr_num": ""}}, {"type": "Feature", "geometry": {"type": "Point", "coordinates": [2.762281, 48.744633]}, "properties": {"year": 2025, "valeur_fonciere": 165000.0, "type_local": "Dépendance", "surface_reelle_bati": null, "nombre_pieces_principales": 0.0, "adresse_nom_voie": "RUE GIUSEPPE VERDI", "price_per_sqm": null, "date_iso": "2025-03-04", "parcelle": "77470000AD0304", "addr_num": "3"}}, {"type": "Feature", "geometry": {"type": "Point", "coordinates": [2.762281, 48.744633]}, "properties": {"year": 2025, "valeur_fonciere": 165000.0, "type_local": "Appartement", "surface_reelle_bati": 44.0, "nombre_pieces_principales": 2.0, "adresse_nom_voie": "RUE GIUSEPPE VERDI", "price_per_sqm": 3750.0, "date_iso": "2025-03-04", "parcelle": "77470000AD0304", "addr_num": "3"}}, {"type": "Feature", "geometry": {"type": "Point", "coordinates": [2.759768, 48.746719]}, "properties": {"year": 2025, "valeur_fonciere": 165000.0, "type_local": "Dépendance", "surface_reelle_bati": null, "nombre_pieces_principales": 0.0, "adresse_nom_voie": "AV DU GEN DE GAULLE", "price_per_sqm": null, "date_iso": "2025-03-18", "parcelle": "77470000ZA0372", "addr_num": "43"}}, {"type": "Feature", "geometry": {"type": "Point", "coordinates": [2.759768, 48.746719]}, "properties": {"year": 2025, "valeur_fonciere": 165000.0, "type_local": "Appartement", "surface_reelle_bati": 45.0, "nombre_pieces_principales": 2.0, "adresse_nom_voie": "AV DU GEN DE GAULLE", "price_per_sqm": 3666.6666666666665, "date_iso": "2025-03-18", "parcelle": "77470000ZA0372", "addr_num": "43"}}, {"type": "Feature", "geometry": {"type": "Point", "coordinates": [2.760983, 48.739617]}, "properties": {"year": 2025, "valeur_fonciere": 309500.0, "type_local": "Maison", "surface_reelle_bati": 126.0, "nombre_pieces_principales": 6.0, "adresse_nom_voie": "RUE PAUL HASTIER", "price_per_sqm": 2456.3492063492063, "date_iso": "2025-03-06", "parcelle": "77470000AI0423", "addr_num": "5"}}, {"type": "Feature", "geometry": {"type": "Point", "coordinates": [2.761503, 48.739534]}, "properties": {"year": 2025, "valeur_fonciere": 350000.0, "type_local": null, "surface_reelle_bati": null, "nombre_pieces_principales": null, "adresse_nom_voie": "RUE PAUL HASTIER", "price_per_sqm": null, "date_iso": "2025-03-27", "parcelle": "77470000AI0404", "addr_num": "3"}}, {"type": "Feature", "geometry": {"type": "Point", "coordinates": [2.761354, 48.739446]}, "properties": {"year": 2025, "valeur_fonciere": 350000.0, "type_local": null, "surface_reelle_bati": null, "nombre_pieces_principales": null, "adresse_nom_voie": "RUE PAUL HASTIER", "price_per_sqm": null, "date_iso": "2025-03-27", "parcelle": "77470000AI0405", "addr_num": "3"}}, {"type": "Feature", "geometry": {"type": "Point", "coordinates": [2.761349, 48.739372]}, "properties": {"year": 2025, "valeur_fonciere": 350000.0, "type_local": "Dépendance", "surface_reelle_bati": null, "nombre_pieces_principales": 0.0, "adresse_nom_voie": "RUE PAUL HASTIER", "price_per_sqm": null, "date_iso": "2025-03-27", "parcelle": "77470000AI0407", "addr_num": "1"}}, {"type": "Feature", "geometry": {"type": "Point", "coordinates": [2.761349, 48.739372]}, "properties": {"year": 2025, "valeur_fonciere": 350000.0, "type_local": "Dépendance", "surface_reelle_bati": null, "nombre_pieces_principales": 0.0, "adresse_nom_voie": "RUE PAUL HASTIER", "price_per_sqm": null, "date_iso": "2025-03-27", "parcelle": "77470000AI0407", "addr_num": "1"}}, {"type": "Feature", "geometry": {"type": "Point", "coordinates": [2.771262, 48.74427]}, "properties": {"year": 2025, "valeur_fonciere": 342000.0, "type_local": "Maison", "surface_reelle_bati": 90.0, "nombre_pieces_principales": 4.0, "adresse_nom_voie": "RUE MOZART", "price_per_sqm": 3800.0, "date_iso": "2025-03-26", "parcelle": "77470000ZA0284", "addr_num": "11"}}, {"type": "Feature", "geometry": {"type": "Point", "coordinates": [2.753572, 48.740616]}, "properties": {"year": 2025, "valeur_fonciere": 351900.0, "type_local": "Dépendance", "surface_reelle_bati": null, "nombre_pieces_principales": 0.0, "adresse_nom_voie": "LOT VAL DES DAMES", "price_per_sqm": null, "date_iso": "2025-03-28", "parcelle": "77470000AK0182", "addr_num": "20"}}, {"type": "Feature", "geometry": {"type": "Point", "coordinates": [2.753572, 48.740616]}, "properties": {"year": 2025, "valeur_fonciere": 351900.0, "type_local": "Maison", "surface_reelle_bati": 105.0, "nombre_pieces_principales": 4.0, "adresse_nom_voie": "LOT VAL DES DAMES", "price_per_sqm": 3351.4285714285716, "date_iso": "2025-03-28", "parcelle": "77470000AK0182", "addr_num": "20"}}, {"type": "Feature", "geometry": {"type": "Point", "coordinates": [2.764848, 48.739407]}, "properties": {"year": 2025, "valeur_fonciere": 158000.0, "type_local": "Appartement", "surface_reelle_bati": 57.0, "nombre_pieces_principales": 2.0, "adresse_nom_voie": "RUE DU MARCHE", "price_per_sqm": 2771.9298245614036, "date_iso": "2025-03-21", "parcelle": "77470000AI0306", "addr_num": "4"}}, {"type": "Feature", "geometry": {"type": "Point", "coordinates": [2.774224, 48.738282]}, "properties": {"year": 2025, "valeur_fonciere": 194000.0, "type_local": "Appartement", "surface_reelle_bati": 58.0, "nombre_pieces_principales": 3.0, "adresse_nom_voie": "RUE DE LA LIBERATION", "price_per_sqm": 3344.8275862068967, "date_iso": "2025-03-26", "parcelle": "77470000ZE0043", "addr_num": "9"}}, {"type": "Feature", "geometry": {"type": "Point", "coordinates": [2.774224, 48.738282]}, "properties": {"year": 2025, "valeur_fonciere": 194000.0, "type_local": "Dépendance", "surface_reelle_bati": null, "nombre_pieces_principales": 0.0, "adresse_nom_voie": "RUE DE LA LIBERATION", "price_per_sqm": null, "date_iso": "2025-03-26", "parcelle": "77470000ZE0043", "addr_num": "9"}}, {"type": "Feature", "geometry": {"type": "Point", "coordinates": [2.774224, 48.738282]}, "properties": {"year": 2025, "valeur_fonciere": 194000.0, "type_local": "Dépendance", "surface_reelle_bati": null, "nombre_pieces_principales": 0.0, "adresse_nom_voie": "RUE DE LA LIBERATION", "price_per_sqm": null, "date_iso": "2025-03-26", "parcelle": "77470000ZE0043", "addr_num": "9"}}, {"type": "Feature", "geometry": {"type": "Point", "coordinates": [2.771108, 48.738397]}, "properties": {"year": 2025, "valeur_fonciere": 135000.0, "type_local": "Appartement", "surface_reelle_bati": 66.0, "nombre_pieces_principales": 2.0, "adresse_nom_voie": "RUE DE LA MADELEINE", "price_per_sqm": 2045.4545454545455, "date_iso": "2025-03-28", "parcelle": "77470000AH0146", "addr_num": "41"}}, {"type": "Feature", "geometry": {"type": "Point", "coordinates": [2.753098, 48.742857]}, "properties": {"year": 2025, "valeur_fonciere": 247500.0, "type_local": "Dépendance", "surface_reelle_bati": null, "nombre_pieces_principales": 0.0, "adresse_nom_voie": "RUE JULES LEFEBVRE", "price_per_sqm": null, "date_iso": "2025-03-26", "parcelle": "77470000AB0295", "addr_num": "29"}}, {"type": "Feature", "geometry": {"type": "Point", "coordinates": [2.753098, 48.742857]}, "properties": {"year": 2025, "valeur_fonciere": 247500.0, "type_local": "Dépendance", "surface_reelle_bati": null, "nombre_pieces_principales": 0.0, "adresse_nom_voie": "RUE JULES LEFEBVRE", "price_per_sqm": null, "date_iso": "2025-03-26", "parcelle": "77470000AB0295", "addr_num": "29"}}, {"type": "Feature", "geometry": {"type": "Point", "coordinates": [2.753098, 48.742857]}, "properties": {"year": 2025, "valeur_fonciere": 247500.0, "type_local": "Appartement", "surface_reelle_bati": 84.0, "nombre_pieces_principales": 4.0, "adresse_nom_voie": "RUE JULES LEFEBVRE", "price_per_sqm": 2946.4285714285716, "date_iso": "2025-03-26", "parcelle": "77470000AB0295", "addr_num": "29"}}, {"type": "Feature", "geometry": {"type": "Point", "coordinates": [2.753098, 48.742857]}, "properties": {"year": 2025, "valeur_fonciere": 247500.0, "type_local": "Dépendance", "surface_reelle_bati": null, "nombre_pieces_principales": 0.0, "adresse_nom_voie": "RUE JULES LEFEBVRE", "price_per_sqm": null, "date_iso": "2025-03-26", "parcelle": "77470000AB0295", "addr_num": "29"}}, {"type": "Feature", "geometry": {"type": "Point", "coordinates": [2.762228, 48.742212]}, "properties": {"year": 2025, "valeur_fonciere": 199000.0, "type_local": "Dépendance", "surface_reelle_bati": null, "nombre_pieces_principales": 0.0, "adresse_nom_voie": "RUE DU PDT POINCARE", "price_per_sqm": null, "date_iso": "2025-04-24", "parcelle": "77470000AI0002", "addr_num": "29"}}, {"type": "Feature", "geometry": {"type": "Point", "coordinates": [2.762228, 48.742212]}, "properties": {"year": 2025, "valeur_fonciere": 199000.0, "type_local": "Maison", "surface_reelle_bati": 50.0, "nombre_pieces_principales": 3.0, "adresse_nom_voie": "RUE DU PDT POINCARE", "price_per_sqm": 3980.0, "date_iso": "2025-04-24", "parcelle": "77470000AI0002", "addr_num": "29"}}, {"type": "Feature", "geometry": {"type": "Point", "coordinates": [2.778539, 48.741005]}, "properties": {"year": 2025, "valeur_fonciere": 268000.0, "type_local": "Maison", "surface_reelle_bati": 76.0, "nombre_pieces_principales": 3.0, "adresse_nom_voie": "RUE ALBERT LEBRUN", "price_per_sqm": 3526.315789473684, "date_iso": "2025-04-09", "parcelle": "77470000AE0499", "addr_num": "42"}}, {"type": "Feature", "geometry": {"type": "Point", "coordinates": [2.774224, 48.738282]}, "properties": {"year": 2025, "valeur_fonciere": 175000.0, "type_local": "Appartement", "surface_reelle_bati": 52.0, "nombre_pieces_principales": 3.0, "adresse_nom_voie": "RUE DE LA LIBERATION", "price_per_sqm": 3365.3846153846152, "date_iso": "2025-04-07", "parcelle": "77470000ZE0043", "addr_num": "9"}}, {"type": "Feature", "geometry": {"type": "Point", "coordinates": [2.774224, 48.738282]}, "properties": {"year": 2025, "valeur_fonciere": 175000.0, "type_local": "Dépendance", "surface_reelle_bati": null, "nombre_pieces_principales": 0.0, "adresse_nom_voie": "RUE DE LA LIBERATION", "price_per_sqm": null, "date_iso": "2025-04-07", "parcelle": "77470000ZE0043", "addr_num": "9"}}, {"type": "Feature", "geometry": {"type": "Point", "coordinates": [2.772853, 48.73844]}, "properties": {"year": 2025, "valeur_fonciere": 226000.0, "type_local": "Dépendance", "surface_reelle_bati": null, "nombre_pieces_principales": 0.0, "adresse_nom_voie": "RUE DE LA MADELEINE", "price_per_sqm": null, "date_iso": "2025-04-09", "parcelle": "77470000AH0492", "addr_num": "61"}}, {"type": "Feature", "geometry": {"type": "Point", "coordinates": [2.772853, 48.73844]}, "properties": {"year": 2025, "valeur_fonciere": 226000.0, "type_local": "Appartement", "surface_reelle_bati": 60.0, "nombre_pieces_principales": 3.0, "adresse_nom_voie": "RUE DE LA MADELEINE", "price_per_sqm": 3766.6666666666665, "date_iso": "2025-04-09", "parcelle": "77470000AH0492", "addr_num": "61"}}, {"type": "Feature", "geometry": {"type": "Point", "coordinates": [2.772853, 48.73844]}, "properties": {"year": 2025, "valeur_fonciere": 226000.0, "type_local": "Dépendance", "surface_reelle_bati": null, "nombre_pieces_principales": 0.0, "adresse_nom_voie": "RUE DE LA MADELEINE", "price_per_sqm": null, "date_iso": "2025-04-09", "parcelle": "77470000AH0492", "addr_num": "61"}}, {"type": "Feature", "geometry": {"type": "Point", "coordinates": [2.764534, 48.739744]}, "properties": {"year": 2025, "valeur_fonciere": 126000.0, "type_local": "Appartement", "surface_reelle_bati": 60.0, "nombre_pieces_principales": 2.0, "adresse_nom_voie": "RUE DE PARIS", "price_per_sqm": 2100.0, "date_iso": "2025-04-14", "parcelle": "77470000AI0342", "addr_num": "23"}}, {"type": "Feature", "geometry": {"type": "Point", "coordinates": [2.764534, 48.739744]}, "properties": {"year": 2025, "valeur_fonciere": 126000.0, "type_local": "Dépendance", "surface_reelle_bati": null, "nombre_pieces_principales": 0.0, "adresse_nom_voie": "RUE DE PARIS", "price_per_sqm": null, "date_iso": "2025-04-14", "parcelle": "77470000AI0342", "addr_num": "23"}}, {"type": "Feature", "geometry": {"type": "Point", "coordinates": [2.776753, 48.743418]}, "properties": {"year": 2025, "valeur_fonciere": 364000.0, "type_local": "Maison", "surface_reelle_bati": 113.0, "nombre_pieces_principales": 4.0, "adresse_nom_voie": "ALL DES MARGUERITES", "price_per_sqm": 3221.238938053097, "date_iso": "2025-04-29", "parcelle": "77470000AE0635", "addr_num": "8"}}, {"type": "Feature", "geometry": {"type": "Point", "coordinates": [2.776837, 48.743402]}, "properties": {"year": 2025, "valeur_fonciere": 364000.0, "type_local": null, "surface_reelle_bati": null, "nombre_pieces_principales": null, "adresse_nom_voie": "RUE DE VILLE", "price_per_sqm": null, "date_iso": "2025-04-29", "parcelle": "77470000AE0789", "addr_num": ""}}, {"type": "Feature", "geometry": {"type": "Point", "coordinates": [2.760036, 48.743698]}, "properties": {"year": 2025, "valeur_fonciere": 195000.0, "type_local": "Dépendance", "surface_reelle_bati": null, "nombre_pieces_principales": 0.0, "adresse_nom_voie": "RES TOURNAN ORIGNY", "price_per_sqm": null, "date_iso": "2025-05-09", "parcelle": "77470000ZA0005", "addr_num": "9001"}}, {"type": "Feature", "geometry": {"type": "Point", "coordinates": [2.760036, 48.743698]}, "properties": {"year": 2025, "valeur_fonciere": 195000.0, "type_local": "Dépendance", "surface_reelle_bati": null, "nombre_pieces_principales": 0.0, "adresse_nom_voie": "RES TOURNAN ORIGNY", "price_per_sqm": null, "date_iso": "2025-05-09", "parcelle": "77470000ZA0005", "addr_num": "9001"}}, {"type": "Feature", "geometry": {"type": "Point", "coordinates": [2.760036, 48.743698]}, "properties": {"year": 2025, "valeur_fonciere": 195000.0, "type_local": "Appartement", "surface_reelle_bati": 74.0, "nombre_pieces_principales": 4.0, "adresse_nom_voie": "RES TOURNAN ORIGNY", "price_per_sqm": 2635.135135135135, "date_iso": "2025-05-09", "parcelle": "77470000ZA0005", "addr_num": "9001"}}, {"type": "Feature", "geometry": {"type": "Point", "coordinates": [2.760036, 48.743698]}, "properties": {"year": 2025, "valeur_fonciere": 195000.0, "type_local": "Dépendance", "surface_reelle_bati": null, "nombre_pieces_principales": 0.0, "adresse_nom_voie": "RES TOURNAN ORIGNY", "price_per_sqm": null, "date_iso": "2025-05-09", "parcelle": "77470000ZA0005", "addr_num": "9001"}}, {"type": "Feature", "geometry": {"type": "Point", "coordinates": [2.770529, 48.739599]}, "properties": {"year": 2025, "valeur_fonciere": 127000.0, "type_local": "Appartement", "surface_reelle_bati": 36.0, "nombre_pieces_principales": 1.0, "adresse_nom_voie": "RUE DU MAL FOCH", "price_per_sqm": 3527.777777777778, "date_iso": "2025-04-29", "parcelle": "77470000AH0103", "addr_num": "36"}}, {"type": "Feature", "geometry": {"type": "Point", "coordinates": [2.771042, 48.7431]}, "properties": {"year": 2025, "valeur_fonciere": 255000.0, "type_local": null, "surface_reelle_bati": null, "nombre_pieces_principales": null, "adresse_nom_voie": "LE MARTRAY", "price_per_sqm": null, "date_iso": "2025-05-13", "parcelle": "77470000AE0157", "addr_num": ""}}, {"type": "Feature", "geometry": {"type": "Point", "coordinates": [2.771185, 48.742895]}, "properties": {"year": 2025, "valeur_fonciere": 255000.0, "type_local": null, "surface_reelle_bati": null, "nombre_pieces_principales": null, "adresse_nom_voie": "LE MARTRAY", "price_per_sqm": null, "date_iso": "2025-05-13", "parcelle": "77470000AE0162", "addr_num": ""}}, {"type": "Feature", "geometry": {"type": "Point", "coordinates": [2.775165, 48.741451]}, "properties": {"year": 2025, "valeur_fonciere": 255000.0, "type_local": null, "surface_reelle_bati": null, "nombre_pieces_principales": null, "adresse_nom_voie": "RUE DE VILLE", "price_per_sqm": null, "date_iso": "2025-05-13", "parcelle": "77470000AE0299", "addr_num": ""}}, {"type": "Feature", "geometry": {"type": "Point", "coordinates": [2.773608, 48.742213]}, "properties": {"year": 2025, "valeur_fonciere": 255000.0, "type_local": "Dépendance", "surface_reelle_bati": null, "nombre_pieces_principales": 0.0, "adresse_nom_voie": "RUE DE PENTHIEVRE", "price_per_sqm": null, "date_iso": "2025-05-13", "parcelle": "77470000AE0321", "addr_num": "3"}}, {"type": "Feature", "geometry": {"type": "Point", "coordinates": [2.773608, 48.742213]}, "properties": {"year": 2025, "valeur_fonciere": 255000.0, "type_local": "Maison", "surface_reelle_bati": 103.0, "nombre_pieces_principales": 6.0, "adresse_nom_voie": "RUE DE PENTHIEVRE", "price_per_sqm": 2475.7281553398057, "date_iso": "2025-05-13", "parcelle": "77470000AE0321", "addr_num": "3"}}, {"type": "Feature", "geometry": {"type": "Point", "coordinates": [2.773572, 48.742154]}, "properties": {"year": 2025, "valeur_fonciere": 255000.0, "type_local": null, "surface_reelle_bati": null, "nombre_pieces_principales": null, "adresse_nom_voie": "RUE DE PENTHIEVRE", "price_per_sqm": null, "date_iso": "2025-05-13", "parcelle": "77470000AE0322", "addr_num": ""}}, {"type": "Feature", "geometry": {"type": "Point", "coordinates": [2.773374, 48.74166]}, "properties": {"year": 2025, "valeur_fonciere": 255000.0, "type_local": null, "surface_reelle_bati": null, "nombre_pieces_principales": null, "adresse_nom_voie": "LE VAL DES BOISSIERES", "price_per_sqm": null, "date_iso": "2025-05-13", "parcelle": "77470000AE0330", "addr_num": ""}}, {"type": "Feature", "geometry": {"type": "Point", "coordinates": [2.773095, 48.741943]}, "properties": {"year": 2025, "valeur_fonciere": 255000.0, "type_local": null, "surface_reelle_bati": null, "nombre_pieces_principales": null, "adresse_nom_voie": "LE VAL DES BOISSIERES", "price_per_sqm": null, "date_iso": "2025-05-13", "parcelle": "77470000AE0337", "addr_num": ""}}, {"type": "Feature", "geometry": {"type": "Point", "coordinates": [2.772712, 48.742435]}, "properties": {"year": 2025, "valeur_fonciere": 255000.0, "type_local": "Local industriel. commercial ou assimilé", "surface_reelle_bati": null, "nombre_pieces_principales": 0.0, "adresse_nom_voie": "LE VAL DES BOISSIERES", "price_per_sqm": null, "date_iso": "2025-05-13", "parcelle": "77470000AE0346", "addr_num": "9001"}}, {"type": "Feature", "geometry": {"type": "Point", "coordinates": [2.771764, 48.741891]}, "properties": {"year": 2025, "valeur_fonciere": 255000.0, "type_local": null, "surface_reelle_bati": null, "nombre_pieces_principales": null, "adresse_nom_voie": "LE MARTRAY", "price_per_sqm": null, "date_iso": "2025-05-13", "parcelle": "77470000AE0358", "addr_num": ""}}, {"type": "Feature", "geometry": {"type": "Point", "coordinates": [2.770768, 48.742477]}, "properties": {"year": 2025, "valeur_fonciere": 255000.0, "type_local": null, "surface_reelle_bati": null, "nombre_pieces_principales": null, "adresse_nom_voie": "LE MARTRAY", "price_per_sqm": null, "date_iso": "2025-05-13", "parcelle": "77470000AE0370", "addr_num": ""}}, {"type": "Feature", "geometry": {"type": "Point", "coordinates": [2.770574, 48.742444]}, "properties": {"year": 2025, "valeur_fonciere": 255000.0, "type_local": null, "surface_reelle_bati": null, "nombre_pieces_principales": null, "adresse_nom_voie": "LE MARTRAY", "price_per_sqm": null, "date_iso": "2025-05-13", "parcelle": "77470000AE0371", "addr_num": ""}}, {"type": "Feature", "geometry": {"type": "Point", "coordinates": [2.770045, 48.742356]}, "properties": {"year": 2025, "valeur_fonciere": 255000.0, "type_local": null, "surface_reelle_bati": null, "nombre_pieces_principales": null, "adresse_nom_voie": "LE MARTRAY", "price_per_sqm": null, "date_iso": "2025-05-13", "parcelle": "77470000AE0374", "addr_num": ""}}, {"type": "Feature", "geometry": {"type": "Point", "coordinates": [2.773312, 48.742378]}, "properties": {"year": 2025, "valeur_fonciere": 255000.0, "type_local": null, "surface_reelle_bati": null, "nombre_pieces_principales": null, "adresse_nom_voie": "LE MARTRAY", "price_per_sqm": null, "date_iso": "2025-05-13", "parcelle": "77470000AE0375", "addr_num": ""}}, {"type": "Feature", "geometry": {"type": "Point", "coordinates": [2.766011, 48.740185]}, "properties": {"year": 2025, "valeur_fonciere": 385000.0, "type_local": "Dépendance", "surface_reelle_bati": null, "nombre_pieces_principales": 0.0, "adresse_nom_voie": "RUE DE PROVINS", "price_per_sqm": null, "date_iso": "2025-04-25", "parcelle": "77470000AI0078", "addr_num": "7"}}, {"type": "Feature", "geometry": {"type": "Point", "coordinates": [2.766011, 48.740185]}, "properties": {"year": 2025, "valeur_fonciere": 385000.0, "type_local": "Dépendance", "surface_reelle_bati": null, "nombre_pieces_principales": 0.0, "adresse_nom_voie": "RUE DE PROVINS", "price_per_sqm": null, "date_iso": "2025-04-25", "parcelle": "77470000AI0078", "addr_num": "7"}}, {"type": "Feature", "geometry": {"type": "Point", "coordinates": [2.766011, 48.740185]}, "properties": {"year": 2025, "valeur_fonciere": 385000.0, "type_local": "Dépendance", "surface_reelle_bati": null, "nombre_pieces_principales": 0.0, "adresse_nom_voie": "RUE DE PROVINS", "price_per_sqm": null, "date_iso": "2025-04-25", "parcelle": "77470000AI0078", "addr_num": "7"}}, {"type": "Feature", "geometry": {"type": "Point", "coordinates": [2.766011, 48.740185]}, "properties": {"year": 2025, "valeur_fonciere": 385000.0, "type_local": "Dépendance", "surface_reelle_bati": null, "nombre_pieces_principales": 0.0, "adresse_nom_voie": "RUE DE PROVINS", "price_per_sqm": null, "date_iso": "2025-04-25", "parcelle": "77470000AI0078", "addr_num": "7"}}, {"type": "Feature", "geometry": {"type": "Point", "coordinates": [2.766011, 48.740185]}, "properties": {"year": 2025, "valeur_fonciere": 385000.0, "type_local": "Dépendance", "surface_reelle_bati": null, "nombre_pieces_principales": 0.0, "adresse_nom_voie": "RUE DE PROVINS", "price_per_sqm": null, "date_iso": "2025-04-25", "parcelle": "77470000AI0078", "addr_num": "7"}}, {"type": "Feature", "geometry": {"type": "Point", "coordinates": [2.766011, 48.740185]}, "properties": {"year": 2025, "valeur_fonciere": 385000.0, "type_local": "Dépendance", "surface_reelle_bati": null, "nombre_pieces_principales": 0.0, "adresse_nom_voie": "RUE DE PROVINS", "price_per_sqm": null, "date_iso": "2025-04-25", "parcelle": "77470000AI0078", "addr_num": "7"}}, {"type": "Feature", "geometry": {"type": "Point", "coordinates": [2.766011, 48.740185]}, "properties": {"year": 2025, "valeur_fonciere": 385000.0, "type_local": "Dépendance", "surface_reelle_bati": null, "nombre_pieces_principales": 0.0, "adresse_nom_voie": "RUE DE PROVINS", "price_per_sqm": null, "date_iso": "2025-04-25", "parcelle": "77470000AI0078", "addr_num": "7"}}, {"type": "Feature", "geometry": {"type": "Point", "coordinates": [2.766011, 48.740185]}, "properties": {"year": 2025, "valeur_fonciere": 385000.0, "type_local": "Dépendance", "surface_reelle_bati": null, "nombre_pieces_principales": 0.0, "adresse_nom_voie": "RUE DE PROVINS", "price_per_sqm": null, "date_iso": "2025-04-25", "parcelle": "77470000AI0078", "addr_num": "7"}}, {"type": "Feature", "geometry": {"type": "Point", "coordinates": [2.766011, 48.740185]}, "properties": {"year": 2025, "valeur_fonciere": 385000.0, "type_local": "Dépendance", "surface_reelle_bati": null, "nombre_pieces_principales": 0.0, "adresse_nom_voie": "RUE DE PROVINS", "price_per_sqm": null, "date_iso": "2025-04-25", "parcelle": "77470000AI0078", "addr_num": "7"}}, {"type": "Feature", "geometry": {"type": "Point", "coordinates": [2.766011, 48.740185]}, "properties": {"year": 2025, "valeur_fonciere": 385000.0, "type_local": "Local industriel. commercial ou assimilé", "surface_reelle_bati": 38.0, "nombre_pieces_principales": 0.0, "adresse_nom_voie": "RUE DE PROVINS", "price_per_sqm": 10131.578947368422, "date_iso": "2025-04-25", "parcelle": "77470000AI0078", "addr_num": "7"}}, {"type": "Feature", "geometry": {"type": "Point", "coordinates": [2.766011, 48.740185]}, "properties": {"year": 2025, "valeur_fonciere": 385000.0, "type_local": "Dépendance", "surface_reelle_bati": null, "nombre_pieces_principales": 0.0, "adresse_nom_voie": "RUE DE PROVINS", "price_per_sqm": null, "date_iso": "2025-04-25", "parcelle": "77470000AI0078", "addr_num": "7"}}, {"type": "Feature", "geometry": {"type": "Point", "coordinates": [2.766011, 48.740185]}, "properties": {"year": 2025, "valeur_fonciere": 385000.0, "type_local": "Dépendance", "surface_reelle_bati": null, "nombre_pieces_principales": 0.0, "adresse_nom_voie": "RUE DE PROVINS", "price_per_sqm": null, "date_iso": "2025-04-25", "parcelle": "77470000AI0078", "addr_num": "7"}}, {"type": "Feature", "geometry": {"type": "Point", "coordinates": [2.766011, 48.740185]}, "properties": {"year": 2025, "valeur_fonciere": 385000.0, "type_local": "Maison", "surface_reelle_bati": 130.0, "nombre_pieces_principales": 5.0, "adresse_nom_voie": "RUE DE PROVINS", "price_per_sqm": 2961.5384615384614, "date_iso": "2025-04-25", "parcelle": "77470000AI0078", "addr_num": "7"}}, {"type": "Feature", "geometry": {"type": "Point", "coordinates": [2.766011, 48.740185]}, "properties": {"year": 2025, "valeur_fonciere": 385000.0, "type_local": "Local industriel. commercial ou assimilé", "surface_reelle_bati": 35.0, "nombre_pieces_principales": 0.0, "adresse_nom_voie": "RUE DE PROVINS", "price_per_sqm": 11000.0, "date_iso": "2025-04-25", "parcelle": "77470000AI0078", "addr_num": "7"}}, {"type": "Feature", "geometry": {"type": "Point", "coordinates": [2.753553, 48.743985]}, "properties": {"year": 2025, "valeur_fonciere": 295000.0, "type_local": "Appartement", "surface_reelle_bati": 71.0, "nombre_pieces_principales": 4.0, "adresse_nom_voie": "RUE JULES LEFEBVRE", "price_per_sqm": 4154.929577464789, "date_iso": "2025-05-07", "parcelle": "77470000AB0292", "addr_num": "12"}}, {"type": "Feature", "geometry": {"type": "Point", "coordinates": [2.753553, 48.743985]}, "properties": {"year": 2025, "valeur_fonciere": 295000.0, "type_local": "Dépendance", "surface_reelle_bati": null, "nombre_pieces_principales": 0.0, "adresse_nom_voie": "RUE JULES LEFEBVRE", "price_per_sqm": null, "date_iso": "2025-05-07", "parcelle": "77470000AB0292", "addr_num": "12"}}, {"type": "Feature", "geometry": {"type": "Point", "coordinates": [2.752224, 48.74012]}, "properties": {"year": 2025, "valeur_fonciere": 278000.0, "type_local": "Maison", "surface_reelle_bati": 88.0, "nombre_pieces_principales": 5.0, "adresse_nom_voie": "LOT VAL DES DAMES", "price_per_sqm": 3159.090909090909, "date_iso": "2025-05-12", "parcelle": "77470000AK0222", "addr_num": "23"}}, {"type": "Feature", "geometry": {"type": "Point", "coordinates": [2.773296, 48.739413]}, "properties": {"year": 2025, "valeur_fonciere": 249000.0, "type_local": "Maison", "surface_reelle_bati": 51.0, "nombre_pieces_principales": 3.0, "adresse_nom_voie": "RUE DE LA CROIX SAINT MARC", "price_per_sqm": 4882.35294117647, "date_iso": "2025-05-12", "parcelle": "77470000AH0164", "addr_num": "5"}}, {"type": "Feature", "geometry": {"type": "Point", "coordinates": [2.773296, 48.739413]}, "properties": {"year": 2025, "valeur_fonciere": 249000.0, "type_local": "Dépendance", "surface_reelle_bati": null, "nombre_pieces_principales": 0.0, "adresse_nom_voie": "RUE DE LA CROIX SAINT MARC", "price_per_sqm": null, "date_iso": "2025-05-12", "parcelle": "77470000AH0164", "addr_num": "5"}}, {"type": "Feature", "geometry": {"type": "Point", "coordinates": [2.763824, 48.742755]}, "properties": {"year": 2025, "valeur_fonciere": 232500.0, "type_local": "Dépendance", "surface_reelle_bati": null, "nombre_pieces_principales": 0.0, "adresse_nom_voie": "RUE DU PDT POINCARE", "price_per_sqm": null, "date_iso": "2025-05-15", "parcelle": "77470000AD0043", "addr_num": "26"}}, {"type": "Feature", "geometry": {"type": "Point", "coordinates": [2.763824, 48.742755]}, "properties": {"year": 2025, "valeur_fonciere": 232500.0, "type_local": "Dépendance", "surface_reelle_bati": null, "nombre_pieces_principales": 0.0, "adresse_nom_voie": "RUE DU PDT POINCARE", "price_per_sqm": null, "date_iso": "2025-05-15", "parcelle": "77470000AD0043", "addr_num": "26"}}, {"type": "Feature", "geometry": {"type": "Point", "coordinates": [2.763824, 48.742755]}, "properties": {"year": 2025, "valeur_fonciere": 232500.0, "type_local": "Appartement", "surface_reelle_bati": 61.0, "nombre_pieces_principales": 3.0, "adresse_nom_voie": "RUE DU PDT POINCARE", "price_per_sqm": 3811.4754098360654, "date_iso": "2025-05-15", "parcelle": "77470000AD0043", "addr_num": "26"}}, {"type": "Feature", "geometry": {"type": "Point", "coordinates": [2.768165, 48.739314]}, "properties": {"year": 2025, "valeur_fonciere": 266300.0, "type_local": null, "surface_reelle_bati": null, "nombre_pieces_principales": null, "adresse_nom_voie": "RUE DU MARTRAY", "price_per_sqm": null, "date_iso": "2025-05-26", "parcelle": "77470000AH0022", "addr_num": ""}}, {"type": "Feature", "geometry": {"type": "Point", "coordinates": [2.768229, 48.739268]}, "properties": {"year": 2025, "valeur_fonciere": 266300.0, "type_local": "Maison", "surface_reelle_bati": 66.0, "nombre_pieces_principales": 3.0, "adresse_nom_voie": "RUE DU MARTRAY", "price_per_sqm": 4034.848484848485, "date_iso": "2025-05-26", "parcelle": "77470000AH0409", "addr_num": "3"}}, {"type": "Feature", "geometry": {"type": "Point", "coordinates": [2.768229, 48.739268]}, "properties": {"year": 2025, "valeur_fonciere": 266300.0, "type_local": "Dépendance", "surface_reelle_bati": null, "nombre_pieces_principales": 0.0, "adresse_nom_voie": "RUE DU MARTRAY", "price_per_sqm": null, "date_iso": "2025-05-26", "parcelle": "77470000AH0409", "addr_num": "3"}}, {"type": "Feature", "geometry": {"type": "Point", "coordinates": [2.767966, 48.739339]}, "properties": {"year": 2025, "valeur_fonciere": 266300.0, "type_local": null, "surface_reelle_bati": null, "nombre_pieces_principales": null, "adresse_nom_voie": "RUE DU MARTRAY", "price_per_sqm": null, "date_iso": "2025-05-26", "parcelle": "77470000AH0410", "addr_num": ""}}, {"type": "Feature", "geometry": {"type": "Point", "coordinates": [2.773212, 48.7397]}, "properties": {"year": 2025, "valeur_fonciere": 159000.0, "type_local": null, "surface_reelle_bati": null, "nombre_pieces_principales": null, "adresse_nom_voie": "RUE DU MAL FOCH", "price_per_sqm": null, "date_iso": "2025-06-18", "parcelle": "77470000AH0500", "addr_num": ""}}, {"type": "Feature", "geometry": {"type": "Point", "coordinates": [2.771042, 48.7431]}, "properties": {"year": 2025, "valeur_fonciere": 261000.0, "type_local": null, "surface_reelle_bati": null, "nombre_pieces_principales": null, "adresse_nom_voie": "LE MARTRAY", "price_per_sqm": null, "date_iso": "2025-06-27", "parcelle": "77470000AE0157", "addr_num": ""}}, {"type": "Feature", "geometry": {"type": "Point", "coordinates": [2.771185, 48.742895]}, "properties": {"year": 2025, "valeur_fonciere": 261000.0, "type_local": null, "surface_reelle_bati": null, "nombre_pieces_principales": null, "adresse_nom_voie": "LE MARTRAY", "price_per_sqm": null, "date_iso": "2025-06-27", "parcelle": "77470000AE0162", "addr_num": ""}}, {"type": "Feature", "geometry": {"type": "Point", "coordinates": [2.771593, 48.743225]}, "properties": {"year": 2025, "valeur_fonciere": 261000.0, "type_local": "Dépendance", "surface_reelle_bati": null, "nombre_pieces_principales": 0.0, "adresse_nom_voie": "CHE DES PRES BATAILLE", "price_per_sqm": null, "date_iso": "2025-06-27", "parcelle": "77470000AE0173", "addr_num": "16"}}, {"type": "Feature", "geometry": {"type": "Point", "coordinates": [2.771593, 48.743225]}, "properties": {"year": 2025, "valeur_fonciere": 261000.0, "type_local": "Maison", "surface_reelle_bati": 86.0, "nombre_pieces_principales": 5.0, "adresse_nom_voie": "CHE DES PRES BATAILLE", "price_per_sqm": 3034.8837209302324, "date_iso": "2025-06-27", "parcelle": "77470000AE0173", "addr_num": "16"}}, {"type": "Feature", "geometry": {"type": "Point", "coordinates": [2.771628, 48.743286]}, "properties": {"year": 2025, "valeur_fonciere": 261000.0, "type_local": null, "surface_reelle_bati": null, "nombre_pieces_principales": null, "adresse_nom_voie": "LES PRES BATAILLE", "price_per_sqm": null, "date_iso": "2025-06-27", "parcelle": "77470000AE0174", "addr_num": ""}}, {"type": "Feature", "geometry": {"type": "Point", "coordinates": [2.775165, 48.741451]}, "properties": {"year": 2025, "valeur_fonciere": 261000.0, "type_local": null, "surface_reelle_bati": null, "nombre_pieces_principales": null, "adresse_nom_voie": "RUE DE VILLE", "price_per_sqm": null, "date_iso": "2025-06-27", "parcelle": "77470000AE0299", "addr_num": ""}}, {"type": "Feature", "geometry": {"type": "Point", "coordinates": [2.773374, 48.74166]}, "properties": {"year": 2025, "valeur_fonciere": 261000.0, "type_local": null, "surface_reelle_bati": null, "nombre_pieces_principales": null, "adresse_nom_voie": "LE VAL DES BOISSIERES", "price_per_sqm": null, "date_iso": "2025-06-27", "parcelle": "77470000AE0330", "addr_num": ""}}, {"type": "Feature", "geometry": {"type": "Point", "coordinates": [2.773095, 48.741943]}, "properties": {"year": 2025, "valeur_fonciere": 261000.0, "type_local": null, "surface_reelle_bati": null, "nombre_pieces_principales": null, "adresse_nom_voie": "LE VAL DES BOISSIERES", "price_per_sqm": null, "date_iso": "2025-06-27", "parcelle": "77470000AE0337", "addr_num": ""}}, {"type": "Feature", "geometry": {"type": "Point", "coordinates": [2.772712, 48.742435]}, "properties": {"year": 2025, "valeur_fonciere": 261000.0, "type_local": "Local industriel. commercial ou assimilé", "surface_reelle_bati": null, "nombre_pieces_principales": 0.0, "adresse_nom_voie": "LE VAL DES BOISSIERES", "price_per_sqm": null, "date_iso": "2025-06-27", "parcelle": "77470000AE0346", "addr_num": "9001"}}, {"type": "Feature", "geometry": {"type": "Point", "coordinates": [2.771764, 48.741891]}, "properties": {"year": 2025, "valeur_fonciere": 261000.0, "type_local": null, "surface_reelle_bati": null, "nombre_pieces_principales": null, "adresse_nom_voie": "LE MARTRAY", "price_per_sqm": null, "date_iso": "2025-06-27", "parcelle": "77470000AE0358", "addr_num": ""}}, {"type": "Feature", "geometry": {"type": "Point", "coordinates": [2.770768, 48.742477]}, "properties": {"year": 2025, "valeur_fonciere": 261000.0, "type_local": null, "surface_reelle_bati": null, "nombre_pieces_principales": null, "adresse_nom_voie": "LE MARTRAY", "price_per_sqm": null, "date_iso": "2025-06-27", "parcelle": "77470000AE0370", "addr_num": ""}}, {"type": "Feature", "geometry": {"type": "Point", "coordinates": [2.770574, 48.742444]}, "properties": {"year": 2025, "valeur_fonciere": 261000.0, "type_local": null, "surface_reelle_bati": null, "nombre_pieces_principales": null, "adresse_nom_voie": "LE MARTRAY", "price_per_sqm": null, "date_iso": "2025-06-27", "parcelle": "77470000AE0371", "addr_num": ""}}, {"type": "Feature", "geometry": {"type": "Point", "coordinates": [2.770045, 48.742356]}, "properties": {"year": 2025, "valeur_fonciere": 261000.0, "type_local": null, "surface_reelle_bati": null, "nombre_pieces_principales": null, "adresse_nom_voie": "LE MARTRAY", "price_per_sqm": null, "date_iso": "2025-06-27", "parcelle": "77470000AE0374", "addr_num": ""}}, {"type": "Feature", "geometry": {"type": "Point", "coordinates": [2.773312, 48.742378]}, "properties": {"year": 2025, "valeur_fonciere": 261000.0, "type_local": null, "surface_reelle_bati": null, "nombre_pieces_principales": null, "adresse_nom_voie": "LE MARTRAY", "price_per_sqm": null, "date_iso": "2025-06-27", "parcelle": "77470000AE0375", "addr_num": ""}}, {"type": "Feature", "geometry": {"type": "Point", "coordinates": [2.774193, 48.740313]}, "properties": {"year": 2025, "valeur_fonciere": 330000.0, "type_local": "Maison", "surface_reelle_bati": 100.0, "nombre_pieces_principales": 5.0, "adresse_nom_voie": "RUE DU MAL FOCH", "price_per_sqm": 3300.0, "date_iso": "2025-06-18", "parcelle": "77470000AE0551", "addr_num": "59"}}, {"type": "Feature", "geometry": {"type": "Point", "coordinates": [2.774769, 48.740485]}, "properties": {"year": 2025, "valeur_fonciere": 261760.0, "type_local": "Maison", "surface_reelle_bati": 74.0, "nombre_pieces_principales": 4.0, "adresse_nom_voie": "CLOS DES PEUPLIERS", "price_per_sqm": 3537.2972972972975, "date_iso": "2025-06-27", "parcelle": "77470000AE0809", "addr_num": "5"}}, {"type": "Feature", "geometry": {"type": "Point", "coordinates": [2.777311, 48.744189]}, "properties": {"year": 2025, "valeur_fonciere": 290000.0, "type_local": "Maison", "surface_reelle_bati": 86.0, "nombre_pieces_principales": 4.0, "adresse_nom_voie": "RUE RENE LEBLOND", "price_per_sqm": 3372.093023255814, "date_iso": "2025-07-02", "parcelle": "77470000AE0595", "addr_num": "32"}}, {"type": "Feature", "geometry": {"type": "Point", "coordinates": [2.762048, 48.741377]}, "properties": {"year": 2025, "valeur_fonciere": 650000.0, "type_local": "Maison", "surface_reelle_bati": 192.0, "nombre_pieces_principales": 7.0, "adresse_nom_voie": "RUE DU PDT POINCARE", "price_per_sqm": 3385.4166666666665, "date_iso": "2025-06-26", "parcelle": "77470000AI0228", "addr_num": "19"}}, {"type": "Feature", "geometry": {"type": "Point", "coordinates": [2.762048, 48.741377]}, "properties": {"year": 2025, "valeur_fonciere": 650000.0, "type_local": "Dépendance", "surface_reelle_bati": null, "nombre_pieces_principales": 0.0, "adresse_nom_voie": "RUE DU PDT POINCARE", "price_per_sqm": null, "date_iso": "2025-06-26", "parcelle": "77470000AI0228", "addr_num": "19"}}, {"type": "Feature", "geometry": {"type": "Point", "coordinates": [2.762048, 48.741377]}, "properties": {"year": 2025, "valeur_fonciere": 650000.0, "type_local": "Dépendance", "surface_reelle_bati": null, "nombre_pieces_principales": 0.0, "adresse_nom_voie": "RUE DU PDT POINCARE", "price_per_sqm": null, "date_iso": "2025-06-26", "parcelle": "77470000AI0228", "addr_num": "19"}}, {"type": "Feature", "geometry": {"type": "Point", "coordinates": [2.762048, 48.741377]}, "properties": {"year": 2025, "valeur_fonciere": 650000.0, "type_local": "Maison", "surface_reelle_bati": 192.0, "nombre_pieces_principales": 7.0, "adresse_nom_voie": "RUE DU PDT POINCARE", "price_per_sqm": 3385.4166666666665, "date_iso": "2025-06-26", "parcelle": "77470000AI0228", "addr_num": "19"}}, {"type": "Feature", "geometry": {"type": "Point", "coordinates": [2.760036, 48.743698]}, "properties": {"year": 2025, "valeur_fonciere": 158000.0, "type_local": "Dépendance", "surface_reelle_bati": null, "nombre_pieces_principales": 0.0, "adresse_nom_voie": "RES TOURNAN ORIGNY", "price_per_sqm": null, "date_iso": "2025-07-18", "parcelle": "77470000ZA0005", "addr_num": "9001"}}, {"type": "Feature", "geometry": {"type": "Point", "coordinates": [2.760036, 48.743698]}, "properties": {"year": 2025, "valeur_fonciere": 158000.0, "type_local": "Dépendance", "surface_reelle_bati": null, "nombre_pieces_principales": 0.0, "adresse_nom_voie": "RES TOURNAN ORIGNY", "price_per_sqm": null, "date_iso": "2025-07-18", "parcelle": "77470000ZA0005", "addr_num": "9001"}}, {"type": "Feature", "geometry": {"type": "Point", "coordinates": [2.760036, 48.743698]}, "properties": {"year": 2025, "valeur_fonciere": 158000.0, "type_local": "Appartement", "surface_reelle_bati": 54.0, "nombre_pieces_principales": 3.0, "adresse_nom_voie": "RES TOURNAN ORIGNY", "price_per_sqm": 2925.925925925926, "date_iso": "2025-07-18", "parcelle": "77470000ZA0005", "addr_num": "9001"}}, {"type": "Feature", "geometry": {"type": "Point", "coordinates": [2.75602, 48.739016]}, "properties": {"year": 2025, "valeur_fonciere": 420000.0, "type_local": null, "surface_reelle_bati": null, "nombre_pieces_principales": null, "adresse_nom_voie": "LES JUSTICES", "price_per_sqm": null, "date_iso": "2025-07-23", "parcelle": "77470000AK0160", "addr_num": ""}}, {"type": "Feature", "geometry": {"type": "Point", "coordinates": [2.756265, 48.739011]}, "properties": {"year": 2025, "valeur_fonciere": 420000.0, "type_local": null, "surface_reelle_bati": null, "nombre_pieces_principales": null, "adresse_nom_voie": "LES JUSTICES", "price_per_sqm": null, "date_iso": "2025-07-23", "parcelle": "77470000AK0161", "addr_num": ""}}, {"type": "Feature", "geometry": {"type": "Point", "coordinates": [2.7615, 48.740606]}, "properties": {"year": 2025, "valeur_fonciere": 195000.0, "type_local": null, "surface_reelle_bati": null, "nombre_pieces_principales": null, "adresse_nom_voie": "RUE NOUVELLE", "price_per_sqm": null, "date_iso": "2025-07-11", "parcelle": "77470000AI0422", "addr_num": "7"}}, {"type": "Feature", "geometry": {"type": "Point", "coordinates": [2.751966, 48.745641]}, "properties": {"year": 2025, "valeur_fonciere": 436500.0, "type_local": "Dépendance", "surface_reelle_bati": null, "nombre_pieces_principales": 0.0, "adresse_nom_voie": "RUE MAURICE ALEXANDER", "price_per_sqm": null, "date_iso": "2025-07-31", "parcelle": "77470000ZA0728", "addr_num": "10"}}, {"type": "Feature", "geometry": {"type": "Point", "coordinates": [2.751966, 48.745641]}, "properties": {"year": 2025, "valeur_fonciere": 436500.0, "type_local": "Maison", "surface_reelle_bati": 76.0, "nombre_pieces_principales": 5.0, "adresse_nom_voie": "RUE MAURICE ALEXANDER", "price_per_sqm": 5743.421052631579, "date_iso": "2025-07-31", "parcelle": "77470000ZA0728", "addr_num": "10"}}, {"type": "Feature", "geometry": {"type": "Point", "coordinates": [2.774139, 48.741236]}, "properties": {"year": 2025, "valeur_fonciere": 297000.0, "type_local": "Maison", "surface_reelle_bati": 103.0, "nombre_pieces_principales": 6.0, "adresse_nom_voie": "RUE DE VILLE", "price_per_sqm": 2883.4951456310678, "date_iso": "2025-07-21", "parcelle": "77470000AE0301", "addr_num": "15"}}, {"type": "Feature", "geometry": {"type": "Point", "coordinates": [2.764221, 48.7431]}, "properties": {"year": 2025, "valeur_fonciere": 469000.0, "type_local": "Maison", "surface_reelle_bati": 70.0, "nombre_pieces_principales": 4.0, "adresse_nom_voie": "RUE DES CARREAUX", "price_per_sqm": 6700.0, "date_iso": "2025-07-18", "parcelle": "77470000AD0071", "addr_num": "15"}}, {"type": "Feature", "geometry": {"type": "Point", "coordinates": [2.76404, 48.743192]}, "properties": {"year": 2025, "valeur_fonciere": 469000.0, "type_local": null, "surface_reelle_bati": null, "nombre_pieces_principales": null, "adresse_nom_voie": "RUE DES CARREAUX", "price_per_sqm": null, "date_iso": "2025-07-18", "parcelle": "77470000AD0072", "addr_num": ""}}, {"type": "Feature", "geometry": {"type": "Point", "coordinates": [2.764534, 48.739744]}, "properties": {"year": 2025, "valeur_fonciere": 80000.0, "type_local": "Local industriel. commercial ou assimilé", "surface_reelle_bati": 51.0, "nombre_pieces_principales": 0.0, "adresse_nom_voie": "RUE DE PARIS", "price_per_sqm": 1568.6274509803923, "date_iso": "2025-07-31", "parcelle": "77470000AI0342", "addr_num": "23"}}, {"type": "Feature", "geometry": {"type": "Point", "coordinates": [2.75278, 48.742068]}, "properties": {"year": 2025, "valeur_fonciere": 492800.0, "type_local": "Maison", "surface_reelle_bati": 140.0, "nombre_pieces_principales": 5.0, "adresse_nom_voie": "RUE GEORGES CLEMENCEAU", "price_per_sqm": 3520.0, "date_iso": "2025-07-16", "parcelle": "77470000AB0078", "addr_num": "62"}}, {"type": "Feature", "geometry": {"type": "Point", "coordinates": [2.75278, 48.742068]}, "properties": {"year": 2025, "valeur_fonciere": 492800.0, "type_local": "Maison", "surface_reelle_bati": 140.0, "nombre_pieces_principales": 5.0, "adresse_nom_voie": "RUE GEORGES CLEMENCEAU", "price_per_sqm": 3520.0, "date_iso": "2025-07-16", "parcelle": "77470000AB0078", "addr_num": "62"}}, {"type": "Feature", "geometry": {"type": "Point", "coordinates": [2.757881, 48.740367]}, "properties": {"year": 2025, "valeur_fonciere": 550000.0, "type_local": "Maison", "surface_reelle_bati": 112.0, "nombre_pieces_principales": 5.0, "adresse_nom_voie": "RUE GEORGES CLEMENCEAU", "price_per_sqm": 4910.714285714285, "date_iso": "2025-07-11", "parcelle": "77470000AC0155", "addr_num": "28"}}, {"type": "Feature", "geometry": {"type": "Point", "coordinates": [2.757881, 48.740367]}, "properties": {"year": 2025, "valeur_fonciere": 550000.0, "type_local": "Dépendance", "surface_reelle_bati": null, "nombre_pieces_principales": 0.0, "adresse_nom_voie": "RUE GEORGES CLEMENCEAU", "price_per_sqm": null, "date_iso": "2025-07-11", "parcelle": "77470000AC0155", "addr_num": "28"}}, {"type": "Feature", "geometry": {"type": "Point", "coordinates": [2.757881, 48.740367]}, "properties": {"year": 2025, "valeur_fonciere": 550000.0, "type_local": "Dépendance", "surface_reelle_bati": null, "nombre_pieces_principales": 0.0, "adresse_nom_voie": "RUE GEORGES CLEMENCEAU", "price_per_sqm": null, "date_iso": "2025-07-11", "parcelle": "77470000AC0155", "addr_num": "28"}}, {"type": "Feature", "geometry": {"type": "Point", "coordinates": [2.757881, 48.740367]}, "properties": {"year": 2025, "valeur_fonciere": 550000.0, "type_local": "Dépendance", "surface_reelle_bati": null, "nombre_pieces_principales": 0.0, "adresse_nom_voie": "RUE GEORGES CLEMENCEAU", "price_per_sqm": null, "date_iso": "2025-07-11", "parcelle": "77470000AC0155", "addr_num": "28"}}, {"type": "Feature", "geometry": {"type": "Point", "coordinates": [2.757881, 48.740367]}, "properties": {"year": 2025, "valeur_fonciere": 550000.0, "type_local": "Maison", "surface_reelle_bati": 112.0, "nombre_pieces_principales": 5.0, "adresse_nom_voie": "RUE GEORGES CLEMENCEAU", "price_per_sqm": 4910.714285714285, "date_iso": "2025-07-11", "parcelle": "77470000AC0155", "addr_num": "28"}}, {"type": "Feature", "geometry": {"type": "Point", "coordinates": [2.757881, 48.740367]}, "properties": {"year": 2025, "valeur_fonciere": 550000.0, "type_local": "Dépendance", "surface_reelle_bati": null, "nombre_pieces_principales": 0.0, "adresse_nom_voie": "RUE GEORGES CLEMENCEAU", "price_per_sqm": null, "date_iso": "2025-07-11", "parcelle": "77470000AC0155", "addr_num": "28"}}, {"type": "Feature", "geometry": {"type": "Point", "coordinates": [2.771703, 48.743919]}, "properties": {"year": 2025, "valeur_fonciere": 312000.0, "type_local": "Maison", "surface_reelle_bati": 103.0, "nombre_pieces_principales": 4.0, "adresse_nom_voie": "RUE MOZART", "price_per_sqm": 3029.126213592233, "date_iso": "2025-07-29", "parcelle": "77470000ZA0288", "addr_num": "3"}}, {"type": "Feature", "geometry": {"type": "Point", "coordinates": [2.761315, 48.74055]}, "properties": {"year": 2025, "valeur_fonciere": 436400.0, "type_local": "Maison", "surface_reelle_bati": 110.0, "nombre_pieces_principales": 4.0, "adresse_nom_voie": "RUE NOUVELLE", "price_per_sqm": 3967.2727272727275, "date_iso": "2025-08-08", "parcelle": "77470000AI0421", "addr_num": "7"}}, {"type": "Feature", "geometry": {"type": "Point", "coordinates": [2.766776, 48.743341]}, "properties": {"year": 2025, "valeur_fonciere": 876000.0, "type_local": "Maison", "surface_reelle_bati": 55.0, "nombre_pieces_principales": 3.0, "adresse_nom_voie": "SEN DES CARREAUX", "price_per_sqm": 15927.272727272728, "date_iso": "2025-08-13", "parcelle": "77470000AD0293", "addr_num": "2"}}, {"type": "Feature", "geometry": {"type": "Point", "coordinates": [2.766776, 48.743341]}, "properties": {"year": 2025, "valeur_fonciere": 876000.0, "type_local": "Maison", "surface_reelle_bati": 285.0, "nombre_pieces_principales": 7.0, "adresse_nom_voie": "SEN DES CARREAUX", "price_per_sqm": 3073.684210526316, "date_iso": "2025-08-13", "parcelle": "77470000AD0293", "addr_num": "2"}}, {"type": "Feature", "geometry": {"type": "Point", "coordinates": [2.766776, 48.743341]}, "properties": {"year": 2025, "valeur_fonciere": 876000.0, "type_local": "Dépendance", "surface_reelle_bati": null, "nombre_pieces_principales": 0.0, "adresse_nom_voie": "SEN DES CARREAUX", "price_per_sqm": null, "date_iso": "2025-08-13", "parcelle": "77470000AD0293", "addr_num": "2"}}, {"type": "Feature", "geometry": {"type": "Point", "coordinates": [2.766776, 48.743341]}, "properties": {"year": 2025, "valeur_fonciere": 876000.0, "type_local": "Maison", "surface_reelle_bati": 55.0, "nombre_pieces_principales": 3.0, "adresse_nom_voie": "SEN DES CARREAUX", "price_per_sqm": 15927.272727272728, "date_iso": "2025-08-13", "parcelle": "77470000AD0293", "addr_num": "2"}}, {"type": "Feature", "geometry": {"type": "Point", "coordinates": [2.766776, 48.743341]}, "properties": {"year": 2025, "valeur_fonciere": 876000.0, "type_local": "Maison", "surface_reelle_bati": 285.0, "nombre_pieces_principales": 7.0, "adresse_nom_voie": "SEN DES CARREAUX", "price_per_sqm": 3073.684210526316, "date_iso": "2025-08-13", "parcelle": "77470000AD0293", "addr_num": "2"}}, {"type": "Feature", "geometry": {"type": "Point", "coordinates": [2.766776, 48.743341]}, "properties": {"year": 2025, "valeur_fonciere": 876000.0, "type_local": "Maison", "surface_reelle_bati": 55.0, "nombre_pieces_principales": 3.0, "adresse_nom_voie": "SEN DES CARREAUX", "price_per_sqm": 15927.272727272728, "date_iso": "2025-08-13", "parcelle": "77470000AD0293", "addr_num": "2"}}, {"type": "Feature", "geometry": {"type": "Point", "coordinates": [2.766776, 48.743341]}, "properties": {"year": 2025, "valeur_fonciere": 876000.0, "type_local": "Dépendance", "surface_reelle_bati": null, "nombre_pieces_principales": 0.0, "adresse_nom_voie": "SEN DES CARREAUX", "price_per_sqm": null, "date_iso": "2025-08-13", "parcelle": "77470000AD0293", "addr_num": "2"}}, {"type": "Feature", "geometry": {"type": "Point", "coordinates": [2.766776, 48.743341]}, "properties": {"year": 2025, "valeur_fonciere": 876000.0, "type_local": "Dépendance", "surface_reelle_bati": null, "nombre_pieces_principales": 0.0, "adresse_nom_voie": "SEN DES CARREAUX", "price_per_sqm": null, "date_iso": "2025-08-13", "parcelle": "77470000AD0293", "addr_num": "2"}}, {"type": "Feature", "geometry": {"type": "Point", "coordinates": [2.766776, 48.743341]}, "properties": {"year": 2025, "valeur_fonciere": 876000.0, "type_local": "Maison", "surface_reelle_bati": 285.0, "nombre_pieces_principales": 7.0, "adresse_nom_voie": "SEN DES CARREAUX", "price_per_sqm": 3073.684210526316, "date_iso": "2025-08-13", "parcelle": "77470000AD0293", "addr_num": "2"}}, {"type": "Feature", "geometry": {"type": "Point", "coordinates": [2.756355, 48.746728]}, "properties": {"year": 2025, "valeur_fonciere": 465000.0, "type_local": "Maison", "surface_reelle_bati": 131.0, "nombre_pieces_principales": 5.0, "adresse_nom_voie": "RUE BADEN POWEL", "price_per_sqm": 3549.618320610687, "date_iso": "2025-08-08", "parcelle": "77470000ZA0456", "addr_num": "24"}}, {"type": "Feature", "geometry": {"type": "Point", "coordinates": [2.756355, 48.746728]}, "properties": {"year": 2025, "valeur_fonciere": 465000.0, "type_local": "Maison", "surface_reelle_bati": 131.0, "nombre_pieces_principales": 5.0, "adresse_nom_voie": "RUE BADEN POWEL", "price_per_sqm": 3549.618320610687, "date_iso": "2025-08-08", "parcelle": "77470000ZA0456", "addr_num": "24"}}, {"type": "Feature", "geometry": {"type": "Point", "coordinates": [2.788611, 48.745938]}, "properties": {"year": 2025, "valeur_fonciere": 406200.0, "type_local": "Maison", "surface_reelle_bati": 129.0, "nombre_pieces_principales": 6.0, "adresse_nom_voie": "HAM DE VILLE", "price_per_sqm": 3148.8372093023254, "date_iso": "2025-08-28", "parcelle": "77470000AL0092", "addr_num": "3"}}, {"type": "Feature", "geometry": {"type": "Point", "coordinates": [2.788611, 48.745938]}, "properties": {"year": 2025, "valeur_fonciere": 406200.0, "type_local": "Dépendance", "surface_reelle_bati": null, "nombre_pieces_principales": 0.0, "adresse_nom_voie": "HAM DE VILLE", "price_per_sqm": null, "date_iso": "2025-08-28", "parcelle": "77470000AL0092", "addr_num": "3"}}, {"type": "Feature", "geometry": {"type": "Point", "coordinates": [2.788611, 48.745938]}, "properties": {"year": 2025, "valeur_fonciere": 406200.0, "type_local": "Maison", "surface_reelle_bati": 129.0, "nombre_pieces_principales": 6.0, "adresse_nom_voie": "HAM DE VILLE", "price_per_sqm": 3148.8372093023254, "date_iso": "2025-08-28", "parcelle": "77470000AL0092", "addr_num": "3"}}, {"type": "Feature", "geometry": {"type": "Point", "coordinates": [2.788611, 48.745938]}, "properties": {"year": 2025, "valeur_fonciere": 406200.0, "type_local": "Dépendance", "surface_reelle_bati": null, "nombre_pieces_principales": 0.0, "adresse_nom_voie": "HAM DE VILLE", "price_per_sqm": null, "date_iso": "2025-08-28", "parcelle": "77470000AL0092", "addr_num": "3"}}, {"type": "Feature", "geometry": {"type": "Point", "coordinates": [2.791281, 48.74421]}, "properties": {"year": 2025, "valeur_fonciere": 425000.0, "type_local": null, "surface_reelle_bati": null, "nombre_pieces_principales": null, "adresse_nom_voie": "MOCQUESOURIS", "price_per_sqm": null, "date_iso": "2025-09-19", "parcelle": "77470000AL0051", "addr_num": ""}}, {"type": "Feature", "geometry": {"type": "Point", "coordinates": [2.791711, 48.744037]}, "properties": {"year": 2025, "valeur_fonciere": 425000.0, "type_local": null, "surface_reelle_bati": null, "nombre_pieces_principales": null, "adresse_nom_voie": "HAM DE MOCQUESOURIS", "price_per_sqm": null, "date_iso": "2025-09-19", "parcelle": "77470000AL0104", "addr_num": ""}}, {"type": "Feature", "geometry": {"type": "Point", "coordinates": [2.791492, 48.74395]}, "properties": {"year": 2025, "valeur_fonciere": 425000.0, "type_local": null, "surface_reelle_bati": null, "nombre_pieces_principales": null, "adresse_nom_voie": "HAM DE MOCQUESOURIS", "price_per_sqm": null, "date_iso": "2025-09-19", "parcelle": "77470000AL0110", "addr_num": ""}}, {"type": "Feature", "geometry": {"type": "Point", "coordinates": [2.791145, 48.744067]}, "properties": {"year": 2025, "valeur_fonciere": 425000.0, "type_local": "Maison", "surface_reelle_bati": 106.0, "nombre_pieces_principales": 3.0, "adresse_nom_voie": "HAM DE MOCQUESOURIS", "price_per_sqm": 4009.433962264151, "date_iso": "2025-09-19", "parcelle": "77470000AL0128", "addr_num": "29"}}, {"type": "Feature", "geometry": {"type": "Point", "coordinates": [2.791145, 48.744067]}, "properties": {"year": 2025, "valeur_fonciere": 425000.0, "type_local": "Maison", "surface_reelle_bati": 106.0, "nombre_pieces_principales": 3.0, "adresse_nom_voie": "HAM DE MOCQUESOURIS", "price_per_sqm": 4009.433962264151, "date_iso": "2025-09-19", "parcelle": "77470000AL0128", "addr_num": "29"}}, {"type": "Feature", "geometry": {"type": "Point", "coordinates": [2.781433, 48.737005]}, "properties": {"year": 2025, "valeur_fonciere": 820000.0, "type_local": "Local industriel. commercial ou assimilé", "surface_reelle_bati": 666.0, "nombre_pieces_principales": 0.0, "adresse_nom_voie": "RUE LOUIS ARMAND", "price_per_sqm": 1231.2312312312313, "date_iso": "2025-09-19", "parcelle": "77470000ZE0232", "addr_num": "12"}}, {"type": "Feature", "geometry": {"type": "Point", "coordinates": [2.781299, 48.737039]}, "properties": {"year": 2025, "valeur_fonciere": 820000.0, "type_local": null, "surface_reelle_bati": null, "nombre_pieces_principales": null, "adresse_nom_voie": "LE CLOSEAU", "price_per_sqm": null, "date_iso": "2025-09-19", "parcelle": "77470000ZE0237", "addr_num": ""}}, {"type": "Feature", "geometry": {"type": "Point", "coordinates": [2.760495, 48.741235]}, "properties": {"year": 2025, "valeur_fonciere": 483000.0, "type_local": "Maison", "surface_reelle_bati": 180.0, "nombre_pieces_principales": 6.0, "adresse_nom_voie": "RUE DES FRERES VINOT", "price_per_sqm": 2683.3333333333335, "date_iso": "2025-09-08", "parcelle": "77470000AC0018", "addr_num": "13"}}, {"type": "Feature", "geometry": {"type": "Point", "coordinates": [2.760495, 48.741235]}, "properties": {"year": 2025, "valeur_fonciere": 483000.0, "type_local": "Maison", "surface_reelle_bati": 180.0, "nombre_pieces_principales": 6.0, "adresse_nom_voie": "RUE DES FRERES VINOT", "price_per_sqm": 2683.3333333333335, "date_iso": "2025-09-08", "parcelle": "77470000AC0018", "addr_num": "13"}}, {"type": "Feature", "geometry": {"type": "Point", "coordinates": [2.788168, 48.747713]}, "properties": {"year": 2025, "valeur_fonciere": 377500.0, "type_local": "Dépendance", "surface_reelle_bati": null, "nombre_pieces_principales": 0.0, "adresse_nom_voie": "HAM DE VILLE", "price_per_sqm": null, "date_iso": "2025-08-29", "parcelle": "77470000AL0180", "addr_num": "42"}}, {"type": "Feature", "geometry": {"type": "Point", "coordinates": [2.788168, 48.747713]}, "properties": {"year": 2025, "valeur_fonciere": 377500.0, "type_local": "Maison", "surface_reelle_bati": 145.0, "nombre_pieces_principales": 5.0, "adresse_nom_voie": "HAM DE VILLE", "price_per_sqm": 2603.448275862069, "date_iso": "2025-08-29", "parcelle": "77470000AL0180", "addr_num": "42"}}, {"type": "Feature", "geometry": {"type": "Point", "coordinates": [2.765918, 48.740288]}, "properties": {"year": 2025, "valeur_fonciere": 516000.0, "type_local": null, "surface_reelle_bati": null, "nombre_pieces_principales": null, "adresse_nom_voie": "RUE DE PROVINS", "price_per_sqm": null, "date_iso": "2025-09-09", "parcelle": "77470000AI0426", "addr_num": ""}}, {"type": "Feature", "geometry": {"type": "Point", "coordinates": [2.777743, 48.741027]}, "properties": {"year": 2025, "valeur_fonciere": 315000.0, "type_local": "Maison", "surface_reelle_bati": 76.0, "nombre_pieces_principales": 3.0, "adresse_nom_voie": "RUE ALBERT LEBRUN", "price_per_sqm": 4144.736842105263, "date_iso": "2025-09-19", "parcelle": "77470000AE0425", "addr_num": "40"}}, {"type": "Feature", "geometry": {"type": "Point", "coordinates": [2.76906, 48.73999]}, "properties": {"year": 2025, "valeur_fonciere": 126000.0, "type_local": "Dépendance", "surface_reelle_bati": null, "nombre_pieces_principales": 0.0, "adresse_nom_voie": "IMP DU MARTRAY", "price_per_sqm": null, "date_iso": "2025-09-12", "parcelle": "77470000AH0058", "addr_num": "4"}}, {"type": "Feature", "geometry": {"type": "Point", "coordinates": [2.76906, 48.73999]}, "properties": {"year": 2025, "valeur_fonciere": 126000.0, "type_local": "Maison", "surface_reelle_bati": 76.0, "nombre_pieces_principales": 4.0, "adresse_nom_voie": "IMP DU MARTRAY", "price_per_sqm": 1657.8947368421052, "date_iso": "2025-09-12", "parcelle": "77470000AH0058", "addr_num": "4"}}, {"type": "Feature", "geometry": {"type": "Point", "coordinates": [2.769087, 48.740087]}, "properties": {"year": 2025, "valeur_fonciere": 126000.0, "type_local": null, "surface_reelle_bati": null, "nombre_pieces_principales": null, "adresse_nom_voie": "IMP DU MARTRAY", "price_per_sqm": null, "date_iso": "2025-09-12", "parcelle": "77470000AH0059", "addr_num": ""}}, {"type": "Feature", "geometry": {"type": "Point", "coordinates": [2.769087, 48.740087]}, "properties": {"year": 2025, "valeur_fonciere": 126000.0, "type_local": null, "surface_reelle_bati": null, "nombre_pieces_principales": null, "adresse_nom_voie": "IMP DU MARTRAY", "price_per_sqm": null, "date_iso": "2025-09-12", "parcelle": "77470000AH0059", "addr_num": ""}}, {"type": "Feature", "geometry": {"type": "Point", "coordinates": [2.7573, 48.746116]}, "properties": {"year": 2025, "valeur_fonciere": 495350.0, "type_local": "Maison", "surface_reelle_bati": 134.0, "nombre_pieces_principales": 6.0, "adresse_nom_voie": "RUE MAURICE RAVEL", "price_per_sqm": 3696.6417910447763, "date_iso": "2025-09-04", "parcelle": "77470000ZA0429", "addr_num": "10"}}, {"type": "Feature", "geometry": {"type": "Point", "coordinates": [2.7573, 48.746116]}, "properties": {"year": 2025, "valeur_fonciere": 495350.0, "type_local": "Maison", "surface_reelle_bati": 134.0, "nombre_pieces_principales": 6.0, "adresse_nom_voie": "RUE MAURICE RAVEL", "price_per_sqm": 3696.6417910447763, "date_iso": "2025-09-04", "parcelle": "77470000ZA0429", "addr_num": "10"}}, {"type": "Feature", "geometry": {"type": "Point", "coordinates": [2.784286, 48.743343]}, "properties": {"year": 2025, "valeur_fonciere": 23390.92, "type_local": null, "surface_reelle_bati": null, "nombre_pieces_principales": null, "adresse_nom_voie": "LA LIGORNE", "price_per_sqm": null, "date_iso": "2025-09-05", "parcelle": "77470000AL0009", "addr_num": ""}}, {"type": "Feature", "geometry": {"type": "Point", "coordinates": [2.760422, 48.745788]}, "properties": {"year": 2025, "valeur_fonciere": 293500.0, "type_local": "Maison", "surface_reelle_bati": 82.0, "nombre_pieces_principales": 4.0, "adresse_nom_voie": "RUE CAMILLE SAINT SAENS", "price_per_sqm": 3579.268292682927, "date_iso": "2025-09-11", "parcelle": "77470000ZA0549", "addr_num": "18"}}, {"type": "Feature", "geometry": {"type": "Point", "coordinates": [2.762159, 48.742934]}, "properties": {"year": 2025, "valeur_fonciere": 340000.0, "type_local": "Maison", "surface_reelle_bati": 80.0, "nombre_pieces_principales": 4.0, "adresse_nom_voie": "RUE DU PDT POINCARE", "price_per_sqm": 4250.0, "date_iso": "2025-09-12", "parcelle": "77470000AD0003", "addr_num": "31"}}, {"type": "Feature", "geometry": {"type": "Point", "coordinates": [2.761994, 48.74297]}, "properties": {"year": 2025, "valeur_fonciere": 340000.0, "type_local": null, "surface_reelle_bati": null, "nombre_pieces_principales": null, "adresse_nom_voie": "RUE DU PDT POINCARE", "price_per_sqm": null, "date_iso": "2025-09-12", "parcelle": "77470000AD0004", "addr_num": ""}}, {"type": "Feature", "geometry": {"type": "Point", "coordinates": [2.765772, 48.740627]}, "properties": {"year": 2025, "valeur_fonciere": 143000.0, "type_local": "Appartement", "surface_reelle_bati": 52.0, "nombre_pieces_principales": 2.0, "adresse_nom_voie": "RUE MARCEL MICHEAU", "price_per_sqm": 2750.0, "date_iso": "2025-10-03", "parcelle": "77470000AI0064", "addr_num": "6"}}, {"type": "Feature", "geometry": {"type": "Point", "coordinates": [2.75842, 48.741337]}, "properties": {"year": 2025, "valeur_fonciere": 440000.0, "type_local": "Maison", "surface_reelle_bati": 124.0, "nombre_pieces_principales": 6.0, "adresse_nom_voie": "BD DUBURCQ", "price_per_sqm": 3548.3870967741937, "date_iso": "2025-09-25", "parcelle": "77470000AC0102", "addr_num": "5"}}, {"type": "Feature", "geometry": {"type": "Point", "coordinates": [2.75842, 48.741337]}, "properties": {"year": 2025, "valeur_fonciere": 440000.0, "type_local": "Maison", "surface_reelle_bati": 124.0, "nombre_pieces_principales": 6.0, "adresse_nom_voie": "BD DUBURCQ", "price_per_sqm": 3548.3870967741937, "date_iso": "2025-09-25", "parcelle": "77470000AC0102", "addr_num": "5"}}, {"type": "Feature", "geometry": {"type": "Point", "coordinates": [2.759911, 48.739665]}, "properties": {"year": 2025, "valeur_fonciere": 115000.0, "type_local": "Appartement", "surface_reelle_bati": 31.0, "nombre_pieces_principales": 2.0, "adresse_nom_voie": "RUE GEORGES CLEMENCEAU", "price_per_sqm": 3709.6774193548385, "date_iso": "2025-10-08", "parcelle": "77470000AC0171", "addr_num": "18"}}, {"type": "Feature", "geometry": {"type": "Point", "coordinates": [2.773241, 48.739083]}, "properties": {"year": 2025, "valeur_fonciere": 326000.0, "type_local": "Dépendance", "surface_reelle_bati": null, "nombre_pieces_principales": 0.0, "adresse_nom_voie": "RUE DE LA CROIX SAINT MARC", "price_per_sqm": null, "date_iso": "2025-10-17", "parcelle": "77470000AH0236", "addr_num": "3"}}, {"type": "Feature", "geometry": {"type": "Point", "coordinates": [2.773241, 48.739083]}, "properties": {"year": 2025, "valeur_fonciere": 326000.0, "type_local": "Maison", "surface_reelle_bati": 122.0, "nombre_pieces_principales": 7.0, "adresse_nom_voie": "RUE DE LA CROIX SAINT MARC", "price_per_sqm": 2672.1311475409834, "date_iso": "2025-10-17", "parcelle": "77470000AH0236", "addr_num": "3"}}, {"type": "Feature", "geometry": {"type": "Point", "coordinates": [2.773241, 48.739083]}, "properties": {"year": 2025, "valeur_fonciere": 326000.0, "type_local": "Dépendance", "surface_reelle_bati": null, "nombre_pieces_principales": 0.0, "adresse_nom_voie": "RUE DE LA CROIX SAINT MARC", "price_per_sqm": null, "date_iso": "2025-10-17", "parcelle": "77470000AH0236", "addr_num": "3"}}, {"type": "Feature", "geometry": {"type": "Point", "coordinates": [2.773241, 48.739083]}, "properties": {"year": 2025, "valeur_fonciere": 326000.0, "type_local": "Maison", "surface_reelle_bati": 122.0, "nombre_pieces_principales": 7.0, "adresse_nom_voie": "RUE DE LA CROIX SAINT MARC", "price_per_sqm": 2672.1311475409834, "date_iso": "2025-10-17", "parcelle": "77470000AH0236", "addr_num": "3"}}, {"type": "Feature", "geometry": {"type": "Point", "coordinates": [2.753258, 48.745125]}, "properties": {"year": 2025, "valeur_fonciere": 379000.0, "type_local": "Maison", "surface_reelle_bati": 97.0, "nombre_pieces_principales": 4.0, "adresse_nom_voie": "AV DU GEN DE GAULLE", "price_per_sqm": 3907.216494845361, "date_iso": "2025-10-29", "parcelle": "77470000ZA0621", "addr_num": "5"}}, {"type": "Feature", "geometry": {"type": "Point", "coordinates": [2.764161, 48.742914]}, "properties": {"year": 2025, "valeur_fonciere": 238000.0, "type_local": "Dépendance", "surface_reelle_bati": null, "nombre_pieces_principales": 0.0, "adresse_nom_voie": "RUE DES CARREAUX", "price_per_sqm": null, "date_iso": "2025-11-05", "parcelle": "77470000AD0068", "addr_num": "11"}}, {"type": "Feature", "geometry": {"type": "Point", "coordinates": [2.764161, 48.742914]}, "properties": {"year": 2025, "valeur_fonciere": 238000.0, "type_local": "Maison", "surface_reelle_bati": 88.0, "nombre_pieces_principales": 4.0, "adresse_nom_voie": "RUE DES CARREAUX", "price_per_sqm": 2704.5454545454545, "date_iso": "2025-11-05", "parcelle": "77470000AD0068", "addr_num": "11"}}, {"type": "Feature", "geometry": {"type": "Point", "coordinates": [2.764534, 48.739744]}, "properties": {"year": 2025, "valeur_fonciere": 126000.0, "type_local": "Appartement", "surface_reelle_bati": 38.0, "nombre_pieces_principales": 2.0, "adresse_nom_voie": "RUE DE PARIS", "price_per_sqm": 3315.7894736842104, "date_iso": "2025-10-23", "parcelle": "77470000AI0342", "addr_num": "23"}}, {"type": "Feature", "geometry": {"type": "Point", "coordinates": [2.764534, 48.739744]}, "properties": {"year": 2025, "valeur_fonciere": 126000.0, "type_local": "Dépendance", "surface_reelle_bati": null, "nombre_pieces_principales": 0.0, "adresse_nom_voie": "RUE DE PARIS", "price_per_sqm": null, "date_iso": "2025-10-23", "parcelle": "77470000AI0342", "addr_num": "23"}}, {"type": "Feature", "geometry": {"type": "Point", "coordinates": [2.770518, 48.746217]}, "properties": {"year": 2025, "valeur_fonciere": 176250.0, "type_local": "Dépendance", "surface_reelle_bati": null, "nombre_pieces_principales": 0.0, "adresse_nom_voie": "RUE DU PERE BROTTIER", "price_per_sqm": null, "date_iso": "2025-11-14", "parcelle": "77470000ZA0808", "addr_num": "9001"}}, {"type": "Feature", "geometry": {"type": "Point", "coordinates": [2.770518, 48.746217]}, "properties": {"year": 2025, "valeur_fonciere": 176250.0, "type_local": "Dépendance", "surface_reelle_bati": null, "nombre_pieces_principales": 0.0, "adresse_nom_voie": "RUE DU PERE BROTTIER", "price_per_sqm": null, "date_iso": "2025-11-14", "parcelle": "77470000ZA0808", "addr_num": "9001"}}, {"type": "Feature", "geometry": {"type": "Point", "coordinates": [2.770518, 48.746217]}, "properties": {"year": 2025, "valeur_fonciere": 176250.0, "type_local": "Dépendance", "surface_reelle_bati": null, "nombre_pieces_principales": 0.0, "adresse_nom_voie": "RUE VILLEMIGEON", "price_per_sqm": null, "date_iso": "2025-11-14", "parcelle": "77470000ZA0808", "addr_num": "9001"}}, {"type": "Feature", "geometry": {"type": "Point", "coordinates": [2.770518, 48.746217]}, "properties": {"year": 2025, "valeur_fonciere": 176250.0, "type_local": "Maison", "surface_reelle_bati": 83.0, "nombre_pieces_principales": 4.0, "adresse_nom_voie": "RUE DU 19 MARS 1962", "price_per_sqm": 2123.4939759036147, "date_iso": "2025-11-14", "parcelle": "77470000ZA0808", "addr_num": "4"}}, {"type": "Feature", "geometry": {"type": "Point", "coordinates": [2.765747, 48.73957]}, "properties": {"year": 2025, "valeur_fonciere": 315000.0, "type_local": "Appartement", "surface_reelle_bati": 33.0, "nombre_pieces_principales": 1.0, "adresse_nom_voie": "RUE DU MARCHE", "price_per_sqm": 9545.454545454546, "date_iso": "2025-10-24", "parcelle": "77470000AI0095", "addr_num": "2"}}, {"type": "Feature", "geometry": {"type": "Point", "coordinates": [2.766462, 48.739069]}, "properties": {"year": 2025, "valeur_fonciere": 232000.0, "type_local": null, "surface_reelle_bati": null, "nombre_pieces_principales": null, "adresse_nom_voie": "RUE DE PROVINS", "price_per_sqm": null, "date_iso": "2025-10-28", "parcelle": "77470000AH0484", "addr_num": "38"}}, {"type": "Feature", "geometry": {"type": "Point", "coordinates": [2.755621, 48.738057]}, "properties": {"year": 2025, "valeur_fonciere": 400000.0, "type_local": "Maison", "surface_reelle_bati": 123.0, "nombre_pieces_principales": 4.0, "adresse_nom_voie": "RUE DE PRESLES", "price_per_sqm": 3252.032520325203, "date_iso": "2025-11-07", "parcelle": "77470000AK0374", "addr_num": "3"}}, {"type": "Feature", "geometry": {"type": "Point", "coordinates": [2.755621, 48.738057]}, "properties": {"year": 2025, "valeur_fonciere": 400000.0, "type_local": "Dépendance", "surface_reelle_bati": null, "nombre_pieces_principales": 0.0, "adresse_nom_voie": "RUE DE PRESLES", "price_per_sqm": null, "date_iso": "2025-11-07", "parcelle": "77470000AK0374", "addr_num": "3"}}, {"type": "Feature", "geometry": {"type": "Point", "coordinates": [2.755621, 48.738057]}, "properties": {"year": 2025, "valeur_fonciere": 400000.0, "type_local": "Dépendance", "surface_reelle_bati": null, "nombre_pieces_principales": 0.0, "adresse_nom_voie": "RUE DE PRESLES", "price_per_sqm": null, "date_iso": "2025-11-07", "parcelle": "77470000AK0374", "addr_num": "3"}}, {"type": "Feature", "geometry": {"type": "Point", "coordinates": [2.755621, 48.738057]}, "properties": {"year": 2025, "valeur_fonciere": 400000.0, "type_local": "Maison", "surface_reelle_bati": 123.0, "nombre_pieces_principales": 4.0, "adresse_nom_voie": "RUE DE PRESLES", "price_per_sqm": 3252.032520325203, "date_iso": "2025-11-07", "parcelle": "77470000AK0374", "addr_num": "3"}}, {"type": "Feature", "geometry": {"type": "Point", "coordinates": [2.755621, 48.738057]}, "properties": {"year": 2025, "valeur_fonciere": 400000.0, "type_local": "Dépendance", "surface_reelle_bati": null, "nombre_pieces_principales": 0.0, "adresse_nom_voie": "RUE DE PRESLES", "price_per_sqm": null, "date_iso": "2025-11-07", "parcelle": "77470000AK0374", "addr_num": "3"}}, {"type": "Feature", "geometry": {"type": "Point", "coordinates": [2.755621, 48.738057]}, "properties": {"year": 2025, "valeur_fonciere": 400000.0, "type_local": "Dépendance", "surface_reelle_bati": null, "nombre_pieces_principales": 0.0, "adresse_nom_voie": "RUE DE PRESLES", "price_per_sqm": null, "date_iso": "2025-11-07", "parcelle": "77470000AK0374", "addr_num": "3"}}, {"type": "Feature", "geometry": {"type": "Point", "coordinates": [2.755621, 48.738057]}, "properties": {"year": 2025, "valeur_fonciere": 400000.0, "type_local": "Maison", "surface_reelle_bati": 123.0, "nombre_pieces_principales": 4.0, "adresse_nom_voie": "RUE DE PRESLES", "price_per_sqm": 3252.032520325203, "date_iso": "2025-11-07", "parcelle": "77470000AK0374", "addr_num": "3"}}, {"type": "Feature", "geometry": {"type": "Point", "coordinates": [2.755621, 48.738057]}, "properties": {"year": 2025, "valeur_fonciere": 400000.0, "type_local": "Dépendance", "surface_reelle_bati": null, "nombre_pieces_principales": 0.0, "adresse_nom_voie": "RUE DE PRESLES", "price_per_sqm": null, "date_iso": "2025-11-07", "parcelle": "77470000AK0374", "addr_num": "3"}}, {"type": "Feature", "geometry": {"type": "Point", "coordinates": [2.755621, 48.738057]}, "properties": {"year": 2025, "valeur_fonciere": 400000.0, "type_local": "Dépendance", "surface_reelle_bati": null, "nombre_pieces_principales": 0.0, "adresse_nom_voie": "RUE DE PRESLES", "price_per_sqm": null, "date_iso": "2025-11-07", "parcelle": "77470000AK0374", "addr_num": "3"}}, {"type": "Feature", "geometry": {"type": "Point", "coordinates": [2.756936, 48.740708]}, "properties": {"year": 2025, "valeur_fonciere": 225000.0, "type_local": "Dépendance", "surface_reelle_bati": null, "nombre_pieces_principales": 0.0, "adresse_nom_voie": "RUE GEORGES CLEMENCEAU", "price_per_sqm": null, "date_iso": "2025-12-09", "parcelle": "77470000AB0259", "addr_num": "32"}}, {"type": "Feature", "geometry": {"type": "Point", "coordinates": [2.756936, 48.740708]}, "properties": {"year": 2025, "valeur_fonciere": 225000.0, "type_local": "Dépendance", "surface_reelle_bati": null, "nombre_pieces_principales": 0.0, "adresse_nom_voie": "RUE GEORGES CLEMENCEAU", "price_per_sqm": null, "date_iso": "2025-12-09", "parcelle": "77470000AB0259", "addr_num": "32"}}, {"type": "Feature", "geometry": {"type": "Point", "coordinates": [2.756936, 48.740708]}, "properties": {"year": 2025, "valeur_fonciere": 225000.0, "type_local": "Maison", "surface_reelle_bati": 110.0, "nombre_pieces_principales": 5.0, "adresse_nom_voie": "RUE GEORGES CLEMENCEAU", "price_per_sqm": 2045.4545454545455, "date_iso": "2025-12-09", "parcelle": "77470000AB0259", "addr_num": "32"}}, {"type": "Feature", "geometry": {"type": "Point", "coordinates": [2.772853, 48.73844]}, "properties": {"year": 2025, "valeur_fonciere": 207000.0, "type_local": "Dépendance", "surface_reelle_bati": null, "nombre_pieces_principales": 0.0, "adresse_nom_voie": "RUE DE LA MADELEINE", "price_per_sqm": null, "date_iso": "2025-11-25", "parcelle": "77470000AH0492", "addr_num": "61"}}, {"type": "Feature", "geometry": {"type": "Point", "coordinates": [2.772853, 48.73844]}, "properties": {"year": 2025, "valeur_fonciere": 207000.0, "type_local": "Dépendance", "surface_reelle_bati": null, "nombre_pieces_principales": 0.0, "adresse_nom_voie": "RUE DE LA MADELEINE", "price_per_sqm": null, "date_iso": "2025-11-25", "parcelle": "77470000AH0492", "addr_num": "61"}}, {"type": "Feature", "geometry": {"type": "Point", "coordinates": [2.772853, 48.73844]}, "properties": {"year": 2025, "valeur_fonciere": 207000.0, "type_local": "Appartement", "surface_reelle_bati": 60.0, "nombre_pieces_principales": 3.0, "adresse_nom_voie": "RUE DE LA MADELEINE", "price_per_sqm": 3450.0, "date_iso": "2025-11-25", "parcelle": "77470000AH0492", "addr_num": "61"}}, {"type": "Feature", "geometry": {"type": "Point", "coordinates": [2.771527, 48.745142]}, "properties": {"year": 2025, "valeur_fonciere": 424500.0, "type_local": "Maison", "surface_reelle_bati": 155.0, "nombre_pieces_principales": 6.0, "adresse_nom_voie": "RUE MOZART", "price_per_sqm": 2738.7096774193546, "date_iso": "2025-12-08", "parcelle": "77470000ZA0275", "addr_num": "29"}}, {"type": "Feature", "geometry": {"type": "Point", "coordinates": [2.771527, 48.745142]}, "properties": {"year": 2025, "valeur_fonciere": 424500.0, "type_local": "Maison", "surface_reelle_bati": 155.0, "nombre_pieces_principales": 6.0, "adresse_nom_voie": "RUE MOZART", "price_per_sqm": 2738.7096774193546, "date_iso": "2025-12-08", "parcelle": "77470000ZA0275", "addr_num": "29"}}, {"type": "Feature", "geometry": {"type": "Point", "coordinates": [2.76101, 48.746209]}, "properties": {"year": 2025, "valeur_fonciere": 415000.0, "type_local": "Maison", "surface_reelle_bati": 122.0, "nombre_pieces_principales": 4.0, "adresse_nom_voie": "AV DU GEN DE GAULLE", "price_per_sqm": 3401.6393442622953, "date_iso": "2025-12-01", "parcelle": "77470000ZA0740", "addr_num": "78"}}, {"type": "Feature", "geometry": {"type": "Point", "coordinates": [2.757263, 48.740774]}, "properties": {"year": 2025, "valeur_fonciere": 198000.0, "type_local": "Dépendance", "surface_reelle_bati": null, "nombre_pieces_principales": 0.0, "adresse_nom_voie": "BD DUBURCQ", "price_per_sqm": null, "date_iso": "2025-12-17", "parcelle": "77470000AB0044", "addr_num": "18"}}, {"type": "Feature", "geometry": {"type": "Point", "coordinates": [2.757263, 48.740774]}, "properties": {"year": 2025, "valeur_fonciere": 198000.0, "type_local": "Appartement", "surface_reelle_bati": 63.0, "nombre_pieces_principales": 3.0, "adresse_nom_voie": "BD DUBURCQ", "price_per_sqm": 3142.8571428571427, "date_iso": "2025-12-17", "parcelle": "77470000AB0044", "addr_num": "18"}}, {"type": "Feature", "geometry": {"type": "Point", "coordinates": [2.757263, 48.740774]}, "properties": {"year": 2025, "valeur_fonciere": 198000.0, "type_local": "Dépendance", "surface_reelle_bati": null, "nombre_pieces_principales": 0.0, "adresse_nom_voie": "BD DUBURCQ", "price_per_sqm": null, "date_iso": "2025-12-17", "parcelle": "77470000AB0044", "addr_num": "18"}}, {"type": "Feature", "geometry": {"type": "Point", "coordinates": [2.755254, 48.739217]}, "properties": {"year": 2025, "valeur_fonciere": 224300.0, "type_local": "Dépendance", "surface_reelle_bati": null, "nombre_pieces_principales": 0.0, "adresse_nom_voie": "RUE DE LA SCIERIE", "price_per_sqm": null, "date_iso": "2025-12-18", "parcelle": "77470000AK0149", "addr_num": "31"}}, {"type": "Feature", "geometry": {"type": "Point", "coordinates": [2.755254, 48.739217]}, "properties": {"year": 2025, "valeur_fonciere": 224300.0, "type_local": "Dépendance", "surface_reelle_bati": null, "nombre_pieces_principales": 0.0, "adresse_nom_voie": "RUE DE LA SCIERIE", "price_per_sqm": null, "date_iso": "2025-12-18", "parcelle": "77470000AK0149", "addr_num": "31"}}, {"type": "Feature", "geometry": {"type": "Point", "coordinates": [2.755254, 48.739217]}, "properties": {"year": 2025, "valeur_fonciere": 224300.0, "type_local": "Appartement", "surface_reelle_bati": 56.0, "nombre_pieces_principales": 3.0, "adresse_nom_voie": "RUE DE LA SCIERIE", "price_per_sqm": 4005.3571428571427, "date_iso": "2025-12-18", "parcelle": "77470000AK0149", "addr_num": "31"}}, {"type": "Feature", "geometry": {"type": "Point", "coordinates": [2.770529, 48.739599]}, "properties": {"year": 2025, "valeur_fonciere": 115000.0, "type_local": "Dépendance", "surface_reelle_bati": null, "nombre_pieces_principales": 0.0, "adresse_nom_voie": "RUE DU MAL FOCH", "price_per_sqm": null, "date_iso": "2025-12-17", "parcelle": "77470000AH0103", "addr_num": "36"}}, {"type": "Feature", "geometry": {"type": "Point", "coordinates": [2.770529, 48.739599]}, "properties": {"year": 2025, "valeur_fonciere": 115000.0, "type_local": "Appartement", "surface_reelle_bati": 39.0, "nombre_pieces_principales": 2.0, "adresse_nom_voie": "RUE DU MAL FOCH", "price_per_sqm": 2948.7179487179487, "date_iso": "2025-12-17", "parcelle": "77470000AH0103", "addr_num": "36"}}, {"type": "Feature", "geometry": {"type": "Point", "coordinates": [2.779034, 48.742832]}, "properties": {"year": 2025, "valeur_fonciere": 405000.0, "type_local": "Dépendance", "surface_reelle_bati": null, "nombre_pieces_principales": 0.0, "adresse_nom_voie": "RUE RENE LEBLOND", "price_per_sqm": null, "date_iso": "2025-12-15", "parcelle": "77470000AE0610", "addr_num": "2"}}, {"type": "Feature", "geometry": {"type": "Point", "coordinates": [2.779034, 48.742832]}, "properties": {"year": 2025, "valeur_fonciere": 405000.0, "type_local": "Maison", "surface_reelle_bati": 116.0, "nombre_pieces_principales": 6.0, "adresse_nom_voie": "RUE RENE LEBLOND", "price_per_sqm": 3491.3793103448274, "date_iso": "2025-12-15", "parcelle": "77470000AE0610", "addr_num": "2"}}, {"type": "Feature", "geometry": {"type": "Point", "coordinates": [2.774769, 48.740485]}, "properties": {"year": 2025, "valeur_fonciere": 283000.0, "type_local": "Maison", "surface_reelle_bati": 74.0, "nombre_pieces_principales": 4.0, "adresse_nom_voie": "CLOS DES PEUPLIERS", "price_per_sqm": 3824.324324324324, "date_iso": "2025-12-29", "parcelle": "77470000AE0809", "addr_num": "7"}}, {"type": "Feature", "geometry": {"type": "Point", "coordinates": [2.769528, 48.738611]}, "properties": {"year": 2025, "valeur_fonciere": 54000.0, "type_local": "Appartement", "surface_reelle_bati": 23.0, "nombre_pieces_principales": 1.0, "adresse_nom_voie": "RUE DE LA MADELEINE", "price_per_sqm": 2347.8260869565215, "date_iso": "2025-12-19", "parcelle": "77470000AH0114", "addr_num": "13"}}]}