{"type": "FeatureCollection", "features": [{"type": "Feature", "geometry": {"type": "Point", "coordinates": [2.564678, 48.34498]}, "properties": {"year": 2021, "valeur_fonciere": 220000.0, "type_local": "Maison", "surface_reelle_bati": 80.0, "nombre_pieces_principales": 3.0, "adresse_nom_voie": "RUE DU CLOSEAU", "price_per_sqm": 2750.0, "date_iso": "2021-01-13", "parcelle": "770010000F0325", "addr_num": "37"}}, {"type": "Feature", "geometry": {"type": "Point", "coordinates": [2.568614, 48.354208]}, "properties": {"year": 2021, "valeur_fonciere": 398600.0, "type_local": null, "surface_reelle_bati": null, "nombre_pieces_principales": null, "adresse_nom_voie": "ACHERES", "price_per_sqm": null, "date_iso": "2021-02-12", "parcelle": "770010000B0820", "addr_num": ""}}, {"type": "Feature", "geometry": {"type": "Point", "coordinates": [2.569689, 48.353963]}, "properties": {"year": 2021, "valeur_fonciere": 398600.0, "type_local": null, "surface_reelle_bati": null, "nombre_pieces_principales": null, "adresse_nom_voie": "ACHERES", "price_per_sqm": null, "date_iso": "2021-02-12", "parcelle": "770010000B0821", "addr_num": ""}}, {"type": "Feature", "geometry": {"type": "Point", "coordinates": [2.56976, 48.353826]}, "properties": {"year": 2021, "valeur_fonciere": 398600.0, "type_local": "Maison", "surface_reelle_bati": 130.0, "nombre_pieces_principales": 5.0, "adresse_nom_voie": "RUE LAURENT POLI", "price_per_sqm": 3066.153846153846, "date_iso": "2021-02-12", "parcelle": "770010000B0895", "addr_num": "31"}}, {"type": "Feature", "geometry": {"type": "Point", "coordinates": [2.569836, 48.354008]}, "properties": {"year": 2021, "valeur_fonciere": 398600.0, "type_local": null, "surface_reelle_bati": null, "nombre_pieces_principales": null, "adresse_nom_voie": "ACHERES", "price_per_sqm": null, "date_iso": "2021-02-12", "parcelle": "770010000B1162", "addr_num": ""}}, {"type": "Feature", "geometry": {"type": "Point", "coordinates": [2.565652, 48.346514]}, "properties": {"year": 2021, "valeur_fonciere": 218000.0, "type_local": null, "surface_reelle_bati": null, "nombre_pieces_principales": null, "adresse_nom_voie": "MEUN", "price_per_sqm": null, "date_iso": "2021-02-19", "parcelle": "770010000F1118", "addr_num": ""}}, {"type": "Feature", "geometry": {"type": "Point", "coordinates": [2.56551, 48.346385]}, "properties": {"year": 2021, "valeur_fonciere": 218000.0, "type_local": null, "surface_reelle_bati": null, "nombre_pieces_principales": null, "adresse_nom_voie": "MEUN", "price_per_sqm": null, "date_iso": "2021-02-19", "parcelle": "770010000F1119", "addr_num": ""}}, {"type": "Feature", "geometry": {"type": "Point", "coordinates": [2.565438, 48.346262]}, "properties": {"year": 2021, "valeur_fonciere": 218000.0, "type_local": null, "surface_reelle_bati": null, "nombre_pieces_principales": null, "adresse_nom_voie": "MEUN", "price_per_sqm": null, "date_iso": "2021-02-19", "parcelle": "770010000F1121", "addr_num": ""}}, {"type": "Feature", "geometry": {"type": "Point", "coordinates": [2.565641, 48.346247]}, "properties": {"year": 2021, "valeur_fonciere": 218000.0, "type_local": null, "surface_reelle_bati": null, "nombre_pieces_principales": null, "adresse_nom_voie": "MEUN", "price_per_sqm": null, "date_iso": "2021-02-19", "parcelle": "770010000F1122", "addr_num": ""}}, {"type": "Feature", "geometry": {"type": "Point", "coordinates": [2.56753, 48.357979]}, "properties": {"year": 2021, "valeur_fonciere": 331000.0, "type_local": "Maison", "surface_reelle_bati": 60.0, "nombre_pieces_principales": 4.0, "adresse_nom_voie": "RUE DU CHATEAU", "price_per_sqm": 5516.666666666667, "date_iso": "2021-02-23", "parcelle": "770010000A1707", "addr_num": "28"}}, {"type": "Feature", "geometry": {"type": "Point", "coordinates": [2.56753, 48.357979]}, "properties": {"year": 2021, "valeur_fonciere": 331000.0, "type_local": "Maison", "surface_reelle_bati": 60.0, "nombre_pieces_principales": 4.0, "adresse_nom_voie": "RUE DU CHATEAU", "price_per_sqm": 5516.666666666667, "date_iso": "2021-02-23", "parcelle": "770010000A1707", "addr_num": "28"}}, {"type": "Feature", "geometry": {"type": "Point", "coordinates": [2.563858, 48.357824]}, "properties": {"year": 2021, "valeur_fonciere": 130000.0, "type_local": null, "surface_reelle_bati": null, "nombre_pieces_principales": null, "adresse_nom_voie": "LES CANCHES", "price_per_sqm": null, "date_iso": "2021-03-22", "parcelle": "770010000A1777", "addr_num": ""}}, {"type": "Feature", "geometry": {"type": "Point", "coordinates": [2.563548, 48.357785]}, "properties": {"year": 2021, "valeur_fonciere": 130000.0, "type_local": null, "surface_reelle_bati": null, "nombre_pieces_principales": null, "adresse_nom_voie": "LES CANCHES", "price_per_sqm": null, "date_iso": "2021-03-22", "parcelle": "770010000A1779", "addr_num": ""}}, {"type": "Feature", "geometry": {"type": "Point", "coordinates": [2.574105, 48.353654]}, "properties": {"year": 2021, "valeur_fonciere": 150.0, "type_local": null, "surface_reelle_bati": null, "nombre_pieces_principales": null, "adresse_nom_voie": "LA CROIX SAINT ANTOINE", "price_per_sqm": null, "date_iso": "2021-03-08", "parcelle": "77001000ZI0015", "addr_num": ""}}, {"type": "Feature", "geometry": {"type": "Point", "coordinates": [2.566735, 48.355509]}, "properties": {"year": 2021, "valeur_fonciere": 255000.0, "type_local": null, "surface_reelle_bati": null, "nombre_pieces_principales": null, "adresse_nom_voie": "LA MAISON BLANCHE", "price_per_sqm": null, "date_iso": "2021-03-30", "parcelle": "770010000G0117", "addr_num": ""}}, {"type": "Feature", "geometry": {"type": "Point", "coordinates": [2.56672, 48.355429]}, "properties": {"year": 2021, "valeur_fonciere": 255000.0, "type_local": "Maison", "surface_reelle_bati": 70.0, "nombre_pieces_principales": 3.0, "adresse_nom_voie": "RUE DE LA LIBERATION", "price_per_sqm": 3642.8571428571427, "date_iso": "2021-03-30", "parcelle": "770010000G0528", "addr_num": "19"}}, {"type": "Feature", "geometry": {"type": "Point", "coordinates": [2.566634, 48.355438]}, "properties": {"year": 2021, "valeur_fonciere": 255000.0, "type_local": null, "surface_reelle_bati": null, "nombre_pieces_principales": null, "adresse_nom_voie": "LA MAISON BLANCHE", "price_per_sqm": null, "date_iso": "2021-03-30", "parcelle": "770010000G0534", "addr_num": ""}}, {"type": "Feature", "geometry": {"type": "Point", "coordinates": [2.566514, 48.357055]}, "properties": {"year": 2021, "valeur_fonciere": 78000.0, "type_local": null, "surface_reelle_bati": null, "nombre_pieces_principales": null, "adresse_nom_voie": "RUE DU CHATEAU", "price_per_sqm": null, "date_iso": "2021-03-22", "parcelle": "770010000A1782", "addr_num": ""}}, {"type": "Feature", "geometry": {"type": "Point", "coordinates": [2.546985, 48.346463]}, "properties": {"year": 2021, "valeur_fonciere": 585500.0, "type_local": null, "surface_reelle_bati": null, "nombre_pieces_principales": null, "adresse_nom_voie": "LES VAUBLAS", "price_per_sqm": null, "date_iso": "2021-04-23", "parcelle": "770010000F0209", "addr_num": ""}}, {"type": "Feature", "geometry": {"type": "Point", "coordinates": [2.546902, 48.345546]}, "properties": {"year": 2021, "valeur_fonciere": 585500.0, "type_local": null, "surface_reelle_bati": null, "nombre_pieces_principales": null, "adresse_nom_voie": "LES VAUBLAS", "price_per_sqm": null, "date_iso": "2021-04-23", "parcelle": "770010000F0227", "addr_num": ""}}, {"type": "Feature", "geometry": {"type": "Point", "coordinates": [2.564816, 48.346489]}, "properties": {"year": 2021, "valeur_fonciere": 585500.0, "type_local": "Maison", "surface_reelle_bati": 160.0, "nombre_pieces_principales": 5.0, "adresse_nom_voie": "RUE DU COL FABIEN", "price_per_sqm": 3659.375, "date_iso": "2021-04-23", "parcelle": "770010000F0524", "addr_num": "7"}}, {"type": "Feature", "geometry": {"type": "Point", "coordinates": [2.565045, 48.346442]}, "properties": {"year": 2021, "valeur_fonciere": 585500.0, "type_local": null, "surface_reelle_bati": null, "nombre_pieces_principales": null, "adresse_nom_voie": "MEUN", "price_per_sqm": null, "date_iso": "2021-04-23", "parcelle": "770010000F0525", "addr_num": ""}}, {"type": "Feature", "geometry": {"type": "Point", "coordinates": [2.565276, 48.346942]}, "properties": {"year": 2021, "valeur_fonciere": 585500.0, "type_local": null, "surface_reelle_bati": null, "nombre_pieces_principales": null, "adresse_nom_voie": "MEUN", "price_per_sqm": null, "date_iso": "2021-04-23", "parcelle": "770010000F0526", "addr_num": ""}}, {"type": "Feature", "geometry": {"type": "Point", "coordinates": [2.5595, 48.355875]}, "properties": {"year": 2021, "valeur_fonciere": 120000.0, "type_local": null, "surface_reelle_bati": null, "nombre_pieces_principales": null, "adresse_nom_voie": "LA DEGOUTTOIRE", "price_per_sqm": null, "date_iso": "2021-04-09", "parcelle": "770010000G0070", "addr_num": ""}}, {"type": "Feature", "geometry": {"type": "Point", "coordinates": [2.564991, 48.345661]}, "properties": {"year": 2021, "valeur_fonciere": 259900.0, "type_local": "Maison", "surface_reelle_bati": 104.0, "nombre_pieces_principales": 4.0, "adresse_nom_voie": "RUE DU CLOSEAU", "price_per_sqm": 2499.0384615384614, "date_iso": "2021-04-14", "parcelle": "770010000F0459", "addr_num": "50"}}, {"type": "Feature", "geometry": {"type": "Point", "coordinates": [2.564994, 48.36334]}, "properties": {"year": 2021, "valeur_fonciere": 217200.0, "type_local": null, "surface_reelle_bati": null, "nombre_pieces_principales": null, "adresse_nom_voie": "LE DESSUS DE LA GARENNE", "price_per_sqm": null, "date_iso": "2021-05-11", "parcelle": "770010000A0126", "addr_num": ""}}, {"type": "Feature", "geometry": {"type": "Point", "coordinates": [2.564485, 48.3635]}, "properties": {"year": 2021, "valeur_fonciere": 217200.0, "type_local": null, "surface_reelle_bati": null, "nombre_pieces_principales": null, "adresse_nom_voie": "LE DESSUS DE LA GARENNE", "price_per_sqm": null, "date_iso": "2021-05-11", "parcelle": "770010000A0127", "addr_num": ""}}, {"type": "Feature", "geometry": {"type": "Point", "coordinates": [2.564091, 48.358489]}, "properties": {"year": 2021, "valeur_fonciere": 217200.0, "type_local": "Maison", "surface_reelle_bati": 82.0, "nombre_pieces_principales": 3.0, "adresse_nom_voie": "DOM DEFONTAINE", "price_per_sqm": 2648.7804878048782, "date_iso": "2021-05-11", "parcelle": "770010000A0799", "addr_num": "67"}}, {"type": "Feature", "geometry": {"type": "Point", "coordinates": [2.570898, 48.356065]}, "properties": {"year": 2021, "valeur_fonciere": 820000.0, "type_local": "Maison", "surface_reelle_bati": 280.0, "nombre_pieces_principales": 8.0, "adresse_nom_voie": "RUE DU CANAPE", "price_per_sqm": 2928.5714285714284, "date_iso": "2021-05-27", "parcelle": "770010000B1124", "addr_num": "2"}}, {"type": "Feature", "geometry": {"type": "Point", "coordinates": [2.570898, 48.356065]}, "properties": {"year": 2021, "valeur_fonciere": 820000.0, "type_local": "Maison", "surface_reelle_bati": 280.0, "nombre_pieces_principales": 8.0, "adresse_nom_voie": "RUE DU CANAPE", "price_per_sqm": 2928.5714285714284, "date_iso": "2021-05-27", "parcelle": "770010000B1124", "addr_num": "2"}}, {"type": "Feature", "geometry": {"type": "Point", "coordinates": [2.57243, 48.355695]}, "properties": {"year": 2021, "valeur_fonciere": 820000.0, "type_local": null, "surface_reelle_bati": null, "nombre_pieces_principales": null, "adresse_nom_voie": "LE CANAPE", "price_per_sqm": null, "date_iso": "2021-05-27", "parcelle": "77001000ZI0012", "addr_num": ""}}, {"type": "Feature", "geometry": {"type": "Point", "coordinates": [2.566667, 48.346549]}, "properties": {"year": 2021, "valeur_fonciere": 10000.0, "type_local": null, "surface_reelle_bati": null, "nombre_pieces_principales": null, "adresse_nom_voie": "MEUN", "price_per_sqm": null, "date_iso": "2021-06-02", "parcelle": "770010000F0536", "addr_num": ""}}, {"type": "Feature", "geometry": {"type": "Point", "coordinates": [2.564994, 48.36334]}, "properties": {"year": 2021, "valeur_fonciere": 210000.0, "type_local": null, "surface_reelle_bati": null, "nombre_pieces_principales": null, "adresse_nom_voie": "LE DESSUS DE LA GARENNE", "price_per_sqm": null, "date_iso": "2021-06-16", "parcelle": "770010000A0126", "addr_num": ""}}, {"type": "Feature", "geometry": {"type": "Point", "coordinates": [2.564485, 48.3635]}, "properties": {"year": 2021, "valeur_fonciere": 210000.0, "type_local": null, "surface_reelle_bati": null, "nombre_pieces_principales": null, "adresse_nom_voie": "LE DESSUS DE LA GARENNE", "price_per_sqm": null, "date_iso": "2021-06-16", "parcelle": "770010000A0127", "addr_num": ""}}, {"type": "Feature", "geometry": {"type": "Point", "coordinates": [2.564091, 48.358489]}, "properties": {"year": 2021, "valeur_fonciere": 210000.0, "type_local": "Maison", "surface_reelle_bati": 112.0, "nombre_pieces_principales": 6.0, "adresse_nom_voie": "DOM DEFONTAINE", "price_per_sqm": 1875.0, "date_iso": "2021-06-16", "parcelle": "770010000A0799", "addr_num": "42"}}, {"type": "Feature", "geometry": {"type": "Point", "coordinates": [2.567234, 48.346244]}, "properties": {"year": 2021, "valeur_fonciere": 430000.0, "type_local": "Dépendance", "surface_reelle_bati": null, "nombre_pieces_principales": 0.0, "adresse_nom_voie": "RUE DU COL FABIEN", "price_per_sqm": null, "date_iso": "2021-06-03", "parcelle": "770010000F0925", "addr_num": "15"}}, {"type": "Feature", "geometry": {"type": "Point", "coordinates": [2.567234, 48.346244]}, "properties": {"year": 2021, "valeur_fonciere": 430000.0, "type_local": "Maison", "surface_reelle_bati": 87.0, "nombre_pieces_principales": 5.0, "adresse_nom_voie": "RUE DU COL FABIEN", "price_per_sqm": 4942.528735632184, "date_iso": "2021-06-03", "parcelle": "770010000F0925", "addr_num": "15"}}, {"type": "Feature", "geometry": {"type": "Point", "coordinates": [2.567234, 48.346244]}, "properties": {"year": 2021, "valeur_fonciere": 430000.0, "type_local": "Dépendance", "surface_reelle_bati": null, "nombre_pieces_principales": 0.0, "adresse_nom_voie": "RUE DU COL FABIEN", "price_per_sqm": null, "date_iso": "2021-06-03", "parcelle": "770010000F0925", "addr_num": "15"}}, {"type": "Feature", "geometry": {"type": "Point", "coordinates": [2.567234, 48.346244]}, "properties": {"year": 2021, "valeur_fonciere": 430000.0, "type_local": "Maison", "surface_reelle_bati": 87.0, "nombre_pieces_principales": 5.0, "adresse_nom_voie": "RUE DU COL FABIEN", "price_per_sqm": 4942.528735632184, "date_iso": "2021-06-03", "parcelle": "770010000F0925", "addr_num": "15"}}, {"type": "Feature", "geometry": {"type": "Point", "coordinates": [2.567234, 48.346244]}, "properties": {"year": 2021, "valeur_fonciere": 430000.0, "type_local": "Dépendance", "surface_reelle_bati": null, "nombre_pieces_principales": 0.0, "adresse_nom_voie": "RUE DU COL FABIEN", "price_per_sqm": null, "date_iso": "2021-06-03", "parcelle": "770010000F0925", "addr_num": "15"}}, {"type": "Feature", "geometry": {"type": "Point", "coordinates": [2.567234, 48.346244]}, "properties": {"year": 2021, "valeur_fonciere": 430000.0, "type_local": "Dépendance", "surface_reelle_bati": null, "nombre_pieces_principales": 0.0, "adresse_nom_voie": "RUE DU COL FABIEN", "price_per_sqm": null, "date_iso": "2021-06-03", "parcelle": "770010000F0925", "addr_num": "15"}}, {"type": "Feature", "geometry": {"type": "Point", "coordinates": [2.567729, 48.346617]}, "properties": {"year": 2021, "valeur_fonciere": 430000.0, "type_local": null, "surface_reelle_bati": null, "nombre_pieces_principales": null, "adresse_nom_voie": "LA GRANGE BIGNE", "price_per_sqm": null, "date_iso": "2021-06-03", "parcelle": "77001000ZK0028", "addr_num": ""}}, {"type": "Feature", "geometry": {"type": "Point", "coordinates": [2.567553, 48.34611]}, "properties": {"year": 2021, "valeur_fonciere": 430000.0, "type_local": null, "surface_reelle_bati": null, "nombre_pieces_principales": null, "adresse_nom_voie": "LA GRANGE BIGNE", "price_per_sqm": null, "date_iso": "2021-06-03", "parcelle": "77001000ZK0029", "addr_num": ""}}, {"type": "Feature", "geometry": {"type": "Point", "coordinates": [2.560064, 48.355593]}, "properties": {"year": 2021, "valeur_fonciere": 480000.0, "type_local": "Dépendance", "surface_reelle_bati": null, "nombre_pieces_principales": 0.0, "adresse_nom_voie": "CHE DU VAUDOUE", "price_per_sqm": null, "date_iso": "2021-06-07", "parcelle": "770010000G0372", "addr_num": "7"}}, {"type": "Feature", "geometry": {"type": "Point", "coordinates": [2.560064, 48.355593]}, "properties": {"year": 2021, "valeur_fonciere": 480000.0, "type_local": "Dépendance", "surface_reelle_bati": null, "nombre_pieces_principales": 0.0, "adresse_nom_voie": "CHE DU VAUDOUE", "price_per_sqm": null, "date_iso": "2021-06-07", "parcelle": "770010000G0372", "addr_num": "7"}}, {"type": "Feature", "geometry": {"type": "Point", "coordinates": [2.560064, 48.355593]}, "properties": {"year": 2021, "valeur_fonciere": 480000.0, "type_local": "Maison", "surface_reelle_bati": 165.0, "nombre_pieces_principales": 6.0, "adresse_nom_voie": "CHE DU VAUDOUE", "price_per_sqm": 2909.090909090909, "date_iso": "2021-06-07", "parcelle": "770010000G0372", "addr_num": "7"}}, {"type": "Feature", "geometry": {"type": "Point", "coordinates": [2.560064, 48.355593]}, "properties": {"year": 2021, "valeur_fonciere": 480000.0, "type_local": "Dépendance", "surface_reelle_bati": null, "nombre_pieces_principales": 0.0, "adresse_nom_voie": "CHE DU VAUDOUE", "price_per_sqm": null, "date_iso": "2021-06-07", "parcelle": "770010000G0372", "addr_num": "7"}}, {"type": "Feature", "geometry": {"type": "Point", "coordinates": [2.560064, 48.355593]}, "properties": {"year": 2021, "valeur_fonciere": 480000.0, "type_local": "Maison", "surface_reelle_bati": 165.0, "nombre_pieces_principales": 6.0, "adresse_nom_voie": "CHE DU VAUDOUE", "price_per_sqm": 2909.090909090909, "date_iso": "2021-06-07", "parcelle": "770010000G0372", "addr_num": "7"}}, {"type": "Feature", "geometry": {"type": "Point", "coordinates": [2.560064, 48.355593]}, "properties": {"year": 2021, "valeur_fonciere": 480000.0, "type_local": "Dépendance", "surface_reelle_bati": null, "nombre_pieces_principales": 0.0, "adresse_nom_voie": "CHE DU VAUDOUE", "price_per_sqm": null, "date_iso": "2021-06-07", "parcelle": "770010000G0372", "addr_num": "7"}}, {"type": "Feature", "geometry": {"type": "Point", "coordinates": [2.566117, 48.355394]}, "properties": {"year": 2021, "valeur_fonciere": 150000.0, "type_local": null, "surface_reelle_bati": null, "nombre_pieces_principales": null, "adresse_nom_voie": "LA MAISON BLANCHE", "price_per_sqm": null, "date_iso": "2021-06-15", "parcelle": "770010000G0324", "addr_num": ""}}, {"type": "Feature", "geometry": {"type": "Point", "coordinates": [2.565858, 48.355107]}, "properties": {"year": 2021, "valeur_fonciere": 150000.0, "type_local": null, "surface_reelle_bati": null, "nombre_pieces_principales": null, "adresse_nom_voie": "LA MAISON BLANCHE", "price_per_sqm": null, "date_iso": "2021-06-15", "parcelle": "770010000G0325", "addr_num": ""}}, {"type": "Feature", "geometry": {"type": "Point", "coordinates": [2.565918, 48.355116]}, "properties": {"year": 2021, "valeur_fonciere": 150000.0, "type_local": null, "surface_reelle_bati": null, "nombre_pieces_principales": null, "adresse_nom_voie": "LA MAISON BLANCHE", "price_per_sqm": null, "date_iso": "2021-06-15", "parcelle": "770010000G0326", "addr_num": ""}}, {"type": "Feature", "geometry": {"type": "Point", "coordinates": [2.565585, 48.354873]}, "properties": {"year": 2021, "valeur_fonciere": 150000.0, "type_local": null, "surface_reelle_bati": null, "nombre_pieces_principales": null, "adresse_nom_voie": "LA MAISON BLANCHE", "price_per_sqm": null, "date_iso": "2021-06-15", "parcelle": "770010000G0328", "addr_num": ""}}, {"type": "Feature", "geometry": {"type": "Point", "coordinates": [2.565275, 48.354628]}, "properties": {"year": 2021, "valeur_fonciere": 150000.0, "type_local": null, "surface_reelle_bati": null, "nombre_pieces_principales": null, "adresse_nom_voie": "RUE DE LA LIBERATION", "price_per_sqm": null, "date_iso": "2021-06-15", "parcelle": "770010000G0406", "addr_num": ""}}, {"type": "Feature", "geometry": {"type": "Point", "coordinates": [2.565182, 48.354685]}, "properties": {"year": 2021, "valeur_fonciere": 150000.0, "type_local": null, "surface_reelle_bati": null, "nombre_pieces_principales": null, "adresse_nom_voie": "RUE DE LA LIBERATION", "price_per_sqm": null, "date_iso": "2021-06-15", "parcelle": "770010000G0412", "addr_num": ""}}, {"type": "Feature", "geometry": {"type": "Point", "coordinates": [2.56489, 48.354561]}, "properties": {"year": 2021, "valeur_fonciere": 150000.0, "type_local": "Maison", "surface_reelle_bati": 130.0, "nombre_pieces_principales": 6.0, "adresse_nom_voie": "LOT DES MAISONS BLANCHES", "price_per_sqm": 1153.8461538461538, "date_iso": "2021-06-15", "parcelle": "770010000G0455", "addr_num": "3"}}, {"type": "Feature", "geometry": {"type": "Point", "coordinates": [2.56489, 48.354561]}, "properties": {"year": 2021, "valeur_fonciere": 150000.0, "type_local": "Maison", "surface_reelle_bati": 130.0, "nombre_pieces_principales": 6.0, "adresse_nom_voie": "LOT DES MAISONS BLANCHES", "price_per_sqm": 1153.8461538461538, "date_iso": "2021-06-15", "parcelle": "770010000G0455", "addr_num": "3"}}, {"type": "Feature", "geometry": {"type": "Point", "coordinates": [2.570529, 48.354136]}, "properties": {"year": 2021, "valeur_fonciere": 615000.0, "type_local": "Dépendance", "surface_reelle_bati": null, "nombre_pieces_principales": 0.0, "adresse_nom_voie": "RUE LAURENT POLI", "price_per_sqm": null, "date_iso": "2021-06-18", "parcelle": "770010000B0686", "addr_num": "34"}}, {"type": "Feature", "geometry": {"type": "Point", "coordinates": [2.570529, 48.354136]}, "properties": {"year": 2021, "valeur_fonciere": 615000.0, "type_local": "Dépendance", "surface_reelle_bati": null, "nombre_pieces_principales": 0.0, "adresse_nom_voie": "RUE LAURENT POLI", "price_per_sqm": null, "date_iso": "2021-06-18", "parcelle": "770010000B0686", "addr_num": "34"}}, {"type": "Feature", "geometry": {"type": "Point", "coordinates": [2.570529, 48.354136]}, "properties": {"year": 2021, "valeur_fonciere": 615000.0, "type_local": "Maison", "surface_reelle_bati": 158.0, "nombre_pieces_principales": 6.0, "adresse_nom_voie": "RUE LAURENT POLI", "price_per_sqm": 3892.4050632911394, "date_iso": "2021-06-18", "parcelle": "770010000B0686", "addr_num": "34"}}, {"type": "Feature", "geometry": {"type": "Point", "coordinates": [2.571078, 48.354118]}, "properties": {"year": 2021, "valeur_fonciere": 615000.0, "type_local": null, "surface_reelle_bati": null, "nombre_pieces_principales": null, "adresse_nom_voie": "ACHERES", "price_per_sqm": null, "date_iso": "2021-06-18", "parcelle": "770010000B0687", "addr_num": ""}}, {"type": "Feature", "geometry": {"type": "Point", "coordinates": [2.570097, 48.355148]}, "properties": {"year": 2021, "valeur_fonciere": 122500.0, "type_local": "Dépendance", "surface_reelle_bati": null, "nombre_pieces_principales": 0.0, "adresse_nom_voie": "RUE DU CHATEAU", "price_per_sqm": null, "date_iso": "2021-06-21", "parcelle": "770010000B1128", "addr_num": "1"}}, {"type": "Feature", "geometry": {"type": "Point", "coordinates": [2.570097, 48.355148]}, "properties": {"year": 2021, "valeur_fonciere": 122500.0, "type_local": "Appartement", "surface_reelle_bati": 70.0, "nombre_pieces_principales": 4.0, "adresse_nom_voie": "RUE DU CHATEAU", "price_per_sqm": 1750.0, "date_iso": "2021-06-21", "parcelle": "770010000B1128", "addr_num": "1"}}, {"type": "Feature", "geometry": {"type": "Point", "coordinates": [2.566649, 48.346796]}, "properties": {"year": 2021, "valeur_fonciere": 22500.0, "type_local": null, "surface_reelle_bati": null, "nombre_pieces_principales": null, "adresse_nom_voie": "MEUN", "price_per_sqm": null, "date_iso": "2021-06-21", "parcelle": "770010000F0535", "addr_num": ""}}, {"type": "Feature", "geometry": {"type": "Point", "coordinates": [2.562449, 48.369]}, "properties": {"year": 2021, "valeur_fonciere": 28140.0, "type_local": null, "surface_reelle_bati": null, "nombre_pieces_principales": null, "adresse_nom_voie": "LE SENTIER D ARBONNE", "price_per_sqm": null, "date_iso": "2021-06-15", "parcelle": "770010000A0060", "addr_num": ""}}, {"type": "Feature", "geometry": {"type": "Point", "coordinates": [2.5638, 48.357385]}, "properties": {"year": 2021, "valeur_fonciere": 28140.0, "type_local": null, "surface_reelle_bati": null, "nombre_pieces_principales": null, "adresse_nom_voie": "LES CANCHES", "price_per_sqm": null, "date_iso": "2021-06-15", "parcelle": "770010000A0762", "addr_num": ""}}, {"type": "Feature", "geometry": {"type": "Point", "coordinates": [2.565495, 48.366541]}, "properties": {"year": 2021, "valeur_fonciere": 28140.0, "type_local": null, "surface_reelle_bati": null, "nombre_pieces_principales": null, "adresse_nom_voie": "LES PETITS BEORLOTS", "price_per_sqm": null, "date_iso": "2021-06-15", "parcelle": "770010000A0851", "addr_num": ""}}, {"type": "Feature", "geometry": {"type": "Point", "coordinates": [2.567674, 48.36893]}, "properties": {"year": 2021, "valeur_fonciere": 28140.0, "type_local": null, "surface_reelle_bati": null, "nombre_pieces_principales": null, "adresse_nom_voie": "LES PETITS BEORLOTS", "price_per_sqm": null, "date_iso": "2021-06-15", "parcelle": "770010000A0944", "addr_num": ""}}, {"type": "Feature", "geometry": {"type": "Point", "coordinates": [2.569003, 48.367819]}, "properties": {"year": 2021, "valeur_fonciere": 28140.0, "type_local": null, "surface_reelle_bati": null, "nombre_pieces_principales": null, "adresse_nom_voie": "LES PETITS BEORLOTS", "price_per_sqm": null, "date_iso": "2021-06-15", "parcelle": "770010000A1001", "addr_num": ""}}, {"type": "Feature", "geometry": {"type": "Point", "coordinates": [2.57651, 48.364871]}, "properties": {"year": 2021, "valeur_fonciere": 28140.0, "type_local": null, "surface_reelle_bati": null, "nombre_pieces_principales": null, "adresse_nom_voie": "LES TOURNIQUETS", "price_per_sqm": null, "date_iso": "2021-06-15", "parcelle": "770010000A1122", "addr_num": ""}}, {"type": "Feature", "geometry": {"type": "Point", "coordinates": [2.573484, 48.366765]}, "properties": {"year": 2021, "valeur_fonciere": 28140.0, "type_local": null, "surface_reelle_bati": null, "nombre_pieces_principales": null, "adresse_nom_voie": "LES TOURNIQUETS", "price_per_sqm": null, "date_iso": "2021-06-15", "parcelle": "770010000A1149", "addr_num": ""}}, {"type": "Feature", "geometry": {"type": "Point", "coordinates": [2.572795, 48.364893]}, "properties": {"year": 2021, "valeur_fonciere": 28140.0, "type_local": null, "surface_reelle_bati": null, "nombre_pieces_principales": null, "adresse_nom_voie": "LE DESSUS DU PARC", "price_per_sqm": null, "date_iso": "2021-06-15", "parcelle": "770010000A1212", "addr_num": ""}}, {"type": "Feature", "geometry": {"type": "Point", "coordinates": [2.586555, 48.361783]}, "properties": {"year": 2021, "valeur_fonciere": 28140.0, "type_local": null, "surface_reelle_bati": null, "nombre_pieces_principales": null, "adresse_nom_voie": "LE POTEAU ROUGE", "price_per_sqm": null, "date_iso": "2021-06-15", "parcelle": "770010000B0263", "addr_num": ""}}, {"type": "Feature", "geometry": {"type": "Point", "coordinates": [2.55283, 48.355035]}, "properties": {"year": 2021, "valeur_fonciere": 28140.0, "type_local": null, "surface_reelle_bati": null, "nombre_pieces_principales": null, "adresse_nom_voie": "LA DEGOUTTOIRE", "price_per_sqm": null, "date_iso": "2021-06-15", "parcelle": "770010000G0029", "addr_num": ""}}, {"type": "Feature", "geometry": {"type": "Point", "coordinates": [2.552614, 48.355356]}, "properties": {"year": 2021, "valeur_fonciere": 28140.0, "type_local": null, "surface_reelle_bati": null, "nombre_pieces_principales": null, "adresse_nom_voie": "LA DEGOUTTOIRE", "price_per_sqm": null, "date_iso": "2021-06-15", "parcelle": "770010000G0034", "addr_num": ""}}, {"type": "Feature", "geometry": {"type": "Point", "coordinates": [2.548805, 48.351894]}, "properties": {"year": 2021, "valeur_fonciere": 28140.0, "type_local": null, "surface_reelle_bati": null, "nombre_pieces_principales": null, "adresse_nom_voie": "LA LONGUE HALEINE", "price_per_sqm": null, "date_iso": "2021-06-15", "parcelle": "770010000G0240", "addr_num": ""}}, {"type": "Feature", "geometry": {"type": "Point", "coordinates": [2.572339, 48.352875]}, "properties": {"year": 2021, "valeur_fonciere": 79000.0, "type_local": "Local industriel. commercial ou assimilé", "surface_reelle_bati": null, "nombre_pieces_principales": 0.0, "adresse_nom_voie": "RUE DE LA CRX ST ANTOINE", "price_per_sqm": null, "date_iso": "2021-06-17", "parcelle": "770010000B1206", "addr_num": "5316"}}, {"type": "Feature", "geometry": {"type": "Point", "coordinates": [2.572273, 48.352971]}, "properties": {"year": 2021, "valeur_fonciere": 79000.0, "type_local": "Local industriel. commercial ou assimilé", "surface_reelle_bati": null, "nombre_pieces_principales": 0.0, "adresse_nom_voie": "LA CROIX SAINT ANTOINE", "price_per_sqm": null, "date_iso": "2021-06-17", "parcelle": "770010000B1208", "addr_num": "5378"}}, {"type": "Feature", "geometry": {"type": "Point", "coordinates": [2.572273, 48.352971]}, "properties": {"year": 2021, "valeur_fonciere": 79000.0, "type_local": "Local industriel. commercial ou assimilé", "surface_reelle_bati": null, "nombre_pieces_principales": 0.0, "adresse_nom_voie": "LA CROIX SAINT ANTOINE", "price_per_sqm": null, "date_iso": "2021-06-17", "parcelle": "770010000B1208", "addr_num": "5378"}}, {"type": "Feature", "geometry": {"type": "Point", "coordinates": [2.561386, 48.360951]}, "properties": {"year": 2021, "valeur_fonciere": 425000.0, "type_local": "Maison", "surface_reelle_bati": 128.0, "nombre_pieces_principales": 4.0, "adresse_nom_voie": "DOM DU BOIS DE LA GARENNE", "price_per_sqm": 3320.3125, "date_iso": "2021-07-20", "parcelle": "770010000A1623", "addr_num": "1"}}, {"type": "Feature", "geometry": {"type": "Point", "coordinates": [2.561386, 48.360951]}, "properties": {"year": 2021, "valeur_fonciere": 425000.0, "type_local": "Maison", "surface_reelle_bati": 128.0, "nombre_pieces_principales": 4.0, "adresse_nom_voie": "DOM DU BOIS DE LA GARENNE", "price_per_sqm": 3320.3125, "date_iso": "2021-07-20", "parcelle": "770010000A1623", "addr_num": "1"}}, {"type": "Feature", "geometry": {"type": "Point", "coordinates": [2.561386, 48.360951]}, "properties": {"year": 2021, "valeur_fonciere": 425000.0, "type_local": "Maison", "surface_reelle_bati": 128.0, "nombre_pieces_principales": 4.0, "adresse_nom_voie": "DOM DU BOIS DE LA GARENNE", "price_per_sqm": 3320.3125, "date_iso": "2021-07-20", "parcelle": "770010000A1623", "addr_num": "1"}}, {"type": "Feature", "geometry": {"type": "Point", "coordinates": [2.570979, 48.353781]}, "properties": {"year": 2021, "valeur_fonciere": 416000.0, "type_local": null, "surface_reelle_bati": null, "nombre_pieces_principales": null, "adresse_nom_voie": "ACHERES", "price_per_sqm": null, "date_iso": "2021-07-16", "parcelle": "770010000B0683", "addr_num": ""}}, {"type": "Feature", "geometry": {"type": "Point", "coordinates": [2.570379, 48.353967]}, "properties": {"year": 2021, "valeur_fonciere": 416000.0, "type_local": "Maison", "surface_reelle_bati": 130.0, "nombre_pieces_principales": 6.0, "adresse_nom_voie": "RUE LAURENT POLI", "price_per_sqm": 3200.0, "date_iso": "2021-07-16", "parcelle": "770010000B0684", "addr_num": "32"}}, {"type": "Feature", "geometry": {"type": "Point", "coordinates": [2.570379, 48.353967]}, "properties": {"year": 2021, "valeur_fonciere": 416000.0, "type_local": "Dépendance", "surface_reelle_bati": null, "nombre_pieces_principales": 0.0, "adresse_nom_voie": "RUE LAURENT POLI", "price_per_sqm": null, "date_iso": "2021-07-16", "parcelle": "770010000B0684", "addr_num": "32"}}, {"type": "Feature", "geometry": {"type": "Point", "coordinates": [2.570379, 48.353967]}, "properties": {"year": 2021, "valeur_fonciere": 416000.0, "type_local": "Dépendance", "surface_reelle_bati": null, "nombre_pieces_principales": 0.0, "adresse_nom_voie": "RUE LAURENT POLI", "price_per_sqm": null, "date_iso": "2021-07-16", "parcelle": "770010000B0684", "addr_num": "32"}}, {"type": "Feature", "geometry": {"type": "Point", "coordinates": [2.559424, 48.357974]}, "properties": {"year": 2021, "valeur_fonciere": 568085.0, "type_local": "Dépendance", "surface_reelle_bati": null, "nombre_pieces_principales": 0.0, "adresse_nom_voie": "RUE DE LA LIBERATION", "price_per_sqm": null, "date_iso": "2021-07-08", "parcelle": "770010000A1724", "addr_num": "50"}}, {"type": "Feature", "geometry": {"type": "Point", "coordinates": [2.559424, 48.357974]}, "properties": {"year": 2021, "valeur_fonciere": 568085.0, "type_local": "Maison", "surface_reelle_bati": 266.0, "nombre_pieces_principales": 5.0, "adresse_nom_voie": "RUE DE LA LIBERATION", "price_per_sqm": 2135.657894736842, "date_iso": "2021-07-08", "parcelle": "770010000A1724", "addr_num": "50"}}, {"type": "Feature", "geometry": {"type": "Point", "coordinates": [2.552788, 48.356014]}, "properties": {"year": 2021, "valeur_fonciere": 1000.0, "type_local": null, "surface_reelle_bati": null, "nombre_pieces_principales": null, "adresse_nom_voie": "PARIS FORET", "price_per_sqm": null, "date_iso": "2021-07-19", "parcelle": "770010000A1746", "addr_num": ""}}, {"type": "Feature", "geometry": {"type": "Point", "coordinates": [2.552614, 48.355972]}, "properties": {"year": 2021, "valeur_fonciere": 259000.0, "type_local": null, "surface_reelle_bati": null, "nombre_pieces_principales": null, "adresse_nom_voie": "PARIS FORET", "price_per_sqm": null, "date_iso": "2021-07-19", "parcelle": "770010000A0230", "addr_num": ""}}, {"type": "Feature", "geometry": {"type": "Point", "coordinates": [2.552201, 48.356059]}, "properties": {"year": 2021, "valeur_fonciere": 259000.0, "type_local": null, "surface_reelle_bati": null, "nombre_pieces_principales": null, "adresse_nom_voie": "PARIS FORET", "price_per_sqm": null, "date_iso": "2021-07-19", "parcelle": "770010000A1705", "addr_num": ""}}, {"type": "Feature", "geometry": {"type": "Point", "coordinates": [2.552443, 48.356254]}, "properties": {"year": 2021, "valeur_fonciere": 259000.0, "type_local": "Maison", "surface_reelle_bati": 45.0, "nombre_pieces_principales": 3.0, "adresse_nom_voie": "PARIS FORET", "price_per_sqm": 5755.555555555556, "date_iso": "2021-07-19", "parcelle": "770010000A1761", "addr_num": "13"}}, {"type": "Feature", "geometry": {"type": "Point", "coordinates": [2.552135, 48.35612]}, "properties": {"year": 2021, "valeur_fonciere": 259000.0, "type_local": null, "surface_reelle_bati": null, "nombre_pieces_principales": null, "adresse_nom_voie": "PARIS FORET", "price_per_sqm": null, "date_iso": "2021-07-19", "parcelle": "770010000A1762", "addr_num": ""}}, {"type": "Feature", "geometry": {"type": "Point", "coordinates": [2.564091, 48.358489]}, "properties": {"year": 2021, "valeur_fonciere": 170000.0, "type_local": "Maison", "surface_reelle_bati": 82.0, "nombre_pieces_principales": 3.0, "adresse_nom_voie": "DOM DEFONTAINE", "price_per_sqm": 2073.170731707317, "date_iso": "2021-08-17", "parcelle": "770010000A0799", "addr_num": "13"}}, {"type": "Feature", "geometry": {"type": "Point", "coordinates": [2.561247, 48.355532]}, "properties": {"year": 2021, "valeur_fonciere": 479000.0, "type_local": "Dépendance", "surface_reelle_bati": null, "nombre_pieces_principales": 0.0, "adresse_nom_voie": "RUE DE LA LIBERATION", "price_per_sqm": null, "date_iso": "2021-07-26", "parcelle": "770010000G0344", "addr_num": "37"}}, {"type": "Feature", "geometry": {"type": "Point", "coordinates": [2.561247, 48.355532]}, "properties": {"year": 2021, "valeur_fonciere": 479000.0, "type_local": "Maison", "surface_reelle_bati": 155.0, "nombre_pieces_principales": 7.0, "adresse_nom_voie": "RUE DE LA LIBERATION", "price_per_sqm": 3090.3225806451615, "date_iso": "2021-07-26", "parcelle": "770010000G0344", "addr_num": "37"}}, {"type": "Feature", "geometry": {"type": "Point", "coordinates": [2.561247, 48.355532]}, "properties": {"year": 2021, "valeur_fonciere": 479000.0, "type_local": "Dépendance", "surface_reelle_bati": null, "nombre_pieces_principales": 0.0, "adresse_nom_voie": "RUE DE LA LIBERATION", "price_per_sqm": null, "date_iso": "2021-07-26", "parcelle": "770010000G0344", "addr_num": "37"}}, {"type": "Feature", "geometry": {"type": "Point", "coordinates": [2.561247, 48.355532]}, "properties": {"year": 2021, "valeur_fonciere": 479000.0, "type_local": "Maison", "surface_reelle_bati": 155.0, "nombre_pieces_principales": 7.0, "adresse_nom_voie": "RUE DE LA LIBERATION", "price_per_sqm": 3090.3225806451615, "date_iso": "2021-07-26", "parcelle": "770010000G0344", "addr_num": "37"}}, {"type": "Feature", "geometry": {"type": "Point", "coordinates": [2.563292, 48.356994]}, "properties": {"year": 2021, "valeur_fonciere": 389000.0, "type_local": "Dépendance", "surface_reelle_bati": null, "nombre_pieces_principales": 0.0, "adresse_nom_voie": "RUE DE LA LIBERATION", "price_per_sqm": null, "date_iso": "2021-08-02", "parcelle": "770010000A1767", "addr_num": "34"}}, {"type": "Feature", "geometry": {"type": "Point", "coordinates": [2.563292, 48.356994]}, "properties": {"year": 2021, "valeur_fonciere": 389000.0, "type_local": "Maison", "surface_reelle_bati": 128.0, "nombre_pieces_principales": 3.0, "adresse_nom_voie": "RUE DE LA LIBERATION", "price_per_sqm": 3039.0625, "date_iso": "2021-08-02", "parcelle": "770010000A1767", "addr_num": "34"}}, {"type": "Feature", "geometry": {"type": "Point", "coordinates": [2.563292, 48.356994]}, "properties": {"year": 2021, "valeur_fonciere": 389000.0, "type_local": "Dépendance", "surface_reelle_bati": null, "nombre_pieces_principales": 0.0, "adresse_nom_voie": "RUE DE LA LIBERATION", "price_per_sqm": null, "date_iso": "2021-08-02", "parcelle": "770010000A1767", "addr_num": "34"}}, {"type": "Feature", "geometry": {"type": "Point", "coordinates": [2.563292, 48.356994]}, "properties": {"year": 2021, "valeur_fonciere": 389000.0, "type_local": "Maison", "surface_reelle_bati": 128.0, "nombre_pieces_principales": 3.0, "adresse_nom_voie": "RUE DE LA LIBERATION", "price_per_sqm": 3039.0625, "date_iso": "2021-08-02", "parcelle": "770010000A1767", "addr_num": "34"}}, {"type": "Feature", "geometry": {"type": "Point", "coordinates": [2.561312, 48.357665]}, "properties": {"year": 2021, "valeur_fonciere": 460000.0, "type_local": null, "surface_reelle_bati": null, "nombre_pieces_principales": null, "adresse_nom_voie": "LES CANCHES OUEST", "price_per_sqm": null, "date_iso": "2021-07-22", "parcelle": "770010000A0209", "addr_num": ""}}, {"type": "Feature", "geometry": {"type": "Point", "coordinates": [2.561101, 48.35705]}, "properties": {"year": 2021, "valeur_fonciere": 460000.0, "type_local": null, "surface_reelle_bati": null, "nombre_pieces_principales": null, "adresse_nom_voie": "LES CANCHES OUEST", "price_per_sqm": null, "date_iso": "2021-07-22", "parcelle": "770010000A0215", "addr_num": ""}}, {"type": "Feature", "geometry": {"type": "Point", "coordinates": [2.561073, 48.357321]}, "properties": {"year": 2021, "valeur_fonciere": 460000.0, "type_local": "Maison", "surface_reelle_bati": 144.0, "nombre_pieces_principales": 5.0, "adresse_nom_voie": "RUE DE LA LIBERATION", "price_per_sqm": 3194.4444444444443, "date_iso": "2021-07-22", "parcelle": "770010000A1728", "addr_num": "44"}}, {"type": "Feature", "geometry": {"type": "Point", "coordinates": [2.561073, 48.357321]}, "properties": {"year": 2021, "valeur_fonciere": 460000.0, "type_local": "Maison", "surface_reelle_bati": 144.0, "nombre_pieces_principales": 5.0, "adresse_nom_voie": "RUE DE LA LIBERATION", "price_per_sqm": 3194.4444444444443, "date_iso": "2021-07-22", "parcelle": "770010000A1728", "addr_num": "44"}}, {"type": "Feature", "geometry": {"type": "Point", "coordinates": [2.568734, 48.351431]}, "properties": {"year": 2021, "valeur_fonciere": 261540.0, "type_local": "Maison", "surface_reelle_bati": 99.0, "nombre_pieces_principales": 5.0, "adresse_nom_voie": "RUE LAURENT POLI", "price_per_sqm": 2641.818181818182, "date_iso": "2021-08-13", "parcelle": "77001000ZB0004", "addr_num": "2"}}, {"type": "Feature", "geometry": {"type": "Point", "coordinates": [2.568734, 48.351431]}, "properties": {"year": 2021, "valeur_fonciere": 261540.0, "type_local": "Dépendance", "surface_reelle_bati": null, "nombre_pieces_principales": 0.0, "adresse_nom_voie": "RUE LAURENT POLI", "price_per_sqm": null, "date_iso": "2021-08-13", "parcelle": "77001000ZB0004", "addr_num": "2"}}, {"type": "Feature", "geometry": {"type": "Point", "coordinates": [2.568734, 48.351431]}, "properties": {"year": 2021, "valeur_fonciere": 261540.0, "type_local": "Dépendance", "surface_reelle_bati": null, "nombre_pieces_principales": 0.0, "adresse_nom_voie": "RUE LAURENT POLI", "price_per_sqm": null, "date_iso": "2021-08-13", "parcelle": "77001000ZB0004", "addr_num": "2"}}, {"type": "Feature", "geometry": {"type": "Point", "coordinates": [2.568734, 48.351431]}, "properties": {"year": 2021, "valeur_fonciere": 261540.0, "type_local": "Maison", "surface_reelle_bati": 99.0, "nombre_pieces_principales": 5.0, "adresse_nom_voie": "RUE LAURENT POLI", "price_per_sqm": 2641.818181818182, "date_iso": "2021-08-13", "parcelle": "77001000ZB0004", "addr_num": "2"}}, {"type": "Feature", "geometry": {"type": "Point", "coordinates": [2.568747, 48.343807]}, "properties": {"year": 2021, "valeur_fonciere": 150000.0, "type_local": "Maison", "surface_reelle_bati": 96.0, "nombre_pieces_principales": 5.0, "adresse_nom_voie": "CHE DE LA CHAPELLE", "price_per_sqm": 1562.5, "date_iso": "2021-09-03", "parcelle": "77001000ZC0025", "addr_num": "26"}}, {"type": "Feature", "geometry": {"type": "Point", "coordinates": [2.568747, 48.343807]}, "properties": {"year": 2021, "valeur_fonciere": 150000.0, "type_local": "Maison", "surface_reelle_bati": 96.0, "nombre_pieces_principales": 5.0, "adresse_nom_voie": "CHE DE LA CHAPELLE", "price_per_sqm": 1562.5, "date_iso": "2021-09-03", "parcelle": "77001000ZC0025", "addr_num": "26"}}, {"type": "Feature", "geometry": {"type": "Point", "coordinates": [2.565846, 48.357131]}, "properties": {"year": 2021, "valeur_fonciere": 88000.0, "type_local": null, "surface_reelle_bati": null, "nombre_pieces_principales": null, "adresse_nom_voie": "RUE DU CHATEAU", "price_per_sqm": null, "date_iso": "2021-08-25", "parcelle": "770010000A1780", "addr_num": ""}}, {"type": "Feature", "geometry": {"type": "Point", "coordinates": [2.564975, 48.345239]}, "properties": {"year": 2021, "valeur_fonciere": 335992.0, "type_local": "Maison", "surface_reelle_bati": 92.0, "nombre_pieces_principales": 4.0, "adresse_nom_voie": "RUE DU CLOSEAU", "price_per_sqm": 3652.086956521739, "date_iso": "2021-10-18", "parcelle": "770010000F0429", "addr_num": "46"}}, {"type": "Feature", "geometry": {"type": "Point", "coordinates": [2.564975, 48.345239]}, "properties": {"year": 2021, "valeur_fonciere": 335992.0, "type_local": "Dépendance", "surface_reelle_bati": null, "nombre_pieces_principales": 0.0, "adresse_nom_voie": "RUE DU CLOSEAU", "price_per_sqm": null, "date_iso": "2021-10-18", "parcelle": "770010000F0429", "addr_num": "46"}}, {"type": "Feature", "geometry": {"type": "Point", "coordinates": [2.574294, 48.352988]}, "properties": {"year": 2021, "valeur_fonciere": 85000.0, "type_local": null, "surface_reelle_bati": null, "nombre_pieces_principales": null, "adresse_nom_voie": "LA CROIX SAINT ANTOINE", "price_per_sqm": null, "date_iso": "2021-10-22", "parcelle": "770010000B0600", "addr_num": ""}}, {"type": "Feature", "geometry": {"type": "Point", "coordinates": [2.574387, 48.352952]}, "properties": {"year": 2021, "valeur_fonciere": 85000.0, "type_local": null, "surface_reelle_bati": null, "nombre_pieces_principales": null, "adresse_nom_voie": "LA CROIX SAINT ANTOINE", "price_per_sqm": null, "date_iso": "2021-10-22", "parcelle": "770010000B0601", "addr_num": ""}}, {"type": "Feature", "geometry": {"type": "Point", "coordinates": [2.564091, 48.358489]}, "properties": {"year": 2021, "valeur_fonciere": 278400.0, "type_local": "Maison", "surface_reelle_bati": 82.0, "nombre_pieces_principales": 3.0, "adresse_nom_voie": "DOM DEFONTAINE", "price_per_sqm": 3395.121951219512, "date_iso": "2021-10-19", "parcelle": "770010000A0799", "addr_num": "9"}}, {"type": "Feature", "geometry": {"type": "Point", "coordinates": [2.565923, 48.347621]}, "properties": {"year": 2021, "valeur_fonciere": 122000.0, "type_local": null, "surface_reelle_bati": null, "nombre_pieces_principales": null, "adresse_nom_voie": "MEUN", "price_per_sqm": null, "date_iso": "2021-11-10", "parcelle": "770010000F1071", "addr_num": ""}}, {"type": "Feature", "geometry": {"type": "Point", "coordinates": [2.565537, 48.346842]}, "properties": {"year": 2021, "valeur_fonciere": 122000.0, "type_local": null, "surface_reelle_bati": null, "nombre_pieces_principales": null, "adresse_nom_voie": "MEUN", "price_per_sqm": null, "date_iso": "2021-11-10", "parcelle": "770010000F1116", "addr_num": ""}}, {"type": "Feature", "geometry": {"type": "Point", "coordinates": [2.565158, 48.346282]}, "properties": {"year": 2021, "valeur_fonciere": 122000.0, "type_local": null, "surface_reelle_bati": null, "nombre_pieces_principales": null, "adresse_nom_voie": "MEUN", "price_per_sqm": null, "date_iso": "2021-11-10", "parcelle": "770010000F1120", "addr_num": ""}}, {"type": "Feature", "geometry": {"type": "Point", "coordinates": [2.565581, 48.356897]}, "properties": {"year": 2021, "valeur_fonciere": 42500.0, "type_local": null, "surface_reelle_bati": null, "nombre_pieces_principales": null, "adresse_nom_voie": "LES CANCHES", "price_per_sqm": null, "date_iso": "2021-11-25", "parcelle": "770010000A0784", "addr_num": ""}}, {"type": "Feature", "geometry": {"type": "Point", "coordinates": [2.564091, 48.358489]}, "properties": {"year": 2021, "valeur_fonciere": 279000.0, "type_local": "Maison", "surface_reelle_bati": 109.0, "nombre_pieces_principales": 4.0, "adresse_nom_voie": "DOM DEFONTAINE", "price_per_sqm": 2559.6330275229357, "date_iso": "2021-11-22", "parcelle": "770010000A0799", "addr_num": "72"}}, {"type": "Feature", "geometry": {"type": "Point", "coordinates": [2.566151, 48.344696]}, "properties": {"year": 2021, "valeur_fonciere": 185000.0, "type_local": "Maison", "surface_reelle_bati": 121.0, "nombre_pieces_principales": 6.0, "adresse_nom_voie": "RLE BESNARD", "price_per_sqm": 1528.9256198347107, "date_iso": "2021-11-17", "parcelle": "770010000F1125", "addr_num": "6"}}, {"type": "Feature", "geometry": {"type": "Point", "coordinates": [2.566151, 48.344696]}, "properties": {"year": 2021, "valeur_fonciere": 185000.0, "type_local": "Maison", "surface_reelle_bati": 117.0, "nombre_pieces_principales": 4.0, "adresse_nom_voie": "RLE BESNARD", "price_per_sqm": 1581.1965811965813, "date_iso": "2021-11-17", "parcelle": "770010000F1125", "addr_num": "6"}}, {"type": "Feature", "geometry": {"type": "Point", "coordinates": [2.566151, 48.344696]}, "properties": {"year": 2021, "valeur_fonciere": 185000.0, "type_local": "Dépendance", "surface_reelle_bati": null, "nombre_pieces_principales": 0.0, "adresse_nom_voie": "RLE BESNARD", "price_per_sqm": null, "date_iso": "2021-11-17", "parcelle": "770010000F1125", "addr_num": "6"}}, {"type": "Feature", "geometry": {"type": "Point", "coordinates": [2.566041, 48.34457]}, "properties": {"year": 2021, "valeur_fonciere": 185000.0, "type_local": null, "surface_reelle_bati": null, "nombre_pieces_principales": null, "adresse_nom_voie": "RLE BESNARD", "price_per_sqm": null, "date_iso": "2021-11-17", "parcelle": "770010000F1126", "addr_num": "8"}}, {"type": "Feature", "geometry": {"type": "Point", "coordinates": [2.565995, 48.344636]}, "properties": {"year": 2021, "valeur_fonciere": 185000.0, "type_local": null, "surface_reelle_bati": null, "nombre_pieces_principales": null, "adresse_nom_voie": "LES OUCHES", "price_per_sqm": null, "date_iso": "2021-11-17", "parcelle": "770010000F1127", "addr_num": ""}}, {"type": "Feature", "geometry": {"type": "Point", "coordinates": [2.567917, 48.345807]}, "properties": {"year": 2021, "valeur_fonciere": 683500.0, "type_local": null, "surface_reelle_bati": null, "nombre_pieces_principales": null, "adresse_nom_voie": "MEUN", "price_per_sqm": null, "date_iso": "2021-12-01", "parcelle": "770010000F0452", "addr_num": ""}}, {"type": "Feature", "geometry": {"type": "Point", "coordinates": [2.567917, 48.345807]}, "properties": {"year": 2021, "valeur_fonciere": 683500.0, "type_local": null, "surface_reelle_bati": null, "nombre_pieces_principales": null, "adresse_nom_voie": "MEUN", "price_per_sqm": null, "date_iso": "2021-12-01", "parcelle": "770010000F0452", "addr_num": ""}}, {"type": "Feature", "geometry": {"type": "Point", "coordinates": [2.567829, 48.345913]}, "properties": {"year": 2021, "valeur_fonciere": 683500.0, "type_local": "Maison", "surface_reelle_bati": 230.0, "nombre_pieces_principales": 5.0, "adresse_nom_voie": "RUE DU DOC BATTESTI", "price_per_sqm": 2971.7391304347825, "date_iso": "2021-12-01", "parcelle": "770010000F0455", "addr_num": "16"}}, {"type": "Feature", "geometry": {"type": "Point", "coordinates": [2.567829, 48.345913]}, "properties": {"year": 2021, "valeur_fonciere": 683500.0, "type_local": "Dépendance", "surface_reelle_bati": null, "nombre_pieces_principales": 0.0, "adresse_nom_voie": "RUE DU DOC BATTESTI", "price_per_sqm": null, "date_iso": "2021-12-01", "parcelle": "770010000F0455", "addr_num": "16"}}, {"type": "Feature", "geometry": {"type": "Point", "coordinates": [2.564471, 48.345992]}, "properties": {"year": 2021, "valeur_fonciere": 173000.0, "type_local": "Maison", "surface_reelle_bati": 81.0, "nombre_pieces_principales": 3.0, "adresse_nom_voie": "RUE DU CLOSEAU", "price_per_sqm": 2135.8024691358023, "date_iso": "2021-12-17", "parcelle": "770010000F0464", "addr_num": "45"}}, {"type": "Feature", "geometry": {"type": "Point", "coordinates": [2.565434, 48.356915]}, "properties": {"year": 2022, "valeur_fonciere": 15000.0, "type_local": null, "surface_reelle_bati": null, "nombre_pieces_principales": null, "adresse_nom_voie": "LES CANCHES", "price_per_sqm": null, "date_iso": "2022-01-24", "parcelle": "770010000A0780", "addr_num": ""}}, {"type": "Feature", "geometry": {"type": "Point", "coordinates": [2.572408, 48.352654]}, "properties": {"year": 2022, "valeur_fonciere": 72500.0, "type_local": null, "surface_reelle_bati": null, "nombre_pieces_principales": null, "adresse_nom_voie": "RUE DE LA CRX ST ANTOINE", "price_per_sqm": null, "date_iso": "2022-02-11", "parcelle": "770010000B1216", "addr_num": "12"}}, {"type": "Feature", "geometry": {"type": "Point", "coordinates": [2.57251, 48.352573]}, "properties": {"year": 2022, "valeur_fonciere": 72500.0, "type_local": null, "surface_reelle_bati": null, "nombre_pieces_principales": null, "adresse_nom_voie": "RUE DE LA CRX ST ANTOINE", "price_per_sqm": null, "date_iso": "2022-02-11", "parcelle": "770010000B1218", "addr_num": "12"}}, {"type": "Feature", "geometry": {"type": "Point", "coordinates": [2.56916, 48.355405]}, "properties": {"year": 2022, "valeur_fonciere": 311000.0, "type_local": "Dépendance", "surface_reelle_bati": null, "nombre_pieces_principales": 0.0, "adresse_nom_voie": "RUE DU GEN DE GAULLE", "price_per_sqm": null, "date_iso": "2022-02-18", "parcelle": "770010000B0778", "addr_num": "2"}}, {"type": "Feature", "geometry": {"type": "Point", "coordinates": [2.56916, 48.355405]}, "properties": {"year": 2022, "valeur_fonciere": 311000.0, "type_local": "Dépendance", "surface_reelle_bati": null, "nombre_pieces_principales": 0.0, "adresse_nom_voie": "RUE DU GEN DE GAULLE", "price_per_sqm": null, "date_iso": "2022-02-18", "parcelle": "770010000B0778", "addr_num": "2"}}, {"type": "Feature", "geometry": {"type": "Point", "coordinates": [2.56916, 48.355405]}, "properties": {"year": 2022, "valeur_fonciere": 311000.0, "type_local": "Dépendance", "surface_reelle_bati": null, "nombre_pieces_principales": 0.0, "adresse_nom_voie": "RUE DU GEN DE GAULLE", "price_per_sqm": null, "date_iso": "2022-02-18", "parcelle": "770010000B0778", "addr_num": "2"}}, {"type": "Feature", "geometry": {"type": "Point", "coordinates": [2.56916, 48.355405]}, "properties": {"year": 2022, "valeur_fonciere": 311000.0, "type_local": "Maison", "surface_reelle_bati": 100.0, "nombre_pieces_principales": 4.0, "adresse_nom_voie": "RUE DU GEN DE GAULLE", "price_per_sqm": 3110.0, "date_iso": "2022-02-18", "parcelle": "770010000B0778", "addr_num": "2"}}, {"type": "Feature", "geometry": {"type": "Point", "coordinates": [2.561578, 48.357993]}, "properties": {"year": 2022, "valeur_fonciere": 6100.0, "type_local": null, "surface_reelle_bati": null, "nombre_pieces_principales": null, "adresse_nom_voie": "LES CANCHES OUEST", "price_per_sqm": null, "date_iso": "2022-02-16", "parcelle": "770010000A0208", "addr_num": ""}}, {"type": "Feature", "geometry": {"type": "Point", "coordinates": [2.56107, 48.357833]}, "properties": {"year": 2022, "valeur_fonciere": 6100.0, "type_local": null, "surface_reelle_bati": null, "nombre_pieces_principales": null, "adresse_nom_voie": "LES CANCHES OUEST", "price_per_sqm": null, "date_iso": "2022-02-16", "parcelle": "770010000A1407", "addr_num": ""}}, {"type": "Feature", "geometry": {"type": "Point", "coordinates": [2.544217, 48.331928]}, "properties": {"year": 2022, "valeur_fonciere": 7667.4, "type_local": null, "surface_reelle_bati": null, "nombre_pieces_principales": null, "adresse_nom_voie": "DESSUS DU GRAND CHEMIN", "price_per_sqm": null, "date_iso": "2022-02-10", "parcelle": "77001000ZP0001", "addr_num": ""}}, {"type": "Feature", "geometry": {"type": "Point", "coordinates": [2.562366, 48.358073]}, "properties": {"year": 2022, "valeur_fonciere": 300.0, "type_local": null, "surface_reelle_bati": null, "nombre_pieces_principales": null, "adresse_nom_voie": "LES CANCHES OUEST", "price_per_sqm": null, "date_iso": "2022-03-01", "parcelle": "770010000A1402", "addr_num": ""}}, {"type": "Feature", "geometry": {"type": "Point", "coordinates": [2.570856, 48.352563]}, "properties": {"year": 2022, "valeur_fonciere": 15000.0, "type_local": null, "surface_reelle_bati": null, "nombre_pieces_principales": null, "adresse_nom_voie": "LES OUCHES DE CANDY", "price_per_sqm": null, "date_iso": "2022-03-10", "parcelle": "77001000ZK0001", "addr_num": ""}}, {"type": "Feature", "geometry": {"type": "Point", "coordinates": [2.564091, 48.358489]}, "properties": {"year": 2022, "valeur_fonciere": 384200.0, "type_local": "Dépendance", "surface_reelle_bati": null, "nombre_pieces_principales": 0.0, "adresse_nom_voie": "DOM DEFONTAINE", "price_per_sqm": null, "date_iso": "2022-03-16", "parcelle": "770010000A0799", "addr_num": "60"}}, {"type": "Feature", "geometry": {"type": "Point", "coordinates": [2.564091, 48.358489]}, "properties": {"year": 2022, "valeur_fonciere": 384200.0, "type_local": "Maison", "surface_reelle_bati": 103.0, "nombre_pieces_principales": 5.0, "adresse_nom_voie": "DOM DEFONTAINE", "price_per_sqm": 3730.097087378641, "date_iso": "2022-03-16", "parcelle": "770010000A0799", "addr_num": "60"}}, {"type": "Feature", "geometry": {"type": "Point", "coordinates": [2.561386, 48.360951]}, "properties": {"year": 2022, "valeur_fonciere": 511500.0, "type_local": "Maison", "surface_reelle_bati": 211.0, "nombre_pieces_principales": 6.0, "adresse_nom_voie": "DOM DU BOIS DE LA GARENNE", "price_per_sqm": 2424.170616113744, "date_iso": "2022-03-08", "parcelle": "770010000A1623", "addr_num": "33"}}, {"type": "Feature", "geometry": {"type": "Point", "coordinates": [2.561386, 48.360951]}, "properties": {"year": 2022, "valeur_fonciere": 511500.0, "type_local": "Dépendance", "surface_reelle_bati": null, "nombre_pieces_principales": 0.0, "adresse_nom_voie": "DOM DU BOIS DE LA GARENNE", "price_per_sqm": null, "date_iso": "2022-03-08", "parcelle": "770010000A1623", "addr_num": "33"}}, {"type": "Feature", "geometry": {"type": "Point", "coordinates": [2.561386, 48.360951]}, "properties": {"year": 2022, "valeur_fonciere": 511500.0, "type_local": null, "surface_reelle_bati": null, "nombre_pieces_principales": null, "adresse_nom_voie": "LA GARENNE", "price_per_sqm": null, "date_iso": "2022-03-08", "parcelle": "770010000A1623", "addr_num": ""}}, {"type": "Feature", "geometry": {"type": "Point", "coordinates": [2.561386, 48.360951]}, "properties": {"year": 2022, "valeur_fonciere": 511500.0, "type_local": null, "surface_reelle_bati": null, "nombre_pieces_principales": null, "adresse_nom_voie": "LA GARENNE", "price_per_sqm": null, "date_iso": "2022-03-08", "parcelle": "770010000A1623", "addr_num": ""}}, {"type": "Feature", "geometry": {"type": "Point", "coordinates": [2.569317, 48.346976]}, "properties": {"year": 2022, "valeur_fonciere": 8429.0, "type_local": null, "surface_reelle_bati": null, "nombre_pieces_principales": null, "adresse_nom_voie": "CANDY", "price_per_sqm": null, "date_iso": "2022-03-31", "parcelle": "77001000ZK0026", "addr_num": ""}}, {"type": "Feature", "geometry": {"type": "Point", "coordinates": [2.57594, 48.351813]}, "properties": {"year": 2022, "valeur_fonciere": 90000.0, "type_local": null, "surface_reelle_bati": null, "nombre_pieces_principales": null, "adresse_nom_voie": "RTE DE BARNOLETS", "price_per_sqm": null, "date_iso": "2022-04-01", "parcelle": "77001000ZA0234", "addr_num": "8"}}, {"type": "Feature", "geometry": {"type": "Point", "coordinates": [2.575971, 48.351178]}, "properties": {"year": 2022, "valeur_fonciere": 171300.0, "type_local": "Dépendance", "surface_reelle_bati": null, "nombre_pieces_principales": 0.0, "adresse_nom_voie": "RUE DE LA CRX ST ANTOINE", "price_per_sqm": null, "date_iso": "2022-05-09", "parcelle": "77001000ZA0154", "addr_num": "31"}}, {"type": "Feature", "geometry": {"type": "Point", "coordinates": [2.575971, 48.351178]}, "properties": {"year": 2022, "valeur_fonciere": 171300.0, "type_local": "Dépendance", "surface_reelle_bati": null, "nombre_pieces_principales": 0.0, "adresse_nom_voie": "RUE DE LA CRX ST ANTOINE", "price_per_sqm": null, "date_iso": "2022-05-09", "parcelle": "77001000ZA0154", "addr_num": "31"}}, {"type": "Feature", "geometry": {"type": "Point", "coordinates": [2.575971, 48.351178]}, "properties": {"year": 2022, "valeur_fonciere": 171300.0, "type_local": "Maison", "surface_reelle_bati": 48.0, "nombre_pieces_principales": 3.0, "adresse_nom_voie": "RUE DE LA CRX ST ANTOINE", "price_per_sqm": 3568.75, "date_iso": "2022-05-09", "parcelle": "77001000ZA0154", "addr_num": "31"}}, {"type": "Feature", "geometry": {"type": "Point", "coordinates": [2.564994, 48.36334]}, "properties": {"year": 2022, "valeur_fonciere": 261700.0, "type_local": null, "surface_reelle_bati": null, "nombre_pieces_principales": null, "adresse_nom_voie": "LE DESSUS DE LA GARENNE", "price_per_sqm": null, "date_iso": "2022-05-05", "parcelle": "770010000A0126", "addr_num": ""}}, {"type": "Feature", "geometry": {"type": "Point", "coordinates": [2.564485, 48.3635]}, "properties": {"year": 2022, "valeur_fonciere": 261700.0, "type_local": null, "surface_reelle_bati": null, "nombre_pieces_principales": null, "adresse_nom_voie": "LE DESSUS DE LA GARENNE", "price_per_sqm": null, "date_iso": "2022-05-05", "parcelle": "770010000A0127", "addr_num": ""}}, {"type": "Feature", "geometry": {"type": "Point", "coordinates": [2.564091, 48.358489]}, "properties": {"year": 2022, "valeur_fonciere": 261700.0, "type_local": "Maison", "surface_reelle_bati": 94.0, "nombre_pieces_principales": 4.0, "adresse_nom_voie": "DOM DEFONTAINE", "price_per_sqm": 2784.0425531914893, "date_iso": "2022-05-05", "parcelle": "770010000A0799", "addr_num": "75"}}, {"type": "Feature", "geometry": {"type": "Point", "coordinates": [2.574535, 48.363848]}, "properties": {"year": 2022, "valeur_fonciere": 400.0, "type_local": null, "surface_reelle_bati": null, "nombre_pieces_principales": null, "adresse_nom_voie": "LE DESSUS DU PARC", "price_per_sqm": null, "date_iso": "2022-05-07", "parcelle": "770010000A1515", "addr_num": ""}}, {"type": "Feature", "geometry": {"type": "Point", "coordinates": [2.584941, 48.355491]}, "properties": {"year": 2022, "valeur_fonciere": 400.0, "type_local": null, "surface_reelle_bati": null, "nombre_pieces_principales": null, "adresse_nom_voie": "LE CLOS ALEXANDRE", "price_per_sqm": null, "date_iso": "2022-05-07", "parcelle": "770010000B0429", "addr_num": ""}}, {"type": "Feature", "geometry": {"type": "Point", "coordinates": [2.567206, 48.355229]}, "properties": {"year": 2022, "valeur_fonciere": 375000.0, "type_local": "Maison", "surface_reelle_bati": 130.0, "nombre_pieces_principales": 4.0, "adresse_nom_voie": "CHE DU COLOMBIER", "price_per_sqm": 2884.6153846153848, "date_iso": "2022-05-19", "parcelle": "770010000B1185", "addr_num": "20"}}, {"type": "Feature", "geometry": {"type": "Point", "coordinates": [2.565832, 48.348535]}, "properties": {"year": 2022, "valeur_fonciere": 115000.0, "type_local": null, "surface_reelle_bati": null, "nombre_pieces_principales": null, "adresse_nom_voie": "CHEMIN DE MEUN", "price_per_sqm": null, "date_iso": "2022-05-31", "parcelle": "77001000ZB0072", "addr_num": ""}}, {"type": "Feature", "geometry": {"type": "Point", "coordinates": [2.565078, 48.348771]}, "properties": {"year": 2022, "valeur_fonciere": 115000.0, "type_local": null, "surface_reelle_bati": null, "nombre_pieces_principales": null, "adresse_nom_voie": "CHEMIN DE MEUN", "price_per_sqm": null, "date_iso": "2022-05-31", "parcelle": "77001000ZB0073", "addr_num": ""}}, {"type": "Feature", "geometry": {"type": "Point", "coordinates": [2.565408, 48.348844]}, "properties": {"year": 2022, "valeur_fonciere": 90000.0, "type_local": null, "surface_reelle_bati": null, "nombre_pieces_principales": null, "adresse_nom_voie": "CHEMIN DE MEUN", "price_per_sqm": null, "date_iso": "2022-06-08", "parcelle": "77001000ZB0062", "addr_num": ""}}, {"type": "Feature", "geometry": {"type": "Point", "coordinates": [2.565187, 48.348893]}, "properties": {"year": 2022, "valeur_fonciere": 90000.0, "type_local": null, "surface_reelle_bati": null, "nombre_pieces_principales": null, "adresse_nom_voie": "CHEMIN DE MEUN", "price_per_sqm": null, "date_iso": "2022-06-08", "parcelle": "77001000ZB0063", "addr_num": ""}}, {"type": "Feature", "geometry": {"type": "Point", "coordinates": [2.565139, 48.348831]}, "properties": {"year": 2022, "valeur_fonciere": 90000.0, "type_local": null, "surface_reelle_bati": null, "nombre_pieces_principales": null, "adresse_nom_voie": "CHEMIN DE MEUN", "price_per_sqm": null, "date_iso": "2022-06-08", "parcelle": "77001000ZB0066", "addr_num": ""}}, {"type": "Feature", "geometry": {"type": "Point", "coordinates": [2.565418, 48.348781]}, "properties": {"year": 2022, "valeur_fonciere": 90000.0, "type_local": null, "surface_reelle_bati": null, "nombre_pieces_principales": null, "adresse_nom_voie": "CHEMIN DE MEUN", "price_per_sqm": null, "date_iso": "2022-06-08", "parcelle": "77001000ZB0067", "addr_num": ""}}, {"type": "Feature", "geometry": {"type": "Point", "coordinates": [2.562392, 48.358178]}, "properties": {"year": 2022, "valeur_fonciere": 500.0, "type_local": null, "surface_reelle_bati": null, "nombre_pieces_principales": null, "adresse_nom_voie": "LES CANCHES OUEST", "price_per_sqm": null, "date_iso": "2022-06-16", "parcelle": "770010000A0194", "addr_num": ""}}, {"type": "Feature", "geometry": {"type": "Point", "coordinates": [2.564994, 48.36334]}, "properties": {"year": 2022, "valeur_fonciere": 406000.0, "type_local": null, "surface_reelle_bati": null, "nombre_pieces_principales": null, "adresse_nom_voie": "LE DESSUS DE LA GARENNE", "price_per_sqm": null, "date_iso": "2022-06-24", "parcelle": "770010000A0126", "addr_num": ""}}, {"type": "Feature", "geometry": {"type": "Point", "coordinates": [2.564485, 48.3635]}, "properties": {"year": 2022, "valeur_fonciere": 406000.0, "type_local": null, "surface_reelle_bati": null, "nombre_pieces_principales": null, "adresse_nom_voie": "LE DESSUS DE LA GARENNE", "price_per_sqm": null, "date_iso": "2022-06-24", "parcelle": "770010000A0127", "addr_num": ""}}, {"type": "Feature", "geometry": {"type": "Point", "coordinates": [2.564091, 48.358489]}, "properties": {"year": 2022, "valeur_fonciere": 406000.0, "type_local": "Maison", "surface_reelle_bati": 124.0, "nombre_pieces_principales": 6.0, "adresse_nom_voie": "DOM DEFONTAINE", "price_per_sqm": 3274.1935483870966, "date_iso": "2022-06-24", "parcelle": "770010000A0799", "addr_num": "39"}}, {"type": "Feature", "geometry": {"type": "Point", "coordinates": [2.564091, 48.358489]}, "properties": {"year": 2022, "valeur_fonciere": 406000.0, "type_local": "Dépendance", "surface_reelle_bati": null, "nombre_pieces_principales": 0.0, "adresse_nom_voie": "DOM DEFONTAINE", "price_per_sqm": null, "date_iso": "2022-06-24", "parcelle": "770010000A0799", "addr_num": "39"}}, {"type": "Feature", "geometry": {"type": "Point", "coordinates": [2.567719, 48.35278]}, "properties": {"year": 2022, "valeur_fonciere": 85000.0, "type_local": null, "surface_reelle_bati": null, "nombre_pieces_principales": null, "adresse_nom_voie": "RUE LAURENT POLI", "price_per_sqm": null, "date_iso": "2022-07-04", "parcelle": "770010000B1227", "addr_num": "11"}}, {"type": "Feature", "geometry": {"type": "Point", "coordinates": [2.561205, 48.347366]}, "properties": {"year": 2022, "valeur_fonciere": 362000.0, "type_local": null, "surface_reelle_bati": null, "nombre_pieces_principales": null, "adresse_nom_voie": "RUE DES VAUXBLAS", "price_per_sqm": null, "date_iso": "2022-07-08", "parcelle": "770010000F0979", "addr_num": ""}}, {"type": "Feature", "geometry": {"type": "Point", "coordinates": [2.561172, 48.347278]}, "properties": {"year": 2022, "valeur_fonciere": 362000.0, "type_local": null, "surface_reelle_bati": null, "nombre_pieces_principales": null, "adresse_nom_voie": "RUE DES VAUXBLAS", "price_per_sqm": null, "date_iso": "2022-07-08", "parcelle": "770010000F0994", "addr_num": ""}}, {"type": "Feature", "geometry": {"type": "Point", "coordinates": [2.561225, 48.347246]}, "properties": {"year": 2022, "valeur_fonciere": 362000.0, "type_local": "Maison", "surface_reelle_bati": 151.0, "nombre_pieces_principales": 5.0, "adresse_nom_voie": "RUE DES VAUXBLAS", "price_per_sqm": 2397.3509933774835, "date_iso": "2022-07-08", "parcelle": "770010000F1134", "addr_num": "14"}}, {"type": "Feature", "geometry": {"type": "Point", "coordinates": [2.561434, 48.347321]}, "properties": {"year": 2022, "valeur_fonciere": 362000.0, "type_local": null, "surface_reelle_bati": null, "nombre_pieces_principales": null, "adresse_nom_voie": "RUE DES VAUXBLAS", "price_per_sqm": null, "date_iso": "2022-07-08", "parcelle": "770010000F1135", "addr_num": "12"}}, {"type": "Feature", "geometry": {"type": "Point", "coordinates": [2.561283, 48.347157]}, "properties": {"year": 2022, "valeur_fonciere": 362000.0, "type_local": null, "surface_reelle_bati": null, "nombre_pieces_principales": null, "adresse_nom_voie": "RUE DES VAUXBLAS", "price_per_sqm": null, "date_iso": "2022-07-08", "parcelle": "770010000F1136", "addr_num": "14"}}, {"type": "Feature", "geometry": {"type": "Point", "coordinates": [2.561306, 48.347142]}, "properties": {"year": 2022, "valeur_fonciere": 362000.0, "type_local": null, "surface_reelle_bati": null, "nombre_pieces_principales": null, "adresse_nom_voie": "RUE DES VAUXBLAS", "price_per_sqm": null, "date_iso": "2022-07-08", "parcelle": "770010000F1137", "addr_num": "12"}}, {"type": "Feature", "geometry": {"type": "Point", "coordinates": [2.564994, 48.36334]}, "properties": {"year": 2022, "valeur_fonciere": 400000.0, "type_local": null, "surface_reelle_bati": null, "nombre_pieces_principales": null, "adresse_nom_voie": "LE DESSUS DE LA GARENNE", "price_per_sqm": null, "date_iso": "2022-07-01", "parcelle": "770010000A0126", "addr_num": ""}}, {"type": "Feature", "geometry": {"type": "Point", "coordinates": [2.564485, 48.3635]}, "properties": {"year": 2022, "valeur_fonciere": 400000.0, "type_local": null, "surface_reelle_bati": null, "nombre_pieces_principales": null, "adresse_nom_voie": "LE DESSUS DE LA GARENNE", "price_per_sqm": null, "date_iso": "2022-07-01", "parcelle": "770010000A0127", "addr_num": ""}}, {"type": "Feature", "geometry": {"type": "Point", "coordinates": [2.564091, 48.358489]}, "properties": {"year": 2022, "valeur_fonciere": 400000.0, "type_local": "Dépendance", "surface_reelle_bati": null, "nombre_pieces_principales": 0.0, "adresse_nom_voie": "DOM DEFONTAINE", "price_per_sqm": null, "date_iso": "2022-07-01", "parcelle": "770010000A0799", "addr_num": "41"}}, {"type": "Feature", "geometry": {"type": "Point", "coordinates": [2.564091, 48.358489]}, "properties": {"year": 2022, "valeur_fonciere": 400000.0, "type_local": "Maison", "surface_reelle_bati": 147.0, "nombre_pieces_principales": 7.0, "adresse_nom_voie": "DOM DEFONTAINE", "price_per_sqm": 2721.08843537415, "date_iso": "2022-07-01", "parcelle": "770010000A0799", "addr_num": "41"}}, {"type": "Feature", "geometry": {"type": "Point", "coordinates": [2.569825, 48.353028]}, "properties": {"year": 2022, "valeur_fonciere": 504200.0, "type_local": null, "surface_reelle_bati": null, "nombre_pieces_principales": null, "adresse_nom_voie": "ACHERES", "price_per_sqm": null, "date_iso": "2022-07-28", "parcelle": "770010000B0674", "addr_num": ""}}, {"type": "Feature", "geometry": {"type": "Point", "coordinates": [2.570145, 48.352993]}, "properties": {"year": 2022, "valeur_fonciere": 504200.0, "type_local": null, "surface_reelle_bati": null, "nombre_pieces_principales": null, "adresse_nom_voie": "LES OUCHES DE CANDY", "price_per_sqm": null, "date_iso": "2022-07-28", "parcelle": "770010000B1098", "addr_num": ""}}, {"type": "Feature", "geometry": {"type": "Point", "coordinates": [2.56959, 48.35311]}, "properties": {"year": 2022, "valeur_fonciere": 504200.0, "type_local": "Local industriel. commercial ou assimilé", "surface_reelle_bati": 25.0, "nombre_pieces_principales": 0.0, "adresse_nom_voie": "RUE LAURENT POLI", "price_per_sqm": 20168.0, "date_iso": "2022-07-28", "parcelle": "770010000B1202", "addr_num": "26"}}, {"type": "Feature", "geometry": {"type": "Point", "coordinates": [2.56959, 48.35311]}, "properties": {"year": 2022, "valeur_fonciere": 504200.0, "type_local": "Maison", "surface_reelle_bati": 154.0, "nombre_pieces_principales": 6.0, "adresse_nom_voie": "RUE LAURENT POLI", "price_per_sqm": 3274.025974025974, "date_iso": "2022-07-28", "parcelle": "770010000B1202", "addr_num": "26"}}, {"type": "Feature", "geometry": {"type": "Point", "coordinates": [2.56959, 48.35311]}, "properties": {"year": 2022, "valeur_fonciere": 504200.0, "type_local": "Local industriel. commercial ou assimilé", "surface_reelle_bati": 25.0, "nombre_pieces_principales": 0.0, "adresse_nom_voie": "RUE LAURENT POLI", "price_per_sqm": 20168.0, "date_iso": "2022-07-28", "parcelle": "770010000B1202", "addr_num": "26"}}, {"type": "Feature", "geometry": {"type": "Point", "coordinates": [2.56959, 48.35311]}, "properties": {"year": 2022, "valeur_fonciere": 504200.0, "type_local": "Dépendance", "surface_reelle_bati": null, "nombre_pieces_principales": 0.0, "adresse_nom_voie": "RUE LAURENT POLI", "price_per_sqm": null, "date_iso": "2022-07-28", "parcelle": "770010000B1202", "addr_num": "26"}}, {"type": "Feature", "geometry": {"type": "Point", "coordinates": [2.56959, 48.35311]}, "properties": {"year": 2022, "valeur_fonciere": 504200.0, "type_local": "Dépendance", "surface_reelle_bati": null, "nombre_pieces_principales": 0.0, "adresse_nom_voie": "RUE LAURENT POLI", "price_per_sqm": null, "date_iso": "2022-07-28", "parcelle": "770010000B1202", "addr_num": "26"}}, {"type": "Feature", "geometry": {"type": "Point", "coordinates": [2.56959, 48.35311]}, "properties": {"year": 2022, "valeur_fonciere": 504200.0, "type_local": "Maison", "surface_reelle_bati": 154.0, "nombre_pieces_principales": 6.0, "adresse_nom_voie": "RUE LAURENT POLI", "price_per_sqm": 3274.025974025974, "date_iso": "2022-07-28", "parcelle": "770010000B1202", "addr_num": "26"}}, {"type": "Feature", "geometry": {"type": "Point", "coordinates": [2.569338, 48.353107]}, "properties": {"year": 2022, "valeur_fonciere": 504200.0, "type_local": null, "surface_reelle_bati": null, "nombre_pieces_principales": null, "adresse_nom_voie": "RUE LAURENT POLI", "price_per_sqm": null, "date_iso": "2022-07-28", "parcelle": "770010000B1203", "addr_num": "26"}}, {"type": "Feature", "geometry": {"type": "Point", "coordinates": [2.561386, 48.360951]}, "properties": {"year": 2022, "valeur_fonciere": 735000.0, "type_local": "Maison", "surface_reelle_bati": 192.0, "nombre_pieces_principales": 6.0, "adresse_nom_voie": "DOM DU BOIS DE LA GARENNE", "price_per_sqm": 3828.125, "date_iso": "2022-07-27", "parcelle": "770010000A1623", "addr_num": "2"}}, {"type": "Feature", "geometry": {"type": "Point", "coordinates": [2.561386, 48.360951]}, "properties": {"year": 2022, "valeur_fonciere": 735000.0, "type_local": "Maison", "surface_reelle_bati": 192.0, "nombre_pieces_principales": 6.0, "adresse_nom_voie": "DOM DU BOIS DE LA GARENNE", "price_per_sqm": 3828.125, "date_iso": "2022-07-27", "parcelle": "770010000A1623", "addr_num": "2"}}, {"type": "Feature", "geometry": {"type": "Point", "coordinates": [2.561386, 48.360951]}, "properties": {"year": 2022, "valeur_fonciere": 735000.0, "type_local": null, "surface_reelle_bati": null, "nombre_pieces_principales": null, "adresse_nom_voie": "LA GARENNE", "price_per_sqm": null, "date_iso": "2022-07-27", "parcelle": "770010000A1623", "addr_num": ""}}, {"type": "Feature", "geometry": {"type": "Point", "coordinates": [2.569711, 48.356781]}, "properties": {"year": 2022, "valeur_fonciere": 192000.0, "type_local": "Maison", "surface_reelle_bati": 52.0, "nombre_pieces_principales": 2.0, "adresse_nom_voie": "RUE DU CHATEAU", "price_per_sqm": 3692.3076923076924, "date_iso": "2022-07-09", "parcelle": "770010000B0731", "addr_num": "14"}}, {"type": "Feature", "geometry": {"type": "Point", "coordinates": [2.569711, 48.356781]}, "properties": {"year": 2022, "valeur_fonciere": 192000.0, "type_local": "Dépendance", "surface_reelle_bati": null, "nombre_pieces_principales": 0.0, "adresse_nom_voie": "RUE DU CHATEAU", "price_per_sqm": null, "date_iso": "2022-07-09", "parcelle": "770010000B0731", "addr_num": "14"}}, {"type": "Feature", "geometry": {"type": "Point", "coordinates": [2.569413, 48.357014]}, "properties": {"year": 2022, "valeur_fonciere": 192000.0, "type_local": null, "surface_reelle_bati": null, "nombre_pieces_principales": null, "adresse_nom_voie": "ACHERES", "price_per_sqm": null, "date_iso": "2022-07-09", "parcelle": "770010000B1054", "addr_num": ""}}, {"type": "Feature", "geometry": {"type": "Point", "coordinates": [2.56956, 48.356984]}, "properties": {"year": 2022, "valeur_fonciere": 192000.0, "type_local": "Maison", "surface_reelle_bati": 22.0, "nombre_pieces_principales": 1.0, "adresse_nom_voie": "RUE DU CHATEAU", "price_per_sqm": 8727.272727272728, "date_iso": "2022-07-09", "parcelle": "770010000B1056", "addr_num": "14"}}, {"type": "Feature", "geometry": {"type": "Point", "coordinates": [2.549673, 48.356734]}, "properties": {"year": 2022, "valeur_fonciere": 465000.0, "type_local": "Dépendance", "surface_reelle_bati": null, "nombre_pieces_principales": 0.0, "adresse_nom_voie": "PARIS FORET", "price_per_sqm": null, "date_iso": "2022-07-13", "parcelle": "770010000A1710", "addr_num": "26"}}, {"type": "Feature", "geometry": {"type": "Point", "coordinates": [2.549673, 48.356734]}, "properties": {"year": 2022, "valeur_fonciere": 465000.0, "type_local": "Dépendance", "surface_reelle_bati": null, "nombre_pieces_principales": 0.0, "adresse_nom_voie": "PARIS FORET", "price_per_sqm": null, "date_iso": "2022-07-13", "parcelle": "770010000A1710", "addr_num": "26"}}, {"type": "Feature", "geometry": {"type": "Point", "coordinates": [2.549673, 48.356734]}, "properties": {"year": 2022, "valeur_fonciere": 465000.0, "type_local": "Maison", "surface_reelle_bati": 157.0, "nombre_pieces_principales": 7.0, "adresse_nom_voie": "PARIS FORET", "price_per_sqm": 2961.7834394904457, "date_iso": "2022-07-13", "parcelle": "770010000A1710", "addr_num": "26"}}, {"type": "Feature", "geometry": {"type": "Point", "coordinates": [2.549673, 48.356734]}, "properties": {"year": 2022, "valeur_fonciere": 465000.0, "type_local": "Maison", "surface_reelle_bati": 157.0, "nombre_pieces_principales": 7.0, "adresse_nom_voie": "PARIS FORET", "price_per_sqm": 2961.7834394904457, "date_iso": "2022-07-13", "parcelle": "770010000A1710", "addr_num": "26"}}, {"type": "Feature", "geometry": {"type": "Point", "coordinates": [2.549673, 48.356734]}, "properties": {"year": 2022, "valeur_fonciere": 465000.0, "type_local": "Maison", "surface_reelle_bati": 157.0, "nombre_pieces_principales": 7.0, "adresse_nom_voie": "PARIS FORET", "price_per_sqm": 2961.7834394904457, "date_iso": "2022-07-13", "parcelle": "770010000A1710", "addr_num": "26"}}, {"type": "Feature", "geometry": {"type": "Point", "coordinates": [2.549673, 48.356734]}, "properties": {"year": 2022, "valeur_fonciere": 465000.0, "type_local": "Dépendance", "surface_reelle_bati": null, "nombre_pieces_principales": 0.0, "adresse_nom_voie": "PARIS FORET", "price_per_sqm": null, "date_iso": "2022-07-13", "parcelle": "770010000A1710", "addr_num": "26"}}, {"type": "Feature", "geometry": {"type": "Point", "coordinates": [2.564994, 48.36334]}, "properties": {"year": 2022, "valeur_fonciere": 460000.0, "type_local": null, "surface_reelle_bati": null, "nombre_pieces_principales": null, "adresse_nom_voie": "LE DESSUS DE LA GARENNE", "price_per_sqm": null, "date_iso": "2022-08-10", "parcelle": "770010000A0126", "addr_num": ""}}, {"type": "Feature", "geometry": {"type": "Point", "coordinates": [2.564485, 48.3635]}, "properties": {"year": 2022, "valeur_fonciere": 460000.0, "type_local": null, "surface_reelle_bati": null, "nombre_pieces_principales": null, "adresse_nom_voie": "LE DESSUS DE LA GARENNE", "price_per_sqm": null, "date_iso": "2022-08-10", "parcelle": "770010000A0127", "addr_num": ""}}, {"type": "Feature", "geometry": {"type": "Point", "coordinates": [2.564091, 48.358489]}, "properties": {"year": 2022, "valeur_fonciere": 460000.0, "type_local": "Maison", "surface_reelle_bati": 135.0, "nombre_pieces_principales": 4.0, "adresse_nom_voie": "DOM DEFONTAINE", "price_per_sqm": 3407.4074074074074, "date_iso": "2022-08-10", "parcelle": "770010000A0799", "addr_num": "18"}}, {"type": "Feature", "geometry": {"type": "Point", "coordinates": [2.564091, 48.358489]}, "properties": {"year": 2022, "valeur_fonciere": 460000.0, "type_local": null, "surface_reelle_bati": null, "nombre_pieces_principales": null, "adresse_nom_voie": "LE PARC", "price_per_sqm": null, "date_iso": "2022-08-10", "parcelle": "770010000A0799", "addr_num": ""}}, {"type": "Feature", "geometry": {"type": "Point", "coordinates": [2.574528, 48.344251]}, "properties": {"year": 2022, "valeur_fonciere": 1000.0, "type_local": null, "surface_reelle_bati": null, "nombre_pieces_principales": null, "adresse_nom_voie": "LE CHENE A LA PINONE", "price_per_sqm": null, "date_iso": "2022-08-17", "parcelle": "77001000ZK0051", "addr_num": ""}}, {"type": "Feature", "geometry": {"type": "Point", "coordinates": [2.564994, 48.36334]}, "properties": {"year": 2022, "valeur_fonciere": 391730.0, "type_local": null, "surface_reelle_bati": null, "nombre_pieces_principales": null, "adresse_nom_voie": "LE DESSUS DE LA GARENNE", "price_per_sqm": null, "date_iso": "2022-09-02", "parcelle": "770010000A0126", "addr_num": ""}}, {"type": "Feature", "geometry": {"type": "Point", "coordinates": [2.564485, 48.3635]}, "properties": {"year": 2022, "valeur_fonciere": 391730.0, "type_local": null, "surface_reelle_bati": null, "nombre_pieces_principales": null, "adresse_nom_voie": "LE DESSUS DE LA GARENNE", "price_per_sqm": null, "date_iso": "2022-09-02", "parcelle": "770010000A0127", "addr_num": ""}}, {"type": "Feature", "geometry": {"type": "Point", "coordinates": [2.564091, 48.358489]}, "properties": {"year": 2022, "valeur_fonciere": 391730.0, "type_local": "Maison", "surface_reelle_bati": 103.0, "nombre_pieces_principales": 5.0, "adresse_nom_voie": "DOM DEFONTAINE", "price_per_sqm": 3803.2038834951454, "date_iso": "2022-09-02", "parcelle": "770010000A0799", "addr_num": "57"}}, {"type": "Feature", "geometry": {"type": "Point", "coordinates": [2.567977, 48.344711]}, "properties": {"year": 2022, "valeur_fonciere": 100000.0, "type_local": null, "surface_reelle_bati": null, "nombre_pieces_principales": null, "adresse_nom_voie": "RUELLE BESNARD", "price_per_sqm": null, "date_iso": "2022-08-27", "parcelle": "770010000F1130", "addr_num": ""}}, {"type": "Feature", "geometry": {"type": "Point", "coordinates": [2.567014, 48.352032]}, "properties": {"year": 2022, "valeur_fonciere": 440000.0, "type_local": "Dépendance", "surface_reelle_bati": null, "nombre_pieces_principales": 0.0, "adresse_nom_voie": "CHE DU COLOMBIER", "price_per_sqm": null, "date_iso": "2022-09-21", "parcelle": "770010000G0433", "addr_num": "3"}}, {"type": "Feature", "geometry": {"type": "Point", "coordinates": [2.567014, 48.352032]}, "properties": {"year": 2022, "valeur_fonciere": 440000.0, "type_local": "Maison", "surface_reelle_bati": 122.0, "nombre_pieces_principales": 6.0, "adresse_nom_voie": "CHE DU COLOMBIER", "price_per_sqm": 3606.55737704918, "date_iso": "2022-09-21", "parcelle": "770010000G0433", "addr_num": "3"}}, {"type": "Feature", "geometry": {"type": "Point", "coordinates": [2.567014, 48.352032]}, "properties": {"year": 2022, "valeur_fonciere": 440000.0, "type_local": "Dépendance", "surface_reelle_bati": null, "nombre_pieces_principales": 0.0, "adresse_nom_voie": "CHE DU COLOMBIER", "price_per_sqm": null, "date_iso": "2022-09-21", "parcelle": "770010000G0433", "addr_num": "3"}}, {"type": "Feature", "geometry": {"type": "Point", "coordinates": [2.567014, 48.352032]}, "properties": {"year": 2022, "valeur_fonciere": 440000.0, "type_local": "Maison", "surface_reelle_bati": 122.0, "nombre_pieces_principales": 6.0, "adresse_nom_voie": "CHE DU COLOMBIER", "price_per_sqm": 3606.55737704918, "date_iso": "2022-09-21", "parcelle": "770010000G0433", "addr_num": "3"}}, {"type": "Feature", "geometry": {"type": "Point", "coordinates": [2.567014, 48.352032]}, "properties": {"year": 2022, "valeur_fonciere": 440000.0, "type_local": "Dépendance", "surface_reelle_bati": null, "nombre_pieces_principales": 0.0, "adresse_nom_voie": "CHE DU COLOMBIER", "price_per_sqm": null, "date_iso": "2022-09-21", "parcelle": "770010000G0433", "addr_num": "3"}}, {"type": "Feature", "geometry": {"type": "Point", "coordinates": [2.567014, 48.352032]}, "properties": {"year": 2022, "valeur_fonciere": 440000.0, "type_local": "Dépendance", "surface_reelle_bati": null, "nombre_pieces_principales": 0.0, "adresse_nom_voie": "CHE DU COLOMBIER", "price_per_sqm": null, "date_iso": "2022-09-21", "parcelle": "770010000G0433", "addr_num": "3"}}, {"type": "Feature", "geometry": {"type": "Point", "coordinates": [2.567373, 48.352069]}, "properties": {"year": 2022, "valeur_fonciere": 440000.0, "type_local": null, "surface_reelle_bati": null, "nombre_pieces_principales": null, "adresse_nom_voie": "LA MARE AUX ORMES", "price_per_sqm": null, "date_iso": "2022-09-21", "parcelle": "770010000G0527", "addr_num": ""}}, {"type": "Feature", "geometry": {"type": "Point", "coordinates": [2.544473, 48.331559]}, "properties": {"year": 2022, "valeur_fonciere": 92000.0, "type_local": null, "surface_reelle_bati": null, "nombre_pieces_principales": null, "adresse_nom_voie": "DESSUS DU GRAND CHEMIN", "price_per_sqm": null, "date_iso": "2022-09-16", "parcelle": "77001000ZP0003", "addr_num": ""}}, {"type": "Feature", "geometry": {"type": "Point", "coordinates": [2.584881, 48.359317]}, "properties": {"year": 2022, "valeur_fonciere": 4000.0, "type_local": null, "surface_reelle_bati": null, "nombre_pieces_principales": null, "adresse_nom_voie": "CHEMIN DE L AMIRAL", "price_per_sqm": null, "date_iso": "2022-09-22", "parcelle": "77001000ZA0025", "addr_num": ""}}, {"type": "Feature", "geometry": {"type": "Point", "coordinates": [2.55889, 48.356845]}, "properties": {"year": 2022, "valeur_fonciere": 120000.0, "type_local": null, "surface_reelle_bati": null, "nombre_pieces_principales": null, "adresse_nom_voie": "LA DEGOUTTOIRE", "price_per_sqm": null, "date_iso": "2022-09-16", "parcelle": "770010000G0522", "addr_num": ""}}, {"type": "Feature", "geometry": {"type": "Point", "coordinates": [2.558856, 48.3566]}, "properties": {"year": 2022, "valeur_fonciere": 120000.0, "type_local": null, "surface_reelle_bati": null, "nombre_pieces_principales": null, "adresse_nom_voie": "LA DEGOUTTOIRE", "price_per_sqm": null, "date_iso": "2022-09-16", "parcelle": "770010000G0523", "addr_num": ""}}, {"type": "Feature", "geometry": {"type": "Point", "coordinates": [2.558412, 48.356058]}, "properties": {"year": 2022, "valeur_fonciere": 460000.0, "type_local": "Maison", "surface_reelle_bati": 122.0, "nombre_pieces_principales": 6.0, "adresse_nom_voie": "CHE DU VAUDOUE", "price_per_sqm": 3770.4918032786886, "date_iso": "2022-10-13", "parcelle": "770010000G0462", "addr_num": "12"}}, {"type": "Feature", "geometry": {"type": "Point", "coordinates": [2.558412, 48.356058]}, "properties": {"year": 2022, "valeur_fonciere": 460000.0, "type_local": "Dépendance", "surface_reelle_bati": null, "nombre_pieces_principales": 0.0, "adresse_nom_voie": "CHE DU VAUDOUE", "price_per_sqm": null, "date_iso": "2022-10-13", "parcelle": "770010000G0462", "addr_num": "12"}}, {"type": "Feature", "geometry": {"type": "Point", "coordinates": [2.55838, 48.355809]}, "properties": {"year": 2022, "valeur_fonciere": 460000.0, "type_local": null, "surface_reelle_bati": null, "nombre_pieces_principales": null, "adresse_nom_voie": "LA DEGOUTTOIRE", "price_per_sqm": null, "date_iso": "2022-10-13", "parcelle": "770010000G0464", "addr_num": ""}}, {"type": "Feature", "geometry": {"type": "Point", "coordinates": [2.558635, 48.355923]}, "properties": {"year": 2022, "valeur_fonciere": 460000.0, "type_local": null, "surface_reelle_bati": null, "nombre_pieces_principales": null, "adresse_nom_voie": "LA DEGOUTTOIRE", "price_per_sqm": null, "date_iso": "2022-10-13", "parcelle": "770010000G0465", "addr_num": ""}}, {"type": "Feature", "geometry": {"type": "Point", "coordinates": [2.558612, 48.356094]}, "properties": {"year": 2022, "valeur_fonciere": 460000.0, "type_local": null, "surface_reelle_bati": null, "nombre_pieces_principales": null, "adresse_nom_voie": "LA DEGOUTTOIRE", "price_per_sqm": null, "date_iso": "2022-10-13", "parcelle": "770010000G0466", "addr_num": ""}}, {"type": "Feature", "geometry": {"type": "Point", "coordinates": [2.560925, 48.34774]}, "properties": {"year": 2022, "valeur_fonciere": 621500.0, "type_local": null, "surface_reelle_bati": null, "nombre_pieces_principales": null, "adresse_nom_voie": "MEUN", "price_per_sqm": null, "date_iso": "2022-10-14", "parcelle": "770010000F0487", "addr_num": ""}}, {"type": "Feature", "geometry": {"type": "Point", "coordinates": [2.561149, 48.347574]}, "properties": {"year": 2022, "valeur_fonciere": 621500.0, "type_local": null, "surface_reelle_bati": null, "nombre_pieces_principales": null, "adresse_nom_voie": "MEUN", "price_per_sqm": null, "date_iso": "2022-10-14", "parcelle": "770010000F0488", "addr_num": ""}}, {"type": "Feature", "geometry": {"type": "Point", "coordinates": [2.561006, 48.347996]}, "properties": {"year": 2022, "valeur_fonciere": 621500.0, "type_local": null, "surface_reelle_bati": null, "nombre_pieces_principales": null, "adresse_nom_voie": "MEUN", "price_per_sqm": null, "date_iso": "2022-10-14", "parcelle": "770010000F0846", "addr_num": ""}}, {"type": "Feature", "geometry": {"type": "Point", "coordinates": [2.560967, 48.348007]}, "properties": {"year": 2022, "valeur_fonciere": 621500.0, "type_local": null, "surface_reelle_bati": null, "nombre_pieces_principales": null, "adresse_nom_voie": "MEUN", "price_per_sqm": null, "date_iso": "2022-10-14", "parcelle": "770010000F0847", "addr_num": ""}}, {"type": "Feature", "geometry": {"type": "Point", "coordinates": [2.561279, 48.34745]}, "properties": {"year": 2022, "valeur_fonciere": 621500.0, "type_local": null, "surface_reelle_bati": null, "nombre_pieces_principales": null, "adresse_nom_voie": "MEUN", "price_per_sqm": null, "date_iso": "2022-10-14", "parcelle": "770010000F0857", "addr_num": ""}}, {"type": "Feature", "geometry": {"type": "Point", "coordinates": [2.561627, 48.347911]}, "properties": {"year": 2022, "valeur_fonciere": 621500.0, "type_local": null, "surface_reelle_bati": null, "nombre_pieces_principales": null, "adresse_nom_voie": "MEUN", "price_per_sqm": null, "date_iso": "2022-10-14", "parcelle": "770010000F0858", "addr_num": ""}}, {"type": "Feature", "geometry": {"type": "Point", "coordinates": [2.560971, 48.347307]}, "properties": {"year": 2022, "valeur_fonciere": 621500.0, "type_local": "Maison", "surface_reelle_bati": 142.0, "nombre_pieces_principales": 4.0, "adresse_nom_voie": "RUE DES VAUXBLAS", "price_per_sqm": 4376.760563380281, "date_iso": "2022-10-14", "parcelle": "770010000F0993", "addr_num": "16"}}, {"type": "Feature", "geometry": {"type": "Point", "coordinates": [2.560971, 48.347307]}, "properties": {"year": 2022, "valeur_fonciere": 621500.0, "type_local": "Dépendance", "surface_reelle_bati": null, "nombre_pieces_principales": 0.0, "adresse_nom_voie": "RUE DES VAUXBLAS", "price_per_sqm": null, "date_iso": "2022-10-14", "parcelle": "770010000F0993", "addr_num": "16"}}, {"type": "Feature", "geometry": {"type": "Point", "coordinates": [2.560971, 48.347307]}, "properties": {"year": 2022, "valeur_fonciere": 621500.0, "type_local": "Dépendance", "surface_reelle_bati": null, "nombre_pieces_principales": 0.0, "adresse_nom_voie": "RUE DES VAUXBLAS", "price_per_sqm": null, "date_iso": "2022-10-14", "parcelle": "770010000F0993", "addr_num": "16"}}, {"type": "Feature", "geometry": {"type": "Point", "coordinates": [2.561089, 48.347196]}, "properties": {"year": 2022, "valeur_fonciere": 621500.0, "type_local": null, "surface_reelle_bati": null, "nombre_pieces_principales": null, "adresse_nom_voie": "RUE DES VAUXBLAS", "price_per_sqm": null, "date_iso": "2022-10-14", "parcelle": "770010000F0995", "addr_num": ""}}, {"type": "Feature", "geometry": {"type": "Point", "coordinates": [2.57232, 48.35419]}, "properties": {"year": 2022, "valeur_fonciere": 371000.0, "type_local": null, "surface_reelle_bati": null, "nombre_pieces_principales": null, "adresse_nom_voie": "LA CROIX SAINT ANTOINE", "price_per_sqm": null, "date_iso": "2022-10-11", "parcelle": "770010000B0567", "addr_num": ""}}, {"type": "Feature", "geometry": {"type": "Point", "coordinates": [2.572029, 48.35347]}, "properties": {"year": 2022, "valeur_fonciere": 371000.0, "type_local": "Dépendance", "surface_reelle_bati": null, "nombre_pieces_principales": 0.0, "adresse_nom_voie": "RUE DE LA CRX ST ANTOINE", "price_per_sqm": null, "date_iso": "2022-10-11", "parcelle": "770010000B0568", "addr_num": "15"}}, {"type": "Feature", "geometry": {"type": "Point", "coordinates": [2.572029, 48.35347]}, "properties": {"year": 2022, "valeur_fonciere": 371000.0, "type_local": "Maison", "surface_reelle_bati": 224.0, "nombre_pieces_principales": 4.0, "adresse_nom_voie": "RUE DE LA CRX ST ANTOINE", "price_per_sqm": 1656.25, "date_iso": "2022-10-11", "parcelle": "770010000B0568", "addr_num": "15"}}, {"type": "Feature", "geometry": {"type": "Point", "coordinates": [2.569228, 48.350499]}, "properties": {"year": 2022, "valeur_fonciere": 209054.0, "type_local": null, "surface_reelle_bati": null, "nombre_pieces_principales": null, "adresse_nom_voie": "CHEMIN DE MEUN", "price_per_sqm": null, "date_iso": "2022-10-13", "parcelle": "77001000ZB0014", "addr_num": ""}}, {"type": "Feature", "geometry": {"type": "Point", "coordinates": [2.568808, 48.35042]}, "properties": {"year": 2022, "valeur_fonciere": 209054.0, "type_local": null, "surface_reelle_bati": null, "nombre_pieces_principales": null, "adresse_nom_voie": "CHEMIN DE MEUN", "price_per_sqm": null, "date_iso": "2022-10-13", "parcelle": "77001000ZB0055", "addr_num": ""}}, {"type": "Feature", "geometry": {"type": "Point", "coordinates": [2.567649, 48.351939]}, "properties": {"year": 2022, "valeur_fonciere": 205000.0, "type_local": "Maison", "surface_reelle_bati": 59.0, "nombre_pieces_principales": 3.0, "adresse_nom_voie": "RUE LAURENT POLI", "price_per_sqm": 3474.576271186441, "date_iso": "2022-10-21", "parcelle": "770010000B1050", "addr_num": "1"}}, {"type": "Feature", "geometry": {"type": "Point", "coordinates": [2.567649, 48.351939]}, "properties": {"year": 2022, "valeur_fonciere": 205000.0, "type_local": "Dépendance", "surface_reelle_bati": null, "nombre_pieces_principales": 0.0, "adresse_nom_voie": "RUE LAURENT POLI", "price_per_sqm": null, "date_iso": "2022-10-21", "parcelle": "770010000B1050", "addr_num": "1"}}, {"type": "Feature", "geometry": {"type": "Point", "coordinates": [2.570036, 48.353494]}, "properties": {"year": 2022, "valeur_fonciere": 497500.0, "type_local": null, "surface_reelle_bati": null, "nombre_pieces_principales": null, "adresse_nom_voie": "ACHERES", "price_per_sqm": null, "date_iso": "2022-11-08", "parcelle": "770010000B0898", "addr_num": ""}}, {"type": "Feature", "geometry": {"type": "Point", "coordinates": [2.569932, 48.353603]}, "properties": {"year": 2022, "valeur_fonciere": 497500.0, "type_local": "Dépendance", "surface_reelle_bati": null, "nombre_pieces_principales": 0.0, "adresse_nom_voie": "RUE LAURENT POLI", "price_per_sqm": null, "date_iso": "2022-11-08", "parcelle": "770010000B1169", "addr_num": "30"}}, {"type": "Feature", "geometry": {"type": "Point", "coordinates": [2.569932, 48.353603]}, "properties": {"year": 2022, "valeur_fonciere": 497500.0, "type_local": "Maison", "surface_reelle_bati": 125.0, "nombre_pieces_principales": 6.0, "adresse_nom_voie": "RUE LAURENT POLI", "price_per_sqm": 3980.0, "date_iso": "2022-11-08", "parcelle": "770010000B1169", "addr_num": "30"}}, {"type": "Feature", "geometry": {"type": "Point", "coordinates": [2.56997, 48.353542]}, "properties": {"year": 2022, "valeur_fonciere": 497500.0, "type_local": null, "surface_reelle_bati": null, "nombre_pieces_principales": null, "adresse_nom_voie": "RUE LAURENT POLI", "price_per_sqm": null, "date_iso": "2022-11-08", "parcelle": "770010000B1170", "addr_num": "30"}}, {"type": "Feature", "geometry": {"type": "Point", "coordinates": [2.564091, 48.358489]}, "properties": {"year": 2022, "valeur_fonciere": 130200.0, "type_local": "Maison", "surface_reelle_bati": 113.0, "nombre_pieces_principales": 5.0, "adresse_nom_voie": "DOM DEFONTAINE", "price_per_sqm": 1152.212389380531, "date_iso": "2022-04-23", "parcelle": "770010000A0799", "addr_num": "11"}}, {"type": "Feature", "geometry": {"type": "Point", "coordinates": [2.565733, 48.348933]}, "properties": {"year": 2022, "valeur_fonciere": 110000.0, "type_local": null, "surface_reelle_bati": null, "nombre_pieces_principales": null, "adresse_nom_voie": "CHEMIN DE MEUN", "price_per_sqm": null, "date_iso": "2022-12-19", "parcelle": "77001000ZB0078", "addr_num": ""}}, {"type": "Feature", "geometry": {"type": "Point", "coordinates": [2.565289, 48.349017]}, "properties": {"year": 2022, "valeur_fonciere": 110000.0, "type_local": null, "surface_reelle_bati": null, "nombre_pieces_principales": null, "adresse_nom_voie": "CHEMIN DE MEUN", "price_per_sqm": null, "date_iso": "2022-12-19", "parcelle": "77001000ZB0082", "addr_num": ""}}, {"type": "Feature", "geometry": {"type": "Point", "coordinates": [2.570528, 48.35497]}, "properties": {"year": 2022, "valeur_fonciere": 340000.0, "type_local": "Dépendance", "surface_reelle_bati": null, "nombre_pieces_principales": 0.0, "adresse_nom_voie": "RUE LAURENT POLI", "price_per_sqm": null, "date_iso": "2022-11-28", "parcelle": "770010000B0698", "addr_num": "44"}}, {"type": "Feature", "geometry": {"type": "Point", "coordinates": [2.570528, 48.35497]}, "properties": {"year": 2022, "valeur_fonciere": 340000.0, "type_local": "Maison", "surface_reelle_bati": 102.0, "nombre_pieces_principales": 4.0, "adresse_nom_voie": "RUE LAURENT POLI", "price_per_sqm": 3333.3333333333335, "date_iso": "2022-11-28", "parcelle": "770010000B0698", "addr_num": "44"}}, {"type": "Feature", "geometry": {"type": "Point", "coordinates": [2.570528, 48.35497]}, "properties": {"year": 2022, "valeur_fonciere": 340000.0, "type_local": "Dépendance", "surface_reelle_bati": null, "nombre_pieces_principales": 0.0, "adresse_nom_voie": "RUE LAURENT POLI", "price_per_sqm": null, "date_iso": "2022-11-28", "parcelle": "770010000B0698", "addr_num": "44"}}, {"type": "Feature", "geometry": {"type": "Point", "coordinates": [2.57053, 48.355197]}, "properties": {"year": 2022, "valeur_fonciere": 340000.0, "type_local": null, "surface_reelle_bati": null, "nombre_pieces_principales": null, "adresse_nom_voie": "ACHERES", "price_per_sqm": null, "date_iso": "2022-11-28", "parcelle": "770010000B0699", "addr_num": ""}}, {"type": "Feature", "geometry": {"type": "Point", "coordinates": [2.58034, 48.348745]}, "properties": {"year": 2022, "valeur_fonciere": 653260.0, "type_local": null, "surface_reelle_bati": null, "nombre_pieces_principales": null, "adresse_nom_voie": "LES CARRIERES", "price_per_sqm": null, "date_iso": "2022-11-24", "parcelle": "77001000ZK0033", "addr_num": ""}}, {"type": "Feature", "geometry": {"type": "Point", "coordinates": [2.580436, 48.34851]}, "properties": {"year": 2022, "valeur_fonciere": 653260.0, "type_local": null, "surface_reelle_bati": null, "nombre_pieces_principales": null, "adresse_nom_voie": "LES CARRIERES", "price_per_sqm": null, "date_iso": "2022-11-24", "parcelle": "77001000ZK0034", "addr_num": ""}}, {"type": "Feature", "geometry": {"type": "Point", "coordinates": [2.569868, 48.355568]}, "properties": {"year": 2023, "valeur_fonciere": 498250.0, "type_local": "Maison", "surface_reelle_bati": 351.0, "nombre_pieces_principales": 7.0, "adresse_nom_voie": "RUE DU CHATEAU", "price_per_sqm": 1419.5156695156695, "date_iso": "2023-01-06", "parcelle": "770010000B1228", "addr_num": "7"}}, {"type": "Feature", "geometry": {"type": "Point", "coordinates": [2.569868, 48.355568]}, "properties": {"year": 2023, "valeur_fonciere": 498250.0, "type_local": "Local industriel. commercial ou assimilé", "surface_reelle_bati": 20.0, "nombre_pieces_principales": 0.0, "adresse_nom_voie": "RUE DU CHATEAU", "price_per_sqm": 24912.5, "date_iso": "2023-01-06", "parcelle": "770010000B1228", "addr_num": "7"}}, {"type": "Feature", "geometry": {"type": "Point", "coordinates": [2.569915, 48.355669]}, "properties": {"year": 2023, "valeur_fonciere": 310000.0, "type_local": null, "surface_reelle_bati": null, "nombre_pieces_principales": null, "adresse_nom_voie": "RUE DU GEN DE GAULLE", "price_per_sqm": null, "date_iso": "2023-01-06", "parcelle": "770010000B1229", "addr_num": ""}}, {"type": "Feature", "geometry": {"type": "Point", "coordinates": [2.562362, 48.340943]}, "properties": {"year": 2023, "valeur_fonciere": 650.0, "type_local": null, "surface_reelle_bati": null, "nombre_pieces_principales": null, "adresse_nom_voie": "MEUN", "price_per_sqm": null, "date_iso": "2023-01-18", "parcelle": "77001000ZO0048", "addr_num": ""}}, {"type": "Feature", "geometry": {"type": "Point", "coordinates": [2.572234, 48.352433]}, "properties": {"year": 2023, "valeur_fonciere": 89000.0, "type_local": null, "surface_reelle_bati": null, "nombre_pieces_principales": null, "adresse_nom_voie": "RUE DE LA CRX ST ANTOINE", "price_per_sqm": null, "date_iso": "2023-01-06", "parcelle": "770010000B1215", "addr_num": "12"}}, {"type": "Feature", "geometry": {"type": "Point", "coordinates": [2.572328, 48.352381]}, "properties": {"year": 2023, "valeur_fonciere": 89000.0, "type_local": null, "surface_reelle_bati": null, "nombre_pieces_principales": null, "adresse_nom_voie": "RUE DE LA CRX ST ANTOINE", "price_per_sqm": null, "date_iso": "2023-01-06", "parcelle": "770010000B1217", "addr_num": "12"}}, {"type": "Feature", "geometry": {"type": "Point", "coordinates": [2.569725, 48.355611]}, "properties": {"year": 2023, "valeur_fonciere": 150000.0, "type_local": "Maison", "surface_reelle_bati": 60.0, "nombre_pieces_principales": 5.0, "adresse_nom_voie": "RUE DU GEN DE GAULLE", "price_per_sqm": 2500.0, "date_iso": "2023-01-06", "parcelle": "770010000B0780", "addr_num": "6"}}, {"type": "Feature", "geometry": {"type": "Point", "coordinates": [2.565872, 48.348992]}, "properties": {"year": 2023, "valeur_fonciere": 100000.0, "type_local": null, "surface_reelle_bati": null, "nombre_pieces_principales": null, "adresse_nom_voie": "CHEMIN DE MEUN", "price_per_sqm": null, "date_iso": "2023-01-18", "parcelle": "77001000ZB0079", "addr_num": ""}}, {"type": "Feature", "geometry": {"type": "Point", "coordinates": [2.56536, 48.349102]}, "properties": {"year": 2023, "valeur_fonciere": 100000.0, "type_local": null, "surface_reelle_bati": null, "nombre_pieces_principales": null, "adresse_nom_voie": "CHEMIN DE MEUN", "price_per_sqm": null, "date_iso": "2023-01-18", "parcelle": "77001000ZB0083", "addr_num": ""}}, {"type": "Feature", "geometry": {"type": "Point", "coordinates": [2.565321, 48.35547]}, "properties": {"year": 2023, "valeur_fonciere": 42000.0, "type_local": null, "surface_reelle_bati": null, "nombre_pieces_principales": null, "adresse_nom_voie": "LA MAISON BLANCHE", "price_per_sqm": null, "date_iso": "2023-02-03", "parcelle": "770010000G0107", "addr_num": ""}}, {"type": "Feature", "geometry": {"type": "Point", "coordinates": [2.565027, 48.35617]}, "properties": {"year": 2023, "valeur_fonciere": 500.0, "type_local": "Local industriel. commercial ou assimilé", "surface_reelle_bati": null, "nombre_pieces_principales": 0.0, "adresse_nom_voie": "LES CANCHES", "price_per_sqm": null, "date_iso": "2023-03-24", "parcelle": "770010000A1297", "addr_num": "5264"}}, {"type": "Feature", "geometry": {"type": "Point", "coordinates": [2.565057, 48.35628]}, "properties": {"year": 2023, "valeur_fonciere": 264000.0, "type_local": null, "surface_reelle_bati": null, "nombre_pieces_principales": null, "adresse_nom_voie": "LES CANCHES", "price_per_sqm": null, "date_iso": "2023-03-24", "parcelle": "770010000A1287", "addr_num": ""}}, {"type": "Feature", "geometry": {"type": "Point", "coordinates": [2.565266, 48.356375]}, "properties": {"year": 2023, "valeur_fonciere": 264000.0, "type_local": null, "surface_reelle_bati": null, "nombre_pieces_principales": null, "adresse_nom_voie": "LES CANCHES", "price_per_sqm": null, "date_iso": "2023-03-24", "parcelle": "770010000A1600", "addr_num": ""}}, {"type": "Feature", "geometry": {"type": "Point", "coordinates": [2.565181, 48.356231]}, "properties": {"year": 2023, "valeur_fonciere": 264000.0, "type_local": "Maison", "surface_reelle_bati": 72.0, "nombre_pieces_principales": 3.0, "adresse_nom_voie": "RUE DE LA LIBERATION", "price_per_sqm": 3666.6666666666665, "date_iso": "2023-03-24", "parcelle": "770010000A1601", "addr_num": "24"}}, {"type": "Feature", "geometry": {"type": "Point", "coordinates": [2.574584, 48.332334]}, "properties": {"year": 2023, "valeur_fonciere": 600.0, "type_local": null, "surface_reelle_bati": null, "nombre_pieces_principales": null, "adresse_nom_voie": "LA LONGUE RAIE", "price_per_sqm": null, "date_iso": "2023-04-19", "parcelle": "77001000ZM0034", "addr_num": ""}}, {"type": "Feature", "geometry": {"type": "Point", "coordinates": [2.574584, 48.332334]}, "properties": {"year": 2023, "valeur_fonciere": 600.0, "type_local": null, "surface_reelle_bati": null, "nombre_pieces_principales": null, "adresse_nom_voie": "LA LONGUE RAIE", "price_per_sqm": null, "date_iso": "2023-04-19", "parcelle": "77001000ZM0034", "addr_num": ""}}, {"type": "Feature", "geometry": {"type": "Point", "coordinates": [2.578266, 48.343592]}, "properties": {"year": 2023, "valeur_fonciere": 5800.0, "type_local": null, "surface_reelle_bati": null, "nombre_pieces_principales": null, "adresse_nom_voie": "LE CHENE A LA PINONE", "price_per_sqm": null, "date_iso": "2023-04-19", "parcelle": "77001000ZK0062", "addr_num": ""}}, {"type": "Feature", "geometry": {"type": "Point", "coordinates": [2.566255, 48.331505]}, "properties": {"year": 2023, "valeur_fonciere": 5800.0, "type_local": null, "surface_reelle_bati": null, "nombre_pieces_principales": null, "adresse_nom_voie": "VILLONNE", "price_per_sqm": null, "date_iso": "2023-04-19", "parcelle": "77001000ZM0014", "addr_num": ""}}, {"type": "Feature", "geometry": {"type": "Point", "coordinates": [2.561315, 48.344916]}, "properties": {"year": 2023, "valeur_fonciere": 5800.0, "type_local": null, "surface_reelle_bati": null, "nombre_pieces_principales": null, "adresse_nom_voie": "LE FOURNEAU", "price_per_sqm": null, "date_iso": "2023-04-19", "parcelle": "77001000ZO0029", "addr_num": ""}}, {"type": "Feature", "geometry": {"type": "Point", "coordinates": [2.561315, 48.344916]}, "properties": {"year": 2023, "valeur_fonciere": 5800.0, "type_local": null, "surface_reelle_bati": null, "nombre_pieces_principales": null, "adresse_nom_voie": "LE FOURNEAU", "price_per_sqm": null, "date_iso": "2023-04-19", "parcelle": "77001000ZO0029", "addr_num": ""}}, {"type": "Feature", "geometry": {"type": "Point", "coordinates": [2.564091, 48.358489]}, "properties": {"year": 2023, "valeur_fonciere": 286950.0, "type_local": "Maison", "surface_reelle_bati": 82.0, "nombre_pieces_principales": 3.0, "adresse_nom_voie": "DOM DEFONTAINE", "price_per_sqm": 3499.390243902439, "date_iso": "2023-04-07", "parcelle": "770010000A0799", "addr_num": "21"}}, {"type": "Feature", "geometry": {"type": "Point", "coordinates": [2.567517, 48.344295]}, "properties": {"year": 2023, "valeur_fonciere": 1080.0, "type_local": null, "surface_reelle_bati": null, "nombre_pieces_principales": null, "adresse_nom_voie": "LES OUCHES", "price_per_sqm": null, "date_iso": "2023-05-04", "parcelle": "770010000F0572", "addr_num": ""}}, {"type": "Feature", "geometry": {"type": "Point", "coordinates": [2.567597, 48.344239]}, "properties": {"year": 2023, "valeur_fonciere": 910.0, "type_local": null, "surface_reelle_bati": null, "nombre_pieces_principales": null, "adresse_nom_voie": "LES OUCHES", "price_per_sqm": null, "date_iso": "2023-05-04", "parcelle": "770010000F0573", "addr_num": ""}}, {"type": "Feature", "geometry": {"type": "Point", "coordinates": [2.567592, 48.344203]}, "properties": {"year": 2023, "valeur_fonciere": 910.0, "type_local": null, "surface_reelle_bati": null, "nombre_pieces_principales": null, "adresse_nom_voie": "LES OUCHES", "price_per_sqm": null, "date_iso": "2023-05-04", "parcelle": "770010000F0916", "addr_num": ""}}, {"type": "Feature", "geometry": {"type": "Point", "coordinates": [2.587117, 48.360813]}, "properties": {"year": 2023, "valeur_fonciere": 250.0, "type_local": null, "surface_reelle_bati": null, "nombre_pieces_principales": null, "adresse_nom_voie": "LE POTEAU ROUGE", "price_per_sqm": null, "date_iso": "2023-04-27", "parcelle": "770010000B0300", "addr_num": ""}}, {"type": "Feature", "geometry": {"type": "Point", "coordinates": [2.564548, 48.344467]}, "properties": {"year": 2023, "valeur_fonciere": 135000.0, "type_local": "Maison", "surface_reelle_bati": 82.0, "nombre_pieces_principales": 4.0, "adresse_nom_voie": "RUE DU CLOSEAU", "price_per_sqm": 1646.341463414634, "date_iso": "2023-06-07", "parcelle": "770010000F0329", "addr_num": "31"}}, {"type": "Feature", "geometry": {"type": "Point", "coordinates": [2.573345, 48.341397]}, "properties": {"year": 2023, "valeur_fonciere": 3173.0, "type_local": null, "surface_reelle_bati": null, "nombre_pieces_principales": null, "adresse_nom_voie": "GROUETTES VALLEE DE NEMOUR", "price_per_sqm": null, "date_iso": "2023-05-31", "parcelle": "77001000ZL0009", "addr_num": ""}}, {"type": "Feature", "geometry": {"type": "Point", "coordinates": [2.573345, 48.341397]}, "properties": {"year": 2023, "valeur_fonciere": 3173.0, "type_local": null, "surface_reelle_bati": null, "nombre_pieces_principales": null, "adresse_nom_voie": "GROUETTES VALLEE DE NEMOUR", "price_per_sqm": null, "date_iso": "2023-05-31", "parcelle": "77001000ZL0009", "addr_num": ""}}, {"type": "Feature", "geometry": {"type": "Point", "coordinates": [2.562804, 48.342542]}, "properties": {"year": 2023, "valeur_fonciere": 3173.0, "type_local": null, "surface_reelle_bati": null, "nombre_pieces_principales": null, "adresse_nom_voie": "MEUN", "price_per_sqm": null, "date_iso": "2023-05-31", "parcelle": "77001000ZO0040", "addr_num": ""}}, {"type": "Feature", "geometry": {"type": "Point", "coordinates": [2.57011, 48.354467]}, "properties": {"year": 2023, "valeur_fonciere": 280000.0, "type_local": "Maison", "surface_reelle_bati": 154.0, "nombre_pieces_principales": 6.0, "adresse_nom_voie": "RUE LAURENT POLI", "price_per_sqm": 1818.1818181818182, "date_iso": "2023-06-29", "parcelle": "770010000B0811", "addr_num": "39"}}, {"type": "Feature", "geometry": {"type": "Point", "coordinates": [2.56975, 48.354509]}, "properties": {"year": 2023, "valeur_fonciere": 280000.0, "type_local": null, "surface_reelle_bati": null, "nombre_pieces_principales": null, "adresse_nom_voie": "ACHERES", "price_per_sqm": null, "date_iso": "2023-06-29", "parcelle": "770010000B1011", "addr_num": ""}}, {"type": "Feature", "geometry": {"type": "Point", "coordinates": [2.564835, 48.342305]}, "properties": {"year": 2023, "valeur_fonciere": 830000.0, "type_local": null, "surface_reelle_bati": null, "nombre_pieces_principales": null, "adresse_nom_voie": "MEUN", "price_per_sqm": null, "date_iso": "2023-07-04", "parcelle": "770010000F0401", "addr_num": ""}}, {"type": "Feature", "geometry": {"type": "Point", "coordinates": [2.564488, 48.34249]}, "properties": {"year": 2023, "valeur_fonciere": 830000.0, "type_local": "Dépendance", "surface_reelle_bati": null, "nombre_pieces_principales": 0.0, "adresse_nom_voie": "RUE DU CLOSEAU", "price_per_sqm": null, "date_iso": "2023-07-04", "parcelle": "770010000F0402", "addr_num": "16"}}, {"type": "Feature", "geometry": {"type": "Point", "coordinates": [2.564488, 48.34249]}, "properties": {"year": 2023, "valeur_fonciere": 830000.0, "type_local": "Dépendance", "surface_reelle_bati": null, "nombre_pieces_principales": 0.0, "adresse_nom_voie": "RUE DU CLOSEAU", "price_per_sqm": null, "date_iso": "2023-07-04", "parcelle": "770010000F0402", "addr_num": "16"}}, {"type": "Feature", "geometry": {"type": "Point", "coordinates": [2.564488, 48.34249]}, "properties": {"year": 2023, "valeur_fonciere": 830000.0, "type_local": "Dépendance", "surface_reelle_bati": null, "nombre_pieces_principales": 0.0, "adresse_nom_voie": "RUE DU CLOSEAU", "price_per_sqm": null, "date_iso": "2023-07-04", "parcelle": "770010000F0402", "addr_num": "16"}}, {"type": "Feature", "geometry": {"type": "Point", "coordinates": [2.564488, 48.34249]}, "properties": {"year": 2023, "valeur_fonciere": 830000.0, "type_local": "Maison", "surface_reelle_bati": 243.0, "nombre_pieces_principales": 7.0, "adresse_nom_voie": "RUE DU CLOSEAU", "price_per_sqm": 3415.6378600823045, "date_iso": "2023-07-04", "parcelle": "770010000F0402", "addr_num": "16"}}, {"type": "Feature", "geometry": {"type": "Point", "coordinates": [2.564488, 48.34249]}, "properties": {"year": 2023, "valeur_fonciere": 830000.0, "type_local": "Maison", "surface_reelle_bati": 110.0, "nombre_pieces_principales": 5.0, "adresse_nom_voie": "RUE DU CLOSEAU", "price_per_sqm": 7545.454545454545, "date_iso": "2023-07-04", "parcelle": "770010000F0402", "addr_num": "16"}}, {"type": "Feature", "geometry": {"type": "Point", "coordinates": [2.565642, 48.342123]}, "properties": {"year": 2023, "valeur_fonciere": 830000.0, "type_local": null, "surface_reelle_bati": null, "nombre_pieces_principales": null, "adresse_nom_voie": "LES OUCHES", "price_per_sqm": null, "date_iso": "2023-07-04", "parcelle": "770010000F0586", "addr_num": ""}}, {"type": "Feature", "geometry": {"type": "Point", "coordinates": [2.549151, 48.357161]}, "properties": {"year": 2023, "valeur_fonciere": 354000.0, "type_local": null, "surface_reelle_bati": null, "nombre_pieces_principales": null, "adresse_nom_voie": "PARIS FORET", "price_per_sqm": null, "date_iso": "2023-07-03", "parcelle": "770010000A0260", "addr_num": ""}}, {"type": "Feature", "geometry": {"type": "Point", "coordinates": [2.549349, 48.356773]}, "properties": {"year": 2023, "valeur_fonciere": 354000.0, "type_local": "Maison", "surface_reelle_bati": 78.0, "nombre_pieces_principales": 3.0, "adresse_nom_voie": "PARIS FORET", "price_per_sqm": 4538.461538461538, "date_iso": "2023-07-03", "parcelle": "770010000A1292", "addr_num": "28"}}, {"type": "Feature", "geometry": {"type": "Point", "coordinates": [2.549349, 48.356773]}, "properties": {"year": 2023, "valeur_fonciere": 354000.0, "type_local": "Dépendance", "surface_reelle_bati": null, "nombre_pieces_principales": 0.0, "adresse_nom_voie": "PARIS FORET", "price_per_sqm": null, "date_iso": "2023-07-03", "parcelle": "770010000A1292", "addr_num": "28"}}, {"type": "Feature", "geometry": {"type": "Point", "coordinates": [2.566639, 48.355124]}, "properties": {"year": 2023, "valeur_fonciere": 117000.0, "type_local": null, "surface_reelle_bati": null, "nombre_pieces_principales": null, "adresse_nom_voie": "RUE DE LA LIBERATION", "price_per_sqm": null, "date_iso": "2023-07-07", "parcelle": "770010000G0529", "addr_num": ""}}, {"type": "Feature", "geometry": {"type": "Point", "coordinates": [2.566487, 48.35508]}, "properties": {"year": 2023, "valeur_fonciere": 117000.0, "type_local": null, "surface_reelle_bati": null, "nombre_pieces_principales": null, "adresse_nom_voie": "LA MAISON BLANCHE", "price_per_sqm": null, "date_iso": "2023-07-07", "parcelle": "770010000G0530", "addr_num": ""}}, {"type": "Feature", "geometry": {"type": "Point", "coordinates": [2.566936, 48.355143]}, "properties": {"year": 2023, "valeur_fonciere": 117000.0, "type_local": null, "surface_reelle_bati": null, "nombre_pieces_principales": null, "adresse_nom_voie": "LA MAISON BLANCHE", "price_per_sqm": null, "date_iso": "2023-07-07", "parcelle": "770010000G0531", "addr_num": ""}}, {"type": "Feature", "geometry": {"type": "Point", "coordinates": [2.566823, 48.355122]}, "properties": {"year": 2023, "valeur_fonciere": 117000.0, "type_local": null, "surface_reelle_bati": null, "nombre_pieces_principales": null, "adresse_nom_voie": "LA MAISON BLANCHE", "price_per_sqm": null, "date_iso": "2023-07-07", "parcelle": "770010000G0532", "addr_num": ""}}, {"type": "Feature", "geometry": {"type": "Point", "coordinates": [2.566544, 48.355233]}, "properties": {"year": 2023, "valeur_fonciere": 117000.0, "type_local": null, "surface_reelle_bati": null, "nombre_pieces_principales": null, "adresse_nom_voie": "LA MAISON BLANCHE", "price_per_sqm": null, "date_iso": "2023-07-07", "parcelle": "770010000G0533", "addr_num": ""}}, {"type": "Feature", "geometry": {"type": "Point", "coordinates": [2.568762, 48.351653]}, "properties": {"year": 2023, "valeur_fonciere": 300000.0, "type_local": null, "surface_reelle_bati": null, "nombre_pieces_principales": null, "adresse_nom_voie": "ACHERES", "price_per_sqm": null, "date_iso": "2023-07-03", "parcelle": "770010000B0656", "addr_num": ""}}, {"type": "Feature", "geometry": {"type": "Point", "coordinates": [2.568233, 48.351884]}, "properties": {"year": 2023, "valeur_fonciere": 300000.0, "type_local": "Dépendance", "surface_reelle_bati": null, "nombre_pieces_principales": 0.0, "adresse_nom_voie": "RUE LAURENT POLI", "price_per_sqm": null, "date_iso": "2023-07-03", "parcelle": "770010000B0658", "addr_num": "4"}}, {"type": "Feature", "geometry": {"type": "Point", "coordinates": [2.568233, 48.351884]}, "properties": {"year": 2023, "valeur_fonciere": 300000.0, "type_local": "Maison", "surface_reelle_bati": 75.0, "nombre_pieces_principales": 3.0, "adresse_nom_voie": "RUE LAURENT POLI", "price_per_sqm": 4000.0, "date_iso": "2023-07-03", "parcelle": "770010000B0658", "addr_num": "4"}}, {"type": "Feature", "geometry": {"type": "Point", "coordinates": [2.575207, 48.351732]}, "properties": {"year": 2023, "valeur_fonciere": 265000.0, "type_local": null, "surface_reelle_bati": null, "nombre_pieces_principales": null, "adresse_nom_voie": "CHE DE FONTAINEBLEAU", "price_per_sqm": null, "date_iso": "2023-09-11", "parcelle": "77001000ZA0240", "addr_num": ""}}, {"type": "Feature", "geometry": {"type": "Point", "coordinates": [2.575179, 48.3516]}, "properties": {"year": 2023, "valeur_fonciere": 265000.0, "type_local": "Maison", "surface_reelle_bati": 102.0, "nombre_pieces_principales": 4.0, "adresse_nom_voie": "RUE DE LA CRX ST ANTOINE", "price_per_sqm": 2598.0392156862745, "date_iso": "2023-09-11", "parcelle": "77001000ZA0242", "addr_num": "29"}}, {"type": "Feature", "geometry": {"type": "Point", "coordinates": [2.566501, 48.344905]}, "properties": {"year": 2023, "valeur_fonciere": 170000.0, "type_local": "Maison", "surface_reelle_bati": 65.0, "nombre_pieces_principales": 4.0, "adresse_nom_voie": "RLE BESNARD", "price_per_sqm": 2615.3846153846152, "date_iso": "2023-09-13", "parcelle": "770010000F0441", "addr_num": "9"}}, {"type": "Feature", "geometry": {"type": "Point", "coordinates": [2.566501, 48.344905]}, "properties": {"year": 2023, "valeur_fonciere": 170000.0, "type_local": "Maison", "surface_reelle_bati": 65.0, "nombre_pieces_principales": 4.0, "adresse_nom_voie": "RLE BESNARD", "price_per_sqm": 2615.3846153846152, "date_iso": "2023-09-13", "parcelle": "770010000F0441", "addr_num": "9"}}, {"type": "Feature", "geometry": {"type": "Point", "coordinates": [2.568879, 48.368694]}, "properties": {"year": 2023, "valeur_fonciere": 1317.7, "type_local": null, "surface_reelle_bati": null, "nombre_pieces_principales": null, "adresse_nom_voie": "LES PETITS BEORLOTS", "price_per_sqm": null, "date_iso": "2023-10-24", "parcelle": "770010000A0956", "addr_num": ""}}, {"type": "Feature", "geometry": {"type": "Point", "coordinates": [2.552791, 48.345833]}, "properties": {"year": 2023, "valeur_fonciere": 1317.7, "type_local": null, "surface_reelle_bati": null, "nombre_pieces_principales": null, "adresse_nom_voie": "FOSSE AUX CHEVAUX", "price_per_sqm": null, "date_iso": "2023-10-24", "parcelle": "770010000F0264", "addr_num": ""}}, {"type": "Feature", "geometry": {"type": "Point", "coordinates": [2.564994, 48.36334]}, "properties": {"year": 2023, "valeur_fonciere": 124304.0, "type_local": null, "surface_reelle_bati": null, "nombre_pieces_principales": null, "adresse_nom_voie": "LE DESSUS DE LA GARENNE", "price_per_sqm": null, "date_iso": "2023-12-11", "parcelle": "770010000A0126", "addr_num": ""}}, {"type": "Feature", "geometry": {"type": "Point", "coordinates": [2.564485, 48.3635]}, "properties": {"year": 2023, "valeur_fonciere": 124304.0, "type_local": null, "surface_reelle_bati": null, "nombre_pieces_principales": null, "adresse_nom_voie": "LE DESSUS DE LA GARENNE", "price_per_sqm": null, "date_iso": "2023-12-11", "parcelle": "770010000A0127", "addr_num": ""}}, {"type": "Feature", "geometry": {"type": "Point", "coordinates": [2.564091, 48.358489]}, "properties": {"year": 2023, "valeur_fonciere": 124304.0, "type_local": "Maison", "surface_reelle_bati": 103.0, "nombre_pieces_principales": 5.0, "adresse_nom_voie": "DOM DEFONTAINE", "price_per_sqm": 1206.8349514563106, "date_iso": "2023-12-11", "parcelle": "770010000A0799", "addr_num": "51"}}, {"type": "Feature", "geometry": {"type": "Point", "coordinates": [2.554106, 48.356207]}, "properties": {"year": 2023, "valeur_fonciere": 323000.0, "type_local": "Maison", "surface_reelle_bati": 104.0, "nombre_pieces_principales": 4.0, "adresse_nom_voie": "PARIS FORET", "price_per_sqm": 3105.769230769231, "date_iso": "2023-12-09", "parcelle": "770010000A0225", "addr_num": "7"}}, {"type": "Feature", "geometry": {"type": "Point", "coordinates": [2.554106, 48.356207]}, "properties": {"year": 2023, "valeur_fonciere": 323000.0, "type_local": "Maison", "surface_reelle_bati": 104.0, "nombre_pieces_principales": 4.0, "adresse_nom_voie": "PARIS FORET", "price_per_sqm": 3105.769230769231, "date_iso": "2023-12-09", "parcelle": "770010000A0225", "addr_num": "7"}}, {"type": "Feature", "geometry": {"type": "Point", "coordinates": [2.564262, 48.355803]}, "properties": {"year": 2023, "valeur_fonciere": 1038000.0, "type_local": "Maison", "surface_reelle_bati": 316.0, "nombre_pieces_principales": 7.0, "adresse_nom_voie": "RUE DE LA LIBERATION", "price_per_sqm": 3284.8101265822784, "date_iso": "2023-11-27", "parcelle": "770010000G0392", "addr_num": "31"}}, {"type": "Feature", "geometry": {"type": "Point", "coordinates": [2.564262, 48.355803]}, "properties": {"year": 2023, "valeur_fonciere": 1038000.0, "type_local": "Maison", "surface_reelle_bati": 316.0, "nombre_pieces_principales": 7.0, "adresse_nom_voie": "RUE DE LA LIBERATION", "price_per_sqm": 3284.8101265822784, "date_iso": "2023-11-27", "parcelle": "770010000G0392", "addr_num": "31"}}, {"type": "Feature", "geometry": {"type": "Point", "coordinates": [2.564262, 48.355803]}, "properties": {"year": 2023, "valeur_fonciere": 1038000.0, "type_local": "Dépendance", "surface_reelle_bati": null, "nombre_pieces_principales": 0.0, "adresse_nom_voie": "RUE DE LA LIBERATION", "price_per_sqm": null, "date_iso": "2023-11-27", "parcelle": "770010000G0392", "addr_num": "31"}}, {"type": "Feature", "geometry": {"type": "Point", "coordinates": [2.564262, 48.355803]}, "properties": {"year": 2023, "valeur_fonciere": 1038000.0, "type_local": "Dépendance", "surface_reelle_bati": null, "nombre_pieces_principales": 0.0, "adresse_nom_voie": "RUE DE LA LIBERATION", "price_per_sqm": null, "date_iso": "2023-11-27", "parcelle": "770010000G0392", "addr_num": "31"}}, {"type": "Feature", "geometry": {"type": "Point", "coordinates": [2.566922, 48.357348]}, "properties": {"year": 2023, "valeur_fonciere": 597600.0, "type_local": "Maison", "surface_reelle_bati": 171.0, "nombre_pieces_principales": 7.0, "adresse_nom_voie": "RUE DU CHATEAU", "price_per_sqm": 3494.7368421052633, "date_iso": "2023-12-08", "parcelle": "770010000A1739", "addr_num": "17"}}, {"type": "Feature", "geometry": {"type": "Point", "coordinates": [2.566922, 48.357348]}, "properties": {"year": 2023, "valeur_fonciere": 597600.0, "type_local": "Maison", "surface_reelle_bati": 171.0, "nombre_pieces_principales": 7.0, "adresse_nom_voie": "RUE DU CHATEAU", "price_per_sqm": 3494.7368421052633, "date_iso": "2023-12-08", "parcelle": "770010000A1739", "addr_num": "17"}}, {"type": "Feature", "geometry": {"type": "Point", "coordinates": [2.57723, 48.364135]}, "properties": {"year": 2023, "valeur_fonciere": 604.0, "type_local": null, "surface_reelle_bati": null, "nombre_pieces_principales": null, "adresse_nom_voie": "LE DESSUS DU PARC", "price_per_sqm": null, "date_iso": "2023-12-14", "parcelle": "770010000A1280", "addr_num": ""}}, {"type": "Feature", "geometry": {"type": "Point", "coordinates": [2.556315, 48.346463]}, "properties": {"year": 2023, "valeur_fonciere": 604.0, "type_local": null, "surface_reelle_bati": null, "nombre_pieces_principales": null, "adresse_nom_voie": "LE DESSUS DES VAUBLAS", "price_per_sqm": null, "date_iso": "2023-12-14", "parcelle": "770010000F0664", "addr_num": ""}}, {"type": "Feature", "geometry": {"type": "Point", "coordinates": [2.556168, 48.346619]}, "properties": {"year": 2023, "valeur_fonciere": 604.0, "type_local": null, "surface_reelle_bati": null, "nombre_pieces_principales": null, "adresse_nom_voie": "LE DESSUS DES VAUBLAS", "price_per_sqm": null, "date_iso": "2023-12-14", "parcelle": "770010000F0668", "addr_num": ""}}, {"type": "Feature", "geometry": {"type": "Point", "coordinates": [2.57674, 48.33786]}, "properties": {"year": 2023, "valeur_fonciere": 604.0, "type_local": null, "surface_reelle_bati": null, "nombre_pieces_principales": null, "adresse_nom_voie": "MONT PIERREUX", "price_per_sqm": null, "date_iso": "2023-12-14", "parcelle": "77001000ZL0029", "addr_num": ""}}, {"type": "Feature", "geometry": {"type": "Point", "coordinates": [2.565916, 48.348814]}, "properties": {"year": 2024, "valeur_fonciere": 100000.0, "type_local": null, "surface_reelle_bati": null, "nombre_pieces_principales": null, "adresse_nom_voie": "CHEMIN DE MEUN", "price_per_sqm": null, "date_iso": "2024-01-11", "parcelle": "77001000ZB0080", "addr_num": ""}}, {"type": "Feature", "geometry": {"type": "Point", "coordinates": [2.565224, 48.348941]}, "properties": {"year": 2024, "valeur_fonciere": 100000.0, "type_local": null, "surface_reelle_bati": null, "nombre_pieces_principales": null, "adresse_nom_voie": "CHEMIN DE MEUN", "price_per_sqm": null, "date_iso": "2024-01-11", "parcelle": "77001000ZB0084", "addr_num": ""}}, {"type": "Feature", "geometry": {"type": "Point", "coordinates": [2.574526, 48.358949]}, "properties": {"year": 2024, "valeur_fonciere": 230000.0, "type_local": "Maison", "surface_reelle_bati": 76.0, "nombre_pieces_principales": 3.0, "adresse_nom_voie": "CHE DE FONTAINEBLEAU", "price_per_sqm": 3026.315789473684, "date_iso": "2024-01-30", "parcelle": "77001000ZA0212", "addr_num": "2"}}, {"type": "Feature", "geometry": {"type": "Point", "coordinates": [2.574526, 48.358949]}, "properties": {"year": 2024, "valeur_fonciere": 230000.0, "type_local": "Maison", "surface_reelle_bati": 76.0, "nombre_pieces_principales": 3.0, "adresse_nom_voie": "CHE DE FONTAINEBLEAU", "price_per_sqm": 3026.315789473684, "date_iso": "2024-01-30", "parcelle": "77001000ZA0212", "addr_num": "2"}}, {"type": "Feature", "geometry": {"type": "Point", "coordinates": [2.568989, 48.35436]}, "properties": {"year": 2024, "valeur_fonciere": 153000.0, "type_local": null, "surface_reelle_bati": null, "nombre_pieces_principales": null, "adresse_nom_voie": "ACHERES", "price_per_sqm": null, "date_iso": "2024-02-05", "parcelle": "770010000B0815", "addr_num": ""}}, {"type": "Feature", "geometry": {"type": "Point", "coordinates": [2.57, 48.354187]}, "properties": {"year": 2024, "valeur_fonciere": 153000.0, "type_local": "Dépendance", "surface_reelle_bati": null, "nombre_pieces_principales": 0.0, "adresse_nom_voie": "RUE LAURENT POLI", "price_per_sqm": null, "date_iso": "2024-02-05", "parcelle": "770010000B0816", "addr_num": "35"}}, {"type": "Feature", "geometry": {"type": "Point", "coordinates": [2.57, 48.354187]}, "properties": {"year": 2024, "valeur_fonciere": 153000.0, "type_local": "Maison", "surface_reelle_bati": 84.0, "nombre_pieces_principales": 4.0, "adresse_nom_voie": "RUE LAURENT POLI", "price_per_sqm": 1821.4285714285713, "date_iso": "2024-02-05", "parcelle": "770010000B0816", "addr_num": "35"}}, {"type": "Feature", "geometry": {"type": "Point", "coordinates": [2.57, 48.354187]}, "properties": {"year": 2024, "valeur_fonciere": 153000.0, "type_local": "Dépendance", "surface_reelle_bati": null, "nombre_pieces_principales": 0.0, "adresse_nom_voie": "RUE LAURENT POLI", "price_per_sqm": null, "date_iso": "2024-02-05", "parcelle": "770010000B0816", "addr_num": "35"}}, {"type": "Feature", "geometry": {"type": "Point", "coordinates": [2.562121, 48.358322]}, "properties": {"year": 2024, "valeur_fonciere": 1000.0, "type_local": null, "surface_reelle_bati": null, "nombre_pieces_principales": null, "adresse_nom_voie": "LES CANCHES OUEST", "price_per_sqm": null, "date_iso": "2024-02-21", "parcelle": "770010000A0192", "addr_num": ""}}, {"type": "Feature", "geometry": {"type": "Point", "coordinates": [2.561191, 48.358585]}, "properties": {"year": 2024, "valeur_fonciere": 4000.0, "type_local": null, "surface_reelle_bati": null, "nombre_pieces_principales": null, "adresse_nom_voie": "LES CANCHES OUEST", "price_per_sqm": null, "date_iso": "2024-04-05", "parcelle": "770010000A0183", "addr_num": ""}}, {"type": "Feature", "geometry": {"type": "Point", "coordinates": [2.568388, 48.356756]}, "properties": {"year": 2024, "valeur_fonciere": 327750.0, "type_local": null, "surface_reelle_bati": null, "nombre_pieces_principales": null, "adresse_nom_voie": "RUE DU CHATEAU", "price_per_sqm": null, "date_iso": "2024-06-28", "parcelle": "770010000B1164", "addr_num": "11"}}, {"type": "Feature", "geometry": {"type": "Point", "coordinates": [2.568388, 48.356756]}, "properties": {"year": 2024, "valeur_fonciere": 327750.0, "type_local": null, "surface_reelle_bati": null, "nombre_pieces_principales": null, "adresse_nom_voie": "RUE DU CHATEAU", "price_per_sqm": null, "date_iso": "2024-06-28", "parcelle": "770010000B1164", "addr_num": "11"}}, {"type": "Feature", "geometry": {"type": "Point", "coordinates": [2.568815, 48.356928]}, "properties": {"year": 2024, "valeur_fonciere": 327750.0, "type_local": null, "surface_reelle_bati": null, "nombre_pieces_principales": null, "adresse_nom_voie": "RUE DU CHATEAU", "price_per_sqm": null, "date_iso": "2024-06-28", "parcelle": "770010000B1165", "addr_num": "11"}}, {"type": "Feature", "geometry": {"type": "Point", "coordinates": [2.568691, 48.35692]}, "properties": {"year": 2024, "valeur_fonciere": 327750.0, "type_local": "Maison", "surface_reelle_bati": 106.0, "nombre_pieces_principales": 4.0, "adresse_nom_voie": "RUE DU CHATEAU", "price_per_sqm": 3091.9811320754716, "date_iso": "2024-06-28", "parcelle": "770010000B1167", "addr_num": "11"}}, {"type": "Feature", "geometry": {"type": "Point", "coordinates": [2.562559, 48.341275]}, "properties": {"year": 2024, "valeur_fonciere": 350000.0, "type_local": "Maison", "surface_reelle_bati": 157.0, "nombre_pieces_principales": 7.0, "adresse_nom_voie": "RUE DU CLOSEAU", "price_per_sqm": 2229.2993630573246, "date_iso": "2024-06-10", "parcelle": "770010000F0365", "addr_num": "3"}}, {"type": "Feature", "geometry": {"type": "Point", "coordinates": [2.562559, 48.341275]}, "properties": {"year": 2024, "valeur_fonciere": 350000.0, "type_local": "Dépendance", "surface_reelle_bati": null, "nombre_pieces_principales": 0.0, "adresse_nom_voie": "RUE DU CLOSEAU", "price_per_sqm": null, "date_iso": "2024-06-10", "parcelle": "770010000F0365", "addr_num": "3"}}, {"type": "Feature", "geometry": {"type": "Point", "coordinates": [2.562559, 48.341275]}, "properties": {"year": 2024, "valeur_fonciere": 350000.0, "type_local": "Maison", "surface_reelle_bati": 157.0, "nombre_pieces_principales": 7.0, "adresse_nom_voie": "RUE DU CLOSEAU", "price_per_sqm": 2229.2993630573246, "date_iso": "2024-06-10", "parcelle": "770010000F0365", "addr_num": "3"}}, {"type": "Feature", "geometry": {"type": "Point", "coordinates": [2.562559, 48.341275]}, "properties": {"year": 2024, "valeur_fonciere": 350000.0, "type_local": "Dépendance", "surface_reelle_bati": null, "nombre_pieces_principales": 0.0, "adresse_nom_voie": "RUE DU CLOSEAU", "price_per_sqm": null, "date_iso": "2024-06-10", "parcelle": "770010000F0365", "addr_num": "3"}}, {"type": "Feature", "geometry": {"type": "Point", "coordinates": [2.562777, 48.341332]}, "properties": {"year": 2024, "valeur_fonciere": 350000.0, "type_local": null, "surface_reelle_bati": null, "nombre_pieces_principales": null, "adresse_nom_voie": "MEUN", "price_per_sqm": null, "date_iso": "2024-06-10", "parcelle": "770010000F0895", "addr_num": ""}}, {"type": "Feature", "geometry": {"type": "Point", "coordinates": [2.567307, 48.357164]}, "properties": {"year": 2024, "valeur_fonciere": 200000.0, "type_local": null, "surface_reelle_bati": null, "nombre_pieces_principales": null, "adresse_nom_voie": "LES CANCHES", "price_per_sqm": null, "date_iso": "2024-07-05", "parcelle": "770010000A0788", "addr_num": ""}}, {"type": "Feature", "geometry": {"type": "Point", "coordinates": [2.567448, 48.357363]}, "properties": {"year": 2024, "valeur_fonciere": 200000.0, "type_local": null, "surface_reelle_bati": null, "nombre_pieces_principales": null, "adresse_nom_voie": "LES CANCHES", "price_per_sqm": null, "date_iso": "2024-07-05", "parcelle": "770010000A0789", "addr_num": ""}}, {"type": "Feature", "geometry": {"type": "Point", "coordinates": [2.567609, 48.357325]}, "properties": {"year": 2024, "valeur_fonciere": 200000.0, "type_local": "Maison", "surface_reelle_bati": 250.0, "nombre_pieces_principales": 6.0, "adresse_nom_voie": "RUE DU CHATEAU", "price_per_sqm": 800.0, "date_iso": "2024-07-05", "parcelle": "770010000A0790", "addr_num": "17"}}, {"type": "Feature", "geometry": {"type": "Point", "coordinates": [2.568338, 48.346362]}, "properties": {"year": 2024, "valeur_fonciere": 55000.0, "type_local": null, "surface_reelle_bati": null, "nombre_pieces_principales": null, "adresse_nom_voie": "LA GRANGE BIGNE", "price_per_sqm": null, "date_iso": "2024-06-24", "parcelle": "770010000F0550", "addr_num": ""}}, {"type": "Feature", "geometry": {"type": "Point", "coordinates": [2.563243, 48.340695]}, "properties": {"year": 2024, "valeur_fonciere": 570000.0, "type_local": "Dépendance", "surface_reelle_bati": null, "nombre_pieces_principales": 0.0, "adresse_nom_voie": "RUE DU CLOSEAU", "price_per_sqm": null, "date_iso": "2024-08-02", "parcelle": "770010000F0382", "addr_num": "4"}}, {"type": "Feature", "geometry": {"type": "Point", "coordinates": [2.563243, 48.340695]}, "properties": {"year": 2024, "valeur_fonciere": 570000.0, "type_local": "Dépendance", "surface_reelle_bati": null, "nombre_pieces_principales": 0.0, "adresse_nom_voie": "RUE DU CLOSEAU", "price_per_sqm": null, "date_iso": "2024-08-02", "parcelle": "770010000F0382", "addr_num": "4"}}, {"type": "Feature", "geometry": {"type": "Point", "coordinates": [2.563243, 48.340695]}, "properties": {"year": 2024, "valeur_fonciere": 570000.0, "type_local": "Maison", "surface_reelle_bati": 108.0, "nombre_pieces_principales": 4.0, "adresse_nom_voie": "RUE DU CLOSEAU", "price_per_sqm": 5277.777777777777, "date_iso": "2024-08-02", "parcelle": "770010000F0382", "addr_num": "4"}}, {"type": "Feature", "geometry": {"type": "Point", "coordinates": [2.563243, 48.340695]}, "properties": {"year": 2024, "valeur_fonciere": 570000.0, "type_local": "Dépendance", "surface_reelle_bati": null, "nombre_pieces_principales": 0.0, "adresse_nom_voie": "RUE DU CLOSEAU", "price_per_sqm": null, "date_iso": "2024-08-02", "parcelle": "770010000F0382", "addr_num": "4"}}, {"type": "Feature", "geometry": {"type": "Point", "coordinates": [2.563054, 48.340708]}, "properties": {"year": 2024, "valeur_fonciere": 570000.0, "type_local": null, "surface_reelle_bati": null, "nombre_pieces_principales": null, "adresse_nom_voie": "MEUN", "price_per_sqm": null, "date_iso": "2024-08-02", "parcelle": "770010000F0842", "addr_num": ""}}, {"type": "Feature", "geometry": {"type": "Point", "coordinates": [2.564247, 48.340476]}, "properties": {"year": 2024, "valeur_fonciere": 570000.0, "type_local": "Dépendance", "surface_reelle_bati": null, "nombre_pieces_principales": 0.0, "adresse_nom_voie": "RUE DU CLOSEAU", "price_per_sqm": null, "date_iso": "2024-08-02", "parcelle": "770010000F0860", "addr_num": "4"}}, {"type": "Feature", "geometry": {"type": "Point", "coordinates": [2.570095, 48.355271]}, "properties": {"year": 2024, "valeur_fonciere": 312000.0, "type_local": "Maison", "surface_reelle_bati": 124.0, "nombre_pieces_principales": 4.0, "adresse_nom_voie": "RUE DU CHATEAU", "price_per_sqm": 2516.1290322580644, "date_iso": "2024-08-05", "parcelle": "770010000B1129", "addr_num": "3"}}, {"type": "Feature", "geometry": {"type": "Point", "coordinates": [2.547476, 48.356106]}, "properties": {"year": 2024, "valeur_fonciere": 457750.0, "type_local": "Maison", "surface_reelle_bati": 103.0, "nombre_pieces_principales": 5.0, "adresse_nom_voie": "PARIS FORET", "price_per_sqm": 4444.174757281553, "date_iso": "2024-09-02", "parcelle": "770010000A0251", "addr_num": "33"}}, {"type": "Feature", "geometry": {"type": "Point", "coordinates": [2.547476, 48.356106]}, "properties": {"year": 2024, "valeur_fonciere": 457750.0, "type_local": "Maison", "surface_reelle_bati": 103.0, "nombre_pieces_principales": 5.0, "adresse_nom_voie": "PARIS FORET", "price_per_sqm": 4444.174757281553, "date_iso": "2024-09-02", "parcelle": "770010000A0251", "addr_num": "33"}}, {"type": "Feature", "geometry": {"type": "Point", "coordinates": [2.564932, 48.343714]}, "properties": {"year": 2024, "valeur_fonciere": 400000.0, "type_local": "Maison", "surface_reelle_bati": 96.0, "nombre_pieces_principales": 4.0, "adresse_nom_voie": "RUE DU CLOSEAU", "price_per_sqm": 4166.666666666667, "date_iso": "2024-08-27", "parcelle": "770010000F0412", "addr_num": "30"}}, {"type": "Feature", "geometry": {"type": "Point", "coordinates": [2.564932, 48.343714]}, "properties": {"year": 2024, "valeur_fonciere": 400000.0, "type_local": "Dépendance", "surface_reelle_bati": null, "nombre_pieces_principales": 0.0, "adresse_nom_voie": "RUE DU CLOSEAU", "price_per_sqm": null, "date_iso": "2024-08-27", "parcelle": "770010000F0412", "addr_num": "30"}}, {"type": "Feature", "geometry": {"type": "Point", "coordinates": [2.564932, 48.343714]}, "properties": {"year": 2024, "valeur_fonciere": 400000.0, "type_local": "Dépendance", "surface_reelle_bati": null, "nombre_pieces_principales": 0.0, "adresse_nom_voie": "RUE DU CLOSEAU", "price_per_sqm": null, "date_iso": "2024-08-27", "parcelle": "770010000F0412", "addr_num": "30"}}, {"type": "Feature", "geometry": {"type": "Point", "coordinates": [2.565311, 48.343687]}, "properties": {"year": 2024, "valeur_fonciere": 400000.0, "type_local": null, "surface_reelle_bati": null, "nombre_pieces_principales": null, "adresse_nom_voie": "MEUN", "price_per_sqm": null, "date_iso": "2024-08-27", "parcelle": "770010000F1047", "addr_num": ""}}, {"type": "Feature", "geometry": {"type": "Point", "coordinates": [2.565092, 48.343826]}, "properties": {"year": 2024, "valeur_fonciere": 400000.0, "type_local": null, "surface_reelle_bati": null, "nombre_pieces_principales": null, "adresse_nom_voie": "MEUN", "price_per_sqm": null, "date_iso": "2024-08-27", "parcelle": "770010000F1050", "addr_num": ""}}, {"type": "Feature", "geometry": {"type": "Point", "coordinates": [2.56502, 48.343662]}, "properties": {"year": 2024, "valeur_fonciere": 400000.0, "type_local": null, "surface_reelle_bati": null, "nombre_pieces_principales": null, "adresse_nom_voie": "MEUN", "price_per_sqm": null, "date_iso": "2024-08-27", "parcelle": "770010000F1143", "addr_num": ""}}, {"type": "Feature", "geometry": {"type": "Point", "coordinates": [2.566069, 48.356418]}, "properties": {"year": 2024, "valeur_fonciere": 352000.0, "type_local": "Maison", "surface_reelle_bati": 136.0, "nombre_pieces_principales": 6.0, "adresse_nom_voie": "CHE D ARBONNE", "price_per_sqm": 2588.235294117647, "date_iso": "2024-10-11", "parcelle": "770010000A1561", "addr_num": "7"}}, {"type": "Feature", "geometry": {"type": "Point", "coordinates": [2.566069, 48.356418]}, "properties": {"year": 2024, "valeur_fonciere": 352000.0, "type_local": "Maison", "surface_reelle_bati": 136.0, "nombre_pieces_principales": 6.0, "adresse_nom_voie": "CHE D ARBONNE", "price_per_sqm": 2588.235294117647, "date_iso": "2024-10-11", "parcelle": "770010000A1561", "addr_num": "7"}}, {"type": "Feature", "geometry": {"type": "Point", "coordinates": [2.565493, 48.358304]}, "properties": {"year": 2024, "valeur_fonciere": 406000.0, "type_local": "Local industriel. commercial ou assimilé", "surface_reelle_bati": 1204.0, "nombre_pieces_principales": 0.0, "adresse_nom_voie": "RUE DU CHATEAU", "price_per_sqm": 337.2093023255814, "date_iso": "2024-10-18", "parcelle": "770010000A1357", "addr_num": "30"}}, {"type": "Feature", "geometry": {"type": "Point", "coordinates": [2.565493, 48.358304]}, "properties": {"year": 2024, "valeur_fonciere": 406000.0, "type_local": "Local industriel. commercial ou assimilé", "surface_reelle_bati": 1204.0, "nombre_pieces_principales": 0.0, "adresse_nom_voie": "RUE DU CHATEAU", "price_per_sqm": 337.2093023255814, "date_iso": "2024-10-18", "parcelle": "770010000A1357", "addr_num": "30"}}, {"type": "Feature", "geometry": {"type": "Point", "coordinates": [2.565818, 48.35829]}, "properties": {"year": 2024, "valeur_fonciere": 406000.0, "type_local": null, "surface_reelle_bati": null, "nombre_pieces_principales": null, "adresse_nom_voie": "RUE DU CHATEAU", "price_per_sqm": null, "date_iso": "2024-10-18", "parcelle": "770010000A1690", "addr_num": ""}}, {"type": "Feature", "geometry": {"type": "Point", "coordinates": [2.567858, 48.359007]}, "properties": {"year": 2024, "valeur_fonciere": 406000.0, "type_local": null, "surface_reelle_bati": null, "nombre_pieces_principales": null, "adresse_nom_voie": "LE PARC", "price_per_sqm": null, "date_iso": "2024-10-18", "parcelle": "770010000A1771", "addr_num": ""}}, {"type": "Feature", "geometry": {"type": "Point", "coordinates": [2.566738, 48.35893]}, "properties": {"year": 2024, "valeur_fonciere": 406000.0, "type_local": null, "surface_reelle_bati": null, "nombre_pieces_principales": null, "adresse_nom_voie": "RUE DU CHATEAU", "price_per_sqm": null, "date_iso": "2024-10-18", "parcelle": "770010000A1772", "addr_num": ""}}, {"type": "Feature", "geometry": {"type": "Point", "coordinates": [2.566149, 48.358645]}, "properties": {"year": 2024, "valeur_fonciere": 406000.0, "type_local": null, "surface_reelle_bati": null, "nombre_pieces_principales": null, "adresse_nom_voie": "RUE DU CHATEAU", "price_per_sqm": null, "date_iso": "2024-10-18", "parcelle": "770010000A1774", "addr_num": ""}}, {"type": "Feature", "geometry": {"type": "Point", "coordinates": [2.566114, 48.357088]}, "properties": {"year": 2024, "valeur_fonciere": 80000.0, "type_local": null, "surface_reelle_bati": null, "nombre_pieces_principales": null, "adresse_nom_voie": "RUE DU CHATEAU", "price_per_sqm": null, "date_iso": "2024-10-22", "parcelle": "770010000A1781", "addr_num": ""}}, {"type": "Feature", "geometry": {"type": "Point", "coordinates": [2.564994, 48.36334]}, "properties": {"year": 2024, "valeur_fonciere": 210000.0, "type_local": null, "surface_reelle_bati": null, "nombre_pieces_principales": null, "adresse_nom_voie": "LE DESSUS DE LA GARENNE", "price_per_sqm": null, "date_iso": "2024-10-24", "parcelle": "770010000A0126", "addr_num": ""}}, {"type": "Feature", "geometry": {"type": "Point", "coordinates": [2.564485, 48.3635]}, "properties": {"year": 2024, "valeur_fonciere": 210000.0, "type_local": null, "surface_reelle_bati": null, "nombre_pieces_principales": null, "adresse_nom_voie": "LE DESSUS DE LA GARENNE", "price_per_sqm": null, "date_iso": "2024-10-24", "parcelle": "770010000A0127", "addr_num": ""}}, {"type": "Feature", "geometry": {"type": "Point", "coordinates": [2.564091, 48.358489]}, "properties": {"year": 2024, "valeur_fonciere": 210000.0, "type_local": "Maison", "surface_reelle_bati": 103.0, "nombre_pieces_principales": 5.0, "adresse_nom_voie": "DOM DEFONTAINE", "price_per_sqm": 2038.8349514563106, "date_iso": "2024-10-24", "parcelle": "770010000A0799", "addr_num": "56"}}, {"type": "Feature", "geometry": {"type": "Point", "coordinates": [2.564091, 48.358489]}, "properties": {"year": 2024, "valeur_fonciere": 210000.0, "type_local": "Dépendance", "surface_reelle_bati": null, "nombre_pieces_principales": 0.0, "adresse_nom_voie": "DOM DEFONTAINE", "price_per_sqm": null, "date_iso": "2024-10-24", "parcelle": "770010000A0799", "addr_num": "56"}}, {"type": "Feature", "geometry": {"type": "Point", "coordinates": [2.573225, 48.358493]}, "properties": {"year": 2024, "valeur_fonciere": 200000.0, "type_local": "Maison", "surface_reelle_bati": 75.0, "nombre_pieces_principales": 5.0, "adresse_nom_voie": "CHE DE FONTAINEBLEAU", "price_per_sqm": 2666.6666666666665, "date_iso": "2024-11-20", "parcelle": "77001000ZA0156", "addr_num": "4"}}, {"type": "Feature", "geometry": {"type": "Point", "coordinates": [2.573225, 48.358493]}, "properties": {"year": 2024, "valeur_fonciere": 200000.0, "type_local": "Maison", "surface_reelle_bati": 75.0, "nombre_pieces_principales": 5.0, "adresse_nom_voie": "CHE DE FONTAINEBLEAU", "price_per_sqm": 2666.6666666666665, "date_iso": "2024-11-20", "parcelle": "77001000ZA0156", "addr_num": "4"}}, {"type": "Feature", "geometry": {"type": "Point", "coordinates": [2.57632, 48.351619]}, "properties": {"year": 2024, "valeur_fonciere": 199000.0, "type_local": "Maison", "surface_reelle_bati": 125.0, "nombre_pieces_principales": 5.0, "adresse_nom_voie": "RTE DE BARNOLETS", "price_per_sqm": 1592.0, "date_iso": "2024-12-03", "parcelle": "77001000ZA0223", "addr_num": "8"}}, {"type": "Feature", "geometry": {"type": "Point", "coordinates": [2.57632, 48.351619]}, "properties": {"year": 2024, "valeur_fonciere": 199000.0, "type_local": "Maison", "surface_reelle_bati": 125.0, "nombre_pieces_principales": 5.0, "adresse_nom_voie": "RTE DE BARNOLETS", "price_per_sqm": 1592.0, "date_iso": "2024-12-03", "parcelle": "77001000ZA0223", "addr_num": "8"}}, {"type": "Feature", "geometry": {"type": "Point", "coordinates": [2.576657, 48.351469]}, "properties": {"year": 2024, "valeur_fonciere": 199000.0, "type_local": null, "surface_reelle_bati": null, "nombre_pieces_principales": null, "adresse_nom_voie": "RTE DE BARNOLETS", "price_per_sqm": null, "date_iso": "2024-12-03", "parcelle": "77001000ZA0224", "addr_num": "8"}}, {"type": "Feature", "geometry": {"type": "Point", "coordinates": [2.561386, 48.360951]}, "properties": {"year": 2024, "valeur_fonciere": 686900.0, "type_local": "Maison", "surface_reelle_bati": 230.0, "nombre_pieces_principales": 9.0, "adresse_nom_voie": "DOM DU BOIS DE LA GARENNE", "price_per_sqm": 2986.521739130435, "date_iso": "2024-11-26", "parcelle": "770010000A1623", "addr_num": "34"}}, {"type": "Feature", "geometry": {"type": "Point", "coordinates": [2.561386, 48.360951]}, "properties": {"year": 2024, "valeur_fonciere": 686900.0, "type_local": "Maison", "surface_reelle_bati": 230.0, "nombre_pieces_principales": 9.0, "adresse_nom_voie": "DOM DU BOIS DE LA GARENNE", "price_per_sqm": 2986.521739130435, "date_iso": "2024-11-26", "parcelle": "770010000A1623", "addr_num": "34"}}, {"type": "Feature", "geometry": {"type": "Point", "coordinates": [2.56674, 48.354851]}, "properties": {"year": 2024, "valeur_fonciere": 38000.0, "type_local": "Maison", "surface_reelle_bati": 119.0, "nombre_pieces_principales": 5.0, "adresse_nom_voie": "CHE DU COLOMBIER", "price_per_sqm": 319.327731092437, "date_iso": "2024-12-06", "parcelle": "770010000G0537", "addr_num": "25"}}, {"type": "Feature", "geometry": {"type": "Point", "coordinates": [2.566775, 48.355023]}, "properties": {"year": 2024, "valeur_fonciere": 38000.0, "type_local": null, "surface_reelle_bati": null, "nombre_pieces_principales": null, "adresse_nom_voie": "LA MAISON BLANCHE", "price_per_sqm": null, "date_iso": "2024-12-06", "parcelle": "770010000G0538", "addr_num": ""}}, {"type": "Feature", "geometry": {"type": "Point", "coordinates": [2.570459, 48.355526]}, "properties": {"year": 2024, "valeur_fonciere": 495000.0, "type_local": "Dépendance", "surface_reelle_bati": null, "nombre_pieces_principales": 0.0, "adresse_nom_voie": "RUE DU CHATEAU", "price_per_sqm": null, "date_iso": "2024-12-16", "parcelle": "770010000B0704", "addr_num": "4"}}, {"type": "Feature", "geometry": {"type": "Point", "coordinates": [2.570459, 48.355526]}, "properties": {"year": 2024, "valeur_fonciere": 495000.0, "type_local": "Maison", "surface_reelle_bati": 121.0, "nombre_pieces_principales": 5.0, "adresse_nom_voie": "RUE DU CHATEAU", "price_per_sqm": 4090.909090909091, "date_iso": "2024-12-16", "parcelle": "770010000B0704", "addr_num": "4"}}, {"type": "Feature", "geometry": {"type": "Point", "coordinates": [2.570619, 48.355631]}, "properties": {"year": 2024, "valeur_fonciere": 495000.0, "type_local": null, "surface_reelle_bati": null, "nombre_pieces_principales": null, "adresse_nom_voie": "ACHERES", "price_per_sqm": null, "date_iso": "2024-12-16", "parcelle": "770010000B1138", "addr_num": ""}}, {"type": "Feature", "geometry": {"type": "Point", "coordinates": [2.570619, 48.355631]}, "properties": {"year": 2024, "valeur_fonciere": 495000.0, "type_local": null, "surface_reelle_bati": null, "nombre_pieces_principales": null, "adresse_nom_voie": "ACHERES", "price_per_sqm": null, "date_iso": "2024-12-16", "parcelle": "770010000B1138", "addr_num": ""}}, {"type": "Feature", "geometry": {"type": "Point", "coordinates": [2.562752, 48.341867]}, "properties": {"year": 2024, "valeur_fonciere": 3000.0, "type_local": null, "surface_reelle_bati": null, "nombre_pieces_principales": null, "adresse_nom_voie": "MEUN", "price_per_sqm": null, "date_iso": "2024-12-06", "parcelle": "770010000F1095", "addr_num": ""}}, {"type": "Feature", "geometry": {"type": "Point", "coordinates": [2.562795, 48.342125]}, "properties": {"year": 2024, "valeur_fonciere": 3000.0, "type_local": null, "surface_reelle_bati": null, "nombre_pieces_principales": null, "adresse_nom_voie": "MEUN", "price_per_sqm": null, "date_iso": "2024-12-06", "parcelle": "77001000ZO0074", "addr_num": ""}}, {"type": "Feature", "geometry": {"type": "Point", "coordinates": [2.575272, 48.351843]}, "properties": {"year": 2024, "valeur_fonciere": 85000.0, "type_local": null, "surface_reelle_bati": null, "nombre_pieces_principales": null, "adresse_nom_voie": "CHE DE FONTAINEBLEAU", "price_per_sqm": null, "date_iso": "2024-12-21", "parcelle": "77001000ZA0235", "addr_num": ""}}, {"type": "Feature", "geometry": {"type": "Point", "coordinates": [2.575246, 48.351802]}, "properties": {"year": 2024, "valeur_fonciere": 85000.0, "type_local": null, "surface_reelle_bati": null, "nombre_pieces_principales": null, "adresse_nom_voie": "CHE DE FONTAINEBLEAU", "price_per_sqm": null, "date_iso": "2024-12-21", "parcelle": "77001000ZA0237", "addr_num": ""}}, {"type": "Feature", "geometry": {"type": "Point", "coordinates": [2.575224, 48.351766]}, "properties": {"year": 2024, "valeur_fonciere": 85000.0, "type_local": null, "surface_reelle_bati": null, "nombre_pieces_principales": null, "adresse_nom_voie": "CHE DE FONTAINEBLEAU", "price_per_sqm": null, "date_iso": "2024-12-21", "parcelle": "77001000ZA0239", "addr_num": ""}}, {"type": "Feature", "geometry": {"type": "Point", "coordinates": [2.561386, 48.360951]}, "properties": {"year": 2024, "valeur_fonciere": 445500.0, "type_local": "Maison", "surface_reelle_bati": 129.0, "nombre_pieces_principales": 5.0, "adresse_nom_voie": "DOM DU BOIS DE LA GARENNE", "price_per_sqm": 3453.4883720930234, "date_iso": "2024-12-20", "parcelle": "770010000A1623", "addr_num": "7"}}, {"type": "Feature", "geometry": {"type": "Point", "coordinates": [2.561386, 48.360951]}, "properties": {"year": 2024, "valeur_fonciere": 445500.0, "type_local": "Maison", "surface_reelle_bati": 129.0, "nombre_pieces_principales": 5.0, "adresse_nom_voie": "DOM DU BOIS DE LA GARENNE", "price_per_sqm": 3453.4883720930234, "date_iso": "2024-12-20", "parcelle": "770010000A1623", "addr_num": "7"}}, {"type": "Feature", "geometry": {"type": "Point", "coordinates": [2.559328, 48.356508]}, "properties": {"year": 2025, "valeur_fonciere": 390450.0, "type_local": "Dépendance", "surface_reelle_bati": null, "nombre_pieces_principales": 0.0, "adresse_nom_voie": "RUE DE LA LIBERATION", "price_per_sqm": null, "date_iso": "2025-03-12", "parcelle": "770010000G0304", "addr_num": "47"}}, {"type": "Feature", "geometry": {"type": "Point", "coordinates": [2.559328, 48.356508]}, "properties": {"year": 2025, "valeur_fonciere": 390450.0, "type_local": "Dépendance", "surface_reelle_bati": null, "nombre_pieces_principales": 0.0, "adresse_nom_voie": "RUE DE LA LIBERATION", "price_per_sqm": null, "date_iso": "2025-03-12", "parcelle": "770010000G0304", "addr_num": "47"}}, {"type": "Feature", "geometry": {"type": "Point", "coordinates": [2.559328, 48.356508]}, "properties": {"year": 2025, "valeur_fonciere": 390450.0, "type_local": "Maison", "surface_reelle_bati": 135.0, "nombre_pieces_principales": 5.0, "adresse_nom_voie": "RUE DE LA LIBERATION", "price_per_sqm": 2892.222222222222, "date_iso": "2025-03-12", "parcelle": "770010000G0304", "addr_num": "47"}}, {"type": "Feature", "geometry": {"type": "Point", "coordinates": [2.559328, 48.356508]}, "properties": {"year": 2025, "valeur_fonciere": 390450.0, "type_local": "Dépendance", "surface_reelle_bati": null, "nombre_pieces_principales": 0.0, "adresse_nom_voie": "RUE DE LA LIBERATION", "price_per_sqm": null, "date_iso": "2025-03-12", "parcelle": "770010000G0304", "addr_num": "47"}}, {"type": "Feature", "geometry": {"type": "Point", "coordinates": [2.559328, 48.356508]}, "properties": {"year": 2025, "valeur_fonciere": 390450.0, "type_local": "Dépendance", "surface_reelle_bati": null, "nombre_pieces_principales": 0.0, "adresse_nom_voie": "RUE DE LA LIBERATION", "price_per_sqm": null, "date_iso": "2025-03-12", "parcelle": "770010000G0304", "addr_num": "47"}}, {"type": "Feature", "geometry": {"type": "Point", "coordinates": [2.559328, 48.356508]}, "properties": {"year": 2025, "valeur_fonciere": 390450.0, "type_local": "Maison", "surface_reelle_bati": 135.0, "nombre_pieces_principales": 5.0, "adresse_nom_voie": "RUE DE LA LIBERATION", "price_per_sqm": 2892.222222222222, "date_iso": "2025-03-12", "parcelle": "770010000G0304", "addr_num": "47"}}, {"type": "Feature", "geometry": {"type": "Point", "coordinates": [2.568847, 48.351248]}, "properties": {"year": 2025, "valeur_fonciere": 285000.0, "type_local": null, "surface_reelle_bati": null, "nombre_pieces_principales": null, "adresse_nom_voie": "CHEMIN DE MEUN", "price_per_sqm": null, "date_iso": "2025-03-31", "parcelle": "77001000ZB0008", "addr_num": ""}}, {"type": "Feature", "geometry": {"type": "Point", "coordinates": [2.567928, 48.351533]}, "properties": {"year": 2025, "valeur_fonciere": 285000.0, "type_local": "Dépendance", "surface_reelle_bati": null, "nombre_pieces_principales": 0.0, "adresse_nom_voie": "RUE LAURENT POLI", "price_per_sqm": null, "date_iso": "2025-03-31", "parcelle": "77001000ZB0056", "addr_num": "2"}}, {"type": "Feature", "geometry": {"type": "Point", "coordinates": [2.567928, 48.351533]}, "properties": {"year": 2025, "valeur_fonciere": 285000.0, "type_local": "Dépendance", "surface_reelle_bati": null, "nombre_pieces_principales": 0.0, "adresse_nom_voie": "RUE LAURENT POLI", "price_per_sqm": null, "date_iso": "2025-03-31", "parcelle": "77001000ZB0056", "addr_num": "2"}}, {"type": "Feature", "geometry": {"type": "Point", "coordinates": [2.567928, 48.351533]}, "properties": {"year": 2025, "valeur_fonciere": 285000.0, "type_local": "Maison", "surface_reelle_bati": 114.0, "nombre_pieces_principales": 4.0, "adresse_nom_voie": "RUE LAURENT POLI", "price_per_sqm": 2500.0, "date_iso": "2025-03-31", "parcelle": "77001000ZB0056", "addr_num": "2"}}, {"type": "Feature", "geometry": {"type": "Point", "coordinates": [2.567928, 48.351533]}, "properties": {"year": 2025, "valeur_fonciere": 285000.0, "type_local": "Dépendance", "surface_reelle_bati": null, "nombre_pieces_principales": 0.0, "adresse_nom_voie": "RUE LAURENT POLI", "price_per_sqm": null, "date_iso": "2025-03-31", "parcelle": "77001000ZB0056", "addr_num": "2"}}, {"type": "Feature", "geometry": {"type": "Point", "coordinates": [2.567928, 48.351533]}, "properties": {"year": 2025, "valeur_fonciere": 285000.0, "type_local": "Dépendance", "surface_reelle_bati": null, "nombre_pieces_principales": 0.0, "adresse_nom_voie": "RUE LAURENT POLI", "price_per_sqm": null, "date_iso": "2025-03-31", "parcelle": "77001000ZB0056", "addr_num": "2"}}, {"type": "Feature", "geometry": {"type": "Point", "coordinates": [2.563703, 48.34765]}, "properties": {"year": 2025, "valeur_fonciere": 475000.0, "type_local": "Maison", "surface_reelle_bati": 205.0, "nombre_pieces_principales": 5.0, "adresse_nom_voie": "RUE DU CLOSEAU", "price_per_sqm": 2317.0731707317073, "date_iso": "2025-03-31", "parcelle": "770010000F0983", "addr_num": "49"}}, {"type": "Feature", "geometry": {"type": "Point", "coordinates": [2.563945, 48.347615]}, "properties": {"year": 2025, "valeur_fonciere": 475000.0, "type_local": null, "surface_reelle_bati": null, "nombre_pieces_principales": null, "adresse_nom_voie": "RUE DU CLOSEAU", "price_per_sqm": null, "date_iso": "2025-03-31", "parcelle": "770010000F0986", "addr_num": "49"}}, {"type": "Feature", "geometry": {"type": "Point", "coordinates": [2.564084, 48.347627]}, "properties": {"year": 2025, "valeur_fonciere": 475000.0, "type_local": null, "surface_reelle_bati": null, "nombre_pieces_principales": null, "adresse_nom_voie": "RUE DU CLOSEAU", "price_per_sqm": null, "date_iso": "2025-03-31", "parcelle": "770010000F0989", "addr_num": "49"}}, {"type": "Feature", "geometry": {"type": "Point", "coordinates": [2.564113, 48.347562]}, "properties": {"year": 2025, "valeur_fonciere": 475000.0, "type_local": null, "surface_reelle_bati": null, "nombre_pieces_principales": null, "adresse_nom_voie": "RUE DU CLOSEAU", "price_per_sqm": null, "date_iso": "2025-03-31", "parcelle": "770010000F0992", "addr_num": "49"}}, {"type": "Feature", "geometry": {"type": "Point", "coordinates": [2.571398, 48.353048]}, "properties": {"year": 2025, "valeur_fonciere": 177000.0, "type_local": "Maison", "surface_reelle_bati": 70.0, "nombre_pieces_principales": 4.0, "adresse_nom_voie": "RUE DE LA CROIX SAINT ANTOINE", "price_per_sqm": 2528.5714285714284, "date_iso": "2025-05-23", "parcelle": "770010000B0868", "addr_num": "6"}}, {"type": "Feature", "geometry": {"type": "Point", "coordinates": [2.571398, 48.353048]}, "properties": {"year": 2025, "valeur_fonciere": 177000.0, "type_local": "Maison", "surface_reelle_bati": 70.0, "nombre_pieces_principales": 4.0, "adresse_nom_voie": "RUE DE LA CROIX SAINT ANTOINE", "price_per_sqm": 2528.5714285714284, "date_iso": "2025-05-23", "parcelle": "770010000B0868", "addr_num": "6"}}, {"type": "Feature", "geometry": {"type": "Point", "coordinates": [2.564994, 48.36334]}, "properties": {"year": 2025, "valeur_fonciere": 256000.0, "type_local": null, "surface_reelle_bati": null, "nombre_pieces_principales": null, "adresse_nom_voie": "LE DESSUS DE LA GARENNE", "price_per_sqm": null, "date_iso": "2025-05-28", "parcelle": "770010000A0126", "addr_num": ""}}, {"type": "Feature", "geometry": {"type": "Point", "coordinates": [2.564485, 48.3635]}, "properties": {"year": 2025, "valeur_fonciere": 256000.0, "type_local": null, "surface_reelle_bati": null, "nombre_pieces_principales": null, "adresse_nom_voie": "LE DESSUS DE LA GARENNE", "price_per_sqm": null, "date_iso": "2025-05-28", "parcelle": "770010000A0127", "addr_num": ""}}, {"type": "Feature", "geometry": {"type": "Point", "coordinates": [2.564091, 48.358489]}, "properties": {"year": 2025, "valeur_fonciere": 256000.0, "type_local": "Maison", "surface_reelle_bati": 82.0, "nombre_pieces_principales": 3.0, "adresse_nom_voie": "DOM DEFONTAINE", "price_per_sqm": 3121.951219512195, "date_iso": "2025-05-28", "parcelle": "770010000A0799", "addr_num": "68"}}, {"type": "Feature", "geometry": {"type": "Point", "coordinates": [2.557445, 48.356485]}, "properties": {"year": 2025, "valeur_fonciere": 614770.0, "type_local": null, "surface_reelle_bati": null, "nombre_pieces_principales": null, "adresse_nom_voie": "RUE DE LA LIBERATION", "price_per_sqm": null, "date_iso": "2025-07-02", "parcelle": "770010000G0057", "addr_num": ""}}, {"type": "Feature", "geometry": {"type": "Point", "coordinates": [2.55719, 48.356369]}, "properties": {"year": 2025, "valeur_fonciere": 614770.0, "type_local": null, "surface_reelle_bati": null, "nombre_pieces_principales": null, "adresse_nom_voie": "LA DEGOUTTOIRE", "price_per_sqm": null, "date_iso": "2025-07-02", "parcelle": "770010000G0356", "addr_num": ""}}, {"type": "Feature", "geometry": {"type": "Point", "coordinates": [2.557708, 48.356412]}, "properties": {"year": 2025, "valeur_fonciere": 614770.0, "type_local": null, "surface_reelle_bati": null, "nombre_pieces_principales": null, "adresse_nom_voie": "LA DEGOUTTOIRE", "price_per_sqm": null, "date_iso": "2025-07-02", "parcelle": "770010000G0357", "addr_num": ""}}, {"type": "Feature", "geometry": {"type": "Point", "coordinates": [2.557762, 48.356503]}, "properties": {"year": 2025, "valeur_fonciere": 614770.0, "type_local": null, "surface_reelle_bati": null, "nombre_pieces_principales": null, "adresse_nom_voie": "LA DEGOUTTOIRE", "price_per_sqm": null, "date_iso": "2025-07-02", "parcelle": "770010000G0358", "addr_num": ""}}, {"type": "Feature", "geometry": {"type": "Point", "coordinates": [2.557849, 48.356065]}, "properties": {"year": 2025, "valeur_fonciere": 614770.0, "type_local": null, "surface_reelle_bati": null, "nombre_pieces_principales": null, "adresse_nom_voie": "LA DEGOUTTOIRE", "price_per_sqm": null, "date_iso": "2025-07-02", "parcelle": "770010000G0361", "addr_num": ""}}, {"type": "Feature", "geometry": {"type": "Point", "coordinates": [2.557541, 48.356308]}, "properties": {"year": 2025, "valeur_fonciere": 614770.0, "type_local": "Maison", "surface_reelle_bati": 136.0, "nombre_pieces_principales": 6.0, "adresse_nom_voie": "RUE DE LA LIBERATION", "price_per_sqm": 4520.367647058823, "date_iso": "2025-07-02", "parcelle": "770010000G0368", "addr_num": "53"}}, {"type": "Feature", "geometry": {"type": "Point", "coordinates": [2.557541, 48.356308]}, "properties": {"year": 2025, "valeur_fonciere": 614770.0, "type_local": "Dépendance", "surface_reelle_bati": null, "nombre_pieces_principales": 0.0, "adresse_nom_voie": "RUE DE LA LIBERATION", "price_per_sqm": null, "date_iso": "2025-07-02", "parcelle": "770010000G0368", "addr_num": "53"}}, {"type": "Feature", "geometry": {"type": "Point", "coordinates": [2.557541, 48.356308]}, "properties": {"year": 2025, "valeur_fonciere": 614770.0, "type_local": "Dépendance", "surface_reelle_bati": null, "nombre_pieces_principales": 0.0, "adresse_nom_voie": "RUE DE LA LIBERATION", "price_per_sqm": null, "date_iso": "2025-07-02", "parcelle": "770010000G0368", "addr_num": "53"}}, {"type": "Feature", "geometry": {"type": "Point", "coordinates": [2.557777, 48.356342]}, "properties": {"year": 2025, "valeur_fonciere": 614770.0, "type_local": null, "surface_reelle_bati": null, "nombre_pieces_principales": null, "adresse_nom_voie": "LA DEGOUTTOIRE", "price_per_sqm": null, "date_iso": "2025-07-02", "parcelle": "770010000G0394", "addr_num": ""}}, {"type": "Feature", "geometry": {"type": "Point", "coordinates": [2.55736, 48.35613]}, "properties": {"year": 2025, "valeur_fonciere": 614770.0, "type_local": null, "surface_reelle_bati": null, "nombre_pieces_principales": null, "adresse_nom_voie": "LA DEGOUTTOIRE", "price_per_sqm": null, "date_iso": "2025-07-02", "parcelle": "770010000G0395", "addr_num": ""}}, {"type": "Feature", "geometry": {"type": "Point", "coordinates": [2.565798, 48.352795]}, "properties": {"year": 2025, "valeur_fonciere": 501400.0, "type_local": "Maison", "surface_reelle_bati": 163.0, "nombre_pieces_principales": 7.0, "adresse_nom_voie": "CHE DE LA MARE AUX ORMES", "price_per_sqm": 3076.0736196319017, "date_iso": "2025-07-03", "parcelle": "770010000G0440", "addr_num": "11"}}, {"type": "Feature", "geometry": {"type": "Point", "coordinates": [2.565798, 48.352795]}, "properties": {"year": 2025, "valeur_fonciere": 501400.0, "type_local": "Maison", "surface_reelle_bati": 163.0, "nombre_pieces_principales": 7.0, "adresse_nom_voie": "CHE DE LA MARE AUX ORMES", "price_per_sqm": 3076.0736196319017, "date_iso": "2025-07-03", "parcelle": "770010000G0440", "addr_num": "11"}}, {"type": "Feature", "geometry": {"type": "Point", "coordinates": [2.562282, 48.341078]}, "properties": {"year": 2025, "valeur_fonciere": 1500.0, "type_local": null, "surface_reelle_bati": null, "nombre_pieces_principales": null, "adresse_nom_voie": "MEUN", "price_per_sqm": null, "date_iso": "2025-07-02", "parcelle": "77001000ZO0077", "addr_num": ""}}, {"type": "Feature", "geometry": {"type": "Point", "coordinates": [2.562271, 48.341206]}, "properties": {"year": 2025, "valeur_fonciere": 1500.0, "type_local": null, "surface_reelle_bati": null, "nombre_pieces_principales": null, "adresse_nom_voie": "MEUN", "price_per_sqm": null, "date_iso": "2025-07-02", "parcelle": "77001000ZO0076", "addr_num": ""}}, {"type": "Feature", "geometry": {"type": "Point", "coordinates": [2.562505, 48.345377]}, "properties": {"year": 2025, "valeur_fonciere": 280000.0, "type_local": "Dépendance", "surface_reelle_bati": null, "nombre_pieces_principales": 0.0, "adresse_nom_voie": "RUE DU MARCHAIS", "price_per_sqm": null, "date_iso": "2025-08-05", "parcelle": "770010000F0803", "addr_num": "19"}}, {"type": "Feature", "geometry": {"type": "Point", "coordinates": [2.562505, 48.345377]}, "properties": {"year": 2025, "valeur_fonciere": 280000.0, "type_local": "Dépendance", "surface_reelle_bati": null, "nombre_pieces_principales": 0.0, "adresse_nom_voie": "RUE DU MARCHAIS", "price_per_sqm": null, "date_iso": "2025-08-05", "parcelle": "770010000F0803", "addr_num": "19"}}, {"type": "Feature", "geometry": {"type": "Point", "coordinates": [2.562505, 48.345377]}, "properties": {"year": 2025, "valeur_fonciere": 280000.0, "type_local": "Dépendance", "surface_reelle_bati": null, "nombre_pieces_principales": 0.0, "adresse_nom_voie": "RUE DU MARCHAIS", "price_per_sqm": null, "date_iso": "2025-08-05", "parcelle": "770010000F0803", "addr_num": "19"}}, {"type": "Feature", "geometry": {"type": "Point", "coordinates": [2.562505, 48.345377]}, "properties": {"year": 2025, "valeur_fonciere": 280000.0, "type_local": "Maison", "surface_reelle_bati": 80.0, "nombre_pieces_principales": 4.0, "adresse_nom_voie": "RUE DU MARCHAIS", "price_per_sqm": 3500.0, "date_iso": "2025-08-05", "parcelle": "770010000F0803", "addr_num": "19"}}, {"type": "Feature", "geometry": {"type": "Point", "coordinates": [2.562505, 48.345377]}, "properties": {"year": 2025, "valeur_fonciere": 280000.0, "type_local": "Maison", "surface_reelle_bati": 80.0, "nombre_pieces_principales": 4.0, "adresse_nom_voie": "RUE DU MARCHAIS", "price_per_sqm": 3500.0, "date_iso": "2025-08-05", "parcelle": "770010000F0803", "addr_num": "19"}}, {"type": "Feature", "geometry": {"type": "Point", "coordinates": [2.562505, 48.345377]}, "properties": {"year": 2025, "valeur_fonciere": 280000.0, "type_local": "Dépendance", "surface_reelle_bati": null, "nombre_pieces_principales": 0.0, "adresse_nom_voie": "RUE DU MARCHAIS", "price_per_sqm": null, "date_iso": "2025-08-05", "parcelle": "770010000F0803", "addr_num": "19"}}, {"type": "Feature", "geometry": {"type": "Point", "coordinates": [2.565089, 48.354829]}, "properties": {"year": 2025, "valeur_fonciere": 280000.0, "type_local": "Maison", "surface_reelle_bati": 120.0, "nombre_pieces_principales": 5.0, "adresse_nom_voie": "LOT DES MAISONS BLANCHES", "price_per_sqm": 2333.3333333333335, "date_iso": "2025-09-04", "parcelle": "770010000G0410", "addr_num": "2"}}, {"type": "Feature", "geometry": {"type": "Point", "coordinates": [2.565089, 48.354829]}, "properties": {"year": 2025, "valeur_fonciere": 280000.0, "type_local": "Maison", "surface_reelle_bati": 120.0, "nombre_pieces_principales": 5.0, "adresse_nom_voie": "LOT DES MAISONS BLANCHES", "price_per_sqm": 2333.3333333333335, "date_iso": "2025-09-04", "parcelle": "770010000G0410", "addr_num": "2"}}, {"type": "Feature", "geometry": {"type": "Point", "coordinates": [2.563613, 48.346864]}, "properties": {"year": 2025, "valeur_fonciere": 446000.0, "type_local": "Maison", "surface_reelle_bati": 137.0, "nombre_pieces_principales": 5.0, "adresse_nom_voie": "RUE DU CLOSEAU", "price_per_sqm": 3255.4744525547444, "date_iso": "2025-09-30", "parcelle": "770010000F0984", "addr_num": "49"}}, {"type": "Feature", "geometry": {"type": "Point", "coordinates": [2.563893, 48.346866]}, "properties": {"year": 2025, "valeur_fonciere": 446000.0, "type_local": null, "surface_reelle_bati": null, "nombre_pieces_principales": null, "adresse_nom_voie": "RUE DU CLOSEAU", "price_per_sqm": null, "date_iso": "2025-09-30", "parcelle": "770010000F0987", "addr_num": "49"}}, {"type": "Feature", "geometry": {"type": "Point", "coordinates": [2.563957, 48.346908]}, "properties": {"year": 2025, "valeur_fonciere": 446000.0, "type_local": null, "surface_reelle_bati": null, "nombre_pieces_principales": null, "adresse_nom_voie": "RUE DU CLOSEAU", "price_per_sqm": null, "date_iso": "2025-09-30", "parcelle": "770010000F0990", "addr_num": "49"}}, {"type": "Feature", "geometry": {"type": "Point", "coordinates": [2.572556, 48.367042]}, "properties": {"year": 2025, "valeur_fonciere": 69476.0, "type_local": null, "surface_reelle_bati": null, "nombre_pieces_principales": null, "adresse_nom_voie": "LES TOURNIQUETS", "price_per_sqm": null, "date_iso": "2025-09-25", "parcelle": "770010000A1063", "addr_num": ""}}, {"type": "Feature", "geometry": {"type": "Point", "coordinates": [2.575862, 48.365607]}, "properties": {"year": 2025, "valeur_fonciere": 69476.0, "type_local": null, "surface_reelle_bati": null, "nombre_pieces_principales": null, "adresse_nom_voie": "LES TOURNIQUETS", "price_per_sqm": null, "date_iso": "2025-09-25", "parcelle": "770010000A1119", "addr_num": ""}}, {"type": "Feature", "geometry": {"type": "Point", "coordinates": [2.584487, 48.360341]}, "properties": {"year": 2025, "valeur_fonciere": 69476.0, "type_local": null, "surface_reelle_bati": null, "nombre_pieces_principales": null, "adresse_nom_voie": "CORNEBICHE", "price_per_sqm": null, "date_iso": "2025-09-25", "parcelle": "770010000B0105", "addr_num": ""}}, {"type": "Feature", "geometry": {"type": "Point", "coordinates": [2.584331, 48.36082]}, "properties": {"year": 2025, "valeur_fonciere": 69476.0, "type_local": null, "surface_reelle_bati": null, "nombre_pieces_principales": null, "adresse_nom_voie": "CORNEBICHE", "price_per_sqm": null, "date_iso": "2025-09-25", "parcelle": "770010000B0109", "addr_num": ""}}, {"type": "Feature", "geometry": {"type": "Point", "coordinates": [2.588251, 48.357217]}, "properties": {"year": 2025, "valeur_fonciere": 69476.0, "type_local": null, "surface_reelle_bati": null, "nombre_pieces_principales": null, "adresse_nom_voie": "LE CLOS ALEXANDRE", "price_per_sqm": null, "date_iso": "2025-09-25", "parcelle": "770010000B0451", "addr_num": ""}}, {"type": "Feature", "geometry": {"type": "Point", "coordinates": [2.543842, 48.34833]}, "properties": {"year": 2025, "valeur_fonciere": 69476.0, "type_local": null, "surface_reelle_bati": null, "nombre_pieces_principales": null, "adresse_nom_voie": "AU DESSUS VALLEE DES VAUBL", "price_per_sqm": null, "date_iso": "2025-09-25", "parcelle": "770010000F0007", "addr_num": ""}}, {"type": "Feature", "geometry": {"type": "Point", "coordinates": [2.546003, 48.34653]}, "properties": {"year": 2025, "valeur_fonciere": 69476.0, "type_local": null, "surface_reelle_bati": null, "nombre_pieces_principales": null, "adresse_nom_voie": "LES VAUBLAS", "price_per_sqm": null, "date_iso": "2025-09-25", "parcelle": "770010000F0217", "addr_num": ""}}, {"type": "Feature", "geometry": {"type": "Point", "coordinates": [2.559125, 48.35028]}, "properties": {"year": 2025, "valeur_fonciere": 69476.0, "type_local": null, "surface_reelle_bati": null, "nombre_pieces_principales": null, "adresse_nom_voie": "CHEVAL BERT", "price_per_sqm": null, "date_iso": "2025-09-25", "parcelle": "77001000ZH0030", "addr_num": ""}}, {"type": "Feature", "geometry": {"type": "Point", "coordinates": [2.578184, 48.343606]}, "properties": {"year": 2025, "valeur_fonciere": 69476.0, "type_local": null, "surface_reelle_bati": null, "nombre_pieces_principales": null, "adresse_nom_voie": "LE CHENE A LA PINONE", "price_per_sqm": null, "date_iso": "2025-09-25", "parcelle": "77001000ZK0061", "addr_num": ""}}, {"type": "Feature", "geometry": {"type": "Point", "coordinates": [2.559503, 48.34293]}, "properties": {"year": 2025, "valeur_fonciere": 69476.0, "type_local": null, "surface_reelle_bati": null, "nombre_pieces_principales": null, "adresse_nom_voie": "LE FOURNEAU", "price_per_sqm": null, "date_iso": "2025-09-25", "parcelle": "77001000ZO0043", "addr_num": ""}}, {"type": "Feature", "geometry": {"type": "Point", "coordinates": [2.559503, 48.34293]}, "properties": {"year": 2025, "valeur_fonciere": 69476.0, "type_local": null, "surface_reelle_bati": null, "nombre_pieces_principales": null, "adresse_nom_voie": "LE FOURNEAU", "price_per_sqm": null, "date_iso": "2025-09-25", "parcelle": "77001000ZO0043", "addr_num": ""}}, {"type": "Feature", "geometry": {"type": "Point", "coordinates": [2.564091, 48.358489]}, "properties": {"year": 2025, "valeur_fonciere": 276800.0, "type_local": "Maison", "surface_reelle_bati": 82.0, "nombre_pieces_principales": 3.0, "adresse_nom_voie": "DOM DEFONTAINE", "price_per_sqm": 3375.609756097561, "date_iso": "2025-10-07", "parcelle": "770010000A0799", "addr_num": "61"}}, {"type": "Feature", "geometry": {"type": "Point", "coordinates": [2.574124, 48.358935]}, "properties": {"year": 2025, "valeur_fonciere": 209000.0, "type_local": null, "surface_reelle_bati": null, "nombre_pieces_principales": null, "adresse_nom_voie": "LA VIEILLE RUE (SUD)", "price_per_sqm": null, "date_iso": "2025-10-27", "parcelle": "77001000ZA0165", "addr_num": ""}}, {"type": "Feature", "geometry": {"type": "Point", "coordinates": [2.573948, 48.358853]}, "properties": {"year": 2025, "valeur_fonciere": 209000.0, "type_local": "Maison", "surface_reelle_bati": 120.0, "nombre_pieces_principales": 4.0, "adresse_nom_voie": "CHE DE FONTAINEBLEAU", "price_per_sqm": 1741.6666666666667, "date_iso": "2025-10-27", "parcelle": "77001000ZA0171", "addr_num": "2"}}, {"type": "Feature", "geometry": {"type": "Point", "coordinates": [2.573948, 48.358853]}, "properties": {"year": 2025, "valeur_fonciere": 209000.0, "type_local": "Maison", "surface_reelle_bati": 120.0, "nombre_pieces_principales": 4.0, "adresse_nom_voie": "CHE DE FONTAINEBLEAU", "price_per_sqm": 1741.6666666666667, "date_iso": "2025-10-27", "parcelle": "77001000ZA0171", "addr_num": "2"}}, {"type": "Feature", "geometry": {"type": "Point", "coordinates": [2.568092, 48.355273]}, "properties": {"year": 2025, "valeur_fonciere": 255000.0, "type_local": "Dépendance", "surface_reelle_bati": null, "nombre_pieces_principales": 0.0, "adresse_nom_voie": "RUE DE LA LIBERATION", "price_per_sqm": null, "date_iso": "2025-10-14", "parcelle": "770010000B0798", "addr_num": "11"}}, {"type": "Feature", "geometry": {"type": "Point", "coordinates": [2.568092, 48.355273]}, "properties": {"year": 2025, "valeur_fonciere": 255000.0, "type_local": "Dépendance", "surface_reelle_bati": null, "nombre_pieces_principales": 0.0, "adresse_nom_voie": "RUE DE LA LIBERATION", "price_per_sqm": null, "date_iso": "2025-10-14", "parcelle": "770010000B0798", "addr_num": "11"}}, {"type": "Feature", "geometry": {"type": "Point", "coordinates": [2.568092, 48.355273]}, "properties": {"year": 2025, "valeur_fonciere": 255000.0, "type_local": "Dépendance", "surface_reelle_bati": null, "nombre_pieces_principales": 0.0, "adresse_nom_voie": "RUE DE LA LIBERATION", "price_per_sqm": null, "date_iso": "2025-10-14", "parcelle": "770010000B0798", "addr_num": "11"}}, {"type": "Feature", "geometry": {"type": "Point", "coordinates": [2.568092, 48.355273]}, "properties": {"year": 2025, "valeur_fonciere": 255000.0, "type_local": "Dépendance", "surface_reelle_bati": null, "nombre_pieces_principales": 0.0, "adresse_nom_voie": "RUE DE LA LIBERATION", "price_per_sqm": null, "date_iso": "2025-10-14", "parcelle": "770010000B0798", "addr_num": "11"}}, {"type": "Feature", "geometry": {"type": "Point", "coordinates": [2.568092, 48.355273]}, "properties": {"year": 2025, "valeur_fonciere": 255000.0, "type_local": "Maison", "surface_reelle_bati": 160.0, "nombre_pieces_principales": 6.0, "adresse_nom_voie": "RUE DE LA LIBERATION", "price_per_sqm": 1593.75, "date_iso": "2025-10-14", "parcelle": "770010000B0798", "addr_num": "11"}}, {"type": "Feature", "geometry": {"type": "Point", "coordinates": [2.567864, 48.355182]}, "properties": {"year": 2025, "valeur_fonciere": 255000.0, "type_local": null, "surface_reelle_bati": null, "nombre_pieces_principales": null, "adresse_nom_voie": "ACHERES", "price_per_sqm": null, "date_iso": "2025-10-14", "parcelle": "770010000B1175", "addr_num": ""}}, {"type": "Feature", "geometry": {"type": "Point", "coordinates": [2.568926, 48.355628]}, "properties": {"year": 2025, "valeur_fonciere": 920000.0, "type_local": "Maison", "surface_reelle_bati": 290.0, "nombre_pieces_principales": 7.0, "adresse_nom_voie": "RUE DU GEN DE GAULLE", "price_per_sqm": 3172.4137931034484, "date_iso": "2025-11-06", "parcelle": "770010000B0776", "addr_num": "1"}}, {"type": "Feature", "geometry": {"type": "Point", "coordinates": [2.568926, 48.355628]}, "properties": {"year": 2025, "valeur_fonciere": 920000.0, "type_local": "Dépendance", "surface_reelle_bati": null, "nombre_pieces_principales": 0.0, "adresse_nom_voie": "RUE DU GEN DE GAULLE", "price_per_sqm": null, "date_iso": "2025-11-06", "parcelle": "770010000B0776", "addr_num": "1"}}, {"type": "Feature", "geometry": {"type": "Point", "coordinates": [2.568819, 48.355457]}, "properties": {"year": 2025, "valeur_fonciere": 920000.0, "type_local": null, "surface_reelle_bati": null, "nombre_pieces_principales": null, "adresse_nom_voie": "RUE DU GEN DE GAULLE", "price_per_sqm": null, "date_iso": "2025-11-06", "parcelle": "770010000B0777", "addr_num": ""}}, {"type": "Feature", "geometry": {"type": "Point", "coordinates": [2.569135, 48.355683]}, "properties": {"year": 2025, "valeur_fonciere": 920000.0, "type_local": "Dépendance", "surface_reelle_bati": null, "nombre_pieces_principales": 0.0, "adresse_nom_voie": "RUE DU GEN DE GAULLE", "price_per_sqm": null, "date_iso": "2025-11-06", "parcelle": "770010000B0883", "addr_num": "1"}}, {"type": "Feature", "geometry": {"type": "Point", "coordinates": [2.569045, 48.355923]}, "properties": {"year": 2025, "valeur_fonciere": 920000.0, "type_local": null, "surface_reelle_bati": null, "nombre_pieces_principales": null, "adresse_nom_voie": "ACHERES", "price_per_sqm": null, "date_iso": "2025-11-06", "parcelle": "770010000B1081", "addr_num": ""}}, {"type": "Feature", "geometry": {"type": "Point", "coordinates": [2.568853, 48.355837]}, "properties": {"year": 2025, "valeur_fonciere": 920000.0, "type_local": null, "surface_reelle_bati": null, "nombre_pieces_principales": null, "adresse_nom_voie": "ACHERES", "price_per_sqm": null, "date_iso": "2025-11-06", "parcelle": "770010000B1082", "addr_num": ""}}, {"type": "Feature", "geometry": {"type": "Point", "coordinates": [2.569099, 48.356519]}, "properties": {"year": 2025, "valeur_fonciere": 920000.0, "type_local": null, "surface_reelle_bati": null, "nombre_pieces_principales": null, "adresse_nom_voie": "ACHERES", "price_per_sqm": null, "date_iso": "2025-11-06", "parcelle": "770010000B1104", "addr_num": ""}}, {"type": "Feature", "geometry": {"type": "Point", "coordinates": [2.569047, 48.356377]}, "properties": {"year": 2025, "valeur_fonciere": 920000.0, "type_local": null, "surface_reelle_bati": null, "nombre_pieces_principales": null, "adresse_nom_voie": "ACHERES", "price_per_sqm": null, "date_iso": "2025-11-06", "parcelle": "770010000B1105", "addr_num": ""}}, {"type": "Feature", "geometry": {"type": "Point", "coordinates": [2.568789, 48.355934]}, "properties": {"year": 2025, "valeur_fonciere": 920000.0, "type_local": null, "surface_reelle_bati": null, "nombre_pieces_principales": null, "adresse_nom_voie": "ACHERES", "price_per_sqm": null, "date_iso": "2025-11-06", "parcelle": "770010000B1106", "addr_num": ""}}, {"type": "Feature", "geometry": {"type": "Point", "coordinates": [2.568645, 48.355647]}, "properties": {"year": 2025, "valeur_fonciere": 920000.0, "type_local": null, "surface_reelle_bati": null, "nombre_pieces_principales": null, "adresse_nom_voie": "ACHERES", "price_per_sqm": null, "date_iso": "2025-11-06", "parcelle": "770010000B1160", "addr_num": ""}}, {"type": "Feature", "geometry": {"type": "Point", "coordinates": [2.568857, 48.357078]}, "properties": {"year": 2025, "valeur_fonciere": 200000.0, "type_local": "Dépendance", "surface_reelle_bati": null, "nombre_pieces_principales": 0.0, "adresse_nom_voie": "RUE DU CHATEAU", "price_per_sqm": null, "date_iso": "2025-12-12", "parcelle": "770010000B1018", "addr_num": "20"}}, {"type": "Feature", "geometry": {"type": "Point", "coordinates": [2.568857, 48.357078]}, "properties": {"year": 2025, "valeur_fonciere": 200000.0, "type_local": "Maison", "surface_reelle_bati": 130.0, "nombre_pieces_principales": 5.0, "adresse_nom_voie": "RUE DU CHATEAU", "price_per_sqm": 1538.4615384615386, "date_iso": "2025-12-12", "parcelle": "770010000B1018", "addr_num": "20"}}, {"type": "Feature", "geometry": {"type": "Point", "coordinates": [2.568857, 48.357078]}, "properties": {"year": 2025, "valeur_fonciere": 200000.0, "type_local": "Dépendance", "surface_reelle_bati": null, "nombre_pieces_principales": 0.0, "adresse_nom_voie": "RUE DU CHATEAU", "price_per_sqm": null, "date_iso": "2025-12-12", "parcelle": "770010000B1018", "addr_num": "20"}}, {"type": "Feature", "geometry": {"type": "Point", "coordinates": [2.568781, 48.357165]}, "properties": {"year": 2025, "valeur_fonciere": 200000.0, "type_local": null, "surface_reelle_bati": null, "nombre_pieces_principales": null, "adresse_nom_voie": "ACHERES", "price_per_sqm": null, "date_iso": "2025-12-12", "parcelle": "770010000B1123", "addr_num": ""}}, {"type": "Feature", "geometry": {"type": "Point", "coordinates": [2.568781, 48.357165]}, "properties": {"year": 2025, "valeur_fonciere": 200000.0, "type_local": null, "surface_reelle_bati": null, "nombre_pieces_principales": null, "adresse_nom_voie": "ACHERES", "price_per_sqm": null, "date_iso": "2025-12-12", "parcelle": "770010000B1123", "addr_num": ""}}]}