{"type": "FeatureCollection", "features": [{"type": "Feature", "geometry": {"type": "Point", "coordinates": [3.065564, 48.454829]}, "properties": {"year": 2021, "valeur_fonciere": 15140.0, "type_local": null, "surface_reelle_bati": null, "nombre_pieces_principales": null, "adresse_nom_voie": "LES FRANCOISERIES", "price_per_sqm": null, "date_iso": "2021-10-07", "parcelle": "773110000D0664", "addr_num": ""}}, {"type": "Feature", "geometry": {"type": "Point", "coordinates": [3.071922, 48.454199]}, "properties": {"year": 2021, "valeur_fonciere": 15140.0, "type_local": null, "surface_reelle_bati": null, "nombre_pieces_principales": null, "adresse_nom_voie": "LES CROYATS", "price_per_sqm": null, "date_iso": "2021-10-07", "parcelle": "77311000ZD0051", "addr_num": ""}}, {"type": "Feature", "geometry": {"type": "Point", "coordinates": [3.071922, 48.454199]}, "properties": {"year": 2021, "valeur_fonciere": 13800.0, "type_local": null, "surface_reelle_bati": null, "nombre_pieces_principales": null, "adresse_nom_voie": "LES CROYATS", "price_per_sqm": null, "date_iso": "2021-10-07", "parcelle": "77311000ZD0051", "addr_num": ""}}, {"type": "Feature", "geometry": {"type": "Point", "coordinates": [3.055214, 48.456768]}, "properties": {"year": 2021, "valeur_fonciere": 70000.0, "type_local": "Dépendance", "surface_reelle_bati": null, "nombre_pieces_principales": 0.0, "adresse_nom_voie": "RUE DE LA FONTAINE GEOFFROY", "price_per_sqm": null, "date_iso": "2021-09-30", "parcelle": "773110000C0745", "addr_num": "16"}}, {"type": "Feature", "geometry": {"type": "Point", "coordinates": [3.055214, 48.456768]}, "properties": {"year": 2021, "valeur_fonciere": 70000.0, "type_local": "Dépendance", "surface_reelle_bati": null, "nombre_pieces_principales": 0.0, "adresse_nom_voie": "RUE DE LA FONTAINE GEOFFROY", "price_per_sqm": null, "date_iso": "2021-09-30", "parcelle": "773110000C0745", "addr_num": "16"}}, {"type": "Feature", "geometry": {"type": "Point", "coordinates": [3.055214, 48.456768]}, "properties": {"year": 2021, "valeur_fonciere": 70000.0, "type_local": "Maison", "surface_reelle_bati": 156.0, "nombre_pieces_principales": 6.0, "adresse_nom_voie": "RUE DE LA FONTAINE GEOFFROY", "price_per_sqm": 448.71794871794873, "date_iso": "2021-09-30", "parcelle": "773110000C0745", "addr_num": "16"}}, {"type": "Feature", "geometry": {"type": "Point", "coordinates": [3.055214, 48.456768]}, "properties": {"year": 2021, "valeur_fonciere": 70000.0, "type_local": "Maison", "surface_reelle_bati": 156.0, "nombre_pieces_principales": 6.0, "adresse_nom_voie": "RUE DE LA FONTAINE GEOFFROY", "price_per_sqm": 448.71794871794873, "date_iso": "2021-09-30", "parcelle": "773110000C0745", "addr_num": "16"}}, {"type": "Feature", "geometry": {"type": "Point", "coordinates": [3.064148, 48.45942]}, "properties": {"year": 2021, "valeur_fonciere": 215000.0, "type_local": null, "surface_reelle_bati": null, "nombre_pieces_principales": null, "adresse_nom_voie": "RUE DE CHAMP GIRARD", "price_per_sqm": null, "date_iso": "2021-10-08", "parcelle": "773110000D0883", "addr_num": ""}}, {"type": "Feature", "geometry": {"type": "Point", "coordinates": [3.064222, 48.459521]}, "properties": {"year": 2021, "valeur_fonciere": 215000.0, "type_local": "Maison", "surface_reelle_bati": 120.0, "nombre_pieces_principales": 4.0, "adresse_nom_voie": "RUE DE GURCY", "price_per_sqm": 1791.6666666666667, "date_iso": "2021-10-08", "parcelle": "773110000D0917", "addr_num": "20"}}, {"type": "Feature", "geometry": {"type": "Point", "coordinates": [3.064319, 48.459428]}, "properties": {"year": 2021, "valeur_fonciere": 215000.0, "type_local": null, "surface_reelle_bati": null, "nombre_pieces_principales": null, "adresse_nom_voie": "RUE DE CHAMP GIRARD", "price_per_sqm": null, "date_iso": "2021-10-08", "parcelle": "773110000D0920", "addr_num": ""}}, {"type": "Feature", "geometry": {"type": "Point", "coordinates": [3.062415, 48.454264]}, "properties": {"year": 2021, "valeur_fonciere": 260000.0, "type_local": "Maison", "surface_reelle_bati": 115.0, "nombre_pieces_principales": 4.0, "adresse_nom_voie": "RUE DE LA TUILERIE", "price_per_sqm": 2260.8695652173915, "date_iso": "2021-10-22", "parcelle": "773110000C0854", "addr_num": "3"}}, {"type": "Feature", "geometry": {"type": "Point", "coordinates": [3.047301, 48.440729]}, "properties": {"year": 2021, "valeur_fonciere": 18000.0, "type_local": null, "surface_reelle_bati": null, "nombre_pieces_principales": null, "adresse_nom_voie": "RUE D ORVILLIERS", "price_per_sqm": null, "date_iso": "2021-11-25", "parcelle": "773110000H0618", "addr_num": ""}}, {"type": "Feature", "geometry": {"type": "Point", "coordinates": [3.063896, 48.459438]}, "properties": {"year": 2021, "valeur_fonciere": 140000.0, "type_local": "Maison", "surface_reelle_bati": 44.0, "nombre_pieces_principales": 2.0, "adresse_nom_voie": "RUE DE CHAMP GIRARD", "price_per_sqm": 3181.818181818182, "date_iso": "2021-11-05", "parcelle": "773110000D0874", "addr_num": "16"}}, {"type": "Feature", "geometry": {"type": "Point", "coordinates": [3.063896, 48.459438]}, "properties": {"year": 2021, "valeur_fonciere": 140000.0, "type_local": "Dépendance", "surface_reelle_bati": null, "nombre_pieces_principales": 0.0, "adresse_nom_voie": "RUE DE CHAMP GIRARD", "price_per_sqm": null, "date_iso": "2021-11-05", "parcelle": "773110000D0874", "addr_num": "16"}}, {"type": "Feature", "geometry": {"type": "Point", "coordinates": [3.063929, 48.459412]}, "properties": {"year": 2021, "valeur_fonciere": 140000.0, "type_local": null, "surface_reelle_bati": null, "nombre_pieces_principales": null, "adresse_nom_voie": "RUE DE CHAMP GIRARD", "price_per_sqm": null, "date_iso": "2021-11-05", "parcelle": "773110000D0875", "addr_num": ""}}, {"type": "Feature", "geometry": {"type": "Point", "coordinates": [3.064001, 48.459465]}, "properties": {"year": 2021, "valeur_fonciere": 140000.0, "type_local": null, "surface_reelle_bati": null, "nombre_pieces_principales": null, "adresse_nom_voie": "RUE DE CHAMP GIRARD", "price_per_sqm": null, "date_iso": "2021-11-05", "parcelle": "773110000D0918", "addr_num": ""}}, {"type": "Feature", "geometry": {"type": "Point", "coordinates": [3.064083, 48.45938]}, "properties": {"year": 2021, "valeur_fonciere": 140000.0, "type_local": null, "surface_reelle_bati": null, "nombre_pieces_principales": null, "adresse_nom_voie": "RUE DE CHAMP GIRARD", "price_per_sqm": null, "date_iso": "2021-11-05", "parcelle": "773110000D0919", "addr_num": ""}}, {"type": "Feature", "geometry": {"type": "Point", "coordinates": [3.062091, 48.451212]}, "properties": {"year": 2021, "valeur_fonciere": 8000.0, "type_local": null, "surface_reelle_bati": null, "nombre_pieces_principales": null, "adresse_nom_voie": "LE VILLAGE", "price_per_sqm": null, "date_iso": "2021-11-30", "parcelle": "773110000G0132", "addr_num": ""}}, {"type": "Feature", "geometry": {"type": "Point", "coordinates": [3.062066, 48.450625]}, "properties": {"year": 2021, "valeur_fonciere": 8000.0, "type_local": null, "surface_reelle_bati": null, "nombre_pieces_principales": null, "adresse_nom_voie": "LE VILLAGE", "price_per_sqm": null, "date_iso": "2021-11-30", "parcelle": "773110000G0133", "addr_num": ""}}, {"type": "Feature", "geometry": {"type": "Point", "coordinates": [3.043573, 48.456947]}, "properties": {"year": 2021, "valeur_fonciere": 110000.0, "type_local": "Dépendance", "surface_reelle_bati": null, "nombre_pieces_principales": 0.0, "adresse_nom_voie": "RUE DE COUTENCON", "price_per_sqm": null, "date_iso": "2021-12-30", "parcelle": "773110000B0141", "addr_num": "26"}}, {"type": "Feature", "geometry": {"type": "Point", "coordinates": [3.043573, 48.456947]}, "properties": {"year": 2021, "valeur_fonciere": 110000.0, "type_local": "Dépendance", "surface_reelle_bati": null, "nombre_pieces_principales": 0.0, "adresse_nom_voie": "RUE DE COUTENCON", "price_per_sqm": null, "date_iso": "2021-12-30", "parcelle": "773110000B0141", "addr_num": "26"}}, {"type": "Feature", "geometry": {"type": "Point", "coordinates": [3.043573, 48.456947]}, "properties": {"year": 2021, "valeur_fonciere": 110000.0, "type_local": "Maison", "surface_reelle_bati": 70.0, "nombre_pieces_principales": 3.0, "adresse_nom_voie": "RUE DE COUTENCON", "price_per_sqm": 1571.4285714285713, "date_iso": "2021-12-30", "parcelle": "773110000B0141", "addr_num": "26"}}, {"type": "Feature", "geometry": {"type": "Point", "coordinates": [3.04373, 48.457075]}, "properties": {"year": 2021, "valeur_fonciere": 110000.0, "type_local": null, "surface_reelle_bati": null, "nombre_pieces_principales": null, "adresse_nom_voie": "LA FONTAINE COUVERTE", "price_per_sqm": null, "date_iso": "2021-12-30", "parcelle": "773110000B0142", "addr_num": ""}}, {"type": "Feature", "geometry": {"type": "Point", "coordinates": [3.043685, 48.456933]}, "properties": {"year": 2021, "valeur_fonciere": 110000.0, "type_local": null, "surface_reelle_bati": null, "nombre_pieces_principales": null, "adresse_nom_voie": "LA FONTAINE COUVERTE", "price_per_sqm": null, "date_iso": "2021-12-30", "parcelle": "773110000B0292", "addr_num": ""}}, {"type": "Feature", "geometry": {"type": "Point", "coordinates": [3.072466, 48.456664]}, "properties": {"year": 2021, "valeur_fonciere": 81060.0, "type_local": null, "surface_reelle_bati": null, "nombre_pieces_principales": null, "adresse_nom_voie": "LES SABLONS", "price_per_sqm": null, "date_iso": "2021-12-23", "parcelle": "773110000E0280", "addr_num": ""}}, {"type": "Feature", "geometry": {"type": "Point", "coordinates": [3.072567, 48.456784]}, "properties": {"year": 2021, "valeur_fonciere": 81060.0, "type_local": null, "surface_reelle_bati": null, "nombre_pieces_principales": null, "adresse_nom_voie": "LES SABLONS", "price_per_sqm": null, "date_iso": "2021-12-23", "parcelle": "773110000E0281", "addr_num": ""}}, {"type": "Feature", "geometry": {"type": "Point", "coordinates": [3.072477, 48.456873]}, "properties": {"year": 2021, "valeur_fonciere": 81060.0, "type_local": null, "surface_reelle_bati": null, "nombre_pieces_principales": null, "adresse_nom_voie": "LES SABLONS", "price_per_sqm": null, "date_iso": "2021-12-23", "parcelle": "773110000E0282", "addr_num": ""}}, {"type": "Feature", "geometry": {"type": "Point", "coordinates": [3.071979, 48.45668]}, "properties": {"year": 2021, "valeur_fonciere": 81060.0, "type_local": "Maison", "surface_reelle_bati": 210.0, "nombre_pieces_principales": 8.0, "adresse_nom_voie": "RUE DE LA MAROTTE", "price_per_sqm": 386.0, "date_iso": "2021-12-23", "parcelle": "773110000E0284", "addr_num": "14"}}, {"type": "Feature", "geometry": {"type": "Point", "coordinates": [3.047096, 48.440666]}, "properties": {"year": 2021, "valeur_fonciere": 145000.0, "type_local": "Maison", "surface_reelle_bati": 145.0, "nombre_pieces_principales": 6.0, "adresse_nom_voie": "RUE D ORVILLIERS", "price_per_sqm": 1000.0, "date_iso": "2021-01-05", "parcelle": "773110000H0062", "addr_num": "454"}}, {"type": "Feature", "geometry": {"type": "Point", "coordinates": [3.047166, 48.440697]}, "properties": {"year": 2021, "valeur_fonciere": 145000.0, "type_local": null, "surface_reelle_bati": null, "nombre_pieces_principales": null, "adresse_nom_voie": "ORVILLIERS", "price_per_sqm": null, "date_iso": "2021-01-05", "parcelle": "773110000H0610", "addr_num": ""}}, {"type": "Feature", "geometry": {"type": "Point", "coordinates": [3.044967, 48.456403]}, "properties": {"year": 2021, "valeur_fonciere": 102399.0, "type_local": null, "surface_reelle_bati": null, "nombre_pieces_principales": null, "adresse_nom_voie": "LA FONTAINE COUVERTE", "price_per_sqm": null, "date_iso": "2021-01-25", "parcelle": "773110000B0132", "addr_num": ""}}, {"type": "Feature", "geometry": {"type": "Point", "coordinates": [3.044524, 48.456619]}, "properties": {"year": 2021, "valeur_fonciere": 102399.0, "type_local": null, "surface_reelle_bati": null, "nombre_pieces_principales": null, "adresse_nom_voie": "LA FONTAINE COUVERTE", "price_per_sqm": null, "date_iso": "2021-01-25", "parcelle": "773110000B0133", "addr_num": ""}}, {"type": "Feature", "geometry": {"type": "Point", "coordinates": [3.044374, 48.456606]}, "properties": {"year": 2021, "valeur_fonciere": 102399.0, "type_local": "Maison", "surface_reelle_bati": 166.0, "nombre_pieces_principales": 6.0, "adresse_nom_voie": "RUE DE COUTENCON", "price_per_sqm": 616.8614457831326, "date_iso": "2021-01-25", "parcelle": "773110000B0134", "addr_num": "20"}}, {"type": "Feature", "geometry": {"type": "Point", "coordinates": [3.058915, 48.456701]}, "properties": {"year": 2021, "valeur_fonciere": 151000.0, "type_local": "Maison", "surface_reelle_bati": 75.0, "nombre_pieces_principales": 2.0, "adresse_nom_voie": "CHE DU TACOT", "price_per_sqm": 2013.3333333333333, "date_iso": "2021-02-12", "parcelle": "773110000C0887", "addr_num": "5459"}}, {"type": "Feature", "geometry": {"type": "Point", "coordinates": [3.058956, 48.456733]}, "properties": {"year": 2021, "valeur_fonciere": 151000.0, "type_local": null, "surface_reelle_bati": null, "nombre_pieces_principales": null, "adresse_nom_voie": "VIEUX CHATEAU", "price_per_sqm": null, "date_iso": "2021-02-12", "parcelle": "773110000C0889", "addr_num": ""}}, {"type": "Feature", "geometry": {"type": "Point", "coordinates": [3.058973, 48.456848]}, "properties": {"year": 2021, "valeur_fonciere": 151000.0, "type_local": null, "surface_reelle_bati": null, "nombre_pieces_principales": null, "adresse_nom_voie": "VIEUX CHATEAU", "price_per_sqm": null, "date_iso": "2021-02-12", "parcelle": "773110000C0985", "addr_num": ""}}, {"type": "Feature", "geometry": {"type": "Point", "coordinates": [3.059153, 48.457103]}, "properties": {"year": 2021, "valeur_fonciere": 151000.0, "type_local": null, "surface_reelle_bati": null, "nombre_pieces_principales": null, "adresse_nom_voie": "VIEUX CHATEAU", "price_per_sqm": null, "date_iso": "2021-02-12", "parcelle": "773110000C1049", "addr_num": ""}}, {"type": "Feature", "geometry": {"type": "Point", "coordinates": [3.05912, 48.456991]}, "properties": {"year": 2021, "valeur_fonciere": 151000.0, "type_local": null, "surface_reelle_bati": null, "nombre_pieces_principales": null, "adresse_nom_voie": "VIEUX CHATEAU", "price_per_sqm": null, "date_iso": "2021-02-12", "parcelle": "773110000C1050", "addr_num": ""}}, {"type": "Feature", "geometry": {"type": "Point", "coordinates": [3.058986, 48.456898]}, "properties": {"year": 2021, "valeur_fonciere": 151000.0, "type_local": null, "surface_reelle_bati": null, "nombre_pieces_principales": null, "adresse_nom_voie": "VIEUX CHATEAU", "price_per_sqm": null, "date_iso": "2021-02-12", "parcelle": "773110000C1053", "addr_num": ""}}, {"type": "Feature", "geometry": {"type": "Point", "coordinates": [3.065407, 48.450534]}, "properties": {"year": 2021, "valeur_fonciere": 600000.0, "type_local": "Maison", "surface_reelle_bati": 282.0, "nombre_pieces_principales": 8.0, "adresse_nom_voie": "RUE TURGOT", "price_per_sqm": 2127.659574468085, "date_iso": "2021-02-12", "parcelle": "77311000ZI0073", "addr_num": "16"}}, {"type": "Feature", "geometry": {"type": "Point", "coordinates": [3.06521, 48.45032]}, "properties": {"year": 2021, "valeur_fonciere": 600000.0, "type_local": null, "surface_reelle_bati": null, "nombre_pieces_principales": null, "adresse_nom_voie": "RUE TURGOT", "price_per_sqm": null, "date_iso": "2021-02-12", "parcelle": "77311000ZI0074", "addr_num": ""}}, {"type": "Feature", "geometry": {"type": "Point", "coordinates": [3.06521, 48.45032]}, "properties": {"year": 2021, "valeur_fonciere": 600000.0, "type_local": null, "surface_reelle_bati": null, "nombre_pieces_principales": null, "adresse_nom_voie": "RUE TURGOT", "price_per_sqm": null, "date_iso": "2021-02-12", "parcelle": "77311000ZI0074", "addr_num": ""}}, {"type": "Feature", "geometry": {"type": "Point", "coordinates": [3.065651, 48.449883]}, "properties": {"year": 2021, "valeur_fonciere": 600000.0, "type_local": null, "surface_reelle_bati": null, "nombre_pieces_principales": null, "adresse_nom_voie": "LE PARC", "price_per_sqm": null, "date_iso": "2021-02-12", "parcelle": "77311000ZI0075", "addr_num": ""}}, {"type": "Feature", "geometry": {"type": "Point", "coordinates": [3.065328, 48.449773]}, "properties": {"year": 2021, "valeur_fonciere": 600000.0, "type_local": null, "surface_reelle_bati": null, "nombre_pieces_principales": null, "adresse_nom_voie": "LE PARC", "price_per_sqm": null, "date_iso": "2021-02-12", "parcelle": "77311000ZI0104", "addr_num": ""}}, {"type": "Feature", "geometry": {"type": "Point", "coordinates": [3.065636, 48.449636]}, "properties": {"year": 2021, "valeur_fonciere": 600000.0, "type_local": null, "surface_reelle_bati": null, "nombre_pieces_principales": null, "adresse_nom_voie": "LE PARC", "price_per_sqm": null, "date_iso": "2021-02-12", "parcelle": "77311000ZI0107", "addr_num": ""}}, {"type": "Feature", "geometry": {"type": "Point", "coordinates": [3.06405, 48.446857]}, "properties": {"year": 2021, "valeur_fonciere": 1000.0, "type_local": null, "surface_reelle_bati": null, "nombre_pieces_principales": null, "adresse_nom_voie": "LE PARC", "price_per_sqm": null, "date_iso": "2021-03-11", "parcelle": "77311000ZI0011", "addr_num": ""}}, {"type": "Feature", "geometry": {"type": "Point", "coordinates": [3.060335, 48.452976]}, "properties": {"year": 2021, "valeur_fonciere": 178000.0, "type_local": "Maison", "surface_reelle_bati": 165.0, "nombre_pieces_principales": 4.0, "adresse_nom_voie": "RUE MONTMART", "price_per_sqm": 1078.7878787878788, "date_iso": "2021-03-25", "parcelle": "773110000G0004", "addr_num": "11"}}, {"type": "Feature", "geometry": {"type": "Point", "coordinates": [3.060351, 48.452886]}, "properties": {"year": 2021, "valeur_fonciere": 178000.0, "type_local": null, "surface_reelle_bati": null, "nombre_pieces_principales": null, "adresse_nom_voie": "LE VILLAGE", "price_per_sqm": null, "date_iso": "2021-03-25", "parcelle": "773110000G0005", "addr_num": ""}}, {"type": "Feature", "geometry": {"type": "Point", "coordinates": [3.060307, 48.45283]}, "properties": {"year": 2021, "valeur_fonciere": 178000.0, "type_local": null, "surface_reelle_bati": null, "nombre_pieces_principales": null, "adresse_nom_voie": "RUE MONTMART", "price_per_sqm": null, "date_iso": "2021-03-25", "parcelle": "773110000G0006", "addr_num": ""}}, {"type": "Feature", "geometry": {"type": "Point", "coordinates": [3.022884, 48.439425]}, "properties": {"year": 2021, "valeur_fonciere": 395000.0, "type_local": null, "surface_reelle_bati": null, "nombre_pieces_principales": null, "adresse_nom_voie": "LE TREMBLAY", "price_per_sqm": null, "date_iso": "2021-04-01", "parcelle": "773110000A0219", "addr_num": ""}}, {"type": "Feature", "geometry": {"type": "Point", "coordinates": [3.023403, 48.439794]}, "properties": {"year": 2021, "valeur_fonciere": 395000.0, "type_local": null, "surface_reelle_bati": null, "nombre_pieces_principales": null, "adresse_nom_voie": "LES CINQ CHEMINS", "price_per_sqm": null, "date_iso": "2021-04-01", "parcelle": "773110000A0220", "addr_num": ""}}, {"type": "Feature", "geometry": {"type": "Point", "coordinates": [3.02301, 48.439694]}, "properties": {"year": 2021, "valeur_fonciere": 395000.0, "type_local": null, "surface_reelle_bati": null, "nombre_pieces_principales": null, "adresse_nom_voie": "LE TREMBLAY", "price_per_sqm": null, "date_iso": "2021-04-01", "parcelle": "773110000A0224", "addr_num": ""}}, {"type": "Feature", "geometry": {"type": "Point", "coordinates": [3.023318, 48.440236]}, "properties": {"year": 2021, "valeur_fonciere": 395000.0, "type_local": null, "surface_reelle_bati": null, "nombre_pieces_principales": null, "adresse_nom_voie": "LE TREMBLAY", "price_per_sqm": null, "date_iso": "2021-04-01", "parcelle": "773110000A0225", "addr_num": ""}}, {"type": "Feature", "geometry": {"type": "Point", "coordinates": [3.023092, 48.440349]}, "properties": {"year": 2021, "valeur_fonciere": 395000.0, "type_local": null, "surface_reelle_bati": null, "nombre_pieces_principales": null, "adresse_nom_voie": "LE TREMBLAY", "price_per_sqm": null, "date_iso": "2021-04-01", "parcelle": "773110000A0228", "addr_num": ""}}, {"type": "Feature", "geometry": {"type": "Point", "coordinates": [3.022421, 48.440842]}, "properties": {"year": 2021, "valeur_fonciere": 395000.0, "type_local": null, "surface_reelle_bati": null, "nombre_pieces_principales": null, "adresse_nom_voie": "LE TREMBLAY", "price_per_sqm": null, "date_iso": "2021-04-01", "parcelle": "773110000A0230", "addr_num": ""}}, {"type": "Feature", "geometry": {"type": "Point", "coordinates": [3.063132, 48.452751]}, "properties": {"year": 2021, "valeur_fonciere": 275000.0, "type_local": "Maison", "surface_reelle_bati": 163.0, "nombre_pieces_principales": 4.0, "adresse_nom_voie": "GR GRANDE RUE", "price_per_sqm": 1687.1165644171779, "date_iso": "2021-04-30", "parcelle": "773110000G0051", "addr_num": "7"}}, {"type": "Feature", "geometry": {"type": "Point", "coordinates": [3.063011, 48.452979]}, "properties": {"year": 2021, "valeur_fonciere": 275000.0, "type_local": null, "surface_reelle_bati": null, "nombre_pieces_principales": null, "adresse_nom_voie": "LE VILLAGE", "price_per_sqm": null, "date_iso": "2021-04-30", "parcelle": "773110000G0626", "addr_num": ""}}, {"type": "Feature", "geometry": {"type": "Point", "coordinates": [3.063041, 48.453136]}, "properties": {"year": 2021, "valeur_fonciere": 275000.0, "type_local": null, "surface_reelle_bati": null, "nombre_pieces_principales": null, "adresse_nom_voie": "LE VILLAGE", "price_per_sqm": null, "date_iso": "2021-04-30", "parcelle": "773110000G0627", "addr_num": ""}}, {"type": "Feature", "geometry": {"type": "Point", "coordinates": [3.056208, 48.452793]}, "properties": {"year": 2021, "valeur_fonciere": 240000.0, "type_local": "Maison", "surface_reelle_bati": 146.0, "nombre_pieces_principales": 4.0, "adresse_nom_voie": "RUE DU MOULIN D ARS", "price_per_sqm": 1643.835616438356, "date_iso": "2021-04-29", "parcelle": "773110000C0152", "addr_num": "21"}}, {"type": "Feature", "geometry": {"type": "Point", "coordinates": [3.056208, 48.452793]}, "properties": {"year": 2021, "valeur_fonciere": 240000.0, "type_local": "Maison", "surface_reelle_bati": 146.0, "nombre_pieces_principales": 4.0, "adresse_nom_voie": "RUE DU MOULIN D ARS", "price_per_sqm": 1643.835616438356, "date_iso": "2021-04-29", "parcelle": "773110000C0152", "addr_num": "21"}}, {"type": "Feature", "geometry": {"type": "Point", "coordinates": [3.060993, 48.452771]}, "properties": {"year": 2021, "valeur_fonciere": 247481.14, "type_local": null, "surface_reelle_bati": null, "nombre_pieces_principales": null, "adresse_nom_voie": "LE VILLAGE", "price_per_sqm": null, "date_iso": "2021-05-14", "parcelle": "773110000G0019", "addr_num": ""}}, {"type": "Feature", "geometry": {"type": "Point", "coordinates": [3.060889, 48.452821]}, "properties": {"year": 2021, "valeur_fonciere": 247481.14, "type_local": "Maison", "surface_reelle_bati": 122.0, "nombre_pieces_principales": 6.0, "adresse_nom_voie": "RUE AU BEURRE", "price_per_sqm": 2028.5339344262297, "date_iso": "2021-05-14", "parcelle": "773110000G0020", "addr_num": "5"}}, {"type": "Feature", "geometry": {"type": "Point", "coordinates": [3.057099, 48.458362]}, "properties": {"year": 2021, "valeur_fonciere": 1300.0, "type_local": null, "surface_reelle_bati": null, "nombre_pieces_principales": null, "adresse_nom_voie": "VIEUX CHATEAU", "price_per_sqm": null, "date_iso": "2021-06-07", "parcelle": "77311000ZB0036", "addr_num": ""}}, {"type": "Feature", "geometry": {"type": "Point", "coordinates": [3.072107, 48.456067]}, "properties": {"year": 2021, "valeur_fonciere": 182800.0, "type_local": "Maison", "surface_reelle_bati": 65.0, "nombre_pieces_principales": 5.0, "adresse_nom_voie": "RUE DE LA MAROTTE", "price_per_sqm": 2812.3076923076924, "date_iso": "2021-06-12", "parcelle": "77311000ZD0058", "addr_num": "8"}}, {"type": "Feature", "geometry": {"type": "Point", "coordinates": [3.072107, 48.456067]}, "properties": {"year": 2021, "valeur_fonciere": 182800.0, "type_local": "Maison", "surface_reelle_bati": 65.0, "nombre_pieces_principales": 5.0, "adresse_nom_voie": "RUE DE LA MAROTTE", "price_per_sqm": 2812.3076923076924, "date_iso": "2021-06-12", "parcelle": "77311000ZD0058", "addr_num": "8"}}, {"type": "Feature", "geometry": {"type": "Point", "coordinates": [3.058727, 48.454511]}, "properties": {"year": 2021, "valeur_fonciere": 170000.0, "type_local": null, "surface_reelle_bati": null, "nombre_pieces_principales": null, "adresse_nom_voie": "LA TUILERIE", "price_per_sqm": null, "date_iso": "2021-06-24", "parcelle": "773110000C0109", "addr_num": ""}}, {"type": "Feature", "geometry": {"type": "Point", "coordinates": [3.059606, 48.454473]}, "properties": {"year": 2021, "valeur_fonciere": 170000.0, "type_local": null, "surface_reelle_bati": null, "nombre_pieces_principales": null, "adresse_nom_voie": "LA TUILERIE", "price_per_sqm": null, "date_iso": "2021-06-24", "parcelle": "773110000C0111", "addr_num": ""}}, {"type": "Feature", "geometry": {"type": "Point", "coordinates": [3.059593, 48.454352]}, "properties": {"year": 2021, "valeur_fonciere": 170000.0, "type_local": "Maison", "surface_reelle_bati": 59.0, "nombre_pieces_principales": 2.0, "adresse_nom_voie": "RUE MONTMART", "price_per_sqm": 2881.35593220339, "date_iso": "2021-06-24", "parcelle": "773110000C0112", "addr_num": "23"}}, {"type": "Feature", "geometry": {"type": "Point", "coordinates": [3.059088, 48.454241]}, "properties": {"year": 2021, "valeur_fonciere": 170000.0, "type_local": null, "surface_reelle_bati": null, "nombre_pieces_principales": null, "adresse_nom_voie": "LA TUILERIE", "price_per_sqm": null, "date_iso": "2021-06-24", "parcelle": "773110000C0116", "addr_num": ""}}, {"type": "Feature", "geometry": {"type": "Point", "coordinates": [3.063278, 48.452487]}, "properties": {"year": 2021, "valeur_fonciere": 240000.0, "type_local": null, "surface_reelle_bati": null, "nombre_pieces_principales": null, "adresse_nom_voie": "LE VILLAGE", "price_per_sqm": null, "date_iso": "2021-06-22", "parcelle": "773110000G0066", "addr_num": ""}}, {"type": "Feature", "geometry": {"type": "Point", "coordinates": [3.063185, 48.452392]}, "properties": {"year": 2021, "valeur_fonciere": 240000.0, "type_local": "Maison", "surface_reelle_bati": 180.0, "nombre_pieces_principales": 8.0, "adresse_nom_voie": "GR GRANDE RUE", "price_per_sqm": 1333.3333333333333, "date_iso": "2021-06-22", "parcelle": "773110000G0616", "addr_num": "6"}}, {"type": "Feature", "geometry": {"type": "Point", "coordinates": [3.058782, 48.452061]}, "properties": {"year": 2021, "valeur_fonciere": 72000.0, "type_local": "Maison", "surface_reelle_bati": 76.0, "nombre_pieces_principales": 4.0, "adresse_nom_voie": "RUE DU MOULIN D ARS", "price_per_sqm": 947.3684210526316, "date_iso": "2021-06-29", "parcelle": "773110000C0133", "addr_num": "5"}}, {"type": "Feature", "geometry": {"type": "Point", "coordinates": [3.058728, 48.451953]}, "properties": {"year": 2021, "valeur_fonciere": 72000.0, "type_local": null, "surface_reelle_bati": null, "nombre_pieces_principales": null, "adresse_nom_voie": "RUE DU MOULIN D ARS", "price_per_sqm": null, "date_iso": "2021-06-29", "parcelle": "773110000C0689", "addr_num": ""}}, {"type": "Feature", "geometry": {"type": "Point", "coordinates": [3.063215, 48.453364]}, "properties": {"year": 2021, "valeur_fonciere": 327000.0, "type_local": "Maison", "surface_reelle_bati": 196.0, "nombre_pieces_principales": 7.0, "adresse_nom_voie": "RUE DU COCHERET", "price_per_sqm": 1668.3673469387754, "date_iso": "2021-07-31", "parcelle": "773110000C0738", "addr_num": "5"}}, {"type": "Feature", "geometry": {"type": "Point", "coordinates": [3.063215, 48.453364]}, "properties": {"year": 2021, "valeur_fonciere": 327000.0, "type_local": "Maison", "surface_reelle_bati": 196.0, "nombre_pieces_principales": 7.0, "adresse_nom_voie": "RUE DU COCHERET", "price_per_sqm": 1668.3673469387754, "date_iso": "2021-07-31", "parcelle": "773110000C0738", "addr_num": "5"}}, {"type": "Feature", "geometry": {"type": "Point", "coordinates": [3.063215, 48.453364]}, "properties": {"year": 2021, "valeur_fonciere": 327000.0, "type_local": "Maison", "surface_reelle_bati": 196.0, "nombre_pieces_principales": 7.0, "adresse_nom_voie": "RUE DU COCHERET", "price_per_sqm": 1668.3673469387754, "date_iso": "2021-07-31", "parcelle": "773110000C0738", "addr_num": "5"}}, {"type": "Feature", "geometry": {"type": "Point", "coordinates": [3.063756, 48.452361]}, "properties": {"year": 2021, "valeur_fonciere": 50000.0, "type_local": null, "surface_reelle_bati": null, "nombre_pieces_principales": null, "adresse_nom_voie": "LE VILLAGE", "price_per_sqm": null, "date_iso": "2021-08-11", "parcelle": "773110000G0621", "addr_num": ""}}, {"type": "Feature", "geometry": {"type": "Point", "coordinates": [3.055929, 48.456672]}, "properties": {"year": 2021, "valeur_fonciere": 173770.0, "type_local": "Maison", "surface_reelle_bati": 110.0, "nombre_pieces_principales": 4.0, "adresse_nom_voie": "RUE DE LA FONTAINE GEOFFROY", "price_per_sqm": 1579.7272727272727, "date_iso": "2021-08-04", "parcelle": "773110000C0023", "addr_num": "7"}}, {"type": "Feature", "geometry": {"type": "Point", "coordinates": [3.056137, 48.456423]}, "properties": {"year": 2021, "valeur_fonciere": 173770.0, "type_local": null, "surface_reelle_bati": null, "nombre_pieces_principales": null, "adresse_nom_voie": "VIEUX CHATEAU", "price_per_sqm": null, "date_iso": "2021-08-04", "parcelle": "773110000C0025", "addr_num": ""}}, {"type": "Feature", "geometry": {"type": "Point", "coordinates": [3.06673, 48.452673]}, "properties": {"year": 2021, "valeur_fonciere": 253000.0, "type_local": "Dépendance", "surface_reelle_bati": null, "nombre_pieces_principales": 0.0, "adresse_nom_voie": "GR GRANDE RUE", "price_per_sqm": null, "date_iso": "2021-08-24", "parcelle": "773110000F0025", "addr_num": "42"}}, {"type": "Feature", "geometry": {"type": "Point", "coordinates": [3.06673, 48.452673]}, "properties": {"year": 2021, "valeur_fonciere": 253000.0, "type_local": "Maison", "surface_reelle_bati": 208.0, "nombre_pieces_principales": 9.0, "adresse_nom_voie": "GR GRANDE RUE", "price_per_sqm": 1216.3461538461538, "date_iso": "2021-08-24", "parcelle": "773110000F0025", "addr_num": "42"}}, {"type": "Feature", "geometry": {"type": "Point", "coordinates": [3.066796, 48.452598]}, "properties": {"year": 2021, "valeur_fonciere": 253000.0, "type_local": null, "surface_reelle_bati": null, "nombre_pieces_principales": null, "adresse_nom_voie": "CLOS MOREAU", "price_per_sqm": null, "date_iso": "2021-08-24", "parcelle": "773110000F0026", "addr_num": ""}}, {"type": "Feature", "geometry": {"type": "Point", "coordinates": [3.066891, 48.452097]}, "properties": {"year": 2021, "valeur_fonciere": 253000.0, "type_local": null, "surface_reelle_bati": null, "nombre_pieces_principales": null, "adresse_nom_voie": "CLOS MOREAU", "price_per_sqm": null, "date_iso": "2021-08-24", "parcelle": "773110000F0028", "addr_num": ""}}, {"type": "Feature", "geometry": {"type": "Point", "coordinates": [3.067044, 48.452011]}, "properties": {"year": 2021, "valeur_fonciere": 253000.0, "type_local": null, "surface_reelle_bati": null, "nombre_pieces_principales": null, "adresse_nom_voie": "CLOS MOREAU", "price_per_sqm": null, "date_iso": "2021-08-24", "parcelle": "773110000F0029", "addr_num": ""}}, {"type": "Feature", "geometry": {"type": "Point", "coordinates": [3.067314, 48.451787]}, "properties": {"year": 2021, "valeur_fonciere": 253000.0, "type_local": null, "surface_reelle_bati": null, "nombre_pieces_principales": null, "adresse_nom_voie": "CLOS MOREAU", "price_per_sqm": null, "date_iso": "2021-08-24", "parcelle": "773110000F0037", "addr_num": ""}}, {"type": "Feature", "geometry": {"type": "Point", "coordinates": [3.066647, 48.45275]}, "properties": {"year": 2021, "valeur_fonciere": 253000.0, "type_local": "Dépendance", "surface_reelle_bati": null, "nombre_pieces_principales": 0.0, "adresse_nom_voie": "GR GRANDE RUE", "price_per_sqm": null, "date_iso": "2021-08-24", "parcelle": "773110000F0395", "addr_num": "40"}}, {"type": "Feature", "geometry": {"type": "Point", "coordinates": [3.06638, 48.452646]}, "properties": {"year": 2021, "valeur_fonciere": 253000.0, "type_local": null, "surface_reelle_bati": null, "nombre_pieces_principales": null, "adresse_nom_voie": "CLOS MOREAU", "price_per_sqm": null, "date_iso": "2021-08-24", "parcelle": "773110000F0421", "addr_num": ""}}, {"type": "Feature", "geometry": {"type": "Point", "coordinates": [3.066651, 48.452591]}, "properties": {"year": 2021, "valeur_fonciere": 253000.0, "type_local": null, "surface_reelle_bati": null, "nombre_pieces_principales": null, "adresse_nom_voie": "CLOS MOREAU", "price_per_sqm": null, "date_iso": "2021-08-24", "parcelle": "773110000F0429", "addr_num": ""}}, {"type": "Feature", "geometry": {"type": "Point", "coordinates": [3.066703, 48.452423]}, "properties": {"year": 2021, "valeur_fonciere": 253000.0, "type_local": null, "surface_reelle_bati": null, "nombre_pieces_principales": null, "adresse_nom_voie": "CLOS MOREAU", "price_per_sqm": null, "date_iso": "2021-08-24", "parcelle": "773110000F0431", "addr_num": ""}}, {"type": "Feature", "geometry": {"type": "Point", "coordinates": [3.066839, 48.451895]}, "properties": {"year": 2021, "valeur_fonciere": 253000.0, "type_local": null, "surface_reelle_bati": null, "nombre_pieces_principales": null, "adresse_nom_voie": "CLOS MOREAU", "price_per_sqm": null, "date_iso": "2021-08-24", "parcelle": "773110000F0432", "addr_num": ""}}, {"type": "Feature", "geometry": {"type": "Point", "coordinates": [3.066638, 48.452409]}, "properties": {"year": 2021, "valeur_fonciere": 253000.0, "type_local": null, "surface_reelle_bati": null, "nombre_pieces_principales": null, "adresse_nom_voie": "CLOS MOREAU", "price_per_sqm": null, "date_iso": "2021-08-24", "parcelle": "773110000F0433", "addr_num": ""}}, {"type": "Feature", "geometry": {"type": "Point", "coordinates": [3.066851, 48.452533]}, "properties": {"year": 2021, "valeur_fonciere": 253000.0, "type_local": null, "surface_reelle_bati": null, "nombre_pieces_principales": null, "adresse_nom_voie": "GR GRANDE RUE", "price_per_sqm": null, "date_iso": "2021-08-24", "parcelle": "773110000F0471", "addr_num": ""}}, {"type": "Feature", "geometry": {"type": "Point", "coordinates": [3.06687, 48.452501]}, "properties": {"year": 2021, "valeur_fonciere": 253000.0, "type_local": null, "surface_reelle_bati": null, "nombre_pieces_principales": null, "adresse_nom_voie": "GR GRANDE RUE", "price_per_sqm": null, "date_iso": "2021-08-24", "parcelle": "773110000F0472", "addr_num": ""}}, {"type": "Feature", "geometry": {"type": "Point", "coordinates": [3.066654, 48.452699]}, "properties": {"year": 2021, "valeur_fonciere": 253000.0, "type_local": "Dépendance", "surface_reelle_bati": null, "nombre_pieces_principales": 0.0, "adresse_nom_voie": "GR GRANDE RUE", "price_per_sqm": null, "date_iso": "2021-08-24", "parcelle": "773110000F0474", "addr_num": "40"}}, {"type": "Feature", "geometry": {"type": "Point", "coordinates": [3.060805, 48.455936]}, "properties": {"year": 2021, "valeur_fonciere": 288000.0, "type_local": null, "surface_reelle_bati": null, "nombre_pieces_principales": null, "adresse_nom_voie": "RUE DU COCHERET", "price_per_sqm": null, "date_iso": "2021-09-06", "parcelle": "773110000C0912", "addr_num": ""}}, {"type": "Feature", "geometry": {"type": "Point", "coordinates": [3.060803, 48.455726]}, "properties": {"year": 2021, "valeur_fonciere": 288000.0, "type_local": null, "surface_reelle_bati": null, "nombre_pieces_principales": null, "adresse_nom_voie": "RUE DU COCHERET", "price_per_sqm": null, "date_iso": "2021-09-06", "parcelle": "773110000C0926", "addr_num": ""}}, {"type": "Feature", "geometry": {"type": "Point", "coordinates": [3.060577, 48.455807]}, "properties": {"year": 2021, "valeur_fonciere": 288000.0, "type_local": "Maison", "surface_reelle_bati": 102.0, "nombre_pieces_principales": 3.0, "adresse_nom_voie": "RUE DE LA TUILERIE", "price_per_sqm": 2823.529411764706, "date_iso": "2021-09-06", "parcelle": "773110000C0929", "addr_num": "20"}}, {"type": "Feature", "geometry": {"type": "Point", "coordinates": [3.060491, 48.45593]}, "properties": {"year": 2021, "valeur_fonciere": 288000.0, "type_local": null, "surface_reelle_bati": null, "nombre_pieces_principales": null, "adresse_nom_voie": "LE COCHERET", "price_per_sqm": null, "date_iso": "2021-09-06", "parcelle": "773110000C0930", "addr_num": ""}}, {"type": "Feature", "geometry": {"type": "Point", "coordinates": [3.062675, 48.453864]}, "properties": {"year": 2022, "valeur_fonciere": 250000.0, "type_local": "Maison", "surface_reelle_bati": 116.0, "nombre_pieces_principales": 6.0, "adresse_nom_voie": "RUE DE LA TUILERIE", "price_per_sqm": 2155.1724137931033, "date_iso": "2022-01-22", "parcelle": "773110000C0758", "addr_num": "3"}}, {"type": "Feature", "geometry": {"type": "Point", "coordinates": [3.062544, 48.454071]}, "properties": {"year": 2022, "valeur_fonciere": 250000.0, "type_local": null, "surface_reelle_bati": null, "nombre_pieces_principales": null, "adresse_nom_voie": "LE COCHERET", "price_per_sqm": null, "date_iso": "2022-01-22", "parcelle": "773110000C0853", "addr_num": ""}}, {"type": "Feature", "geometry": {"type": "Point", "coordinates": [3.063924, 48.452446]}, "properties": {"year": 2022, "valeur_fonciere": 189500.0, "type_local": "Dépendance", "surface_reelle_bati": null, "nombre_pieces_principales": 0.0, "adresse_nom_voie": "GR GRANDE RUE", "price_per_sqm": null, "date_iso": "2022-01-15", "parcelle": "773110000G0061", "addr_num": "18"}}, {"type": "Feature", "geometry": {"type": "Point", "coordinates": [3.063924, 48.452446]}, "properties": {"year": 2022, "valeur_fonciere": 189500.0, "type_local": "Maison", "surface_reelle_bati": 66.0, "nombre_pieces_principales": 3.0, "adresse_nom_voie": "GR GRANDE RUE", "price_per_sqm": 2871.212121212121, "date_iso": "2022-01-15", "parcelle": "773110000G0061", "addr_num": "18"}}, {"type": "Feature", "geometry": {"type": "Point", "coordinates": [3.063924, 48.452446]}, "properties": {"year": 2022, "valeur_fonciere": 189500.0, "type_local": "Dépendance", "surface_reelle_bati": null, "nombre_pieces_principales": 0.0, "adresse_nom_voie": "GR GRANDE RUE", "price_per_sqm": null, "date_iso": "2022-01-15", "parcelle": "773110000G0061", "addr_num": "18"}}, {"type": "Feature", "geometry": {"type": "Point", "coordinates": [3.063924, 48.452446]}, "properties": {"year": 2022, "valeur_fonciere": 189500.0, "type_local": "Dépendance", "surface_reelle_bati": null, "nombre_pieces_principales": 0.0, "adresse_nom_voie": "GR GRANDE RUE", "price_per_sqm": null, "date_iso": "2022-01-15", "parcelle": "773110000G0061", "addr_num": "18"}}, {"type": "Feature", "geometry": {"type": "Point", "coordinates": [3.070475, 48.454877]}, "properties": {"year": 2022, "valeur_fonciere": 47000.0, "type_local": "Dépendance", "surface_reelle_bati": null, "nombre_pieces_principales": 0.0, "adresse_nom_voie": "RUE DES FRANCOISERIES", "price_per_sqm": null, "date_iso": "2022-01-24", "parcelle": "77311000ZD0164", "addr_num": "24"}}, {"type": "Feature", "geometry": {"type": "Point", "coordinates": [3.070475, 48.454877]}, "properties": {"year": 2022, "valeur_fonciere": 47000.0, "type_local": "Dépendance", "surface_reelle_bati": null, "nombre_pieces_principales": 0.0, "adresse_nom_voie": "RUE DES FRANCOISERIES", "price_per_sqm": null, "date_iso": "2022-01-24", "parcelle": "77311000ZD0164", "addr_num": "24"}}, {"type": "Feature", "geometry": {"type": "Point", "coordinates": [3.0629, 48.452326]}, "properties": {"year": 2022, "valeur_fonciere": 127000.0, "type_local": "Dépendance", "surface_reelle_bati": null, "nombre_pieces_principales": 0.0, "adresse_nom_voie": "GR GRANDE RUE", "price_per_sqm": null, "date_iso": "2022-02-09", "parcelle": "773110000G0618", "addr_num": "4"}}, {"type": "Feature", "geometry": {"type": "Point", "coordinates": [3.0629, 48.452326]}, "properties": {"year": 2022, "valeur_fonciere": 127000.0, "type_local": "Dépendance", "surface_reelle_bati": null, "nombre_pieces_principales": 0.0, "adresse_nom_voie": "GR GRANDE RUE", "price_per_sqm": null, "date_iso": "2022-02-09", "parcelle": "773110000G0618", "addr_num": "4"}}, {"type": "Feature", "geometry": {"type": "Point", "coordinates": [3.0629, 48.452326]}, "properties": {"year": 2022, "valeur_fonciere": 127000.0, "type_local": "Dépendance", "surface_reelle_bati": null, "nombre_pieces_principales": 0.0, "adresse_nom_voie": "GR GRANDE RUE", "price_per_sqm": null, "date_iso": "2022-02-09", "parcelle": "773110000G0618", "addr_num": "4"}}, {"type": "Feature", "geometry": {"type": "Point", "coordinates": [3.0629, 48.452326]}, "properties": {"year": 2022, "valeur_fonciere": 127000.0, "type_local": "Appartement", "surface_reelle_bati": 66.0, "nombre_pieces_principales": 3.0, "adresse_nom_voie": "GR GRANDE RUE", "price_per_sqm": 1924.2424242424242, "date_iso": "2022-02-09", "parcelle": "773110000G0618", "addr_num": "4"}}, {"type": "Feature", "geometry": {"type": "Point", "coordinates": [3.0629, 48.452326]}, "properties": {"year": 2022, "valeur_fonciere": 127000.0, "type_local": "Appartement", "surface_reelle_bati": 39.0, "nombre_pieces_principales": 2.0, "adresse_nom_voie": "GR GRANDE RUE", "price_per_sqm": 3256.4102564102564, "date_iso": "2022-02-09", "parcelle": "773110000G0618", "addr_num": "4"}}, {"type": "Feature", "geometry": {"type": "Point", "coordinates": [3.0629, 48.452326]}, "properties": {"year": 2022, "valeur_fonciere": 127000.0, "type_local": "Dépendance", "surface_reelle_bati": null, "nombre_pieces_principales": 0.0, "adresse_nom_voie": "GR GRANDE RUE", "price_per_sqm": null, "date_iso": "2022-02-09", "parcelle": "773110000G0618", "addr_num": "4"}}, {"type": "Feature", "geometry": {"type": "Point", "coordinates": [3.0629, 48.452326]}, "properties": {"year": 2022, "valeur_fonciere": 127000.0, "type_local": "Dépendance", "surface_reelle_bati": null, "nombre_pieces_principales": 0.0, "adresse_nom_voie": "GR GRANDE RUE", "price_per_sqm": null, "date_iso": "2022-02-09", "parcelle": "773110000G0618", "addr_num": "4"}}, {"type": "Feature", "geometry": {"type": "Point", "coordinates": [3.061345, 48.452298]}, "properties": {"year": 2022, "valeur_fonciere": 68000.0, "type_local": "Maison", "surface_reelle_bati": 48.0, "nombre_pieces_principales": 1.0, "adresse_nom_voie": "VOIE DE LA LIBERTE", "price_per_sqm": 1416.6666666666667, "date_iso": "2022-02-18", "parcelle": "773110000G0532", "addr_num": "5"}}, {"type": "Feature", "geometry": {"type": "Point", "coordinates": [3.047096, 48.440666]}, "properties": {"year": 2022, "valeur_fonciere": 187000.0, "type_local": "Maison", "surface_reelle_bati": 145.0, "nombre_pieces_principales": 6.0, "adresse_nom_voie": "RUE D ORVILLIERS", "price_per_sqm": 1289.655172413793, "date_iso": "2022-03-09", "parcelle": "773110000H0062", "addr_num": "454"}}, {"type": "Feature", "geometry": {"type": "Point", "coordinates": [3.047166, 48.440697]}, "properties": {"year": 2022, "valeur_fonciere": 187000.0, "type_local": null, "surface_reelle_bati": null, "nombre_pieces_principales": null, "adresse_nom_voie": "ORVILLIERS", "price_per_sqm": null, "date_iso": "2022-03-09", "parcelle": "773110000H0610", "addr_num": ""}}, {"type": "Feature", "geometry": {"type": "Point", "coordinates": [3.061574, 48.453515]}, "properties": {"year": 2022, "valeur_fonciere": 37000.0, "type_local": null, "surface_reelle_bati": null, "nombre_pieces_principales": null, "adresse_nom_voie": "LE COCHERET", "price_per_sqm": null, "date_iso": "2022-02-22", "parcelle": "773110000C0295", "addr_num": ""}}, {"type": "Feature", "geometry": {"type": "Point", "coordinates": [3.061491, 48.453394]}, "properties": {"year": 2022, "valeur_fonciere": 37000.0, "type_local": null, "surface_reelle_bati": null, "nombre_pieces_principales": null, "adresse_nom_voie": "LE COCHERET", "price_per_sqm": null, "date_iso": "2022-02-22", "parcelle": "773110000C0298", "addr_num": ""}}, {"type": "Feature", "geometry": {"type": "Point", "coordinates": [3.067149, 48.452207]}, "properties": {"year": 2022, "valeur_fonciere": 80000.0, "type_local": "Maison", "surface_reelle_bati": 60.0, "nombre_pieces_principales": 3.0, "adresse_nom_voie": "GR GRANDE RUE", "price_per_sqm": 1333.3333333333333, "date_iso": "2022-03-17", "parcelle": "773110000F0035", "addr_num": "46"}}, {"type": "Feature", "geometry": {"type": "Point", "coordinates": [3.067066, 48.452378]}, "properties": {"year": 2022, "valeur_fonciere": 80000.0, "type_local": null, "surface_reelle_bati": null, "nombre_pieces_principales": null, "adresse_nom_voie": "CLOS MOREAU", "price_per_sqm": null, "date_iso": "2022-03-17", "parcelle": "773110000F0461", "addr_num": ""}}, {"type": "Feature", "geometry": {"type": "Point", "coordinates": [3.05704, 48.454792]}, "properties": {"year": 2022, "valeur_fonciere": 750.0, "type_local": null, "surface_reelle_bati": null, "nombre_pieces_principales": null, "adresse_nom_voie": "CLOS JOLY", "price_per_sqm": null, "date_iso": "2022-04-15", "parcelle": "773110000C0092", "addr_num": ""}}, {"type": "Feature", "geometry": {"type": "Point", "coordinates": [3.061782, 48.452686]}, "properties": {"year": 2022, "valeur_fonciere": 81600.0, "type_local": "Dépendance", "surface_reelle_bati": null, "nombre_pieces_principales": 0.0, "adresse_nom_voie": "PL TRUDAINE", "price_per_sqm": null, "date_iso": "2022-05-11", "parcelle": "773110000G0029", "addr_num": "3"}}, {"type": "Feature", "geometry": {"type": "Point", "coordinates": [3.061782, 48.452686]}, "properties": {"year": 2022, "valeur_fonciere": 81600.0, "type_local": "Maison", "surface_reelle_bati": 113.0, "nombre_pieces_principales": 4.0, "adresse_nom_voie": "PL TRUDAINE", "price_per_sqm": 722.1238938053098, "date_iso": "2022-05-11", "parcelle": "773110000G0029", "addr_num": "3"}}, {"type": "Feature", "geometry": {"type": "Point", "coordinates": [3.054427, 48.451462]}, "properties": {"year": 2022, "valeur_fonciere": 250000.0, "type_local": "Maison", "surface_reelle_bati": 130.0, "nombre_pieces_principales": 5.0, "adresse_nom_voie": "RUE DU MOULIN D ARS", "price_per_sqm": 1923.076923076923, "date_iso": "2022-06-27", "parcelle": "773110000C0198", "addr_num": "29"}}, {"type": "Feature", "geometry": {"type": "Point", "coordinates": [3.054427, 48.451462]}, "properties": {"year": 2022, "valeur_fonciere": 250000.0, "type_local": "Dépendance", "surface_reelle_bati": null, "nombre_pieces_principales": 0.0, "adresse_nom_voie": "RUE DU MOULIN D ARS", "price_per_sqm": null, "date_iso": "2022-06-27", "parcelle": "773110000C0198", "addr_num": "29"}}, {"type": "Feature", "geometry": {"type": "Point", "coordinates": [3.054427, 48.451462]}, "properties": {"year": 2022, "valeur_fonciere": 250000.0, "type_local": "Dépendance", "surface_reelle_bati": null, "nombre_pieces_principales": 0.0, "adresse_nom_voie": "RUE DU MOULIN D ARS", "price_per_sqm": null, "date_iso": "2022-06-27", "parcelle": "773110000C0198", "addr_num": "29"}}, {"type": "Feature", "geometry": {"type": "Point", "coordinates": [3.05467, 48.451421]}, "properties": {"year": 2022, "valeur_fonciere": 250000.0, "type_local": null, "surface_reelle_bati": null, "nombre_pieces_principales": null, "adresse_nom_voie": "LES CONFLANS", "price_per_sqm": null, "date_iso": "2022-06-27", "parcelle": "773110000C0199", "addr_num": ""}}, {"type": "Feature", "geometry": {"type": "Point", "coordinates": [3.062085, 48.467786]}, "properties": {"year": 2022, "valeur_fonciere": 9200.25, "type_local": null, "surface_reelle_bati": null, "nombre_pieces_principales": null, "adresse_nom_voie": "LES PRES BERTINS", "price_per_sqm": null, "date_iso": "2022-07-12", "parcelle": "773110000D0080", "addr_num": ""}}, {"type": "Feature", "geometry": {"type": "Point", "coordinates": [3.062906, 48.4685]}, "properties": {"year": 2022, "valeur_fonciere": 9200.25, "type_local": null, "surface_reelle_bati": null, "nombre_pieces_principales": null, "adresse_nom_voie": "LES PRES BERTINS", "price_per_sqm": null, "date_iso": "2022-07-12", "parcelle": "773110000D0083", "addr_num": ""}}, {"type": "Feature", "geometry": {"type": "Point", "coordinates": [3.062743, 48.468537]}, "properties": {"year": 2022, "valeur_fonciere": 9200.25, "type_local": null, "surface_reelle_bati": null, "nombre_pieces_principales": null, "adresse_nom_voie": "LES PRES BERTINS", "price_per_sqm": null, "date_iso": "2022-07-12", "parcelle": "773110000D0084", "addr_num": ""}}, {"type": "Feature", "geometry": {"type": "Point", "coordinates": [3.06311, 48.468737]}, "properties": {"year": 2022, "valeur_fonciere": 9200.25, "type_local": null, "surface_reelle_bati": null, "nombre_pieces_principales": null, "adresse_nom_voie": "LES PRES BERTINS", "price_per_sqm": null, "date_iso": "2022-07-12", "parcelle": "773110000D0085", "addr_num": ""}}, {"type": "Feature", "geometry": {"type": "Point", "coordinates": [3.063337, 48.468949]}, "properties": {"year": 2022, "valeur_fonciere": 9200.25, "type_local": null, "surface_reelle_bati": null, "nombre_pieces_principales": null, "adresse_nom_voie": "LES PRES BERTINS", "price_per_sqm": null, "date_iso": "2022-07-12", "parcelle": "773110000D0086", "addr_num": ""}}, {"type": "Feature", "geometry": {"type": "Point", "coordinates": [3.083021, 48.45852]}, "properties": {"year": 2022, "valeur_fonciere": 9200.25, "type_local": null, "surface_reelle_bati": null, "nombre_pieces_principales": null, "adresse_nom_voie": "LA JUSTICE", "price_per_sqm": null, "date_iso": "2022-07-12", "parcelle": "773110000E0138", "addr_num": ""}}, {"type": "Feature", "geometry": {"type": "Point", "coordinates": [3.075065, 48.463929]}, "properties": {"year": 2022, "valeur_fonciere": 9200.25, "type_local": null, "surface_reelle_bati": null, "nombre_pieces_principales": null, "adresse_nom_voie": "CHAMP DE LA HAYE", "price_per_sqm": null, "date_iso": "2022-07-12", "parcelle": "77311000ZC0020", "addr_num": ""}}, {"type": "Feature", "geometry": {"type": "Point", "coordinates": [3.075547, 48.463877]}, "properties": {"year": 2022, "valeur_fonciere": 9200.25, "type_local": null, "surface_reelle_bati": null, "nombre_pieces_principales": null, "adresse_nom_voie": "CHAMP DE LA HAYE", "price_per_sqm": null, "date_iso": "2022-07-12", "parcelle": "77311000ZC0021", "addr_num": ""}}, {"type": "Feature", "geometry": {"type": "Point", "coordinates": [3.062394, 48.461514]}, "properties": {"year": 2022, "valeur_fonciere": 9200.25, "type_local": null, "surface_reelle_bati": null, "nombre_pieces_principales": null, "adresse_nom_voie": "LES LONGS REAGES", "price_per_sqm": null, "date_iso": "2022-07-12", "parcelle": "77311000ZC0064", "addr_num": ""}}, {"type": "Feature", "geometry": {"type": "Point", "coordinates": [3.046449, 48.45622]}, "properties": {"year": 2022, "valeur_fonciere": 174000.0, "type_local": null, "surface_reelle_bati": null, "nombre_pieces_principales": null, "adresse_nom_voie": "LES CRUSIEUX", "price_per_sqm": null, "date_iso": "2022-07-01", "parcelle": "773110000B0191", "addr_num": ""}}, {"type": "Feature", "geometry": {"type": "Point", "coordinates": [3.046029, 48.455986]}, "properties": {"year": 2022, "valeur_fonciere": 174000.0, "type_local": "Maison", "surface_reelle_bati": 113.0, "nombre_pieces_principales": 6.0, "adresse_nom_voie": "RUE DE COUTENCON", "price_per_sqm": 1539.8230088495575, "date_iso": "2022-07-01", "parcelle": "773110000B0282", "addr_num": "14"}}, {"type": "Feature", "geometry": {"type": "Point", "coordinates": [3.067523, 48.44313]}, "properties": {"year": 2022, "valeur_fonciere": 6588.0, "type_local": null, "surface_reelle_bati": null, "nombre_pieces_principales": null, "adresse_nom_voie": "LA CROIX SAINT LOUIS", "price_per_sqm": null, "date_iso": "2022-05-20", "parcelle": "77311000ZI0044", "addr_num": ""}}, {"type": "Feature", "geometry": {"type": "Point", "coordinates": [3.067523, 48.44313]}, "properties": {"year": 2022, "valeur_fonciere": 6588.0, "type_local": null, "surface_reelle_bati": null, "nombre_pieces_principales": null, "adresse_nom_voie": "LA CROIX SAINT LOUIS", "price_per_sqm": null, "date_iso": "2022-05-20", "parcelle": "77311000ZI0044", "addr_num": ""}}, {"type": "Feature", "geometry": {"type": "Point", "coordinates": [3.067523, 48.44313]}, "properties": {"year": 2022, "valeur_fonciere": 6588.0, "type_local": null, "surface_reelle_bati": null, "nombre_pieces_principales": null, "adresse_nom_voie": "LA CROIX SAINT LOUIS", "price_per_sqm": null, "date_iso": "2022-05-20", "parcelle": "77311000ZI0044", "addr_num": ""}}, {"type": "Feature", "geometry": {"type": "Point", "coordinates": [3.068198, 48.443379]}, "properties": {"year": 2022, "valeur_fonciere": 6588.0, "type_local": null, "surface_reelle_bati": null, "nombre_pieces_principales": null, "adresse_nom_voie": "LA CROIX SAINT LOUIS", "price_per_sqm": null, "date_iso": "2022-05-20", "parcelle": "77311000ZI0045", "addr_num": ""}}, {"type": "Feature", "geometry": {"type": "Point", "coordinates": [3.066443, 48.443302]}, "properties": {"year": 2022, "valeur_fonciere": 6588.0, "type_local": null, "surface_reelle_bati": null, "nombre_pieces_principales": null, "adresse_nom_voie": "LA CROIX SAINT LOUIS", "price_per_sqm": null, "date_iso": "2022-05-20", "parcelle": "77311000ZI0072", "addr_num": ""}}, {"type": "Feature", "geometry": {"type": "Point", "coordinates": [3.022549, 48.439543]}, "properties": {"year": 2022, "valeur_fonciere": 196000.0, "type_local": null, "surface_reelle_bati": null, "nombre_pieces_principales": null, "adresse_nom_voie": "LE TREMBLAY", "price_per_sqm": null, "date_iso": "2022-07-13", "parcelle": "773110000A0218", "addr_num": ""}}, {"type": "Feature", "geometry": {"type": "Point", "coordinates": [3.022564, 48.439841]}, "properties": {"year": 2022, "valeur_fonciere": 196000.0, "type_local": "Dépendance", "surface_reelle_bati": null, "nombre_pieces_principales": 0.0, "adresse_nom_voie": "LE TREMBLAY", "price_per_sqm": null, "date_iso": "2022-07-13", "parcelle": "773110000A0223", "addr_num": "1"}}, {"type": "Feature", "geometry": {"type": "Point", "coordinates": [3.022564, 48.439841]}, "properties": {"year": 2022, "valeur_fonciere": 196000.0, "type_local": "Maison", "surface_reelle_bati": 63.0, "nombre_pieces_principales": 3.0, "adresse_nom_voie": "LE TREMBLAY", "price_per_sqm": 3111.1111111111113, "date_iso": "2022-07-13", "parcelle": "773110000A0223", "addr_num": "1"}}, {"type": "Feature", "geometry": {"type": "Point", "coordinates": [3.022564, 48.439841]}, "properties": {"year": 2022, "valeur_fonciere": 196000.0, "type_local": "Appartement", "surface_reelle_bati": 60.0, "nombre_pieces_principales": 4.0, "adresse_nom_voie": "LE TREMBLAY", "price_per_sqm": 3266.6666666666665, "date_iso": "2022-07-13", "parcelle": "773110000A0223", "addr_num": "1"}}, {"type": "Feature", "geometry": {"type": "Point", "coordinates": [3.022564, 48.439841]}, "properties": {"year": 2022, "valeur_fonciere": 196000.0, "type_local": "Appartement", "surface_reelle_bati": 98.0, "nombre_pieces_principales": 2.0, "adresse_nom_voie": "LE TREMBLAY", "price_per_sqm": 2000.0, "date_iso": "2022-07-13", "parcelle": "773110000A0223", "addr_num": "1"}}, {"type": "Feature", "geometry": {"type": "Point", "coordinates": [3.022564, 48.439841]}, "properties": {"year": 2022, "valeur_fonciere": 196000.0, "type_local": "Local industriel. commercial ou assimilé", "surface_reelle_bati": 200.0, "nombre_pieces_principales": 0.0, "adresse_nom_voie": "LE TREMBLAY", "price_per_sqm": 980.0, "date_iso": "2022-07-13", "parcelle": "773110000A0223", "addr_num": "1"}}, {"type": "Feature", "geometry": {"type": "Point", "coordinates": [3.022564, 48.439841]}, "properties": {"year": 2022, "valeur_fonciere": 196000.0, "type_local": "Dépendance", "surface_reelle_bati": null, "nombre_pieces_principales": 0.0, "adresse_nom_voie": "LE TREMBLAY", "price_per_sqm": null, "date_iso": "2022-07-13", "parcelle": "773110000A0223", "addr_num": "1"}}, {"type": "Feature", "geometry": {"type": "Point", "coordinates": [3.022498, 48.440173]}, "properties": {"year": 2022, "valeur_fonciere": 196000.0, "type_local": null, "surface_reelle_bati": null, "nombre_pieces_principales": null, "adresse_nom_voie": "LE TREMBLAY", "price_per_sqm": null, "date_iso": "2022-07-13", "parcelle": "773110000A0227", "addr_num": ""}}, {"type": "Feature", "geometry": {"type": "Point", "coordinates": [3.071195, 48.459938]}, "properties": {"year": 2022, "valeur_fonciere": 324000.0, "type_local": null, "surface_reelle_bati": null, "nombre_pieces_principales": null, "adresse_nom_voie": "LES GILLOTERIES", "price_per_sqm": null, "date_iso": "2022-07-30", "parcelle": "773110000D0826", "addr_num": ""}}, {"type": "Feature", "geometry": {"type": "Point", "coordinates": [3.070896, 48.459946]}, "properties": {"year": 2022, "valeur_fonciere": 324000.0, "type_local": "Maison", "surface_reelle_bati": 184.0, "nombre_pieces_principales": 8.0, "adresse_nom_voie": "RUE DE LA MAROTTE", "price_per_sqm": 1760.8695652173913, "date_iso": "2022-07-30", "parcelle": "773110000D0873", "addr_num": "40"}}, {"type": "Feature", "geometry": {"type": "Point", "coordinates": [3.070896, 48.459946]}, "properties": {"year": 2022, "valeur_fonciere": 324000.0, "type_local": "Maison", "surface_reelle_bati": 184.0, "nombre_pieces_principales": 8.0, "adresse_nom_voie": "RUE DE LA MAROTTE", "price_per_sqm": 1760.8695652173913, "date_iso": "2022-07-30", "parcelle": "773110000D0873", "addr_num": "40"}}, {"type": "Feature", "geometry": {"type": "Point", "coordinates": [3.056434, 48.450779]}, "properties": {"year": 2022, "valeur_fonciere": 233000.0, "type_local": "Maison", "surface_reelle_bati": 87.0, "nombre_pieces_principales": 4.0, "adresse_nom_voie": "RUE DU GUE ROND", "price_per_sqm": 2678.1609195402298, "date_iso": "2022-08-26", "parcelle": "773110000C1046", "addr_num": "131"}}, {"type": "Feature", "geometry": {"type": "Point", "coordinates": [3.063945, 48.452851]}, "properties": {"year": 2022, "valeur_fonciere": 254000.0, "type_local": "Maison", "surface_reelle_bati": 40.0, "nombre_pieces_principales": 2.0, "adresse_nom_voie": "RUE DU COCHERET", "price_per_sqm": 6350.0, "date_iso": "2022-08-29", "parcelle": "773110000G0553", "addr_num": "5080"}}, {"type": "Feature", "geometry": {"type": "Point", "coordinates": [3.063945, 48.452851]}, "properties": {"year": 2022, "valeur_fonciere": 254000.0, "type_local": "Maison", "surface_reelle_bati": 150.0, "nombre_pieces_principales": 33.0, "adresse_nom_voie": "RUE DU COCHERET", "price_per_sqm": 1693.3333333333333, "date_iso": "2022-08-29", "parcelle": "773110000G0553", "addr_num": "5080"}}, {"type": "Feature", "geometry": {"type": "Point", "coordinates": [3.063945, 48.452851]}, "properties": {"year": 2022, "valeur_fonciere": 254000.0, "type_local": "Dépendance", "surface_reelle_bati": null, "nombre_pieces_principales": 0.0, "adresse_nom_voie": "RUE DU COCHERET", "price_per_sqm": null, "date_iso": "2022-08-29", "parcelle": "773110000G0553", "addr_num": "5080"}}, {"type": "Feature", "geometry": {"type": "Point", "coordinates": [3.063945, 48.452851]}, "properties": {"year": 2022, "valeur_fonciere": 254000.0, "type_local": "Dépendance", "surface_reelle_bati": null, "nombre_pieces_principales": 0.0, "adresse_nom_voie": "RUE DU COCHERET", "price_per_sqm": null, "date_iso": "2022-08-29", "parcelle": "773110000G0553", "addr_num": "5080"}}, {"type": "Feature", "geometry": {"type": "Point", "coordinates": [3.02384, 48.440159]}, "properties": {"year": 2022, "valeur_fonciere": 7749.56, "type_local": null, "surface_reelle_bati": null, "nombre_pieces_principales": null, "adresse_nom_voie": "LES CINQ CHEMINS", "price_per_sqm": null, "date_iso": "2022-09-09", "parcelle": "773110000A0222", "addr_num": ""}}, {"type": "Feature", "geometry": {"type": "Point", "coordinates": [3.023632, 48.440646]}, "properties": {"year": 2022, "valeur_fonciere": 7749.56, "type_local": null, "surface_reelle_bati": null, "nombre_pieces_principales": null, "adresse_nom_voie": "LE TREMBLAY", "price_per_sqm": null, "date_iso": "2022-09-09", "parcelle": "773110000A0226", "addr_num": ""}}, {"type": "Feature", "geometry": {"type": "Point", "coordinates": [3.022117, 48.441689]}, "properties": {"year": 2022, "valeur_fonciere": 7749.56, "type_local": null, "surface_reelle_bati": null, "nombre_pieces_principales": null, "adresse_nom_voie": "LE TREMBLAY", "price_per_sqm": null, "date_iso": "2022-09-09", "parcelle": "773110000A0231", "addr_num": ""}}, {"type": "Feature", "geometry": {"type": "Point", "coordinates": [3.023438, 48.440811]}, "properties": {"year": 2022, "valeur_fonciere": 7749.56, "type_local": null, "surface_reelle_bati": null, "nombre_pieces_principales": null, "adresse_nom_voie": "LE TREMBLAY", "price_per_sqm": null, "date_iso": "2022-09-09", "parcelle": "773110000A0232", "addr_num": ""}}, {"type": "Feature", "geometry": {"type": "Point", "coordinates": [3.065536, 48.452681]}, "properties": {"year": 2022, "valeur_fonciere": 206000.0, "type_local": null, "surface_reelle_bati": null, "nombre_pieces_principales": null, "adresse_nom_voie": "CLOS MOREAU", "price_per_sqm": null, "date_iso": "2022-08-30", "parcelle": "773110000F0406", "addr_num": ""}}, {"type": "Feature", "geometry": {"type": "Point", "coordinates": [3.065309, 48.452622]}, "properties": {"year": 2022, "valeur_fonciere": 206000.0, "type_local": "Maison", "surface_reelle_bati": 85.0, "nombre_pieces_principales": 4.0, "adresse_nom_voie": "GR GRANDE RUE", "price_per_sqm": 2423.529411764706, "date_iso": "2022-08-30", "parcelle": "773110000F0457", "addr_num": "32"}}, {"type": "Feature", "geometry": {"type": "Point", "coordinates": [3.063278, 48.452487]}, "properties": {"year": 2022, "valeur_fonciere": 285000.0, "type_local": null, "surface_reelle_bati": null, "nombre_pieces_principales": null, "adresse_nom_voie": "LE VILLAGE", "price_per_sqm": null, "date_iso": "2022-09-28", "parcelle": "773110000G0066", "addr_num": ""}}, {"type": "Feature", "geometry": {"type": "Point", "coordinates": [3.063185, 48.452392]}, "properties": {"year": 2022, "valeur_fonciere": 285000.0, "type_local": "Maison", "surface_reelle_bati": 180.0, "nombre_pieces_principales": 8.0, "adresse_nom_voie": "GR GRANDE RUE", "price_per_sqm": 1583.3333333333333, "date_iso": "2022-09-28", "parcelle": "773110000G0616", "addr_num": "6"}}, {"type": "Feature", "geometry": {"type": "Point", "coordinates": [3.062886, 48.453783]}, "properties": {"year": 2022, "valeur_fonciere": 380.0, "type_local": "Local industriel. commercial ou assimilé", "surface_reelle_bati": null, "nombre_pieces_principales": 0.0, "adresse_nom_voie": "LE COCHERET", "price_per_sqm": null, "date_iso": "2022-09-24", "parcelle": "773110000C0761", "addr_num": "5383"}}, {"type": "Feature", "geometry": {"type": "Point", "coordinates": [3.060129, 48.456023]}, "properties": {"year": 2022, "valeur_fonciere": 175000.0, "type_local": "Maison", "surface_reelle_bati": 61.0, "nombre_pieces_principales": 2.0, "adresse_nom_voie": "RUE DE GURCY", "price_per_sqm": 2868.8524590163934, "date_iso": "2022-10-21", "parcelle": "773110000C0671", "addr_num": "4"}}, {"type": "Feature", "geometry": {"type": "Point", "coordinates": [3.055318, 48.450523]}, "properties": {"year": 2022, "valeur_fonciere": 235230.0, "type_local": null, "surface_reelle_bati": null, "nombre_pieces_principales": null, "adresse_nom_voie": "LES PLANCHETTES", "price_per_sqm": null, "date_iso": "2022-10-13", "parcelle": "773110000C0189", "addr_num": ""}}, {"type": "Feature", "geometry": {"type": "Point", "coordinates": [3.055567, 48.450657]}, "properties": {"year": 2022, "valeur_fonciere": 235230.0, "type_local": "Maison", "surface_reelle_bati": 66.0, "nombre_pieces_principales": 2.0, "adresse_nom_voie": "RUE DU GUE ROND", "price_per_sqm": 3564.090909090909, "date_iso": "2022-10-13", "parcelle": "773110000C1043", "addr_num": "187"}}, {"type": "Feature", "geometry": {"type": "Point", "coordinates": [3.055567, 48.450657]}, "properties": {"year": 2022, "valeur_fonciere": 235230.0, "type_local": "Maison", "surface_reelle_bati": 66.0, "nombre_pieces_principales": 2.0, "adresse_nom_voie": "RUE DU GUE ROND", "price_per_sqm": 3564.090909090909, "date_iso": "2022-10-13", "parcelle": "773110000C1043", "addr_num": "187"}}, {"type": "Feature", "geometry": {"type": "Point", "coordinates": [3.070913, 48.455839]}, "properties": {"year": 2022, "valeur_fonciere": 268000.0, "type_local": "Maison", "surface_reelle_bati": 107.0, "nombre_pieces_principales": 4.0, "adresse_nom_voie": "RUE DE LA MAROTTE", "price_per_sqm": 2504.6728971962616, "date_iso": "2022-10-28", "parcelle": "77311000ZD0156", "addr_num": "1"}}, {"type": "Feature", "geometry": {"type": "Point", "coordinates": [3.070913, 48.455839]}, "properties": {"year": 2022, "valeur_fonciere": 268000.0, "type_local": "Maison", "surface_reelle_bati": 107.0, "nombre_pieces_principales": 4.0, "adresse_nom_voie": "RUE DE LA MAROTTE", "price_per_sqm": 2504.6728971962616, "date_iso": "2022-10-28", "parcelle": "77311000ZD0156", "addr_num": "1"}}, {"type": "Feature", "geometry": {"type": "Point", "coordinates": [3.056118, 48.457321]}, "properties": {"year": 2022, "valeur_fonciere": 137000.0, "type_local": null, "surface_reelle_bati": null, "nombre_pieces_principales": null, "adresse_nom_voie": "DESSUS DU VIEUX CHATEAU", "price_per_sqm": null, "date_iso": "2022-11-10", "parcelle": "773110000C0631", "addr_num": ""}}, {"type": "Feature", "geometry": {"type": "Point", "coordinates": [3.056225, 48.45691]}, "properties": {"year": 2022, "valeur_fonciere": 137000.0, "type_local": "Dépendance", "surface_reelle_bati": null, "nombre_pieces_principales": 0.0, "adresse_nom_voie": "RUE DE LA FONTAINE GEOFFROY", "price_per_sqm": null, "date_iso": "2022-11-10", "parcelle": "773110000C0632", "addr_num": "10"}}, {"type": "Feature", "geometry": {"type": "Point", "coordinates": [3.056225, 48.45691]}, "properties": {"year": 2022, "valeur_fonciere": 137000.0, "type_local": "Maison", "surface_reelle_bati": 68.0, "nombre_pieces_principales": 4.0, "adresse_nom_voie": "RUE DE LA FONTAINE GEOFFROY", "price_per_sqm": 2014.7058823529412, "date_iso": "2022-11-10", "parcelle": "773110000C0632", "addr_num": "10"}}, {"type": "Feature", "geometry": {"type": "Point", "coordinates": [3.056225, 48.45691]}, "properties": {"year": 2022, "valeur_fonciere": 137000.0, "type_local": "Dépendance", "surface_reelle_bati": null, "nombre_pieces_principales": 0.0, "adresse_nom_voie": "RUE DE LA FONTAINE GEOFFROY", "price_per_sqm": null, "date_iso": "2022-11-10", "parcelle": "773110000C0632", "addr_num": "10"}}, {"type": "Feature", "geometry": {"type": "Point", "coordinates": [3.064018, 48.458789]}, "properties": {"year": 2022, "valeur_fonciere": 150000.0, "type_local": null, "surface_reelle_bati": null, "nombre_pieces_principales": null, "adresse_nom_voie": "CHAMP GIRARD", "price_per_sqm": null, "date_iso": "2022-10-28", "parcelle": "773110000D0503", "addr_num": ""}}, {"type": "Feature", "geometry": {"type": "Point", "coordinates": [3.063943, 48.45906]}, "properties": {"year": 2022, "valeur_fonciere": 150000.0, "type_local": "Maison", "surface_reelle_bati": 56.0, "nombre_pieces_principales": 3.0, "adresse_nom_voie": "RUE DE CHAMP GIRARD", "price_per_sqm": 2678.5714285714284, "date_iso": "2022-10-28", "parcelle": "773110000D0508", "addr_num": "15"}}, {"type": "Feature", "geometry": {"type": "Point", "coordinates": [3.063429, 48.454136]}, "properties": {"year": 2022, "valeur_fonciere": 162000.0, "type_local": "Maison", "surface_reelle_bati": 43.0, "nombre_pieces_principales": 3.0, "adresse_nom_voie": "RUE DU COCHERET", "price_per_sqm": 3767.4418604651164, "date_iso": "2022-11-05", "parcelle": "773110000D0878", "addr_num": "10"}}, {"type": "Feature", "geometry": {"type": "Point", "coordinates": [3.063429, 48.454136]}, "properties": {"year": 2022, "valeur_fonciere": 162000.0, "type_local": "Maison", "surface_reelle_bati": 43.0, "nombre_pieces_principales": 3.0, "adresse_nom_voie": "RUE DU COCHERET", "price_per_sqm": 3767.4418604651164, "date_iso": "2022-11-05", "parcelle": "773110000D0878", "addr_num": "10"}}, {"type": "Feature", "geometry": {"type": "Point", "coordinates": [3.062084, 48.451594]}, "properties": {"year": 2022, "valeur_fonciere": 141500.0, "type_local": "Maison", "surface_reelle_bati": 56.0, "nombre_pieces_principales": 3.0, "adresse_nom_voie": "RUE DE JUSSIEU", "price_per_sqm": 2526.785714285714, "date_iso": "2022-12-15", "parcelle": "773110000G0104", "addr_num": "12"}}, {"type": "Feature", "geometry": {"type": "Point", "coordinates": [3.061958, 48.451596]}, "properties": {"year": 2022, "valeur_fonciere": 141500.0, "type_local": null, "surface_reelle_bati": null, "nombre_pieces_principales": null, "adresse_nom_voie": "LE VILLAGE", "price_per_sqm": null, "date_iso": "2022-12-15", "parcelle": "773110000G0490", "addr_num": ""}}, {"type": "Feature", "geometry": {"type": "Point", "coordinates": [3.020933, 48.44755]}, "properties": {"year": 2022, "valeur_fonciere": 1539862.2, "type_local": null, "surface_reelle_bati": null, "nombre_pieces_principales": null, "adresse_nom_voie": "LE TREMBLAY", "price_per_sqm": null, "date_iso": "2022-12-23", "parcelle": "773110000A0038", "addr_num": ""}}, {"type": "Feature", "geometry": {"type": "Point", "coordinates": [3.020933, 48.44755]}, "properties": {"year": 2022, "valeur_fonciere": 1539862.2, "type_local": null, "surface_reelle_bati": null, "nombre_pieces_principales": null, "adresse_nom_voie": "LE TREMBLAY", "price_per_sqm": null, "date_iso": "2022-12-23", "parcelle": "773110000A0038", "addr_num": ""}}, {"type": "Feature", "geometry": {"type": "Point", "coordinates": [3.020933, 48.44755]}, "properties": {"year": 2022, "valeur_fonciere": 1539862.2, "type_local": null, "surface_reelle_bati": null, "nombre_pieces_principales": null, "adresse_nom_voie": "LE TREMBLAY", "price_per_sqm": null, "date_iso": "2022-12-23", "parcelle": "773110000A0038", "addr_num": ""}}, {"type": "Feature", "geometry": {"type": "Point", "coordinates": [3.021216, 48.445505]}, "properties": {"year": 2022, "valeur_fonciere": 1539862.2, "type_local": null, "surface_reelle_bati": null, "nombre_pieces_principales": null, "adresse_nom_voie": "LE TREMBLAY", "price_per_sqm": null, "date_iso": "2022-12-23", "parcelle": "773110000A0039", "addr_num": ""}}, {"type": "Feature", "geometry": {"type": "Point", "coordinates": [3.021216, 48.445505]}, "properties": {"year": 2022, "valeur_fonciere": 1539862.2, "type_local": null, "surface_reelle_bati": null, "nombre_pieces_principales": null, "adresse_nom_voie": "LE TREMBLAY", "price_per_sqm": null, "date_iso": "2022-12-23", "parcelle": "773110000A0039", "addr_num": ""}}, {"type": "Feature", "geometry": {"type": "Point", "coordinates": [3.022157, 48.442502]}, "properties": {"year": 2022, "valeur_fonciere": 1539862.2, "type_local": null, "surface_reelle_bati": null, "nombre_pieces_principales": null, "adresse_nom_voie": "LE TREMBLAY", "price_per_sqm": null, "date_iso": "2022-12-23", "parcelle": "773110000A0040", "addr_num": ""}}, {"type": "Feature", "geometry": {"type": "Point", "coordinates": [3.022157, 48.442502]}, "properties": {"year": 2022, "valeur_fonciere": 1539862.2, "type_local": null, "surface_reelle_bati": null, "nombre_pieces_principales": null, "adresse_nom_voie": "LE TREMBLAY", "price_per_sqm": null, "date_iso": "2022-12-23", "parcelle": "773110000A0040", "addr_num": ""}}, {"type": "Feature", "geometry": {"type": "Point", "coordinates": [3.024733, 48.442944]}, "properties": {"year": 2022, "valeur_fonciere": 1539862.2, "type_local": null, "surface_reelle_bati": null, "nombre_pieces_principales": null, "adresse_nom_voie": "LE TREMBLAY", "price_per_sqm": null, "date_iso": "2022-12-23", "parcelle": "773110000A0045", "addr_num": ""}}, {"type": "Feature", "geometry": {"type": "Point", "coordinates": [3.025206, 48.445186]}, "properties": {"year": 2022, "valeur_fonciere": 1539862.2, "type_local": null, "surface_reelle_bati": null, "nombre_pieces_principales": null, "adresse_nom_voie": "LE TREMBLAY", "price_per_sqm": null, "date_iso": "2022-12-23", "parcelle": "773110000A0046", "addr_num": ""}}, {"type": "Feature", "geometry": {"type": "Point", "coordinates": [3.025206, 48.445186]}, "properties": {"year": 2022, "valeur_fonciere": 1539862.2, "type_local": null, "surface_reelle_bati": null, "nombre_pieces_principales": null, "adresse_nom_voie": "LE TREMBLAY", "price_per_sqm": null, "date_iso": "2022-12-23", "parcelle": "773110000A0046", "addr_num": ""}}, {"type": "Feature", "geometry": {"type": "Point", "coordinates": [3.025282, 48.44842]}, "properties": {"year": 2022, "valeur_fonciere": 1539862.2, "type_local": null, "surface_reelle_bati": null, "nombre_pieces_principales": null, "adresse_nom_voie": "LE TREMBLAY", "price_per_sqm": null, "date_iso": "2022-12-23", "parcelle": "773110000A0048", "addr_num": ""}}, {"type": "Feature", "geometry": {"type": "Point", "coordinates": [3.025282, 48.44842]}, "properties": {"year": 2022, "valeur_fonciere": 1539862.2, "type_local": null, "surface_reelle_bati": null, "nombre_pieces_principales": null, "adresse_nom_voie": "LE TREMBLAY", "price_per_sqm": null, "date_iso": "2022-12-23", "parcelle": "773110000A0048", "addr_num": ""}}, {"type": "Feature", "geometry": {"type": "Point", "coordinates": [3.025282, 48.44842]}, "properties": {"year": 2022, "valeur_fonciere": 1539862.2, "type_local": null, "surface_reelle_bati": null, "nombre_pieces_principales": null, "adresse_nom_voie": "LE TREMBLAY", "price_per_sqm": null, "date_iso": "2022-12-23", "parcelle": "773110000A0048", "addr_num": ""}}, {"type": "Feature", "geometry": {"type": "Point", "coordinates": [3.025282, 48.44842]}, "properties": {"year": 2022, "valeur_fonciere": 1539862.2, "type_local": null, "surface_reelle_bati": null, "nombre_pieces_principales": null, "adresse_nom_voie": "LE TREMBLAY", "price_per_sqm": null, "date_iso": "2022-12-23", "parcelle": "773110000A0048", "addr_num": ""}}, {"type": "Feature", "geometry": {"type": "Point", "coordinates": [3.025282, 48.44842]}, "properties": {"year": 2022, "valeur_fonciere": 1539862.2, "type_local": null, "surface_reelle_bati": null, "nombre_pieces_principales": null, "adresse_nom_voie": "LE TREMBLAY", "price_per_sqm": null, "date_iso": "2022-12-23", "parcelle": "773110000A0048", "addr_num": ""}}, {"type": "Feature", "geometry": {"type": "Point", "coordinates": [3.025282, 48.44842]}, "properties": {"year": 2022, "valeur_fonciere": 1539862.2, "type_local": null, "surface_reelle_bati": null, "nombre_pieces_principales": null, "adresse_nom_voie": "LE TREMBLAY", "price_per_sqm": null, "date_iso": "2022-12-23", "parcelle": "773110000A0048", "addr_num": ""}}, {"type": "Feature", "geometry": {"type": "Point", "coordinates": [3.027826, 48.44969]}, "properties": {"year": 2022, "valeur_fonciere": 1539862.2, "type_local": null, "surface_reelle_bati": null, "nombre_pieces_principales": null, "adresse_nom_voie": "LE TREMBLAY", "price_per_sqm": null, "date_iso": "2022-12-23", "parcelle": "773110000A0049", "addr_num": ""}}, {"type": "Feature", "geometry": {"type": "Point", "coordinates": [3.030968, 48.451548]}, "properties": {"year": 2022, "valeur_fonciere": 1539862.2, "type_local": null, "surface_reelle_bati": null, "nombre_pieces_principales": null, "adresse_nom_voie": "LE TREMBLAY", "price_per_sqm": null, "date_iso": "2022-12-23", "parcelle": "773110000A0050", "addr_num": ""}}, {"type": "Feature", "geometry": {"type": "Point", "coordinates": [3.03676, 48.450206]}, "properties": {"year": 2022, "valeur_fonciere": 1539862.2, "type_local": null, "surface_reelle_bati": null, "nombre_pieces_principales": null, "adresse_nom_voie": "LES CINQ CHEMINS", "price_per_sqm": null, "date_iso": "2022-12-23", "parcelle": "773110000A0100", "addr_num": ""}}, {"type": "Feature", "geometry": {"type": "Point", "coordinates": [3.034081, 48.450049]}, "properties": {"year": 2022, "valeur_fonciere": 1539862.2, "type_local": null, "surface_reelle_bati": null, "nombre_pieces_principales": null, "adresse_nom_voie": "LES CINQ CHEMINS", "price_per_sqm": null, "date_iso": "2022-12-23", "parcelle": "773110000A0101", "addr_num": ""}}, {"type": "Feature", "geometry": {"type": "Point", "coordinates": [3.034081, 48.450049]}, "properties": {"year": 2022, "valeur_fonciere": 1539862.2, "type_local": null, "surface_reelle_bati": null, "nombre_pieces_principales": null, "adresse_nom_voie": "LES CINQ CHEMINS", "price_per_sqm": null, "date_iso": "2022-12-23", "parcelle": "773110000A0101", "addr_num": ""}}, {"type": "Feature", "geometry": {"type": "Point", "coordinates": [3.034081, 48.450049]}, "properties": {"year": 2022, "valeur_fonciere": 1539862.2, "type_local": null, "surface_reelle_bati": null, "nombre_pieces_principales": null, "adresse_nom_voie": "LES CINQ CHEMINS", "price_per_sqm": null, "date_iso": "2022-12-23", "parcelle": "773110000A0101", "addr_num": ""}}, {"type": "Feature", "geometry": {"type": "Point", "coordinates": [3.034081, 48.450049]}, "properties": {"year": 2022, "valeur_fonciere": 1539862.2, "type_local": null, "surface_reelle_bati": null, "nombre_pieces_principales": null, "adresse_nom_voie": "LES CINQ CHEMINS", "price_per_sqm": null, "date_iso": "2022-12-23", "parcelle": "773110000A0101", "addr_num": ""}}, {"type": "Feature", "geometry": {"type": "Point", "coordinates": [3.034081, 48.450049]}, "properties": {"year": 2022, "valeur_fonciere": 1539862.2, "type_local": null, "surface_reelle_bati": null, "nombre_pieces_principales": null, "adresse_nom_voie": "LES CINQ CHEMINS", "price_per_sqm": null, "date_iso": "2022-12-23", "parcelle": "773110000A0101", "addr_num": ""}}, {"type": "Feature", "geometry": {"type": "Point", "coordinates": [3.034081, 48.450049]}, "properties": {"year": 2022, "valeur_fonciere": 1539862.2, "type_local": null, "surface_reelle_bati": null, "nombre_pieces_principales": null, "adresse_nom_voie": "LES CINQ CHEMINS", "price_per_sqm": null, "date_iso": "2022-12-23", "parcelle": "773110000A0101", "addr_num": ""}}, {"type": "Feature", "geometry": {"type": "Point", "coordinates": [3.034081, 48.450049]}, "properties": {"year": 2022, "valeur_fonciere": 1539862.2, "type_local": null, "surface_reelle_bati": null, "nombre_pieces_principales": null, "adresse_nom_voie": "LES CINQ CHEMINS", "price_per_sqm": null, "date_iso": "2022-12-23", "parcelle": "773110000A0101", "addr_num": ""}}, {"type": "Feature", "geometry": {"type": "Point", "coordinates": [3.029932, 48.447751]}, "properties": {"year": 2022, "valeur_fonciere": 1539862.2, "type_local": null, "surface_reelle_bati": null, "nombre_pieces_principales": null, "adresse_nom_voie": "LES CINQ CHEMINS", "price_per_sqm": null, "date_iso": "2022-12-23", "parcelle": "773110000A0102", "addr_num": ""}}, {"type": "Feature", "geometry": {"type": "Point", "coordinates": [3.028919, 48.447784]}, "properties": {"year": 2022, "valeur_fonciere": 1539862.2, "type_local": null, "surface_reelle_bati": null, "nombre_pieces_principales": null, "adresse_nom_voie": "LES CINQ CHEMINS", "price_per_sqm": null, "date_iso": "2022-12-23", "parcelle": "773110000A0103", "addr_num": ""}}, {"type": "Feature", "geometry": {"type": "Point", "coordinates": [3.029821, 48.445671]}, "properties": {"year": 2022, "valeur_fonciere": 1539862.2, "type_local": null, "surface_reelle_bati": null, "nombre_pieces_principales": null, "adresse_nom_voie": "LES CINQ CHEMINS", "price_per_sqm": null, "date_iso": "2022-12-23", "parcelle": "773110000A0104", "addr_num": ""}}, {"type": "Feature", "geometry": {"type": "Point", "coordinates": [3.029821, 48.445671]}, "properties": {"year": 2022, "valeur_fonciere": 1539862.2, "type_local": null, "surface_reelle_bati": null, "nombre_pieces_principales": null, "adresse_nom_voie": "LES CINQ CHEMINS", "price_per_sqm": null, "date_iso": "2022-12-23", "parcelle": "773110000A0104", "addr_num": ""}}, {"type": "Feature", "geometry": {"type": "Point", "coordinates": [3.032947, 48.446414]}, "properties": {"year": 2022, "valeur_fonciere": 1539862.2, "type_local": null, "surface_reelle_bati": null, "nombre_pieces_principales": null, "adresse_nom_voie": "LES CINQ CHEMINS", "price_per_sqm": null, "date_iso": "2022-12-23", "parcelle": "773110000A0105", "addr_num": ""}}, {"type": "Feature", "geometry": {"type": "Point", "coordinates": [3.032947, 48.446414]}, "properties": {"year": 2022, "valeur_fonciere": 1539862.2, "type_local": null, "surface_reelle_bati": null, "nombre_pieces_principales": null, "adresse_nom_voie": "LES CINQ CHEMINS", "price_per_sqm": null, "date_iso": "2022-12-23", "parcelle": "773110000A0105", "addr_num": ""}}, {"type": "Feature", "geometry": {"type": "Point", "coordinates": [3.03815, 48.446995]}, "properties": {"year": 2022, "valeur_fonciere": 1539862.2, "type_local": null, "surface_reelle_bati": null, "nombre_pieces_principales": null, "adresse_nom_voie": "LES CINQ CHEMINS", "price_per_sqm": null, "date_iso": "2022-12-23", "parcelle": "773110000A0106", "addr_num": ""}}, {"type": "Feature", "geometry": {"type": "Point", "coordinates": [3.03815, 48.446995]}, "properties": {"year": 2022, "valeur_fonciere": 1539862.2, "type_local": null, "surface_reelle_bati": null, "nombre_pieces_principales": null, "adresse_nom_voie": "LES CINQ CHEMINS", "price_per_sqm": null, "date_iso": "2022-12-23", "parcelle": "773110000A0106", "addr_num": ""}}, {"type": "Feature", "geometry": {"type": "Point", "coordinates": [3.03815, 48.446995]}, "properties": {"year": 2022, "valeur_fonciere": 1539862.2, "type_local": null, "surface_reelle_bati": null, "nombre_pieces_principales": null, "adresse_nom_voie": "LES CINQ CHEMINS", "price_per_sqm": null, "date_iso": "2022-12-23", "parcelle": "773110000A0106", "addr_num": ""}}, {"type": "Feature", "geometry": {"type": "Point", "coordinates": [3.034195, 48.445031]}, "properties": {"year": 2022, "valeur_fonciere": 1539862.2, "type_local": null, "surface_reelle_bati": null, "nombre_pieces_principales": null, "adresse_nom_voie": "LES CINQ CHEMINS", "price_per_sqm": null, "date_iso": "2022-12-23", "parcelle": "773110000A0107", "addr_num": ""}}, {"type": "Feature", "geometry": {"type": "Point", "coordinates": [3.029391, 48.443947]}, "properties": {"year": 2022, "valeur_fonciere": 1539862.2, "type_local": null, "surface_reelle_bati": null, "nombre_pieces_principales": null, "adresse_nom_voie": "LES CINQ CHEMINS", "price_per_sqm": null, "date_iso": "2022-12-23", "parcelle": "773110000A0108", "addr_num": ""}}, {"type": "Feature", "geometry": {"type": "Point", "coordinates": [3.029391, 48.443947]}, "properties": {"year": 2022, "valeur_fonciere": 1539862.2, "type_local": null, "surface_reelle_bati": null, "nombre_pieces_principales": null, "adresse_nom_voie": "LES CINQ CHEMINS", "price_per_sqm": null, "date_iso": "2022-12-23", "parcelle": "773110000A0108", "addr_num": ""}}, {"type": "Feature", "geometry": {"type": "Point", "coordinates": [3.029391, 48.443947]}, "properties": {"year": 2022, "valeur_fonciere": 1539862.2, "type_local": null, "surface_reelle_bati": null, "nombre_pieces_principales": null, "adresse_nom_voie": "LES CINQ CHEMINS", "price_per_sqm": null, "date_iso": "2022-12-23", "parcelle": "773110000A0108", "addr_num": ""}}, {"type": "Feature", "geometry": {"type": "Point", "coordinates": [3.031572, 48.442427]}, "properties": {"year": 2022, "valeur_fonciere": 1539862.2, "type_local": null, "surface_reelle_bati": null, "nombre_pieces_principales": null, "adresse_nom_voie": "LES CINQ CHEMINS", "price_per_sqm": null, "date_iso": "2022-12-23", "parcelle": "773110000A0110", "addr_num": ""}}, {"type": "Feature", "geometry": {"type": "Point", "coordinates": [3.031572, 48.442427]}, "properties": {"year": 2022, "valeur_fonciere": 1539862.2, "type_local": null, "surface_reelle_bati": null, "nombre_pieces_principales": null, "adresse_nom_voie": "LES CINQ CHEMINS", "price_per_sqm": null, "date_iso": "2022-12-23", "parcelle": "773110000A0110", "addr_num": ""}}, {"type": "Feature", "geometry": {"type": "Point", "coordinates": [3.034523, 48.442982]}, "properties": {"year": 2022, "valeur_fonciere": 1539862.2, "type_local": null, "surface_reelle_bati": null, "nombre_pieces_principales": null, "adresse_nom_voie": "LES CINQ CHEMINS", "price_per_sqm": null, "date_iso": "2022-12-23", "parcelle": "773110000A0111", "addr_num": ""}}, {"type": "Feature", "geometry": {"type": "Point", "coordinates": [3.018948, 48.4477]}, "properties": {"year": 2022, "valeur_fonciere": 1539862.2, "type_local": null, "surface_reelle_bati": null, "nombre_pieces_principales": null, "adresse_nom_voie": "LE TREMBLAY", "price_per_sqm": null, "date_iso": "2022-12-23", "parcelle": "773110000A0173", "addr_num": ""}}, {"type": "Feature", "geometry": {"type": "Point", "coordinates": [3.026386, 48.44122]}, "properties": {"year": 2022, "valeur_fonciere": 1539862.2, "type_local": null, "surface_reelle_bati": null, "nombre_pieces_principales": null, "adresse_nom_voie": "LES CINQ CHEMINS", "price_per_sqm": null, "date_iso": "2022-12-23", "parcelle": "773110000A0207", "addr_num": ""}}, {"type": "Feature", "geometry": {"type": "Point", "coordinates": [3.028583, 48.447448]}, "properties": {"year": 2022, "valeur_fonciere": 1539862.2, "type_local": null, "surface_reelle_bati": null, "nombre_pieces_principales": null, "adresse_nom_voie": "LE TREMBLAY", "price_per_sqm": null, "date_iso": "2022-12-23", "parcelle": "773110000A0208", "addr_num": ""}}, {"type": "Feature", "geometry": {"type": "Point", "coordinates": [3.023708, 48.441608]}, "properties": {"year": 2022, "valeur_fonciere": 1539862.2, "type_local": null, "surface_reelle_bati": null, "nombre_pieces_principales": null, "adresse_nom_voie": "LE TREMBLAY", "price_per_sqm": null, "date_iso": "2022-12-23", "parcelle": "773110000A0211", "addr_num": ""}}, {"type": "Feature", "geometry": {"type": "Point", "coordinates": [3.023708, 48.441608]}, "properties": {"year": 2022, "valeur_fonciere": 1539862.2, "type_local": null, "surface_reelle_bati": null, "nombre_pieces_principales": null, "adresse_nom_voie": "LE TREMBLAY", "price_per_sqm": null, "date_iso": "2022-12-23", "parcelle": "773110000A0211", "addr_num": ""}}, {"type": "Feature", "geometry": {"type": "Point", "coordinates": [3.021581, 48.441627]}, "properties": {"year": 2022, "valeur_fonciere": 1539862.2, "type_local": null, "surface_reelle_bati": null, "nombre_pieces_principales": null, "adresse_nom_voie": "LE TREMBLAY", "price_per_sqm": null, "date_iso": "2022-12-23", "parcelle": "773110000A0216", "addr_num": ""}}, {"type": "Feature", "geometry": {"type": "Point", "coordinates": [3.022206, 48.440231]}, "properties": {"year": 2022, "valeur_fonciere": 1539862.2, "type_local": null, "surface_reelle_bati": null, "nombre_pieces_principales": null, "adresse_nom_voie": "LE TREMBLAY", "price_per_sqm": null, "date_iso": "2022-12-23", "parcelle": "773110000A0217", "addr_num": ""}}, {"type": "Feature", "geometry": {"type": "Point", "coordinates": [3.02384, 48.440159]}, "properties": {"year": 2022, "valeur_fonciere": 1539862.2, "type_local": null, "surface_reelle_bati": null, "nombre_pieces_principales": null, "adresse_nom_voie": "LES CINQ CHEMINS", "price_per_sqm": null, "date_iso": "2022-12-23", "parcelle": "773110000A0222", "addr_num": ""}}, {"type": "Feature", "geometry": {"type": "Point", "coordinates": [3.023632, 48.440646]}, "properties": {"year": 2022, "valeur_fonciere": 1539862.2, "type_local": null, "surface_reelle_bati": null, "nombre_pieces_principales": null, "adresse_nom_voie": "LE TREMBLAY", "price_per_sqm": null, "date_iso": "2022-12-23", "parcelle": "773110000A0226", "addr_num": ""}}, {"type": "Feature", "geometry": {"type": "Point", "coordinates": [3.022117, 48.441689]}, "properties": {"year": 2022, "valeur_fonciere": 1539862.2, "type_local": null, "surface_reelle_bati": null, "nombre_pieces_principales": null, "adresse_nom_voie": "LE TREMBLAY", "price_per_sqm": null, "date_iso": "2022-12-23", "parcelle": "773110000A0231", "addr_num": ""}}, {"type": "Feature", "geometry": {"type": "Point", "coordinates": [3.023438, 48.440811]}, "properties": {"year": 2022, "valeur_fonciere": 1539862.2, "type_local": null, "surface_reelle_bati": null, "nombre_pieces_principales": null, "adresse_nom_voie": "LE TREMBLAY", "price_per_sqm": null, "date_iso": "2022-12-23", "parcelle": "773110000A0232", "addr_num": ""}}, {"type": "Feature", "geometry": {"type": "Point", "coordinates": [3.057038, 48.453101]}, "properties": {"year": 2022, "valeur_fonciere": 150000.0, "type_local": "Local industriel. commercial ou assimilé", "surface_reelle_bati": null, "nombre_pieces_principales": 0.0, "adresse_nom_voie": "RUE BATAILLE", "price_per_sqm": null, "date_iso": "2022-10-20", "parcelle": "773110000C0972", "addr_num": "2"}}, {"type": "Feature", "geometry": {"type": "Point", "coordinates": [3.057038, 48.453101]}, "properties": {"year": 2022, "valeur_fonciere": 150000.0, "type_local": "Maison", "surface_reelle_bati": 80.0, "nombre_pieces_principales": 3.0, "adresse_nom_voie": "RUE BATAILLE", "price_per_sqm": 1875.0, "date_iso": "2022-10-20", "parcelle": "773110000C0972", "addr_num": "2"}}, {"type": "Feature", "geometry": {"type": "Point", "coordinates": [3.056866, 48.453045]}, "properties": {"year": 2022, "valeur_fonciere": 150000.0, "type_local": null, "surface_reelle_bati": null, "nombre_pieces_principales": null, "adresse_nom_voie": "RUE BATAILLE", "price_per_sqm": null, "date_iso": "2022-10-20", "parcelle": "773110000C0973", "addr_num": "2"}}, {"type": "Feature", "geometry": {"type": "Point", "coordinates": [3.047722, 48.440722]}, "properties": {"year": 2023, "valeur_fonciere": 135000.0, "type_local": "Maison", "surface_reelle_bati": 110.0, "nombre_pieces_principales": 2.0, "adresse_nom_voie": "RUE D ORVILLIERS", "price_per_sqm": 1227.2727272727273, "date_iso": "2023-01-11", "parcelle": "773110000H0617", "addr_num": "400"}}, {"type": "Feature", "geometry": {"type": "Point", "coordinates": [3.05413, 48.457321]}, "properties": {"year": 2023, "valeur_fonciere": 150000.0, "type_local": null, "surface_reelle_bati": null, "nombre_pieces_principales": null, "adresse_nom_voie": "DESSUS DU VIEUX CHATEAU", "price_per_sqm": null, "date_iso": "2023-01-23", "parcelle": "773110000C0649", "addr_num": ""}}, {"type": "Feature", "geometry": {"type": "Point", "coordinates": [3.054491, 48.456608]}, "properties": {"year": 2023, "valeur_fonciere": 150000.0, "type_local": "Dépendance", "surface_reelle_bati": null, "nombre_pieces_principales": 0.0, "adresse_nom_voie": "RUE DE LA FONTAINE GEOFFROY", "price_per_sqm": null, "date_iso": "2023-01-23", "parcelle": "773110000C0651", "addr_num": "22"}}, {"type": "Feature", "geometry": {"type": "Point", "coordinates": [3.054491, 48.456608]}, "properties": {"year": 2023, "valeur_fonciere": 150000.0, "type_local": "Maison", "surface_reelle_bati": 48.0, "nombre_pieces_principales": 3.0, "adresse_nom_voie": "RUE DE LA FONTAINE GEOFFROY", "price_per_sqm": 3125.0, "date_iso": "2023-01-23", "parcelle": "773110000C0651", "addr_num": "22"}}, {"type": "Feature", "geometry": {"type": "Point", "coordinates": [3.05499, 48.451039]}, "properties": {"year": 2023, "valeur_fonciere": 65000.0, "type_local": null, "surface_reelle_bati": null, "nombre_pieces_principales": null, "adresse_nom_voie": "LES CONFLANS", "price_per_sqm": null, "date_iso": "2023-02-22", "parcelle": "773110000C1109", "addr_num": ""}}, {"type": "Feature", "geometry": {"type": "Point", "coordinates": [3.055246, 48.451113]}, "properties": {"year": 2023, "valeur_fonciere": 65000.0, "type_local": null, "surface_reelle_bati": null, "nombre_pieces_principales": null, "adresse_nom_voie": "RUE DU GUE ROND", "price_per_sqm": null, "date_iso": "2023-02-22", "parcelle": "773110000C1120", "addr_num": "235"}}, {"type": "Feature", "geometry": {"type": "Point", "coordinates": [3.055141, 48.451131]}, "properties": {"year": 2023, "valeur_fonciere": 65000.0, "type_local": null, "surface_reelle_bati": null, "nombre_pieces_principales": null, "adresse_nom_voie": "LA TUILERIE", "price_per_sqm": null, "date_iso": "2023-02-22", "parcelle": "773110000C1124", "addr_num": ""}}, {"type": "Feature", "geometry": {"type": "Point", "coordinates": [3.055158, 48.451107]}, "properties": {"year": 2023, "valeur_fonciere": 65000.0, "type_local": null, "surface_reelle_bati": null, "nombre_pieces_principales": null, "adresse_nom_voie": "LA TUILERIE", "price_per_sqm": null, "date_iso": "2023-02-22", "parcelle": "773110000C1125", "addr_num": ""}}, {"type": "Feature", "geometry": {"type": "Point", "coordinates": [3.060474, 48.453896]}, "properties": {"year": 2023, "valeur_fonciere": 177000.0, "type_local": "Maison", "surface_reelle_bati": 120.0, "nombre_pieces_principales": 4.0, "adresse_nom_voie": "RUE MONTMART", "price_per_sqm": 1475.0, "date_iso": "2023-02-18", "parcelle": "773110000C0278", "addr_num": "12"}}, {"type": "Feature", "geometry": {"type": "Point", "coordinates": [3.060508, 48.453789]}, "properties": {"year": 2023, "valeur_fonciere": 177000.0, "type_local": null, "surface_reelle_bati": null, "nombre_pieces_principales": null, "adresse_nom_voie": "LE COCHERET", "price_per_sqm": null, "date_iso": "2023-02-18", "parcelle": "773110000C0279", "addr_num": ""}}, {"type": "Feature", "geometry": {"type": "Point", "coordinates": [3.060922, 48.452973]}, "properties": {"year": 2023, "valeur_fonciere": 123000.0, "type_local": "Maison", "surface_reelle_bati": 92.0, "nombre_pieces_principales": 5.0, "adresse_nom_voie": "RUE ANDRE CHENIER", "price_per_sqm": 1336.9565217391305, "date_iso": "2023-03-29", "parcelle": "773110000G0018", "addr_num": "10"}}, {"type": "Feature", "geometry": {"type": "Point", "coordinates": [3.060922, 48.452973]}, "properties": {"year": 2023, "valeur_fonciere": 123000.0, "type_local": "Dépendance", "surface_reelle_bati": null, "nombre_pieces_principales": 0.0, "adresse_nom_voie": "RUE ANDRE CHENIER", "price_per_sqm": null, "date_iso": "2023-03-29", "parcelle": "773110000G0018", "addr_num": "10"}}, {"type": "Feature", "geometry": {"type": "Point", "coordinates": [3.070901, 48.460525]}, "properties": {"year": 2023, "valeur_fonciere": 3000.0, "type_local": null, "surface_reelle_bati": null, "nombre_pieces_principales": null, "adresse_nom_voie": "LES GILLOTERIES", "price_per_sqm": null, "date_iso": "2023-03-31", "parcelle": "773110000D0970", "addr_num": ""}}, {"type": "Feature", "geometry": {"type": "Point", "coordinates": [3.076096, 48.454251]}, "properties": {"year": 2023, "valeur_fonciere": 83370.1, "type_local": null, "surface_reelle_bati": null, "nombre_pieces_principales": null, "adresse_nom_voie": "LES CROYATS", "price_per_sqm": null, "date_iso": "2023-04-21", "parcelle": "77311000ZD0046", "addr_num": ""}}, {"type": "Feature", "geometry": {"type": "Point", "coordinates": [3.076096, 48.454251]}, "properties": {"year": 2023, "valeur_fonciere": 83370.1, "type_local": null, "surface_reelle_bati": null, "nombre_pieces_principales": null, "adresse_nom_voie": "LES CROYATS", "price_per_sqm": null, "date_iso": "2023-04-21", "parcelle": "77311000ZD0046", "addr_num": ""}}, {"type": "Feature", "geometry": {"type": "Point", "coordinates": [3.086435, 48.452328]}, "properties": {"year": 2023, "valeur_fonciere": 83370.1, "type_local": null, "surface_reelle_bati": null, "nombre_pieces_principales": null, "adresse_nom_voie": "PRE L ABBE", "price_per_sqm": null, "date_iso": "2023-04-21", "parcelle": "77311000ZE0003", "addr_num": ""}}, {"type": "Feature", "geometry": {"type": "Point", "coordinates": [3.086435, 48.452328]}, "properties": {"year": 2023, "valeur_fonciere": 83370.1, "type_local": null, "surface_reelle_bati": null, "nombre_pieces_principales": null, "adresse_nom_voie": "PRE L ABBE", "price_per_sqm": null, "date_iso": "2023-04-21", "parcelle": "77311000ZE0003", "addr_num": ""}}, {"type": "Feature", "geometry": {"type": "Point", "coordinates": [3.081355, 48.45372]}, "properties": {"year": 2023, "valeur_fonciere": 83370.1, "type_local": null, "surface_reelle_bati": null, "nombre_pieces_principales": null, "adresse_nom_voie": "LA VALLEE MARGUERITE", "price_per_sqm": null, "date_iso": "2023-04-21", "parcelle": "77311000ZE0015", "addr_num": ""}}, {"type": "Feature", "geometry": {"type": "Point", "coordinates": [3.082816, 48.453963]}, "properties": {"year": 2023, "valeur_fonciere": 83370.1, "type_local": null, "surface_reelle_bati": null, "nombre_pieces_principales": null, "adresse_nom_voie": "LA VALLEE MARGUERITE", "price_per_sqm": null, "date_iso": "2023-04-21", "parcelle": "77311000ZE0016", "addr_num": ""}}, {"type": "Feature", "geometry": {"type": "Point", "coordinates": [3.085773, 48.45524]}, "properties": {"year": 2023, "valeur_fonciere": 83370.1, "type_local": null, "surface_reelle_bati": null, "nombre_pieces_principales": null, "adresse_nom_voie": "LA VALLEE MARGUERITE", "price_per_sqm": null, "date_iso": "2023-04-21", "parcelle": "77311000ZE0020", "addr_num": ""}}, {"type": "Feature", "geometry": {"type": "Point", "coordinates": [3.070113, 48.452238]}, "properties": {"year": 2023, "valeur_fonciere": 83370.1, "type_local": null, "surface_reelle_bati": null, "nombre_pieces_principales": null, "adresse_nom_voie": "CLOS MOREAU", "price_per_sqm": null, "date_iso": "2023-04-21", "parcelle": "77311000ZI0022", "addr_num": ""}}, {"type": "Feature", "geometry": {"type": "Point", "coordinates": [3.074494, 48.452236]}, "properties": {"year": 2023, "valeur_fonciere": 83370.1, "type_local": null, "surface_reelle_bati": null, "nombre_pieces_principales": null, "adresse_nom_voie": "PAROTIN", "price_per_sqm": null, "date_iso": "2023-04-21", "parcelle": "77311000ZI0033", "addr_num": ""}}, {"type": "Feature", "geometry": {"type": "Point", "coordinates": [3.071412, 48.45202]}, "properties": {"year": 2023, "valeur_fonciere": 83370.1, "type_local": null, "surface_reelle_bati": null, "nombre_pieces_principales": null, "adresse_nom_voie": "PAROTIN", "price_per_sqm": null, "date_iso": "2023-04-21", "parcelle": "77311000ZI0034", "addr_num": ""}}, {"type": "Feature", "geometry": {"type": "Point", "coordinates": [3.076048, 48.452505]}, "properties": {"year": 2023, "valeur_fonciere": 83370.1, "type_local": null, "surface_reelle_bati": null, "nombre_pieces_principales": null, "adresse_nom_voie": "MOULIN MOURANT", "price_per_sqm": null, "date_iso": "2023-04-21", "parcelle": "77311000ZI0086", "addr_num": ""}}, {"type": "Feature", "geometry": {"type": "Point", "coordinates": [3.076048, 48.452505]}, "properties": {"year": 2023, "valeur_fonciere": 83370.1, "type_local": null, "surface_reelle_bati": null, "nombre_pieces_principales": null, "adresse_nom_voie": "MOULIN MOURANT", "price_per_sqm": null, "date_iso": "2023-04-21", "parcelle": "77311000ZI0086", "addr_num": ""}}, {"type": "Feature", "geometry": {"type": "Point", "coordinates": [3.060927, 48.450519]}, "properties": {"year": 2023, "valeur_fonciere": 9000.0, "type_local": null, "surface_reelle_bati": null, "nombre_pieces_principales": null, "adresse_nom_voie": "LE VILLAGE", "price_per_sqm": null, "date_iso": "2023-04-22", "parcelle": "773110000G0144", "addr_num": ""}}, {"type": "Feature", "geometry": {"type": "Point", "coordinates": [3.060888, 48.450956]}, "properties": {"year": 2023, "valeur_fonciere": 9000.0, "type_local": null, "surface_reelle_bati": null, "nombre_pieces_principales": null, "adresse_nom_voie": "LE VILLAGE", "price_per_sqm": null, "date_iso": "2023-04-22", "parcelle": "773110000G0145", "addr_num": ""}}, {"type": "Feature", "geometry": {"type": "Point", "coordinates": [3.065507, 48.452618]}, "properties": {"year": 2023, "valeur_fonciere": 125000.0, "type_local": "Maison", "surface_reelle_bati": 65.0, "nombre_pieces_principales": 3.0, "adresse_nom_voie": "GR GRANDE RUE", "price_per_sqm": 1923.076923076923, "date_iso": "2023-04-20", "parcelle": "773110000F0012", "addr_num": "34"}}, {"type": "Feature", "geometry": {"type": "Point", "coordinates": [3.06566, 48.452529]}, "properties": {"year": 2023, "valeur_fonciere": 125000.0, "type_local": "Dépendance", "surface_reelle_bati": null, "nombre_pieces_principales": 0.0, "adresse_nom_voie": "GR GRANDE RUE", "price_per_sqm": null, "date_iso": "2023-04-20", "parcelle": "773110000F0020", "addr_num": "34"}}, {"type": "Feature", "geometry": {"type": "Point", "coordinates": [3.065482, 48.452527]}, "properties": {"year": 2023, "valeur_fonciere": 125000.0, "type_local": null, "surface_reelle_bati": null, "nombre_pieces_principales": null, "adresse_nom_voie": "CLOS MOREAU", "price_per_sqm": null, "date_iso": "2023-04-20", "parcelle": "773110000F0423", "addr_num": ""}}, {"type": "Feature", "geometry": {"type": "Point", "coordinates": [3.055693, 48.451855]}, "properties": {"year": 2023, "valeur_fonciere": 230000.0, "type_local": "Maison", "surface_reelle_bati": 82.0, "nombre_pieces_principales": 4.0, "adresse_nom_voie": "RUE DE SUCY", "price_per_sqm": 2804.878048780488, "date_iso": "2023-04-18", "parcelle": "773110000C1085", "addr_num": "106"}}, {"type": "Feature", "geometry": {"type": "Point", "coordinates": [3.047948, 48.454843]}, "properties": {"year": 2023, "valeur_fonciere": 170000.0, "type_local": null, "surface_reelle_bati": null, "nombre_pieces_principales": null, "adresse_nom_voie": "LES BARBOTEAUX", "price_per_sqm": null, "date_iso": "2023-04-26", "parcelle": "773110000B0093", "addr_num": ""}}, {"type": "Feature", "geometry": {"type": "Point", "coordinates": [3.048019, 48.454648]}, "properties": {"year": 2023, "valeur_fonciere": 170000.0, "type_local": "Maison", "surface_reelle_bati": 80.0, "nombre_pieces_principales": 2.0, "adresse_nom_voie": "RUE DE COUTENCON", "price_per_sqm": 2125.0, "date_iso": "2023-04-26", "parcelle": "773110000B0094", "addr_num": "7"}}, {"type": "Feature", "geometry": {"type": "Point", "coordinates": [3.048122, 48.454458]}, "properties": {"year": 2023, "valeur_fonciere": 170000.0, "type_local": null, "surface_reelle_bati": null, "nombre_pieces_principales": null, "adresse_nom_voie": "LES BARBOTEAUX", "price_per_sqm": null, "date_iso": "2023-04-26", "parcelle": "773110000B0095", "addr_num": ""}}, {"type": "Feature", "geometry": {"type": "Point", "coordinates": [3.075265, 48.454703]}, "properties": {"year": 2023, "valeur_fonciere": 3000.0, "type_local": null, "surface_reelle_bati": null, "nombre_pieces_principales": null, "adresse_nom_voie": "LES CROYATS", "price_per_sqm": null, "date_iso": "2023-05-22", "parcelle": "77311000ZD0047", "addr_num": ""}}, {"type": "Feature", "geometry": {"type": "Point", "coordinates": [3.075265, 48.454703]}, "properties": {"year": 2023, "valeur_fonciere": 3000.0, "type_local": null, "surface_reelle_bati": null, "nombre_pieces_principales": null, "adresse_nom_voie": "LES CROYATS", "price_per_sqm": null, "date_iso": "2023-05-22", "parcelle": "77311000ZD0047", "addr_num": ""}}, {"type": "Feature", "geometry": {"type": "Point", "coordinates": [3.075265, 48.454703]}, "properties": {"year": 2023, "valeur_fonciere": 3000.0, "type_local": null, "surface_reelle_bati": null, "nombre_pieces_principales": null, "adresse_nom_voie": "LES CROYATS", "price_per_sqm": null, "date_iso": "2023-05-22", "parcelle": "77311000ZD0047", "addr_num": ""}}, {"type": "Feature", "geometry": {"type": "Point", "coordinates": [3.071019, 48.459544]}, "properties": {"year": 2023, "valeur_fonciere": 57788.2, "type_local": null, "surface_reelle_bati": null, "nombre_pieces_principales": null, "adresse_nom_voie": "LES GILLOTERIES", "price_per_sqm": null, "date_iso": "2023-06-14", "parcelle": "773110000D0444", "addr_num": ""}}, {"type": "Feature", "geometry": {"type": "Point", "coordinates": [3.071566, 48.459617]}, "properties": {"year": 2023, "valeur_fonciere": 57788.2, "type_local": null, "surface_reelle_bati": null, "nombre_pieces_principales": null, "adresse_nom_voie": "LES GILLOTERIES", "price_per_sqm": null, "date_iso": "2023-06-14", "parcelle": "773110000D0445", "addr_num": ""}}, {"type": "Feature", "geometry": {"type": "Point", "coordinates": [3.066378, 48.455345]}, "properties": {"year": 2023, "valeur_fonciere": 57788.2, "type_local": null, "surface_reelle_bati": null, "nombre_pieces_principales": null, "adresse_nom_voie": "LES FRANCOISERIES", "price_per_sqm": null, "date_iso": "2023-06-14", "parcelle": "773110000D0660", "addr_num": ""}}, {"type": "Feature", "geometry": {"type": "Point", "coordinates": [3.06494, 48.455148]}, "properties": {"year": 2023, "valeur_fonciere": 57788.2, "type_local": null, "surface_reelle_bati": null, "nombre_pieces_principales": null, "adresse_nom_voie": "BOIS HURE", "price_per_sqm": null, "date_iso": "2023-06-14", "parcelle": "773110000D0684", "addr_num": ""}}, {"type": "Feature", "geometry": {"type": "Point", "coordinates": [3.064746, 48.455142]}, "properties": {"year": 2023, "valeur_fonciere": 57788.2, "type_local": null, "surface_reelle_bati": null, "nombre_pieces_principales": null, "adresse_nom_voie": "BOIS HURE", "price_per_sqm": null, "date_iso": "2023-06-14", "parcelle": "773110000D0685", "addr_num": ""}}, {"type": "Feature", "geometry": {"type": "Point", "coordinates": [3.064625, 48.455126]}, "properties": {"year": 2023, "valeur_fonciere": 57788.2, "type_local": null, "surface_reelle_bati": null, "nombre_pieces_principales": null, "adresse_nom_voie": "BOIS HURE", "price_per_sqm": null, "date_iso": "2023-06-14", "parcelle": "773110000D0686", "addr_num": ""}}, {"type": "Feature", "geometry": {"type": "Point", "coordinates": [3.063925, 48.454253]}, "properties": {"year": 2023, "valeur_fonciere": 57788.2, "type_local": null, "surface_reelle_bati": null, "nombre_pieces_principales": null, "adresse_nom_voie": "CLOS JAMET", "price_per_sqm": null, "date_iso": "2023-06-14", "parcelle": "773110000D0694", "addr_num": ""}}, {"type": "Feature", "geometry": {"type": "Point", "coordinates": [3.071606, 48.459891]}, "properties": {"year": 2023, "valeur_fonciere": 57788.2, "type_local": null, "surface_reelle_bati": null, "nombre_pieces_principales": null, "adresse_nom_voie": "LES GILLOTERIES", "price_per_sqm": null, "date_iso": "2023-06-14", "parcelle": "773110000D0827", "addr_num": ""}}, {"type": "Feature", "geometry": {"type": "Point", "coordinates": [3.072114, 48.460048]}, "properties": {"year": 2023, "valeur_fonciere": 57788.2, "type_local": null, "surface_reelle_bati": null, "nombre_pieces_principales": null, "adresse_nom_voie": "LES GILLOTERIES", "price_per_sqm": null, "date_iso": "2023-06-14", "parcelle": "773110000D0971", "addr_num": ""}}, {"type": "Feature", "geometry": {"type": "Point", "coordinates": [3.072184, 48.460186]}, "properties": {"year": 2023, "valeur_fonciere": 57788.2, "type_local": null, "surface_reelle_bati": null, "nombre_pieces_principales": null, "adresse_nom_voie": "LES GILLOTERIES", "price_per_sqm": null, "date_iso": "2023-06-14", "parcelle": "773110000D0973", "addr_num": ""}}, {"type": "Feature", "geometry": {"type": "Point", "coordinates": [3.072184, 48.460186]}, "properties": {"year": 2023, "valeur_fonciere": 57788.2, "type_local": null, "surface_reelle_bati": null, "nombre_pieces_principales": null, "adresse_nom_voie": "LES GILLOTERIES", "price_per_sqm": null, "date_iso": "2023-06-14", "parcelle": "773110000D0973", "addr_num": ""}}, {"type": "Feature", "geometry": {"type": "Point", "coordinates": [3.088679, 48.458713]}, "properties": {"year": 2023, "valeur_fonciere": 57788.2, "type_local": null, "surface_reelle_bati": null, "nombre_pieces_principales": null, "adresse_nom_voie": "LES FOURNEAUX", "price_per_sqm": null, "date_iso": "2023-06-14", "parcelle": "773110000E0163", "addr_num": ""}}, {"type": "Feature", "geometry": {"type": "Point", "coordinates": [3.087589, 48.458161]}, "properties": {"year": 2023, "valeur_fonciere": 57788.2, "type_local": null, "surface_reelle_bati": null, "nombre_pieces_principales": null, "adresse_nom_voie": "LES FOURNEAUX", "price_per_sqm": null, "date_iso": "2023-06-14", "parcelle": "773110000E0164", "addr_num": ""}}, {"type": "Feature", "geometry": {"type": "Point", "coordinates": [3.072056, 48.460586]}, "properties": {"year": 2023, "valeur_fonciere": 57788.2, "type_local": null, "surface_reelle_bati": null, "nombre_pieces_principales": null, "adresse_nom_voie": "LES GILLOTERIES", "price_per_sqm": null, "date_iso": "2023-06-14", "parcelle": "77311000ZC0141", "addr_num": ""}}, {"type": "Feature", "geometry": {"type": "Point", "coordinates": [3.072056, 48.460586]}, "properties": {"year": 2023, "valeur_fonciere": 57788.2, "type_local": null, "surface_reelle_bati": null, "nombre_pieces_principales": null, "adresse_nom_voie": "LES GILLOTERIES", "price_per_sqm": null, "date_iso": "2023-06-14", "parcelle": "77311000ZC0141", "addr_num": ""}}, {"type": "Feature", "geometry": {"type": "Point", "coordinates": [3.079776, 48.457743]}, "properties": {"year": 2023, "valeur_fonciere": 57788.2, "type_local": null, "surface_reelle_bati": null, "nombre_pieces_principales": null, "adresse_nom_voie": "LA FONTAINE GEORGES", "price_per_sqm": null, "date_iso": "2023-06-14", "parcelle": "77311000ZD0021", "addr_num": ""}}, {"type": "Feature", "geometry": {"type": "Point", "coordinates": [3.079776, 48.457743]}, "properties": {"year": 2023, "valeur_fonciere": 57788.2, "type_local": null, "surface_reelle_bati": null, "nombre_pieces_principales": null, "adresse_nom_voie": "LA FONTAINE GEORGES", "price_per_sqm": null, "date_iso": "2023-06-14", "parcelle": "77311000ZD0021", "addr_num": ""}}, {"type": "Feature", "geometry": {"type": "Point", "coordinates": [3.069538, 48.457051]}, "properties": {"year": 2023, "valeur_fonciere": 57788.2, "type_local": null, "surface_reelle_bati": null, "nombre_pieces_principales": null, "adresse_nom_voie": "LES BAGETTES", "price_per_sqm": null, "date_iso": "2023-06-14", "parcelle": "77311000ZD0147", "addr_num": ""}}, {"type": "Feature", "geometry": {"type": "Point", "coordinates": [3.085009, 48.454547]}, "properties": {"year": 2023, "valeur_fonciere": 57788.2, "type_local": null, "surface_reelle_bati": null, "nombre_pieces_principales": null, "adresse_nom_voie": "LA VALLEE MARGUERITE", "price_per_sqm": null, "date_iso": "2023-06-14", "parcelle": "77311000ZE0018", "addr_num": ""}}, {"type": "Feature", "geometry": {"type": "Point", "coordinates": [3.059916, 48.45664]}, "properties": {"year": 2023, "valeur_fonciere": 240000.0, "type_local": "Dépendance", "surface_reelle_bati": null, "nombre_pieces_principales": 0.0, "adresse_nom_voie": "RUE DE GURCY", "price_per_sqm": null, "date_iso": "2023-06-12", "parcelle": "773110000C0535", "addr_num": "3"}}, {"type": "Feature", "geometry": {"type": "Point", "coordinates": [3.059916, 48.45664]}, "properties": {"year": 2023, "valeur_fonciere": 240000.0, "type_local": "Maison", "surface_reelle_bati": 60.0, "nombre_pieces_principales": 3.0, "adresse_nom_voie": "RUE DE GURCY", "price_per_sqm": 4000.0, "date_iso": "2023-06-12", "parcelle": "773110000C0535", "addr_num": "3"}}, {"type": "Feature", "geometry": {"type": "Point", "coordinates": [3.059916, 48.45664]}, "properties": {"year": 2023, "valeur_fonciere": 240000.0, "type_local": "Dépendance", "surface_reelle_bati": null, "nombre_pieces_principales": 0.0, "adresse_nom_voie": "RUE DE GURCY", "price_per_sqm": null, "date_iso": "2023-06-12", "parcelle": "773110000C0535", "addr_num": "3"}}, {"type": "Feature", "geometry": {"type": "Point", "coordinates": [3.059916, 48.45664]}, "properties": {"year": 2023, "valeur_fonciere": 240000.0, "type_local": "Dépendance", "surface_reelle_bati": null, "nombre_pieces_principales": 0.0, "adresse_nom_voie": "RUE DE GURCY", "price_per_sqm": null, "date_iso": "2023-06-12", "parcelle": "773110000C0535", "addr_num": "3"}}, {"type": "Feature", "geometry": {"type": "Point", "coordinates": [3.059443, 48.452428]}, "properties": {"year": 2023, "valeur_fonciere": 253600.0, "type_local": "Maison", "surface_reelle_bati": 100.0, "nombre_pieces_principales": 4.0, "adresse_nom_voie": "RUE DU MOULIN D ARS", "price_per_sqm": 2536.0, "date_iso": "2023-06-13", "parcelle": "773110000C0127", "addr_num": "4"}}, {"type": "Feature", "geometry": {"type": "Point", "coordinates": [3.059188, 48.452232]}, "properties": {"year": 2023, "valeur_fonciere": 253600.0, "type_local": null, "surface_reelle_bati": null, "nombre_pieces_principales": null, "adresse_nom_voie": "RUE DU MOULIN D ARS", "price_per_sqm": null, "date_iso": "2023-06-13", "parcelle": "773110000C0128", "addr_num": ""}}, {"type": "Feature", "geometry": {"type": "Point", "coordinates": [3.059159, 48.452086]}, "properties": {"year": 2023, "valeur_fonciere": 253600.0, "type_local": null, "surface_reelle_bati": null, "nombre_pieces_principales": null, "adresse_nom_voie": "RUE DU MOULIN D ARS", "price_per_sqm": null, "date_iso": "2023-06-13", "parcelle": "773110000C0942", "addr_num": ""}}, {"type": "Feature", "geometry": {"type": "Point", "coordinates": [3.070088, 48.458604]}, "properties": {"year": 2023, "valeur_fonciere": 780000.0, "type_local": null, "surface_reelle_bati": null, "nombre_pieces_principales": null, "adresse_nom_voie": "LES BAGETTES", "price_per_sqm": null, "date_iso": "2023-07-25", "parcelle": "77311000ZD0174", "addr_num": ""}}, {"type": "Feature", "geometry": {"type": "Point", "coordinates": [3.071169, 48.45877]}, "properties": {"year": 2023, "valeur_fonciere": 780000.0, "type_local": "Maison", "surface_reelle_bati": 192.0, "nombre_pieces_principales": 3.0, "adresse_nom_voie": "RUE DE LA MAROTTE", "price_per_sqm": 4062.5, "date_iso": "2023-07-25", "parcelle": "77311000ZD0175", "addr_num": "31"}}, {"type": "Feature", "geometry": {"type": "Point", "coordinates": [3.070915, 48.458863]}, "properties": {"year": 2023, "valeur_fonciere": 780000.0, "type_local": null, "surface_reelle_bati": null, "nombre_pieces_principales": null, "adresse_nom_voie": "RUE DE LA MAROTTE", "price_per_sqm": null, "date_iso": "2023-07-25", "parcelle": "77311000ZD0176", "addr_num": ""}}, {"type": "Feature", "geometry": {"type": "Point", "coordinates": [3.057583, 48.451421]}, "properties": {"year": 2023, "valeur_fonciere": 45000.0, "type_local": null, "surface_reelle_bati": null, "nombre_pieces_principales": null, "adresse_nom_voie": "VOIE DE LA LIBERTE", "price_per_sqm": null, "date_iso": "2023-07-25", "parcelle": "773110000C1156", "addr_num": "14"}}, {"type": "Feature", "geometry": {"type": "Point", "coordinates": [3.055058, 48.448122]}, "properties": {"year": 2023, "valeur_fonciere": 415000.0, "type_local": "Maison", "surface_reelle_bati": 198.0, "nombre_pieces_principales": 7.0, "adresse_nom_voie": "ALL DES PRINCES", "price_per_sqm": 2095.959595959596, "date_iso": "2023-08-11", "parcelle": "773110000G0164", "addr_num": "1"}}, {"type": "Feature", "geometry": {"type": "Point", "coordinates": [3.055058, 48.448122]}, "properties": {"year": 2023, "valeur_fonciere": 415000.0, "type_local": "Dépendance", "surface_reelle_bati": null, "nombre_pieces_principales": 0.0, "adresse_nom_voie": "ALL DES PRINCES", "price_per_sqm": null, "date_iso": "2023-08-11", "parcelle": "773110000G0164", "addr_num": "1"}}, {"type": "Feature", "geometry": {"type": "Point", "coordinates": [3.055128, 48.447827]}, "properties": {"year": 2023, "valeur_fonciere": 415000.0, "type_local": null, "surface_reelle_bati": null, "nombre_pieces_principales": null, "adresse_nom_voie": "LE PARC", "price_per_sqm": null, "date_iso": "2023-08-11", "parcelle": "773110000G0165", "addr_num": ""}}, {"type": "Feature", "geometry": {"type": "Point", "coordinates": [3.055312, 48.448135]}, "properties": {"year": 2023, "valeur_fonciere": 415000.0, "type_local": null, "surface_reelle_bati": null, "nombre_pieces_principales": null, "adresse_nom_voie": "LE PARC", "price_per_sqm": null, "date_iso": "2023-08-11", "parcelle": "773110000G0565", "addr_num": ""}}, {"type": "Feature", "geometry": {"type": "Point", "coordinates": [3.0654, 48.453188]}, "properties": {"year": 2023, "valeur_fonciere": 225000.0, "type_local": "Dépendance", "surface_reelle_bati": null, "nombre_pieces_principales": 0.0, "adresse_nom_voie": "GR GRANDE RUE", "price_per_sqm": null, "date_iso": "2023-09-28", "parcelle": "773110000D0953", "addr_num": "33"}}, {"type": "Feature", "geometry": {"type": "Point", "coordinates": [3.0654, 48.453188]}, "properties": {"year": 2023, "valeur_fonciere": 225000.0, "type_local": "Maison", "surface_reelle_bati": 67.0, "nombre_pieces_principales": 3.0, "adresse_nom_voie": "GR GRANDE RUE", "price_per_sqm": 3358.208955223881, "date_iso": "2023-09-28", "parcelle": "773110000D0953", "addr_num": "33"}}, {"type": "Feature", "geometry": {"type": "Point", "coordinates": [3.0654, 48.453188]}, "properties": {"year": 2023, "valeur_fonciere": 225000.0, "type_local": "Dépendance", "surface_reelle_bati": null, "nombre_pieces_principales": 0.0, "adresse_nom_voie": "GR GRANDE RUE", "price_per_sqm": null, "date_iso": "2023-09-28", "parcelle": "773110000D0953", "addr_num": "33"}}, {"type": "Feature", "geometry": {"type": "Point", "coordinates": [3.0654, 48.453188]}, "properties": {"year": 2023, "valeur_fonciere": 225000.0, "type_local": "Dépendance", "surface_reelle_bati": null, "nombre_pieces_principales": 0.0, "adresse_nom_voie": "GR GRANDE RUE", "price_per_sqm": null, "date_iso": "2023-09-28", "parcelle": "773110000D0953", "addr_num": "33"}}, {"type": "Feature", "geometry": {"type": "Point", "coordinates": [3.0654, 48.453188]}, "properties": {"year": 2023, "valeur_fonciere": 225000.0, "type_local": "Dépendance", "surface_reelle_bati": null, "nombre_pieces_principales": 0.0, "adresse_nom_voie": "GR GRANDE RUE", "price_per_sqm": null, "date_iso": "2023-09-28", "parcelle": "773110000D0953", "addr_num": "33"}}, {"type": "Feature", "geometry": {"type": "Point", "coordinates": [3.0654, 48.453188]}, "properties": {"year": 2023, "valeur_fonciere": 225000.0, "type_local": "Dépendance", "surface_reelle_bati": null, "nombre_pieces_principales": 0.0, "adresse_nom_voie": "GR GRANDE RUE", "price_per_sqm": null, "date_iso": "2023-09-28", "parcelle": "773110000D0953", "addr_num": "33"}}, {"type": "Feature", "geometry": {"type": "Point", "coordinates": [3.0654, 48.453188]}, "properties": {"year": 2023, "valeur_fonciere": 225000.0, "type_local": "Maison", "surface_reelle_bati": 67.0, "nombre_pieces_principales": 3.0, "adresse_nom_voie": "GR GRANDE RUE", "price_per_sqm": 3358.208955223881, "date_iso": "2023-09-28", "parcelle": "773110000D0953", "addr_num": "33"}}, {"type": "Feature", "geometry": {"type": "Point", "coordinates": [3.0654, 48.453188]}, "properties": {"year": 2023, "valeur_fonciere": 225000.0, "type_local": "Dépendance", "surface_reelle_bati": null, "nombre_pieces_principales": 0.0, "adresse_nom_voie": "GR GRANDE RUE", "price_per_sqm": null, "date_iso": "2023-09-28", "parcelle": "773110000D0953", "addr_num": "33"}}, {"type": "Feature", "geometry": {"type": "Point", "coordinates": [3.071171, 48.457727]}, "properties": {"year": 2023, "valeur_fonciere": 235400.0, "type_local": "Maison", "surface_reelle_bati": 112.0, "nombre_pieces_principales": 5.0, "adresse_nom_voie": "RUE DE LA MAROTTE", "price_per_sqm": 2101.785714285714, "date_iso": "2023-10-20", "parcelle": "77311000ZD0148", "addr_num": "19"}}, {"type": "Feature", "geometry": {"type": "Point", "coordinates": [3.071171, 48.457727]}, "properties": {"year": 2023, "valeur_fonciere": 235400.0, "type_local": "Maison", "surface_reelle_bati": 112.0, "nombre_pieces_principales": 5.0, "adresse_nom_voie": "RUE DE LA MAROTTE", "price_per_sqm": 2101.785714285714, "date_iso": "2023-10-20", "parcelle": "77311000ZD0148", "addr_num": "19"}}, {"type": "Feature", "geometry": {"type": "Point", "coordinates": [3.055143, 48.456248]}, "properties": {"year": 2023, "valeur_fonciere": 210000.0, "type_local": null, "surface_reelle_bati": null, "nombre_pieces_principales": null, "adresse_nom_voie": "VIEUX CHATEAU", "price_per_sqm": null, "date_iso": "2023-10-18", "parcelle": "773110000C0013", "addr_num": ""}}, {"type": "Feature", "geometry": {"type": "Point", "coordinates": [3.055365, 48.456239]}, "properties": {"year": 2023, "valeur_fonciere": 210000.0, "type_local": "Dépendance", "surface_reelle_bati": null, "nombre_pieces_principales": 0.0, "adresse_nom_voie": "RUE DE LA FONTAINE GEOFFROY", "price_per_sqm": null, "date_iso": "2023-10-18", "parcelle": "773110000C0837", "addr_num": "13"}}, {"type": "Feature", "geometry": {"type": "Point", "coordinates": [3.055365, 48.456239]}, "properties": {"year": 2023, "valeur_fonciere": 210000.0, "type_local": "Maison", "surface_reelle_bati": 105.0, "nombre_pieces_principales": 5.0, "adresse_nom_voie": "RUE DE LA FONTAINE GEOFFROY", "price_per_sqm": 2000.0, "date_iso": "2023-10-18", "parcelle": "773110000C0837", "addr_num": "13"}}, {"type": "Feature", "geometry": {"type": "Point", "coordinates": [3.055365, 48.456239]}, "properties": {"year": 2023, "valeur_fonciere": 210000.0, "type_local": "Dépendance", "surface_reelle_bati": null, "nombre_pieces_principales": 0.0, "adresse_nom_voie": "RUE DE LA FONTAINE GEOFFROY", "price_per_sqm": null, "date_iso": "2023-10-18", "parcelle": "773110000C0837", "addr_num": "13"}}, {"type": "Feature", "geometry": {"type": "Point", "coordinates": [3.055365, 48.456239]}, "properties": {"year": 2023, "valeur_fonciere": 210000.0, "type_local": "Maison", "surface_reelle_bati": 105.0, "nombre_pieces_principales": 5.0, "adresse_nom_voie": "RUE DE LA FONTAINE GEOFFROY", "price_per_sqm": 2000.0, "date_iso": "2023-10-18", "parcelle": "773110000C0837", "addr_num": "13"}}, {"type": "Feature", "geometry": {"type": "Point", "coordinates": [3.055562, 48.456015]}, "properties": {"year": 2023, "valeur_fonciere": 210000.0, "type_local": null, "surface_reelle_bati": null, "nombre_pieces_principales": null, "adresse_nom_voie": "VIEUX CHATEAU", "price_per_sqm": null, "date_iso": "2023-10-18", "parcelle": "773110000C0838", "addr_num": ""}}, {"type": "Feature", "geometry": {"type": "Point", "coordinates": [3.056069, 48.456647]}, "properties": {"year": 2023, "valeur_fonciere": 50000.0, "type_local": "Dépendance", "surface_reelle_bati": null, "nombre_pieces_principales": 0.0, "adresse_nom_voie": "RUE DE LA FONTAINE GEOFFROY", "price_per_sqm": null, "date_iso": "2023-10-12", "parcelle": "773110000C0024", "addr_num": "9"}}, {"type": "Feature", "geometry": {"type": "Point", "coordinates": [3.056069, 48.456647]}, "properties": {"year": 2023, "valeur_fonciere": 50000.0, "type_local": "Dépendance", "surface_reelle_bati": null, "nombre_pieces_principales": 0.0, "adresse_nom_voie": "RUE DE LA FONTAINE GEOFFROY", "price_per_sqm": null, "date_iso": "2023-10-12", "parcelle": "773110000C0024", "addr_num": "9"}}, {"type": "Feature", "geometry": {"type": "Point", "coordinates": [3.056069, 48.456647]}, "properties": {"year": 2023, "valeur_fonciere": 50000.0, "type_local": "Maison", "surface_reelle_bati": 54.0, "nombre_pieces_principales": 3.0, "adresse_nom_voie": "RUE DE LA FONTAINE GEOFFROY", "price_per_sqm": 925.925925925926, "date_iso": "2023-10-12", "parcelle": "773110000C0024", "addr_num": "9"}}, {"type": "Feature", "geometry": {"type": "Point", "coordinates": [3.056137, 48.456423]}, "properties": {"year": 2023, "valeur_fonciere": 50000.0, "type_local": null, "surface_reelle_bati": null, "nombre_pieces_principales": null, "adresse_nom_voie": "VIEUX CHATEAU", "price_per_sqm": null, "date_iso": "2023-10-12", "parcelle": "773110000C0025", "addr_num": ""}}, {"type": "Feature", "geometry": {"type": "Point", "coordinates": [3.055734, 48.457035]}, "properties": {"year": 2023, "valeur_fonciere": 50000.0, "type_local": null, "surface_reelle_bati": null, "nombre_pieces_principales": null, "adresse_nom_voie": "DESSUS DU VIEUX CHATEAU", "price_per_sqm": null, "date_iso": "2023-10-12", "parcelle": "773110000C0635", "addr_num": ""}}, {"type": "Feature", "geometry": {"type": "Point", "coordinates": [3.060219, 48.463206]}, "properties": {"year": 2024, "valeur_fonciere": 1521.0, "type_local": null, "surface_reelle_bati": null, "nombre_pieces_principales": null, "adresse_nom_voie": "LA GARENNE DU MOULIN A VEN", "price_per_sqm": null, "date_iso": "2024-02-09", "parcelle": "773110000B0039", "addr_num": ""}}, {"type": "Feature", "geometry": {"type": "Point", "coordinates": [3.057317, 48.450793]}, "properties": {"year": 2024, "valeur_fonciere": 241000.0, "type_local": "Maison", "surface_reelle_bati": 92.0, "nombre_pieces_principales": 5.0, "adresse_nom_voie": "RUE DU GUE ROND", "price_per_sqm": 2619.5652173913045, "date_iso": "2024-01-31", "parcelle": "773110000C1005", "addr_num": "39"}}, {"type": "Feature", "geometry": {"type": "Point", "coordinates": [3.061401, 48.452375]}, "properties": {"year": 2024, "valeur_fonciere": 64000.0, "type_local": "Maison", "surface_reelle_bati": 71.0, "nombre_pieces_principales": 3.0, "adresse_nom_voie": "VOIE DE LA LIBERTE", "price_per_sqm": 901.4084507042254, "date_iso": "2024-03-22", "parcelle": "773110000G0533", "addr_num": "5"}}, {"type": "Feature", "geometry": {"type": "Point", "coordinates": [3.07124, 48.456596]}, "properties": {"year": 2024, "valeur_fonciere": 290000.0, "type_local": "Maison", "surface_reelle_bati": 166.0, "nombre_pieces_principales": 8.0, "adresse_nom_voie": "RUE DE LA MAROTTE", "price_per_sqm": 1746.987951807229, "date_iso": "2024-04-12", "parcelle": "77311000ZD0121", "addr_num": "9"}}, {"type": "Feature", "geometry": {"type": "Point", "coordinates": [3.07124, 48.456596]}, "properties": {"year": 2024, "valeur_fonciere": 290000.0, "type_local": "Maison", "surface_reelle_bati": 166.0, "nombre_pieces_principales": 8.0, "adresse_nom_voie": "RUE DE LA MAROTTE", "price_per_sqm": 1746.987951807229, "date_iso": "2024-04-12", "parcelle": "77311000ZD0121", "addr_num": "9"}}, {"type": "Feature", "geometry": {"type": "Point", "coordinates": [3.046383, 48.43993]}, "properties": {"year": 2024, "valeur_fonciere": 60000.0, "type_local": "Maison", "surface_reelle_bati": 31.0, "nombre_pieces_principales": 1.0, "adresse_nom_voie": "RUE DE MAROLLES", "price_per_sqm": 1935.483870967742, "date_iso": "2024-04-12", "parcelle": "773110000H0465", "addr_num": "62"}}, {"type": "Feature", "geometry": {"type": "Point", "coordinates": [3.046383, 48.43993]}, "properties": {"year": 2024, "valeur_fonciere": 60000.0, "type_local": "Maison", "surface_reelle_bati": 31.0, "nombre_pieces_principales": 1.0, "adresse_nom_voie": "RUE DE MAROLLES", "price_per_sqm": 1935.483870967742, "date_iso": "2024-04-12", "parcelle": "773110000H0465", "addr_num": "62"}}, {"type": "Feature", "geometry": {"type": "Point", "coordinates": [3.067242, 48.452563]}, "properties": {"year": 2024, "valeur_fonciere": 185000.0, "type_local": null, "surface_reelle_bati": null, "nombre_pieces_principales": null, "adresse_nom_voie": "CLOS MOREAU", "price_per_sqm": null, "date_iso": "2024-05-31", "parcelle": "773110000F0034", "addr_num": ""}}, {"type": "Feature", "geometry": {"type": "Point", "coordinates": [3.067312, 48.452199]}, "properties": {"year": 2024, "valeur_fonciere": 185000.0, "type_local": "Maison", "surface_reelle_bati": 90.0, "nombre_pieces_principales": 5.0, "adresse_nom_voie": "GR GRANDE RUE", "price_per_sqm": 2055.5555555555557, "date_iso": "2024-05-31", "parcelle": "773110000F0467", "addr_num": "46"}}, {"type": "Feature", "geometry": {"type": "Point", "coordinates": [3.067312, 48.452199]}, "properties": {"year": 2024, "valeur_fonciere": 185000.0, "type_local": "Maison", "surface_reelle_bati": 90.0, "nombre_pieces_principales": 5.0, "adresse_nom_voie": "GR GRANDE RUE", "price_per_sqm": 2055.5555555555557, "date_iso": "2024-05-31", "parcelle": "773110000F0467", "addr_num": "46"}}, {"type": "Feature", "geometry": {"type": "Point", "coordinates": [3.067312, 48.452199]}, "properties": {"year": 2024, "valeur_fonciere": 185000.0, "type_local": "Maison", "surface_reelle_bati": 90.0, "nombre_pieces_principales": 5.0, "adresse_nom_voie": "GR GRANDE RUE", "price_per_sqm": 2055.5555555555557, "date_iso": "2024-05-31", "parcelle": "773110000F0467", "addr_num": "46"}}, {"type": "Feature", "geometry": {"type": "Point", "coordinates": [3.067214, 48.452243]}, "properties": {"year": 2024, "valeur_fonciere": 185000.0, "type_local": null, "surface_reelle_bati": null, "nombre_pieces_principales": null, "adresse_nom_voie": "CLOS MOREAU", "price_per_sqm": null, "date_iso": "2024-05-31", "parcelle": "773110000F0468", "addr_num": ""}}, {"type": "Feature", "geometry": {"type": "Point", "coordinates": [3.054116, 48.450481]}, "properties": {"year": 2024, "valeur_fonciere": 77400.0, "type_local": "Maison", "surface_reelle_bati": 32.0, "nombre_pieces_principales": 1.0, "adresse_nom_voie": "RUE DES CONFLANS", "price_per_sqm": 2418.75, "date_iso": "2024-06-01", "parcelle": "773110000C0215", "addr_num": "20"}}, {"type": "Feature", "geometry": {"type": "Point", "coordinates": [3.056903, 48.450907]}, "properties": {"year": 2024, "valeur_fonciere": 215270.0, "type_local": "Maison", "surface_reelle_bati": 81.0, "nombre_pieces_principales": 4.0, "adresse_nom_voie": "RUE DU GUE ROND", "price_per_sqm": 2657.6543209876545, "date_iso": "2024-06-13", "parcelle": "773110000C1007", "addr_num": "83"}}, {"type": "Feature", "geometry": {"type": "Point", "coordinates": [3.061683, 48.455091]}, "properties": {"year": 2024, "valeur_fonciere": 249000.0, "type_local": "Maison", "surface_reelle_bati": 120.0, "nombre_pieces_principales": 4.0, "adresse_nom_voie": "RUE DE LA TUILERIE", "price_per_sqm": 2075.0, "date_iso": "2024-06-25", "parcelle": "773110000C0893", "addr_num": "6"}}, {"type": "Feature", "geometry": {"type": "Point", "coordinates": [3.061683, 48.455091]}, "properties": {"year": 2024, "valeur_fonciere": 249000.0, "type_local": "Maison", "surface_reelle_bati": 120.0, "nombre_pieces_principales": 4.0, "adresse_nom_voie": "RUE DE LA TUILERIE", "price_per_sqm": 2075.0, "date_iso": "2024-06-25", "parcelle": "773110000C0893", "addr_num": "6"}}, {"type": "Feature", "geometry": {"type": "Point", "coordinates": [3.060222, 48.454655]}, "properties": {"year": 2024, "valeur_fonciere": 128000.0, "type_local": null, "surface_reelle_bati": null, "nombre_pieces_principales": null, "adresse_nom_voie": "RUE MONTMART", "price_per_sqm": null, "date_iso": "2024-07-09", "parcelle": "773110000C1067", "addr_num": "18"}}, {"type": "Feature", "geometry": {"type": "Point", "coordinates": [3.060234, 48.4546]}, "properties": {"year": 2024, "valeur_fonciere": 128000.0, "type_local": "Maison", "surface_reelle_bati": 65.0, "nombre_pieces_principales": 3.0, "adresse_nom_voie": "RUE MONTMART", "price_per_sqm": 1969.2307692307693, "date_iso": "2024-07-09", "parcelle": "773110000C1069", "addr_num": "18"}}, {"type": "Feature", "geometry": {"type": "Point", "coordinates": [3.060234, 48.4546]}, "properties": {"year": 2024, "valeur_fonciere": 128000.0, "type_local": "Dépendance", "surface_reelle_bati": null, "nombre_pieces_principales": 0.0, "adresse_nom_voie": "RUE MONTMART", "price_per_sqm": null, "date_iso": "2024-07-09", "parcelle": "773110000C1069", "addr_num": "18"}}, {"type": "Feature", "geometry": {"type": "Point", "coordinates": [3.060234, 48.4546]}, "properties": {"year": 2024, "valeur_fonciere": 128000.0, "type_local": "Dépendance", "surface_reelle_bati": null, "nombre_pieces_principales": 0.0, "adresse_nom_voie": "RUE MONTMART", "price_per_sqm": null, "date_iso": "2024-07-09", "parcelle": "773110000C1069", "addr_num": "18"}}, {"type": "Feature", "geometry": {"type": "Point", "coordinates": [3.060993, 48.452771]}, "properties": {"year": 2024, "valeur_fonciere": 249000.0, "type_local": null, "surface_reelle_bati": null, "nombre_pieces_principales": null, "adresse_nom_voie": "LE VILLAGE", "price_per_sqm": null, "date_iso": "2024-07-09", "parcelle": "773110000G0019", "addr_num": ""}}, {"type": "Feature", "geometry": {"type": "Point", "coordinates": [3.060889, 48.452821]}, "properties": {"year": 2024, "valeur_fonciere": 249000.0, "type_local": "Dépendance", "surface_reelle_bati": null, "nombre_pieces_principales": 0.0, "adresse_nom_voie": "RUE AU BEURRE", "price_per_sqm": null, "date_iso": "2024-07-09", "parcelle": "773110000G0020", "addr_num": "5"}}, {"type": "Feature", "geometry": {"type": "Point", "coordinates": [3.060889, 48.452821]}, "properties": {"year": 2024, "valeur_fonciere": 249000.0, "type_local": "Maison", "surface_reelle_bati": 122.0, "nombre_pieces_principales": 6.0, "adresse_nom_voie": "RUE AU BEURRE", "price_per_sqm": 2040.983606557377, "date_iso": "2024-07-09", "parcelle": "773110000G0020", "addr_num": "5"}}, {"type": "Feature", "geometry": {"type": "Point", "coordinates": [3.069886, 48.460303]}, "properties": {"year": 2024, "valeur_fonciere": 255000.0, "type_local": null, "surface_reelle_bati": null, "nombre_pieces_principales": null, "adresse_nom_voie": "LES GILLOTERIES", "price_per_sqm": null, "date_iso": "2024-08-27", "parcelle": "773110000D0930", "addr_num": ""}}, {"type": "Feature", "geometry": {"type": "Point", "coordinates": [3.069974, 48.460285]}, "properties": {"year": 2024, "valeur_fonciere": 255000.0, "type_local": "Maison", "surface_reelle_bati": 93.0, "nombre_pieces_principales": 4.0, "adresse_nom_voie": "RUE DE LA MAROTTE", "price_per_sqm": 2741.935483870968, "date_iso": "2024-08-27", "parcelle": "773110000D0932", "addr_num": "46"}}, {"type": "Feature", "geometry": {"type": "Point", "coordinates": [3.069974, 48.460285]}, "properties": {"year": 2024, "valeur_fonciere": 255000.0, "type_local": "Dépendance", "surface_reelle_bati": null, "nombre_pieces_principales": 0.0, "adresse_nom_voie": "RUE DE LA MAROTTE", "price_per_sqm": null, "date_iso": "2024-08-27", "parcelle": "773110000D0932", "addr_num": "46"}}, {"type": "Feature", "geometry": {"type": "Point", "coordinates": [3.058288, 48.452692]}, "properties": {"year": 2024, "valeur_fonciere": 163000.0, "type_local": null, "surface_reelle_bati": null, "nombre_pieces_principales": null, "adresse_nom_voie": "VIEUX CIMETIERE", "price_per_sqm": null, "date_iso": "2024-08-26", "parcelle": "773110000C1160", "addr_num": ""}}, {"type": "Feature", "geometry": {"type": "Point", "coordinates": [3.058134, 48.452723]}, "properties": {"year": 2024, "valeur_fonciere": 163000.0, "type_local": "Dépendance", "surface_reelle_bati": null, "nombre_pieces_principales": 0.0, "adresse_nom_voie": "RUE DU MOULIN D ARS", "price_per_sqm": null, "date_iso": "2024-08-26", "parcelle": "773110000C1162", "addr_num": "14"}}, {"type": "Feature", "geometry": {"type": "Point", "coordinates": [3.058134, 48.452723]}, "properties": {"year": 2024, "valeur_fonciere": 163000.0, "type_local": "Dépendance", "surface_reelle_bati": null, "nombre_pieces_principales": 0.0, "adresse_nom_voie": "RUE DU MOULIN D ARS", "price_per_sqm": null, "date_iso": "2024-08-26", "parcelle": "773110000C1162", "addr_num": "14"}}, {"type": "Feature", "geometry": {"type": "Point", "coordinates": [3.058134, 48.452723]}, "properties": {"year": 2024, "valeur_fonciere": 163000.0, "type_local": "Dépendance", "surface_reelle_bati": null, "nombre_pieces_principales": 0.0, "adresse_nom_voie": "RUE DU MOULIN D ARS", "price_per_sqm": null, "date_iso": "2024-08-26", "parcelle": "773110000C1162", "addr_num": "14"}}, {"type": "Feature", "geometry": {"type": "Point", "coordinates": [3.058134, 48.452723]}, "properties": {"year": 2024, "valeur_fonciere": 163000.0, "type_local": "Maison", "surface_reelle_bati": 61.0, "nombre_pieces_principales": 3.0, "adresse_nom_voie": "RUE DU MOULIN D ARS", "price_per_sqm": 2672.1311475409834, "date_iso": "2024-08-26", "parcelle": "773110000C1162", "addr_num": "14"}}, {"type": "Feature", "geometry": {"type": "Point", "coordinates": [3.058134, 48.452723]}, "properties": {"year": 2024, "valeur_fonciere": 163000.0, "type_local": "Dépendance", "surface_reelle_bati": null, "nombre_pieces_principales": 0.0, "adresse_nom_voie": "RUE DU MOULIN D ARS", "price_per_sqm": null, "date_iso": "2024-08-26", "parcelle": "773110000C1162", "addr_num": "14"}}, {"type": "Feature", "geometry": {"type": "Point", "coordinates": [3.058134, 48.452723]}, "properties": {"year": 2024, "valeur_fonciere": 163000.0, "type_local": "Dépendance", "surface_reelle_bati": null, "nombre_pieces_principales": 0.0, "adresse_nom_voie": "RUE DU MOULIN D ARS", "price_per_sqm": null, "date_iso": "2024-08-26", "parcelle": "773110000C1162", "addr_num": "14"}}, {"type": "Feature", "geometry": {"type": "Point", "coordinates": [3.058134, 48.452723]}, "properties": {"year": 2024, "valeur_fonciere": 163000.0, "type_local": "Dépendance", "surface_reelle_bati": null, "nombre_pieces_principales": 0.0, "adresse_nom_voie": "RUE DU MOULIN D ARS", "price_per_sqm": null, "date_iso": "2024-08-26", "parcelle": "773110000C1162", "addr_num": "14"}}, {"type": "Feature", "geometry": {"type": "Point", "coordinates": [3.058134, 48.452723]}, "properties": {"year": 2024, "valeur_fonciere": 163000.0, "type_local": "Maison", "surface_reelle_bati": 61.0, "nombre_pieces_principales": 3.0, "adresse_nom_voie": "RUE DU MOULIN D ARS", "price_per_sqm": 2672.1311475409834, "date_iso": "2024-08-26", "parcelle": "773110000C1162", "addr_num": "14"}}, {"type": "Feature", "geometry": {"type": "Point", "coordinates": [3.047599, 48.441433]}, "properties": {"year": 2024, "valeur_fonciere": 55000.0, "type_local": "Dépendance", "surface_reelle_bati": null, "nombre_pieces_principales": 0.0, "adresse_nom_voie": "RUE D ORVILLIERS", "price_per_sqm": null, "date_iso": "2024-09-17", "parcelle": "773110000H0057", "addr_num": "298"}}, {"type": "Feature", "geometry": {"type": "Point", "coordinates": [3.047599, 48.441433]}, "properties": {"year": 2024, "valeur_fonciere": 55000.0, "type_local": "Maison", "surface_reelle_bati": 93.0, "nombre_pieces_principales": 5.0, "adresse_nom_voie": "RUE D ORVILLIERS", "price_per_sqm": 591.3978494623656, "date_iso": "2024-09-17", "parcelle": "773110000H0057", "addr_num": "298"}}, {"type": "Feature", "geometry": {"type": "Point", "coordinates": [3.047599, 48.441433]}, "properties": {"year": 2024, "valeur_fonciere": 55000.0, "type_local": "Dépendance", "surface_reelle_bati": null, "nombre_pieces_principales": 0.0, "adresse_nom_voie": "RUE D ORVILLIERS", "price_per_sqm": null, "date_iso": "2024-09-17", "parcelle": "773110000H0057", "addr_num": "298"}}, {"type": "Feature", "geometry": {"type": "Point", "coordinates": [3.047599, 48.441433]}, "properties": {"year": 2024, "valeur_fonciere": 55000.0, "type_local": "Maison", "surface_reelle_bati": 93.0, "nombre_pieces_principales": 5.0, "adresse_nom_voie": "RUE D ORVILLIERS", "price_per_sqm": 591.3978494623656, "date_iso": "2024-09-17", "parcelle": "773110000H0057", "addr_num": "298"}}, {"type": "Feature", "geometry": {"type": "Point", "coordinates": [3.047624, 48.441368]}, "properties": {"year": 2024, "valeur_fonciere": 55000.0, "type_local": null, "surface_reelle_bati": null, "nombre_pieces_principales": null, "adresse_nom_voie": "RUE D ORVILLIERS", "price_per_sqm": null, "date_iso": "2024-09-17", "parcelle": "773110000H0058", "addr_num": ""}}, {"type": "Feature", "geometry": {"type": "Point", "coordinates": [3.047624, 48.441368]}, "properties": {"year": 2024, "valeur_fonciere": 55000.0, "type_local": null, "surface_reelle_bati": null, "nombre_pieces_principales": null, "adresse_nom_voie": "RUE D ORVILLIERS", "price_per_sqm": null, "date_iso": "2024-09-17", "parcelle": "773110000H0058", "addr_num": ""}}, {"type": "Feature", "geometry": {"type": "Point", "coordinates": [3.05813, 48.451997]}, "properties": {"year": 2024, "valeur_fonciere": 370150.0, "type_local": "Dépendance", "surface_reelle_bati": null, "nombre_pieces_principales": 0.0, "adresse_nom_voie": "RUE DU MOULIN D ARS", "price_per_sqm": null, "date_iso": "2024-09-18", "parcelle": "773110000C1151", "addr_num": "9"}}, {"type": "Feature", "geometry": {"type": "Point", "coordinates": [3.05813, 48.451997]}, "properties": {"year": 2024, "valeur_fonciere": 370150.0, "type_local": "Maison", "surface_reelle_bati": 165.0, "nombre_pieces_principales": 6.0, "adresse_nom_voie": "RUE DU MOULIN D ARS", "price_per_sqm": 2243.3333333333335, "date_iso": "2024-09-18", "parcelle": "773110000C1151", "addr_num": "9"}}, {"type": "Feature", "geometry": {"type": "Point", "coordinates": [3.05813, 48.451997]}, "properties": {"year": 2024, "valeur_fonciere": 370150.0, "type_local": "Maison", "surface_reelle_bati": 165.0, "nombre_pieces_principales": 6.0, "adresse_nom_voie": "RUE DU MOULIN D ARS", "price_per_sqm": 2243.3333333333335, "date_iso": "2024-09-18", "parcelle": "773110000C1151", "addr_num": "9"}}, {"type": "Feature", "geometry": {"type": "Point", "coordinates": [3.05813, 48.451997]}, "properties": {"year": 2024, "valeur_fonciere": 370150.0, "type_local": "Dépendance", "surface_reelle_bati": null, "nombre_pieces_principales": 0.0, "adresse_nom_voie": "RUE DU MOULIN D ARS", "price_per_sqm": null, "date_iso": "2024-09-18", "parcelle": "773110000C1151", "addr_num": "9"}}, {"type": "Feature", "geometry": {"type": "Point", "coordinates": [3.066645, 48.456541]}, "properties": {"year": 2024, "valeur_fonciere": 18000.0, "type_local": null, "surface_reelle_bati": null, "nombre_pieces_principales": null, "adresse_nom_voie": "LES FRANCOISERIES", "price_per_sqm": null, "date_iso": "2024-10-01", "parcelle": "773110000D0646", "addr_num": ""}}, {"type": "Feature", "geometry": {"type": "Point", "coordinates": [3.066814, 48.455918]}, "properties": {"year": 2024, "valeur_fonciere": 18000.0, "type_local": null, "surface_reelle_bati": null, "nombre_pieces_principales": null, "adresse_nom_voie": "LES FRANCOISERIES", "price_per_sqm": null, "date_iso": "2024-10-01", "parcelle": "773110000D0647", "addr_num": ""}}, {"type": "Feature", "geometry": {"type": "Point", "coordinates": [3.066657, 48.455912]}, "properties": {"year": 2024, "valeur_fonciere": 18000.0, "type_local": null, "surface_reelle_bati": null, "nombre_pieces_principales": null, "adresse_nom_voie": "LES FRANCOISERIES", "price_per_sqm": null, "date_iso": "2024-10-01", "parcelle": "773110000D0648", "addr_num": ""}}, {"type": "Feature", "geometry": {"type": "Point", "coordinates": [3.066557, 48.456134]}, "properties": {"year": 2024, "valeur_fonciere": 18000.0, "type_local": null, "surface_reelle_bati": null, "nombre_pieces_principales": null, "adresse_nom_voie": "LES FRANCOISERIES", "price_per_sqm": null, "date_iso": "2024-10-01", "parcelle": "773110000D0649", "addr_num": ""}}, {"type": "Feature", "geometry": {"type": "Point", "coordinates": [3.066589, 48.45566]}, "properties": {"year": 2024, "valeur_fonciere": 18000.0, "type_local": null, "surface_reelle_bati": null, "nombre_pieces_principales": null, "adresse_nom_voie": "LES FRANCOISERIES", "price_per_sqm": null, "date_iso": "2024-10-01", "parcelle": "773110000D0651", "addr_num": ""}}, {"type": "Feature", "geometry": {"type": "Point", "coordinates": [3.066498, 48.455883]}, "properties": {"year": 2024, "valeur_fonciere": 18000.0, "type_local": null, "surface_reelle_bati": null, "nombre_pieces_principales": null, "adresse_nom_voie": "LES FRANCOISERIES", "price_per_sqm": null, "date_iso": "2024-10-01", "parcelle": "773110000D0652", "addr_num": ""}}, {"type": "Feature", "geometry": {"type": "Point", "coordinates": [3.066352, 48.456058]}, "properties": {"year": 2024, "valeur_fonciere": 18000.0, "type_local": null, "surface_reelle_bati": null, "nombre_pieces_principales": null, "adresse_nom_voie": "LES FRANCOISERIES", "price_per_sqm": null, "date_iso": "2024-10-01", "parcelle": "773110000D0653", "addr_num": ""}}, {"type": "Feature", "geometry": {"type": "Point", "coordinates": [3.066106, 48.455885]}, "properties": {"year": 2024, "valeur_fonciere": 18000.0, "type_local": null, "surface_reelle_bati": null, "nombre_pieces_principales": null, "adresse_nom_voie": "LES FRANCOISERIES", "price_per_sqm": null, "date_iso": "2024-10-01", "parcelle": "773110000D0654", "addr_num": ""}}, {"type": "Feature", "geometry": {"type": "Point", "coordinates": [3.066076, 48.45578]}, "properties": {"year": 2024, "valeur_fonciere": 18000.0, "type_local": "Maison", "surface_reelle_bati": 40.0, "nombre_pieces_principales": 2.0, "adresse_nom_voie": "LES FRANCOISERIES", "price_per_sqm": 450.0, "date_iso": "2024-10-01", "parcelle": "773110000D0655", "addr_num": "5099"}}, {"type": "Feature", "geometry": {"type": "Point", "coordinates": [3.06589, 48.455207]}, "properties": {"year": 2024, "valeur_fonciere": 18000.0, "type_local": null, "surface_reelle_bati": null, "nombre_pieces_principales": null, "adresse_nom_voie": "LES FRANCOISERIES", "price_per_sqm": null, "date_iso": "2024-10-01", "parcelle": "773110000D0663", "addr_num": ""}}, {"type": "Feature", "geometry": {"type": "Point", "coordinates": [3.065607, 48.45586]}, "properties": {"year": 2024, "valeur_fonciere": 18000.0, "type_local": null, "surface_reelle_bati": null, "nombre_pieces_principales": null, "adresse_nom_voie": "LES FRANCOISERIES", "price_per_sqm": null, "date_iso": "2024-10-01", "parcelle": "773110000D0672", "addr_num": ""}}, {"type": "Feature", "geometry": {"type": "Point", "coordinates": [3.065434, 48.456047]}, "properties": {"year": 2024, "valeur_fonciere": 18000.0, "type_local": null, "surface_reelle_bati": null, "nombre_pieces_principales": null, "adresse_nom_voie": "LES FRANCOISERIES", "price_per_sqm": null, "date_iso": "2024-10-01", "parcelle": "773110000D0673", "addr_num": ""}}, {"type": "Feature", "geometry": {"type": "Point", "coordinates": [3.065631, 48.457128]}, "properties": {"year": 2024, "valeur_fonciere": 18000.0, "type_local": null, "surface_reelle_bati": null, "nombre_pieces_principales": null, "adresse_nom_voie": "LES FRANCOISERIES", "price_per_sqm": null, "date_iso": "2024-10-01", "parcelle": "773110000D0674", "addr_num": ""}}, {"type": "Feature", "geometry": {"type": "Point", "coordinates": [3.064875, 48.456049]}, "properties": {"year": 2024, "valeur_fonciere": 18000.0, "type_local": null, "surface_reelle_bati": null, "nombre_pieces_principales": null, "adresse_nom_voie": "LES FRANCOISERIES", "price_per_sqm": null, "date_iso": "2024-10-01", "parcelle": "773110000D0896", "addr_num": ""}}, {"type": "Feature", "geometry": {"type": "Point", "coordinates": [3.064656, 48.455966]}, "properties": {"year": 2024, "valeur_fonciere": 18000.0, "type_local": null, "surface_reelle_bati": null, "nombre_pieces_principales": null, "adresse_nom_voie": "BOIS HURE", "price_per_sqm": null, "date_iso": "2024-10-01", "parcelle": "773110000D0897", "addr_num": ""}}, {"type": "Feature", "geometry": {"type": "Point", "coordinates": [3.065762, 48.450787]}, "properties": {"year": 2024, "valeur_fonciere": 120000.0, "type_local": null, "surface_reelle_bati": null, "nombre_pieces_principales": null, "adresse_nom_voie": "COUR HUREE", "price_per_sqm": null, "date_iso": "2024-10-19", "parcelle": "773110000F0083", "addr_num": ""}}, {"type": "Feature", "geometry": {"type": "Point", "coordinates": [3.066099, 48.450872]}, "properties": {"year": 2024, "valeur_fonciere": 120000.0, "type_local": "Maison", "surface_reelle_bati": 65.0, "nombre_pieces_principales": 3.0, "adresse_nom_voie": "RUE TURGOT", "price_per_sqm": 1846.1538461538462, "date_iso": "2024-10-19", "parcelle": "773110000F0416", "addr_num": "15"}}, {"type": "Feature", "geometry": {"type": "Point", "coordinates": [3.066099, 48.450872]}, "properties": {"year": 2024, "valeur_fonciere": 120000.0, "type_local": "Dépendance", "surface_reelle_bati": null, "nombre_pieces_principales": 0.0, "adresse_nom_voie": "RUE TURGOT", "price_per_sqm": null, "date_iso": "2024-10-19", "parcelle": "773110000F0416", "addr_num": "15"}}, {"type": "Feature", "geometry": {"type": "Point", "coordinates": [3.066099, 48.450872]}, "properties": {"year": 2024, "valeur_fonciere": 120000.0, "type_local": "Dépendance", "surface_reelle_bati": null, "nombre_pieces_principales": 0.0, "adresse_nom_voie": "RUE TURGOT", "price_per_sqm": null, "date_iso": "2024-10-19", "parcelle": "773110000F0416", "addr_num": "15"}}, {"type": "Feature", "geometry": {"type": "Point", "coordinates": [3.066099, 48.450872]}, "properties": {"year": 2024, "valeur_fonciere": 120000.0, "type_local": "Dépendance", "surface_reelle_bati": null, "nombre_pieces_principales": 0.0, "adresse_nom_voie": "RUE TURGOT", "price_per_sqm": null, "date_iso": "2024-10-19", "parcelle": "773110000F0416", "addr_num": "15"}}, {"type": "Feature", "geometry": {"type": "Point", "coordinates": [3.066099, 48.450872]}, "properties": {"year": 2024, "valeur_fonciere": 120000.0, "type_local": "Dépendance", "surface_reelle_bati": null, "nombre_pieces_principales": 0.0, "adresse_nom_voie": "RUE TURGOT", "price_per_sqm": null, "date_iso": "2024-10-19", "parcelle": "773110000F0416", "addr_num": "15"}}, {"type": "Feature", "geometry": {"type": "Point", "coordinates": [3.066099, 48.450872]}, "properties": {"year": 2024, "valeur_fonciere": 120000.0, "type_local": "Maison", "surface_reelle_bati": 65.0, "nombre_pieces_principales": 3.0, "adresse_nom_voie": "RUE TURGOT", "price_per_sqm": 1846.1538461538462, "date_iso": "2024-10-19", "parcelle": "773110000F0416", "addr_num": "15"}}, {"type": "Feature", "geometry": {"type": "Point", "coordinates": [3.066099, 48.450872]}, "properties": {"year": 2024, "valeur_fonciere": 120000.0, "type_local": "Dépendance", "surface_reelle_bati": null, "nombre_pieces_principales": 0.0, "adresse_nom_voie": "RUE TURGOT", "price_per_sqm": null, "date_iso": "2024-10-19", "parcelle": "773110000F0416", "addr_num": "15"}}, {"type": "Feature", "geometry": {"type": "Point", "coordinates": [3.066099, 48.450872]}, "properties": {"year": 2024, "valeur_fonciere": 120000.0, "type_local": "Dépendance", "surface_reelle_bati": null, "nombre_pieces_principales": 0.0, "adresse_nom_voie": "RUE TURGOT", "price_per_sqm": null, "date_iso": "2024-10-19", "parcelle": "773110000F0416", "addr_num": "15"}}, {"type": "Feature", "geometry": {"type": "Point", "coordinates": [3.055029, 48.451299]}, "properties": {"year": 2024, "valeur_fonciere": 65000.0, "type_local": null, "surface_reelle_bati": null, "nombre_pieces_principales": null, "adresse_nom_voie": "LES CONFLANS", "price_per_sqm": null, "date_iso": "2024-10-29", "parcelle": "773110000C1110", "addr_num": ""}}, {"type": "Feature", "geometry": {"type": "Point", "coordinates": [3.055216, 48.451267]}, "properties": {"year": 2024, "valeur_fonciere": 65000.0, "type_local": null, "surface_reelle_bati": null, "nombre_pieces_principales": null, "adresse_nom_voie": "RUE DU GUE ROND", "price_per_sqm": null, "date_iso": "2024-10-29", "parcelle": "773110000C1119", "addr_num": "245"}}, {"type": "Feature", "geometry": {"type": "Point", "coordinates": [3.05516, 48.451273]}, "properties": {"year": 2024, "valeur_fonciere": 65000.0, "type_local": null, "surface_reelle_bati": null, "nombre_pieces_principales": null, "adresse_nom_voie": "LA TUILERIE", "price_per_sqm": null, "date_iso": "2024-10-29", "parcelle": "773110000C1126", "addr_num": ""}}, {"type": "Feature", "geometry": {"type": "Point", "coordinates": [3.055149, 48.451317]}, "properties": {"year": 2024, "valeur_fonciere": 65000.0, "type_local": null, "surface_reelle_bati": null, "nombre_pieces_principales": null, "adresse_nom_voie": "LA TUILERIE", "price_per_sqm": null, "date_iso": "2024-10-29", "parcelle": "773110000C1127", "addr_num": ""}}, {"type": "Feature", "geometry": {"type": "Point", "coordinates": [3.065664, 48.459575]}, "properties": {"year": 2024, "valeur_fonciere": 160000.0, "type_local": "Maison", "surface_reelle_bati": 89.0, "nombre_pieces_principales": 4.0, "adresse_nom_voie": "RUE DE GURCY", "price_per_sqm": 1797.752808988764, "date_iso": "2024-11-15", "parcelle": "77311000ZC0090", "addr_num": "22"}}, {"type": "Feature", "geometry": {"type": "Point", "coordinates": [3.065664, 48.459575]}, "properties": {"year": 2024, "valeur_fonciere": 160000.0, "type_local": "Maison", "surface_reelle_bati": 89.0, "nombre_pieces_principales": 4.0, "adresse_nom_voie": "RUE DE GURCY", "price_per_sqm": 1797.752808988764, "date_iso": "2024-11-15", "parcelle": "77311000ZC0090", "addr_num": "22"}}, {"type": "Feature", "geometry": {"type": "Point", "coordinates": [3.058782, 48.452061]}, "properties": {"year": 2024, "valeur_fonciere": 150000.0, "type_local": "Maison", "surface_reelle_bati": 76.0, "nombre_pieces_principales": 4.0, "adresse_nom_voie": "RUE DU MOULIN D ARS", "price_per_sqm": 1973.6842105263158, "date_iso": "2024-12-20", "parcelle": "773110000C0133", "addr_num": "5"}}, {"type": "Feature", "geometry": {"type": "Point", "coordinates": [3.058728, 48.451953]}, "properties": {"year": 2024, "valeur_fonciere": 150000.0, "type_local": null, "surface_reelle_bati": null, "nombre_pieces_principales": null, "adresse_nom_voie": "RUE DU MOULIN D ARS", "price_per_sqm": null, "date_iso": "2024-12-20", "parcelle": "773110000C0689", "addr_num": ""}}, {"type": "Feature", "geometry": {"type": "Point", "coordinates": [3.059086, 48.456324]}, "properties": {"year": 2024, "valeur_fonciere": 114000.0, "type_local": "Dépendance", "surface_reelle_bati": null, "nombre_pieces_principales": 0.0, "adresse_nom_voie": "RUE DU VIEUX CHATEAU", "price_per_sqm": null, "date_iso": "2024-12-27", "parcelle": "773110000C0541", "addr_num": "6"}}, {"type": "Feature", "geometry": {"type": "Point", "coordinates": [3.059086, 48.456324]}, "properties": {"year": 2024, "valeur_fonciere": 114000.0, "type_local": "Maison", "surface_reelle_bati": 85.0, "nombre_pieces_principales": 2.0, "adresse_nom_voie": "RUE DU VIEUX CHATEAU", "price_per_sqm": 1341.1764705882354, "date_iso": "2024-12-27", "parcelle": "773110000C0541", "addr_num": "6"}}, {"type": "Feature", "geometry": {"type": "Point", "coordinates": [3.058976, 48.456368]}, "properties": {"year": 2024, "valeur_fonciere": 114000.0, "type_local": "Dépendance", "surface_reelle_bati": null, "nombre_pieces_principales": 0.0, "adresse_nom_voie": "RUE DU VIEUX CHATEAU", "price_per_sqm": null, "date_iso": "2024-12-27", "parcelle": "773110000C0943", "addr_num": "8"}}, {"type": "Feature", "geometry": {"type": "Point", "coordinates": [3.06317, 48.453095]}, "properties": {"year": 2024, "valeur_fonciere": 95500.0, "type_local": "Dépendance", "surface_reelle_bati": null, "nombre_pieces_principales": 0.0, "adresse_nom_voie": "RUE ANDRE CHENIER", "price_per_sqm": null, "date_iso": "2024-12-20", "parcelle": "773110000G0624", "addr_num": "22"}}, {"type": "Feature", "geometry": {"type": "Point", "coordinates": [3.062749, 48.452825]}, "properties": {"year": 2025, "valeur_fonciere": 490000.0, "type_local": "Dépendance", "surface_reelle_bati": null, "nombre_pieces_principales": 0.0, "adresse_nom_voie": "GR GRANDE RUE", "price_per_sqm": null, "date_iso": "2025-02-26", "parcelle": "773110000G0048", "addr_num": "1"}}, {"type": "Feature", "geometry": {"type": "Point", "coordinates": [3.062749, 48.452825]}, "properties": {"year": 2025, "valeur_fonciere": 490000.0, "type_local": "Dépendance", "surface_reelle_bati": null, "nombre_pieces_principales": 0.0, "adresse_nom_voie": "GR GRANDE RUE", "price_per_sqm": null, "date_iso": "2025-02-26", "parcelle": "773110000G0048", "addr_num": "1"}}, {"type": "Feature", "geometry": {"type": "Point", "coordinates": [3.062749, 48.452825]}, "properties": {"year": 2025, "valeur_fonciere": 490000.0, "type_local": "Appartement", "surface_reelle_bati": 30.0, "nombre_pieces_principales": 1.0, "adresse_nom_voie": "GR GRANDE RUE", "price_per_sqm": 16333.333333333334, "date_iso": "2025-02-26", "parcelle": "773110000G0048", "addr_num": "1"}}, {"type": "Feature", "geometry": {"type": "Point", "coordinates": [3.062749, 48.452825]}, "properties": {"year": 2025, "valeur_fonciere": 490000.0, "type_local": "Dépendance", "surface_reelle_bati": null, "nombre_pieces_principales": 0.0, "adresse_nom_voie": "GR GRANDE RUE", "price_per_sqm": null, "date_iso": "2025-02-26", "parcelle": "773110000G0048", "addr_num": "1"}}, {"type": "Feature", "geometry": {"type": "Point", "coordinates": [3.062749, 48.452825]}, "properties": {"year": 2025, "valeur_fonciere": 490000.0, "type_local": "Appartement", "surface_reelle_bati": 46.0, "nombre_pieces_principales": 3.0, "adresse_nom_voie": "GR GRANDE RUE", "price_per_sqm": 10652.173913043478, "date_iso": "2025-02-26", "parcelle": "773110000G0048", "addr_num": "1"}}, {"type": "Feature", "geometry": {"type": "Point", "coordinates": [3.062749, 48.452825]}, "properties": {"year": 2025, "valeur_fonciere": 490000.0, "type_local": "Appartement", "surface_reelle_bati": 99.0, "nombre_pieces_principales": 5.0, "adresse_nom_voie": "GR GRANDE RUE", "price_per_sqm": 4949.49494949495, "date_iso": "2025-02-26", "parcelle": "773110000G0048", "addr_num": "1"}}, {"type": "Feature", "geometry": {"type": "Point", "coordinates": [3.062749, 48.452825]}, "properties": {"year": 2025, "valeur_fonciere": 490000.0, "type_local": "Appartement", "surface_reelle_bati": 40.0, "nombre_pieces_principales": 2.0, "adresse_nom_voie": "GR GRANDE RUE", "price_per_sqm": 12250.0, "date_iso": "2025-02-26", "parcelle": "773110000G0048", "addr_num": "1"}}, {"type": "Feature", "geometry": {"type": "Point", "coordinates": [3.062749, 48.452825]}, "properties": {"year": 2025, "valeur_fonciere": 490000.0, "type_local": "Appartement", "surface_reelle_bati": 39.0, "nombre_pieces_principales": 2.0, "adresse_nom_voie": "GR GRANDE RUE", "price_per_sqm": 12564.102564102564, "date_iso": "2025-02-26", "parcelle": "773110000G0048", "addr_num": "1"}}, {"type": "Feature", "geometry": {"type": "Point", "coordinates": [3.062749, 48.452825]}, "properties": {"year": 2025, "valeur_fonciere": 490000.0, "type_local": "Appartement", "surface_reelle_bati": 55.0, "nombre_pieces_principales": 2.0, "adresse_nom_voie": "GR GRANDE RUE", "price_per_sqm": 8909.09090909091, "date_iso": "2025-02-26", "parcelle": "773110000G0048", "addr_num": "1"}}, {"type": "Feature", "geometry": {"type": "Point", "coordinates": [3.062749, 48.452825]}, "properties": {"year": 2025, "valeur_fonciere": 490000.0, "type_local": "Appartement", "surface_reelle_bati": 40.0, "nombre_pieces_principales": 2.0, "adresse_nom_voie": "GR GRANDE RUE", "price_per_sqm": 12250.0, "date_iso": "2025-02-26", "parcelle": "773110000G0048", "addr_num": "1"}}, {"type": "Feature", "geometry": {"type": "Point", "coordinates": [3.062749, 48.452825]}, "properties": {"year": 2025, "valeur_fonciere": 490000.0, "type_local": "Dépendance", "surface_reelle_bati": null, "nombre_pieces_principales": 0.0, "adresse_nom_voie": "GR GRANDE RUE", "price_per_sqm": null, "date_iso": "2025-02-26", "parcelle": "773110000G0048", "addr_num": "1"}}, {"type": "Feature", "geometry": {"type": "Point", "coordinates": [3.062749, 48.452825]}, "properties": {"year": 2025, "valeur_fonciere": 490000.0, "type_local": "Dépendance", "surface_reelle_bati": null, "nombre_pieces_principales": 0.0, "adresse_nom_voie": "GR GRANDE RUE", "price_per_sqm": null, "date_iso": "2025-02-26", "parcelle": "773110000G0048", "addr_num": "1"}}, {"type": "Feature", "geometry": {"type": "Point", "coordinates": [3.062749, 48.452825]}, "properties": {"year": 2025, "valeur_fonciere": 490000.0, "type_local": "Dépendance", "surface_reelle_bati": null, "nombre_pieces_principales": 0.0, "adresse_nom_voie": "GR GRANDE RUE", "price_per_sqm": null, "date_iso": "2025-02-26", "parcelle": "773110000G0048", "addr_num": "1"}}, {"type": "Feature", "geometry": {"type": "Point", "coordinates": [3.062749, 48.452825]}, "properties": {"year": 2025, "valeur_fonciere": 490000.0, "type_local": "Dépendance", "surface_reelle_bati": null, "nombre_pieces_principales": 0.0, "adresse_nom_voie": "GR GRANDE RUE", "price_per_sqm": null, "date_iso": "2025-02-26", "parcelle": "773110000G0048", "addr_num": "1"}}, {"type": "Feature", "geometry": {"type": "Point", "coordinates": [3.062749, 48.452825]}, "properties": {"year": 2025, "valeur_fonciere": 490000.0, "type_local": "Dépendance", "surface_reelle_bati": null, "nombre_pieces_principales": 0.0, "adresse_nom_voie": "GR GRANDE RUE", "price_per_sqm": null, "date_iso": "2025-02-26", "parcelle": "773110000G0048", "addr_num": "1"}}, {"type": "Feature", "geometry": {"type": "Point", "coordinates": [3.062749, 48.452825]}, "properties": {"year": 2025, "valeur_fonciere": 490000.0, "type_local": "Appartement", "surface_reelle_bati": 67.0, "nombre_pieces_principales": 3.0, "adresse_nom_voie": "GR GRANDE RUE", "price_per_sqm": 7313.432835820896, "date_iso": "2025-02-26", "parcelle": "773110000G0048", "addr_num": "1"}}, {"type": "Feature", "geometry": {"type": "Point", "coordinates": [3.062749, 48.452825]}, "properties": {"year": 2025, "valeur_fonciere": 490000.0, "type_local": "Dépendance", "surface_reelle_bati": null, "nombre_pieces_principales": 0.0, "adresse_nom_voie": "GR GRANDE RUE", "price_per_sqm": null, "date_iso": "2025-02-26", "parcelle": "773110000G0048", "addr_num": "1"}}, {"type": "Feature", "geometry": {"type": "Point", "coordinates": [3.062749, 48.452825]}, "properties": {"year": 2025, "valeur_fonciere": 490000.0, "type_local": "Dépendance", "surface_reelle_bati": null, "nombre_pieces_principales": 0.0, "adresse_nom_voie": "GR GRANDE RUE", "price_per_sqm": null, "date_iso": "2025-02-26", "parcelle": "773110000G0048", "addr_num": "1"}}, {"type": "Feature", "geometry": {"type": "Point", "coordinates": [3.062544, 48.45274]}, "properties": {"year": 2025, "valeur_fonciere": 490000.0, "type_local": null, "surface_reelle_bati": null, "nombre_pieces_principales": null, "adresse_nom_voie": "LE VILLAGE", "price_per_sqm": null, "date_iso": "2025-02-26", "parcelle": "773110000G0549", "addr_num": ""}}, {"type": "Feature", "geometry": {"type": "Point", "coordinates": [3.056413, 48.448578]}, "properties": {"year": 2025, "valeur_fonciere": 15642.31, "type_local": null, "surface_reelle_bati": null, "nombre_pieces_principales": null, "adresse_nom_voie": "LE PARC", "price_per_sqm": null, "date_iso": "2025-03-13", "parcelle": "773110000G0599", "addr_num": ""}}, {"type": "Feature", "geometry": {"type": "Point", "coordinates": [3.055314, 48.447145]}, "properties": {"year": 2025, "valeur_fonciere": 15642.31, "type_local": null, "surface_reelle_bati": null, "nombre_pieces_principales": null, "adresse_nom_voie": "LE PARC", "price_per_sqm": null, "date_iso": "2025-03-13", "parcelle": "773110000G0602", "addr_num": ""}}, {"type": "Feature", "geometry": {"type": "Point", "coordinates": [3.070008, 48.459378]}, "properties": {"year": 2025, "valeur_fonciere": 210643.0, "type_local": "Maison", "surface_reelle_bati": 74.0, "nombre_pieces_principales": 4.0, "adresse_nom_voie": "RUE DE LA CAVE", "price_per_sqm": 2846.527027027027, "date_iso": "2025-03-29", "parcelle": "77311000ZC0110", "addr_num": "28"}}, {"type": "Feature", "geometry": {"type": "Point", "coordinates": [3.070008, 48.459378]}, "properties": {"year": 2025, "valeur_fonciere": 210643.0, "type_local": "Maison", "surface_reelle_bati": 74.0, "nombre_pieces_principales": 4.0, "adresse_nom_voie": "RUE DE LA CAVE", "price_per_sqm": 2846.527027027027, "date_iso": "2025-03-29", "parcelle": "77311000ZC0110", "addr_num": "28"}}, {"type": "Feature", "geometry": {"type": "Point", "coordinates": [3.070544, 48.459366]}, "properties": {"year": 2025, "valeur_fonciere": 210643.0, "type_local": null, "surface_reelle_bati": null, "nombre_pieces_principales": null, "adresse_nom_voie": "RUE DE LA MAROTTE", "price_per_sqm": null, "date_iso": "2025-03-29", "parcelle": "77311000ZC0129", "addr_num": ""}}, {"type": "Feature", "geometry": {"type": "Point", "coordinates": [3.069119, 48.459518]}, "properties": {"year": 2025, "valeur_fonciere": 210643.0, "type_local": null, "surface_reelle_bati": null, "nombre_pieces_principales": null, "adresse_nom_voie": "RUE DE LA CAVE", "price_per_sqm": null, "date_iso": "2025-03-29", "parcelle": "77311000ZC0130", "addr_num": ""}}, {"type": "Feature", "geometry": {"type": "Point", "coordinates": [3.069733, 48.460085]}, "properties": {"year": 2025, "valeur_fonciere": 210643.0, "type_local": null, "surface_reelle_bati": null, "nombre_pieces_principales": null, "adresse_nom_voie": "RUE DE LA MAROTTE", "price_per_sqm": null, "date_iso": "2025-03-29", "parcelle": "77311000ZC0131", "addr_num": ""}}, {"type": "Feature", "geometry": {"type": "Point", "coordinates": [3.06975, 48.459932]}, "properties": {"year": 2025, "valeur_fonciere": 210643.0, "type_local": null, "surface_reelle_bati": null, "nombre_pieces_principales": null, "adresse_nom_voie": "RUE DE LA MAROTTE", "price_per_sqm": null, "date_iso": "2025-03-29", "parcelle": "77311000ZC0132", "addr_num": ""}}, {"type": "Feature", "geometry": {"type": "Point", "coordinates": [3.054892, 48.451919]}, "properties": {"year": 2025, "valeur_fonciere": 150000.0, "type_local": null, "surface_reelle_bati": null, "nombre_pieces_principales": null, "adresse_nom_voie": "PRES DE LA VILLE", "price_per_sqm": null, "date_iso": "2025-04-18", "parcelle": "773110000C1146", "addr_num": ""}}, {"type": "Feature", "geometry": {"type": "Point", "coordinates": [3.069227, 48.459757]}, "properties": {"year": 2025, "valeur_fonciere": 218000.0, "type_local": "Maison", "surface_reelle_bati": 114.0, "nombre_pieces_principales": 7.0, "adresse_nom_voie": "RUE DE LA CAVE", "price_per_sqm": 1912.280701754386, "date_iso": "2025-04-18", "parcelle": "77311000ZC0123", "addr_num": "7"}}, {"type": "Feature", "geometry": {"type": "Point", "coordinates": [3.069227, 48.459757]}, "properties": {"year": 2025, "valeur_fonciere": 218000.0, "type_local": "Maison", "surface_reelle_bati": 114.0, "nombre_pieces_principales": 7.0, "adresse_nom_voie": "RUE DE LA CAVE", "price_per_sqm": 1912.280701754386, "date_iso": "2025-04-18", "parcelle": "77311000ZC0123", "addr_num": "7"}}, {"type": "Feature", "geometry": {"type": "Point", "coordinates": [3.070544, 48.459366]}, "properties": {"year": 2025, "valeur_fonciere": 218000.0, "type_local": null, "surface_reelle_bati": null, "nombre_pieces_principales": null, "adresse_nom_voie": "RUE DE LA MAROTTE", "price_per_sqm": null, "date_iso": "2025-04-18", "parcelle": "77311000ZC0129", "addr_num": ""}}, {"type": "Feature", "geometry": {"type": "Point", "coordinates": [3.069119, 48.459518]}, "properties": {"year": 2025, "valeur_fonciere": 218000.0, "type_local": null, "surface_reelle_bati": null, "nombre_pieces_principales": null, "adresse_nom_voie": "RUE DE LA CAVE", "price_per_sqm": null, "date_iso": "2025-04-18", "parcelle": "77311000ZC0130", "addr_num": ""}}, {"type": "Feature", "geometry": {"type": "Point", "coordinates": [3.069733, 48.460085]}, "properties": {"year": 2025, "valeur_fonciere": 218000.0, "type_local": null, "surface_reelle_bati": null, "nombre_pieces_principales": null, "adresse_nom_voie": "RUE DE LA MAROTTE", "price_per_sqm": null, "date_iso": "2025-04-18", "parcelle": "77311000ZC0131", "addr_num": ""}}, {"type": "Feature", "geometry": {"type": "Point", "coordinates": [3.06975, 48.459932]}, "properties": {"year": 2025, "valeur_fonciere": 218000.0, "type_local": null, "surface_reelle_bati": null, "nombre_pieces_principales": null, "adresse_nom_voie": "RUE DE LA MAROTTE", "price_per_sqm": null, "date_iso": "2025-04-18", "parcelle": "77311000ZC0132", "addr_num": ""}}, {"type": "Feature", "geometry": {"type": "Point", "coordinates": [3.072693, 48.458065]}, "properties": {"year": 2025, "valeur_fonciere": 11262.0, "type_local": null, "surface_reelle_bati": null, "nombre_pieces_principales": null, "adresse_nom_voie": "CLOS DES BLINS", "price_per_sqm": null, "date_iso": "2025-05-09", "parcelle": "77311000ZD0014", "addr_num": ""}}, {"type": "Feature", "geometry": {"type": "Point", "coordinates": [3.072571, 48.458646]}, "properties": {"year": 2025, "valeur_fonciere": 11262.0, "type_local": null, "surface_reelle_bati": null, "nombre_pieces_principales": null, "adresse_nom_voie": "CLOS DES BLINS", "price_per_sqm": null, "date_iso": "2025-05-09", "parcelle": "77311000ZD0015", "addr_num": ""}}, {"type": "Feature", "geometry": {"type": "Point", "coordinates": [3.072571, 48.458646]}, "properties": {"year": 2025, "valeur_fonciere": 11262.0, "type_local": null, "surface_reelle_bati": null, "nombre_pieces_principales": null, "adresse_nom_voie": "CLOS DES BLINS", "price_per_sqm": null, "date_iso": "2025-05-09", "parcelle": "77311000ZD0015", "addr_num": ""}}, {"type": "Feature", "geometry": {"type": "Point", "coordinates": [3.07338, 48.458956]}, "properties": {"year": 2025, "valeur_fonciere": 11262.0, "type_local": null, "surface_reelle_bati": null, "nombre_pieces_principales": null, "adresse_nom_voie": "LES MENTIONNERIES", "price_per_sqm": null, "date_iso": "2025-05-09", "parcelle": "77311000ZD0016", "addr_num": ""}}, {"type": "Feature", "geometry": {"type": "Point", "coordinates": [3.07338, 48.458956]}, "properties": {"year": 2025, "valeur_fonciere": 11262.0, "type_local": null, "surface_reelle_bati": null, "nombre_pieces_principales": null, "adresse_nom_voie": "LES MENTIONNERIES", "price_per_sqm": null, "date_iso": "2025-05-09", "parcelle": "77311000ZD0016", "addr_num": ""}}, {"type": "Feature", "geometry": {"type": "Point", "coordinates": [3.07338, 48.458956]}, "properties": {"year": 2025, "valeur_fonciere": 11262.0, "type_local": null, "surface_reelle_bati": null, "nombre_pieces_principales": null, "adresse_nom_voie": "LES MENTIONNERIES", "price_per_sqm": null, "date_iso": "2025-05-09", "parcelle": "77311000ZD0016", "addr_num": ""}}, {"type": "Feature", "geometry": {"type": "Point", "coordinates": [3.05488, 48.450184]}, "properties": {"year": 2025, "valeur_fonciere": 140000.0, "type_local": "Maison", "surface_reelle_bati": 129.0, "nombre_pieces_principales": 6.0, "adresse_nom_voie": "RUE DES CONFLANS", "price_per_sqm": 1085.2713178294573, "date_iso": "2025-05-29", "parcelle": "773110000C0191", "addr_num": "12"}}, {"type": "Feature", "geometry": {"type": "Point", "coordinates": [3.05488, 48.450184]}, "properties": {"year": 2025, "valeur_fonciere": 140000.0, "type_local": "Dépendance", "surface_reelle_bati": null, "nombre_pieces_principales": 0.0, "adresse_nom_voie": "RUE DES CONFLANS", "price_per_sqm": null, "date_iso": "2025-05-29", "parcelle": "773110000C0191", "addr_num": "12"}}, {"type": "Feature", "geometry": {"type": "Point", "coordinates": [3.05488, 48.450184]}, "properties": {"year": 2025, "valeur_fonciere": 140000.0, "type_local": "Dépendance", "surface_reelle_bati": null, "nombre_pieces_principales": 0.0, "adresse_nom_voie": "RUE DES CONFLANS", "price_per_sqm": null, "date_iso": "2025-05-29", "parcelle": "773110000C0191", "addr_num": "12"}}, {"type": "Feature", "geometry": {"type": "Point", "coordinates": [3.05488, 48.450184]}, "properties": {"year": 2025, "valeur_fonciere": 140000.0, "type_local": "Dépendance", "surface_reelle_bati": null, "nombre_pieces_principales": 0.0, "adresse_nom_voie": "RUE DES CONFLANS", "price_per_sqm": null, "date_iso": "2025-05-29", "parcelle": "773110000C0191", "addr_num": "12"}}, {"type": "Feature", "geometry": {"type": "Point", "coordinates": [3.054706, 48.450211]}, "properties": {"year": 2025, "valeur_fonciere": 140000.0, "type_local": null, "surface_reelle_bati": null, "nombre_pieces_principales": null, "adresse_nom_voie": "LES PLANCHETTES", "price_per_sqm": null, "date_iso": "2025-05-29", "parcelle": "773110000C0192", "addr_num": ""}}, {"type": "Feature", "geometry": {"type": "Point", "coordinates": [3.054624, 48.450231]}, "properties": {"year": 2025, "valeur_fonciere": 140000.0, "type_local": "Dépendance", "surface_reelle_bati": null, "nombre_pieces_principales": 0.0, "adresse_nom_voie": "RUE DES CONFLANS", "price_per_sqm": null, "date_iso": "2025-05-29", "parcelle": "773110000C0841", "addr_num": "12"}}, {"type": "Feature", "geometry": {"type": "Point", "coordinates": [3.059303, 48.455751]}, "properties": {"year": 2025, "valeur_fonciere": 90000.0, "type_local": "Maison", "surface_reelle_bati": 100.0, "nombre_pieces_principales": 3.0, "adresse_nom_voie": "RUE DU VIEUX CHATEAU", "price_per_sqm": 900.0, "date_iso": "2025-06-25", "parcelle": "773110000C0079", "addr_num": "3"}}, {"type": "Feature", "geometry": {"type": "Point", "coordinates": [3.059259, 48.455493]}, "properties": {"year": 2025, "valeur_fonciere": 90000.0, "type_local": null, "surface_reelle_bati": null, "nombre_pieces_principales": null, "adresse_nom_voie": "CHAMP BARBE NOIRE", "price_per_sqm": null, "date_iso": "2025-06-25", "parcelle": "773110000C0694", "addr_num": ""}}, {"type": "Feature", "geometry": {"type": "Point", "coordinates": [3.023877, 48.439711]}, "properties": {"year": 2025, "valeur_fonciere": 115000.0, "type_local": "Maison", "surface_reelle_bati": 140.0, "nombre_pieces_principales": 4.0, "adresse_nom_voie": "LE TREMBLAY", "price_per_sqm": 821.4285714285714, "date_iso": "2025-07-10", "parcelle": "773110000A0221", "addr_num": "2"}}, {"type": "Feature", "geometry": {"type": "Point", "coordinates": [3.023877, 48.439711]}, "properties": {"year": 2025, "valeur_fonciere": 115000.0, "type_local": "Maison", "surface_reelle_bati": 140.0, "nombre_pieces_principales": 4.0, "adresse_nom_voie": "LE TREMBLAY", "price_per_sqm": 821.4285714285714, "date_iso": "2025-07-10", "parcelle": "773110000A0221", "addr_num": "2"}}, {"type": "Feature", "geometry": {"type": "Point", "coordinates": [3.065113, 48.454988]}, "properties": {"year": 2025, "valeur_fonciere": 245000.0, "type_local": null, "surface_reelle_bati": null, "nombre_pieces_principales": null, "adresse_nom_voie": "LES FRANCOISERIES", "price_per_sqm": null, "date_iso": "2025-07-21", "parcelle": "773110000D0667", "addr_num": ""}}, {"type": "Feature", "geometry": {"type": "Point", "coordinates": [3.065017, 48.455259]}, "properties": {"year": 2025, "valeur_fonciere": 245000.0, "type_local": null, "surface_reelle_bati": null, "nombre_pieces_principales": null, "adresse_nom_voie": "LES FRANCOISERIES", "price_per_sqm": null, "date_iso": "2025-07-21", "parcelle": "773110000D0668", "addr_num": ""}}, {"type": "Feature", "geometry": {"type": "Point", "coordinates": [3.064313, 48.453261]}, "properties": {"year": 2025, "valeur_fonciere": 245000.0, "type_local": "Dépendance", "surface_reelle_bati": null, "nombre_pieces_principales": 0.0, "adresse_nom_voie": "RUE DU COCHERET", "price_per_sqm": null, "date_iso": "2025-07-21", "parcelle": "773110000D0756", "addr_num": "6"}}, {"type": "Feature", "geometry": {"type": "Point", "coordinates": [3.064313, 48.453261]}, "properties": {"year": 2025, "valeur_fonciere": 245000.0, "type_local": "Dépendance", "surface_reelle_bati": null, "nombre_pieces_principales": 0.0, "adresse_nom_voie": "RUE DU COCHERET", "price_per_sqm": null, "date_iso": "2025-07-21", "parcelle": "773110000D0756", "addr_num": "6"}}, {"type": "Feature", "geometry": {"type": "Point", "coordinates": [3.064313, 48.453261]}, "properties": {"year": 2025, "valeur_fonciere": 245000.0, "type_local": "Maison", "surface_reelle_bati": 154.0, "nombre_pieces_principales": 7.0, "adresse_nom_voie": "RUE DU COCHERET", "price_per_sqm": 1590.909090909091, "date_iso": "2025-07-21", "parcelle": "773110000D0756", "addr_num": "6"}}, {"type": "Feature", "geometry": {"type": "Point", "coordinates": [3.064783, 48.453268]}, "properties": {"year": 2025, "valeur_fonciere": 245000.0, "type_local": null, "surface_reelle_bati": null, "nombre_pieces_principales": null, "adresse_nom_voie": "CLOS BOURDON", "price_per_sqm": null, "date_iso": "2025-07-21", "parcelle": "773110000D0757", "addr_num": ""}}, {"type": "Feature", "geometry": {"type": "Point", "coordinates": [3.064608, 48.45342]}, "properties": {"year": 2025, "valeur_fonciere": 245000.0, "type_local": null, "surface_reelle_bati": null, "nombre_pieces_principales": null, "adresse_nom_voie": "CLOS BOURDON", "price_per_sqm": null, "date_iso": "2025-07-21", "parcelle": "773110000D0941", "addr_num": ""}}, {"type": "Feature", "geometry": {"type": "Point", "coordinates": [3.064143, 48.453352]}, "properties": {"year": 2025, "valeur_fonciere": 245000.0, "type_local": null, "surface_reelle_bati": null, "nombre_pieces_principales": null, "adresse_nom_voie": "CLOS BOURDON", "price_per_sqm": null, "date_iso": "2025-07-21", "parcelle": "773110000D0942", "addr_num": ""}}, {"type": "Feature", "geometry": {"type": "Point", "coordinates": [3.063882, 48.453288]}, "properties": {"year": 2025, "valeur_fonciere": 245000.0, "type_local": null, "surface_reelle_bati": null, "nombre_pieces_principales": null, "adresse_nom_voie": "CLOS BOURDON", "price_per_sqm": null, "date_iso": "2025-07-21", "parcelle": "773110000D0943", "addr_num": ""}}, {"type": "Feature", "geometry": {"type": "Point", "coordinates": [3.068924, 48.455173]}, "properties": {"year": 2025, "valeur_fonciere": 210000.0, "type_local": "Maison", "surface_reelle_bati": 146.0, "nombre_pieces_principales": 6.0, "adresse_nom_voie": "RUE DES FRANCOISERIES", "price_per_sqm": 1438.3561643835617, "date_iso": "2025-07-15", "parcelle": "77311000ZD0112", "addr_num": "15"}}, {"type": "Feature", "geometry": {"type": "Point", "coordinates": [3.068924, 48.455173]}, "properties": {"year": 2025, "valeur_fonciere": 210000.0, "type_local": "Maison", "surface_reelle_bati": 146.0, "nombre_pieces_principales": 6.0, "adresse_nom_voie": "RUE DES FRANCOISERIES", "price_per_sqm": 1438.3561643835617, "date_iso": "2025-07-15", "parcelle": "77311000ZD0112", "addr_num": "15"}}, {"type": "Feature", "geometry": {"type": "Point", "coordinates": [3.061361, 48.455199]}, "properties": {"year": 2025, "valeur_fonciere": 241350.0, "type_local": "Maison", "surface_reelle_bati": 112.0, "nombre_pieces_principales": 5.0, "adresse_nom_voie": "RUE DE LA TUILERIE", "price_per_sqm": 2154.910714285714, "date_iso": "2025-08-27", "parcelle": "773110000C0894", "addr_num": "8"}}, {"type": "Feature", "geometry": {"type": "Point", "coordinates": [3.061361, 48.455199]}, "properties": {"year": 2025, "valeur_fonciere": 241350.0, "type_local": "Maison", "surface_reelle_bati": 112.0, "nombre_pieces_principales": 5.0, "adresse_nom_voie": "RUE DE LA TUILERIE", "price_per_sqm": 2154.910714285714, "date_iso": "2025-08-27", "parcelle": "773110000C0894", "addr_num": "8"}}, {"type": "Feature", "geometry": {"type": "Point", "coordinates": [3.06624, 48.452484]}, "properties": {"year": 2025, "valeur_fonciere": 252000.0, "type_local": null, "surface_reelle_bati": null, "nombre_pieces_principales": null, "adresse_nom_voie": "CLOS MOREAU", "price_per_sqm": null, "date_iso": "2025-08-27", "parcelle": "773110000F0402", "addr_num": ""}}, {"type": "Feature", "geometry": {"type": "Point", "coordinates": [3.066411, 48.452717]}, "properties": {"year": 2025, "valeur_fonciere": 252000.0, "type_local": "Maison", "surface_reelle_bati": 168.0, "nombre_pieces_principales": 8.0, "adresse_nom_voie": "GRANDE RUE", "price_per_sqm": 1500.0, "date_iso": "2025-08-27", "parcelle": "773110000F0473", "addr_num": "40"}}, {"type": "Feature", "geometry": {"type": "Point", "coordinates": [3.066411, 48.452717]}, "properties": {"year": 2025, "valeur_fonciere": 252000.0, "type_local": "Dépendance", "surface_reelle_bati": null, "nombre_pieces_principales": 0.0, "adresse_nom_voie": "GRANDE RUE", "price_per_sqm": null, "date_iso": "2025-08-27", "parcelle": "773110000F0473", "addr_num": "40"}}, {"type": "Feature", "geometry": {"type": "Point", "coordinates": [3.054489, 48.450904]}, "properties": {"year": 2025, "valeur_fonciere": 210000.0, "type_local": "Maison", "surface_reelle_bati": 71.0, "nombre_pieces_principales": 4.0, "adresse_nom_voie": "RUE DES CONFLANS", "price_per_sqm": 2957.7464788732395, "date_iso": "2025-09-10", "parcelle": "773110000C0991", "addr_num": "13"}}, {"type": "Feature", "geometry": {"type": "Point", "coordinates": [3.077906, 48.462198]}, "properties": {"year": 2025, "valeur_fonciere": 1867.6, "type_local": null, "surface_reelle_bati": null, "nombre_pieces_principales": null, "adresse_nom_voie": "CHAMP DE LA HAYE", "price_per_sqm": null, "date_iso": "2025-10-08", "parcelle": "77311000ZC0023", "addr_num": ""}}, {"type": "Feature", "geometry": {"type": "Point", "coordinates": [3.059576, 48.456686]}, "properties": {"year": 2025, "valeur_fonciere": 5000.0, "type_local": null, "surface_reelle_bati": null, "nombre_pieces_principales": null, "adresse_nom_voie": "VIEUX CHATEAU", "price_per_sqm": null, "date_iso": "2025-11-03", "parcelle": "773110000C0533", "addr_num": ""}}, {"type": "Feature", "geometry": {"type": "Point", "coordinates": [3.022549, 48.439543]}, "properties": {"year": 2025, "valeur_fonciere": 176000.0, "type_local": null, "surface_reelle_bati": null, "nombre_pieces_principales": null, "adresse_nom_voie": "LE TREMBLAY", "price_per_sqm": null, "date_iso": "2025-11-13", "parcelle": "773110000A0218", "addr_num": ""}}, {"type": "Feature", "geometry": {"type": "Point", "coordinates": [3.022564, 48.439841]}, "properties": {"year": 2025, "valeur_fonciere": 176000.0, "type_local": "Maison", "surface_reelle_bati": 63.0, "nombre_pieces_principales": 3.0, "adresse_nom_voie": "LE TREMBLAY", "price_per_sqm": 2793.6507936507937, "date_iso": "2025-11-13", "parcelle": "773110000A0223", "addr_num": "3"}}, {"type": "Feature", "geometry": {"type": "Point", "coordinates": [3.022498, 48.440173]}, "properties": {"year": 2025, "valeur_fonciere": 176000.0, "type_local": null, "surface_reelle_bati": null, "nombre_pieces_principales": null, "adresse_nom_voie": "LE TREMBLAY", "price_per_sqm": null, "date_iso": "2025-11-13", "parcelle": "773110000A0227", "addr_num": ""}}, {"type": "Feature", "geometry": {"type": "Point", "coordinates": [3.066706, 48.454488]}, "properties": {"year": 2025, "valeur_fonciere": 240000.0, "type_local": null, "surface_reelle_bati": null, "nombre_pieces_principales": null, "adresse_nom_voie": "CLOS DES SENTIERS", "price_per_sqm": null, "date_iso": "2025-11-15", "parcelle": "773110000D0699", "addr_num": ""}}, {"type": "Feature", "geometry": {"type": "Point", "coordinates": [3.066898, 48.454545]}, "properties": {"year": 2025, "valeur_fonciere": 240000.0, "type_local": "Maison", "surface_reelle_bati": 136.0, "nombre_pieces_principales": 5.0, "adresse_nom_voie": "RUE DES FRANCOISERIES", "price_per_sqm": 1764.7058823529412, "date_iso": "2025-11-15", "parcelle": "773110000D0700", "addr_num": "5"}}, {"type": "Feature", "geometry": {"type": "Point", "coordinates": [3.066898, 48.454545]}, "properties": {"year": 2025, "valeur_fonciere": 240000.0, "type_local": "Maison", "surface_reelle_bati": 136.0, "nombre_pieces_principales": 5.0, "adresse_nom_voie": "RUE DES FRANCOISERIES", "price_per_sqm": 1764.7058823529412, "date_iso": "2025-11-15", "parcelle": "773110000D0700", "addr_num": "5"}}, {"type": "Feature", "geometry": {"type": "Point", "coordinates": [3.066898, 48.454545]}, "properties": {"year": 2025, "valeur_fonciere": 240000.0, "type_local": "Dépendance", "surface_reelle_bati": null, "nombre_pieces_principales": 0.0, "adresse_nom_voie": "RUE DES FRANCOISERIES", "price_per_sqm": null, "date_iso": "2025-11-15", "parcelle": "773110000D0700", "addr_num": "5"}}, {"type": "Feature", "geometry": {"type": "Point", "coordinates": [3.066898, 48.454545]}, "properties": {"year": 2025, "valeur_fonciere": 240000.0, "type_local": "Dépendance", "surface_reelle_bati": null, "nombre_pieces_principales": 0.0, "adresse_nom_voie": "RUE DES FRANCOISERIES", "price_per_sqm": null, "date_iso": "2025-11-15", "parcelle": "773110000D0700", "addr_num": "5"}}, {"type": "Feature", "geometry": {"type": "Point", "coordinates": [3.067067, 48.454661]}, "properties": {"year": 2025, "valeur_fonciere": 240000.0, "type_local": null, "surface_reelle_bati": null, "nombre_pieces_principales": null, "adresse_nom_voie": "RUE DES FRANCOISERIES", "price_per_sqm": null, "date_iso": "2025-11-15", "parcelle": "773110000D0701", "addr_num": ""}}, {"type": "Feature", "geometry": {"type": "Point", "coordinates": [3.067067, 48.454661]}, "properties": {"year": 2025, "valeur_fonciere": 240000.0, "type_local": null, "surface_reelle_bati": null, "nombre_pieces_principales": null, "adresse_nom_voie": "RUE DES FRANCOISERIES", "price_per_sqm": null, "date_iso": "2025-11-15", "parcelle": "773110000D0701", "addr_num": ""}}, {"type": "Feature", "geometry": {"type": "Point", "coordinates": [3.06727, 48.454674]}, "properties": {"year": 2025, "valeur_fonciere": 240000.0, "type_local": null, "surface_reelle_bati": null, "nombre_pieces_principales": null, "adresse_nom_voie": "CLOS DES SENTIERS", "price_per_sqm": null, "date_iso": "2025-11-15", "parcelle": "773110000D0845", "addr_num": ""}}, {"type": "Feature", "geometry": {"type": "Point", "coordinates": [3.068692, 48.45952]}, "properties": {"year": 2025, "valeur_fonciere": 210030.0, "type_local": "Maison", "surface_reelle_bati": 89.0, "nombre_pieces_principales": 5.0, "adresse_nom_voie": "RUE DE LA CAVE", "price_per_sqm": 2359.887640449438, "date_iso": "2025-11-25", "parcelle": "77311000ZC0128", "addr_num": "8"}}, {"type": "Feature", "geometry": {"type": "Point", "coordinates": [3.068692, 48.45952]}, "properties": {"year": 2025, "valeur_fonciere": 210030.0, "type_local": "Dépendance", "surface_reelle_bati": null, "nombre_pieces_principales": 0.0, "adresse_nom_voie": "RUE DE LA CAVE", "price_per_sqm": null, "date_iso": "2025-11-25", "parcelle": "77311000ZC0128", "addr_num": "8"}}, {"type": "Feature", "geometry": {"type": "Point", "coordinates": [3.070544, 48.459366]}, "properties": {"year": 2025, "valeur_fonciere": 210030.0, "type_local": null, "surface_reelle_bati": null, "nombre_pieces_principales": null, "adresse_nom_voie": "RUE DE LA MAROTTE", "price_per_sqm": null, "date_iso": "2025-11-25", "parcelle": "77311000ZC0129", "addr_num": ""}}, {"type": "Feature", "geometry": {"type": "Point", "coordinates": [3.069119, 48.459518]}, "properties": {"year": 2025, "valeur_fonciere": 210030.0, "type_local": null, "surface_reelle_bati": null, "nombre_pieces_principales": null, "adresse_nom_voie": "RUE DE LA CAVE", "price_per_sqm": null, "date_iso": "2025-11-25", "parcelle": "77311000ZC0130", "addr_num": ""}}, {"type": "Feature", "geometry": {"type": "Point", "coordinates": [3.069733, 48.460085]}, "properties": {"year": 2025, "valeur_fonciere": 210030.0, "type_local": null, "surface_reelle_bati": null, "nombre_pieces_principales": null, "adresse_nom_voie": "RUE DE LA MAROTTE", "price_per_sqm": null, "date_iso": "2025-11-25", "parcelle": "77311000ZC0131", "addr_num": ""}}, {"type": "Feature", "geometry": {"type": "Point", "coordinates": [3.06975, 48.459932]}, "properties": {"year": 2025, "valeur_fonciere": 210030.0, "type_local": null, "surface_reelle_bati": null, "nombre_pieces_principales": null, "adresse_nom_voie": "RUE DE LA MAROTTE", "price_per_sqm": null, "date_iso": "2025-11-25", "parcelle": "77311000ZC0132", "addr_num": ""}}, {"type": "Feature", "geometry": {"type": "Point", "coordinates": [3.059585, 48.455561]}, "properties": {"year": 2025, "valeur_fonciere": 165000.0, "type_local": "Maison", "surface_reelle_bati": 120.0, "nombre_pieces_principales": 5.0, "adresse_nom_voie": "RUE MONTMART", "price_per_sqm": 1375.0, "date_iso": "2025-11-18", "parcelle": "773110000C0717", "addr_num": "33"}}, {"type": "Feature", "geometry": {"type": "Point", "coordinates": [3.059585, 48.455561]}, "properties": {"year": 2025, "valeur_fonciere": 165000.0, "type_local": "Dépendance", "surface_reelle_bati": null, "nombre_pieces_principales": 0.0, "adresse_nom_voie": "RUE MONTMART", "price_per_sqm": null, "date_iso": "2025-11-18", "parcelle": "773110000C0717", "addr_num": "33"}}, {"type": "Feature", "geometry": {"type": "Point", "coordinates": [3.059585, 48.455561]}, "properties": {"year": 2025, "valeur_fonciere": 165000.0, "type_local": "Maison", "surface_reelle_bati": 120.0, "nombre_pieces_principales": 5.0, "adresse_nom_voie": "RUE MONTMART", "price_per_sqm": 1375.0, "date_iso": "2025-11-18", "parcelle": "773110000C0717", "addr_num": "33"}}, {"type": "Feature", "geometry": {"type": "Point", "coordinates": [3.059585, 48.455561]}, "properties": {"year": 2025, "valeur_fonciere": 165000.0, "type_local": "Dépendance", "surface_reelle_bati": null, "nombre_pieces_principales": 0.0, "adresse_nom_voie": "RUE MONTMART", "price_per_sqm": null, "date_iso": "2025-11-18", "parcelle": "773110000C0717", "addr_num": "33"}}, {"type": "Feature", "geometry": {"type": "Point", "coordinates": [3.04512, 48.440328]}, "properties": {"year": 2025, "valeur_fonciere": 120000.0, "type_local": "Maison", "surface_reelle_bati": 105.0, "nombre_pieces_principales": 3.0, "adresse_nom_voie": "RUE D ORVILLIERS", "price_per_sqm": 1142.857142857143, "date_iso": "2025-11-18", "parcelle": "773110000H0125", "addr_num": "637"}}, {"type": "Feature", "geometry": {"type": "Point", "coordinates": [3.04512, 48.440328]}, "properties": {"year": 2025, "valeur_fonciere": 120000.0, "type_local": "Dépendance", "surface_reelle_bati": null, "nombre_pieces_principales": 0.0, "adresse_nom_voie": "RUE D ORVILLIERS", "price_per_sqm": null, "date_iso": "2025-11-18", "parcelle": "773110000H0125", "addr_num": "637"}}, {"type": "Feature", "geometry": {"type": "Point", "coordinates": [3.044569, 48.440371]}, "properties": {"year": 2025, "valeur_fonciere": 120000.0, "type_local": null, "surface_reelle_bati": null, "nombre_pieces_principales": null, "adresse_nom_voie": "ORVILLIERS", "price_per_sqm": null, "date_iso": "2025-11-18", "parcelle": "773110000H0526", "addr_num": ""}}, {"type": "Feature", "geometry": {"type": "Point", "coordinates": [3.04461, 48.440352]}, "properties": {"year": 2025, "valeur_fonciere": 120000.0, "type_local": null, "surface_reelle_bati": null, "nombre_pieces_principales": null, "adresse_nom_voie": "ORVILLIERS", "price_per_sqm": null, "date_iso": "2025-11-18", "parcelle": "773110000H0528", "addr_num": ""}}, {"type": "Feature", "geometry": {"type": "Point", "coordinates": [3.044763, 48.440369]}, "properties": {"year": 2025, "valeur_fonciere": 120000.0, "type_local": null, "surface_reelle_bati": null, "nombre_pieces_principales": null, "adresse_nom_voie": "ORVILLIERS", "price_per_sqm": null, "date_iso": "2025-11-18", "parcelle": "773110000H0529", "addr_num": ""}}, {"type": "Feature", "geometry": {"type": "Point", "coordinates": [3.044784, 48.440325]}, "properties": {"year": 2025, "valeur_fonciere": 120000.0, "type_local": null, "surface_reelle_bati": null, "nombre_pieces_principales": null, "adresse_nom_voie": "ORVILLIERS", "price_per_sqm": null, "date_iso": "2025-11-18", "parcelle": "773110000H0532", "addr_num": ""}}, {"type": "Feature", "geometry": {"type": "Point", "coordinates": [3.04503, 48.440355]}, "properties": {"year": 2025, "valeur_fonciere": 120000.0, "type_local": null, "surface_reelle_bati": null, "nombre_pieces_principales": null, "adresse_nom_voie": "ORVILLIERS", "price_per_sqm": null, "date_iso": "2025-11-18", "parcelle": "773110000H0550", "addr_num": ""}}, {"type": "Feature", "geometry": {"type": "Point", "coordinates": [3.04891, 48.442517]}, "properties": {"year": 2025, "valeur_fonciere": 225000.0, "type_local": "Maison", "surface_reelle_bati": 79.0, "nombre_pieces_principales": 4.0, "adresse_nom_voie": "RUE D ORVILLIERS", "price_per_sqm": 2848.1012658227846, "date_iso": "2025-12-03", "parcelle": "773110000H0595", "addr_num": "169"}}, {"type": "Feature", "geometry": {"type": "Point", "coordinates": [3.04891, 48.442517]}, "properties": {"year": 2025, "valeur_fonciere": 225000.0, "type_local": "Dépendance", "surface_reelle_bati": null, "nombre_pieces_principales": 0.0, "adresse_nom_voie": "RUE D ORVILLIERS", "price_per_sqm": null, "date_iso": "2025-12-03", "parcelle": "773110000H0595", "addr_num": "169"}}, {"type": "Feature", "geometry": {"type": "Point", "coordinates": [3.04891, 48.442517]}, "properties": {"year": 2025, "valeur_fonciere": 225000.0, "type_local": "Dépendance", "surface_reelle_bati": null, "nombre_pieces_principales": 0.0, "adresse_nom_voie": "RUE D ORVILLIERS", "price_per_sqm": null, "date_iso": "2025-12-03", "parcelle": "773110000H0595", "addr_num": "169"}}, {"type": "Feature", "geometry": {"type": "Point", "coordinates": [3.067504, 48.452726]}, "properties": {"year": 2025, "valeur_fonciere": 211000.0, "type_local": "Maison", "surface_reelle_bati": 120.0, "nombre_pieces_principales": 4.0, "adresse_nom_voie": "RUE DE PROVINS", "price_per_sqm": 1758.3333333333333, "date_iso": "2025-12-03", "parcelle": "773110000F0040", "addr_num": "2"}}, {"type": "Feature", "geometry": {"type": "Point", "coordinates": [3.057572, 48.455553]}, "properties": {"year": 2025, "valeur_fonciere": 122000.0, "type_local": "Maison", "surface_reelle_bati": 38.0, "nombre_pieces_principales": 3.0, "adresse_nom_voie": "RUE BATAILLE", "price_per_sqm": 3210.5263157894738, "date_iso": "2025-12-16", "parcelle": "773110000C0803", "addr_num": "22"}}, {"type": "Feature", "geometry": {"type": "Point", "coordinates": [3.057572, 48.455553]}, "properties": {"year": 2025, "valeur_fonciere": 122000.0, "type_local": "Maison", "surface_reelle_bati": 38.0, "nombre_pieces_principales": 3.0, "adresse_nom_voie": "RUE BATAILLE", "price_per_sqm": 3210.5263157894738, "date_iso": "2025-12-16", "parcelle": "773110000C0803", "addr_num": "22"}}, {"type": "Feature", "geometry": {"type": "Point", "coordinates": [3.05547, 48.456301]}, "properties": {"year": 2025, "valeur_fonciere": 142500.0, "type_local": null, "surface_reelle_bati": null, "nombre_pieces_principales": null, "adresse_nom_voie": "VIEUX CHATEAU", "price_per_sqm": null, "date_iso": "2025-12-17", "parcelle": "773110000C0017", "addr_num": ""}}, {"type": "Feature", "geometry": {"type": "Point", "coordinates": [3.055407, 48.456433]}, "properties": {"year": 2025, "valeur_fonciere": 142500.0, "type_local": "Maison", "surface_reelle_bati": 114.0, "nombre_pieces_principales": 5.0, "adresse_nom_voie": "RUE DE LA FONTAINE GEOFFROY", "price_per_sqm": 1250.0, "date_iso": "2025-12-17", "parcelle": "773110000C0922", "addr_num": "11"}}]}