{"type": "FeatureCollection", "features": [{"type": "Feature", "geometry": {"type": "Point", "coordinates": [2.40482, 48.842834]}, "properties": {"id_parcelle": "75112000AD0089", "address": "25 AV DU DOC ARNOLD NETTER", "sales": 520, "median_price": 92000000.0, "median_price_per_sqm": 1393939.393939394, "median_rooms": 0.0, "first_sale": "2024-07-01", "last_sale": "2024-07-01"}}, {"type": "Feature", "geometry": {"type": "Point", "coordinates": [2.403202, 48.842843]}, "properties": {"id_parcelle": "75112000AD0084", "address": "24 RUE SIBUET", "sales": 479, "median_price": 68500000.0, "median_price_per_sqm": 1413723.4042553192, "median_rooms": 0.0, "first_sale": "2025-01-31", "last_sale": "2025-01-31"}}, {"type": "Feature", "geometry": {"type": "Point", "coordinates": [2.387086, 48.849133]}, "properties": {"id_parcelle": "75112000CS0020", "address": "220 RUE DU FBG ST ANTOINE", "sales": 427, "median_price": 63000000.0, "median_price_per_sqm": 1086206.896551724, "median_rooms": 0.0, "first_sale": "2023-12-21", "last_sale": "2023-12-21"}}, {"type": "Feature", "geometry": {"type": "Point", "coordinates": [2.394436, 48.844782]}, "properties": {"id_parcelle": "75112000CH0003", "address": "36 RUE DE PICPUS", "sales": 261, "median_price": 535000.0, "median_price_per_sqm": 10144.467213114754, "median_rooms": 0.0, "first_sale": "2021-01-15", "last_sale": "2025-12-16"}}, {"type": "Feature", "geometry": {"type": "Point", "coordinates": [2.389925, 48.847186]}, "properties": {"id_parcelle": "75112000CP0020", "address": "23 SQ ST CHARLES", "sales": 224, "median_price": 642900.0, "median_price_per_sqm": 10303.308823529413, "median_rooms": 0.0, "first_sale": "2021-02-10", "last_sale": "2025-12-29"}}, {"type": "Feature", "geometry": {"type": "Point", "coordinates": [2.404605, 48.835767]}, "properties": {"id_parcelle": "75112000AX0018", "address": "268 AV DAUMESNIL", "sales": 162, "median_price": 432000.0, "median_price_per_sqm": 8774.0, "median_rooms": 0.0, "first_sale": "2021-02-05", "last_sale": "2025-10-21"}}, {"type": "Feature", "geometry": {"type": "Point", "coordinates": [2.398885, 48.832976]}, "properties": {"id_parcelle": "75112000BN0007", "address": "16 AV DU GAL MICHEL BIZOT", "sales": 157, "median_price": 1290000.0, "median_price_per_sqm": 13511.111111111111, "median_rooms": 0.0, "first_sale": "2021-03-15", "last_sale": "2025-07-04"}}, {"type": "Feature", "geometry": {"type": "Point", "coordinates": [2.401911, 48.841796]}, "properties": {"id_parcelle": "75112000AD0065", "address": "32 BD DE PICPUS", "sales": 154, "median_price": 741600.0, "median_price_per_sqm": 10026.2, "median_rooms": 0.0, "first_sale": "2021-03-15", "last_sale": "2025-11-20"}}, {"type": "Feature", "geometry": {"type": "Point", "coordinates": [2.400795, 48.839472]}, "properties": {"id_parcelle": "75112000AR0041", "address": "95 RUE DE PICPUS", "sales": 148, "median_price": 8000000.0, "median_price_per_sqm": null, "median_rooms": 0.0, "first_sale": "2023-12-19", "last_sale": "2023-12-19"}}, {"type": "Feature", "geometry": {"type": "Point", "coordinates": [2.404375, 48.844133]}, "properties": {"id_parcelle": "75112000AC0065", "address": "47 AV DU DOC ARNOLD NETTER", "sales": 137, "median_price": 606000.0, "median_price_per_sqm": 9615.906084656086, "median_rooms": 0.0, "first_sale": "2021-02-22", "last_sale": "2025-10-21"}}, {"type": "Feature", "geometry": {"type": "Point", "coordinates": [2.408076, 48.839605]}, "properties": {"id_parcelle": "75112000AP0010", "address": "65 BD SOULT", "sales": 135, "median_price": 515050.0, "median_price_per_sqm": 7717.603668261563, "median_rooms": 0.0, "first_sale": "2021-01-12", "last_sale": "2025-11-25"}}, {"type": "Feature", "geometry": {"type": "Point", "coordinates": [2.402252, 48.845699]}, "properties": {"id_parcelle": "75112000AA0058", "address": "74 BD DE PICPUS", "sales": 131, "median_price": 4600000.0, "median_price_per_sqm": 134166.6666666667, "median_rooms": 0.0, "first_sale": "2023-09-20", "last_sale": "2023-09-20"}}, {"type": "Feature", "geometry": {"type": "Point", "coordinates": [2.393871, 48.837749]}, "properties": {"id_parcelle": "75112000BT0028", "address": "27 RUE DE LA BRECHE AUX LOUPS", "sales": 131, "median_price": 1200000.0, "median_price_per_sqm": 9113.855706682436, "median_rooms": 0.0, "first_sale": "2021-01-22", "last_sale": "2025-07-02"}}, {"type": "Feature", "geometry": {"type": "Point", "coordinates": [2.393802, 48.842482]}, "properties": {"id_parcelle": "75112000CI0014", "address": "111 RUE DE REUILLY", "sales": 118, "median_price": 240000.0, "median_price_per_sqm": 8596.341463414634, "median_rooms": 0.0, "first_sale": "2021-01-29", "last_sale": "2025-05-28"}}, {"type": "Feature", "geometry": {"type": "Point", "coordinates": [2.400008, 48.839255]}, "properties": {"id_parcelle": "75112000BY0106", "address": "80 BD DE REUILLY", "sales": 118, "median_price": 207500.0, "median_price_per_sqm": 10088.888888888889, "median_rooms": 0.0, "first_sale": "2021-05-28", "last_sale": "2025-12-23"}}, {"type": "Feature", "geometry": {"type": "Point", "coordinates": [2.395354, 48.843398]}, "properties": {"id_parcelle": "75112000CI0021", "address": "50 RUE DE PICPUS", "sales": 107, "median_price": 439100.0, "median_price_per_sqm": 9528.57142857143, "median_rooms": 0.0, "first_sale": "2021-01-21", "last_sale": "2025-10-09"}}, {"type": "Feature", "geometry": {"type": "Point", "coordinates": [2.40627, 48.83701]}, "properties": {"id_parcelle": "75112000AT0025", "address": "7 RUE DU COLONEL OUDOT", "sales": 102, "median_price": 1.0, "median_price_per_sqm": 0.02631578947368421, "median_rooms": 1.0, "first_sale": "2021-07-23", "last_sale": "2025-01-06"}}, {"type": "Feature", "geometry": {"type": "Point", "coordinates": [2.402507, 48.835206]}, "properties": {"id_parcelle": "75112000BO0039", "address": "146 RUE DE PICPUS", "sales": 98, "median_price": 320100.0, "median_price_per_sqm": 9342.091007583964, "median_rooms": 0.0, "first_sale": "2021-04-20", "last_sale": "2025-12-16"}}, {"type": "Feature", "geometry": {"type": "Point", "coordinates": [2.395907, 48.835407]}, "properties": {"id_parcelle": "75112000BS0018", "address": "48 RUE DES MEUNIERS", "sales": 96, "median_price": 479200.0, "median_price_per_sqm": 9148.936170212766, "median_rooms": 0.0, "first_sale": "2021-01-07", "last_sale": "2025-07-23"}}, {"type": "Feature", "geometry": {"type": "Point", "coordinates": [2.400941, 48.835754]}, "properties": {"id_parcelle": "75112000BP0068", "address": "46 RUE DE FECAMP", "sales": 94, "median_price": 575000.0, "median_price_per_sqm": 8014.313725490196, "median_rooms": 0.0, "first_sale": "2021-09-01", "last_sale": "2025-11-05"}}, {"type": "Feature", "geometry": {"type": "Point", "coordinates": [2.396699, 48.833197]}, "properties": {"id_parcelle": "75112000BR0041", "address": "321 RUE DE CHARENTON", "sales": 90, "median_price": 388000.0, "median_price_per_sqm": 8254.4, "median_rooms": 0.0, "first_sale": "2021-01-07", "last_sale": "2025-10-14"}}, {"type": "Feature", "geometry": {"type": "Point", "coordinates": [2.394811, 48.84171]}, "properties": {"id_parcelle": "75112000CI0007", "address": "117 RUE DE LA GARE DE REUILLY", "sales": 89, "median_price": 485500.0, "median_price_per_sqm": 9406.25, "median_rooms": 0.0, "first_sale": "2021-01-22", "last_sale": "2025-06-06"}}, {"type": "Feature", "geometry": {"type": "Point", "coordinates": [2.392694, 48.846052]}, "properties": {"id_parcelle": "75112000CO0028", "address": "7 RUE CHRISTIAN DEWET", "sales": 87, "median_price": 325000.0, "median_price_per_sqm": 9558.823529411764, "median_rooms": 1.0, "first_sale": "2021-01-28", "last_sale": "2025-12-18"}}, {"type": "Feature", "geometry": {"type": "Point", "coordinates": [2.393397, 48.845255]}, "properties": {"id_parcelle": "75112000CO0056", "address": "22 RUE DU SERGENT BAUCHAT", "sales": 87, "median_price": 255000.0, "median_price_per_sqm": 9708.823529411766, "median_rooms": 0.0, "first_sale": "2021-03-05", "last_sale": "2025-12-01"}}, {"type": "Feature", "geometry": {"type": "Point", "coordinates": [2.388306, 48.844948]}, "properties": {"id_parcelle": "75112000CV0017", "address": "44 RUE DE REUILLY", "sales": 85, "median_price": 386473.0, "median_price_per_sqm": 8536.585365853658, "median_rooms": 0.0, "first_sale": "2021-01-22", "last_sale": "2025-07-18"}}, {"type": "Feature", "geometry": {"type": "Point", "coordinates": [2.393854, 48.841991]}, "properties": {"id_parcelle": "75112000CI0013", "address": "115 RUE DE REUILLY", "sales": 83, "median_price": 455000.0, "median_price_per_sqm": 8808.935714285715, "median_rooms": 2.0, "first_sale": "2021-04-23", "last_sale": "2025-12-30"}}, {"type": "Feature", "geometry": {"type": "Point", "coordinates": [2.403229, 48.843503]}, "properties": {"id_parcelle": "75112000AC0073", "address": "22 RUE MOUSSET ROBERT", "sales": 81, "median_price": 294650.0, "median_price_per_sqm": 8939.39393939394, "median_rooms": 0.0, "first_sale": "2021-02-11", "last_sale": "2025-11-26"}}, {"type": "Feature", "geometry": {"type": "Point", "coordinates": [2.403593, 48.845261]}, "properties": {"id_parcelle": "75112000AB0065", "address": "51 AV DE SAINT-MANDE", "sales": 76, "median_price": 15726000.0, "median_price_per_sqm": 302423.07692307694, "median_rooms": 0.0, "first_sale": "2021-10-22", "last_sale": "2021-10-22"}}, {"type": "Feature", "geometry": {"type": "Point", "coordinates": [2.404299, 48.842192]}, "properties": {"id_parcelle": "75112000AD0025", "address": "17 AV DU DOC ARNOLD NETTER", "sales": 74, "median_price": 325500.0, "median_price_per_sqm": 10383.484162895928, "median_rooms": 0.0, "first_sale": "2021-01-29", "last_sale": "2025-09-26"}}, {"type": "Feature", "geometry": {"type": "Point", "coordinates": [2.383088, 48.846053]}, "properties": {"id_parcelle": "75112000HA0059", "address": "11 RUE CHALIGNY", "sales": 72, "median_price": 19050000.0, "median_price_per_sqm": 377264.70588235295, "median_rooms": 0.0, "first_sale": "2021-09-21", "last_sale": "2021-09-21"}}, {"type": "Feature", "geometry": {"type": "Point", "coordinates": [2.403266, 48.838014]}, "properties": {"id_parcelle": "75112000AS0028", "address": "89 AV DU GAL MICHEL BIZOT", "sales": 71, "median_price": 487430.0, "median_price_per_sqm": 8895.438697318008, "median_rooms": 0.0, "first_sale": "2021-01-28", "last_sale": "2025-12-17"}}, {"type": "Feature", "geometry": {"type": "Point", "coordinates": [2.392124, 48.835455]}, "properties": {"id_parcelle": "75112000DE0007", "address": "296 RUE DE CHARENTON", "sales": 71, "median_price": 241500.0, "median_price_per_sqm": 7720.8657047724755, "median_rooms": 0.0, "first_sale": "2021-03-10", "last_sale": "2025-07-10"}}, {"type": "Feature", "geometry": {"type": "Point", "coordinates": [2.375948, 48.840989]}, "properties": {"id_parcelle": "75112000ED0016", "address": "147 RUE DE BERCY", "sales": 71, "median_price": 417000.0, "median_price_per_sqm": 8839.20051579626, "median_rooms": 0.0, "first_sale": "2021-06-25", "last_sale": "2025-10-15"}}, {"type": "Feature", "geometry": {"type": "Point", "coordinates": [2.405641, 48.841011]}, "properties": {"id_parcelle": "75112000AE0059", "address": "1 RUE PAUL CRAMPELL", "sales": 70, "median_price": 3900000.0, "median_price_per_sqm": 216666.66666666666, "median_rooms": 0.0, "first_sale": "2024-10-14", "last_sale": "2024-10-14"}}, {"type": "Feature", "geometry": {"type": "Point", "coordinates": [2.38522, 48.846257]}, "properties": {"id_parcelle": "75112000CT0024", "address": "19 RUE ERARD", "sales": 69, "median_price": 335000.0, "median_price_per_sqm": 9342.857142857143, "median_rooms": 0.0, "first_sale": "2021-03-01", "last_sale": "2025-12-15"}}, {"type": "Feature", "geometry": {"type": "Point", "coordinates": [2.406822, 48.845944]}, "properties": {"id_parcelle": "75112000AI0007", "address": "72 AV DU DOC ARNOLD NETTER", "sales": 68, "median_price": 515000.0, "median_price_per_sqm": 9337.735849056604, "median_rooms": 0.0, "first_sale": "2021-02-01", "last_sale": "2025-12-01"}}, {"type": "Feature", "geometry": {"type": "Point", "coordinates": [2.398151, 48.840469]}, "properties": {"id_parcelle": "75112000BY0018", "address": "20 RUE LAMBLARDIE", "sales": 67, "median_price": 8000000.0, "median_price_per_sqm": 205128.20512820513, "median_rooms": 0.0, "first_sale": "2025-12-04", "last_sale": "2025-12-04"}}, {"type": "Feature", "geometry": {"type": "Point", "coordinates": [2.387645, 48.849083]}, "properties": {"id_parcelle": "75112000CS0021", "address": "228 RUE DU FBG ST ANTOINE", "sales": 67, "median_price": 705000.0, "median_price_per_sqm": 10131.578947368422, "median_rooms": 0.0, "first_sale": "2021-02-01", "last_sale": "2025-06-03"}}, {"type": "Feature", "geometry": {"type": "Point", "coordinates": [2.400097, 48.842221]}, "properties": {"id_parcelle": "75112000BZ0040", "address": "26 RUE DAGORNO", "sales": 67, "median_price": 470000.0, "median_price_per_sqm": 9702.42117117117, "median_rooms": 0.0, "first_sale": "2021-06-28", "last_sale": "2025-11-26"}}, {"type": "Feature", "geometry": {"type": "Point", "coordinates": [2.384609, 48.849461]}, "properties": {"id_parcelle": "75112000CS0055", "address": "40 RUE CHALIGNY", "sales": 66, "median_price": 240000.0, "median_price_per_sqm": 9572.727272727272, "median_rooms": 0.0, "first_sale": "2021-02-03", "last_sale": "2025-06-13"}}, {"type": "Feature", "geometry": {"type": "Point", "coordinates": [2.386081, 48.844239]}, "properties": {"id_parcelle": "75112000CV0065", "address": "15 RUE CHARLES NICOLLE", "sales": 65, "median_price": 454515.0, "median_price_per_sqm": 9153.846153846154, "median_rooms": 2.0, "first_sale": "2021-01-08", "last_sale": "2025-10-16"}}, {"type": "Feature", "geometry": {"type": "Point", "coordinates": [2.403529, 48.840534]}, "properties": {"id_parcelle": "75112000AR0002", "address": "40 RUE DE TOUL", "sales": 65, "median_price": 560830.0, "median_price_per_sqm": 9312.820512820512, "median_rooms": 0.0, "first_sale": "2021-02-15", "last_sale": "2025-07-28"}}, {"type": "Feature", "geometry": {"type": "Point", "coordinates": [2.386138, 48.846672]}, "properties": {"id_parcelle": "75112000CT0035", "address": "27 RUE ERARD", "sales": 64, "median_price": 177500.0, "median_price_per_sqm": 9842.105263157895, "median_rooms": 1.0, "first_sale": "2021-01-15", "last_sale": "2025-12-23"}}, {"type": "Feature", "geometry": {"type": "Point", "coordinates": [2.406571, 48.837334]}, "properties": {"id_parcelle": "75112000AT0027", "address": "7 RUE DU COLONEL OUDOT", "sales": 63, "median_price": 454052.0, "median_price_per_sqm": 8997.64323607427, "median_rooms": 0.0, "first_sale": "2021-10-18", "last_sale": "2025-08-20"}}, {"type": "Feature", "geometry": {"type": "Point", "coordinates": [2.378614, 48.849267]}, "properties": {"id_parcelle": "75112000EX0064", "address": "20 RUE D ALIGRE", "sales": 62, "median_price": 46000.0, "median_price_per_sqm": 1788.0434782608695, "median_rooms": 2.0, "first_sale": "2021-03-04", "last_sale": "2025-12-10"}}, {"type": "Feature", "geometry": {"type": "Point", "coordinates": [2.382241, 48.845284]}, "properties": {"id_parcelle": "75112000HA0032", "address": "147 RUE DE CHARENTON", "sales": 62, "median_price": 5175000.0, "median_price_per_sqm": 197826.08695652173, "median_rooms": 2.0, "first_sale": "2024-11-28", "last_sale": "2025-05-28"}}, {"type": "Feature", "geometry": {"type": "Point", "coordinates": [2.39398, 48.845565]}, "properties": {"id_parcelle": "75112000CO0054", "address": "30 RUE DU SERGENT BAUCHAT", "sales": 61, "median_price": 338875.0, "median_price_per_sqm": 10873.100303951367, "median_rooms": 0.0, "first_sale": "2021-02-15", "last_sale": "2025-09-05"}}, {"type": "Feature", "geometry": {"type": "Point", "coordinates": [2.385674, 48.843262]}, "properties": {"id_parcelle": "75112000CE0127", "address": "181 RUE DE CHARENTON", "sales": 59, "median_price": 13000000.0, "median_price_per_sqm": 325000.0, "median_rooms": 0.0, "first_sale": "2021-12-22", "last_sale": "2021-12-22"}}, {"type": "Feature", "geometry": {"type": "Point", "coordinates": [2.40139, 48.846918]}, "properties": {"id_parcelle": "75112000AA0029", "address": "60 RUE DU RENDEZ VOUS", "sales": 59, "median_price": 406550.0, "median_price_per_sqm": 9725.274725274725, "median_rooms": 0.0, "first_sale": "2021-01-29", "last_sale": "2025-12-04"}}, {"type": "Feature", "geometry": {"type": "Point", "coordinates": [2.407413, 48.843746]}, "properties": {"id_parcelle": "75112000AH0016", "address": "17 RUE DES MARGUETTES", "sales": 59, "median_price": 480000.0, "median_price_per_sqm": 9342.105263157895, "median_rooms": 0.0, "first_sale": "2021-01-15", "last_sale": "2025-10-27"}}, {"type": "Feature", "geometry": {"type": "Point", "coordinates": [2.385349, 48.834699]}, "properties": {"id_parcelle": "75112000DW0009", "address": "43 RUE GABRIEL LAME", "sales": 59, "median_price": 820000.0, "median_price_per_sqm": 10706.56626506024, "median_rooms": 0.0, "first_sale": "2021-12-15", "last_sale": "2025-07-07"}}, {"type": "Feature", "geometry": {"type": "Point", "coordinates": [2.391407, 48.838154]}, "properties": {"id_parcelle": "75112000CB0075", "address": "233 RUE DE CHARENTON", "sales": 57, "median_price": 400000.0, "median_price_per_sqm": 8589.423076923078, "median_rooms": 0.0, "first_sale": "2021-04-01", "last_sale": "2025-12-22"}}, {"type": "Feature", "geometry": {"type": "Point", "coordinates": [2.404108, 48.846978]}, "properties": {"id_parcelle": "75112000AB0011", "address": "62 CRS DE VINCENNES", "sales": 56, "median_price": 602375.0, "median_price_per_sqm": 9444.771723122238, "median_rooms": 0.0, "first_sale": "2021-01-07", "last_sale": "2025-10-03"}}, {"type": "Feature", "geometry": {"type": "Point", "coordinates": [2.406971, 48.836749]}, "properties": {"id_parcelle": "75112000AX0044", "address": "14 RUE DU COLONEL OUDOT", "sales": 56, "median_price": 155620.0, "median_price_per_sqm": 8566.0, "median_rooms": 0.0, "first_sale": "2021-02-11", "last_sale": "2025-11-05"}}, {"type": "Feature", "geometry": {"type": "Point", "coordinates": [2.39965, 48.845991]}, "properties": {"id_parcelle": "75112000CL0064", "address": "9 VLA DE SAINT MANDE", "sales": 55, "median_price": 280000.0, "median_price_per_sqm": 10745.37037037037, "median_rooms": 0.0, "first_sale": "2021-05-28", "last_sale": "2025-12-18"}}, {"type": "Feature", "geometry": {"type": "Point", "coordinates": [2.391584, 48.836232]}, "properties": {"id_parcelle": "75112000DE0014", "address": "24 RUE CORIOLIS", "sales": 54, "median_price": 299500.0, "median_price_per_sqm": 8351.5625, "median_rooms": 0.0, "first_sale": "2021-06-07", "last_sale": "2025-12-29"}}, {"type": "Feature", "geometry": {"type": "Point", "coordinates": [2.396147, 48.834514]}, "properties": {"id_parcelle": "75112000BS0031", "address": "15 RUE DES JARDINIERS", "sales": 54, "median_price": 2330000.0, "median_price_per_sqm": 57794.117647058825, "median_rooms": 1.0, "first_sale": "2021-06-15", "last_sale": "2024-11-19"}}, {"type": "Feature", "geometry": {"type": "Point", "coordinates": [2.399055, 48.834097]}, "properties": {"id_parcelle": "75112000BR0033", "address": "14 RUE DES MEUNIERS", "sales": 52, "median_price": 727800.0, "median_price_per_sqm": 8829.787234042553, "median_rooms": 0.0, "first_sale": "2021-05-17", "last_sale": "2025-06-02"}}, {"type": "Feature", "geometry": {"type": "Point", "coordinates": [2.382792, 48.845962]}, "properties": {"id_parcelle": "75112000HA0060", "address": "12 RUE CROZATIER", "sales": 52, "median_price": 10100000.0, "median_price_per_sqm": 482045.4545454546, "median_rooms": 1.0, "first_sale": "2025-07-21", "last_sale": "2025-07-21"}}, {"type": "Feature", "geometry": {"type": "Point", "coordinates": [2.389434, 48.839917]}, "properties": {"id_parcelle": "75112000CC0012", "address": "203 RUE DE CHARENTON", "sales": 51, "median_price": 335000.0, "median_price_per_sqm": 9462.5, "median_rooms": 0.0, "first_sale": "2021-03-22", "last_sale": "2025-12-18"}}, {"type": "Feature", "geometry": {"type": "Point", "coordinates": [2.396254, 48.846075]}, "properties": {"id_parcelle": "75112000CM0028", "address": "4 RUE FABRE D EGLANTINE", "sales": 50, "median_price": 647000.0, "median_price_per_sqm": 10006.50072150072, "median_rooms": 0.0, "first_sale": "2021-04-21", "last_sale": "2025-10-14"}}, {"type": "Feature", "geometry": {"type": "Point", "coordinates": [2.390832, 48.836725]}, "properties": {"id_parcelle": "75112000DE0021", "address": "28 RUE CORIOLIS", "sales": 50, "median_price": 145300.0, "median_price_per_sqm": 8551.407407407407, "median_rooms": 0.0, "first_sale": "2021-01-08", "last_sale": "2025-11-17"}}, {"type": "Feature", "geometry": {"type": "Point", "coordinates": [2.369264, 48.845088]}, "properties": {"id_parcelle": "75112000EK0009", "address": "4 BD DIDEROT", "sales": 50, "median_price": 12955854.0, "median_price_per_sqm": 95992.90337926509, "median_rooms": 0.0, "first_sale": "2024-06-27", "last_sale": "2024-06-27"}}, {"type": "Feature", "geometry": {"type": "Point", "coordinates": [2.399681, 48.842701]}, "properties": {"id_parcelle": "75112000BZ0017", "address": "24 RUE SANTERRE", "sales": 50, "median_price": 501660.0, "median_price_per_sqm": 9375.373754152824, "median_rooms": 0.0, "first_sale": "2021-01-11", "last_sale": "2025-09-23"}}, {"type": "Feature", "geometry": {"type": "Point", "coordinates": [2.403148, 48.834562]}, "properties": {"id_parcelle": "75112000BO0047", "address": "154 RUE DE PICPUS", "sales": 50, "median_price": 497625.0, "median_price_per_sqm": 8786.074530680864, "median_rooms": 0.0, "first_sale": "2021-01-20", "last_sale": "2025-09-12"}}, {"type": "Feature", "geometry": {"type": "Point", "coordinates": [2.402997, 48.842606]}, "properties": {"id_parcelle": "75112000AD0082", "address": "22 RUE SIBUET", "sales": 49, "median_price": 435000.0, "median_price_per_sqm": 9370.37037037037, "median_rooms": 0.0, "first_sale": "2021-06-01", "last_sale": "2025-11-14"}}, {"type": "Feature", "geometry": {"type": "Point", "coordinates": [2.386987, 48.843573]}, "properties": {"id_parcelle": "75112000CE0119", "address": "20 CITE MOYNET", "sales": 48, "median_price": 573000.0, "median_price_per_sqm": 10366.56647807638, "median_rooms": 0.0, "first_sale": "2021-04-14", "last_sale": "2025-05-02"}}, {"type": "Feature", "geometry": {"type": "Point", "coordinates": [2.406946, 48.846652]}, "properties": {"id_parcelle": "75112000AI0002", "address": "84 CRS DE VINCENNES", "sales": 48, "median_price": 470000.0, "median_price_per_sqm": 10207.824100513993, "median_rooms": 0.0, "first_sale": "2021-01-29", "last_sale": "2025-12-03"}}, {"type": "Feature", "geometry": {"type": "Point", "coordinates": [2.407172, 48.837719]}, "properties": {"id_parcelle": "75112000AT0051", "address": "13 RUE DU COLONEL OUDOT", "sales": 48, "median_price": 703000.0, "median_price_per_sqm": 9208.333333333334, "median_rooms": 0.0, "first_sale": "2021-03-01", "last_sale": "2025-10-14"}}, {"type": "Feature", "geometry": {"type": "Point", "coordinates": [2.401043, 48.83349]}, "properties": {"id_parcelle": "75112000BN0033", "address": "57 BD PONIATOWSKI", "sales": 48, "median_price": 500000.0, "median_price_per_sqm": 8115.492063492064, "median_rooms": 1.0, "first_sale": "2021-09-02", "last_sale": "2025-12-30"}}, {"type": "Feature", "geometry": {"type": "Point", "coordinates": [2.407545, 48.843296]}, "properties": {"id_parcelle": "75112000AH0020", "address": "15 RUE LASSON", "sales": 47, "median_price": 497500.0, "median_price_per_sqm": 8965.355805243446, "median_rooms": 0.0, "first_sale": "2021-03-03", "last_sale": "2025-09-09"}}, {"type": "Feature", "geometry": {"type": "Point", "coordinates": [2.40205, 48.846605]}, "properties": {"id_parcelle": "75112000AA0033", "address": "52 RUE DU RENDEZ VOUS", "sales": 47, "median_price": 385000.0, "median_price_per_sqm": 10000.0, "median_rooms": 0.0, "first_sale": "2022-02-24", "last_sale": "2025-12-12"}}, {"type": "Feature", "geometry": {"type": "Point", "coordinates": [2.400374, 48.845759]}, "properties": {"id_parcelle": "75112000CL0073", "address": "35 AV DE SAINT-MANDE", "sales": 46, "median_price": 655000.0, "median_price_per_sqm": 10342.787114845938, "median_rooms": 0.0, "first_sale": "2021-04-08", "last_sale": "2025-10-16"}}, {"type": "Feature", "geometry": {"type": "Point", "coordinates": [2.399137, 48.842172]}, "properties": {"id_parcelle": "75112000BZ0041", "address": "16 RUE DAGORNO", "sales": 46, "median_price": 505000.0, "median_price_per_sqm": 10416.219119226638, "median_rooms": 0.0, "first_sale": "2021-01-29", "last_sale": "2025-10-27"}}, {"type": "Feature", "geometry": {"type": "Point", "coordinates": [2.379285, 48.84838]}, "properties": {"id_parcelle": "75112000EX0061", "address": "24 RUE BECCARIA", "sales": 46, "median_price": 554750.0, "median_price_per_sqm": 10885.197044334975, "median_rooms": 0.0, "first_sale": "2021-02-08", "last_sale": "2025-11-06"}}, {"type": "Feature", "geometry": {"type": "Point", "coordinates": [2.387526, 48.845861]}, "properties": {"id_parcelle": "75112000CT0047", "address": "22 RUE DU COLONEL ROZANOFF", "sales": 45, "median_price": 445000.0, "median_price_per_sqm": 8129.62962962963, "median_rooms": 0.0, "first_sale": "2021-03-26", "last_sale": "2025-09-03"}}, {"type": "Feature", "geometry": {"type": "Point", "coordinates": [2.396936, 48.834931]}, "properties": {"id_parcelle": "75112000BS0024", "address": "5 RUE DE MADAGASCAR", "sales": 45, "median_price": 325000.0, "median_price_per_sqm": 8954.391891891892, "median_rooms": 0.0, "first_sale": "2021-07-01", "last_sale": "2025-09-25"}}, {"type": "Feature", "geometry": {"type": "Point", "coordinates": [2.389886, 48.845598]}, "properties": {"id_parcelle": "75112000CO0006", "address": "73 RUE DE REUILLY", "sales": 45, "median_price": 590000.0, "median_price_per_sqm": 10740.74074074074, "median_rooms": 0.0, "first_sale": "2021-02-01", "last_sale": "2025-09-09"}}, {"type": "Feature", "geometry": {"type": "Point", "coordinates": [2.39773, 48.833505]}, "properties": {"id_parcelle": "75112000BR0039", "address": "27 RUE DES MEUNIERS", "sales": 45, "median_price": 590000.0, "median_price_per_sqm": 8625.0, "median_rooms": 0.0, "first_sale": "2021-01-27", "last_sale": "2025-03-10"}}, {"type": "Feature", "geometry": {"type": "Point", "coordinates": [2.399068, 48.834566]}, "properties": {"id_parcelle": "75112000BR0058", "address": "8 IMP WATTIGNIES", "sales": 44, "median_price": 370000.0, "median_price_per_sqm": 9210.526315789473, "median_rooms": 0.0, "first_sale": "2021-03-29", "last_sale": "2025-09-03"}}, {"type": "Feature", "geometry": {"type": "Point", "coordinates": [2.392346, 48.838634]}, "properties": {"id_parcelle": "75112000CB0062", "address": "24 BD DE REUILLY", "sales": 44, "median_price": 453835.0, "median_price_per_sqm": 8910.714285714286, "median_rooms": 1.0, "first_sale": "2021-03-26", "last_sale": "2025-08-07"}}, {"type": "Feature", "geometry": {"type": "Point", "coordinates": [2.37895, 48.848738]}, "properties": {"id_parcelle": "75112000EX0062", "address": "15 PL D ALIGRE", "sales": 44, "median_price": 735000.0, "median_price_per_sqm": 12061.855670103092, "median_rooms": 0.0, "first_sale": "2021-09-08", "last_sale": "2025-03-31"}}, {"type": "Feature", "geometry": {"type": "Point", "coordinates": [2.408375, 48.840916]}, "properties": {"id_parcelle": "75112000AE0032", "address": "69 BD SOULT", "sales": 44, "median_price": 525267.75, "median_price_per_sqm": 8652.0, "median_rooms": 1.0, "first_sale": "2021-01-15", "last_sale": "2025-01-21"}}, {"type": "Feature", "geometry": {"type": "Point", "coordinates": [2.39512, 48.841058]}, "properties": {"id_parcelle": "75112000CA0046", "address": "121 RUE DE REUILLY", "sales": 44, "median_price": 537000.0, "median_price_per_sqm": 9945.295698924732, "median_rooms": 0.0, "first_sale": "2021-02-16", "last_sale": "2025-09-29"}}, {"type": "Feature", "geometry": {"type": "Point", "coordinates": [2.392017, 48.838203]}, "properties": {"id_parcelle": "75112000CB0069", "address": "13 RUE TAINE", "sales": 43, "median_price": 108000.0, "median_price_per_sqm": 9230.76923076923, "median_rooms": 0.0, "first_sale": "2021-01-28", "last_sale": "2025-12-12"}}, {"type": "Feature", "geometry": {"type": "Point", "coordinates": [2.403953, 48.835172]}, "properties": {"id_parcelle": "75112000AX0020", "address": "20 RUE ERNEST LACOSTE", "sales": 43, "median_price": 500000.0, "median_price_per_sqm": 11065.26799007444, "median_rooms": 1.0, "first_sale": "2021-05-12", "last_sale": "2025-07-11"}}, {"type": "Feature", "geometry": {"type": "Point", "coordinates": [2.38297, 48.844646]}, "properties": {"id_parcelle": "75112000CW0003", "address": "4 PL DU COLONEL BOURGOIN", "sales": 43, "median_price": 1700000.0, "median_price_per_sqm": 28333.333333333332, "median_rooms": 2.0, "first_sale": "2024-03-22", "last_sale": "2024-03-22"}}, {"type": "Feature", "geometry": {"type": "Point", "coordinates": [2.385427, 48.843988]}, "properties": {"id_parcelle": "75112000CV0064", "address": "173 RUE DE CHARENTON", "sales": 43, "median_price": 328571.0, "median_price_per_sqm": 8636.363636363636, "median_rooms": 0.0, "first_sale": "2021-01-08", "last_sale": "2025-09-25"}}, {"type": "Feature", "geometry": {"type": "Point", "coordinates": [2.403331, 48.839973]}, "properties": {"id_parcelle": "75112000AR0010", "address": "117 AV DU GAL MICHEL BIZOT", "sales": 43, "median_price": 585000.0, "median_price_per_sqm": 8986.923076923076, "median_rooms": 2.0, "first_sale": "2021-02-01", "last_sale": "2025-09-02"}}, {"type": "Feature", "geometry": {"type": "Point", "coordinates": [2.375579, 48.842018]}, "properties": {"id_parcelle": "75112000EE0012", "address": "31 RUE VILLIOT", "sales": 43, "median_price": 257550.0, "median_price_per_sqm": 10293.0, "median_rooms": 0.0, "first_sale": "2021-07-01", "last_sale": "2025-12-19"}}, {"type": "Feature", "geometry": {"type": "Point", "coordinates": [2.378781, 48.847043]}, "properties": {"id_parcelle": "75112000EW0024", "address": "5 RUE BECCARIA", "sales": 43, "median_price": 397420.0, "median_price_per_sqm": 9527.397260273972, "median_rooms": 0.0, "first_sale": "2021-03-25", "last_sale": "2025-12-17"}}, {"type": "Feature", "geometry": {"type": "Point", "coordinates": [2.391546, 48.845196]}, "properties": {"id_parcelle": "75112000CO0023", "address": "15 RUE DU SERGENT BAUCHAT", "sales": 43, "median_price": 511000.0, "median_price_per_sqm": 10053.488372093023, "median_rooms": 0.0, "first_sale": "2021-02-08", "last_sale": "2025-06-17"}}, {"type": "Feature", "geometry": {"type": "Point", "coordinates": [2.394872, 48.845001]}, "properties": {"id_parcelle": "75112000CH0024", "address": "34 RUE DE PICPUS", "sales": 42, "median_price": 603750.0, "median_price_per_sqm": 8974.053724053723, "median_rooms": 2.0, "first_sale": "2022-03-21", "last_sale": "2025-10-10"}}, {"type": "Feature", "geometry": {"type": "Point", "coordinates": [2.386574, 48.842786]}, "properties": {"id_parcelle": "75112000CE0024", "address": "6 RUE MONTGALLET", "sales": 42, "median_price": 7000000.0, "median_price_per_sqm": 166666.66666666666, "median_rooms": 0.0, "first_sale": "2023-01-25", "last_sale": "2023-01-25"}}, {"type": "Feature", "geometry": {"type": "Point", "coordinates": [2.40567, 48.841195]}, "properties": {"id_parcelle": "75112000AE0057", "address": "8 RUE DE RAMBERVILLERS", "sales": 42, "median_price": 5385000.0, "median_price_per_sqm": 158382.35294117648, "median_rooms": 0.5, "first_sale": "2024-10-14", "last_sale": "2024-10-14"}}, {"type": "Feature", "geometry": {"type": "Point", "coordinates": [2.401689, 48.838638]}, "properties": {"id_parcelle": "75112000AS0015", "address": "117 RUE DE PICPUS", "sales": 42, "median_price": 383334.0, "median_price_per_sqm": 9557.8446875, "median_rooms": 0.0, "first_sale": "2021-03-02", "last_sale": "2025-07-17"}}, {"type": "Feature", "geometry": {"type": "Point", "coordinates": [2.393893, 48.836275]}, "properties": {"id_parcelle": "75112000BS0004", "address": "20 RUE DE WATTIGNIES", "sales": 42, "median_price": 4380000.0, "median_price_per_sqm": 162222.22222222222, "median_rooms": 1.0, "first_sale": "2021-12-10", "last_sale": "2021-12-10"}}, {"type": "Feature", "geometry": {"type": "Point", "coordinates": [2.390084, 48.837618]}, "properties": {"id_parcelle": "75112000DD0017", "address": "44 RUE CORIOLIS", "sales": 40, "median_price": 306471.5, "median_price_per_sqm": 8666.073529411766, "median_rooms": 1.0, "first_sale": "2021-04-15", "last_sale": "2024-12-20"}}, {"type": "Feature", "geometry": {"type": "Point", "coordinates": [2.382644, 48.844266]}, "properties": {"id_parcelle": "75112000CW0001", "address": "8 RUE DE RAMBOUILLET", "sales": 40, "median_price": 386000.0, "median_price_per_sqm": 9571.875, "median_rooms": 0.0, "first_sale": "2021-01-12", "last_sale": "2025-10-20"}}, {"type": "Feature", "geometry": {"type": "Point", "coordinates": [2.385669, 48.841869]}, "properties": {"id_parcelle": "75112000CZ0007", "address": "120 AV DAUMESNIL", "sales": 40, "median_price": 571600.0, "median_price_per_sqm": 8430.379746835442, "median_rooms": 0.0, "first_sale": "2021-08-20", "last_sale": "2025-11-13"}}, {"type": "Feature", "geometry": {"type": "Point", "coordinates": [2.394933, 48.838388]}, "properties": {"id_parcelle": "75112000BV0004", "address": "33 RUE DE LA BRECHE AUX LOUPS", "sales": 39, "median_price": 374000.0, "median_price_per_sqm": 9461.538461538461, "median_rooms": 0.0, "first_sale": "2021-05-11", "last_sale": "2025-02-07"}}, {"type": "Feature", "geometry": {"type": "Point", "coordinates": [2.404922, 48.836982]}, "properties": {"id_parcelle": "75112000AT0010", "address": "8 RUE DE LA VEGA", "sales": 39, "median_price": 438100.0, "median_price_per_sqm": 9263.11188811189, "median_rooms": 0.0, "first_sale": "2021-03-31", "last_sale": "2025-12-24"}}, {"type": "Feature", "geometry": {"type": "Point", "coordinates": [2.377944, 48.847879]}, "properties": {"id_parcelle": "75112000EW0009", "address": "6 RUE D ALIGRE", "sales": 39, "median_price": 451200.0, "median_price_per_sqm": 11391.304347826086, "median_rooms": 0.0, "first_sale": "2021-04-28", "last_sale": "2025-04-18"}}, {"type": "Feature", "geometry": {"type": "Point", "coordinates": [2.40682, 48.84339]}, "properties": {"id_parcelle": "75112000AH0019", "address": "9 RUE LASSON", "sales": 39, "median_price": 433334.0, "median_price_per_sqm": 9500.545171339563, "median_rooms": 0.0, "first_sale": "2021-09-24", "last_sale": "2025-08-04"}}, {"type": "Feature", "geometry": {"type": "Point", "coordinates": [2.372714, 48.846083]}, "properties": {"id_parcelle": "75112000EM0050", "address": "2 RUE DE LYON", "sales": 39, "median_price": 1600.0, "median_price_per_sqm": 11.11111111111111, "median_rooms": 0.0, "first_sale": "2021-09-29", "last_sale": "2025-11-20"}}, {"type": "Feature", "geometry": {"type": "Point", "coordinates": [2.407532, 48.836977]}, "properties": {"id_parcelle": "75112000AX0049", "address": "23 BD SOULT", "sales": 39, "median_price": 6300000.0, "median_price_per_sqm": 110560.3448275862, "median_rooms": 1.0, "first_sale": "2023-04-13", "last_sale": "2023-04-13"}}, {"type": "Feature", "geometry": {"type": "Point", "coordinates": [2.39172, 48.846161]}, "properties": {"id_parcelle": "75112000CO0008", "address": "1 RUE PIERRE BOURDAN", "sales": 39, "median_price": 678000.0, "median_price_per_sqm": 10240.963855421687, "median_rooms": 0.0, "first_sale": "2022-06-17", "last_sale": "2025-11-20"}}, {"type": "Feature", "geometry": {"type": "Point", "coordinates": [2.404292, 48.838089]}, "properties": {"id_parcelle": "75112000AS0049", "address": "100 AV DU GAL MICHEL BIZOT", "sales": 38, "median_price": 100000.0, "median_price_per_sqm": 11028.666666666666, "median_rooms": 0.0, "first_sale": "2021-05-05", "last_sale": "2025-06-10"}}, {"type": "Feature", "geometry": {"type": "Point", "coordinates": [2.401601, 48.837814]}, "properties": {"id_parcelle": "75112000BX0016", "address": "245 AV DAUMESNIL", "sales": 38, "median_price": 570000.0, "median_price_per_sqm": 10215.040773180308, "median_rooms": 0.0, "first_sale": "2021-02-11", "last_sale": "2025-09-04"}}, {"type": "Feature", "geometry": {"type": "Point", "coordinates": [2.393427, 48.84123]}, "properties": {"id_parcelle": "75112000CD0034", "address": "102 RUE DE REUILLY", "sales": 38, "median_price": 116250.0, "median_price_per_sqm": 6167.676363636364, "median_rooms": 1.0, "first_sale": "2021-05-20", "last_sale": "2025-09-01"}}, {"type": "Feature", "geometry": {"type": "Point", "coordinates": [2.392157, 48.845588]}, "properties": {"id_parcelle": "75112000CO0024", "address": "23 RUE DU SERGENT BAUCHAT", "sales": 37, "median_price": 612000.0, "median_price_per_sqm": 9350.493979623341, "median_rooms": 0.0, "first_sale": "2021-01-28", "last_sale": "2025-05-22"}}, {"type": "Feature", "geometry": {"type": "Point", "coordinates": [2.376821, 48.847301]}, "properties": {"id_parcelle": "75112000EW0078", "address": "106 RUE DE CHARENTON", "sales": 37, "median_price": 660000.0, "median_price_per_sqm": 10363.636363636364, "median_rooms": 0.0, "first_sale": "2021-01-28", "last_sale": "2025-10-20"}}, {"type": "Feature", "geometry": {"type": "Point", "coordinates": [2.393045, 48.837433]}, "properties": {"id_parcelle": "75112000BT0018", "address": "15 RUE DE LA LANCETTE", "sales": 37, "median_price": 232000.0, "median_price_per_sqm": 10773.809523809523, "median_rooms": 0.0, "first_sale": "2022-03-21", "last_sale": "2025-03-28"}}, {"type": "Feature", "geometry": {"type": "Point", "coordinates": [2.404539, 48.838961]}, "properties": {"id_parcelle": "75112000AS0041", "address": "110 AV DU GAL MICHEL BIZOT", "sales": 36, "median_price": 360200.0, "median_price_per_sqm": 9222.297602894618, "median_rooms": 0.0, "first_sale": "2021-02-04", "last_sale": "2025-08-28"}}, {"type": "Feature", "geometry": {"type": "Point", "coordinates": [2.405315, 48.837345]}, "properties": {"id_parcelle": "75112000AT0052", "address": "12 RUE DE LA VEGA", "sales": 36, "median_price": 730000.0, "median_price_per_sqm": 10393.745098039215, "median_rooms": 0.0, "first_sale": "2021-02-25", "last_sale": "2025-12-23"}}, {"type": "Feature", "geometry": {"type": "Point", "coordinates": [2.369407, 48.847169]}, "properties": {"id_parcelle": "75112000EO0035", "address": "25 AV LEDRU ROLLIN", "sales": 36, "median_price": 755000.0, "median_price_per_sqm": 8919.68085106383, "median_rooms": 0.0, "first_sale": "2021-07-01", "last_sale": "2025-05-28"}}, {"type": "Feature", "geometry": {"type": "Point", "coordinates": [2.402124, 48.838737]}, "properties": {"id_parcelle": "75112000AS0014", "address": "15 RUE DE TOUL", "sales": 36, "median_price": 516211.0, "median_price_per_sqm": 9687.5, "median_rooms": 0.0, "first_sale": "2021-02-01", "last_sale": "2025-04-28"}}, {"type": "Feature", "geometry": {"type": "Point", "coordinates": [2.398369, 48.837943]}, "properties": {"id_parcelle": "75112000BX0076", "address": "8 RUE CANNEBIERE", "sales": 36, "median_price": 675000.0, "median_price_per_sqm": 8653.036758563074, "median_rooms": 0.5, "first_sale": "2021-01-11", "last_sale": "2025-07-18"}}, {"type": "Feature", "geometry": {"type": "Point", "coordinates": [2.38293, 48.836696]}, "properties": {"id_parcelle": "75112000DZ0044", "address": "46 RUE PAUL BELMONDO", "sales": 35, "median_price": 711500.0, "median_price_per_sqm": 11191.467727674624, "median_rooms": 0.0, "first_sale": "2021-07-16", "last_sale": "2025-10-28"}}, {"type": "Feature", "geometry": {"type": "Point", "coordinates": [2.37436, 48.850217]}, "properties": {"id_parcelle": "75112000ET0006", "address": "75 AV LEDRU ROLLIN", "sales": 35, "median_price": 525500.0, "median_price_per_sqm": 10280.833333333332, "median_rooms": 1.0, "first_sale": "2021-03-01", "last_sale": "2025-07-11"}}, {"type": "Feature", "geometry": {"type": "Point", "coordinates": [2.394437, 48.838236]}, "properties": {"id_parcelle": "75112000BV0003", "address": "2 RUE DE LA DURANCE", "sales": 34, "median_price": 464400.0, "median_price_per_sqm": 8778.688524590165, "median_rooms": 0.0, "first_sale": "2021-12-23", "last_sale": "2025-11-17"}}, {"type": "Feature", "geometry": {"type": "Point", "coordinates": [2.39446, 48.838881]}, "properties": {"id_parcelle": "75112000BV0005", "address": "38 RUE TAINE", "sales": 34, "median_price": 493500.0, "median_price_per_sqm": 10687.559523809523, "median_rooms": 1.0, "first_sale": "2021-03-11", "last_sale": "2025-10-20"}}, {"type": "Feature", "geometry": {"type": "Point", "coordinates": [2.383048, 48.837745]}, "properties": {"id_parcelle": "75112000DB0029", "address": "62 RUE DE BERCY", "sales": 34, "median_price": 344867.0, "median_price_per_sqm": 9402.173913043478, "median_rooms": 0.0, "first_sale": "2021-09-16", "last_sale": "2025-07-17"}}, {"type": "Feature", "geometry": {"type": "Point", "coordinates": [2.376366, 48.846587]}, "properties": {"id_parcelle": "75112000EW0058", "address": "38 AV DAUMESNIL", "sales": 34, "median_price": 549900.0, "median_price_per_sqm": 10850.892857142857, "median_rooms": 0.5, "first_sale": "2021-10-15", "last_sale": "2025-11-07"}}, {"type": "Feature", "geometry": {"type": "Point", "coordinates": [2.390888, 48.8384]}, "properties": {"id_parcelle": "75112000CB0078", "address": "223 RUE DE CHARENTON", "sales": 34, "median_price": 281000.0, "median_price_per_sqm": 9708.333333333332, "median_rooms": 2.0, "first_sale": "2021-01-20", "last_sale": "2025-09-10"}}, {"type": "Feature", "geometry": {"type": "Point", "coordinates": [2.409732, 48.845947]}, "properties": {"id_parcelle": "75112000AI0053", "address": "29 RUE MONTERA", "sales": 34, "median_price": 329165.0, "median_price_per_sqm": 7155.760869565217, "median_rooms": 0.0, "first_sale": "2021-05-25", "last_sale": "2025-05-27"}}, {"type": "Feature", "geometry": {"type": "Point", "coordinates": [2.374789, 48.85086]}, "properties": {"id_parcelle": "75112000ET0011", "address": "81 AV LEDRU ROLLIN", "sales": 33, "median_price": 820200.0, "median_price_per_sqm": 12503.061224489797, "median_rooms": 0.0, "first_sale": "2021-09-17", "last_sale": "2025-12-11"}}, {"type": "Feature", "geometry": {"type": "Point", "coordinates": [2.396193, 48.846508]}, "properties": {"id_parcelle": "75112000CM0030", "address": "8 RUE FABRE D EGLANTINE", "sales": 33, "median_price": 695000.0, "median_price_per_sqm": 10169.565217391304, "median_rooms": 0.0, "first_sale": "2021-02-19", "last_sale": "2025-11-13"}}, {"type": "Feature", "geometry": {"type": "Point", "coordinates": [2.388555, 48.846759]}, "properties": {"id_parcelle": "75112000CP0013", "address": "6 CRS ST ELOI", "sales": 33, "median_price": 250000.0, "median_price_per_sqm": 9695.652173913044, "median_rooms": 0.0, "first_sale": "2021-06-03", "last_sale": "2025-08-25"}}, {"type": "Feature", "geometry": {"type": "Point", "coordinates": [2.395881, 48.840157]}, "properties": {"id_parcelle": "75112000CA0021", "address": "5 PL FELIX EBOUE", "sales": 33, "median_price": 487500.0, "median_price_per_sqm": 11135.416666666668, "median_rooms": 0.0, "first_sale": "2021-11-10", "last_sale": "2025-05-16"}}, {"type": "Feature", "geometry": {"type": "Point", "coordinates": [2.394853, 48.846181]}, "properties": {"id_parcelle": "75112000CM0016", "address": "23 RUE DE PICPUS", "sales": 33, "median_price": 1800000.0, "median_price_per_sqm": null, "median_rooms": 0.0, "first_sale": "2024-10-01", "last_sale": "2024-10-01"}}, {"type": "Feature", "geometry": {"type": "Point", "coordinates": [2.393528, 48.835314]}, "properties": {"id_parcelle": "75112000BS0049", "address": "12 RUE NICOLAI", "sales": 33, "median_price": 620800.0, "median_price_per_sqm": 8587.09677419355, "median_rooms": 0.0, "first_sale": "2021-07-07", "last_sale": "2025-11-14"}}, {"type": "Feature", "geometry": {"type": "Point", "coordinates": [2.400843, 48.847161]}, "properties": {"id_parcelle": "75112000AA0019", "address": "66 RUE DU RENDEZ VOUS", "sales": 32, "median_price": 985000.0, "median_price_per_sqm": 10154.639175257733, "median_rooms": 0.0, "first_sale": "2021-06-25", "last_sale": "2025-11-05"}}, {"type": "Feature", "geometry": {"type": "Point", "coordinates": [2.379536, 48.847174]}, "properties": {"id_parcelle": "75112000EZ0004", "address": "12 RUE BECCARIA", "sales": 32, "median_price": 738000.0, "median_price_per_sqm": 10848.392237442924, "median_rooms": 0.0, "first_sale": "2021-01-22", "last_sale": "2024-10-15"}}, {"type": "Feature", "geometry": {"type": "Point", "coordinates": [2.397999, 48.84255]}, "properties": {"id_parcelle": "75112000BZ0001", "address": "59 RUE DE PICPUS", "sales": 32, "median_price": 470675.0, "median_price_per_sqm": 9670.346320346322, "median_rooms": 0.0, "first_sale": "2021-02-05", "last_sale": "2025-08-01"}}, {"type": "Feature", "geometry": {"type": "Point", "coordinates": [2.374206, 48.84885]}, "properties": {"id_parcelle": "75112000EV0031", "address": "59 RUE TRAVERSIERE", "sales": 32, "median_price": 1180000.0, "median_price_per_sqm": 24833.83361921098, "median_rooms": 0.5, "first_sale": "2023-07-31", "last_sale": "2025-07-07"}}, {"type": "Feature", "geometry": {"type": "Point", "coordinates": [2.378041, 48.848372]}, "properties": {"id_parcelle": "75112000EW0011", "address": "14 RUE D ALIGRE", "sales": 32, "median_price": 520000.0, "median_price_per_sqm": 12271.938775510203, "median_rooms": 0.0, "first_sale": "2021-03-01", "last_sale": "2025-09-03"}}, {"type": "Feature", "geometry": {"type": "Point", "coordinates": [2.408887, 48.842336]}, "properties": {"id_parcelle": "75112000AE0017", "address": "89 BD SOULT", "sales": 32, "median_price": 177325.5, "median_price_per_sqm": 9566.027027027027, "median_rooms": 0.0, "first_sale": "2021-01-06", "last_sale": "2025-12-23"}}, {"type": "Feature", "geometry": {"type": "Point", "coordinates": [2.388524, 48.839217]}, "properties": {"id_parcelle": "75112000DA0030", "address": "236 RUE DE CHARENTON", "sales": 32, "median_price": 500000.0, "median_price_per_sqm": 8660.377358490567, "median_rooms": 0.0, "first_sale": "2021-09-06", "last_sale": "2025-10-22"}}, {"type": "Feature", "geometry": {"type": "Point", "coordinates": [2.404629, 48.839608]}, "properties": {"id_parcelle": "75112000AR0017", "address": "118 AV DU GAL MICHEL BIZOT", "sales": 32, "median_price": 530000.0, "median_price_per_sqm": 8126.540492957747, "median_rooms": 0.0, "first_sale": "2021-03-09", "last_sale": "2025-09-30"}}, {"type": "Feature", "geometry": {"type": "Point", "coordinates": [2.388094, 48.846555]}, "properties": {"id_parcelle": "75112000CP0012", "address": "41 RUE DE REUILLY", "sales": 31, "median_price": 337000.0, "median_price_per_sqm": 10270.27027027027, "median_rooms": 0.0, "first_sale": "2021-05-05", "last_sale": "2025-06-23"}}, {"type": "Feature", "geometry": {"type": "Point", "coordinates": [2.393533, 48.846406]}, "properties": {"id_parcelle": "75112000CO0066", "address": "6 RUE MARIE BENOIST", "sales": 31, "median_price": 300.0, "median_price_per_sqm": 12.5, "median_rooms": 1.0, "first_sale": "2022-12-22", "last_sale": "2024-07-30"}}, {"type": "Feature", "geometry": {"type": "Point", "coordinates": [2.400006, 48.840811]}, "properties": {"id_parcelle": "75112000BZ0031", "address": "9 BD DE PICPUS", "sales": 31, "median_price": 239000.0, "median_price_per_sqm": 9977.272727272728, "median_rooms": 1.0, "first_sale": "2021-03-02", "last_sale": "2025-09-30"}}, {"type": "Feature", "geometry": {"type": "Point", "coordinates": [2.400572, 48.834073]}, "properties": {"id_parcelle": "75112000BN0025", "address": "13 RUE CLAUDE DECAEN", "sales": 31, "median_price": 600000.0, "median_price_per_sqm": 9686.046511627907, "median_rooms": 0.0, "first_sale": "2021-01-26", "last_sale": "2025-11-24"}}, {"type": "Feature", "geometry": {"type": "Point", "coordinates": [2.398875, 48.835685]}, "properties": {"id_parcelle": "75112000BP0026", "address": "25 RUE DE FECAMP", "sales": 31, "median_price": 850000.0, "median_price_per_sqm": 10322.58064516129, "median_rooms": 0.0, "first_sale": "2022-06-02", "last_sale": "2025-11-27"}}, {"type": "Feature", "geometry": {"type": "Point", "coordinates": [2.403966, 48.839569]}, "properties": {"id_parcelle": "75112000AR0025", "address": "111 AV DU GAL MICHEL BIZOT", "sales": 30, "median_price": 355900.0, "median_price_per_sqm": 9125.0, "median_rooms": 2.0, "first_sale": "2022-06-17", "last_sale": "2025-07-08"}}, {"type": "Feature", "geometry": {"type": "Point", "coordinates": [2.400002, 48.844722]}, "properties": {"id_parcelle": "75112000CK0004", "address": "32 AV DE SAINT-MANDE", "sales": 30, "median_price": 860000.0, "median_price_per_sqm": 10555.555555555555, "median_rooms": 0.0, "first_sale": "2021-04-26", "last_sale": "2025-12-30"}}, {"type": "Feature", "geometry": {"type": "Point", "coordinates": [2.378948, 48.849199]}, "properties": {"id_parcelle": "75112000EX0088", "address": "13 PL D ALIGRE", "sales": 30, "median_price": 500000.0, "median_price_per_sqm": 11627.906976744185, "median_rooms": 0.0, "first_sale": "2021-08-24", "last_sale": "2025-07-07"}}, {"type": "Feature", "geometry": {"type": "Point", "coordinates": [2.409271, 48.84494]}, "properties": {"id_parcelle": "75112000AI0152", "address": "12 RUE DU GABON", "sales": 29, "median_price": 298000.0, "median_price_per_sqm": 9437.878787878788, "median_rooms": 2.0, "first_sale": "2021-09-10", "last_sale": "2025-06-26"}}, {"type": "Feature", "geometry": {"type": "Point", "coordinates": [2.408584, 48.841464]}, "properties": {"id_parcelle": "75112000AE0031", "address": "75 BD SOULT", "sales": 29, "median_price": 468000.0, "median_price_per_sqm": 7843.818253968254, "median_rooms": 0.0, "first_sale": "2021-04-27", "last_sale": "2025-10-28"}}, {"type": "Feature", "geometry": {"type": "Point", "coordinates": [2.379889, 48.849472]}, "properties": {"id_parcelle": "75112000EY0031", "address": "62 RUE CROZATIER", "sales": 29, "median_price": 2830189.0, "median_price_per_sqm": 99580.72407407407, "median_rooms": 0.0, "first_sale": "2025-05-16", "last_sale": "2025-05-16"}}, {"type": "Feature", "geometry": {"type": "Point", "coordinates": [2.380692, 48.84898]}, "properties": {"id_parcelle": "75112000EY0038", "address": "29 RUE DE CITEAUX", "sales": 29, "median_price": 180000.0, "median_price_per_sqm": 10000.0, "median_rooms": 0.0, "first_sale": "2021-05-12", "last_sale": "2025-11-05"}}, {"type": "Feature", "geometry": {"type": "Point", "coordinates": [2.400204, 48.842068]}, "properties": {"id_parcelle": "75112000BZ0039", "address": "17 BD DE PICPUS", "sales": 29, "median_price": 289000.0, "median_price_per_sqm": 11212.121212121212, "median_rooms": 0.0, "first_sale": "2021-01-08", "last_sale": "2025-07-29"}}, {"type": "Feature", "geometry": {"type": "Point", "coordinates": [2.379538, 48.850046]}, "properties": {"id_parcelle": "75112000EY0015", "address": "72 RUE CROZATIER", "sales": 29, "median_price": 619000.0, "median_price_per_sqm": 11096.153846153846, "median_rooms": 1.0, "first_sale": "2021-02-24", "last_sale": "2025-07-29"}}, {"type": "Feature", "geometry": {"type": "Point", "coordinates": [2.401931, 48.839931]}, "properties": {"id_parcelle": "75112000AR0056", "address": "33 RUE DE TOUL", "sales": 29, "median_price": 235000.0, "median_price_per_sqm": 9690.016103059581, "median_rooms": 0.0, "first_sale": "2021-02-11", "last_sale": "2025-10-09"}}, {"type": "Feature", "geometry": {"type": "Point", "coordinates": [2.396672, 48.83887]}, "properties": {"id_parcelle": "75112000BV0029", "address": "176 AV DAUMESNIL", "sales": 29, "median_price": 701500.0, "median_price_per_sqm": 12923.076923076924, "median_rooms": 2.0, "first_sale": "2023-09-04", "last_sale": "2025-09-25"}}, {"type": "Feature", "geometry": {"type": "Point", "coordinates": [2.398539, 48.841943]}, "properties": {"id_parcelle": "75112000BZ0042", "address": "67 RUE DE PICPUS", "sales": 28, "median_price": 225000.0, "median_price_per_sqm": 7682.0, "median_rooms": 0.0, "first_sale": "2021-08-24", "last_sale": "2025-05-19"}}, {"type": "Feature", "geometry": {"type": "Point", "coordinates": [2.399621, 48.836196]}, "properties": {"id_parcelle": "75112000BX0045", "address": "37 RUE DE FECAMP", "sales": 28, "median_price": 301050.0, "median_price_per_sqm": 9354.838709677419, "median_rooms": 1.0, "first_sale": "2021-01-29", "last_sale": "2025-10-31"}}, {"type": "Feature", "geometry": {"type": "Point", "coordinates": [2.394519, 48.836468]}, "properties": {"id_parcelle": "75112000BT0030", "address": "27 RUE DE WATTIGNIES", "sales": 28, "median_price": 528000.0, "median_price_per_sqm": 8469.87951807229, "median_rooms": 0.0, "first_sale": "2021-01-05", "last_sale": "2025-04-23"}}, {"type": "Feature", "geometry": {"type": "Point", "coordinates": [2.404427, 48.834527]}, "properties": {"id_parcelle": "75112000AX0084", "address": "99 BD PONIATOWSKI", "sales": 28, "median_price": 550000.0, "median_price_per_sqm": 16176.470588235294, "median_rooms": 1.0, "first_sale": "2023-05-09", "last_sale": "2023-05-09"}}, {"type": "Feature", "geometry": {"type": "Point", "coordinates": [2.392279, 48.837061]}, "properties": {"id_parcelle": "75112000BT0053", "address": "3 RUE DE WATTIGNIES", "sales": 28, "median_price": 405750.0, "median_price_per_sqm": 8585.831721470018, "median_rooms": 1.0, "first_sale": "2021-01-20", "last_sale": "2024-10-09"}}, {"type": "Feature", "geometry": {"type": "Point", "coordinates": [2.370325, 48.844588]}, "properties": {"id_parcelle": "75112000EK0024", "address": "78 QUAI DE LA RAPEE", "sales": 28, "median_price": 242500.0, "median_price_per_sqm": 9977.777777777777, "median_rooms": 1.0, "first_sale": "2021-03-02", "last_sale": "2025-11-04"}}, {"type": "Feature", "geometry": {"type": "Point", "coordinates": [2.396651, 48.839863]}, "properties": {"id_parcelle": "75112000BY0001", "address": "2 RUE LAMBLARDIE", "sales": 28, "median_price": 10000000.0, "median_price_per_sqm": 64935.06493506493, "median_rooms": 0.0, "first_sale": "2024-07-01", "last_sale": "2024-07-01"}}, {"type": "Feature", "geometry": {"type": "Point", "coordinates": [2.380274, 48.846207]}, "properties": {"id_parcelle": "75112000HA0107", "address": "58 BD DIDEROT", "sales": 27, "median_price": 180000.0, "median_price_per_sqm": 8475.36231884058, "median_rooms": 1.0, "first_sale": "2021-04-27", "last_sale": "2025-06-27"}}, {"type": "Feature", "geometry": {"type": "Point", "coordinates": [2.399052, 48.838791]}, "properties": {"id_parcelle": "75112000BY0081", "address": "211 AV DAUMESNIL", "sales": 27, "median_price": 587000.0, "median_price_per_sqm": 8395.833333333334, "median_rooms": 0.0, "first_sale": "2021-06-28", "last_sale": "2025-08-06"}}, {"type": "Feature", "geometry": {"type": "Point", "coordinates": [2.404563, 48.844421]}, "properties": {"id_parcelle": "75112000AC0016", "address": "78 AV DE SAINT-MANDE", "sales": 27, "median_price": 260000.0, "median_price_per_sqm": 8785.714285714286, "median_rooms": 0.0, "first_sale": "2021-03-29", "last_sale": "2025-06-24"}}, {"type": "Feature", "geometry": {"type": "Point", "coordinates": [2.368386, 48.847059]}, "properties": {"id_parcelle": "75112000EL0059", "address": "245 RUE DE BERCY", "sales": 27, "median_price": 760000.0, "median_price_per_sqm": 10714.285714285714, "median_rooms": 0.0, "first_sale": "2021-02-19", "last_sale": "2025-11-05"}}, {"type": "Feature", "geometry": {"type": "Point", "coordinates": [2.377687, 48.845571]}, "properties": {"id_parcelle": "75112000HB0051", "address": "3 RUE GUILLAUMOT", "sales": 27, "median_price": 450000.0, "median_price_per_sqm": 10510.612086903304, "median_rooms": 1.0, "first_sale": "2021-05-20", "last_sale": "2025-03-28"}}, {"type": "Feature", "geometry": {"type": "Point", "coordinates": [2.40501, 48.838157]}, "properties": {"id_parcelle": "75112000AS0055", "address": "11 RUE ROTTEMBOURG", "sales": 27, "median_price": 271300.0, "median_price_per_sqm": 8643.288288288288, "median_rooms": 0.0, "first_sale": "2021-03-19", "last_sale": "2025-09-24"}}, {"type": "Feature", "geometry": {"type": "Point", "coordinates": [2.395452, 48.838754]}, "properties": {"id_parcelle": "75112000BV0015", "address": "103 RUE CLAUDE DECAEN", "sales": 27, "median_price": 701000.0, "median_price_per_sqm": 11347.474747474747, "median_rooms": 0.0, "first_sale": "2021-01-20", "last_sale": "2024-07-03"}}, {"type": "Feature", "geometry": {"type": "Point", "coordinates": [2.373907, 48.849684]}, "properties": {"id_parcelle": "75112000EV0020", "address": "71 AV LEDRU ROLLIN", "sales": 27, "median_price": 504000.0, "median_price_per_sqm": 9000.0, "median_rooms": 0.0, "first_sale": "2021-04-29", "last_sale": "2025-12-08"}}, {"type": "Feature", "geometry": {"type": "Point", "coordinates": [2.383332, 48.844104]}, "properties": {"id_parcelle": "75112000CW0010", "address": "172 RUE DE CHARENTON", "sales": 27, "median_price": 500000.0, "median_price_per_sqm": 10248.888888888889, "median_rooms": 0.0, "first_sale": "2021-09-15", "last_sale": "2025-06-26"}}, {"type": "Feature", "geometry": {"type": "Point", "coordinates": [2.398597, 48.83637]}, "properties": {"id_parcelle": "75112000BP0003", "address": "51 RUE CLAUDE DECAEN", "sales": 27, "median_price": 5500000.0, "median_price_per_sqm": 130952.38095238095, "median_rooms": 1.0, "first_sale": "2024-03-26", "last_sale": "2024-03-26"}}, {"type": "Feature", "geometry": {"type": "Point", "coordinates": [2.406623, 48.845547]}, "properties": {"id_parcelle": "75112000AI0016", "address": "13 RUE DE LA VOUTE", "sales": 27, "median_price": 267200.0, "median_price_per_sqm": 8862.489486963834, "median_rooms": 0.0, "first_sale": "2021-05-18", "last_sale": "2025-11-13"}}, {"type": "Feature", "geometry": {"type": "Point", "coordinates": [2.403362, 48.837818]}, "properties": {"id_parcelle": "75112000AS0025", "address": "87 AV DU GAL MICHEL BIZOT", "sales": 27, "median_price": 406250.0, "median_price_per_sqm": 7932.203389830508, "median_rooms": 0.0, "first_sale": "2022-01-28", "last_sale": "2025-12-30"}}, {"type": "Feature", "geometry": {"type": "Point", "coordinates": [2.367977, 48.846601]}, "properties": {"id_parcelle": "75112000EL0030", "address": "4 SQ GEORGES LESAGE", "sales": 26, "median_price": 10100000.0, "median_price_per_sqm": 62345.67901234568, "median_rooms": 0.0, "first_sale": "2024-06-11", "last_sale": "2024-06-11"}}, {"type": "Feature", "geometry": {"type": "Point", "coordinates": [2.400918, 48.838168]}, "properties": {"id_parcelle": "75112000BX0012", "address": "233 AV DAUMESNIL", "sales": 26, "median_price": 230000.0, "median_price_per_sqm": 10735.29411764706, "median_rooms": 0.5, "first_sale": "2021-06-09", "last_sale": "2025-11-14"}}, {"type": "Feature", "geometry": {"type": "Point", "coordinates": [2.378447, 48.846612]}, "properties": {"id_parcelle": "75112000EW0029", "address": "37 BD DIDEROT", "sales": 26, "median_price": 480000.0, "median_price_per_sqm": 16800.0, "median_rooms": 0.0, "first_sale": "2024-10-04", "last_sale": "2025-07-31"}}, {"type": "Feature", "geometry": {"type": "Point", "coordinates": [2.377472, 48.846872]}, "properties": {"id_parcelle": "75112000EW0034", "address": "22 RUE HECTOR MALOT", "sales": 26, "median_price": 375600.0, "median_price_per_sqm": 9406.071428571428, "median_rooms": 1.5, "first_sale": "2021-01-15", "last_sale": "2025-09-26"}}, {"type": "Feature", "geometry": {"type": "Point", "coordinates": [2.380695, 48.849083]}, "properties": {"id_parcelle": "75112000EY0035", "address": "31 RUE DE CITEAUX", "sales": 25, "median_price": 319000.0, "median_price_per_sqm": 9848.045905707197, "median_rooms": 1.0, "first_sale": "2021-03-05", "last_sale": "2025-05-12"}}, {"type": "Feature", "geometry": {"type": "Point", "coordinates": [2.387695, 48.843169]}, "properties": {"id_parcelle": "75112000CE0054", "address": "23 RUE JACQUES HILLAIRET", "sales": 25, "median_price": 397400.0, "median_price_per_sqm": 9688.461538461539, "median_rooms": 0.0, "first_sale": "2021-07-01", "last_sale": "2025-11-28"}}, {"type": "Feature", "geometry": {"type": "Point", "coordinates": [2.392538, 48.83775]}, "properties": {"id_parcelle": "75112000BT0007", "address": "14 RUE TAINE", "sales": 25, "median_price": 30000.0, "median_price_per_sqm": 13404.48113207547, "median_rooms": 0.0, "first_sale": "2021-03-29", "last_sale": "2025-10-08"}}, {"type": "Feature", "geometry": {"type": "Point", "coordinates": [2.386112, 48.848757]}, "properties": {"id_parcelle": "75112000CS0018", "address": "19 RUE DE REUILLY", "sales": 25, "median_price": 285000.0, "median_price_per_sqm": 10402.777777777777, "median_rooms": 1.0, "first_sale": "2021-03-31", "last_sale": "2025-02-07"}}, {"type": "Feature", "geometry": {"type": "Point", "coordinates": [2.395339, 48.835702]}, "properties": {"id_parcelle": "75112000BS0015", "address": "54 RUE DES MEUNIERS", "sales": 25, "median_price": 519000.0, "median_price_per_sqm": 8251.552795031057, "median_rooms": 0.0, "first_sale": "2021-03-30", "last_sale": "2025-12-08"}}, {"type": "Feature", "geometry": {"type": "Point", "coordinates": [2.372943, 48.849669]}, "properties": {"id_parcelle": "75112000EV0008", "address": "14 RUE MOREAU", "sales": 25, "median_price": 299000.0, "median_price_per_sqm": 9457.831325301206, "median_rooms": 1.0, "first_sale": "2021-03-03", "last_sale": "2025-08-01"}}, {"type": "Feature", "geometry": {"type": "Point", "coordinates": [2.392444, 48.837697]}, "properties": {"id_parcelle": "75112000BT0008", "address": "12 RUE TAINE", "sales": 25, "median_price": 440000.0, "median_price_per_sqm": 10040.0, "median_rooms": 1.0, "first_sale": "2021-07-29", "last_sale": "2024-08-01"}}, {"type": "Feature", "geometry": {"type": "Point", "coordinates": [2.392818, 48.835893]}, "properties": {"id_parcelle": "75112000BS0058", "address": "261 RUE DE CHARENTON", "sales": 25, "median_price": 320000.0, "median_price_per_sqm": 8579.545454545454, "median_rooms": 0.0, "first_sale": "2021-01-22", "last_sale": "2025-09-29"}}, {"type": "Feature", "geometry": {"type": "Point", "coordinates": [2.408831, 48.846078]}, "properties": {"id_parcelle": "75112000AI0082", "address": "40 RUE DE LA VOUTE", "sales": 25, "median_price": 245000.0, "median_price_per_sqm": 8653.846153846154, "median_rooms": 0.0, "first_sale": "2021-04-30", "last_sale": "2024-09-11"}}, {"type": "Feature", "geometry": {"type": "Point", "coordinates": [2.401665, 48.839476]}, "properties": {"id_parcelle": "75112000AR0036", "address": "14 RUE LOUIS BRAILLE", "sales": 25, "median_price": 399899.0, "median_price_per_sqm": 7377.049180327869, "median_rooms": 0.0, "first_sale": "2021-05-05", "last_sale": "2025-11-19"}}, {"type": "Feature", "geometry": {"type": "Point", "coordinates": [2.371607, 48.848407]}, "properties": {"id_parcelle": "75112000EN0013", "address": "22 RUE DE LYON", "sales": 25, "median_price": 1140000.0, "median_price_per_sqm": 12105.263157894737, "median_rooms": 3.0, "first_sale": "2021-07-09", "last_sale": "2025-02-14"}}, {"type": "Feature", "geometry": {"type": "Point", "coordinates": [2.395576, 48.836501]}, "properties": {"id_parcelle": "75112000BW0011", "address": "34 RUE NICOLAI", "sales": 24, "median_price": 648500.0, "median_price_per_sqm": 9264.285714285714, "median_rooms": 0.0, "first_sale": "2021-07-15", "last_sale": "2025-09-30"}}, {"type": "Feature", "geometry": {"type": "Point", "coordinates": [2.367515, 48.846683]}, "properties": {"id_parcelle": "75112000EL0038", "address": "4 BD DE LA BASTILLE", "sales": 24, "median_price": 425000.0, "median_price_per_sqm": 9444.503187684651, "median_rooms": 0.0, "first_sale": "2021-01-18", "last_sale": "2025-07-21"}}, {"type": "Feature", "geometry": {"type": "Point", "coordinates": [2.382691, 48.843427]}, "properties": {"id_parcelle": "75112000CW0040", "address": "86 AV DAUMESNIL", "sales": 24, "median_price": 640141.75, "median_price_per_sqm": 9333.308845136646, "median_rooms": 0.0, "first_sale": "2021-01-12", "last_sale": "2025-07-18"}}, {"type": "Feature", "geometry": {"type": "Point", "coordinates": [2.369026, 48.84857]}, "properties": {"id_parcelle": "75112000EO0041", "address": "8 RUE JULES CESAR", "sales": 24, "median_price": 1495000.0, "median_price_per_sqm": 16230.70607553366, "median_rooms": 0.0, "first_sale": "2021-12-03", "last_sale": "2025-06-23"}}, {"type": "Feature", "geometry": {"type": "Point", "coordinates": [2.375302, 48.851132]}, "properties": {"id_parcelle": "75112000ET0019", "address": "94 RUE DU FBG ST ANTOINE", "sales": 24, "median_price": 640810.5, "median_price_per_sqm": 9756.756756756757, "median_rooms": 1.0, "first_sale": "2021-04-02", "last_sale": "2025-07-22"}}, {"type": "Feature", "geometry": {"type": "Point", "coordinates": [2.374366, 48.847221]}, "properties": {"id_parcelle": "75112000EN0105", "address": "13 RUE PARROT", "sales": 24, "median_price": 1000000.0, "median_price_per_sqm": 11595.238095238095, "median_rooms": 0.0, "first_sale": "2021-11-17", "last_sale": "2024-06-27"}}, {"type": "Feature", "geometry": {"type": "Point", "coordinates": [2.401953, 48.842482]}, "properties": {"id_parcelle": "75112000AD0009", "address": "38 BD DE PICPUS", "sales": 24, "median_price": 133450.0, "median_price_per_sqm": 9390.322580645161, "median_rooms": 0.0, "first_sale": "2021-05-27", "last_sale": "2025-12-04"}}, {"type": "Feature", "geometry": {"type": "Point", "coordinates": [2.402099, 48.837886]}, "properties": {"id_parcelle": "75112000AS0022", "address": "131 RUE DE PICPUS", "sales": 23, "median_price": 395000.0, "median_price_per_sqm": 9228.316326530612, "median_rooms": 0.0, "first_sale": "2021-12-20", "last_sale": "2025-08-29"}}, {"type": "Feature", "geometry": {"type": "Point", "coordinates": [2.407099, 48.844329]}, "properties": {"id_parcelle": "75112000AH0057", "address": "24 RUE DU NIGER", "sales": 23, "median_price": 590000.0, "median_price_per_sqm": 21691.176470588234, "median_rooms": 2.0, "first_sale": "2021-03-25", "last_sale": "2024-06-14"}}, {"type": "Feature", "geometry": {"type": "Point", "coordinates": [2.401362, 48.847405]}, "properties": {"id_parcelle": "75112000AA0021", "address": "28 CRS DE VINCENNES", "sales": 23, "median_price": 300572.53, "median_price_per_sqm": 9571.42857142857, "median_rooms": 1.0, "first_sale": "2021-02-12", "last_sale": "2025-06-18"}}, {"type": "Feature", "geometry": {"type": "Point", "coordinates": [2.409148, 48.844018]}, "properties": {"id_parcelle": "75112000AH0049", "address": "102 AV DE SAINT-MANDE", "sales": 23, "median_price": 388000.0, "median_price_per_sqm": 10000.0, "median_rooms": 1.0, "first_sale": "2021-07-02", "last_sale": "2025-07-22"}}, {"type": "Feature", "geometry": {"type": "Point", "coordinates": [2.396591, 48.835983]}, "properties": {"id_parcelle": "75112000BW0004", "address": "45 RUE DE WATTIGNIES", "sales": 23, "median_price": 335000.0, "median_price_per_sqm": 9137.362637362638, "median_rooms": 1.0, "first_sale": "2021-01-21", "last_sale": "2025-10-15"}}, {"type": "Feature", "geometry": {"type": "Point", "coordinates": [2.389035, 48.839922]}, "properties": {"id_parcelle": "75112000CC0011", "address": "201 RUE DE CHARENTON", "sales": 23, "median_price": 355000.0, "median_price_per_sqm": 9990.131578947368, "median_rooms": 2.0, "first_sale": "2021-01-29", "last_sale": "2025-11-25"}}, {"type": "Feature", "geometry": {"type": "Point", "coordinates": [2.372837, 48.847656]}, "properties": {"id_parcelle": "75112000EN0070", "address": "37 RUE TRAVERSIERE", "sales": 23, "median_price": 273000.0, "median_price_per_sqm": 9827.586206896553, "median_rooms": 1.0, "first_sale": "2021-02-10", "last_sale": "2025-08-01"}}, {"type": "Feature", "geometry": {"type": "Point", "coordinates": [2.397923, 48.839218]}, "properties": {"id_parcelle": "75112000BY0068", "address": "60 BD DE REUILLY", "sales": 23, "median_price": 530000.0, "median_price_per_sqm": 8694.872689222184, "median_rooms": 0.0, "first_sale": "2021-01-05", "last_sale": "2025-12-05"}}, {"type": "Feature", "geometry": {"type": "Point", "coordinates": [2.387054, 48.848229]}, "properties": {"id_parcelle": "75112000CS0025", "address": "29 RUE DE REUILLY", "sales": 23, "median_price": 375000.0, "median_price_per_sqm": 9921.052631578947, "median_rooms": 1.0, "first_sale": "2021-02-09", "last_sale": "2025-07-22"}}, {"type": "Feature", "geometry": {"type": "Point", "coordinates": [2.378456, 48.84762]}, "properties": {"id_parcelle": "75112000EW0018", "address": "15 RUE BECCARIA", "sales": 23, "median_price": 365000.0, "median_price_per_sqm": 8725.961538461539, "median_rooms": 0.0, "first_sale": "2021-01-12", "last_sale": "2025-11-26"}}, {"type": "Feature", "geometry": {"type": "Point", "coordinates": [2.393297, 48.838315]}, "properties": {"id_parcelle": "75112000BT0001", "address": "26 RUE TAINE", "sales": 23, "median_price": 524000.0, "median_price_per_sqm": 10520.185185185186, "median_rooms": 0.0, "first_sale": "2021-10-11", "last_sale": "2025-07-31"}}, {"type": "Feature", "geometry": {"type": "Point", "coordinates": [2.395539, 48.840494]}, "properties": {"id_parcelle": "75112000CA0022", "address": "127 RUE DE REUILLY", "sales": 23, "median_price": 520000.0, "median_price_per_sqm": 10000.0, "median_rooms": 0.0, "first_sale": "2021-07-27", "last_sale": "2024-10-17"}}, {"type": "Feature", "geometry": {"type": "Point", "coordinates": [2.392858, 48.837935]}, "properties": {"id_parcelle": "75112000BT0005", "address": "18 RUE TAINE", "sales": 22, "median_price": 395000.0, "median_price_per_sqm": 9880.952380952382, "median_rooms": 1.0, "first_sale": "2022-07-25", "last_sale": "2025-05-06"}}, {"type": "Feature", "geometry": {"type": "Point", "coordinates": [2.397104, 48.846159]}, "properties": {"id_parcelle": "75112000CM0038", "address": "11 AV DU BEL AIR", "sales": 22, "median_price": 352800.0, "median_price_per_sqm": 9666.666666666666, "median_rooms": 0.0, "first_sale": "2021-01-12", "last_sale": "2025-10-29"}}, {"type": "Feature", "geometry": {"type": "Point", "coordinates": [2.399416, 48.836451]}, "properties": {"id_parcelle": "75112000BX0048", "address": "46 RUE CLAUDE DECAEN", "sales": 22, "median_price": 211000.0, "median_price_per_sqm": 8579.761904761905, "median_rooms": 0.5, "first_sale": "2021-07-13", "last_sale": "2024-12-27"}}, {"type": "Feature", "geometry": {"type": "Point", "coordinates": [2.395041, 48.846584]}, "properties": {"id_parcelle": "75112000CM0011", "address": "9 RUE FABRE D EGLANTINE", "sales": 22, "median_price": 428000.0, "median_price_per_sqm": 11600.0, "median_rooms": 0.5, "first_sale": "2021-05-04", "last_sale": "2025-04-07"}}, {"type": "Feature", "geometry": {"type": "Point", "coordinates": [2.402752, 48.840524]}, "properties": {"id_parcelle": "75112000AR0004", "address": "5 RUE MESSIDOR", "sales": 22, "median_price": 412491.17000000004, "median_price_per_sqm": 8000.0, "median_rooms": 0.0, "first_sale": "2021-03-29", "last_sale": "2025-04-08"}}, {"type": "Feature", "geometry": {"type": "Point", "coordinates": [2.390126, 48.83863]}, "properties": {"id_parcelle": "75112000CB0089", "address": "215 BD DE REUILLY", "sales": 22, "median_price": 730000.0, "median_price_per_sqm": 10983.743412384716, "median_rooms": 0.0, "first_sale": "2021-04-23", "last_sale": "2025-11-28"}}, {"type": "Feature", "geometry": {"type": "Point", "coordinates": [2.408666, 48.845635]}, "properties": {"id_parcelle": "75112000AI0140", "address": "17 RUE MONTERA", "sales": 22, "median_price": 442308.0, "median_price_per_sqm": 9600.0, "median_rooms": 0.0, "first_sale": "2021-05-25", "last_sale": "2025-11-19"}}, {"type": "Feature", "geometry": {"type": "Point", "coordinates": [2.367898, 48.847379]}, "properties": {"id_parcelle": "75112000EL0042", "address": "12 BD DE LA BASTILLE", "sales": 22, "median_price": 645000.0, "median_price_per_sqm": 11059.65034965035, "median_rooms": 0.0, "first_sale": "2021-07-30", "last_sale": "2025-10-10"}}, {"type": "Feature", "geometry": {"type": "Point", "coordinates": [2.40651, 48.836414]}, "properties": {"id_parcelle": "75112000AX0042", "address": "8 RUE DU COLONEL OUDOT", "sales": 22, "median_price": 290476.0, "median_price_per_sqm": 8502.129055515501, "median_rooms": 0.0, "first_sale": "2021-07-20", "last_sale": "2025-12-08"}}, {"type": "Feature", "geometry": {"type": "Point", "coordinates": [2.391495, 48.837783]}, "properties": {"id_parcelle": "75112000CB0072", "address": "7 RUE TAINE", "sales": 22, "median_price": 216000.0, "median_price_per_sqm": 10233.333333333332, "median_rooms": 0.0, "first_sale": "2021-01-15", "last_sale": "2025-07-21"}}, {"type": "Feature", "geometry": {"type": "Point", "coordinates": [2.404244, 48.842419]}, "properties": {"id_parcelle": "75112000AD0020", "address": "6 VC Y 12", "sales": 22, "median_price": 434000.0, "median_price_per_sqm": 9283.795180722893, "median_rooms": 0.0, "first_sale": "2021-02-09", "last_sale": "2025-06-10"}}, {"type": "Feature", "geometry": {"type": "Point", "coordinates": [2.392843, 48.838884]}, "properties": {"id_parcelle": "75112000CB0058", "address": "27 RUE TAINE", "sales": 22, "median_price": 302500.0, "median_price_per_sqm": 9785.714285714286, "median_rooms": 0.0, "first_sale": "2021-02-08", "last_sale": "2025-07-28"}}, {"type": "Feature", "geometry": {"type": "Point", "coordinates": [2.392975, 48.838017]}, "properties": {"id_parcelle": "75112000BT0004", "address": "20 RUE TAINE", "sales": 21, "median_price": 305000.0, "median_price_per_sqm": 7572.836257309941, "median_rooms": 0.0, "first_sale": "2021-02-12", "last_sale": "2025-06-11"}}, {"type": "Feature", "geometry": {"type": "Point", "coordinates": [2.372165, 48.843531]}, "properties": {"id_parcelle": "75112000EH0001", "address": "193 RUE DE BERCY", "sales": 21, "median_price": 585000.0, "median_price_per_sqm": 11872.340425531915, "median_rooms": 0.0, "first_sale": "2021-03-26", "last_sale": "2024-01-15"}}, {"type": "Feature", "geometry": {"type": "Point", "coordinates": [2.396819, 48.846468]}, "properties": {"id_parcelle": "75112000CM0035", "address": "19 AV DU BEL AIR", "sales": 21, "median_price": 980000.0, "median_price_per_sqm": 10.2, "median_rooms": 0.0, "first_sale": "2022-05-10", "last_sale": "2025-07-03"}}, {"type": "Feature", "geometry": {"type": "Point", "coordinates": [2.405509, 48.84701]}, "properties": {"id_parcelle": "75112000AB0018", "address": "74 CRS DE VINCENNES", "sales": 21, "median_price": 318000.0, "median_price_per_sqm": 10031.25, "median_rooms": 0.0, "first_sale": "2021-06-21", "last_sale": "2025-08-26"}}, {"type": "Feature", "geometry": {"type": "Point", "coordinates": [2.386476, 48.84679]}, "properties": {"id_parcelle": "75112000CT0039", "address": "29 RUE ERARD", "sales": 21, "median_price": 386500.0, "median_price_per_sqm": 10201.666666666668, "median_rooms": 0.0, "first_sale": "2021-01-22", "last_sale": "2025-04-29"}}, {"type": "Feature", "geometry": {"type": "Point", "coordinates": [2.397215, 48.83524]}, "properties": {"id_parcelle": "75112000BS0022", "address": "9 RUE DE MADAGASCAR", "sales": 21, "median_price": 255000.0, "median_price_per_sqm": 9857.142857142857, "median_rooms": 2.0, "first_sale": "2021-06-11", "last_sale": "2024-07-11"}}, {"type": "Feature", "geometry": {"type": "Point", "coordinates": [2.403895, 48.841933]}, "properties": {"id_parcelle": "75112000AD0068", "address": "13 AV DU DOC ARNOLD NETTER", "sales": 21, "median_price": 215500.0, "median_price_per_sqm": 9315.972222222223, "median_rooms": 1.0, "first_sale": "2021-04-06", "last_sale": "2024-08-29"}}, {"type": "Feature", "geometry": {"type": "Point", "coordinates": [2.390854, 48.838763]}, "properties": {"id_parcelle": "75112000CB0084", "address": "14 BD DE REUILLY", "sales": 21, "median_price": 285000.0, "median_price_per_sqm": 7937.1370656370655, "median_rooms": 2.0, "first_sale": "2021-05-12", "last_sale": "2025-03-26"}}, {"type": "Feature", "geometry": {"type": "Point", "coordinates": [2.398696, 48.839155]}, "properties": {"id_parcelle": "75112000BY0066", "address": "70 BD DE REUILLY", "sales": 21, "median_price": 250000.0, "median_price_per_sqm": 10210.526315789473, "median_rooms": 0.0, "first_sale": "2022-04-07", "last_sale": "2025-07-31"}}, {"type": "Feature", "geometry": {"type": "Point", "coordinates": [2.382135, 48.843739]}, "properties": {"id_parcelle": "75112000CW0042", "address": "82 AV DAUMESNIL", "sales": 21, "median_price": 312500.0, "median_price_per_sqm": 8448.275862068966, "median_rooms": 1.0, "first_sale": "2021-04-01", "last_sale": "2025-11-27"}}, {"type": "Feature", "geometry": {"type": "Point", "coordinates": [2.378412, 48.84793]}, "properties": {"id_parcelle": "75112000EW0017", "address": "19 RUE BECCARIA", "sales": 20, "median_price": 600500.0, "median_price_per_sqm": 10806.6091954023, "median_rooms": 0.0, "first_sale": "2021-07-09", "last_sale": "2025-03-03"}}, {"type": "Feature", "geometry": {"type": "Point", "coordinates": [2.397753, 48.835113]}, "properties": {"id_parcelle": "75112000BR0002", "address": "10 RUE DE MADAGASCAR", "sales": 20, "median_price": 246500.0, "median_price_per_sqm": 9085.714285714286, "median_rooms": 0.0, "first_sale": "2021-07-09", "last_sale": "2025-09-08"}}, {"type": "Feature", "geometry": {"type": "Point", "coordinates": [2.392847, 48.845791]}, "properties": {"id_parcelle": "75112000CO0027", "address": "33 RUE DU SERGENT BAUCHAT", "sales": 20, "median_price": 280000.0, "median_price_per_sqm": 8075.0, "median_rooms": 1.0, "first_sale": "2021-01-14", "last_sale": "2025-12-17"}}, {"type": "Feature", "geometry": {"type": "Point", "coordinates": [2.402835, 48.838178]}, "properties": {"id_parcelle": "75112000AS0029", "address": "10 RUE DE TOUL", "sales": 20, "median_price": 535437.0, "median_price_per_sqm": 9859.154929577464, "median_rooms": 0.0, "first_sale": "2022-02-15", "last_sale": "2025-09-23"}}, {"type": "Feature", "geometry": {"type": "Point", "coordinates": [2.377939, 48.850243]}, "properties": {"id_parcelle": "75112000EX0009", "address": "27 RUE DE COTTE", "sales": 20, "median_price": 215000.0, "median_price_per_sqm": 9925.625, "median_rooms": 1.0, "first_sale": "2021-02-23", "last_sale": "2025-11-21"}}, {"type": "Feature", "geometry": {"type": "Point", "coordinates": [2.373983, 48.850737]}, "properties": {"id_parcelle": "75112000ER0076", "address": "5 RUE SAINT NICOLAS", "sales": 20, "median_price": 145500.0, "median_price_per_sqm": 10035.714285714286, "median_rooms": 1.0, "first_sale": "2021-03-09", "last_sale": "2025-11-06"}}, {"type": "Feature", "geometry": {"type": "Point", "coordinates": [2.40087, 48.845581]}, "properties": {"id_parcelle": "75112000CL0078", "address": "37 AV DE SAINT-MANDE", "sales": 20, "median_price": 1220000.0, "median_price_per_sqm": 9507.936507936509, "median_rooms": 0.0, "first_sale": "2021-09-02", "last_sale": "2025-10-29"}}, {"type": "Feature", "geometry": {"type": "Point", "coordinates": [2.395924, 48.844203]}, "properties": {"id_parcelle": "75112000CH0026", "address": "44 RUE DE PICPUS", "sales": 20, "median_price": 48859052.0, "median_price_per_sqm": null, "median_rooms": null, "first_sale": "2024-11-08", "last_sale": "2024-11-08"}}, {"type": "Feature", "geometry": {"type": "Point", "coordinates": [2.383082, 48.846184]}, "properties": {"id_parcelle": "75112000HA0063", "address": "13 RUE CHALIGNY", "sales": 20, "median_price": 376110.0, "median_price_per_sqm": 10740.25, "median_rooms": 1.0, "first_sale": "2022-01-31", "last_sale": "2025-12-30"}}, {"type": "Feature", "geometry": {"type": "Point", "coordinates": [2.368952, 48.846854]}, "properties": {"id_parcelle": "75112000EL0021", "address": "235 RUE DE BERCY", "sales": 20, "median_price": 283000.0, "median_price_per_sqm": 9581.267281105991, "median_rooms": 1.0, "first_sale": "2021-02-12", "last_sale": "2025-06-26"}}, {"type": "Feature", "geometry": {"type": "Point", "coordinates": [2.382299, 48.843636]}, "properties": {"id_parcelle": "75112000CW0041", "address": "84 AV DAUMESNIL", "sales": 20, "median_price": 575000.0, "median_price_per_sqm": 9623.076923076922, "median_rooms": 1.0, "first_sale": "2022-02-18", "last_sale": "2025-12-29"}}, {"type": "Feature", "geometry": {"type": "Point", "coordinates": [2.405171, 48.84113]}, "properties": {"id_parcelle": "75112000AE0053", "address": "4 AV DU DOC ARNOLD NETTER", "sales": 20, "median_price": 545000.0, "median_price_per_sqm": 9051.295731707316, "median_rooms": 0.0, "first_sale": "2021-04-02", "last_sale": "2025-09-03"}}, {"type": "Feature", "geometry": {"type": "Point", "coordinates": [2.380586, 48.848819]}, "properties": {"id_parcelle": "75112000EY0039", "address": "50 RUE CROZATIER", "sales": 20, "median_price": 305000.0, "median_price_per_sqm": 10000.0, "median_rooms": 1.0, "first_sale": "2021-09-07", "last_sale": "2025-10-29"}}, {"type": "Feature", "geometry": {"type": "Point", "coordinates": [2.406501, 48.84495]}, "properties": {"id_parcelle": "75112000AI0113", "address": "71 AV DE SAINT-MANDE", "sales": 20, "median_price": 318500.0, "median_price_per_sqm": 8666.666666666666, "median_rooms": 0.0, "first_sale": "2022-02-10", "last_sale": "2025-09-22"}}, {"type": "Feature", "geometry": {"type": "Point", "coordinates": [2.377624, 48.847794]}, "properties": {"id_parcelle": "75112000EW0008", "address": "4 RUE D ALIGRE", "sales": 20, "median_price": 403000.0, "median_price_per_sqm": 9488.529411764706, "median_rooms": 1.0, "first_sale": "2021-09-16", "last_sale": "2025-11-17"}}, {"type": "Feature", "geometry": {"type": "Point", "coordinates": [2.37937, 48.847682]}, "properties": {"id_parcelle": "75112000EZ0002", "address": "18 RUE BECCARIA", "sales": 20, "median_price": 278000.0, "median_price_per_sqm": 10857.142857142857, "median_rooms": 1.0, "first_sale": "2022-01-20", "last_sale": "2025-12-03"}}, {"type": "Feature", "geometry": {"type": "Point", "coordinates": [2.379717, 48.846282]}, "properties": {"id_parcelle": "75112000HA0110", "address": "2 RUE BECCARIA", "sales": 20, "median_price": 270000.0, "median_price_per_sqm": 10288.333333333334, "median_rooms": 1.0, "first_sale": "2021-04-22", "last_sale": "2025-06-04"}}, {"type": "Feature", "geometry": {"type": "Point", "coordinates": [2.39411, 48.836161]}, "properties": {"id_parcelle": "75112000BS0006", "address": "22 RUE DE WATTIGNIES", "sales": 20, "median_price": 359375.0, "median_price_per_sqm": 9458.429824561405, "median_rooms": 1.0, "first_sale": "2021-03-09", "last_sale": "2025-04-30"}}, {"type": "Feature", "geometry": {"type": "Point", "coordinates": [2.403652, 48.846656]}, "properties": {"id_parcelle": "75112000AB0007", "address": "22 RUE MARSOULAN", "sales": 20, "median_price": 695000.0, "median_price_per_sqm": 10397.196261682244, "median_rooms": 0.0, "first_sale": "2021-07-30", "last_sale": "2025-12-12"}}, {"type": "Feature", "geometry": {"type": "Point", "coordinates": [2.401665, 48.834624]}, "properties": {"id_parcelle": "75112000BO0038", "address": "14 RUE CLAUDE DECAEN", "sales": 19, "median_price": 585000.0, "median_price_per_sqm": 9538.861386138615, "median_rooms": 0.0, "first_sale": "2021-12-30", "last_sale": "2025-06-05"}}, {"type": "Feature", "geometry": {"type": "Point", "coordinates": [2.38609, 48.84694]}, "properties": {"id_parcelle": "75112000CT0037", "address": "106 BD DIDEROT", "sales": 19, "median_price": 540000.0, "median_price_per_sqm": 8925.0, "median_rooms": 2.0, "first_sale": "2021-12-01", "last_sale": "2025-03-17"}}, {"type": "Feature", "geometry": {"type": "Point", "coordinates": [2.401437, 48.846208]}, "properties": {"id_parcelle": "75112000AA0070", "address": "84 BD DE PICPUS", "sales": 19, "median_price": 549300.0, "median_price_per_sqm": 10480.573426573428, "median_rooms": 0.0, "first_sale": "2021-06-28", "last_sale": "2025-12-23"}}, {"type": "Feature", "geometry": {"type": "Point", "coordinates": [2.397304, 48.842284]}, "properties": {"id_parcelle": "75112000CA0048", "address": "72 RUE DE PICPUS", "sales": 19, "median_price": 527400.0, "median_price_per_sqm": 10416.666666666666, "median_rooms": 0.0, "first_sale": "2021-07-21", "last_sale": "2025-07-08"}}, {"type": "Feature", "geometry": {"type": "Point", "coordinates": [2.389427, 48.838381]}, "properties": {"id_parcelle": "75112000DD0031", "address": "240 RUE DE CHARENTON", "sales": 19, "median_price": 268000.0, "median_price_per_sqm": 9578.900709219859, "median_rooms": 0.0, "first_sale": "2022-03-30", "last_sale": "2025-11-03"}}, {"type": "Feature", "geometry": {"type": "Point", "coordinates": [2.401854, 48.836583]}, "properties": {"id_parcelle": "75112000BP0063", "address": "62 RUE DE FECAMP", "sales": 19, "median_price": 310000.0, "median_price_per_sqm": 9575.0, "median_rooms": 0.0, "first_sale": "2021-07-13", "last_sale": "2024-04-19"}}, {"type": "Feature", "geometry": {"type": "Point", "coordinates": [2.408925, 48.842654]}, "properties": {"id_parcelle": "75112000AE0011", "address": "11 VLA DU BEL AIR", "sales": 19, "median_price": 170000.0, "median_price_per_sqm": 9379.862700228832, "median_rooms": 1.0, "first_sale": "2021-06-07", "last_sale": "2025-12-23"}}, {"type": "Feature", "geometry": {"type": "Point", "coordinates": [2.36774, 48.847584]}, "properties": {"id_parcelle": "75112000EL0044", "address": "251 RUE DE BERCY", "sales": 19, "median_price": 390000.0, "median_price_per_sqm": 10966.883116883117, "median_rooms": 1.0, "first_sale": "2021-08-04", "last_sale": "2025-11-21"}}, {"type": "Feature", "geometry": {"type": "Point", "coordinates": [2.388744, 48.83813]}, "properties": {"id_parcelle": "75112000DD0034", "address": "19 RUE CORIOLIS", "sales": 18, "median_price": 10000.0, "median_price_per_sqm": 159.52380952380952, "median_rooms": 0.0, "first_sale": "2022-10-20", "last_sale": "2025-01-06"}}, {"type": "Feature", "geometry": {"type": "Point", "coordinates": [2.378271, 48.849877]}, "properties": {"id_parcelle": "75112000EX0033", "address": "18 RUE DE COTTE", "sales": 18, "median_price": 400000.0, "median_price_per_sqm": 10164.102564102564, "median_rooms": 0.0, "first_sale": "2022-01-31", "last_sale": "2025-09-15"}}, {"type": "Feature", "geometry": {"type": "Point", "coordinates": [2.402143, 48.836441]}, "properties": {"id_parcelle": "75112000BP0078", "address": "126 RUE DE PICPUS", "sales": 18, "median_price": 395000.0, "median_price_per_sqm": 9011.363636363636, "median_rooms": 0.0, "first_sale": "2022-03-07", "last_sale": "2025-05-19"}}, {"type": "Feature", "geometry": {"type": "Point", "coordinates": [2.40456, 48.8349]}, "properties": {"id_parcelle": "75112000AX0089", "address": "7 RUE ERNEST LACOSTE", "sales": 18, "median_price": 772277.0, "median_price_per_sqm": 11032.528571428571, "median_rooms": 0.0, "first_sale": "2021-12-06", "last_sale": "2024-05-02"}}, {"type": "Feature", "geometry": {"type": "Point", "coordinates": [2.390311, 48.839613]}, "properties": {"id_parcelle": "75112000CC0026", "address": "4 RUE DUBRUNFAUT", "sales": 18, "median_price": 1460000.0, "median_price_per_sqm": 66363.63636363637, "median_rooms": 0.5, "first_sale": "2022-05-02", "last_sale": "2025-02-10"}}, {"type": "Feature", "geometry": {"type": "Point", "coordinates": [2.389425, 48.847302]}, "properties": {"id_parcelle": "75112000CP0039", "address": "136 BD DIDEROT", "sales": 18, "median_price": 489734.0, "median_price_per_sqm": 10343.833943833943, "median_rooms": 0.0, "first_sale": "2022-04-28", "last_sale": "2025-11-21"}}, {"type": "Feature", "geometry": {"type": "Point", "coordinates": [2.382431, 48.846527]}, "properties": {"id_parcelle": "75112000HA0077", "address": "76 BD DIDEROT", "sales": 18, "median_price": 350000.0, "median_price_per_sqm": 10427.20588235294, "median_rooms": 0.5, "first_sale": "2021-05-12", "last_sale": "2025-03-17"}}, {"type": "Feature", "geometry": {"type": "Point", "coordinates": [2.377369, 48.848598]}, "properties": {"id_parcelle": "75112000EX0089", "address": "2 PL D ALIGRE", "sales": 18, "median_price": 30750.0, "median_price_per_sqm": 11349.075462268866, "median_rooms": 0.0, "first_sale": "2021-06-16", "last_sale": "2025-03-25"}}, {"type": "Feature", "geometry": {"type": "Point", "coordinates": [2.382108, 48.845299]}, "properties": {"id_parcelle": "75112000HA0033", "address": "145 RUE DE CHARENTON", "sales": 18, "median_price": 245000.0, "median_price_per_sqm": 10000.0, "median_rooms": 1.0, "first_sale": "2021-02-18", "last_sale": "2025-11-03"}}, {"type": "Feature", "geometry": {"type": "Point", "coordinates": [2.395218, 48.83585]}, "properties": {"id_parcelle": "75112000BS0014", "address": "30 RUE DE WATTIGNIES", "sales": 18, "median_price": 320000.0, "median_price_per_sqm": 8888.888888888889, "median_rooms": 1.0, "first_sale": "2023-02-20", "last_sale": "2025-09-22"}}, {"type": "Feature", "geometry": {"type": "Point", "coordinates": [2.40015, 48.838678]}, "properties": {"id_parcelle": "75112000BY0096", "address": "10 RUE SIDI BRAHIM", "sales": 18, "median_price": 467800.0, "median_price_per_sqm": 11991.02564102564, "median_rooms": 1.0, "first_sale": "2021-01-25", "last_sale": "2022-12-12"}}, {"type": "Feature", "geometry": {"type": "Point", "coordinates": [2.396917, 48.840346]}, "properties": {"id_parcelle": "75112000CA0017", "address": "7 RUE LAMBLARDIE", "sales": 18, "median_price": 985479.0, "median_price_per_sqm": 9615.609756097561, "median_rooms": 0.0, "first_sale": "2021-05-26", "last_sale": "2025-11-14"}}, {"type": "Feature", "geometry": {"type": "Point", "coordinates": [2.398701, 48.840559]}, "properties": {"id_parcelle": "75112000BY0024", "address": "19 RUE DU DOCTEUR GOUJON", "sales": 18, "median_price": 345020.0, "median_price_per_sqm": 10030.037735849057, "median_rooms": 0.5, "first_sale": "2021-01-27", "last_sale": "2023-11-17"}}, {"type": "Feature", "geometry": {"type": "Point", "coordinates": [2.390379, 48.8449]}, "properties": {"id_parcelle": "75112000CO0010", "address": "85 RUE DE REUILLY", "sales": 18, "median_price": 428516.0, "median_price_per_sqm": 10178.10502917477, "median_rooms": 1.0, "first_sale": "2021-11-10", "last_sale": "2025-04-08"}}, {"type": "Feature", "geometry": {"type": "Point", "coordinates": [2.395682, 48.838594]}, "properties": {"id_parcelle": "75112000BV0017", "address": "43 RUE DE LA BRECHE AUX LOUPS", "sales": 18, "median_price": 21665360.0, "median_price_per_sqm": 166666.4773063495, "median_rooms": 0.0, "first_sale": "2023-09-25", "last_sale": "2023-09-25"}}, {"type": "Feature", "geometry": {"type": "Point", "coordinates": [2.373826, 48.848974]}, "properties": {"id_parcelle": "75112000EV0030", "address": "68 AV LEDRU ROLLIN", "sales": 18, "median_price": 659000.0, "median_price_per_sqm": 11083.333333333334, "median_rooms": 0.0, "first_sale": "2021-04-30", "last_sale": "2024-11-14"}}, {"type": "Feature", "geometry": {"type": "Point", "coordinates": [2.39337, 48.848511]}, "properties": {"id_parcelle": "75112000CN0001", "address": "276 RUE DU FBG ST ANTOINE", "sales": 18, "median_price": 533850.0, "median_price_per_sqm": 12030.766978922717, "median_rooms": 1.0, "first_sale": "2021-09-30", "last_sale": "2025-12-18"}}, {"type": "Feature", "geometry": {"type": "Point", "coordinates": [2.399453, 48.839934]}, "properties": {"id_parcelle": "75112000BY0050", "address": "71 BD DE REUILLY", "sales": 18, "median_price": 644000.0, "median_price_per_sqm": 9384.567702552718, "median_rooms": 0.5, "first_sale": "2021-07-30", "last_sale": "2025-06-27"}}, {"type": "Feature", "geometry": {"type": "Point", "coordinates": [2.40794, 48.845718]}, "properties": {"id_parcelle": "75112000AI0098", "address": "26 RUE DE LA VOUTE", "sales": 18, "median_price": 250000.0, "median_price_per_sqm": 7435.294117647059, "median_rooms": 0.5, "first_sale": "2021-11-19", "last_sale": "2025-08-29"}}, {"type": "Feature", "geometry": {"type": "Point", "coordinates": [2.384832, 48.843962]}, "properties": {"id_parcelle": "75112000CV0076", "address": "171 RUE DE CHARENTON", "sales": 18, "median_price": 368800.0, "median_price_per_sqm": 10056.603773584906, "median_rooms": 0.5, "first_sale": "2021-02-19", "last_sale": "2025-10-30"}}, {"type": "Feature", "geometry": {"type": "Point", "coordinates": [2.399781, 48.835278]}, "properties": {"id_parcelle": "75112000BP0037", "address": "27 RUE CLAUDE DECAEN", "sales": 18, "median_price": 572750.0, "median_price_per_sqm": 8057.493130416402, "median_rooms": 0.0, "first_sale": "2021-08-03", "last_sale": "2025-10-10"}}, {"type": "Feature", "geometry": {"type": "Point", "coordinates": [2.408816, 48.84503]}, "properties": {"id_parcelle": "75112000AI0066", "address": "12 RUE MONTERA", "sales": 18, "median_price": 65000.0, "median_price_per_sqm": 8521.538461538461, "median_rooms": 0.0, "first_sale": "2021-07-02", "last_sale": "2025-07-31"}}, {"type": "Feature", "geometry": {"type": "Point", "coordinates": [2.403404, 48.836124]}, "properties": {"id_parcelle": "75112000AX0009", "address": "139 RUE DE PICPUS", "sales": 18, "median_price": 380000.0, "median_price_per_sqm": 16747.5, "median_rooms": 0.0, "first_sale": "2021-04-16", "last_sale": "2025-12-29"}}, {"type": "Feature", "geometry": {"type": "Point", "coordinates": [2.399377, 48.839122]}, "properties": {"id_parcelle": "75112000BY0064", "address": "74 BD DE REUILLY", "sales": 18, "median_price": 640000.0, "median_price_per_sqm": 9453.703703703704, "median_rooms": 1.0, "first_sale": "2021-02-25", "last_sale": "2025-02-28"}}, {"type": "Feature", "geometry": {"type": "Point", "coordinates": [2.397088, 48.835116]}, "properties": {"id_parcelle": "75112000BS0023", "address": "7 RUE DE MADAGASCAR", "sales": 18, "median_price": 267650.0, "median_price_per_sqm": 10480.0, "median_rooms": 0.5, "first_sale": "2021-03-18", "last_sale": "2025-10-03"}}, {"type": "Feature", "geometry": {"type": "Point", "coordinates": [2.372722, 48.849153]}, "properties": {"id_parcelle": "75112000EV0097", "address": "8 RUE MOREAU", "sales": 18, "median_price": 552050.0, "median_price_per_sqm": 10713.334244702666, "median_rooms": 0.0, "first_sale": "2021-08-06", "last_sale": "2025-09-19"}}, {"type": "Feature", "geometry": {"type": "Point", "coordinates": [2.379954, 48.844679]}, "properties": {"id_parcelle": "75112000HC0035", "address": "68 AV DAUMESNIL", "sales": 18, "median_price": 403500.0, "median_price_per_sqm": 10454.284071305348, "median_rooms": 2.0, "first_sale": "2021-03-24", "last_sale": "2025-11-21"}}, {"type": "Feature", "geometry": {"type": "Point", "coordinates": [2.372006, 48.848636]}, "properties": {"id_parcelle": "75112000EN0010", "address": "12 AV DAUMESNIL", "sales": 17, "median_price": 735000.0, "median_price_per_sqm": 18245.84, "median_rooms": 1.0, "first_sale": "2021-01-07", "last_sale": "2025-02-04"}}, {"type": "Feature", "geometry": {"type": "Point", "coordinates": [2.403035, 48.835781]}, "properties": {"id_parcelle": "75112000BO0014", "address": "140 RUE DE PICPUS", "sales": 17, "median_price": 551900.0, "median_price_per_sqm": 8868.65671641791, "median_rooms": 0.0, "first_sale": "2021-03-05", "last_sale": "2025-07-21"}}, {"type": "Feature", "geometry": {"type": "Point", "coordinates": [2.40821, 48.845944]}, "properties": {"id_parcelle": "75112000AI0117", "address": "32 RUE DE LA VOUTE", "sales": 17, "median_price": 808000.0, "median_price_per_sqm": 9666.666666666666, "median_rooms": 0.0, "first_sale": "2021-05-04", "last_sale": "2025-01-13"}}, {"type": "Feature", "geometry": {"type": "Point", "coordinates": [2.400305, 48.834041]}, "properties": {"id_parcelle": "75112000BN0019", "address": "42 AV DU GAL MICHEL BIZOT", "sales": 17, "median_price": 330000.0, "median_price_per_sqm": 10561.224489795919, "median_rooms": 0.0, "first_sale": "2021-08-31", "last_sale": "2025-02-06"}}, {"type": "Feature", "geometry": {"type": "Point", "coordinates": [2.40141, 48.833708]}, "properties": {"id_parcelle": "75112000BN0027", "address": "5 RUE CLAUDE DECAEN", "sales": 17, "median_price": 600000.0, "median_price_per_sqm": 8571.42857142857, "median_rooms": 2.0, "first_sale": "2022-07-18", "last_sale": "2025-09-22"}}, {"type": "Feature", "geometry": {"type": "Point", "coordinates": [2.406883, 48.845011]}, "properties": {"id_parcelle": "75112000AI0109", "address": "77 AV DE SAINT-MANDE", "sales": 17, "median_price": 1137700.0, "median_price_per_sqm": 11377.0, "median_rooms": 0.0, "first_sale": "2021-04-07", "last_sale": "2025-03-28"}}, {"type": "Feature", "geometry": {"type": "Point", "coordinates": [2.408297, 48.846079]}, "properties": {"id_parcelle": "75112000AI0136", "address": "6 IMP CANART", "sales": 17, "median_price": 1375000.0, "median_price_per_sqm": 34375.0, "median_rooms": 0.0, "first_sale": "2025-06-19", "last_sale": "2025-06-19"}}, {"type": "Feature", "geometry": {"type": "Point", "coordinates": [2.402696, 48.846667]}, "properties": {"id_parcelle": "75112000AA0036", "address": "40 RUE DU RENDEZ VOUS", "sales": 17, "median_price": 720000.0, "median_price_per_sqm": 9646.977087410307, "median_rooms": 0.0, "first_sale": "2021-09-10", "last_sale": "2024-09-25"}}, {"type": "Feature", "geometry": {"type": "Point", "coordinates": [2.405259, 48.845802]}, "properties": {"id_parcelle": "75112000AB0094", "address": "71 AV DU DOC ARNOLD NETTER", "sales": 17, "median_price": 300000.0, "median_price_per_sqm": 9434.108527131782, "median_rooms": 0.0, "first_sale": "2021-10-26", "last_sale": "2025-12-23"}}, {"type": "Feature", "geometry": {"type": "Point", "coordinates": [2.392845, 48.839876]}, "properties": {"id_parcelle": "75112000CB0032", "address": "158 AV DAUMESNIL", "sales": 17, "median_price": 352000.0, "median_price_per_sqm": 8957.264957264957, "median_rooms": 1.0, "first_sale": "2021-06-22", "last_sale": "2024-10-25"}}, {"type": "Feature", "geometry": {"type": "Point", "coordinates": [2.389295, 48.840266]}, "properties": {"id_parcelle": "75112000CC0083", "address": "9 RUE ELISA LEMONNIER", "sales": 17, "median_price": 410306.0, "median_price_per_sqm": 10760.0, "median_rooms": 0.0, "first_sale": "2021-09-28", "last_sale": "2025-12-17"}}, {"type": "Feature", "geometry": {"type": "Point", "coordinates": [2.398906, 48.839948]}, "properties": {"id_parcelle": "75112000BY0046", "address": "65 BD DE REUILLY", "sales": 17, "median_price": 339000.0, "median_price_per_sqm": 10625.952380952382, "median_rooms": 1.0, "first_sale": "2021-11-29", "last_sale": "2025-10-01"}}, {"type": "Feature", "geometry": {"type": "Point", "coordinates": [2.387866, 48.843385]}, "properties": {"id_parcelle": "75112000CE0034", "address": "24 RUE MONTGALLET", "sales": 17, "median_price": 323500.0, "median_price_per_sqm": 9090.90909090909, "median_rooms": 2.0, "first_sale": "2021-01-18", "last_sale": "2025-06-20"}}, {"type": "Feature", "geometry": {"type": "Point", "coordinates": [2.411386, 48.8465]}, "properties": {"id_parcelle": "75112000AK0001", "address": "86 BD SOULT", "sales": 17, "median_price": 442000.0, "median_price_per_sqm": 8409.09090909091, "median_rooms": 0.0, "first_sale": "2023-06-01", "last_sale": "2025-08-05"}}, {"type": "Feature", "geometry": {"type": "Point", "coordinates": [2.406003, 48.83798]}, "properties": {"id_parcelle": "75112000AT0003", "address": "16 RUE ROTTEMBOURG", "sales": 17, "median_price": 530000.0, "median_price_per_sqm": 9741.379310344828, "median_rooms": 1.0, "first_sale": "2021-06-09", "last_sale": "2025-07-16"}}, {"type": "Feature", "geometry": {"type": "Point", "coordinates": [2.404611, 48.838717]}, "properties": {"id_parcelle": "75112000AS0042", "address": "108 AV DU GAL MICHEL BIZOT", "sales": 17, "median_price": 328000.0, "median_price_per_sqm": 10092.90780141844, "median_rooms": 0.0, "first_sale": "2021-06-28", "last_sale": "2025-09-30"}}, {"type": "Feature", "geometry": {"type": "Point", "coordinates": [2.406515, 48.846299]}, "properties": {"id_parcelle": "75112000AI0006", "address": "78 AV DU DOC ARNOLD NETTER", "sales": 17, "median_price": 271000.0, "median_price_per_sqm": 8809.52380952381, "median_rooms": 0.0, "first_sale": "2022-09-22", "last_sale": "2025-11-19"}}, {"type": "Feature", "geometry": {"type": "Point", "coordinates": [2.394197, 48.836541]}, "properties": {"id_parcelle": "75112000BT0032", "address": "23 RUE DE WATTIGNIES", "sales": 17, "median_price": 320000.0, "median_price_per_sqm": 9583.333333333332, "median_rooms": 0.0, "first_sale": "2022-01-27", "last_sale": "2025-06-20"}}, {"type": "Feature", "geometry": {"type": "Point", "coordinates": [2.399347, 48.833231]}, "properties": {"id_parcelle": "75112000BN0009", "address": "24 AV DU GAL MICHEL BIZOT", "sales": 17, "median_price": 292000.0, "median_price_per_sqm": 9090.78557312253, "median_rooms": 0.0, "first_sale": "2021-01-15", "last_sale": "2024-05-31"}}, {"type": "Feature", "geometry": {"type": "Point", "coordinates": [2.399348, 48.846569]}, "properties": {"id_parcelle": "75112000CL0061", "address": "67 BD DE PICPUS", "sales": 17, "median_price": 960000.0, "median_price_per_sqm": 11424.038461538461, "median_rooms": 0.0, "first_sale": "2021-04-28", "last_sale": "2025-12-15"}}, {"type": "Feature", "geometry": {"type": "Point", "coordinates": [2.372489, 48.851537]}, "properties": {"id_parcelle": "75112000ER0043", "address": "47 RUE DE CHARENTON", "sales": 17, "median_price": 18000000.0, "median_price_per_sqm": 156521.73913043478, "median_rooms": 0.0, "first_sale": "2021-04-15", "last_sale": "2021-04-15"}}, {"type": "Feature", "geometry": {"type": "Point", "coordinates": [2.383304, 48.836443]}, "properties": {"id_parcelle": "75112000DZ0045", "address": "39 RUE DE POMMARD", "sales": 17, "median_price": 922000.0, "median_price_per_sqm": 10584.761904761905, "median_rooms": 0.0, "first_sale": "2021-02-02", "last_sale": "2025-11-26"}}, {"type": "Feature", "geometry": {"type": "Point", "coordinates": [2.399627, 48.83425]}, "properties": {"id_parcelle": "75112000BR0022", "address": "37 AV DU GAL MICHEL BIZOT", "sales": 17, "median_price": 860000.0, "median_price_per_sqm": 9856.386999244143, "median_rooms": 0.0, "first_sale": "2021-04-20", "last_sale": "2025-09-17"}}, {"type": "Feature", "geometry": {"type": "Point", "coordinates": [2.388078, 48.848804]}, "properties": {"id_parcelle": "75112000CS0076", "address": "234 RUE DU FBG ST ANTOINE", "sales": 17, "median_price": 573500.0, "median_price_per_sqm": 11470.0, "median_rooms": 2.0, "first_sale": "2021-10-14", "last_sale": "2025-05-16"}}, {"type": "Feature", "geometry": {"type": "Point", "coordinates": [2.378537, 48.850384]}, "properties": {"id_parcelle": "75112000EX0039", "address": "83 RUE CROZATIER", "sales": 17, "median_price": 520000.0, "median_price_per_sqm": 10720.0, "median_rooms": 2.0, "first_sale": "2021-02-01", "last_sale": "2025-09-05"}}, {"type": "Feature", "geometry": {"type": "Point", "coordinates": [2.391266, 48.838363]}, "properties": {"id_parcelle": "75112000CB0077", "address": "227 RUE DE CHARENTON", "sales": 17, "median_price": 296000.0, "median_price_per_sqm": 9909.375, "median_rooms": 1.0, "first_sale": "2021-05-26", "last_sale": "2025-12-12"}}, {"type": "Feature", "geometry": {"type": "Point", "coordinates": [2.40892, 48.842766]}, "properties": {"id_parcelle": "75112000AE0010", "address": "10 VLA DU BEL AIR", "sales": 17, "median_price": 265000.0, "median_price_per_sqm": 9438.88888888889, "median_rooms": 1.0, "first_sale": "2021-12-17", "last_sale": "2025-09-19"}}, {"type": "Feature", "geometry": {"type": "Point", "coordinates": [2.402937, 48.846748]}, "properties": {"id_parcelle": "75112000AA0042", "address": "23 RUE MARSOULAN", "sales": 17, "median_price": 478000.0, "median_price_per_sqm": 10784.313725490196, "median_rooms": 1.0, "first_sale": "2021-05-21", "last_sale": "2025-10-23"}}, {"type": "Feature", "geometry": {"type": "Point", "coordinates": [2.405518, 48.845095]}, "properties": {"id_parcelle": "75112000AB0054", "address": "59 AV DU DOC ARNOLD NETTER", "sales": 17, "median_price": 1020000.0, "median_price_per_sqm": 11848.80152329749, "median_rooms": 0.0, "first_sale": "2021-08-09", "last_sale": "2025-07-29"}}, {"type": "Feature", "geometry": {"type": "Point", "coordinates": [2.379764, 48.845603]}, "properties": {"id_parcelle": "75112000HA0010", "address": "134 RUE DE CHARENTON", "sales": 16, "median_price": 303000.0, "median_price_per_sqm": 9218.75, "median_rooms": 0.0, "first_sale": "2021-06-11", "last_sale": "2025-07-10"}}, {"type": "Feature", "geometry": {"type": "Point", "coordinates": [2.406139, 48.841041]}, "properties": {"id_parcelle": "75112000AE0046", "address": "2 RUE PAUL CRAMPELL", "sales": 16, "median_price": 525000.0, "median_price_per_sqm": 9292.592592592593, "median_rooms": 1.0, "first_sale": "2021-05-07", "last_sale": "2025-09-05"}}, {"type": "Feature", "geometry": {"type": "Point", "coordinates": [2.378601, 48.847474]}, "properties": {"id_parcelle": "75112000EW0021", "address": "13 RUE BECCARIA", "sales": 16, "median_price": 437860.0, "median_price_per_sqm": 10283.018867924528, "median_rooms": 1.0, "first_sale": "2021-06-04", "last_sale": "2025-11-18"}}, {"type": "Feature", "geometry": {"type": "Point", "coordinates": [2.395167, 48.840762]}, "properties": {"id_parcelle": "75112000CA0025", "address": "123 RUE DE REUILLY", "sales": 16, "median_price": 305500.0, "median_price_per_sqm": 9766.129032258064, "median_rooms": 0.0, "first_sale": "2021-02-12", "last_sale": "2025-09-24"}}, {"type": "Feature", "geometry": {"type": "Point", "coordinates": [2.398291, 48.842142]}, "properties": {"id_parcelle": "75112000BZ0043", "address": "65 RUE DE PICPUS", "sales": 16, "median_price": 603000.0, "median_price_per_sqm": 9088.795593645485, "median_rooms": 0.0, "first_sale": "2022-10-13", "last_sale": "2025-09-18"}}, {"type": "Feature", "geometry": {"type": "Point", "coordinates": [2.386546, 48.841306]}, "properties": {"id_parcelle": "75112000CZ0010", "address": "4 RUE DU CONGO", "sales": 16, "median_price": 465490.0, "median_price_per_sqm": 9578.260869565218, "median_rooms": 2.0, "first_sale": "2021-03-25", "last_sale": "2025-07-03"}}, {"type": "Feature", "geometry": {"type": "Point", "coordinates": [2.398555, 48.840685]}, "properties": {"id_parcelle": "75112000BY0025", "address": "26 RUE LAMBLARDIE", "sales": 16, "median_price": 301575.0, "median_price_per_sqm": 9559.170653907497, "median_rooms": 1.0, "first_sale": "2021-06-16", "last_sale": "2025-10-01"}}, {"type": "Feature", "geometry": {"type": "Point", "coordinates": [2.370663, 48.844981]}, "properties": {"id_parcelle": "75112000EK0014", "address": "211 RUE DE BERCY", "sales": 16, "median_price": 336309.5, "median_price_per_sqm": 9628.041666666668, "median_rooms": 2.0, "first_sale": "2021-01-05", "last_sale": "2025-06-06"}}, {"type": "Feature", "geometry": {"type": "Point", "coordinates": [2.371448, 48.844703]}, "properties": {"id_parcelle": "75112000EK0020", "address": "205 RUE DE BERCY", "sales": 16, "median_price": 31250.0, "median_price_per_sqm": 2625.0, "median_rooms": 0.0, "first_sale": "2021-01-26", "last_sale": "2025-10-04"}}, {"type": "Feature", "geometry": {"type": "Point", "coordinates": [2.38954, 48.838235]}, "properties": {"id_parcelle": "75112000DD0027", "address": "242 RUE DE CHARENTON", "sales": 16, "median_price": 432500.0, "median_price_per_sqm": 10099.779205138499, "median_rooms": 1.0, "first_sale": "2021-12-17", "last_sale": "2025-10-17"}}, {"type": "Feature", "geometry": {"type": "Point", "coordinates": [2.400823, 48.839333]}, "properties": {"id_parcelle": "75112000AS0088", "address": "4 PAS CHAUSSIN", "sales": 16, "median_price": 636810.0, "median_price_per_sqm": 8987.796414112203, "median_rooms": 0.0, "first_sale": "2021-03-25", "last_sale": "2025-08-25"}}, {"type": "Feature", "geometry": {"type": "Point", "coordinates": [2.392031, 48.835687]}, "properties": {"id_parcelle": "75112000DE0009", "address": "294 RUE DE CHARENTON", "sales": 16, "median_price": 385000.0, "median_price_per_sqm": 9368.42105263158, "median_rooms": 0.0, "first_sale": "2021-02-01", "last_sale": "2025-07-09"}}, {"type": "Feature", "geometry": {"type": "Point", "coordinates": [2.398981, 48.840139]}, "properties": {"id_parcelle": "75112000BY0036", "address": "12 RUE DU DOCTEUR GOUJON", "sales": 16, "median_price": 430000.0, "median_price_per_sqm": 9673.91304347826, "median_rooms": 0.5, "first_sale": "2021-07-29", "last_sale": "2025-03-27"}}, {"type": "Feature", "geometry": {"type": "Point", "coordinates": [2.399126, 48.833699]}, "properties": {"id_parcelle": "75112000BR0036", "address": "27 AV DU GAL MICHEL BIZOT", "sales": 16, "median_price": 587500.0, "median_price_per_sqm": 9078.947368421053, "median_rooms": 0.0, "first_sale": "2021-12-17", "last_sale": "2024-07-18"}}, {"type": "Feature", "geometry": {"type": "Point", "coordinates": [2.399549, 48.834526]}, "properties": {"id_parcelle": "75112000BR0023", "address": "3 IMP WATTIGNIES", "sales": 16, "median_price": 157000.0, "median_price_per_sqm": 8846.153846153846, "median_rooms": 0.0, "first_sale": "2021-02-19", "last_sale": "2025-07-05"}}, {"type": "Feature", "geometry": {"type": "Point", "coordinates": [2.3863, 48.849436]}, "properties": {"id_parcelle": "75112000CS0011", "address": "212 RUE DU FBG ST ANTOINE", "sales": 16, "median_price": 1015000.0, "median_price_per_sqm": 10547.605503279156, "median_rooms": 0.0, "first_sale": "2021-02-02", "last_sale": "2024-06-05"}}, {"type": "Feature", "geometry": {"type": "Point", "coordinates": [2.401421, 48.84139]}, "properties": {"id_parcelle": "75112000AD0003", "address": "32 BD DE PICPUS", "sales": 16, "median_price": 435000.0, "median_price_per_sqm": 10027.777777777777, "median_rooms": 0.0, "first_sale": "2022-01-13", "last_sale": "2024-11-06"}}, {"type": "Feature", "geometry": {"type": "Point", "coordinates": [2.39727, 48.834642]}, "properties": {"id_parcelle": "75112000BR0006", "address": "2 RUE DE MADAGASCAR", "sales": 16, "median_price": 490000.0, "median_price_per_sqm": 10754.838709677419, "median_rooms": 1.0, "first_sale": "2021-05-17", "last_sale": "2025-12-23"}}, {"type": "Feature", "geometry": {"type": "Point", "coordinates": [2.401356, 48.836427]}, "properties": {"id_parcelle": "75112000BP0065", "address": "56 RUE DE FECAMP", "sales": 16, "median_price": 697000.0, "median_price_per_sqm": 9397.526182737449, "median_rooms": 0.0, "first_sale": "2022-06-01", "last_sale": "2025-03-07"}}, {"type": "Feature", "geometry": {"type": "Point", "coordinates": [2.39864, 48.835427]}, "properties": {"id_parcelle": "75112000BP0023", "address": "65 RUE DE WATTIGNIES", "sales": 16, "median_price": 342750.0, "median_price_per_sqm": 8844.444444444445, "median_rooms": 1.0, "first_sale": "2021-07-01", "last_sale": "2025-07-10"}}, {"type": "Feature", "geometry": {"type": "Point", "coordinates": [2.401616, 48.835603]}, "properties": {"id_parcelle": "75112000BP0052", "address": "57 AV DU GAL MICHEL BIZOT", "sales": 16, "median_price": 377000.0, "median_price_per_sqm": 10997.076023391812, "median_rooms": 2.0, "first_sale": "2021-01-14", "last_sale": "2025-09-23"}}, {"type": "Feature", "geometry": {"type": "Point", "coordinates": [2.399796, 48.838885]}, "properties": {"id_parcelle": "75112000BY0087", "address": "7 RUE SIDI BRAHIM", "sales": 16, "median_price": 560000.0, "median_price_per_sqm": 9528.57142857143, "median_rooms": 0.0, "first_sale": "2021-08-02", "last_sale": "2024-09-02"}}, {"type": "Feature", "geometry": {"type": "Point", "coordinates": [2.37449, 48.848509]}, "properties": {"id_parcelle": "75112000EV0040", "address": "34 RUE TRAVERSIERE", "sales": 16, "median_price": 368500.0, "median_price_per_sqm": 10169.642857142857, "median_rooms": 2.0, "first_sale": "2021-01-25", "last_sale": "2025-09-05"}}, {"type": "Feature", "geometry": {"type": "Point", "coordinates": [2.380522, 48.844084]}, "properties": {"id_parcelle": "75112000HC0041", "address": "9 RUE DE RAMBOUILLET", "sales": 16, "median_price": 569000.0, "median_price_per_sqm": 10746.200607902736, "median_rooms": 0.0, "first_sale": "2022-03-23", "last_sale": "2025-11-05"}}, {"type": "Feature", "geometry": {"type": "Point", "coordinates": [2.387658, 48.843934]}, "properties": {"id_parcelle": "75112000CE0019", "address": "5 PAS MONTGALLET", "sales": 16, "median_price": 299000.0, "median_price_per_sqm": 9058.823529411764, "median_rooms": 0.5, "first_sale": "2021-09-09", "last_sale": "2025-10-08"}}, {"type": "Feature", "geometry": {"type": "Point", "coordinates": [2.391612, 48.83808]}, "properties": {"id_parcelle": "75112000CB0074", "address": "235 RUE DE CHARENTON", "sales": 16, "median_price": 150250.0, "median_price_per_sqm": 7904.761904761905, "median_rooms": 1.0, "first_sale": "2021-02-10", "last_sale": "2025-08-28"}}, {"type": "Feature", "geometry": {"type": "Point", "coordinates": [2.38742, 48.843619]}, "properties": {"id_parcelle": "75112000CE0009", "address": "3 RUE EBELMEN", "sales": 16, "median_price": 267500.0, "median_price_per_sqm": 9062.5, "median_rooms": 1.0, "first_sale": "2021-01-25", "last_sale": "2024-12-27"}}, {"type": "Feature", "geometry": {"type": "Point", "coordinates": [2.394571, 48.835846]}, "properties": {"id_parcelle": "75112000BS0012", "address": "62 RUE DES MEUNIERS", "sales": 16, "median_price": 340250.0, "median_price_per_sqm": 8615.384615384615, "median_rooms": 2.0, "first_sale": "2021-03-09", "last_sale": "2024-10-22"}}, {"type": "Feature", "geometry": {"type": "Point", "coordinates": [2.398871, 48.833718]}, "properties": {"id_parcelle": "75112000BR0067", "address": "12 RUE DES MEUNIERS", "sales": 16, "median_price": 239000.0, "median_price_per_sqm": 8166.922222222222, "median_rooms": 0.0, "first_sale": "2021-04-19", "last_sale": "2025-11-21"}}, {"type": "Feature", "geometry": {"type": "Point", "coordinates": [2.376884, 48.85095]}, "properties": {"id_parcelle": "75112000ET0035", "address": "13 RUE ANTOINE VOLLON", "sales": 16, "median_price": 1606500.0, "median_price_per_sqm": 14738.532110091743, "median_rooms": 1.0, "first_sale": "2021-05-05", "last_sale": "2024-12-27"}}, {"type": "Feature", "geometry": {"type": "Point", "coordinates": [2.387713, 48.84002]}, "properties": {"id_parcelle": "75112000DA0040", "address": "14 RUE DU CHAROLAIS", "sales": 16, "median_price": 659200.0, "median_price_per_sqm": 9394.366197183099, "median_rooms": 0.0, "first_sale": "2021-09-29", "last_sale": "2025-09-11"}}, {"type": "Feature", "geometry": {"type": "Point", "coordinates": [2.381897, 48.845347]}, "properties": {"id_parcelle": "75112000HA0034", "address": "141 RUE DE CHARENTON", "sales": 15, "median_price": 347000.0, "median_price_per_sqm": 10231.146304675716, "median_rooms": 2.0, "first_sale": "2021-04-27", "last_sale": "2025-07-29"}}, {"type": "Feature", "geometry": {"type": "Point", "coordinates": [2.381701, 48.849966]}, "properties": {"id_parcelle": "75112000EY0066", "address": "34 RUE DE CITEAUX", "sales": 15, "median_price": 900000.0, "median_price_per_sqm": 11819.23076923077, "median_rooms": 3.0, "first_sale": "2021-01-27", "last_sale": "2024-12-05"}}, {"type": "Feature", "geometry": {"type": "Point", "coordinates": [2.40042, 48.847431]}, "properties": {"id_parcelle": "75112000AA0014", "address": "16 CRS DE VINCENNES", "sales": 15, "median_price": 200000.0, "median_price_per_sqm": 8908.333333333334, "median_rooms": 1.0, "first_sale": "2021-06-30", "last_sale": "2025-11-05"}}, {"type": "Feature", "geometry": {"type": "Point", "coordinates": [2.405474, 48.841133]}, "properties": {"id_parcelle": "75112000AE0049", "address": "6 RUE DE RAMBERVILLERS", "sales": 15, "median_price": 220000.0, "median_price_per_sqm": 9166.666666666666, "median_rooms": 0.0, "first_sale": "2021-02-18", "last_sale": "2025-06-20"}}, {"type": "Feature", "geometry": {"type": "Point", "coordinates": [2.407644, 48.845637]}, "properties": {"id_parcelle": "75112000AI0099", "address": "24 RUE DE LA VOUTE", "sales": 15, "median_price": 330500.0, "median_price_per_sqm": 9351.351351351352, "median_rooms": 2.0, "first_sale": "2022-05-10", "last_sale": "2025-12-23"}}, {"type": "Feature", "geometry": {"type": "Point", "coordinates": [2.393207, 48.838244]}, "properties": {"id_parcelle": "75112000BT0002", "address": "24 RUE TAINE", "sales": 15, "median_price": 280000.0, "median_price_per_sqm": 8825.757575757576, "median_rooms": 2.0, "first_sale": "2021-01-08", "last_sale": "2025-08-18"}}, {"type": "Feature", "geometry": {"type": "Point", "coordinates": [2.390215, 48.837372]}, "properties": {"id_parcelle": "75112000DD0014", "address": "33 RUE PROUDHON", "sales": 15, "median_price": 335040.0, "median_price_per_sqm": 8447.727272727272, "median_rooms": 1.0, "first_sale": "2021-11-19", "last_sale": "2025-03-31"}}, {"type": "Feature", "geometry": {"type": "Point", "coordinates": [2.386707, 48.84062]}, "properties": {"id_parcelle": "75112000DA0002", "address": "28 RUE DU CHAROLAIS", "sales": 15, "median_price": 430000.0, "median_price_per_sqm": 9970.496666666666, "median_rooms": 2.0, "first_sale": "2021-04-09", "last_sale": "2025-09-08"}}, {"type": "Feature", "geometry": {"type": "Point", "coordinates": [2.387456, 48.84075]}, "properties": {"id_parcelle": "75112000DA0010", "address": "214 RUE DE CHARENTON", "sales": 15, "median_price": 282000.0, "median_price_per_sqm": 9342.068965517241, "median_rooms": 0.0, "first_sale": "2021-06-16", "last_sale": "2025-12-10"}}, {"type": "Feature", "geometry": {"type": "Point", "coordinates": [2.390701, 48.844868]}, "properties": {"id_parcelle": "75112000CO0021", "address": "7 VC A 12", "sales": 15, "median_price": 369000.0, "median_price_per_sqm": 9148.671096345515, "median_rooms": 2.0, "first_sale": "2021-03-03", "last_sale": "2025-12-30"}}, {"type": "Feature", "geometry": {"type": "Point", "coordinates": [2.379343, 48.849061]}, "properties": {"id_parcelle": "75112000EX0048", "address": "61 RUE CROZATIER", "sales": 15, "median_price": 828530.0, "median_price_per_sqm": 10828.688524590163, "median_rooms": 0.0, "first_sale": "2022-03-08", "last_sale": "2025-11-03"}}, {"type": "Feature", "geometry": {"type": "Point", "coordinates": [2.383578, 48.844342]}, "properties": {"id_parcelle": "75112000CW0009", "address": "170 RUE DE CHARENTON", "sales": 15, "median_price": 250500.0, "median_price_per_sqm": 9302.32558139535, "median_rooms": 1.0, "first_sale": "2021-01-21", "last_sale": "2025-09-10"}}, {"type": "Feature", "geometry": {"type": "Point", "coordinates": [2.39229, 48.839626]}, "properties": {"id_parcelle": "75112000CB0023", "address": "29 BD DE REUILLY", "sales": 15, "median_price": 632040.0, "median_price_per_sqm": 9714.285714285714, "median_rooms": 0.0, "first_sale": "2021-06-16", "last_sale": "2025-01-13"}}, {"type": "Feature", "geometry": {"type": "Point", "coordinates": [2.391743, 48.839545]}, "properties": {"id_parcelle": "75112000CB0016", "address": "23 BD DE REUILLY", "sales": 15, "median_price": 280000.0, "median_price_per_sqm": 8981.382978723404, "median_rooms": 1.0, "first_sale": "2022-05-25", "last_sale": "2025-10-31"}}, {"type": "Feature", "geometry": {"type": "Point", "coordinates": [2.374169, 48.851276]}, "properties": {"id_parcelle": "75112000ER0068", "address": "76 RUE DU FBG ST ANTOINE", "sales": 15, "median_price": 520000.0, "median_price_per_sqm": 11069.444444444445, "median_rooms": 2.0, "first_sale": "2021-07-09", "last_sale": "2025-05-05"}}, {"type": "Feature", "geometry": {"type": "Point", "coordinates": [2.397393, 48.845754]}, "properties": {"id_parcelle": "75112000CM0043", "address": "13 AV DE SAINT-MANDE", "sales": 15, "median_price": 514970.0, "median_price_per_sqm": 11428.57142857143, "median_rooms": 0.0, "first_sale": "2021-09-10", "last_sale": "2025-03-06"}}, {"type": "Feature", "geometry": {"type": "Point", "coordinates": [2.393139, 48.836234]}, "properties": {"id_parcelle": "75112000BS0064", "address": "67 RUE DES MEUNIERS", "sales": 15, "median_price": 270000.0, "median_price_per_sqm": 9313.096320346322, "median_rooms": 1.0, "first_sale": "2022-06-24", "last_sale": "2024-10-23"}}, {"type": "Feature", "geometry": {"type": "Point", "coordinates": [2.383851, 48.845327]}, "properties": {"id_parcelle": "75112000CT0014", "address": "3 RUE ERARD", "sales": 15, "median_price": 400000.0, "median_price_per_sqm": 9807.692307692309, "median_rooms": 1.0, "first_sale": "2022-06-09", "last_sale": "2025-08-07"}}, {"type": "Feature", "geometry": {"type": "Point", "coordinates": [2.393133, 48.838872]}, "properties": {"id_parcelle": "75112000CB0057", "address": "29 RUE TAINE", "sales": 15, "median_price": 356160.0, "median_price_per_sqm": 9210.243902439024, "median_rooms": 2.0, "first_sale": "2021-04-01", "last_sale": "2025-07-08"}}, {"type": "Feature", "geometry": {"type": "Point", "coordinates": [2.380098, 48.846073]}, "properties": {"id_parcelle": "75112000HA0106", "address": "119 RUE DE CHARENTON", "sales": 15, "median_price": 315000.0, "median_price_per_sqm": 10789.473684210527, "median_rooms": 1.0, "first_sale": "2021-04-08", "last_sale": "2025-07-01"}}, {"type": "Feature", "geometry": {"type": "Point", "coordinates": [2.404763, 48.836662]}, "properties": {"id_parcelle": "75112000AT0013", "address": "261 AV DAUMESNIL", "sales": 15, "median_price": 368350.0, "median_price_per_sqm": 8875.0, "median_rooms": 1.0, "first_sale": "2021-02-17", "last_sale": "2025-12-26"}}, {"type": "Feature", "geometry": {"type": "Point", "coordinates": [2.407621, 48.844915]}, "properties": {"id_parcelle": "75112000AI0156", "address": "3 RUE MONTERA", "sales": 15, "median_price": 420000.0, "median_price_per_sqm": 9677.41935483871, "median_rooms": 0.0, "first_sale": "2021-06-30", "last_sale": "2024-02-15"}}, {"type": "Feature", "geometry": {"type": "Point", "coordinates": [2.379966, 48.84773]}, "properties": {"id_parcelle": "75112000EZ0025", "address": "17 RUE DE CITEAUX", "sales": 15, "median_price": 55000.0, "median_price_per_sqm": 9304.195804195804, "median_rooms": 0.0, "first_sale": "2022-03-24", "last_sale": "2025-10-06"}}, {"type": "Feature", "geometry": {"type": "Point", "coordinates": [2.369289, 48.850729]}, "properties": {"id_parcelle": "75112000EP0004", "address": "13 RUE BISCORNET", "sales": 15, "median_price": 305500.0, "median_price_per_sqm": 8627.941176470587, "median_rooms": 1.0, "first_sale": "2021-02-04", "last_sale": "2025-06-03"}}, {"type": "Feature", "geometry": {"type": "Point", "coordinates": [2.372381, 48.847409]}, "properties": {"id_parcelle": "75112000EN0068", "address": "33 RUE TRAVERSIERE", "sales": 15, "median_price": 278000.0, "median_price_per_sqm": 8726.5625, "median_rooms": 1.0, "first_sale": "2021-04-29", "last_sale": "2025-03-13"}}, {"type": "Feature", "geometry": {"type": "Point", "coordinates": [2.407225, 48.845121]}, "properties": {"id_parcelle": "75112000AI0149", "address": "14 RUE DE LA VOUTE", "sales": 15, "median_price": 860000.0, "median_price_per_sqm": 9450.54945054945, "median_rooms": 0.0, "first_sale": "2021-10-01", "last_sale": "2025-07-02"}}, {"type": "Feature", "geometry": {"type": "Point", "coordinates": [2.389602, 48.838025]}, "properties": {"id_parcelle": "75112000DD0026", "address": "244 RUE DE CHARENTON", "sales": 15, "median_price": 220000.0, "median_price_per_sqm": 8992.72575250836, "median_rooms": 2.0, "first_sale": "2021-02-16", "last_sale": "2024-11-27"}}, {"type": "Feature", "geometry": {"type": "Point", "coordinates": [2.374235, 48.84658]}, "properties": {"id_parcelle": "75112000EM0070", "address": "6 RUE MICHEL CHASLES", "sales": 15, "median_price": 1475000.0, "median_price_per_sqm": 9435.897435897436, "median_rooms": 0.0, "first_sale": "2021-06-07", "last_sale": "2024-09-26"}}, {"type": "Feature", "geometry": {"type": "Point", "coordinates": [2.38252, 48.846331]}, "properties": {"id_parcelle": "75112000HA0079", "address": "18 RUE CROZATIER", "sales": 15, "median_price": 550000.0, "median_price_per_sqm": 10529.411764705883, "median_rooms": 2.0, "first_sale": "2021-05-06", "last_sale": "2025-09-25"}}, {"type": "Feature", "geometry": {"type": "Point", "coordinates": [2.399893, 48.834365]}, "properties": {"id_parcelle": "75112000BR0021", "address": "39 AV DU GAL MICHEL BIZOT", "sales": 15, "median_price": 307500.0, "median_price_per_sqm": 9520.0, "median_rooms": 2.0, "first_sale": "2021-02-09", "last_sale": "2025-12-05"}}, {"type": "Feature", "geometry": {"type": "Point", "coordinates": [2.398115, 48.846273]}, "properties": {"id_parcelle": "75112000CL0027", "address": "14 AV DU BEL AIR", "sales": 15, "median_price": 248900.0, "median_price_per_sqm": 9954.744186046511, "median_rooms": 0.0, "first_sale": "2021-07-30", "last_sale": "2023-11-24"}}, {"type": "Feature", "geometry": {"type": "Point", "coordinates": [2.38274, 48.846082]}, "properties": {"id_parcelle": "75112000HA0061", "address": "14 RUE CROZATIER", "sales": 15, "median_price": 258500.0, "median_price_per_sqm": 10370.37037037037, "median_rooms": 1.0, "first_sale": "2021-05-24", "last_sale": "2025-11-24"}}, {"type": "Feature", "geometry": {"type": "Point", "coordinates": [2.375442, 48.850428]}, "properties": {"id_parcelle": "75112000ET0068", "address": "88 AV LEDRU ROLLIN", "sales": 15, "median_price": 1298800.0, "median_price_per_sqm": 12888.888888888889, "median_rooms": 1.0, "first_sale": "2021-05-26", "last_sale": "2025-09-19"}}, {"type": "Feature", "geometry": {"type": "Point", "coordinates": [2.392818, 48.836557]}, "properties": {"id_parcelle": "75112000BT0038", "address": "10 RUE DE WATTIGNIES", "sales": 15, "median_price": 653000.0, "median_price_per_sqm": 10997.931034482759, "median_rooms": 0.0, "first_sale": "2021-10-15", "last_sale": "2024-08-05"}}, {"type": "Feature", "geometry": {"type": "Point", "coordinates": [2.387568, 48.84401]}, "properties": {"id_parcelle": "75112000CE0016", "address": "7 PAS MONTGALLET", "sales": 15, "median_price": 269000.0, "median_price_per_sqm": 10325.416666666666, "median_rooms": 0.0, "first_sale": "2021-01-21", "last_sale": "2025-10-27"}}, {"type": "Feature", "geometry": {"type": "Point", "coordinates": [2.39917, 48.84021]}, "properties": {"id_parcelle": "75112000BY0035", "address": "14 RUE DU DOCTEUR GOUJON", "sales": 15, "median_price": 399000.0, "median_price_per_sqm": 9857.142857142857, "median_rooms": 1.0, "first_sale": "2021-05-20", "last_sale": "2025-07-31"}}, {"type": "Feature", "geometry": {"type": "Point", "coordinates": [2.381037, 48.84727]}, "properties": {"id_parcelle": "75112000EZ0019", "address": "35 RUE CROZATIER", "sales": 14, "median_price": 488100.0, "median_price_per_sqm": 11184.150657229526, "median_rooms": 0.0, "first_sale": "2021-07-29", "last_sale": "2024-05-23"}}, {"type": "Feature", "geometry": {"type": "Point", "coordinates": [2.379588, 48.848256]}, "properties": {"id_parcelle": "75112000EX0060", "address": "7 IMP CROZATIER", "sales": 14, "median_price": 815000.0, "median_price_per_sqm": 11363.636363636364, "median_rooms": 0.0, "first_sale": "2021-06-01", "last_sale": "2024-07-25"}}, {"type": "Feature", "geometry": {"type": "Point", "coordinates": [2.392058, 48.83969]}, "properties": {"id_parcelle": "75112000CB0020", "address": "27 BD DE REUILLY", "sales": 14, "median_price": 424675.0, "median_price_per_sqm": 9003.232498673227, "median_rooms": 1.0, "first_sale": "2021-07-21", "last_sale": "2025-02-07"}}, {"type": "Feature", "geometry": {"type": "Point", "coordinates": [2.400572, 48.841828]}, "properties": {"id_parcelle": "75112000BZ0038", "address": "15 BD DE PICPUS", "sales": 14, "median_price": 305000.0, "median_price_per_sqm": 8810.81081081081, "median_rooms": 0.0, "first_sale": "2022-08-02", "last_sale": "2025-12-02"}}, {"type": "Feature", "geometry": {"type": "Point", "coordinates": [2.406807, 48.841221]}, "properties": {"id_parcelle": "75112000AE0035", "address": "18 RUE DE RAMBERVILLERS", "sales": 14, "median_price": 403000.0, "median_price_per_sqm": 9215.0, "median_rooms": 0.0, "first_sale": "2021-07-20", "last_sale": "2025-05-15"}}, {"type": "Feature", "geometry": {"type": "Point", "coordinates": [2.403109, 48.843119]}, "properties": {"id_parcelle": "75112000AD0077", "address": "15 RUE MOUSSET ROBERT", "sales": 14, "median_price": 965000.0, "median_price_per_sqm": 10686.96120689655, "median_rooms": 0.0, "first_sale": "2021-07-19", "last_sale": "2025-07-23"}}, {"type": "Feature", "geometry": {"type": "Point", "coordinates": [2.397378, 48.834777]}, "properties": {"id_parcelle": "75112000BR0070", "address": "8 RUE DE MADAGASCAR", "sales": 14, "median_price": 256000.0, "median_price_per_sqm": 8555.172413793103, "median_rooms": 1.0, "first_sale": "2022-12-28", "last_sale": "2025-07-02"}}, {"type": "Feature", "geometry": {"type": "Point", "coordinates": [2.379009, 48.845179]}, "properties": {"id_parcelle": "75112000HB0075", "address": "56 AV DAUMESNIL", "sales": 14, "median_price": 235000.0, "median_price_per_sqm": 9484.848484848484, "median_rooms": 1.5, "first_sale": "2021-02-04", "last_sale": "2025-03-17"}}, {"type": "Feature", "geometry": {"type": "Point", "coordinates": [2.403444, 48.845274]}, "properties": {"id_parcelle": "75112000AB0072", "address": "51 AV DE SAINT-MANDE", "sales": 14, "median_price": 390000.0, "median_price_per_sqm": 9281.25, "median_rooms": 0.0, "first_sale": "2022-03-11", "last_sale": "2025-07-30"}}, {"type": "Feature", "geometry": {"type": "Point", "coordinates": [2.375107, 48.848397]}, "properties": {"id_parcelle": "75112000EV0050", "address": "84 RUE DE CHARENTON", "sales": 14, "median_price": 360525.0, "median_price_per_sqm": 10222.222222222223, "median_rooms": 0.0, "first_sale": "2022-03-24", "last_sale": "2025-03-20"}}, {"type": "Feature", "geometry": {"type": "Point", "coordinates": [2.392202, 48.837588]}, "properties": {"id_parcelle": "75112000BT0010", "address": "8 RUE TAINE", "sales": 14, "median_price": 220500.0, "median_price_per_sqm": 8750.0, "median_rooms": 1.0, "first_sale": "2021-05-10", "last_sale": "2025-07-08"}}, {"type": "Feature", "geometry": {"type": "Point", "coordinates": [2.368116, 48.846594]}, "properties": {"id_parcelle": "75112000EL0028", "address": "7 AV LEDRU ROLLIN", "sales": 14, "median_price": 525500.0, "median_price_per_sqm": 15854.716981132075, "median_rooms": 0.5, "first_sale": "2021-06-02", "last_sale": "2024-07-31"}}, {"type": "Feature", "geometry": {"type": "Point", "coordinates": [2.371621, 48.846591]}, "properties": {"id_parcelle": "75112000EM0021", "address": "9 RUE DE LYON", "sales": 14, "median_price": 275000.0, "median_price_per_sqm": 10624.423076923078, "median_rooms": 1.0, "first_sale": "2022-06-22", "last_sale": "2025-08-08"}}, {"type": "Feature", "geometry": {"type": "Point", "coordinates": [2.403953, 48.837045]}, "properties": {"id_parcelle": "75112000AS0072", "address": "84 AV DU GAL MICHEL BIZOT", "sales": 14, "median_price": 288000.0, "median_price_per_sqm": 10925.925925925925, "median_rooms": 0.0, "first_sale": "2021-03-19", "last_sale": "2025-07-10"}}, {"type": "Feature", "geometry": {"type": "Point", "coordinates": [2.38091, 48.846214]}, "properties": {"id_parcelle": "75112000HA0090", "address": "64 BD DIDEROT", "sales": 14, "median_price": 359250.0, "median_price_per_sqm": 8885.096153846154, "median_rooms": 1.5, "first_sale": "2021-07-06", "last_sale": "2025-09-05"}}, {"type": "Feature", "geometry": {"type": "Point", "coordinates": [2.398692, 48.834698]}, "properties": {"id_parcelle": "75112000BR0027", "address": "14 RUE DE FECAMP", "sales": 14, "median_price": 425000.0, "median_price_per_sqm": 9762.820512820514, "median_rooms": 2.0, "first_sale": "2021-07-06", "last_sale": "2025-03-12"}}, {"type": "Feature", "geometry": {"type": "Point", "coordinates": [2.406073, 48.845107]}, "properties": {"id_parcelle": "75112000AI0013", "address": "54 AV DU DOC ARNOLD NETTER", "sales": 14, "median_price": 687000.0, "median_price_per_sqm": 9225.961538461539, "median_rooms": 0.0, "first_sale": "2021-08-16", "last_sale": "2025-09-11"}}, {"type": "Feature", "geometry": {"type": "Point", "coordinates": [2.402379, 48.838454]}, "properties": {"id_parcelle": "75112000AS0016", "address": "13 RUE DE TOUL", "sales": 14, "median_price": 439000.0, "median_price_per_sqm": 9349.591836734693, "median_rooms": 0.0, "first_sale": "2021-03-29", "last_sale": "2024-05-31"}}, {"type": "Feature", "geometry": {"type": "Point", "coordinates": [2.374626, 48.850638]}, "properties": {"id_parcelle": "75112000ET0009", "address": "79 AV LEDRU ROLLIN", "sales": 14, "median_price": 950000.0, "median_price_per_sqm": 10072.390572390572, "median_rooms": 1.0, "first_sale": "2021-05-04", "last_sale": "2025-12-18"}}, {"type": "Feature", "geometry": {"type": "Point", "coordinates": [2.395363, 48.841469]}, "properties": {"id_parcelle": "75112000CA0004", "address": "30 RUE DE LA GARE DE REUILLY", "sales": 14, "median_price": 650000.0, "median_price_per_sqm": 10000.0, "median_rooms": 0.0, "first_sale": "2021-10-22", "last_sale": "2025-12-17"}}, {"type": "Feature", "geometry": {"type": "Point", "coordinates": [2.388832, 48.840061]}, "properties": {"id_parcelle": "75112000CC0007", "address": "195 RUE DE CHARENTON", "sales": 14, "median_price": 333200.0, "median_price_per_sqm": 10654.23864894795, "median_rooms": 2.0, "first_sale": "2021-01-15", "last_sale": "2025-12-12"}}, {"type": "Feature", "geometry": {"type": "Point", "coordinates": [2.372879, 48.849512]}, "properties": {"id_parcelle": "75112000EV0009", "address": "12 RUE MOREAU", "sales": 14, "median_price": 445000.0, "median_price_per_sqm": 11050.72463768116, "median_rooms": 2.0, "first_sale": "2021-09-02", "last_sale": "2025-11-07"}}, {"type": "Feature", "geometry": {"type": "Point", "coordinates": [2.395344, 48.836274]}, "properties": {"id_parcelle": "75112000BW0014", "address": "31 RUE DE WATTIGNIES", "sales": 14, "median_price": 236500.0, "median_price_per_sqm": 8431.818181818182, "median_rooms": 1.0, "first_sale": "2023-06-08", "last_sale": "2025-12-15"}}, {"type": "Feature", "geometry": {"type": "Point", "coordinates": [2.393641, 48.836709]}, "properties": {"id_parcelle": "75112000BT0036", "address": "17 RUE DE WATTIGNIES", "sales": 14, "median_price": 380000.0, "median_price_per_sqm": 9677.41935483871, "median_rooms": 1.0, "first_sale": "2021-03-02", "last_sale": "2025-03-25"}}, {"type": "Feature", "geometry": {"type": "Point", "coordinates": [2.37849, 48.849213]}, "properties": {"id_parcelle": "75112000EX0065", "address": "18 RUE D ALIGRE", "sales": 14, "median_price": 335000.0, "median_price_per_sqm": 11152.0, "median_rooms": 2.0, "first_sale": "2021-01-12", "last_sale": "2025-12-18"}}, {"type": "Feature", "geometry": {"type": "Point", "coordinates": [2.398542, 48.835523]}, "properties": {"id_parcelle": "75112000BP0022", "address": "63 RUE DE WATTIGNIES", "sales": 14, "median_price": 347000.0, "median_price_per_sqm": 10230.263157894737, "median_rooms": 0.0, "first_sale": "2021-06-16", "last_sale": "2024-03-04"}}, {"type": "Feature", "geometry": {"type": "Point", "coordinates": [2.404035, 48.834397]}, "properties": {"id_parcelle": "75112000BO0022", "address": "95 BD PONIATOWSKI", "sales": 14, "median_price": 305000.0, "median_price_per_sqm": 8717.870257037943, "median_rooms": 2.0, "first_sale": "2022-01-10", "last_sale": "2025-06-10"}}, {"type": "Feature", "geometry": {"type": "Point", "coordinates": [2.383481, 48.844423]}, "properties": {"id_parcelle": "75112000CW0008", "address": "168 RUE DE CHARENTON", "sales": 14, "median_price": 396000.0, "median_price_per_sqm": 10300.0, "median_rooms": 0.0, "first_sale": "2021-08-04", "last_sale": "2025-11-20"}}, {"type": "Feature", "geometry": {"type": "Point", "coordinates": [2.400842, 48.835169]}, "properties": {"id_parcelle": "75112000BP0043", "address": "24 RUE CLAUDE DECAEN", "sales": 14, "median_price": 387500.0, "median_price_per_sqm": 10598.901098901099, "median_rooms": 1.0, "first_sale": "2021-11-04", "last_sale": "2024-10-18"}}, {"type": "Feature", "geometry": {"type": "Point", "coordinates": [2.369374, 48.848546]}, "properties": {"id_parcelle": "75112000EO0040", "address": "12 RUE JULES CESAR", "sales": 14, "median_price": 534000.0, "median_price_per_sqm": 10346.938775510203, "median_rooms": 0.0, "first_sale": "2022-07-18", "last_sale": "2025-09-17"}}, {"type": "Feature", "geometry": {"type": "Point", "coordinates": [2.394972, 48.835843]}, "properties": {"id_parcelle": "75112000BS0013", "address": "60 RUE DES MEUNIERS", "sales": 14, "median_price": 295000.0, "median_price_per_sqm": 8730.76923076923, "median_rooms": 1.0, "first_sale": "2021-07-08", "last_sale": "2025-09-15"}}, {"type": "Feature", "geometry": {"type": "Point", "coordinates": [2.404647, 48.836725]}, "properties": {"id_parcelle": "75112000AT0012", "address": "259 AV DAUMESNIL", "sales": 14, "median_price": 305950.0, "median_price_per_sqm": 9571.21212121212, "median_rooms": 2.0, "first_sale": "2021-12-29", "last_sale": "2025-11-28"}}, {"type": "Feature", "geometry": {"type": "Point", "coordinates": [2.406801, 48.845163]}, "properties": {"id_parcelle": "75112000AI0148", "address": "10 RUE DE LA VOUTE", "sales": 14, "median_price": 852800.0, "median_price_per_sqm": 9340.857712765957, "median_rooms": 0.0, "first_sale": "2023-12-15", "last_sale": "2025-12-11"}}, {"type": "Feature", "geometry": {"type": "Point", "coordinates": [2.398894, 48.836617]}, "properties": {"id_parcelle": "75112000BX0052", "address": "50 RUE CLAUDE DECAEN", "sales": 14, "median_price": 177700.0, "median_price_per_sqm": 8333.333333333334, "median_rooms": 0.5, "first_sale": "2021-07-23", "last_sale": "2024-05-28"}}, {"type": "Feature", "geometry": {"type": "Point", "coordinates": [2.401661, 48.839033]}, "properties": {"id_parcelle": "75112000AS0012", "address": "103 RUE DE PICPUS", "sales": 14, "median_price": 767000.0, "median_price_per_sqm": 9200.0, "median_rooms": 3.0, "first_sale": "2021-04-30", "last_sale": "2025-08-28"}}, {"type": "Feature", "geometry": {"type": "Point", "coordinates": [2.409686, 48.846687]}, "properties": {"id_parcelle": "75112000AI0046", "address": "112 CRS DE VINCENNES", "sales": 14, "median_price": 360000.0, "median_price_per_sqm": 8000.0, "median_rooms": 1.0, "first_sale": "2022-09-09", "last_sale": "2025-06-13"}}, {"type": "Feature", "geometry": {"type": "Point", "coordinates": [2.37307, 48.848011]}, "properties": {"id_parcelle": "75112000EN0084", "address": "20 AV DAUMESNIL", "sales": 14, "median_price": 160000.0, "median_price_per_sqm": 4324.324324324324, "median_rooms": 1.0, "first_sale": "2022-01-14", "last_sale": "2024-12-19"}}, {"type": "Feature", "geometry": {"type": "Point", "coordinates": [2.398705, 48.839906]}, "properties": {"id_parcelle": "75112000BY0045", "address": "63 BD DE REUILLY", "sales": 14, "median_price": 505000.0, "median_price_per_sqm": 9146.750524109015, "median_rooms": 0.0, "first_sale": "2021-10-28", "last_sale": "2025-07-15"}}, {"type": "Feature", "geometry": {"type": "Point", "coordinates": [2.393157, 48.834486]}, "properties": {"id_parcelle": "75112000DH0006", "address": "310 RUE DE CHARENTON", "sales": 14, "median_price": 218550.0, "median_price_per_sqm": 9000.0, "median_rooms": 0.5, "first_sale": "2021-03-31", "last_sale": "2025-07-09"}}, {"type": "Feature", "geometry": {"type": "Point", "coordinates": [2.387875, 48.8472]}, "properties": {"id_parcelle": "75112000CP0051", "address": "124 BD DIDEROT", "sales": 14, "median_price": 504621.5, "median_price_per_sqm": 9326.923076923076, "median_rooms": 3.0, "first_sale": "2021-09-10", "last_sale": "2025-12-09"}}, {"type": "Feature", "geometry": {"type": "Point", "coordinates": [2.403748, 48.847136]}, "properties": {"id_parcelle": "75112000AB0004", "address": "54 CRS DE VINCENNES", "sales": 13, "median_price": 1178500.0, "median_price_per_sqm": 9975.882352941177, "median_rooms": 0.0, "first_sale": "2021-10-04", "last_sale": "2024-07-23"}}, {"type": "Feature", "geometry": {"type": "Point", "coordinates": [2.389534, 48.845949]}, "properties": {"id_parcelle": "75112000CP0024", "address": "61 RUE DE REUILLY", "sales": 13, "median_price": 230000.0, "median_price_per_sqm": 8166.666666666667, "median_rooms": 2.0, "first_sale": "2021-10-01", "last_sale": "2025-09-05"}}, {"type": "Feature", "geometry": {"type": "Point", "coordinates": [2.405768, 48.846585]}, "properties": {"id_parcelle": "75112000AB0024", "address": "83 AV DU DOC ARNOLD NETTER", "sales": 13, "median_price": 375750.0, "median_price_per_sqm": 10916.666666666668, "median_rooms": 1.0, "first_sale": "2021-02-24", "last_sale": "2024-10-14"}}, {"type": "Feature", "geometry": {"type": "Point", "coordinates": [2.390456, 48.8403]}, "properties": {"id_parcelle": "75112000CC0050", "address": "13 RUE DUBRUNFAUT", "sales": 13, "median_price": 430000.0, "median_price_per_sqm": 10113.712284482759, "median_rooms": 1.0, "first_sale": "2022-12-05", "last_sale": "2025-07-16"}}, {"type": "Feature", "geometry": {"type": "Point", "coordinates": [2.40175, 48.844734]}, "properties": {"id_parcelle": "75112000CK0010", "address": "51 BD DE PICPUS", "sales": 13, "median_price": 415000.0, "median_price_per_sqm": 8944.444444444445, "median_rooms": 0.0, "first_sale": "2022-01-07", "last_sale": "2025-09-29"}}, {"type": "Feature", "geometry": {"type": "Point", "coordinates": [2.398875, 48.834986]}, "properties": {"id_parcelle": "75112000BR0009", "address": "64 RUE DE WATTIGNIES", "sales": 13, "median_price": 295000.0, "median_price_per_sqm": 8476.530612244898, "median_rooms": 0.0, "first_sale": "2022-09-29", "last_sale": "2024-05-07"}}, {"type": "Feature", "geometry": {"type": "Point", "coordinates": [2.386814, 48.84937]}, "properties": {"id_parcelle": "75112000CS0016", "address": "218 RUE DU FBG ST ANTOINE", "sales": 13, "median_price": 365500.0, "median_price_per_sqm": 8387.254901960785, "median_rooms": 0.0, "first_sale": "2021-01-29", "last_sale": "2025-07-15"}}, {"type": "Feature", "geometry": {"type": "Point", "coordinates": [2.392414, 48.836459]}, "properties": {"id_parcelle": "75112000BT0042", "address": "251 RUE DE CHARENTON", "sales": 13, "median_price": 178000.0, "median_price_per_sqm": 6993.7, "median_rooms": 1.0, "first_sale": "2021-04-28", "last_sale": "2025-05-20"}}, {"type": "Feature", "geometry": {"type": "Point", "coordinates": [2.40284, 48.838032]}, "properties": {"id_parcelle": "75112000AS0027", "address": "8 RUE DE TOUL", "sales": 13, "median_price": 544150.0, "median_price_per_sqm": 10669.512195121952, "median_rooms": 0.0, "first_sale": "2022-12-08", "last_sale": "2025-08-27"}}, {"type": "Feature", "geometry": {"type": "Point", "coordinates": [2.403592, 48.838695]}, "properties": {"id_parcelle": "75112000AS0035", "address": "99 AV DU GAL MICHEL BIZOT", "sales": 13, "median_price": 618000.0, "median_price_per_sqm": 9643.372093023256, "median_rooms": 0.0, "first_sale": "2021-04-02", "last_sale": "2025-03-26"}}, {"type": "Feature", "geometry": {"type": "Point", "coordinates": [2.372432, 48.846485]}, "properties": {"id_parcelle": "75112000EM0039", "address": "4 RUE DE LYON", "sales": 13, "median_price": 1420000.0, "median_price_per_sqm": 11555.167055167054, "median_rooms": 0.0, "first_sale": "2021-12-02", "last_sale": "2024-10-23"}}, {"type": "Feature", "geometry": {"type": "Point", "coordinates": [2.375286, 48.846659]}, "properties": {"id_parcelle": "75112000EW0072", "address": "7 RUE LEGRAVEREND", "sales": 13, "median_price": 440000.0, "median_price_per_sqm": 9970.330237358101, "median_rooms": 0.0, "first_sale": "2021-10-27", "last_sale": "2025-07-15"}}, {"type": "Feature", "geometry": {"type": "Point", "coordinates": [2.370087, 48.849838]}, "properties": {"id_parcelle": "75112000EP0026", "address": "8 RUE BISCORNET", "sales": 13, "median_price": 296520.0, "median_price_per_sqm": 9722.222222222223, "median_rooms": 1.0, "first_sale": "2021-11-18", "last_sale": "2025-11-25"}}, {"type": "Feature", "geometry": {"type": "Point", "coordinates": [2.401205, 48.838056]}, "properties": {"id_parcelle": "75112000BX0015", "address": "239 AV DAUMESNIL", "sales": 13, "median_price": 280000.0, "median_price_per_sqm": 9527.368421052632, "median_rooms": 0.0, "first_sale": "2021-11-15", "last_sale": "2025-08-04"}}, {"type": "Feature", "geometry": {"type": "Point", "coordinates": [2.40625, 48.845205]}, "properties": {"id_parcelle": "75112000AI0014", "address": "5 RUE DE LA VOUTE", "sales": 13, "median_price": 203500.0, "median_price_per_sqm": 9710.535714285714, "median_rooms": 1.0, "first_sale": "2021-01-18", "last_sale": "2025-11-21"}}, {"type": "Feature", "geometry": {"type": "Point", "coordinates": [2.398414, 48.840437]}, "properties": {"id_parcelle": "75112000BY0020", "address": "15 RUE DU DOCTEUR GOUJON", "sales": 13, "median_price": 375000.0, "median_price_per_sqm": 8985.465116279069, "median_rooms": 2.0, "first_sale": "2021-10-20", "last_sale": "2025-10-31"}}, {"type": "Feature", "geometry": {"type": "Point", "coordinates": [2.378622, 48.850091]}, "properties": {"id_parcelle": "75112000EX0035", "address": "79 RUE CROZATIER", "sales": 13, "median_price": 225000.0, "median_price_per_sqm": 9479.166666666668, "median_rooms": 1.0, "first_sale": "2021-02-18", "last_sale": "2025-02-21"}}, {"type": "Feature", "geometry": {"type": "Point", "coordinates": [2.391919, 48.838664]}, "properties": {"id_parcelle": "75112000CB0068", "address": "18 BD DE REUILLY", "sales": 13, "median_price": 320000.0, "median_price_per_sqm": 10765.765765765766, "median_rooms": 0.0, "first_sale": "2023-12-01", "last_sale": "2025-10-17"}}, {"type": "Feature", "geometry": {"type": "Point", "coordinates": [2.405527, 48.845669]}, "properties": {"id_parcelle": "75112000AB0047", "address": "67 AV DU DOC ARNOLD NETTER", "sales": 13, "median_price": 280000.0, "median_price_per_sqm": 8768.775100401606, "median_rooms": 1.0, "first_sale": "2021-05-03", "last_sale": "2025-05-13"}}, {"type": "Feature", "geometry": {"type": "Point", "coordinates": [2.397723, 48.840283]}, "properties": {"id_parcelle": "75112000BY0013", "address": "14 RUE LAMBLARDIE", "sales": 13, "median_price": 302000.0, "median_price_per_sqm": 9437.5, "median_rooms": 1.0, "first_sale": "2021-07-28", "last_sale": "2025-03-13"}}, {"type": "Feature", "geometry": {"type": "Point", "coordinates": [2.399856, 48.834642]}, "properties": {"id_parcelle": "75112000BR0014", "address": "82 RUE DE WATTIGNIES", "sales": 13, "median_price": 530000.0, "median_price_per_sqm": 10101.503759398496, "median_rooms": 0.0, "first_sale": "2022-09-15", "last_sale": "2024-03-01"}}, {"type": "Feature", "geometry": {"type": "Point", "coordinates": [2.407136, 48.836514]}, "properties": {"id_parcelle": "75112000AX0053", "address": "13 BD SOULT", "sales": 13, "median_price": 402522.0, "median_price_per_sqm": 9235.175872093023, "median_rooms": 0.0, "first_sale": "2021-01-12", "last_sale": "2023-06-26"}}, {"type": "Feature", "geometry": {"type": "Point", "coordinates": [2.398573, 48.845717]}, "properties": {"id_parcelle": "75112000CL0035", "address": "4 AV DU BEL AIR", "sales": 13, "median_price": 320000.0, "median_price_per_sqm": 9321.266968325792, "median_rooms": 1.0, "first_sale": "2022-09-13", "last_sale": "2025-07-29"}}, {"type": "Feature", "geometry": {"type": "Point", "coordinates": [2.375737, 48.848764]}, "properties": {"id_parcelle": "75112000ET0041", "address": "3 RUE DE PRAGUE", "sales": 13, "median_price": 240000.0, "median_price_per_sqm": 10780.60263653484, "median_rooms": 0.0, "first_sale": "2021-06-25", "last_sale": "2025-10-02"}}, {"type": "Feature", "geometry": {"type": "Point", "coordinates": [2.371076, 48.847499]}, "properties": {"id_parcelle": "75112000EN0018", "address": "40 AV LEDRU ROLLIN", "sales": 13, "median_price": 450000.0, "median_price_per_sqm": 9038.775510204081, "median_rooms": 0.0, "first_sale": "2022-06-13", "last_sale": "2025-07-22"}}, {"type": "Feature", "geometry": {"type": "Point", "coordinates": [2.369842, 48.84923]}, "properties": {"id_parcelle": "75112000EO0017", "address": "14 RUE LACUEE", "sales": 13, "median_price": 330000.0, "median_price_per_sqm": 11704.0, "median_rooms": 2.0, "first_sale": "2021-03-17", "last_sale": "2025-07-22"}}, {"type": "Feature", "geometry": {"type": "Point", "coordinates": [2.398695, 48.836276]}, "properties": {"id_parcelle": "75112000BP0012", "address": "11 RUE DE CAPRI", "sales": 13, "median_price": 346700.0, "median_price_per_sqm": 10197.058823529413, "median_rooms": 0.0, "first_sale": "2021-06-25", "last_sale": "2025-12-08"}}, {"type": "Feature", "geometry": {"type": "Point", "coordinates": [2.395047, 48.846305]}, "properties": {"id_parcelle": "75112000CM0014", "address": "7 RUE FABRE D EGLANTINE", "sales": 13, "median_price": 395200.0, "median_price_per_sqm": 9819.512195121952, "median_rooms": 0.0, "first_sale": "2022-02-25", "last_sale": "2025-12-19"}}, {"type": "Feature", "geometry": {"type": "Point", "coordinates": [2.399181, 48.835853]}, "properties": {"id_parcelle": "75112000BP0027", "address": "39 RUE CLAUDE DECAEN", "sales": 13, "median_price": 270000.0, "median_price_per_sqm": 9642.857142857143, "median_rooms": 0.0, "first_sale": "2021-04-06", "last_sale": "2025-06-20"}}, {"type": "Feature", "geometry": {"type": "Point", "coordinates": [2.383969, 48.84418]}, "properties": {"id_parcelle": "75112000CW0044", "address": "174 RUE DE CHARENTON", "sales": 13, "median_price": 243200.0, "median_price_per_sqm": 8301.923076923078, "median_rooms": 0.0, "first_sale": "2022-09-01", "last_sale": "2025-04-15"}}, {"type": "Feature", "geometry": {"type": "Point", "coordinates": [2.407033, 48.840981]}, "properties": {"id_parcelle": "75112000AE0064", "address": "22 RUE DE RAMBERVILLERS", "sales": 13, "median_price": 282000.0, "median_price_per_sqm": 9400.0, "median_rooms": 0.0, "first_sale": "2021-01-21", "last_sale": "2025-09-09"}}, {"type": "Feature", "geometry": {"type": "Point", "coordinates": [2.400526, 48.838766]}, "properties": {"id_parcelle": "75112000BY0092", "address": "9 RUE GOSSEC", "sales": 13, "median_price": 311000.0, "median_price_per_sqm": 9718.75, "median_rooms": 2.0, "first_sale": "2021-05-12", "last_sale": "2025-06-03"}}, {"type": "Feature", "geometry": {"type": "Point", "coordinates": [2.397791, 48.84757]}, "properties": {"id_parcelle": "75112000CN0037", "address": "4 AV DU TRONE", "sales": 13, "median_price": 545000.0, "median_price_per_sqm": 11022.76295133438, "median_rooms": 0.0, "first_sale": "2022-02-09", "last_sale": "2024-06-28"}}, {"type": "Feature", "geometry": {"type": "Point", "coordinates": [2.400218, 48.834972]}, "properties": {"id_parcelle": "75112000BP0042", "address": "81 RUE DE WATTIGNIES", "sales": 13, "median_price": 533100.0, "median_price_per_sqm": 7833.333333333333, "median_rooms": 1.0, "first_sale": "2021-07-06", "last_sale": "2025-10-27"}}, {"type": "Feature", "geometry": {"type": "Point", "coordinates": [2.389889, 48.840686]}, "properties": {"id_parcelle": "75112000CC0058", "address": "136 AV DAUMESNIL", "sales": 13, "median_price": 433800.0, "median_price_per_sqm": 12916.666666666666, "median_rooms": 1.0, "first_sale": "2021-03-05", "last_sale": "2025-07-30"}}, {"type": "Feature", "geometry": {"type": "Point", "coordinates": [2.396959, 48.846291]}, "properties": {"id_parcelle": "75112000CM0037", "address": "15 AV DU BEL AIR", "sales": 13, "median_price": 200000.0, "median_price_per_sqm": 8321.42857142857, "median_rooms": 1.0, "first_sale": "2022-06-13", "last_sale": "2025-12-29"}}, {"type": "Feature", "geometry": {"type": "Point", "coordinates": [2.38747, 48.844108]}, "properties": {"id_parcelle": "75112000CE0015", "address": "6 RUE SAINTE CLAIRE DEVILLE", "sales": 13, "median_price": 351000.0, "median_price_per_sqm": 10408.575, "median_rooms": 2.0, "first_sale": "2021-02-12", "last_sale": "2022-07-12"}}, {"type": "Feature", "geometry": {"type": "Point", "coordinates": [2.381468, 48.844901]}, "properties": {"id_parcelle": "75112000HA0154", "address": "154 RUE DE CHARENTON", "sales": 13, "median_price": 520000.0, "median_price_per_sqm": 12696.04712643678, "median_rooms": 2.0, "first_sale": "2021-04-29", "last_sale": "2025-06-24"}}, {"type": "Feature", "geometry": {"type": "Point", "coordinates": [2.38306, 48.845756]}, "properties": {"id_parcelle": "75112000HA0056", "address": "8 RUE CROZATIER", "sales": 13, "median_price": 495000.0, "median_price_per_sqm": 10187.799043062201, "median_rooms": 1.0, "first_sale": "2021-03-19", "last_sale": "2024-04-02"}}, {"type": "Feature", "geometry": {"type": "Point", "coordinates": [2.390287, 48.838475]}, "properties": {"id_parcelle": "75112000CB0088", "address": "217 RUE DE CHARENTON", "sales": 13, "median_price": 378300.0, "median_price_per_sqm": 10263.157894736842, "median_rooms": 2.0, "first_sale": "2021-04-01", "last_sale": "2025-02-25"}}, {"type": "Feature", "geometry": {"type": "Point", "coordinates": [2.381068, 48.847096]}, "properties": {"id_parcelle": "75112000EZ0018", "address": "49 BD DIDEROT", "sales": 12, "median_price": 668575.0, "median_price_per_sqm": 10879.1928721174, "median_rooms": 0.5, "first_sale": "2021-07-29", "last_sale": "2025-08-26"}}, {"type": "Feature", "geometry": {"type": "Point", "coordinates": [2.389624, 48.840137]}, "properties": {"id_parcelle": "75112000CC0010", "address": "5 RUE ELISA LEMONNIER", "sales": 12, "median_price": 441600.0, "median_price_per_sqm": 10278.846153846154, "median_rooms": 1.0, "first_sale": "2021-05-26", "last_sale": "2025-09-19"}}, {"type": "Feature", "geometry": {"type": "Point", "coordinates": [2.40001, 48.847481]}, "properties": {"id_parcelle": "75112000AA0008", "address": "10 CRS DE VINCENNES", "sales": 12, "median_price": 192000.0, "median_price_per_sqm": 8062.5, "median_rooms": 1.0, "first_sale": "2021-05-11", "last_sale": "2025-12-01"}}, {"type": "Feature", "geometry": {"type": "Point", "coordinates": [2.373541, 48.847922]}, "properties": {"id_parcelle": "75112000EN0087", "address": "26 AV DAUMESNIL", "sales": 12, "median_price": 532000.0, "median_price_per_sqm": 12500.0, "median_rooms": 0.5, "first_sale": "2022-06-28", "last_sale": "2024-07-05"}}, {"type": "Feature", "geometry": {"type": "Point", "coordinates": [2.399206, 48.846772]}, "properties": {"id_parcelle": "75112000CL0060", "address": "71 BD DE PICPUS", "sales": 12, "median_price": 566000.0, "median_price_per_sqm": 9181.22555410691, "median_rooms": 0.0, "first_sale": "2022-06-30", "last_sale": "2025-10-09"}}, {"type": "Feature", "geometry": {"type": "Point", "coordinates": [2.3758, 48.84865]}, "properties": {"id_parcelle": "75112000ET0040", "address": "1 RUE DE PRAGUE", "sales": 12, "median_price": 507500.0, "median_price_per_sqm": 11257.788161993769, "median_rooms": 0.0, "first_sale": "2022-07-11", "last_sale": "2025-07-15"}}, {"type": "Feature", "geometry": {"type": "Point", "coordinates": [2.377395, 48.847714]}, "properties": {"id_parcelle": "75112000EW0006", "address": "97 RUE DE CHARENTON", "sales": 12, "median_price": 236250.0, "median_price_per_sqm": 8519.113082039912, "median_rooms": 1.5, "first_sale": "2021-01-22", "last_sale": "2025-12-18"}}, {"type": "Feature", "geometry": {"type": "Point", "coordinates": [2.400462, 48.838344]}, "properties": {"id_parcelle": "75112000BX0005", "address": "6 RUE GOSSEC", "sales": 12, "median_price": 354950.0, "median_price_per_sqm": 10439.70588235294, "median_rooms": 0.5, "first_sale": "2021-08-05", "last_sale": "2023-12-05"}}, {"type": "Feature", "geometry": {"type": "Point", "coordinates": [2.395761, 48.836278]}, "properties": {"id_parcelle": "75112000BW0009", "address": "37 RUE DE WATTIGNIES", "sales": 12, "median_price": 123330.0, "median_price_per_sqm": 8690.47619047619, "median_rooms": 1.0, "first_sale": "2021-07-13", "last_sale": "2024-12-30"}}, {"type": "Feature", "geometry": {"type": "Point", "coordinates": [2.386999, 48.846634]}, "properties": {"id_parcelle": "75112000CT0043", "address": "36 RUE ERARD", "sales": 12, "median_price": 389250.0, "median_price_per_sqm": 9102.382302892796, "median_rooms": 1.5, "first_sale": "2021-07-07", "last_sale": "2025-07-01"}}, {"type": "Feature", "geometry": {"type": "Point", "coordinates": [2.373693, 48.84856]}, "properties": {"id_parcelle": "75112000EV0036", "address": "55 RUE TRAVERSIERE", "sales": 12, "median_price": 455300.0, "median_price_per_sqm": 11092.608695652174, "median_rooms": 1.0, "first_sale": "2021-01-13", "last_sale": "2025-09-26"}}, {"type": "Feature", "geometry": {"type": "Point", "coordinates": [2.409007, 48.843254]}, "properties": {"id_parcelle": "75112000AH0029", "address": "5 VLA DU BEL AIR", "sales": 12, "median_price": 334500.0, "median_price_per_sqm": 8048.780487804878, "median_rooms": 1.0, "first_sale": "2021-06-25", "last_sale": "2025-07-29"}}, {"type": "Feature", "geometry": {"type": "Point", "coordinates": [2.374837, 48.849683]}, "properties": {"id_parcelle": "75112000ET0075", "address": "78 AV LEDRU ROLLIN", "sales": 12, "median_price": 442000.0, "median_price_per_sqm": 11449.166666666668, "median_rooms": 1.0, "first_sale": "2021-04-22", "last_sale": "2025-04-29"}}, {"type": "Feature", "geometry": {"type": "Point", "coordinates": [2.375459, 48.848881]}, "properties": {"id_parcelle": "75112000ET0044", "address": "87 RUE DE CHARENTON", "sales": 12, "median_price": 514214.5, "median_price_per_sqm": 11426.988888888889, "median_rooms": 1.0, "first_sale": "2021-08-18", "last_sale": "2025-08-25"}}, {"type": "Feature", "geometry": {"type": "Point", "coordinates": [2.401411, 48.833481]}, "properties": {"id_parcelle": "75112000BN0030", "address": "63 BD PONIATOWSKI", "sales": 12, "median_price": 390000.0, "median_price_per_sqm": 7666.666666666666, "median_rooms": 1.0, "first_sale": "2021-03-23", "last_sale": "2025-04-25"}}, {"type": "Feature", "geometry": {"type": "Point", "coordinates": [2.384255, 48.843745]}, "properties": {"id_parcelle": "75112000CW0016", "address": "180 RUE DE CHARENTON", "sales": 12, "median_price": 254000.0, "median_price_per_sqm": 10160.0, "median_rooms": 1.0, "first_sale": "2021-03-19", "last_sale": "2025-11-12"}}, {"type": "Feature", "geometry": {"type": "Point", "coordinates": [2.386831, 48.84066]}, "properties": {"id_parcelle": "75112000DA0003", "address": "3 PAS DU CHAROLAIS", "sales": 12, "median_price": 456860.0, "median_price_per_sqm": 10000.0, "median_rooms": 2.0, "first_sale": "2021-02-05", "last_sale": "2025-11-17"}}, {"type": "Feature", "geometry": {"type": "Point", "coordinates": [2.387962, 48.838742]}, "properties": {"id_parcelle": "75112000DD0002", "address": "62 BD DE BERCY", "sales": 12, "median_price": 623000.0, "median_price_per_sqm": 9601.201783291337, "median_rooms": 0.5, "first_sale": "2021-03-26", "last_sale": "2025-09-11"}}, {"type": "Feature", "geometry": {"type": "Point", "coordinates": [2.402786, 48.835846]}, "properties": {"id_parcelle": "75112000BO0013", "address": "72 AV DU GAL MICHEL BIZOT", "sales": 12, "median_price": 225000.0, "median_price_per_sqm": 8756.756756756757, "median_rooms": 1.0, "first_sale": "2021-02-08", "last_sale": "2025-05-23"}}, {"type": "Feature", "geometry": {"type": "Point", "coordinates": [2.408321, 48.845371]}, "properties": {"id_parcelle": "75112000AI0077", "address": "13 RUE MONTERA", "sales": 12, "median_price": 287000.0, "median_price_per_sqm": 8451.264367816093, "median_rooms": 0.5, "first_sale": "2021-09-28", "last_sale": "2025-10-09"}}, {"type": "Feature", "geometry": {"type": "Point", "coordinates": [2.398863, 48.840638]}, "properties": {"id_parcelle": "75112000BY0030", "address": "21 RUE DU DOCTEUR GOUJON", "sales": 12, "median_price": 275250.0, "median_price_per_sqm": 8461.538461538461, "median_rooms": 2.0, "first_sale": "2021-03-19", "last_sale": "2025-12-18"}}, {"type": "Feature", "geometry": {"type": "Point", "coordinates": [2.371715, 48.848478]}, "properties": {"id_parcelle": "75112000EN0012", "address": "51 AV LEDRU ROLLIN", "sales": 12, "median_price": 1455000.0, "median_price_per_sqm": 11666.666666666666, "median_rooms": 0.5, "first_sale": "2021-08-11", "last_sale": "2023-05-17"}}, {"type": "Feature", "geometry": {"type": "Point", "coordinates": [2.392873, 48.839647]}, "properties": {"id_parcelle": "75112000CB0031", "address": "35 BD DE REUILLY", "sales": 12, "median_price": 220000.0, "median_price_per_sqm": 10192.307692307691, "median_rooms": 0.0, "first_sale": "2021-05-25", "last_sale": "2024-04-30"}}, {"type": "Feature", "geometry": {"type": "Point", "coordinates": [2.377745, 48.846902]}, "properties": {"id_parcelle": "75112000EW0032", "address": "112 RUE DE CHARENTON", "sales": 12, "median_price": 1045120.0, "median_price_per_sqm": 9529.0, "median_rooms": 0.0, "first_sale": "2021-01-28", "last_sale": "2025-06-23"}}, {"type": "Feature", "geometry": {"type": "Point", "coordinates": [2.40169, 48.847344]}, "properties": {"id_parcelle": "75112000AA0022", "address": "30 CRS DE VINCENNES", "sales": 12, "median_price": 323900.0, "median_price_per_sqm": 8624.578388278387, "median_rooms": 0.0, "first_sale": "2021-09-22", "last_sale": "2025-08-08"}}, {"type": "Feature", "geometry": {"type": "Point", "coordinates": [2.40293, 48.846842]}, "properties": {"id_parcelle": "75112000AA0041", "address": "25 RUE MARSOULAN", "sales": 12, "median_price": 460000.0, "median_price_per_sqm": 8363.636363636364, "median_rooms": 0.0, "first_sale": "2021-01-07", "last_sale": "2025-10-06"}}, {"type": "Feature", "geometry": {"type": "Point", "coordinates": [2.396431, 48.834606]}, "properties": {"id_parcelle": "75112000BS0029", "address": "19 RUE DES JARDINIERS", "sales": 12, "median_price": 249500.0, "median_price_per_sqm": 7569.124423963134, "median_rooms": 1.0, "first_sale": "2022-10-10", "last_sale": "2023-12-18"}}, {"type": "Feature", "geometry": {"type": "Point", "coordinates": [2.369399, 48.850957]}, "properties": {"id_parcelle": "75112000EP0002", "address": "17 RUE BISCORNET", "sales": 12, "median_price": 397000.0, "median_price_per_sqm": 10179.48717948718, "median_rooms": 0.5, "first_sale": "2021-02-10", "last_sale": "2025-03-11"}}, {"type": "Feature", "geometry": {"type": "Point", "coordinates": [2.387326, 48.843716]}, "properties": {"id_parcelle": "75112000CE0010", "address": "5 RUE EBELMEN", "sales": 12, "median_price": 426500.0, "median_price_per_sqm": 10397.946859903383, "median_rooms": 1.0, "first_sale": "2021-11-24", "last_sale": "2024-07-17"}}, {"type": "Feature", "geometry": {"type": "Point", "coordinates": [2.399077, 48.839991]}, "properties": {"id_parcelle": "75112000BY0047", "address": "67 BD DE REUILLY", "sales": 12, "median_price": 371130.0, "median_price_per_sqm": 8846.153846153846, "median_rooms": 1.0, "first_sale": "2021-06-10", "last_sale": "2025-11-07"}}, {"type": "Feature", "geometry": {"type": "Point", "coordinates": [2.369943, 48.847525]}, "properties": {"id_parcelle": "75112000EO0033", "address": "31 AV LEDRU ROLLIN", "sales": 12, "median_price": 251000.0, "median_price_per_sqm": 10472.44094488189, "median_rooms": 0.0, "first_sale": "2021-02-08", "last_sale": "2024-01-31"}}, {"type": "Feature", "geometry": {"type": "Point", "coordinates": [2.372874, 48.846468]}, "properties": {"id_parcelle": "75112000EM0043", "address": "9 RUE EMILE GILBERT", "sales": 12, "median_price": 389505.0, "median_price_per_sqm": 10000.0, "median_rooms": 2.0, "first_sale": "2021-01-29", "last_sale": "2025-12-19"}}, {"type": "Feature", "geometry": {"type": "Point", "coordinates": [2.401942, 48.838203]}, "properties": {"id_parcelle": "75112000AS0019", "address": "125 RUE DE PICPUS", "sales": 12, "median_price": 311000.0, "median_price_per_sqm": 8200.0, "median_rooms": 1.0, "first_sale": "2024-09-03", "last_sale": "2025-10-27"}}, {"type": "Feature", "geometry": {"type": "Point", "coordinates": [2.398348, 48.846339]}, "properties": {"id_parcelle": "75112000CL0026", "address": "13 RUE DES COLONNES DU TRONE", "sales": 12, "median_price": 224000.0, "median_price_per_sqm": 10661.943319838058, "median_rooms": 0.5, "first_sale": "2024-04-15", "last_sale": "2024-09-04"}}, {"type": "Feature", "geometry": {"type": "Point", "coordinates": [2.369456, 48.850506]}, "properties": {"id_parcelle": "75112000EP0006", "address": "11 RUE BISCORNET", "sales": 12, "median_price": 430000.0, "median_price_per_sqm": 12991.071428571428, "median_rooms": 1.0, "first_sale": "2021-01-22", "last_sale": "2025-07-10"}}, {"type": "Feature", "geometry": {"type": "Point", "coordinates": [2.371049, 48.848123]}, "properties": {"id_parcelle": "75112000EO0029", "address": "33 RUE DE LYON", "sales": 12, "median_price": 790000.0, "median_price_per_sqm": 12058.823529411764, "median_rooms": 0.0, "first_sale": "2021-09-27", "last_sale": "2025-09-18"}}, {"type": "Feature", "geometry": {"type": "Point", "coordinates": [2.404869, 48.837844]}, "properties": {"id_parcelle": "75112000AS0057", "address": "10 RUE ROTTEMBOURG", "sales": 12, "median_price": 232382.5, "median_price_per_sqm": 8414.814814814814, "median_rooms": 1.0, "first_sale": "2022-09-20", "last_sale": "2025-11-14"}}, {"type": "Feature", "geometry": {"type": "Point", "coordinates": [2.391109, 48.836398]}, "properties": {"id_parcelle": "75112000DE0017", "address": "26 RUE CORIOLIS", "sales": 12, "median_price": 351990.0, "median_price_per_sqm": 8630.352564102564, "median_rooms": 0.5, "first_sale": "2021-12-15", "last_sale": "2025-10-31"}}, {"type": "Feature", "geometry": {"type": "Point", "coordinates": [2.398889, 48.833522]}, "properties": {"id_parcelle": "75112000BR0038", "address": "25 AV DU GAL MICHEL BIZOT", "sales": 12, "median_price": 387000.0, "median_price_per_sqm": 7760.63829787234, "median_rooms": 0.0, "first_sale": "2021-09-20", "last_sale": "2025-07-09"}}, {"type": "Feature", "geometry": {"type": "Point", "coordinates": [2.39172, 48.837225]}, "properties": {"id_parcelle": "75112000BT0058", "address": "241 RUE DE CHARENTON", "sales": 12, "median_price": 715000.0, "median_price_per_sqm": 7618.421052631578, "median_rooms": 0.0, "first_sale": "2021-12-14", "last_sale": "2025-03-31"}}, {"type": "Feature", "geometry": {"type": "Point", "coordinates": [2.401693, 48.836503]}, "properties": {"id_parcelle": "75112000BP0064", "address": "60 RUE DE FECAMP", "sales": 12, "median_price": 324500.0, "median_price_per_sqm": 9417.96875, "median_rooms": 2.0, "first_sale": "2021-01-15", "last_sale": "2025-12-10"}}, {"type": "Feature", "geometry": {"type": "Point", "coordinates": [2.39289, 48.846567]}, "properties": {"id_parcelle": "75112000CO0032", "address": "9 RUE DORIAN", "sales": 12, "median_price": 405000.0, "median_price_per_sqm": 9361.702127659575, "median_rooms": 1.5, "first_sale": "2021-06-11", "last_sale": "2023-05-26"}}, {"type": "Feature", "geometry": {"type": "Point", "coordinates": [2.37617, 48.847856]}, "properties": {"id_parcelle": "75112000EW0046", "address": "92 RUE DE CHARENTON", "sales": 12, "median_price": 390000.0, "median_price_per_sqm": 10332.507583417593, "median_rooms": 2.0, "first_sale": "2021-03-12", "last_sale": "2025-10-30"}}, {"type": "Feature", "geometry": {"type": "Point", "coordinates": [2.377722, 48.850182]}, "properties": {"id_parcelle": "75112000EX0012", "address": "28 RUE CHARLES BAUDELAIRE", "sales": 12, "median_price": 375500.0, "median_price_per_sqm": 9301.864801864802, "median_rooms": 1.5, "first_sale": "2023-11-08", "last_sale": "2025-10-28"}}, {"type": "Feature", "geometry": {"type": "Point", "coordinates": [2.375304, 48.846498]}, "properties": {"id_parcelle": "75112000EW0071", "address": "5 RUE LEGRAVEREND", "sales": 12, "median_price": 593875.0, "median_price_per_sqm": 10270.27027027027, "median_rooms": 0.0, "first_sale": "2021-07-09", "last_sale": "2025-07-29"}}, {"type": "Feature", "geometry": {"type": "Point", "coordinates": [2.39172, 48.836045]}, "properties": {"id_parcelle": "75112000DE0012", "address": "288 RUE DE CHARENTON", "sales": 12, "median_price": 281500.0, "median_price_per_sqm": 8258.064516129032, "median_rooms": 2.0, "first_sale": "2021-02-16", "last_sale": "2025-03-18"}}, {"type": "Feature", "geometry": {"type": "Point", "coordinates": [2.406425, 48.845344]}, "properties": {"id_parcelle": "75112000AI0015", "address": "11 RUE DE LA VOUTE", "sales": 11, "median_price": 257000.0, "median_price_per_sqm": 10769.23076923077, "median_rooms": 1.0, "first_sale": "2022-03-17", "last_sale": "2025-01-27"}}, {"type": "Feature", "geometry": {"type": "Point", "coordinates": [2.397492, 48.845787]}, "properties": {"id_parcelle": "75112000CM0044", "address": "5 AV DU BEL AIR", "sales": 11, "median_price": 60000.0, "median_price_per_sqm": 5923.076923076923, "median_rooms": 0.0, "first_sale": "2022-03-24", "last_sale": "2024-12-19"}}, {"type": "Feature", "geometry": {"type": "Point", "coordinates": [2.407241, 48.83662]}, "properties": {"id_parcelle": "75112000AX0052", "address": "17 BD SOULT", "sales": 11, "median_price": 411500.0, "median_price_per_sqm": 9090.90909090909, "median_rooms": 1.0, "first_sale": "2021-03-01", "last_sale": "2025-09-12"}}, {"type": "Feature", "geometry": {"type": "Point", "coordinates": [2.386815, 48.841395]}, "properties": {"id_parcelle": "75112000CZ0009", "address": "204 RUE DE CHARENTON", "sales": 11, "median_price": 455000.0, "median_price_per_sqm": 10111.111111111111, "median_rooms": 0.0, "first_sale": "2022-05-18", "last_sale": "2025-08-22"}}, {"type": "Feature", "geometry": {"type": "Point", "coordinates": [2.399375, 48.835221]}, "properties": {"id_parcelle": "75112000BP0036", "address": "71 RUE DE WATTIGNIES", "sales": 11, "median_price": 205000.0, "median_price_per_sqm": 9722.222222222223, "median_rooms": 1.0, "first_sale": "2021-05-27", "last_sale": "2024-09-05"}}, {"type": "Feature", "geometry": {"type": "Point", "coordinates": [2.400914, 48.835059]}, "properties": {"id_parcelle": "75112000BP0046", "address": "47 AV DU GAL MICHEL BIZOT", "sales": 11, "median_price": 315000.0, "median_price_per_sqm": 9743.416927899687, "median_rooms": 2.0, "first_sale": "2021-01-07", "last_sale": "2023-04-17"}}, {"type": "Feature", "geometry": {"type": "Point", "coordinates": [2.398181, 48.836746]}, "properties": {"id_parcelle": "75112000BW0002", "address": "57 RUE CLAUDE DECAEN", "sales": 11, "median_price": 307000.0, "median_price_per_sqm": 8010.061919504644, "median_rooms": 2.0, "first_sale": "2021-02-19", "last_sale": "2025-02-25"}}, {"type": "Feature", "geometry": {"type": "Point", "coordinates": [2.399407, 48.832752]}, "properties": {"id_parcelle": "75112000BN0038", "address": "33 BD PONIATOWSKI", "sales": 11, "median_price": 985000.0, "median_price_per_sqm": 9502.341523008008, "median_rooms": 1.0, "first_sale": "2021-09-09", "last_sale": "2023-10-11"}}, {"type": "Feature", "geometry": {"type": "Point", "coordinates": [2.393465, 48.837208]}, "properties": {"id_parcelle": "75112000BT0022", "address": "15 RUE DE LA BRECHE AUX LOUPS", "sales": 11, "median_price": 354000.0, "median_price_per_sqm": 9367.439516129032, "median_rooms": 1.0, "first_sale": "2022-09-12", "last_sale": "2025-08-29"}}, {"type": "Feature", "geometry": {"type": "Point", "coordinates": [2.380432, 48.848988]}, "properties": {"id_parcelle": "75112000EY0037", "address": "52 RUE CROZATIER", "sales": 11, "median_price": 570000.0, "median_price_per_sqm": 9873.859649122807, "median_rooms": 0.0, "first_sale": "2022-02-16", "last_sale": "2025-08-26"}}, {"type": "Feature", "geometry": {"type": "Point", "coordinates": [2.405939, 48.844278]}, "properties": {"id_parcelle": "75112000AH0001", "address": "50 AV DU DOC ARNOLD NETTER", "sales": 11, "median_price": 540000.0, "median_price_per_sqm": 8229.096029287524, "median_rooms": 0.0, "first_sale": "2021-03-11", "last_sale": "2025-09-26"}}, {"type": "Feature", "geometry": {"type": "Point", "coordinates": [2.377772, 48.847628]}, "properties": {"id_parcelle": "75112000EW0007", "address": "99 RUE DE CHARENTON", "sales": 11, "median_price": 285000.0, "median_price_per_sqm": 9913.725490196079, "median_rooms": 1.0, "first_sale": "2022-06-07", "last_sale": "2025-03-11"}}, {"type": "Feature", "geometry": {"type": "Point", "coordinates": [2.395065, 48.836275]}, "properties": {"id_parcelle": "75112000BW0019", "address": "29 RUE DE WATTIGNIES", "sales": 11, "median_price": 237000.0, "median_price_per_sqm": 8709.677419354839, "median_rooms": 0.0, "first_sale": "2022-02-17", "last_sale": "2024-07-15"}}, {"type": "Feature", "geometry": {"type": "Point", "coordinates": [2.397956, 48.847543]}, "properties": {"id_parcelle": "75112000CN0038", "address": "85 BD DE PICPUS", "sales": 11, "median_price": 790000.0, "median_price_per_sqm": 9555.555555555555, "median_rooms": 0.0, "first_sale": "2023-08-04", "last_sale": "2025-07-24"}}, {"type": "Feature", "geometry": {"type": "Point", "coordinates": [2.39766, 48.84561]}, "properties": {"id_parcelle": "75112000CM0046", "address": "1 AV DU BEL AIR", "sales": 11, "median_price": 795000.0, "median_price_per_sqm": 10777.777777777777, "median_rooms": 0.0, "first_sale": "2021-02-24", "last_sale": "2023-03-31"}}, {"type": "Feature", "geometry": {"type": "Point", "coordinates": [2.393388, 48.837128]}, "properties": {"id_parcelle": "75112000BT0021", "address": "13 RUE DE LA BRECHE AUX LOUPS", "sales": 11, "median_price": 592500.0, "median_price_per_sqm": 8845.561594202898, "median_rooms": 0.0, "first_sale": "2022-03-03", "last_sale": "2025-12-19"}}, {"type": "Feature", "geometry": {"type": "Point", "coordinates": [2.398971, 48.835967]}, "properties": {"id_parcelle": "75112000BP0014", "address": "41 RUE CLAUDE DECAEN", "sales": 11, "median_price": 230000.0, "median_price_per_sqm": 8970.588235294117, "median_rooms": 2.0, "first_sale": "2022-01-13", "last_sale": "2025-07-17"}}, {"type": "Feature", "geometry": {"type": "Point", "coordinates": [2.389782, 48.839534]}, "properties": {"id_parcelle": "75112000CC0023", "address": "5 RUE DUBRUNFAUT", "sales": 11, "median_price": 27000.0, "median_price_per_sqm": 8113.636363636364, "median_rooms": 0.0, "first_sale": "2021-01-08", "last_sale": "2025-05-28"}}, {"type": "Feature", "geometry": {"type": "Point", "coordinates": [2.398968, 48.839238]}, "properties": {"id_parcelle": "75112000BY0065", "address": "72 BD DE REUILLY", "sales": 11, "median_price": 957750.0, "median_price_per_sqm": 10248.61111111111, "median_rooms": 0.0, "first_sale": "2022-08-17", "last_sale": "2023-09-19"}}, {"type": "Feature", "geometry": {"type": "Point", "coordinates": [2.402651, 48.839934]}, "properties": {"id_parcelle": "75112000AR0011", "address": "21 RUE LOUIS BRAILLE", "sales": 11, "median_price": 320000.0, "median_price_per_sqm": 8083.673469387755, "median_rooms": 2.0, "first_sale": "2022-10-14", "last_sale": "2024-07-19"}}, {"type": "Feature", "geometry": {"type": "Point", "coordinates": [2.390103, 48.84048]}, "properties": {"id_parcelle": "75112000CC0054", "address": "6 RUE ELISA LEMONNIER", "sales": 11, "median_price": 315000.0, "median_price_per_sqm": 10357.142857142857, "median_rooms": 2.0, "first_sale": "2022-04-06", "last_sale": "2025-10-28"}}, {"type": "Feature", "geometry": {"type": "Point", "coordinates": [2.389109, 48.84886]}, "properties": {"id_parcelle": "75112000CR0003", "address": "30 RUE CLAUDE TILLIER", "sales": 11, "median_price": 215000.0, "median_price_per_sqm": 9873.333333333334, "median_rooms": 1.0, "first_sale": "2021-09-23", "last_sale": "2025-10-03"}}, {"type": "Feature", "geometry": {"type": "Point", "coordinates": [2.402843, 48.844572]}, "properties": {"id_parcelle": "75112000AC0006", "address": "60 BD DE PICPUS", "sales": 11, "median_price": 142000.0, "median_price_per_sqm": 11163.157894736843, "median_rooms": 1.0, "first_sale": "2021-06-29", "last_sale": "2025-11-04"}}, {"type": "Feature", "geometry": {"type": "Point", "coordinates": [2.38959, 48.840409]}, "properties": {"id_parcelle": "75112000CC0082", "address": "9 RUE ELISA LEMONNIER", "sales": 11, "median_price": 402000.0, "median_price_per_sqm": 11387.09677419355, "median_rooms": 0.0, "first_sale": "2021-03-17", "last_sale": "2025-07-30"}}, {"type": "Feature", "geometry": {"type": "Point", "coordinates": [2.370821, 48.846993]}, "properties": {"id_parcelle": "75112000EN0054", "address": "12 RUE D AUSTERLITZ", "sales": 11, "median_price": 380000.0, "median_price_per_sqm": 9000.0, "median_rooms": 1.0, "first_sale": "2021-02-25", "last_sale": "2025-01-31"}}, {"type": "Feature", "geometry": {"type": "Point", "coordinates": [2.39255, 48.840021]}, "properties": {"id_parcelle": "75112000CB0027", "address": "156 AV DAUMESNIL", "sales": 11, "median_price": 190000.0, "median_price_per_sqm": 9071.42857142857, "median_rooms": 1.0, "first_sale": "2022-02-28", "last_sale": "2025-04-14"}}, {"type": "Feature", "geometry": {"type": "Point", "coordinates": [2.390832, 48.837868]}, "properties": {"id_parcelle": "75112000CB0076", "address": "231 RUE DE CHARENTON", "sales": 11, "median_price": 250000.0, "median_price_per_sqm": 9560.46875, "median_rooms": 1.0, "first_sale": "2021-07-27", "last_sale": "2024-10-04"}}, {"type": "Feature", "geometry": {"type": "Point", "coordinates": [2.401007, 48.836269]}, "properties": {"id_parcelle": "75112000BP0067", "address": "52 RUE DE FECAMP", "sales": 11, "median_price": 257000.0, "median_price_per_sqm": 7461.538461538462, "median_rooms": 2.0, "first_sale": "2021-02-01", "last_sale": "2025-05-27"}}, {"type": "Feature", "geometry": {"type": "Point", "coordinates": [2.399345, 48.833834]}, "properties": {"id_parcelle": "75112000BR0035", "address": "29 AV DU GAL MICHEL BIZOT", "sales": 11, "median_price": 240000.0, "median_price_per_sqm": 8677.41935483871, "median_rooms": 1.0, "first_sale": "2021-07-02", "last_sale": "2025-04-22"}}, {"type": "Feature", "geometry": {"type": "Point", "coordinates": [2.397714, 48.840073]}, "properties": {"id_parcelle": "75112000BY0011", "address": "5 RUE DU DOCTEUR GOUJON", "sales": 11, "median_price": 375000.0, "median_price_per_sqm": 8549.6336996337, "median_rooms": 1.0, "first_sale": "2021-09-10", "last_sale": "2025-02-28"}}, {"type": "Feature", "geometry": {"type": "Point", "coordinates": [2.404682, 48.842019]}, "properties": {"id_parcelle": "75112000AD0024", "address": "15 AV DU DOC ARNOLD NETTER", "sales": 11, "median_price": 552820.0, "median_price_per_sqm": 12666.666666666666, "median_rooms": 2.0, "first_sale": "2021-07-27", "last_sale": "2025-12-29"}}, {"type": "Feature", "geometry": {"type": "Point", "coordinates": [2.374298, 48.849975]}, "properties": {"id_parcelle": "75112000ET0003", "address": "73 AV LEDRU ROLLIN", "sales": 11, "median_price": 730769.0, "median_price_per_sqm": 10730.131172839505, "median_rooms": 1.0, "first_sale": "2021-02-10", "last_sale": "2024-04-26"}}, {"type": "Feature", "geometry": {"type": "Point", "coordinates": [2.368942, 48.850147]}, "properties": {"id_parcelle": "75112000EP0008", "address": "34 BD DE LA BASTILLE", "sales": 11, "median_price": 565000.0, "median_price_per_sqm": 10272.727272727272, "median_rooms": 2.0, "first_sale": "2021-02-16", "last_sale": "2024-03-05"}}, {"type": "Feature", "geometry": {"type": "Point", "coordinates": [2.369333, 48.850294]}, "properties": {"id_parcelle": "75112000EP0007", "address": "36 BD DE LA BASTILLE", "sales": 11, "median_price": 920000.0, "median_price_per_sqm": 10000.0, "median_rooms": 0.0, "first_sale": "2021-07-28", "last_sale": "2024-05-06"}}, {"type": "Feature", "geometry": {"type": "Point", "coordinates": [2.403713, 48.836217]}, "properties": {"id_parcelle": "75112000AX0008", "address": "260 AV DAUMESNIL", "sales": 11, "median_price": 286890.0, "median_price_per_sqm": 9032.258064516129, "median_rooms": 2.0, "first_sale": "2021-03-02", "last_sale": "2024-12-18"}}, {"type": "Feature", "geometry": {"type": "Point", "coordinates": [2.402987, 48.838817]}, "properties": {"id_parcelle": "75112000AS0036", "address": "18 RUE DE TOUL", "sales": 11, "median_price": 544000.0, "median_price_per_sqm": 10188.275862068966, "median_rooms": 0.0, "first_sale": "2021-04-30", "last_sale": "2025-09-12"}}, {"type": "Feature", "geometry": {"type": "Point", "coordinates": [2.398796, 48.838026]}, "properties": {"id_parcelle": "75112000BX0077", "address": "194 AV DAUMESNIL", "sales": 11, "median_price": 470000.0, "median_price_per_sqm": 9171.183378500453, "median_rooms": 2.0, "first_sale": "2022-04-22", "last_sale": "2024-06-11"}}, {"type": "Feature", "geometry": {"type": "Point", "coordinates": [2.397116, 48.839893]}, "properties": {"id_parcelle": "75112000BY0004", "address": "53 BD DE REUILLY", "sales": 11, "median_price": 650000.0, "median_price_per_sqm": 10214.285714285714, "median_rooms": 0.0, "first_sale": "2021-07-26", "last_sale": "2024-10-09"}}, {"type": "Feature", "geometry": {"type": "Point", "coordinates": [2.404874, 48.836578]}, "properties": {"id_parcelle": "75112000AT0014", "address": "263 AV DAUMESNIL", "sales": 11, "median_price": 294500.0, "median_price_per_sqm": 8741.02564102564, "median_rooms": 1.0, "first_sale": "2021-01-14", "last_sale": "2025-09-17"}}, {"type": "Feature", "geometry": {"type": "Point", "coordinates": [2.385565, 48.835683]}, "properties": {"id_parcelle": "75112000DZ0040", "address": "3 RUE DE DIJON", "sales": 11, "median_price": 780000.0, "median_price_per_sqm": 9381.57894736842, "median_rooms": 1.0, "first_sale": "2021-03-29", "last_sale": "2025-03-12"}}, {"type": "Feature", "geometry": {"type": "Point", "coordinates": [2.393333, 48.838047]}, "properties": {"id_parcelle": "75112000BT0016", "address": "7 RUE DE LA DURANCE", "sales": 11, "median_price": 423000.0, "median_price_per_sqm": 10665.78947368421, "median_rooms": 1.0, "first_sale": "2022-05-19", "last_sale": "2025-10-21"}}, {"type": "Feature", "geometry": {"type": "Point", "coordinates": [2.392665, 48.836023]}, "properties": {"id_parcelle": "75112000BS0059", "address": "259 RUE DE CHARENTON", "sales": 11, "median_price": 247000.0, "median_price_per_sqm": 9118.400423728814, "median_rooms": 1.0, "first_sale": "2021-01-14", "last_sale": "2025-04-15"}}, {"type": "Feature", "geometry": {"type": "Point", "coordinates": [2.407606, 48.844206]}, "properties": {"id_parcelle": "75112000AH0054", "address": "98 AV DE SAINT-MANDE", "sales": 11, "median_price": 345000.0, "median_price_per_sqm": 8273.809523809523, "median_rooms": 0.0, "first_sale": "2021-04-29", "last_sale": "2025-07-15"}}, {"type": "Feature", "geometry": {"type": "Point", "coordinates": [2.39419, 48.846284]}, "properties": {"id_parcelle": "75112000CO0047", "address": "49 RUE DU SERGENT BAUCHAT", "sales": 11, "median_price": 278600.0, "median_price_per_sqm": 8846.673387096775, "median_rooms": 1.0, "first_sale": "2022-05-30", "last_sale": "2024-09-10"}}, {"type": "Feature", "geometry": {"type": "Point", "coordinates": [2.399845, 48.845933]}, "properties": {"id_parcelle": "75112000CL0067", "address": "7 VLA DE SAINT MANDE", "sales": 11, "median_price": 1795000.0, "median_price_per_sqm": 72262.47987117551, "median_rooms": 0.0, "first_sale": "2022-02-18", "last_sale": "2022-07-21"}}, {"type": "Feature", "geometry": {"type": "Point", "coordinates": [2.386506, 48.849401]}, "properties": {"id_parcelle": "75112000CS0014", "address": "214 RUE DU FBG ST ANTOINE", "sales": 11, "median_price": 340000.0, "median_price_per_sqm": 8809.52380952381, "median_rooms": 1.0, "first_sale": "2021-05-07", "last_sale": "2025-06-17"}}, {"type": "Feature", "geometry": {"type": "Point", "coordinates": [2.394738, 48.841528]}, "properties": {"id_parcelle": "75112000CI0008", "address": "17 RUE DE LA GARE DE REUILLY", "sales": 11, "median_price": 520000.0, "median_price_per_sqm": 9524.621212121212, "median_rooms": 2.0, "first_sale": "2021-09-21", "last_sale": "2025-07-11"}}, {"type": "Feature", "geometry": {"type": "Point", "coordinates": [2.402342, 48.839853]}, "properties": {"id_parcelle": "75112000AR0055", "address": "17 RUE LOUIS BRAILLE", "sales": 11, "median_price": 706409.0, "median_price_per_sqm": 9909.776202670568, "median_rooms": 4.0, "first_sale": "2022-07-01", "last_sale": "2024-12-10"}}, {"type": "Feature", "geometry": {"type": "Point", "coordinates": [2.40908, 48.846443]}, "properties": {"id_parcelle": "75112000AI0086", "address": "46 RUE DE LA VOUTE", "sales": 11, "median_price": 220000.0, "median_price_per_sqm": 9082.411067193676, "median_rooms": 1.0, "first_sale": "2021-05-06", "last_sale": "2025-10-08"}}, {"type": "Feature", "geometry": {"type": "Point", "coordinates": [2.408757, 48.846025]}, "properties": {"id_parcelle": "75112000AI0081", "address": "38 RUE DE LA VOUTE", "sales": 11, "median_price": 229000.0, "median_price_per_sqm": 7828.063725490196, "median_rooms": 0.0, "first_sale": "2021-09-01", "last_sale": "2024-10-11"}}, {"type": "Feature", "geometry": {"type": "Point", "coordinates": [2.407784, 48.845155]}, "properties": {"id_parcelle": "75112000AI0074", "address": "7 RUE MONTERA", "sales": 11, "median_price": 274050.0, "median_price_per_sqm": 9928.75, "median_rooms": 1.0, "first_sale": "2022-03-30", "last_sale": "2024-09-24"}}, {"type": "Feature", "geometry": {"type": "Point", "coordinates": [2.4082, 48.844784]}, "properties": {"id_parcelle": "75112000AI0070", "address": "85 AV DE SAINT-MANDE", "sales": 11, "median_price": 825600.0, "median_price_per_sqm": 9809.52380952381, "median_rooms": 0.0, "first_sale": "2021-05-20", "last_sale": "2024-05-06"}}, {"type": "Feature", "geometry": {"type": "Point", "coordinates": [2.388001, 48.843435]}, "properties": {"id_parcelle": "75112000CE0035", "address": "26 RUE MONTGALLET", "sales": 11, "median_price": 468000.0, "median_price_per_sqm": 9571.328671328672, "median_rooms": 1.0, "first_sale": "2021-11-09", "last_sale": "2024-06-28"}}, {"type": "Feature", "geometry": {"type": "Point", "coordinates": [2.405396, 48.837576]}, "properties": {"id_parcelle": "75112000AT0007", "address": "16 RUE DE LA VEGA", "sales": 11, "median_price": 443000.0, "median_price_per_sqm": 8182.379994251221, "median_rooms": 0.0, "first_sale": "2021-05-17", "last_sale": "2025-06-23"}}, {"type": "Feature", "geometry": {"type": "Point", "coordinates": [2.396152, 48.834675]}, "properties": {"id_parcelle": "75112000BS0033", "address": "33 RUE DES MEUNIERS", "sales": 11, "median_price": 390000.0, "median_price_per_sqm": 8745.12987012987, "median_rooms": 0.0, "first_sale": "2021-11-26", "last_sale": "2025-07-31"}}, {"type": "Feature", "geometry": {"type": "Point", "coordinates": [2.394169, 48.836068]}, "properties": {"id_parcelle": "75112000BS0007", "address": "21 RUE NICOLAI", "sales": 11, "median_price": 234005.0, "median_price_per_sqm": 7345.702764976959, "median_rooms": 2.0, "first_sale": "2021-12-13", "last_sale": "2025-05-20"}}, {"type": "Feature", "geometry": {"type": "Point", "coordinates": [2.393221, 48.846727]}, "properties": {"id_parcelle": "75112000CO0070", "address": "2 RUE MARIE BENOIST", "sales": 11, "median_price": 793270.0, "median_price_per_sqm": 10984.932432432433, "median_rooms": 4.0, "first_sale": "2021-03-01", "last_sale": "2025-01-31"}}, {"type": "Feature", "geometry": {"type": "Point", "coordinates": [2.397325, 48.835344]}, "properties": {"id_parcelle": "75112000BS0021", "address": "11 RUE DE WATTIGNIES", "sales": 11, "median_price": 425000.0, "median_price_per_sqm": 8863.095238095239, "median_rooms": 0.0, "first_sale": "2022-11-07", "last_sale": "2024-01-05"}}, {"type": "Feature", "geometry": {"type": "Point", "coordinates": [2.395916, 48.834801]}, "properties": {"id_parcelle": "75112000BS0035", "address": "35 RUE DES MEUNIERS", "sales": 11, "median_price": 253000.0, "median_price_per_sqm": 6657.894736842105, "median_rooms": 0.0, "first_sale": "2021-04-14", "last_sale": "2024-08-07"}}, {"type": "Feature", "geometry": {"type": "Point", "coordinates": [2.379383, 48.845799]}, "properties": {"id_parcelle": "75112000HA0007", "address": "130 RUE DE CHARENTON", "sales": 11, "median_price": 349000.0, "median_price_per_sqm": 10000.0, "median_rooms": 0.0, "first_sale": "2022-08-08", "last_sale": "2025-11-13"}}, {"type": "Feature", "geometry": {"type": "Point", "coordinates": [2.381135, 48.845028]}, "properties": {"id_parcelle": "75112000HA0021", "address": "152 RUE DE CHARENTON", "sales": 11, "median_price": 360000.0, "median_price_per_sqm": 9333.333333333334, "median_rooms": 1.0, "first_sale": "2021-07-20", "last_sale": "2024-11-05"}}, {"type": "Feature", "geometry": {"type": "Point", "coordinates": [2.38044, 48.85013]}, "properties": {"id_parcelle": "75112000EY0100", "address": "154 RUE DU FBG ST ANTOINE", "sales": 11, "median_price": 330000.0, "median_price_per_sqm": 11650.0, "median_rooms": 1.0, "first_sale": "2022-01-04", "last_sale": "2025-11-03"}}, {"type": "Feature", "geometry": {"type": "Point", "coordinates": [2.402233, 48.845911]}, "properties": {"id_parcelle": "75112000AA0061", "address": "45 RUE DU RENDEZ VOUS", "sales": 11, "median_price": 763000.0, "median_price_per_sqm": 10632.674403183024, "median_rooms": 0.0, "first_sale": "2021-05-20", "last_sale": "2025-03-31"}}, {"type": "Feature", "geometry": {"type": "Point", "coordinates": [2.403586, 48.847229]}, "properties": {"id_parcelle": "75112000AB0002", "address": "52 CRS DE VINCENNES", "sales": 11, "median_price": 200000.0, "median_price_per_sqm": 9032.258064516129, "median_rooms": 2.0, "first_sale": "2021-02-15", "last_sale": "2025-12-23"}}, {"type": "Feature", "geometry": {"type": "Point", "coordinates": [2.375422, 48.845815]}, "properties": {"id_parcelle": "75112000HB0009", "address": "7 RUE HECTOR MALOT", "sales": 10, "median_price": 255000.0, "median_price_per_sqm": 7985.714285714286, "median_rooms": 1.0, "first_sale": "2021-11-26", "last_sale": "2024-03-12"}}, {"type": "Feature", "geometry": {"type": "Point", "coordinates": [2.381494, 48.846213]}, "properties": {"id_parcelle": "75112000HA0139", "address": "21 RUE CROZATIER", "sales": 10, "median_price": 329000.0, "median_price_per_sqm": 9513.888888888889, "median_rooms": 0.0, "first_sale": "2021-10-04", "last_sale": "2025-02-14"}}, {"type": "Feature", "geometry": {"type": "Point", "coordinates": [2.391271, 48.839478]}, "properties": {"id_parcelle": "75112000CB0009", "address": "17 BD DE REUILLY", "sales": 10, "median_price": 350000.0, "median_price_per_sqm": 10312.5, "median_rooms": 0.0, "first_sale": "2021-10-14", "last_sale": "2025-07-11"}}, {"type": "Feature", "geometry": {"type": "Point", "coordinates": [2.388701, 48.848187]}, "properties": {"id_parcelle": "75112000CR0017", "address": "22 PAS DU GENIE", "sales": 10, "median_price": 264000.0, "median_price_per_sqm": 9541.280193236715, "median_rooms": 1.0, "first_sale": "2021-08-31", "last_sale": "2025-12-15"}}, {"type": "Feature", "geometry": {"type": "Point", "coordinates": [2.378061, 48.846767]}, "properties": {"id_parcelle": "75112000EW0031", "address": "114 RUE DE CHARENTON", "sales": 10, "median_price": 625000.0, "median_price_per_sqm": 9615.384615384615, "median_rooms": 0.0, "first_sale": "2021-02-12", "last_sale": "2025-01-31"}}, {"type": "Feature", "geometry": {"type": "Point", "coordinates": [2.396487, 48.840139]}, "properties": {"id_parcelle": "75112000CA0018", "address": "3 RUE LAMBLARDIE", "sales": 10, "median_price": 398000.0, "median_price_per_sqm": 9565.084396099024, "median_rooms": 0.0, "first_sale": "2022-03-15", "last_sale": "2025-02-05"}}, {"type": "Feature", "geometry": {"type": "Point", "coordinates": [2.391886, 48.838034]}, "properties": {"id_parcelle": "75112000CB0070", "address": "11 RUE TAINE", "sales": 10, "median_price": 322803.5, "median_price_per_sqm": 10281.481481481482, "median_rooms": 1.0, "first_sale": "2021-05-17", "last_sale": "2025-08-21"}}, {"type": "Feature", "geometry": {"type": "Point", "coordinates": [2.39268, 48.838479]}, "properties": {"id_parcelle": "75112000CB0065", "address": "21 RUE TAINE", "sales": 10, "median_price": 523600.0, "median_price_per_sqm": 8311.111111111111, "median_rooms": 0.5, "first_sale": "2022-05-10", "last_sale": "2025-10-07"}}, {"type": "Feature", "geometry": {"type": "Point", "coordinates": [2.393316, 48.835702]}, "properties": {"id_parcelle": "75112000BS0050", "address": "13 RUE NICOLAI", "sales": 10, "median_price": 355050.0, "median_price_per_sqm": 8356.644518272424, "median_rooms": 2.5, "first_sale": "2021-05-03", "last_sale": "2025-10-07"}}, {"type": "Feature", "geometry": {"type": "Point", "coordinates": [2.38772, 48.848357]}, "properties": {"id_parcelle": "75112000CS0077", "address": "15 RUE CLAUDE TILLIER", "sales": 10, "median_price": 947000.0, "median_price_per_sqm": 13293.092105263157, "median_rooms": 2.0, "first_sale": "2021-01-14", "last_sale": "2025-09-01"}}, {"type": "Feature", "geometry": {"type": "Point", "coordinates": [2.388126, 48.848432]}, "properties": {"id_parcelle": "75112000CS0039", "address": "19 RUE CLAUDE TILLIER", "sales": 10, "median_price": 362500.0, "median_price_per_sqm": 9082.633053221289, "median_rooms": 0.5, "first_sale": "2021-04-29", "last_sale": "2025-05-22"}}, {"type": "Feature", "geometry": {"type": "Point", "coordinates": [2.398339, 48.834445]}, "properties": {"id_parcelle": "75112000BR0029", "address": "8 RUE DE FECAMP", "sales": 10, "median_price": 343600.0, "median_price_per_sqm": 9042.105263157895, "median_rooms": 1.0, "first_sale": "2021-06-03", "last_sale": "2025-06-06"}}, {"type": "Feature", "geometry": {"type": "Point", "coordinates": [2.392725, 48.836969]}, "properties": {"id_parcelle": "75112000BT0052", "address": "9 RUE DE WATTIGNIES", "sales": 10, "median_price": 308300.0, "median_price_per_sqm": 9166.666666666666, "median_rooms": 0.5, "first_sale": "2023-02-13", "last_sale": "2025-09-04"}}, {"type": "Feature", "geometry": {"type": "Point", "coordinates": [2.393091, 48.838117]}, "properties": {"id_parcelle": "75112000BT0003", "address": "22 RUE TAINE", "sales": 10, "median_price": 603038.0, "median_price_per_sqm": 10297.52, "median_rooms": 0.0, "first_sale": "2021-09-29", "last_sale": "2025-07-10"}}, {"type": "Feature", "geometry": {"type": "Point", "coordinates": [2.393453, 48.835773]}, "properties": {"id_parcelle": "75112000BS0051", "address": "15 RUE NICOLAI", "sales": 10, "median_price": 301900.0, "median_price_per_sqm": 10076.923076923076, "median_rooms": 1.0, "first_sale": "2022-03-30", "last_sale": "2025-09-08"}}, {"type": "Feature", "geometry": {"type": "Point", "coordinates": [2.406383, 48.841188]}, "properties": {"id_parcelle": "75112000AE0042", "address": "12 RUE DE RAMBERVILLERS", "sales": 10, "median_price": 21500.0, "median_price_per_sqm": 9982.692307692309, "median_rooms": 0.0, "first_sale": "2021-06-23", "last_sale": "2024-05-22"}}, {"type": "Feature", "geometry": {"type": "Point", "coordinates": [2.395112, 48.846198]}, "properties": {"id_parcelle": "75112000CM0017", "address": "5 RUE FABRE D EGLANTINE", "sales": 10, "median_price": 324002.5, "median_price_per_sqm": 9303.030303030304, "median_rooms": 0.0, "first_sale": "2022-11-18", "last_sale": "2025-03-05"}}, {"type": "Feature", "geometry": {"type": "Point", "coordinates": [2.399484, 48.837735]}, "properties": {"id_parcelle": "75112000BX0039", "address": "210 AV DAUMESNIL", "sales": 10, "median_price": 277500.0, "median_price_per_sqm": 8312.5, "median_rooms": 0.0, "first_sale": "2021-03-26", "last_sale": "2025-03-31"}}, {"type": "Feature", "geometry": {"type": "Point", "coordinates": [2.401352, 48.836819]}, "properties": {"id_parcelle": "75112000BX0034", "address": "55 RUE DE FECAMP", "sales": 10, "median_price": 411000.0, "median_price_per_sqm": 8240.217391304348, "median_rooms": 0.0, "first_sale": "2021-05-26", "last_sale": "2025-02-04"}}, {"type": "Feature", "geometry": {"type": "Point", "coordinates": [2.40124, 48.838255]}, "properties": {"id_parcelle": "75112000BX0014", "address": "112 RUE DE PICPUS", "sales": 10, "median_price": 240000.0, "median_price_per_sqm": 9327.062807881774, "median_rooms": 1.0, "first_sale": "2022-10-07", "last_sale": "2025-09-26"}}, {"type": "Feature", "geometry": {"type": "Point", "coordinates": [2.399818, 48.846441]}, "properties": {"id_parcelle": "75112000CL0062", "address": "65 BD DE PICPUS", "sales": 10, "median_price": 1000000.0, "median_price_per_sqm": 10319.148936170212, "median_rooms": 0.0, "first_sale": "2021-02-26", "last_sale": "2025-06-24"}}, {"type": "Feature", "geometry": {"type": "Point", "coordinates": [2.395322, 48.838422]}, "properties": {"id_parcelle": "75112000BV0016", "address": "37 RUE DE LA BRECHE AUX LOUPS", "sales": 10, "median_price": 475000.0, "median_price_per_sqm": 10414.814323607428, "median_rooms": 0.0, "first_sale": "2021-05-18", "last_sale": "2023-06-14"}}, {"type": "Feature", "geometry": {"type": "Point", "coordinates": [2.384356, 48.843636]}, "properties": {"id_parcelle": "75112000CW0017", "address": "180 RUE DE CHARENTON", "sales": 10, "median_price": 425000.0, "median_price_per_sqm": 10120.0, "median_rooms": 1.0, "first_sale": "2021-02-24", "last_sale": "2025-03-28"}}, {"type": "Feature", "geometry": {"type": "Point", "coordinates": [2.383972, 48.842834]}, "properties": {"id_parcelle": "75112000CW0030", "address": "104 AV DAUMESNIL", "sales": 10, "median_price": 355000.0, "median_price_per_sqm": 10015.084057971015, "median_rooms": 0.5, "first_sale": "2021-03-19", "last_sale": "2024-09-23"}}, {"type": "Feature", "geometry": {"type": "Point", "coordinates": [2.374915, 48.851135]}, "properties": {"id_parcelle": "75112000ET0012", "address": "20 RUE SAINT NICOLAS", "sales": 10, "median_price": 390300.0, "median_price_per_sqm": 11989.473684210527, "median_rooms": 0.0, "first_sale": "2021-09-07", "last_sale": "2025-05-07"}}, {"type": "Feature", "geometry": {"type": "Point", "coordinates": [2.383961, 48.846035]}, "properties": {"id_parcelle": "75112000CT0008", "address": "12 RUE CHALIGNY", "sales": 10, "median_price": 225370.0, "median_price_per_sqm": 10791.308823529413, "median_rooms": 0.0, "first_sale": "2021-07-30", "last_sale": "2025-03-12"}}, {"type": "Feature", "geometry": {"type": "Point", "coordinates": [2.376729, 48.850724]}, "properties": {"id_parcelle": "75112000ET0031", "address": "9 RUE ANTOINE VOLLON", "sales": 10, "median_price": 650000.0, "median_price_per_sqm": 12545.454545454546, "median_rooms": 1.0, "first_sale": "2021-04-20", "last_sale": "2025-09-04"}}, {"type": "Feature", "geometry": {"type": "Point", "coordinates": [2.384048, 48.845844]}, "properties": {"id_parcelle": "75112000CT0063", "address": "3 IMP ERARD", "sales": 10, "median_price": 640000.0, "median_price_per_sqm": 10527.455357142857, "median_rooms": 0.0, "first_sale": "2023-06-20", "last_sale": "2025-08-27"}}, {"type": "Feature", "geometry": {"type": "Point", "coordinates": [2.396167, 48.836175]}, "properties": {"id_parcelle": "75112000BW0007", "address": "41 RUE DE WATTIGNIES", "sales": 10, "median_price": 615800.0, "median_price_per_sqm": 10099.422926447574, "median_rooms": 0.0, "first_sale": "2021-11-29", "last_sale": "2025-08-08"}}, {"type": "Feature", "geometry": {"type": "Point", "coordinates": [2.39525, 48.836435]}, "properties": {"id_parcelle": "75112000BW0015", "address": "32 RUE NICOLAI", "sales": 10, "median_price": 1230000.0, "median_price_per_sqm": 14302.32558139535, "median_rooms": 0.0, "first_sale": "2023-02-03", "last_sale": "2025-01-29"}}, {"type": "Feature", "geometry": {"type": "Point", "coordinates": [2.39572, 48.836588]}, "properties": {"id_parcelle": "75112000BW0020", "address": "36 RUE NICOLAI", "sales": 10, "median_price": 326400.0, "median_price_per_sqm": 9515.02564102564, "median_rooms": 0.0, "first_sale": "2021-09-17", "last_sale": "2025-10-30"}}, {"type": "Feature", "geometry": {"type": "Point", "coordinates": [2.392476, 48.836382]}, "properties": {"id_parcelle": "75112000BT0041", "address": "253 RUE DE CHARENTON", "sales": 10, "median_price": 850500.0, "median_price_per_sqm": 35400.0, "median_rooms": 1.0, "first_sale": "2021-02-12", "last_sale": "2022-01-11"}}, {"type": "Feature", "geometry": {"type": "Point", "coordinates": [2.386719, 48.840763]}, "properties": {"id_parcelle": "75112000DA0004", "address": "4 RUE BAULANT", "sales": 10, "median_price": 296800.0, "median_price_per_sqm": 8980.30303030303, "median_rooms": 0.0, "first_sale": "2022-02-10", "last_sale": "2025-10-22"}}, {"type": "Feature", "geometry": {"type": "Point", "coordinates": [2.401786, 48.842193]}, "properties": {"id_parcelle": "75112000AD0007", "address": "36 BD DE PICPUS", "sales": 10, "median_price": 572425.0, "median_price_per_sqm": 10374.418604651164, "median_rooms": 1.0, "first_sale": "2021-06-28", "last_sale": "2023-09-25"}}, {"type": "Feature", "geometry": {"type": "Point", "coordinates": [2.388056, 48.838576]}, "properties": {"id_parcelle": "75112000DD0003", "address": "64 BD DE BERCY", "sales": 10, "median_price": 325975.0, "median_price_per_sqm": 8438.57142857143, "median_rooms": 2.0, "first_sale": "2021-01-25", "last_sale": "2025-11-27"}}, {"type": "Feature", "geometry": {"type": "Point", "coordinates": [2.406696, 48.836075]}, "properties": {"id_parcelle": "75112000AX0058", "address": "5 BD SOULT", "sales": 10, "median_price": 426750.0, "median_price_per_sqm": 9436.296534017973, "median_rooms": 2.5, "first_sale": "2021-02-26", "last_sale": "2025-09-16"}}, {"type": "Feature", "geometry": {"type": "Point", "coordinates": [2.397173, 48.839307]}, "properties": {"id_parcelle": "75112000BY0071", "address": "199 AV DAUMESNIL", "sales": 10, "median_price": 784088.0, "median_price_per_sqm": 9446.843373493975, "median_rooms": 0.5, "first_sale": "2023-09-14", "last_sale": "2023-09-14"}}, {"type": "Feature", "geometry": {"type": "Point", "coordinates": [2.400115, 48.838554]}, "properties": {"id_parcelle": "75112000BY0098", "address": "5 RUE GOSSEC", "sales": 10, "median_price": 323500.0, "median_price_per_sqm": 9776.5625, "median_rooms": 1.5, "first_sale": "2022-03-16", "last_sale": "2024-03-12"}}, {"type": "Feature", "geometry": {"type": "Point", "coordinates": [2.368708, 48.849819]}, "properties": {"id_parcelle": "75112000EO0001", "address": "32 BD DE LA BASTILLE", "sales": 10, "median_price": 480000.0, "median_price_per_sqm": 9692.24121375072, "median_rooms": 0.0, "first_sale": "2021-06-11", "last_sale": "2025-05-27"}}, {"type": "Feature", "geometry": {"type": "Point", "coordinates": [2.381982, 48.845535]}, "properties": {"id_parcelle": "75112000HA0040", "address": "10 AV DE CORBERA", "sales": 10, "median_price": 304000.0, "median_price_per_sqm": 8230.76923076923, "median_rooms": 1.0, "first_sale": "2021-05-11", "last_sale": "2025-08-19"}}, {"type": "Feature", "geometry": {"type": "Point", "coordinates": [2.379794, 48.848226]}, "properties": {"id_parcelle": "75112000EX0059", "address": "5 IMP CROZATIER", "sales": 10, "median_price": 330000.0, "median_price_per_sqm": 11266.666666666668, "median_rooms": 1.0, "first_sale": "2021-04-24", "last_sale": "2025-06-20"}}, {"type": "Feature", "geometry": {"type": "Point", "coordinates": [2.403015, 48.847235]}, "properties": {"id_parcelle": "75112000AA0038", "address": "46 CRS DE VINCENNES", "sales": 10, "median_price": 313500.0, "median_price_per_sqm": 10053.57142857143, "median_rooms": 1.5, "first_sale": "2021-09-03", "last_sale": "2025-03-05"}}, {"type": "Feature", "geometry": {"type": "Point", "coordinates": [2.381471, 48.845358]}, "properties": {"id_parcelle": "75112000HA0036", "address": "135 RUE DE CHARENTON", "sales": 10, "median_price": 326750.0, "median_price_per_sqm": 10712.36559139785, "median_rooms": 1.0, "first_sale": "2021-04-21", "last_sale": "2025-07-10"}}, {"type": "Feature", "geometry": {"type": "Point", "coordinates": [2.377307, 48.84932]}, "properties": {"id_parcelle": "75112000EX0083", "address": "15 RUE DE COTTE", "sales": 10, "median_price": 257500.0, "median_price_per_sqm": 9200.0, "median_rooms": 1.0, "first_sale": "2021-04-26", "last_sale": "2024-12-18"}}, {"type": "Feature", "geometry": {"type": "Point", "coordinates": [2.370241, 48.846629]}, "properties": {"id_parcelle": "75112000EN0040", "address": "4 RUE D AUSTERLITZ", "sales": 10, "median_price": 245000.0, "median_price_per_sqm": 9861.111111111111, "median_rooms": 0.0, "first_sale": "2021-09-07", "last_sale": "2025-09-17"}}, {"type": "Feature", "geometry": {"type": "Point", "coordinates": [2.391188, 48.840377]}, "properties": {"id_parcelle": "75112000CC0043", "address": "148 AV DAUMESNIL", "sales": 10, "median_price": 1005000.0, "median_price_per_sqm": 10150.0, "median_rooms": 2.0, "first_sale": "2022-04-04", "last_sale": "2024-09-24"}}, {"type": "Feature", "geometry": {"type": "Point", "coordinates": [2.390771, 48.839939]}, "properties": {"id_parcelle": "75112000CC0033", "address": "4 RUE PLEYEL", "sales": 10, "median_price": 319000.0, "median_price_per_sqm": 7412.1875, "median_rooms": 0.5, "first_sale": "2022-04-28", "last_sale": "2025-10-30"}}, {"type": "Feature", "geometry": {"type": "Point", "coordinates": [2.403297, 48.840439]}, "properties": {"id_parcelle": "75112000AR0006", "address": "9 RUE MESSIDOR", "sales": 10, "median_price": 183500.0, "median_price_per_sqm": 9210.526315789473, "median_rooms": 0.0, "first_sale": "2021-02-15", "last_sale": "2023-06-16"}}, {"type": "Feature", "geometry": {"type": "Point", "coordinates": [2.383194, 48.845891]}, "properties": {"id_parcelle": "75112000HA0058", "address": "11 RUE CHALIGNY", "sales": 10, "median_price": 390000.0, "median_price_per_sqm": 11098.484848484848, "median_rooms": 1.0, "first_sale": "2021-02-11", "last_sale": "2023-09-21"}}, {"type": "Feature", "geometry": {"type": "Point", "coordinates": [2.383459, 48.846736]}, "properties": {"id_parcelle": "75112000HA0070", "address": "86 BD DIDEROT", "sales": 10, "median_price": 465000.0, "median_price_per_sqm": 11794.871794871795, "median_rooms": 1.0, "first_sale": "2023-01-03", "last_sale": "2024-12-27"}}, {"type": "Feature", "geometry": {"type": "Point", "coordinates": [2.387833, 48.843803]}, "properties": {"id_parcelle": "75112000CE0020", "address": "3 PAS MONTGALLET", "sales": 10, "median_price": 304084.5, "median_price_per_sqm": 5872.383720930233, "median_rooms": 0.0, "first_sale": "2021-02-23", "last_sale": "2025-09-03"}}, {"type": "Feature", "geometry": {"type": "Point", "coordinates": [2.38898, 48.843891]}, "properties": {"id_parcelle": "75112000CE0041", "address": "38 RUE MONTGALLET", "sales": 10, "median_price": 452500.0, "median_price_per_sqm": 9942.307692307691, "median_rooms": 1.5, "first_sale": "2022-03-21", "last_sale": "2025-09-05"}}, {"type": "Feature", "geometry": {"type": "Point", "coordinates": [2.372694, 48.846197]}, "properties": {"id_parcelle": "75112000EM0046", "address": "2 RUE DE LYON", "sales": 10, "median_price": 611000.0, "median_price_per_sqm": 11205.303030303032, "median_rooms": 0.5, "first_sale": "2021-12-01", "last_sale": "2025-07-17"}}, {"type": "Feature", "geometry": {"type": "Point", "coordinates": [2.404442, 48.837481]}, "properties": {"id_parcelle": "75112000AS0067", "address": "9 RUE DE LA VEGA", "sales": 10, "median_price": 739000.0, "median_price_per_sqm": 17595.238095238095, "median_rooms": 0.0, "first_sale": "2022-05-25", "last_sale": "2025-07-28"}}, {"type": "Feature", "geometry": {"type": "Point", "coordinates": [2.372636, 48.84653]}, "properties": {"id_parcelle": "75112000EM0040", "address": "2 RUE PARROT", "sales": 10, "median_price": 1125000.0, "median_price_per_sqm": 9655.737704918032, "median_rooms": 0.0, "first_sale": "2021-06-14", "last_sale": "2025-12-30"}}, {"type": "Feature", "geometry": {"type": "Point", "coordinates": [2.403632, 48.838524]}, "properties": {"id_parcelle": "75112000AS0034", "address": "97 AV DU GAL MICHEL BIZOT", "sales": 10, "median_price": 350000.0, "median_price_per_sqm": 9597.222222222223, "median_rooms": 0.5, "first_sale": "2021-11-08", "last_sale": "2025-02-27"}}, {"type": "Feature", "geometry": {"type": "Point", "coordinates": [2.398238, 48.846502]}, "properties": {"id_parcelle": "75112000CL0025", "address": "15 RUE DES COLONNES DU TRONE", "sales": 10, "median_price": 685000.0, "median_price_per_sqm": 9647.887323943662, "median_rooms": 0.0, "first_sale": "2022-01-19", "last_sale": "2025-12-18"}}, {"type": "Feature", "geometry": {"type": "Point", "coordinates": [2.398415, 48.840608]}, "properties": {"id_parcelle": "75112000BY0022", "address": "24 RUE LAMBLARDIE", "sales": 10, "median_price": 315000.0, "median_price_per_sqm": 9219.944444444445, "median_rooms": 0.5, "first_sale": "2022-05-05", "last_sale": "2024-02-21"}}, {"type": "Feature", "geometry": {"type": "Point", "coordinates": [2.368867, 48.846229]}, "properties": {"id_parcelle": "75112000EL0016", "address": "14 AV LEDRU ROLLIN", "sales": 10, "median_price": 1325000.0, "median_price_per_sqm": 9635.9737371598, "median_rooms": 0.0, "first_sale": "2021-12-29", "last_sale": "2025-05-26"}}, {"type": "Feature", "geometry": {"type": "Point", "coordinates": [2.370299, 48.84583]}, "properties": {"id_parcelle": "75112000EL0012", "address": "217 RUE DE BERCY", "sales": 10, "median_price": 1203400.0, "median_price_per_sqm": 16381.923076923076, "median_rooms": 0.5, "first_sale": "2021-10-28", "last_sale": "2025-12-19"}}, {"type": "Feature", "geometry": {"type": "Point", "coordinates": [2.407467, 48.846768]}, "properties": {"id_parcelle": "75112000AI0031", "address": "90 CRS DE VINCENNES", "sales": 10, "median_price": 195000.0, "median_price_per_sqm": 6590.909090909091, "median_rooms": 2.5, "first_sale": "2022-06-02", "last_sale": "2025-12-12"}}, {"type": "Feature", "geometry": {"type": "Point", "coordinates": [2.40646, 48.846669]}, "properties": {"id_parcelle": "75112000AI0003", "address": "86 AV DU DOC ARNOLD NETTER", "sales": 10, "median_price": 560000.0, "median_price_per_sqm": 10609.756097560976, "median_rooms": 1.0, "first_sale": "2022-06-16", "last_sale": "2025-08-29"}}, {"type": "Feature", "geometry": {"type": "Point", "coordinates": [2.409555, 48.845726]}, "properties": {"id_parcelle": "75112000AI0056", "address": "25 RUE MONTERA", "sales": 10, "median_price": 179000.0, "median_price_per_sqm": 9250.0, "median_rooms": 1.0, "first_sale": "2021-09-27", "last_sale": "2023-06-03"}}, {"type": "Feature", "geometry": {"type": "Point", "coordinates": [2.402114, 48.843376]}, "properties": {"id_parcelle": "75112000AC0041", "address": "48 BD DE PICPUS", "sales": 10, "median_price": 265000.0, "median_price_per_sqm": 9137.931034482759, "median_rooms": 1.0, "first_sale": "2021-09-06", "last_sale": "2025-06-16"}}, {"type": "Feature", "geometry": {"type": "Point", "coordinates": [2.388139, 48.843509]}, "properties": {"id_parcelle": "75112000CE0036", "address": "28 RUE MONTGALLET", "sales": 10, "median_price": 572500.0, "median_price_per_sqm": 10462.962962962964, "median_rooms": 1.0, "first_sale": "2021-11-17", "last_sale": "2025-08-27"}}, {"type": "Feature", "geometry": {"type": "Point", "coordinates": [2.37057, 48.848834]}, "properties": {"id_parcelle": "75112000EO0022", "address": "43 RUE DE LYON", "sales": 10, "median_price": 1046950.0, "median_price_per_sqm": 9970.9375, "median_rooms": 0.0, "first_sale": "2021-04-20", "last_sale": "2025-08-28"}}, {"type": "Feature", "geometry": {"type": "Point", "coordinates": [2.386663, 48.841045]}, "properties": {"id_parcelle": "75112000CZ0014", "address": "5 RUE BAULANT", "sales": 9, "median_price": 390000.0, "median_price_per_sqm": 7875.0, "median_rooms": 2.0, "first_sale": "2021-01-12", "last_sale": "2025-09-24"}}, {"type": "Feature", "geometry": {"type": "Point", "coordinates": [2.379564, 48.848883]}, "properties": {"id_parcelle": "75112000EX0049", "address": "57 RUE CROZATIER", "sales": 9, "median_price": 607650.0, "median_price_per_sqm": 10250.0, "median_rooms": 0.0, "first_sale": "2022-12-08", "last_sale": "2024-12-30"}}, {"type": "Feature", "geometry": {"type": "Point", "coordinates": [2.380271, 48.848181]}, "properties": {"id_parcelle": "75112000EX0056", "address": "45 RUE CROZATIER", "sales": 9, "median_price": 806980.0, "median_price_per_sqm": 11911.764705882353, "median_rooms": 2.0, "first_sale": "2021-03-18", "last_sale": "2025-08-26"}}, {"type": "Feature", "geometry": {"type": "Point", "coordinates": [2.400239, 48.845426]}, "properties": {"id_parcelle": "75112000CL0075", "address": "31 AV DE SAINT-MANDE", "sales": 9, "median_price": 385000.0, "median_price_per_sqm": 10124.613003095976, "median_rooms": 0.0, "first_sale": "2022-04-29", "last_sale": "2024-11-28"}}, {"type": "Feature", "geometry": {"type": "Point", "coordinates": [2.395167, 48.846668]}, "properties": {"id_parcelle": "75112000CM0010", "address": "15 RUE FABRE D EGLANTINE", "sales": 9, "median_price": 545000.0, "median_price_per_sqm": 11044.050343249428, "median_rooms": 0.0, "first_sale": "2022-07-01", "last_sale": "2024-07-16"}}, {"type": "Feature", "geometry": {"type": "Point", "coordinates": [2.396377, 48.838888]}, "properties": {"id_parcelle": "75112000BV0024", "address": "98 RUE CLAUDE DECAEN", "sales": 9, "median_price": 225000.0, "median_price_per_sqm": 10000.0, "median_rooms": 1.0, "first_sale": "2021-09-02", "last_sale": "2023-02-03"}}, {"type": "Feature", "geometry": {"type": "Point", "coordinates": [2.40548, 48.835331]}, "properties": {"id_parcelle": "75112000AX0070", "address": "3 VLA JEAN GODARD", "sales": 9, "median_price": 330000.0, "median_price_per_sqm": 7714.285714285715, "median_rooms": 2.0, "first_sale": "2021-03-31", "last_sale": "2024-09-23"}}, {"type": "Feature", "geometry": {"type": "Point", "coordinates": [2.373308, 48.850186]}, "properties": {"id_parcelle": "75112000EV0004", "address": "44 RUE DE CHARENTON", "sales": 9, "median_price": 420000.0, "median_price_per_sqm": 12386.971458773784, "median_rooms": 1.0, "first_sale": "2021-08-27", "last_sale": "2025-01-23"}}, {"type": "Feature", "geometry": {"type": "Point", "coordinates": [2.390262, 48.844572]}, "properties": {"id_parcelle": "75112000CO0014", "address": "89 RUE DE REUILLY", "sales": 9, "median_price": 160003.0, "median_price_per_sqm": 8764.245014245014, "median_rooms": 0.0, "first_sale": "2021-07-05", "last_sale": "2025-12-15"}}, {"type": "Feature", "geometry": {"type": "Point", "coordinates": [2.392698, 48.836481]}, "properties": {"id_parcelle": "75112000BT0039", "address": "5 RUE DE LA BRECHE AUX LOUPS", "sales": 9, "median_price": 285000.0, "median_price_per_sqm": 9142.857142857143, "median_rooms": 1.0, "first_sale": "2023-10-06", "last_sale": "2025-12-01"}}, {"type": "Feature", "geometry": {"type": "Point", "coordinates": [2.376635, 48.850765]}, "properties": {"id_parcelle": "75112000ET0033", "address": "104 RUE DU FBG ST ANTOINE", "sales": 9, "median_price": 400000.0, "median_price_per_sqm": 15769.23076923077, "median_rooms": 1.0, "first_sale": "2023-07-26", "last_sale": "2025-06-24"}}, {"type": "Feature", "geometry": {"type": "Point", "coordinates": [2.407661, 48.838301]}, "properties": {"id_parcelle": "75112000AT0033", "address": "41 BD SOULT", "sales": 9, "median_price": 580000.0, "median_price_per_sqm": 8045.74951330305, "median_rooms": 0.0, "first_sale": "2021-11-23", "last_sale": "2025-03-27"}}, {"type": "Feature", "geometry": {"type": "Point", "coordinates": [2.40639, 48.837126]}, "properties": {"id_parcelle": "75112000AT0026", "address": "7 RUE DU COLONEL OUDOT", "sales": 9, "median_price": 270000.0, "median_price_per_sqm": 9649.714285714286, "median_rooms": 1.0, "first_sale": "2021-01-11", "last_sale": "2025-03-21"}}, {"type": "Feature", "geometry": {"type": "Point", "coordinates": [2.403062, 48.836549]}, "properties": {"id_parcelle": "75112000AX0004", "address": "256 AV DAUMESNIL", "sales": 9, "median_price": 420000.0, "median_price_per_sqm": 8452.270381836945, "median_rooms": 0.0, "first_sale": "2021-12-31", "last_sale": "2025-05-20"}}, {"type": "Feature", "geometry": {"type": "Point", "coordinates": [2.403105, 48.844187]}, "properties": {"id_parcelle": "75112000AC0024", "address": "42 RUE SIBUET", "sales": 9, "median_price": 550000.0, "median_price_per_sqm": 9166.666666666666, "median_rooms": 1.0, "first_sale": "2022-11-17", "last_sale": "2025-09-15"}}, {"type": "Feature", "geometry": {"type": "Point", "coordinates": [2.377697, 48.849871]}, "properties": {"id_parcelle": "75112000EX0016", "address": "23 RUE DE COTTE", "sales": 9, "median_price": 238550.0, "median_price_per_sqm": 10750.697674418605, "median_rooms": 1.0, "first_sale": "2021-04-09", "last_sale": "2024-04-16"}}, {"type": "Feature", "geometry": {"type": "Point", "coordinates": [2.402859, 48.839929]}, "properties": {"id_parcelle": "75112000AR0012", "address": "23 RUE LOUIS BRAILLE", "sales": 9, "median_price": 531488.0, "median_price_per_sqm": 11100.0, "median_rooms": 1.0, "first_sale": "2021-05-06", "last_sale": "2025-11-19"}}, {"type": "Feature", "geometry": {"type": "Point", "coordinates": [2.380199, 48.849283]}, "properties": {"id_parcelle": "75112000EY0032", "address": "58 RUE CROZATIER", "sales": 9, "median_price": 448300.0, "median_price_per_sqm": 10000.0, "median_rooms": 2.0, "first_sale": "2021-06-23", "last_sale": "2025-09-19"}}, {"type": "Feature", "geometry": {"type": "Point", "coordinates": [2.390803, 48.838836]}, "properties": {"id_parcelle": "75112000CB0085", "address": "12 BD DE REUILLY", "sales": 9, "median_price": 207000.0, "median_price_per_sqm": 10192.307692307691, "median_rooms": 0.0, "first_sale": "2021-07-21", "last_sale": "2025-07-10"}}, {"type": "Feature", "geometry": {"type": "Point", "coordinates": [2.40385, 48.839206]}, "properties": {"id_parcelle": "75112000AR0022", "address": "105 AV DU GAL MICHEL BIZOT", "sales": 9, "median_price": 472000.0, "median_price_per_sqm": 9859.268162393162, "median_rooms": 1.0, "first_sale": "2021-03-05", "last_sale": "2025-09-16"}}, {"type": "Feature", "geometry": {"type": "Point", "coordinates": [2.403145, 48.839918]}, "properties": {"id_parcelle": "75112000AR0013", "address": "27 RUE LOUIS BRAILLE", "sales": 9, "median_price": 545000.0, "median_price_per_sqm": 10000.0, "median_rooms": 0.0, "first_sale": "2021-12-01", "last_sale": "2023-03-14"}}, {"type": "Feature", "geometry": {"type": "Point", "coordinates": [2.373386, 48.846647]}, "properties": {"id_parcelle": "75112000EM0066", "address": "10 RUE EMILE GILBERT", "sales": 9, "median_price": 1062000.0, "median_price_per_sqm": 9243.589743589744, "median_rooms": 0.0, "first_sale": "2021-07-09", "last_sale": "2025-04-03"}}, {"type": "Feature", "geometry": {"type": "Point", "coordinates": [2.404618, 48.837596]}, "properties": {"id_parcelle": "75112000AS0062", "address": "11 RUE DE LA VEGA", "sales": 9, "median_price": 370000.0, "median_price_per_sqm": 8997.453310696095, "median_rooms": 0.0, "first_sale": "2022-03-15", "last_sale": "2025-11-03"}}, {"type": "Feature", "geometry": {"type": "Point", "coordinates": [2.389157, 48.843959]}, "properties": {"id_parcelle": "75112000CE0042", "address": "40 RUE MONTGALLET", "sales": 9, "median_price": 418340.0, "median_price_per_sqm": 11871.875, "median_rooms": 2.0, "first_sale": "2021-07-20", "last_sale": "2025-10-02"}}, {"type": "Feature", "geometry": {"type": "Point", "coordinates": [2.398297, 48.839921]}, "properties": {"id_parcelle": "75112000BY0040", "address": "4 RUE DU DOCTEUR GOUJON", "sales": 9, "median_price": 475000.0, "median_price_per_sqm": 10253.784693019345, "median_rooms": 2.0, "first_sale": "2021-02-05", "last_sale": "2024-09-18"}}, {"type": "Feature", "geometry": {"type": "Point", "coordinates": [2.399954, 48.840354]}, "properties": {"id_parcelle": "75112000BY0054", "address": "4 RUE DE TAHITI", "sales": 9, "median_price": 235000.0, "median_price_per_sqm": 7440.0, "median_rooms": 1.0, "first_sale": "2021-09-15", "last_sale": "2024-10-04"}}, {"type": "Feature", "geometry": {"type": "Point", "coordinates": [2.372618, 48.846366]}, "properties": {"id_parcelle": "75112000EM0044", "address": "4 RUE DE LYON", "sales": 9, "median_price": 1678870.0, "median_price_per_sqm": 10714.285714285714, "median_rooms": 0.0, "first_sale": "2021-02-11", "last_sale": "2025-03-27"}}, {"type": "Feature", "geometry": {"type": "Point", "coordinates": [2.403886, 48.836871]}, "properties": {"id_parcelle": "75112000AS0077", "address": "255 AV DAUMESNIL", "sales": 9, "median_price": 129150.0, "median_price_per_sqm": 10405.594405594406, "median_rooms": 1.0, "first_sale": "2021-07-02", "last_sale": "2025-07-09"}}, {"type": "Feature", "geometry": {"type": "Point", "coordinates": [2.405661, 48.837774]}, "properties": {"id_parcelle": "75112000AT0005", "address": "20 RUE DE LA VEGA", "sales": 9, "median_price": 275000.0, "median_price_per_sqm": 8432.432432432432, "median_rooms": 1.0, "first_sale": "2022-04-06", "last_sale": "2024-09-27"}}, {"type": "Feature", "geometry": {"type": "Point", "coordinates": [2.404134, 48.837619]}, "properties": {"id_parcelle": "75112000AS0064", "address": "94 AV DU GAL MICHEL BIZOT", "sales": 9, "median_price": 677500.0, "median_price_per_sqm": 9803.921568627451, "median_rooms": 0.0, "first_sale": "2022-02-03", "last_sale": "2024-07-18"}}, {"type": "Feature", "geometry": {"type": "Point", "coordinates": [2.409189, 48.846758]}, "properties": {"id_parcelle": "75112000AI0043", "address": "108 CRS DE VINCENNES", "sales": 9, "median_price": 475000.0, "median_price_per_sqm": 7916.666666666667, "median_rooms": 0.0, "first_sale": "2022-02-01", "last_sale": "2025-12-31"}}, {"type": "Feature", "geometry": {"type": "Point", "coordinates": [2.408034, 48.846384]}, "properties": {"id_parcelle": "75112000AI0023", "address": "39 RUE DE LA VOUTE", "sales": 9, "median_price": 480000.0, "median_price_per_sqm": 8125.0, "median_rooms": 0.0, "first_sale": "2023-07-31", "last_sale": "2024-12-13"}}, {"type": "Feature", "geometry": {"type": "Point", "coordinates": [2.38703, 48.841182]}, "properties": {"id_parcelle": "75112000CZ0012", "address": "11 RUE BAULANT", "sales": 9, "median_price": 500000.0, "median_price_per_sqm": 10416.666666666666, "median_rooms": 1.0, "first_sale": "2021-07-01", "last_sale": "2023-11-29"}}, {"type": "Feature", "geometry": {"type": "Point", "coordinates": [2.386871, 48.840427]}, "properties": {"id_parcelle": "75112000DA0015", "address": "2 PAS DU CHAROLAIS", "sales": 9, "median_price": 275800.0, "median_price_per_sqm": 8863.139534883721, "median_rooms": 2.0, "first_sale": "2023-10-03", "last_sale": "2025-07-08"}}, {"type": "Feature", "geometry": {"type": "Point", "coordinates": [2.394752, 48.845675]}, "properties": {"id_parcelle": "75112000CO0050", "address": "24 RUE DE PICPUS", "sales": 9, "median_price": 745000.0, "median_price_per_sqm": 10734.21052631579, "median_rooms": 1.0, "first_sale": "2021-10-04", "last_sale": "2025-07-22"}}, {"type": "Feature", "geometry": {"type": "Point", "coordinates": [2.389178, 48.848103]}, "properties": {"id_parcelle": "75112000CR0036", "address": "15 PAS DU GENIE", "sales": 9, "median_price": 242000.0, "median_price_per_sqm": 9272.607272727271, "median_rooms": 1.0, "first_sale": "2022-02-28", "last_sale": "2025-09-29"}}, {"type": "Feature", "geometry": {"type": "Point", "coordinates": [2.378297, 48.847358]}, "properties": {"id_parcelle": "75112000EW0020", "address": "105 RUE DE CHARENTON", "sales": 9, "median_price": 210000.0, "median_price_per_sqm": 10789.473684210527, "median_rooms": 0.0, "first_sale": "2021-03-17", "last_sale": "2024-03-22"}}, {"type": "Feature", "geometry": {"type": "Point", "coordinates": [2.405006, 48.841022]}, "properties": {"id_parcelle": "75112000AE0052", "address": "2 AV DU DOC ARNOLD NETTER", "sales": 9, "median_price": 500000.0, "median_price_per_sqm": 8698.412698412698, "median_rooms": 2.0, "first_sale": "2022-03-01", "last_sale": "2025-06-05"}}, {"type": "Feature", "geometry": {"type": "Point", "coordinates": [2.402568, 48.835482]}, "properties": {"id_parcelle": "75112000BO0010", "address": "66 AV DU GAL MICHEL BIZOT", "sales": 9, "median_price": 780000.0, "median_price_per_sqm": 10207.77027027027, "median_rooms": 3.0, "first_sale": "2021-03-17", "last_sale": "2023-11-22"}}, {"type": "Feature", "geometry": {"type": "Point", "coordinates": [2.407434, 48.837003]}, "properties": {"id_parcelle": "75112000AX0046", "address": "18 RUE DU COLONEL OUDOT", "sales": 9, "median_price": 634470.0, "median_price_per_sqm": 7927.927927927928, "median_rooms": 0.0, "first_sale": "2022-05-05", "last_sale": "2024-11-27"}}, {"type": "Feature", "geometry": {"type": "Point", "coordinates": [2.407363, 48.836731]}, "properties": {"id_parcelle": "75112000AX0051", "address": "19 BD SOULT", "sales": 9, "median_price": 473000.0, "median_price_per_sqm": 16474.678760393046, "median_rooms": 2.0, "first_sale": "2022-07-11", "last_sale": "2025-09-05"}}, {"type": "Feature", "geometry": {"type": "Point", "coordinates": [2.387058, 48.840903]}, "properties": {"id_parcelle": "75112000DA0005", "address": "6 RUE BAULANT", "sales": 9, "median_price": 320860.0, "median_price_per_sqm": 11542.309523809523, "median_rooms": 2.0, "first_sale": "2021-01-12", "last_sale": "2023-03-06"}}, {"type": "Feature", "geometry": {"type": "Point", "coordinates": [2.393564, 48.837308]}, "properties": {"id_parcelle": "75112000BT0023", "address": "17 RUE DE LA BRECHE AUX LOUPS", "sales": 9, "median_price": 439000.0, "median_price_per_sqm": 8825.0, "median_rooms": 0.0, "first_sale": "2022-10-28", "last_sale": "2024-10-08"}}, {"type": "Feature", "geometry": {"type": "Point", "coordinates": [2.397612, 48.838502]}, "properties": {"id_parcelle": "75112000BV0036", "address": "184 AV DAUMESNIL", "sales": 9, "median_price": 428047.0, "median_price_per_sqm": 8365.515151515152, "median_rooms": 1.0, "first_sale": "2021-10-07", "last_sale": "2025-06-27"}}, {"type": "Feature", "geometry": {"type": "Point", "coordinates": [2.398488, 48.835678]}, "properties": {"id_parcelle": "75112000BP0019", "address": "6 RUE DE CAPRI", "sales": 9, "median_price": 330000.0, "median_price_per_sqm": 10943.792766373412, "median_rooms": 1.0, "first_sale": "2021-07-21", "last_sale": "2022-09-08"}}, {"type": "Feature", "geometry": {"type": "Point", "coordinates": [2.388368, 48.845491]}, "properties": {"id_parcelle": "75112000CT0051", "address": "40 RUE DE REUILLY", "sales": 9, "median_price": 341860.0, "median_price_per_sqm": 10988.28125, "median_rooms": 2.0, "first_sale": "2021-02-15", "last_sale": "2024-10-08"}}, {"type": "Feature", "geometry": {"type": "Point", "coordinates": [2.392093, 48.847646]}, "properties": {"id_parcelle": "75112000CP0031", "address": "162 BD DIDEROT", "sales": 9, "median_price": 340000.0, "median_price_per_sqm": 9531.626794258373, "median_rooms": 2.0, "first_sale": "2021-04-29", "last_sale": "2025-12-10"}}, {"type": "Feature", "geometry": {"type": "Point", "coordinates": [2.388931, 48.847993]}, "properties": {"id_parcelle": "75112000CR0034", "address": "19 PAS DU GENIE", "sales": 9, "median_price": 561000.0, "median_price_per_sqm": 9838.709677419354, "median_rooms": 0.0, "first_sale": "2022-09-07", "last_sale": "2025-03-31"}}, {"type": "Feature", "geometry": {"type": "Point", "coordinates": [2.393645, 48.846922]}, "properties": {"id_parcelle": "75112000CO0037", "address": "12 RUE DE PICPUS", "sales": 9, "median_price": 725000.0, "median_price_per_sqm": 10664.0625, "median_rooms": 0.0, "first_sale": "2022-02-11", "last_sale": "2025-10-31"}}, {"type": "Feature", "geometry": {"type": "Point", "coordinates": [2.408775, 48.842248]}, "properties": {"id_parcelle": "75112000AE0018", "address": "15 VLA DU BEL AIR", "sales": 9, "median_price": 212980.0, "median_price_per_sqm": 10972.648148148148, "median_rooms": 0.0, "first_sale": "2021-07-13", "last_sale": "2025-10-17"}}, {"type": "Feature", "geometry": {"type": "Point", "coordinates": [2.377691, 48.847011]}, "properties": {"id_parcelle": "75112000EW0035", "address": "110 RUE DE CHARENTON", "sales": 9, "median_price": 350000.0, "median_price_per_sqm": 10987.619047619048, "median_rooms": 2.0, "first_sale": "2021-04-29", "last_sale": "2024-05-07"}}, {"type": "Feature", "geometry": {"type": "Point", "coordinates": [2.387547, 48.847944]}, "properties": {"id_parcelle": "75112000CS0043", "address": "9 RUE CLAUDE TILLIER", "sales": 9, "median_price": 140000.0, "median_price_per_sqm": 7055.555555555556, "median_rooms": 1.0, "first_sale": "2022-04-19", "last_sale": "2024-02-27"}}, {"type": "Feature", "geometry": {"type": "Point", "coordinates": [2.39842, 48.83456]}, "properties": {"id_parcelle": "75112000BR0028", "address": "10 RUE DE FECAMP", "sales": 9, "median_price": 390000.0, "median_price_per_sqm": 8297.872340425532, "median_rooms": 0.0, "first_sale": "2021-11-17", "last_sale": "2024-12-19"}}, {"type": "Feature", "geometry": {"type": "Point", "coordinates": [2.392721, 48.848467]}, "properties": {"id_parcelle": "75112000CR0059", "address": "268 RUE DU FBG ST ANTOINE", "sales": 9, "median_price": 340000.0, "median_price_per_sqm": 11515.625, "median_rooms": 1.0, "first_sale": "2021-04-26", "last_sale": "2025-12-17"}}, {"type": "Feature", "geometry": {"type": "Point", "coordinates": [2.398855, 48.84231]}, "properties": {"id_parcelle": "75112000BZ0048", "address": "10 RUE DAGORNO", "sales": 9, "median_price": 415000.0, "median_price_per_sqm": 10875.0, "median_rooms": 1.0, "first_sale": "2022-02-15", "last_sale": "2025-01-22"}}, {"type": "Feature", "geometry": {"type": "Point", "coordinates": [2.398678, 48.842653]}, "properties": {"id_parcelle": "75112000BZ0049", "address": "12 RUE SANTERRE", "sales": 9, "median_price": 388800.0, "median_price_per_sqm": 12915.396825396827, "median_rooms": 0.0, "first_sale": "2021-05-04", "last_sale": "2024-07-08"}}, {"type": "Feature", "geometry": {"type": "Point", "coordinates": [2.38221, 48.846601]}, "properties": {"id_parcelle": "75112000HA0081", "address": "22 RUE CROZATIER", "sales": 9, "median_price": 399000.0, "median_price_per_sqm": 11250.0, "median_rooms": 0.0, "first_sale": "2023-07-24", "last_sale": "2025-05-14"}}, {"type": "Feature", "geometry": {"type": "Point", "coordinates": [2.405487, 48.845556]}, "properties": {"id_parcelle": "75112000AB0048", "address": "65 AV DU DOC ARNOLD NETTER", "sales": 9, "median_price": 334342.0, "median_price_per_sqm": 9887.5, "median_rooms": 1.0, "first_sale": "2021-12-23", "last_sale": "2023-06-19"}}, {"type": "Feature", "geometry": {"type": "Point", "coordinates": [2.375229, 48.845798]}, "properties": {"id_parcelle": "75112000HB0007", "address": "26 BD DIDEROT", "sales": 9, "median_price": 450000.0, "median_price_per_sqm": 8642.411642411642, "median_rooms": 0.0, "first_sale": "2022-01-25", "last_sale": "2025-05-14"}}, {"type": "Feature", "geometry": {"type": "Point", "coordinates": [2.403918, 48.84716]}, "properties": {"id_parcelle": "75112000AB0012", "address": "56 CRS DE VINCENNES", "sales": 9, "median_price": 440000.0, "median_price_per_sqm": 10636.666666666668, "median_rooms": 1.0, "first_sale": "2021-02-02", "last_sale": "2025-12-12"}}, {"type": "Feature", "geometry": {"type": "Point", "coordinates": [2.405253, 48.847025]}, "properties": {"id_parcelle": "75112000AB0017", "address": "72 CRS DE VINCENNES", "sales": 9, "median_price": 585000.0, "median_price_per_sqm": 10238.130184331796, "median_rooms": 2.0, "first_sale": "2021-01-29", "last_sale": "2025-12-19"}}, {"type": "Feature", "geometry": {"type": "Point", "coordinates": [2.400024, 48.840665]}, "properties": {"id_parcelle": "75112000BZ0026", "address": "5 RUE DE TAHITI", "sales": 9, "median_price": 433400.0, "median_price_per_sqm": 8668.0, "median_rooms": 2.0, "first_sale": "2021-05-28", "last_sale": "2025-07-31"}}, {"type": "Feature", "geometry": {"type": "Point", "coordinates": [2.402067, 48.84638]}, "properties": {"id_parcelle": "75112000AA0034", "address": "50 RUE DU RENDEZ VOUS", "sales": 9, "median_price": 462500.0, "median_price_per_sqm": 9000.0, "median_rooms": 1.0, "first_sale": "2021-08-03", "last_sale": "2024-10-30"}}, {"type": "Feature", "geometry": {"type": "Point", "coordinates": [2.402143, 48.847292]}, "properties": {"id_parcelle": "75112000AA0024", "address": "36 CRS DE VINCENNES", "sales": 9, "median_price": 500000.0, "median_price_per_sqm": 8152.173913043478, "median_rooms": 0.0, "first_sale": "2021-01-12", "last_sale": "2025-08-28"}}, {"type": "Feature", "geometry": {"type": "Point", "coordinates": [2.399857, 48.847324]}, "properties": {"id_parcelle": "75112000AA0007", "address": "80 RUE DU RENDEZ VOUS", "sales": 9, "median_price": 560000.0, "median_price_per_sqm": 10124.69696969697, "median_rooms": 2.0, "first_sale": "2021-07-12", "last_sale": "2025-12-17"}}, {"type": "Feature", "geometry": {"type": "Point", "coordinates": [2.382753, 48.845075]}, "properties": {"id_parcelle": "75112000HA0048", "address": "153 RUE DE CHARENTON", "sales": 9, "median_price": 979000.0, "median_price_per_sqm": 15834.303797468354, "median_rooms": 0.0, "first_sale": "2022-06-30", "last_sale": "2024-02-26"}}, {"type": "Feature", "geometry": {"type": "Point", "coordinates": [2.403156, 48.84725]}, "properties": {"id_parcelle": "75112000AA0039", "address": "48 CRS DE VINCENNES", "sales": 9, "median_price": 279500.0, "median_price_per_sqm": 9316.666666666666, "median_rooms": 1.0, "first_sale": "2021-01-21", "last_sale": "2025-07-22"}}, {"type": "Feature", "geometry": {"type": "Point", "coordinates": [2.377136, 48.849035]}, "properties": {"id_parcelle": "75112000EX0080", "address": "15 RUE EMILIO CASTELAR", "sales": 9, "median_price": 890650.0, "median_price_per_sqm": 12860.27397260274, "median_rooms": 0.0, "first_sale": "2021-04-15", "last_sale": "2025-06-20"}}, {"type": "Feature", "geometry": {"type": "Point", "coordinates": [2.379774, 48.850259]}, "properties": {"id_parcelle": "75112000EY0003", "address": "144 RUE DU FBG ST ANTOINE", "sales": 9, "median_price": 1281500.0, "median_price_per_sqm": 9285.714285714286, "median_rooms": 2.0, "first_sale": "2022-02-24", "last_sale": "2025-10-16"}}, {"type": "Feature", "geometry": {"type": "Point", "coordinates": [2.370909, 48.848269]}, "properties": {"id_parcelle": "75112000EO0028", "address": "35 RUE DE LYON", "sales": 9, "median_price": 495000.0, "median_price_per_sqm": 10669.333333333334, "median_rooms": 0.0, "first_sale": "2021-09-29", "last_sale": "2023-12-21"}}, {"type": "Feature", "geometry": {"type": "Point", "coordinates": [2.369571, 48.849122]}, "properties": {"id_parcelle": "75112000EO0015", "address": "11 RUE JULES CESAR", "sales": 9, "median_price": 776300.0, "median_price_per_sqm": 10801.931126331812, "median_rooms": 0.0, "first_sale": "2021-03-30", "last_sale": "2025-09-23"}}, {"type": "Feature", "geometry": {"type": "Point", "coordinates": [2.37329, 48.847109]}, "properties": {"id_parcelle": "75112000EN0101", "address": "7 RUE PARROT", "sales": 9, "median_price": 380000.0, "median_price_per_sqm": 10142.140468227426, "median_rooms": 0.0, "first_sale": "2023-02-16", "last_sale": "2024-10-24"}}, {"type": "Feature", "geometry": {"type": "Point", "coordinates": [2.373509, 48.847108]}, "properties": {"id_parcelle": "75112000EN0102", "address": "9 RUE PARROT", "sales": 9, "median_price": 955000.0, "median_price_per_sqm": 9434.475806451614, "median_rooms": 0.0, "first_sale": "2021-02-26", "last_sale": "2025-09-15"}}, {"type": "Feature", "geometry": {"type": "Point", "coordinates": [2.40216, 48.839497]}, "properties": {"id_parcelle": "75112000AR0034", "address": "18 RUE LOUIS BRAILLE", "sales": 9, "median_price": 240000.0, "median_price_per_sqm": 8503.125, "median_rooms": 0.0, "first_sale": "2022-02-03", "last_sale": "2025-12-24"}}, {"type": "Feature", "geometry": {"type": "Point", "coordinates": [2.381879, 48.84607]}, "properties": {"id_parcelle": "75112000HA0121", "address": "19 RUE CROZATIER", "sales": 9, "median_price": 317630.0, "median_price_per_sqm": 9895.833333333334, "median_rooms": 1.0, "first_sale": "2021-04-14", "last_sale": "2023-02-16"}}, {"type": "Feature", "geometry": {"type": "Point", "coordinates": [2.407775, 48.845321]}, "properties": {"id_parcelle": "75112000AI0103", "address": "22 RUE DE LA VOUTE", "sales": 9, "median_price": 349500.0, "median_price_per_sqm": 8524.390243902439, "median_rooms": 2.0, "first_sale": "2021-10-29", "last_sale": "2025-08-27"}}, {"type": "Feature", "geometry": {"type": "Point", "coordinates": [2.381131, 48.84571]}, "properties": {"id_parcelle": "75112000HA0129", "address": "4 PAS ABEL LEBLANC", "sales": 9, "median_price": 332500.0, "median_price_per_sqm": 9627.450980392157, "median_rooms": 1.0, "first_sale": "2022-05-19", "last_sale": "2025-05-12"}}, {"type": "Feature", "geometry": {"type": "Point", "coordinates": [2.382208, 48.845534]}, "properties": {"id_parcelle": "75112000HA0044", "address": "9 RUE CROZATIER", "sales": 9, "median_price": 635140.0, "median_price_per_sqm": 11142.807017543859, "median_rooms": 1.0, "first_sale": "2021-03-22", "last_sale": "2025-03-10"}}, {"type": "Feature", "geometry": {"type": "Point", "coordinates": [2.398021, 48.840394]}, "properties": {"id_parcelle": "75112000BY0017", "address": "18 RUE LAMBLARDIE", "sales": 9, "median_price": 520000.0, "median_price_per_sqm": 10196.078431372549, "median_rooms": 2.0, "first_sale": "2021-01-12", "last_sale": "2025-01-15"}}, {"type": "Feature", "geometry": {"type": "Point", "coordinates": [2.399392, 48.836659]}, "properties": {"id_parcelle": "75112000BX0050", "address": "9 RUE EDOUARD ROBERT", "sales": 9, "median_price": 315000.0, "median_price_per_sqm": 9674.285714285714, "median_rooms": 2.0, "first_sale": "2021-04-13", "last_sale": "2023-11-02"}}, {"type": "Feature", "geometry": {"type": "Point", "coordinates": [2.397567, 48.84019]}, "properties": {"id_parcelle": "75112000BY0010", "address": "12 RUE LAMBLARDIE", "sales": 9, "median_price": 380000.0, "median_price_per_sqm": 11000.0, "median_rooms": 0.0, "first_sale": "2021-02-26", "last_sale": "2025-09-25"}}, {"type": "Feature", "geometry": {"type": "Point", "coordinates": [2.404007, 48.835269]}, "properties": {"id_parcelle": "75112000AX0019", "address": "149 RUE DE PICPUS", "sales": 9, "median_price": 1197391.0, "median_price_per_sqm": 9931.818181818182, "median_rooms": 0.0, "first_sale": "2021-10-29", "last_sale": "2023-06-28"}}, {"type": "Feature", "geometry": {"type": "Point", "coordinates": [2.399571, 48.833356]}, "properties": {"id_parcelle": "75112000BN0010", "address": "26 AV DU GAL MICHEL BIZOT", "sales": 9, "median_price": 759500.0, "median_price_per_sqm": 9283.783783783783, "median_rooms": 0.0, "first_sale": "2021-04-27", "last_sale": "2025-11-17"}}, {"type": "Feature", "geometry": {"type": "Point", "coordinates": [2.36763, 48.84705]}, "properties": {"id_parcelle": "75112000EL0040", "address": "8 BD DE LA BASTILLE", "sales": 9, "median_price": 886000.0, "median_price_per_sqm": 8035.556374355196, "median_rooms": 0.0, "first_sale": "2022-12-01", "last_sale": "2024-12-06"}}, {"type": "Feature", "geometry": {"type": "Point", "coordinates": [2.407952, 48.844151]}, "properties": {"id_parcelle": "75112000AH0053", "address": "100 AV DE SAINT-MANDE", "sales": 9, "median_price": 241870.0, "median_price_per_sqm": 10000.0, "median_rooms": 1.0, "first_sale": "2021-07-28", "last_sale": "2025-08-26"}}, {"type": "Feature", "geometry": {"type": "Point", "coordinates": [2.370797, 48.847232]}, "properties": {"id_parcelle": "75112000EN0022", "address": "17 RUE D AUSTERLITZ", "sales": 9, "median_price": 157000.0, "median_price_per_sqm": 10570.666666666666, "median_rooms": 1.0, "first_sale": "2021-07-06", "last_sale": "2025-01-21"}}, {"type": "Feature", "geometry": {"type": "Point", "coordinates": [2.375044, 48.846517]}, "properties": {"id_parcelle": "75112000EW0070", "address": "6 RUE ABEL", "sales": 9, "median_price": 950000.0, "median_price_per_sqm": 8636.363636363636, "median_rooms": 1.0, "first_sale": "2022-07-21", "last_sale": "2024-03-08"}}, {"type": "Feature", "geometry": {"type": "Point", "coordinates": [2.374244, 48.851103]}, "properties": {"id_parcelle": "75112000ER0073", "address": "13 RUE SAINT NICOLAS", "sales": 9, "median_price": 185000.0, "median_price_per_sqm": 9666.666666666666, "median_rooms": 1.0, "first_sale": "2021-10-08", "last_sale": "2025-03-26"}}, {"type": "Feature", "geometry": {"type": "Point", "coordinates": [2.376115, 48.848108]}, "properties": {"id_parcelle": "75112000EW0047", "address": "20 RUE ABEL", "sales": 9, "median_price": 500000.0, "median_price_per_sqm": 9100.0, "median_rooms": 0.0, "first_sale": "2021-10-11", "last_sale": "2025-07-31"}}, {"type": "Feature", "geometry": {"type": "Point", "coordinates": [2.404695, 48.834754]}, "properties": {"id_parcelle": "75112000AX0082", "address": "103 BD PONIATOWSKI", "sales": 9, "median_price": 444000.0, "median_price_per_sqm": 8446.441672780631, "median_rooms": 0.0, "first_sale": "2021-11-02", "last_sale": "2025-01-16"}}, {"type": "Feature", "geometry": {"type": "Point", "coordinates": [2.377916, 48.849492]}, "properties": {"id_parcelle": "75112000EX0024", "address": "12 RUE DE COTTE", "sales": 9, "median_price": 397000.0, "median_price_per_sqm": 11596.638655462186, "median_rooms": 0.0, "first_sale": "2023-03-14", "last_sale": "2025-12-10"}}, {"type": "Feature", "geometry": {"type": "Point", "coordinates": [2.400504, 48.83416]}, "properties": {"id_parcelle": "75112000BN0020", "address": "42 AV DU GAL MICHEL BIZOT", "sales": 8, "median_price": 594875.0, "median_price_per_sqm": 10147.415662650603, "median_rooms": 2.0, "first_sale": "2021-06-21", "last_sale": "2024-11-28"}}, {"type": "Feature", "geometry": {"type": "Point", "coordinates": [2.403009, 48.835611]}, "properties": {"id_parcelle": "75112000BO0015", "address": "142 RUE DE PICPUS", "sales": 8, "median_price": 600000.0, "median_price_per_sqm": 10082.644628099173, "median_rooms": 0.0, "first_sale": "2021-07-21", "last_sale": "2024-11-20"}}, {"type": "Feature", "geometry": {"type": "Point", "coordinates": [2.398761, 48.832475]}, "properties": {"id_parcelle": "75112000BN0042", "address": "23 BD PONIATOWSKI", "sales": 8, "median_price": 845250.0, "median_price_per_sqm": 9021.87323146576, "median_rooms": 0.0, "first_sale": "2023-03-30", "last_sale": "2025-10-22"}}, {"type": "Feature", "geometry": {"type": "Point", "coordinates": [2.389341, 48.84901]}, "properties": {"id_parcelle": "75112000CR0002", "address": "32 RUE CLAUDE TILLIER", "sales": 8, "median_price": 403835.0, "median_price_per_sqm": 8037.9375, "median_rooms": 1.0, "first_sale": "2022-04-29", "last_sale": "2025-10-13"}}, {"type": "Feature", "geometry": {"type": "Point", "coordinates": [2.402418, 48.845549]}, "properties": {"id_parcelle": "75112000AA0056", "address": "70 BD DE PICPUS", "sales": 8, "median_price": 480000.0, "median_price_per_sqm": 9905.913978494624, "median_rooms": 1.0, "first_sale": "2021-08-04", "last_sale": "2023-09-22"}}, {"type": "Feature", "geometry": {"type": "Point", "coordinates": [2.393314, 48.836456]}, "properties": {"id_parcelle": "75112000BS0001", "address": "76 RUE DES MEUNIERS", "sales": 8, "median_price": 309200.0, "median_price_per_sqm": 10349.087003222341, "median_rooms": 1.5, "first_sale": "2021-04-26", "last_sale": "2025-07-02"}}, {"type": "Feature", "geometry": {"type": "Point", "coordinates": [2.392146, 48.837491]}, "properties": {"id_parcelle": "75112000BT0013", "address": "3 RUE DE LA LANCETTE", "sales": 8, "median_price": 412000.0, "median_price_per_sqm": 9672.830725462303, "median_rooms": 1.5, "first_sale": "2021-09-20", "last_sale": "2023-10-10"}}, {"type": "Feature", "geometry": {"type": "Point", "coordinates": [2.398099, 48.842249]}, "properties": {"id_parcelle": "75112000BZ0044", "address": "63 RUE DE PICPUS", "sales": 8, "median_price": 440000.0, "median_price_per_sqm": 7857.142857142857, "median_rooms": 1.5, "first_sale": "2021-04-12", "last_sale": "2025-05-07"}}, {"type": "Feature", "geometry": {"type": "Point", "coordinates": [2.392436, 48.83832]}, "properties": {"id_parcelle": "75112000CB0067", "address": "17 RUE TAINE", "sales": 8, "median_price": 530000.0, "median_price_per_sqm": 10640.0, "median_rooms": 1.5, "first_sale": "2022-09-30", "last_sale": "2025-09-10"}}, {"type": "Feature", "geometry": {"type": "Point", "coordinates": [2.382311, 48.846441]}, "properties": {"id_parcelle": "75112000HA0080", "address": "20 RUE CROZATIER", "sales": 8, "median_price": 470000.0, "median_price_per_sqm": 8653.846153846154, "median_rooms": 0.0, "first_sale": "2021-02-01", "last_sale": "2023-03-24"}}, {"type": "Feature", "geometry": {"type": "Point", "coordinates": [2.398343, 48.842548]}, "properties": {"id_parcelle": "75112000BZ0050", "address": "1 RUE DAGORNO", "sales": 8, "median_price": 790000.0, "median_price_per_sqm": 11225.344827586207, "median_rooms": 0.0, "first_sale": "2021-04-08", "last_sale": "2024-02-08"}}, {"type": "Feature", "geometry": {"type": "Point", "coordinates": [2.392677, 48.839999]}, "properties": {"id_parcelle": "75112000CB0028", "address": "156 AV DAUMESNIL", "sales": 8, "median_price": 319000.0, "median_price_per_sqm": 8793.91649048626, "median_rooms": 1.0, "first_sale": "2021-07-27", "last_sale": "2025-04-17"}}, {"type": "Feature", "geometry": {"type": "Point", "coordinates": [2.39267, 48.839558]}, "properties": {"id_parcelle": "75112000CB0030", "address": "33 BD DE REUILLY", "sales": 8, "median_price": 359500.0, "median_price_per_sqm": 10857.263513513513, "median_rooms": 1.0, "first_sale": "2024-10-22", "last_sale": "2025-12-11"}}, {"type": "Feature", "geometry": {"type": "Point", "coordinates": [2.380591, 48.845241]}, "properties": {"id_parcelle": "75112000HA0018", "address": "146 RUE DE CHARENTON", "sales": 8, "median_price": 235250.0, "median_price_per_sqm": 8458.796296296296, "median_rooms": 0.5, "first_sale": "2021-01-19", "last_sale": "2024-06-05"}}, {"type": "Feature", "geometry": {"type": "Point", "coordinates": [2.405078, 48.847063]}, "properties": {"id_parcelle": "75112000AB0016", "address": "70 CRS DE VINCENNES", "sales": 8, "median_price": 369400.0, "median_price_per_sqm": 9235.0, "median_rooms": 1.5, "first_sale": "2021-10-22", "last_sale": "2025-03-19"}}, {"type": "Feature", "geometry": {"type": "Point", "coordinates": [2.377935, 48.845634]}, "properties": {"id_parcelle": "75112000HB0054", "address": "46 AV DAUMESNIL", "sales": 8, "median_price": 40758.5, "median_price_per_sqm": 5307.692307692308, "median_rooms": 1.0, "first_sale": "2022-06-24", "last_sale": "2024-05-17"}}, {"type": "Feature", "geometry": {"type": "Point", "coordinates": [2.380485, 48.845739]}, "properties": {"id_parcelle": "75112000HA0133", "address": "125 RUE DE CHARENTON", "sales": 8, "median_price": 1085000.0, "median_price_per_sqm": 12329.545454545454, "median_rooms": 0.0, "first_sale": "2021-06-04", "last_sale": "2023-11-30"}}, {"type": "Feature", "geometry": {"type": "Point", "coordinates": [2.38151, 48.844787]}, "properties": {"id_parcelle": "75112000HA0155", "address": "27 RUE DE RAMBOUILLET", "sales": 8, "median_price": 40500.0, "median_price_per_sqm": 13404.87421383648, "median_rooms": 0.0, "first_sale": "2021-12-30", "last_sale": "2024-01-11"}}, {"type": "Feature", "geometry": {"type": "Point", "coordinates": [2.392856, 48.838585]}, "properties": {"id_parcelle": "75112000CB0063", "address": "23 RUE TAINE", "sales": 8, "median_price": 450500.0, "median_price_per_sqm": 15156.527462121212, "median_rooms": 0.0, "first_sale": "2022-05-13", "last_sale": "2025-12-23"}}, {"type": "Feature", "geometry": {"type": "Point", "coordinates": [2.39401, 48.846208]}, "properties": {"id_parcelle": "75112000CO0046", "address": "47 RUE DU SERGENT BAUCHAT", "sales": 8, "median_price": 1006350.0, "median_price_per_sqm": 9060.0, "median_rooms": 0.0, "first_sale": "2022-09-23", "last_sale": "2025-09-11"}}, {"type": "Feature", "geometry": {"type": "Point", "coordinates": [2.393544, 48.846877]}, "properties": {"id_parcelle": "75112000CO0058", "address": "1 RUE DORIAN", "sales": 8, "median_price": 707434.0, "median_price_per_sqm": 10314.784810126583, "median_rooms": 0.0, "first_sale": "2021-11-24", "last_sale": "2025-09-09"}}, {"type": "Feature", "geometry": {"type": "Point", "coordinates": [2.409271, 48.842517]}, "properties": {"id_parcelle": "75112000AE0013", "address": "93 BD SOULT", "sales": 8, "median_price": 505000.0, "median_price_per_sqm": 8898.091133004926, "median_rooms": 0.5, "first_sale": "2021-08-13", "last_sale": "2025-09-05"}}, {"type": "Feature", "geometry": {"type": "Point", "coordinates": [2.392691, 48.845578]}, "properties": {"id_parcelle": "75112000CO0026", "address": "31 RUE DU SERGENT BAUCHAT", "sales": 8, "median_price": 328500.0, "median_price_per_sqm": 9042.553191489362, "median_rooms": 1.5, "first_sale": "2021-12-20", "last_sale": "2025-06-27"}}, {"type": "Feature", "geometry": {"type": "Point", "coordinates": [2.407105, 48.840832]}, "properties": {"id_parcelle": "75112000AE0060", "address": "53 RUE DU SAHEL", "sales": 8, "median_price": 401500.0, "median_price_per_sqm": 9117.933723196882, "median_rooms": 1.0, "first_sale": "2021-09-16", "last_sale": "2024-01-19"}}, {"type": "Feature", "geometry": {"type": "Point", "coordinates": [2.385864, 48.846411]}, "properties": {"id_parcelle": "75112000CT0032", "address": "2 RUE RONDELET", "sales": 8, "median_price": 245000.0, "median_price_per_sqm": 10001.666666666668, "median_rooms": 0.5, "first_sale": "2021-08-06", "last_sale": "2025-11-28"}}, {"type": "Feature", "geometry": {"type": "Point", "coordinates": [2.395363, 48.847084]}, "properties": {"id_parcelle": "75112000CN0044", "address": "21 RUE FABRE D EGLANTINE", "sales": 8, "median_price": 1440650.0, "median_price_per_sqm": 10533.333333333334, "median_rooms": 1.5, "first_sale": "2022-05-23", "last_sale": "2022-10-03"}}, {"type": "Feature", "geometry": {"type": "Point", "coordinates": [2.391893, 48.837532]}, "properties": {"id_parcelle": "75112000BT0012", "address": "4 RUE TAINE", "sales": 8, "median_price": 545000.0, "median_price_per_sqm": 10480.76923076923, "median_rooms": 0.0, "first_sale": "2022-01-26", "last_sale": "2024-12-16"}}, {"type": "Feature", "geometry": {"type": "Point", "coordinates": [2.39464, 48.834226]}, "properties": {"id_parcelle": "75112000BS0046", "address": "299 RUE DE CHARENTON", "sales": 8, "median_price": 294700.0, "median_price_per_sqm": 7961.764705882353, "median_rooms": 1.0, "first_sale": "2024-01-30", "last_sale": "2025-10-16"}}, {"type": "Feature", "geometry": {"type": "Point", "coordinates": [2.384881, 48.849266]}, "properties": {"id_parcelle": "75112000CS0053", "address": "16 RUE DE REUILLY", "sales": 8, "median_price": 540000.0, "median_price_per_sqm": 10192.307692307691, "median_rooms": 1.5, "first_sale": "2021-10-15", "last_sale": "2024-10-31"}}, {"type": "Feature", "geometry": {"type": "Point", "coordinates": [2.389575, 48.848357]}, "properties": {"id_parcelle": "75112000CR0039", "address": "9 PAS DU GENIE", "sales": 8, "median_price": 326000.0, "median_price_per_sqm": 8747.619047619048, "median_rooms": 1.5, "first_sale": "2021-05-05", "last_sale": "2025-06-04"}}, {"type": "Feature", "geometry": {"type": "Point", "coordinates": [2.387559, 48.847637]}, "properties": {"id_parcelle": "75112000CR0025", "address": "81 BD DIDEROT", "sales": 8, "median_price": 428500.0, "median_price_per_sqm": 9218.75, "median_rooms": 0.0, "first_sale": "2024-01-11", "last_sale": "2025-04-24"}}, {"type": "Feature", "geometry": {"type": "Point", "coordinates": [2.383698, 48.845205]}, "properties": {"id_parcelle": "75112000CT0013", "address": "2 RUE CHALIGNY", "sales": 8, "median_price": 334500.0, "median_price_per_sqm": 9333.333333333334, "median_rooms": 2.0, "first_sale": "2021-11-08", "last_sale": "2025-12-29"}}, {"type": "Feature", "geometry": {"type": "Point", "coordinates": [2.385401, 48.849621]}, "properties": {"id_parcelle": "75112000CS0004", "address": "3 RUE DE REUILLY", "sales": 8, "median_price": 220000.0, "median_price_per_sqm": 9192.708333333332, "median_rooms": 1.0, "first_sale": "2021-07-12", "last_sale": "2025-11-04"}}, {"type": "Feature", "geometry": {"type": "Point", "coordinates": [2.392938, 48.848505]}, "properties": {"id_parcelle": "75112000CR0056", "address": "270 RUE DU FBG ST ANTOINE", "sales": 8, "median_price": 206500.0, "median_price_per_sqm": 8783.068783068782, "median_rooms": 1.0, "first_sale": "2021-09-11", "last_sale": "2024-11-21"}}, {"type": "Feature", "geometry": {"type": "Point", "coordinates": [2.393164, 48.848535]}, "properties": {"id_parcelle": "75112000CR0055", "address": "274 RUE DU FBG ST ANTOINE", "sales": 8, "median_price": 855000.0, "median_price_per_sqm": 9247.31182795699, "median_rooms": 0.0, "first_sale": "2022-08-29", "last_sale": "2025-12-08"}}, {"type": "Feature", "geometry": {"type": "Point", "coordinates": [2.403817, 48.841459]}, "properties": {"id_parcelle": "75112000AD0046", "address": "1 AV DU DOC ARNOLD NETTER", "sales": 8, "median_price": 638100.0, "median_price_per_sqm": 9465.423563777993, "median_rooms": 3.0, "first_sale": "2021-05-07", "last_sale": "2023-09-04"}}, {"type": "Feature", "geometry": {"type": "Point", "coordinates": [2.387809, 48.840318]}, "properties": {"id_parcelle": "75112000DA0017", "address": "220 RUE DE CHARENTON", "sales": 8, "median_price": 414000.0, "median_price_per_sqm": 9615.0, "median_rooms": 1.0, "first_sale": "2021-06-30", "last_sale": "2025-03-04"}}, {"type": "Feature", "geometry": {"type": "Point", "coordinates": [2.404906, 48.835824]}, "properties": {"id_parcelle": "75112000AX0096", "address": "270 AV DAUMESNIL", "sales": 8, "median_price": 537500.0, "median_price_per_sqm": 7646.017699115044, "median_rooms": 0.0, "first_sale": "2021-12-21", "last_sale": "2025-12-23"}}, {"type": "Feature", "geometry": {"type": "Point", "coordinates": [2.399785, 48.837604]}, "properties": {"id_parcelle": "75112000BX0037", "address": "212 AV DAUMESNIL", "sales": 8, "median_price": 564500.0, "median_price_per_sqm": 11088.888888888889, "median_rooms": 1.5, "first_sale": "2021-05-10", "last_sale": "2023-07-27"}}, {"type": "Feature", "geometry": {"type": "Point", "coordinates": [2.400958, 48.83805]}, "properties": {"id_parcelle": "75112000BX0013", "address": "235 AV DAUMESNIL", "sales": 8, "median_price": 1140000.0, "median_price_per_sqm": 10363.636363636364, "median_rooms": 0.0, "first_sale": "2021-12-21", "last_sale": "2023-05-30"}}, {"type": "Feature", "geometry": {"type": "Point", "coordinates": [2.402023, 48.837501]}, "properties": {"id_parcelle": "75112000BX0021", "address": "253 AV DAUMESNIL", "sales": 8, "median_price": 341000.0, "median_price_per_sqm": 11027.168234064786, "median_rooms": 1.0, "first_sale": "2021-10-01", "last_sale": "2025-09-26"}}, {"type": "Feature", "geometry": {"type": "Point", "coordinates": [2.400219, 48.846009]}, "properties": {"id_parcelle": "75112000CL0072", "address": "10 VLA DE SAINT MANDE", "sales": 8, "median_price": 475000.0, "median_price_per_sqm": 9500.0, "median_rooms": 1.0, "first_sale": "2023-06-22", "last_sale": "2025-10-28"}}, {"type": "Feature", "geometry": {"type": "Point", "coordinates": [2.40116, 48.845467]}, "properties": {"id_parcelle": "75112000CL0080", "address": "53 BD DE PICPUS", "sales": 8, "median_price": 283225.0, "median_price_per_sqm": 9882.44514106583, "median_rooms": 2.5, "first_sale": "2021-10-08", "last_sale": "2025-11-26"}}, {"type": "Feature", "geometry": {"type": "Point", "coordinates": [2.399522, 48.83612]}, "properties": {"id_parcelle": "75112000BX0047", "address": "42 RUE CLAUDE DECAEN", "sales": 8, "median_price": 179000.0, "median_price_per_sqm": 9600.0, "median_rooms": 1.0, "first_sale": "2022-01-19", "last_sale": "2025-06-20"}}, {"type": "Feature", "geometry": {"type": "Point", "coordinates": [2.394949, 48.846717]}, "properties": {"id_parcelle": "75112000CM0009", "address": "8 RUE JAUCOURT", "sales": 8, "median_price": 599641.0, "median_price_per_sqm": 9608.695652173914, "median_rooms": 0.0, "first_sale": "2021-11-05", "last_sale": "2025-02-12"}}, {"type": "Feature", "geometry": {"type": "Point", "coordinates": [2.394134, 48.846871]}, "properties": {"id_parcelle": "75112000CM0002", "address": "13 RUE DE PICPUS", "sales": 8, "median_price": 277500.0, "median_price_per_sqm": 9109.315789473685, "median_rooms": 0.0, "first_sale": "2022-04-19", "last_sale": "2025-11-27"}}, {"type": "Feature", "geometry": {"type": "Point", "coordinates": [2.383877, 48.845585]}, "properties": {"id_parcelle": "75112000CT0010", "address": "8 RUE CHALIGNY", "sales": 8, "median_price": 380000.0, "median_price_per_sqm": 10654.076623376623, "median_rooms": 2.0, "first_sale": "2021-11-25", "last_sale": "2025-07-09"}}, {"type": "Feature", "geometry": {"type": "Point", "coordinates": [2.401458, 48.835546]}, "properties": {"id_parcelle": "75112000BP0051", "address": "55 AV DU GAL MICHEL BIZOT", "sales": 8, "median_price": 405000.0, "median_price_per_sqm": 11162.790697674418, "median_rooms": 2.0, "first_sale": "2021-04-09", "last_sale": "2025-12-16"}}, {"type": "Feature", "geometry": {"type": "Point", "coordinates": [2.4013, 48.835452]}, "properties": {"id_parcelle": "75112000BP0050", "address": "53 AV DU GAL MICHEL BIZOT", "sales": 8, "median_price": 480000.0, "median_price_per_sqm": 9171.42857142857, "median_rooms": 1.0, "first_sale": "2021-02-01", "last_sale": "2024-07-17"}}, {"type": "Feature", "geometry": {"type": "Point", "coordinates": [2.389457, 48.844472]}, "properties": {"id_parcelle": "75112000CV0024", "address": "64 RUE DE REUILLY", "sales": 8, "median_price": 115000.0, "median_price_per_sqm": 6388.888888888889, "median_rooms": 1.0, "first_sale": "2022-03-02", "last_sale": "2025-10-09"}}, {"type": "Feature", "geometry": {"type": "Point", "coordinates": [2.398599, 48.836201]}, "properties": {"id_parcelle": "75112000BP0011", "address": "11 RUE DE CAPRI", "sales": 8, "median_price": 263500.0, "median_price_per_sqm": 9479.691876750701, "median_rooms": 0.5, "first_sale": "2022-03-02", "last_sale": "2025-04-30"}}, {"type": "Feature", "geometry": {"type": "Point", "coordinates": [2.407833, 48.846542]}, "properties": {"id_parcelle": "75112000AI0026", "address": "6 IMP VASSOU", "sales": 8, "median_price": 280000.0, "median_price_per_sqm": 10078.431372549021, "median_rooms": 2.0, "first_sale": "2022-05-06", "last_sale": "2025-10-03"}}, {"type": "Feature", "geometry": {"type": "Point", "coordinates": [2.373096, 48.851716]}, "properties": {"id_parcelle": "75112000ER0128", "address": "56 RUE DU FBG ST ANTOINE", "sales": 8, "median_price": 572500.0, "median_price_per_sqm": 12456.349206349205, "median_rooms": 0.5, "first_sale": "2021-09-10", "last_sale": "2024-09-20"}}, {"type": "Feature", "geometry": {"type": "Point", "coordinates": [2.405066, 48.843227]}, "properties": {"id_parcelle": "75112000AC0029", "address": "35 AV DU DOC ARNOLD NETTER", "sales": 8, "median_price": 412600.0, "median_price_per_sqm": 7678.876678876679, "median_rooms": 1.0, "first_sale": "2021-09-08", "last_sale": "2024-05-07"}}, {"type": "Feature", "geometry": {"type": "Point", "coordinates": [2.377621, 48.850092]}, "properties": {"id_parcelle": "75112000EX0013", "address": "26 RUE CHARLES BAUDELAIRE", "sales": 8, "median_price": 1100470.0, "median_price_per_sqm": 21906.845238095237, "median_rooms": 0.0, "first_sale": "2021-03-29", "last_sale": "2025-04-15"}}, {"type": "Feature", "geometry": {"type": "Point", "coordinates": [2.404883, 48.838346]}, "properties": {"id_parcelle": "75112000AS0045", "address": "17 RUE DE LA VEGA", "sales": 8, "median_price": 494500.0, "median_price_per_sqm": 9523.382092198583, "median_rooms": 0.0, "first_sale": "2021-12-17", "last_sale": "2022-07-25"}}, {"type": "Feature", "geometry": {"type": "Point", "coordinates": [2.407499, 48.846008]}, "properties": {"id_parcelle": "75112000AI0017", "address": "25 RUE DE LA VOUTE", "sales": 8, "median_price": 560000.0, "median_price_per_sqm": 9103.830645161292, "median_rooms": 1.5, "first_sale": "2022-01-03", "last_sale": "2024-09-30"}}, {"type": "Feature", "geometry": {"type": "Point", "coordinates": [2.405318, 48.844303]}, "properties": {"id_parcelle": "75112000AC0021", "address": "53 AV DU DOC ARNOLD NETTER", "sales": 8, "median_price": 391405.0, "median_price_per_sqm": 9750.0, "median_rooms": 1.5, "first_sale": "2022-06-02", "last_sale": "2025-03-27"}}, {"type": "Feature", "geometry": {"type": "Point", "coordinates": [2.4045, 48.836772]}, "properties": {"id_parcelle": "75112000AT0011", "address": "2 RUE DE LA VEGA", "sales": 8, "median_price": 930000.0, "median_price_per_sqm": 10010.137299771168, "median_rooms": 0.0, "first_sale": "2022-05-12", "last_sale": "2025-05-19"}}, {"type": "Feature", "geometry": {"type": "Point", "coordinates": [2.398197, 48.844695]}, "properties": {"id_parcelle": "75112000CK0028", "address": "14 AV DE SAINT-MANDE", "sales": 8, "median_price": 540000.0, "median_price_per_sqm": 11892.277314611672, "median_rooms": 0.0, "first_sale": "2022-03-29", "last_sale": "2024-10-04"}}, {"type": "Feature", "geometry": {"type": "Point", "coordinates": [2.401443, 48.844747]}, "properties": {"id_parcelle": "75112000CK0008", "address": "46 AV DE SAINT-MANDE", "sales": 8, "median_price": 767500.0, "median_price_per_sqm": 9859.154929577464, "median_rooms": 2.0, "first_sale": "2021-02-12", "last_sale": "2022-09-12"}}, {"type": "Feature", "geometry": {"type": "Point", "coordinates": [2.398772, 48.836719]}, "properties": {"id_parcelle": "75112000BX0053", "address": "52 RUE CLAUDE DECAEN", "sales": 8, "median_price": 395000.0, "median_price_per_sqm": 8604.651162790698, "median_rooms": 2.0, "first_sale": "2021-02-16", "last_sale": "2024-12-30"}}, {"type": "Feature", "geometry": {"type": "Point", "coordinates": [2.398834, 48.836978]}, "properties": {"id_parcelle": "75112000BX0068", "address": "11 IMP TOURNEUX", "sales": 8, "median_price": 245000.0, "median_price_per_sqm": 10089.285714285714, "median_rooms": 1.0, "first_sale": "2022-05-24", "last_sale": "2025-01-03"}}, {"type": "Feature", "geometry": {"type": "Point", "coordinates": [2.395555, 48.841959]}, "properties": {"id_parcelle": "75112000CI0006", "address": "41 RUE DE LA GARE DE REUILLY", "sales": 8, "median_price": 210000.0, "median_price_per_sqm": 9337.5, "median_rooms": 1.0, "first_sale": "2021-01-15", "last_sale": "2025-03-21"}}, {"type": "Feature", "geometry": {"type": "Point", "coordinates": [2.39855, 48.840492]}, "properties": {"id_parcelle": "75112000BY0023", "address": "17 RUE DU DOCTEUR GOUJON", "sales": 8, "median_price": 263000.0, "median_price_per_sqm": 7969.69696969697, "median_rooms": 1.5, "first_sale": "2023-02-24", "last_sale": "2024-09-27"}}, {"type": "Feature", "geometry": {"type": "Point", "coordinates": [2.407654, 48.846755]}, "properties": {"id_parcelle": "75112000AI0032", "address": "92 CRS DE VINCENNES", "sales": 8, "median_price": 280000.0, "median_price_per_sqm": 8368.303571428572, "median_rooms": 1.0, "first_sale": "2021-08-26", "last_sale": "2024-09-30"}}, {"type": "Feature", "geometry": {"type": "Point", "coordinates": [2.408047, 48.838578]}, "properties": {"id_parcelle": "75112000AT0035", "address": "45 BD SOULT", "sales": 8, "median_price": 397100.0, "median_price_per_sqm": 10400.0, "median_rooms": 1.5, "first_sale": "2021-08-12", "last_sale": "2022-12-22"}}, {"type": "Feature", "geometry": {"type": "Point", "coordinates": [2.37292, 48.846603]}, "properties": {"id_parcelle": "75112000EM0042", "address": "11 RUE EMILE GILBERT", "sales": 8, "median_price": 830000.0, "median_price_per_sqm": 9968.573224387179, "median_rooms": 0.0, "first_sale": "2023-05-16", "last_sale": "2025-11-03"}}, {"type": "Feature", "geometry": {"type": "Point", "coordinates": [2.40212, 48.839858]}, "properties": {"id_parcelle": "75112000AR0054", "address": "15 RUE LOUIS BRAILLE", "sales": 8, "median_price": 663500.0, "median_price_per_sqm": 8505.92105263158, "median_rooms": 2.0, "first_sale": "2022-03-28", "last_sale": "2025-02-04"}}, {"type": "Feature", "geometry": {"type": "Point", "coordinates": [2.374236, 48.846759]}, "properties": {"id_parcelle": "75112000EM0069", "address": "8 RUE MICHEL CHASLES", "sales": 8, "median_price": 1163000.0, "median_price_per_sqm": 10318.181818181818, "median_rooms": 0.0, "first_sale": "2022-07-08", "last_sale": "2025-08-06"}}, {"type": "Feature", "geometry": {"type": "Point", "coordinates": [2.37295, 48.846237]}, "properties": {"id_parcelle": "75112000EM0048", "address": "5 RUE EMILE GILBERT", "sales": 8, "median_price": 464250.0, "median_price_per_sqm": 9956.140350877193, "median_rooms": 1.0, "first_sale": "2022-04-28", "last_sale": "2025-07-11"}}, {"type": "Feature", "geometry": {"type": "Point", "coordinates": [2.374638, 48.84686]}, "properties": {"id_parcelle": "75112000EM0082", "address": "14 RUE PARROT", "sales": 8, "median_price": 800000.0, "median_price_per_sqm": 17986.425339366513, "median_rooms": 0.0, "first_sale": "2023-07-28", "last_sale": "2025-06-30"}}, {"type": "Feature", "geometry": {"type": "Point", "coordinates": [2.398327, 48.839875]}, "properties": {"id_parcelle": "75112000BY0043", "address": "59 BD DE REUILLY", "sales": 8, "median_price": 412500.0, "median_price_per_sqm": 10059.52380952381, "median_rooms": 1.0, "first_sale": "2021-11-26", "last_sale": "2022-06-17"}}, {"type": "Feature", "geometry": {"type": "Point", "coordinates": [2.398299, 48.840535]}, "properties": {"id_parcelle": "75112000BY0021", "address": "22 RUE LAMBLARDIE", "sales": 8, "median_price": 444925.0, "median_price_per_sqm": 10203.011204481794, "median_rooms": 1.0, "first_sale": "2022-03-08", "last_sale": "2025-08-07"}}, {"type": "Feature", "geometry": {"type": "Point", "coordinates": [2.40348, 48.839604]}, "properties": {"id_parcelle": "75112000AR0029", "address": "32 RUE LOUIS BRAILLE", "sales": 8, "median_price": 255000.0, "median_price_per_sqm": 8750.0, "median_rooms": 0.0, "first_sale": "2021-03-30", "last_sale": "2025-10-03"}}, {"type": "Feature", "geometry": {"type": "Point", "coordinates": [2.398227, 48.839067]}, "properties": {"id_parcelle": "75112000BY0078", "address": "205 AV DAUMESNIL", "sales": 8, "median_price": 617500.0, "median_price_per_sqm": 9717.741935483871, "median_rooms": 1.5, "first_sale": "2021-09-15", "last_sale": "2023-06-14"}}, {"type": "Feature", "geometry": {"type": "Point", "coordinates": [2.397941, 48.839094]}, "properties": {"id_parcelle": "75112000BY0077", "address": "203 AV DAUMESNIL", "sales": 8, "median_price": 643500.0, "median_price_per_sqm": 8214.055394791236, "median_rooms": 1.0, "first_sale": "2023-12-19", "last_sale": "2025-06-03"}}, {"type": "Feature", "geometry": {"type": "Point", "coordinates": [2.370675, 48.848259]}, "properties": {"id_parcelle": "75112000EO0030", "address": "45 AV LEDRU ROLLIN", "sales": 8, "median_price": 580800.0, "median_price_per_sqm": 9734.47619047619, "median_rooms": 2.0, "first_sale": "2022-07-18", "last_sale": "2023-02-09"}}, {"type": "Feature", "geometry": {"type": "Point", "coordinates": [2.407691, 48.846306]}, "properties": {"id_parcelle": "75112000AI0143", "address": "1 IMP VASSOU", "sales": 8, "median_price": 511400.0, "median_price_per_sqm": 9428.57142857143, "median_rooms": 0.0, "first_sale": "2022-03-15", "last_sale": "2024-09-10"}}, {"type": "Feature", "geometry": {"type": "Point", "coordinates": [2.387251, 48.843095]}, "properties": {"id_parcelle": "75112000CE0030", "address": "16 RUE MONTGALLET", "sales": 8, "median_price": 467500.0, "median_price_per_sqm": 11013.888888888889, "median_rooms": 1.5, "first_sale": "2022-01-10", "last_sale": "2023-06-29"}}, {"type": "Feature", "geometry": {"type": "Point", "coordinates": [2.388485, 48.843666]}, "properties": {"id_parcelle": "75112000CE0038", "address": "32 RUE MONTGALLET", "sales": 8, "median_price": 428750.0, "median_price_per_sqm": 9027.777777777777, "median_rooms": 0.0, "first_sale": "2023-03-15", "last_sale": "2025-06-04"}}, {"type": "Feature", "geometry": {"type": "Point", "coordinates": [2.400401, 48.838856]}, "properties": {"id_parcelle": "75112000BY0094", "address": "14 RUE SIDI BRAHIM", "sales": 8, "median_price": 334500.0, "median_price_per_sqm": 9411.764705882353, "median_rooms": 1.0, "first_sale": "2023-04-21", "last_sale": "2025-10-16"}}, {"type": "Feature", "geometry": {"type": "Point", "coordinates": [2.398646, 48.842539]}, "properties": {"id_parcelle": "75112000BZ0005", "address": "1 RUE DAGORNO", "sales": 8, "median_price": 409500.0, "median_price_per_sqm": 9700.800915331809, "median_rooms": 0.5, "first_sale": "2022-01-21", "last_sale": "2024-12-20"}}, {"type": "Feature", "geometry": {"type": "Point", "coordinates": [2.398698, 48.840776]}, "properties": {"id_parcelle": "75112000BY0026", "address": "28 RUE LAMBLARDIE", "sales": 8, "median_price": 332500.0, "median_price_per_sqm": 7888.888888888889, "median_rooms": 2.0, "first_sale": "2021-04-14", "last_sale": "2025-07-04"}}, {"type": "Feature", "geometry": {"type": "Point", "coordinates": [2.373226, 48.847263]}, "properties": {"id_parcelle": "75112000EN0093", "address": "26 RUE TRAVERSIERE", "sales": 8, "median_price": 496000.0, "median_price_per_sqm": 11750.0, "median_rooms": 1.0, "first_sale": "2021-05-17", "last_sale": "2025-04-10"}}, {"type": "Feature", "geometry": {"type": "Point", "coordinates": [2.373314, 48.847896]}, "properties": {"id_parcelle": "75112000EN0085", "address": "24 AV DAUMESNIL", "sales": 8, "median_price": 320000.0, "median_price_per_sqm": 11106.719367588932, "median_rooms": 1.0, "first_sale": "2021-04-01", "last_sale": "2023-08-01"}}, {"type": "Feature", "geometry": {"type": "Point", "coordinates": [2.370663, 48.848656]}, "properties": {"id_parcelle": "75112000EO0026", "address": "39 RUE DE LYON", "sales": 8, "median_price": 630500.0, "median_price_per_sqm": 12050.128205128205, "median_rooms": 0.0, "first_sale": "2021-06-25", "last_sale": "2023-09-05"}}, {"type": "Feature", "geometry": {"type": "Point", "coordinates": [2.379843, 48.84618]}, "properties": {"id_parcelle": "75112000HA0117", "address": "115 RUE DE CHARENTON", "sales": 8, "median_price": 124500.0, "median_price_per_sqm": 5760.0, "median_rooms": 0.5, "first_sale": "2021-01-06", "last_sale": "2025-09-30"}}, {"type": "Feature", "geometry": {"type": "Point", "coordinates": [2.375067, 48.845779]}, "properties": {"id_parcelle": "75112000HB0006", "address": "26 BD DIDEROT", "sales": 8, "median_price": 277000.0, "median_price_per_sqm": 9754.761904761905, "median_rooms": 0.5, "first_sale": "2021-02-25", "last_sale": "2025-04-09"}}, {"type": "Feature", "geometry": {"type": "Point", "coordinates": [2.380002, 48.846208]}, "properties": {"id_parcelle": "75112000HA0118", "address": "117 RUE DE CHARENTON", "sales": 8, "median_price": 889255.5, "median_price_per_sqm": 30180.555555555555, "median_rooms": 0.0, "first_sale": "2022-03-02", "last_sale": "2023-07-18"}}, {"type": "Feature", "geometry": {"type": "Point", "coordinates": [2.381522, 48.845891]}, "properties": {"id_parcelle": "75112000HA0125", "address": "8 PAS ABEL LEBLANC", "sales": 8, "median_price": 157480.5, "median_price_per_sqm": 10263.965517241379, "median_rooms": 1.0, "first_sale": "2021-03-22", "last_sale": "2025-11-13"}}, {"type": "Feature", "geometry": {"type": "Point", "coordinates": [2.40321, 48.845519]}, "properties": {"id_parcelle": "75112000AB0070", "address": "25 RUE DU RENDEZ VOUS", "sales": 8, "median_price": 841500.0, "median_price_per_sqm": 10734.552845528455, "median_rooms": 2.0, "first_sale": "2023-04-06", "last_sale": "2025-07-21"}}, {"type": "Feature", "geometry": {"type": "Point", "coordinates": [2.382594, 48.845099]}, "properties": {"id_parcelle": "75112000HA0029", "address": "151 RUE DE CHARENTON", "sales": 8, "median_price": 443405.0, "median_price_per_sqm": 9555.555555555555, "median_rooms": 1.0, "first_sale": "2021-06-18", "last_sale": "2024-07-02"}}, {"type": "Feature", "geometry": {"type": "Point", "coordinates": [2.378423, 48.846189]}, "properties": {"id_parcelle": "75112000HA0002", "address": "44 BD DIDEROT", "sales": 8, "median_price": 250000.0, "median_price_per_sqm": 10724.63768115942, "median_rooms": 0.0, "first_sale": "2022-03-10", "last_sale": "2025-04-23"}}, {"type": "Feature", "geometry": {"type": "Point", "coordinates": [2.403309, 48.844516]}, "properties": {"id_parcelle": "75112000AC0008", "address": "60 AV DE SAINT-MANDE", "sales": 8, "median_price": 794150.0, "median_price_per_sqm": 9454.166666666666, "median_rooms": 0.0, "first_sale": "2021-11-30", "last_sale": "2022-03-23"}}, {"type": "Feature", "geometry": {"type": "Point", "coordinates": [2.372524, 48.848285]}, "properties": {"id_parcelle": "75112000EN0080", "address": "56 AV LEDRU ROLLIN", "sales": 8, "median_price": 400000.0, "median_price_per_sqm": 10000.0, "median_rooms": 0.0, "first_sale": "2021-09-02", "last_sale": "2025-12-08"}}, {"type": "Feature", "geometry": {"type": "Point", "coordinates": [2.401995, 48.845773]}, "properties": {"id_parcelle": "75112000AA0063", "address": "76 BD DE PICPUS", "sales": 8, "median_price": 576250.0, "median_price_per_sqm": 9843.75, "median_rooms": 0.0, "first_sale": "2022-09-15", "last_sale": "2024-03-26"}}, {"type": "Feature", "geometry": {"type": "Point", "coordinates": [2.383204, 48.845638]}, "properties": {"id_parcelle": "75112000HA0054", "address": "7 RUE CHALIGNY", "sales": 8, "median_price": 475000.0, "median_price_per_sqm": 10770.238095238095, "median_rooms": 0.0, "first_sale": "2021-01-15", "last_sale": "2025-05-06"}}, {"type": "Feature", "geometry": {"type": "Point", "coordinates": [2.382618, 48.846546]}, "properties": {"id_parcelle": "75112000HA0076", "address": "78 BD DIDEROT", "sales": 8, "median_price": 335587.5, "median_price_per_sqm": 10000.0, "median_rooms": 1.5, "first_sale": "2021-04-20", "last_sale": "2024-07-03"}}, {"type": "Feature", "geometry": {"type": "Point", "coordinates": [2.380629, 48.844149]}, "properties": {"id_parcelle": "75112000HC0024", "address": "17 RUE DE RAMBOUILLET", "sales": 7, "median_price": 502950.0, "median_price_per_sqm": 10329.347826086956, "median_rooms": 0.0, "first_sale": "2021-07-12", "last_sale": "2023-05-30"}}, {"type": "Feature", "geometry": {"type": "Point", "coordinates": [2.389459, 48.844393]}, "properties": {"id_parcelle": "75112000CV0026", "address": "37 RUE MONTGALLET", "sales": 7, "median_price": 363450.0, "median_price_per_sqm": 10574.919768934531, "median_rooms": 2.0, "first_sale": "2021-11-15", "last_sale": "2024-10-30"}}, {"type": "Feature", "geometry": {"type": "Point", "coordinates": [2.384088, 48.8449]}, "properties": {"id_parcelle": "75112000CV0003", "address": "4 RUE ERARD", "sales": 7, "median_price": 1000.0, "median_price_per_sqm": 17.857142857142858, "median_rooms": 0.0, "first_sale": "2022-09-30", "last_sale": "2025-06-17"}}, {"type": "Feature", "geometry": {"type": "Point", "coordinates": [2.400605, 48.847415]}, "properties": {"id_parcelle": "75112000AA0016", "address": "18 CRS DE VINCENNES", "sales": 7, "median_price": 360300.0, "median_price_per_sqm": 11213.793103448275, "median_rooms": 0.0, "first_sale": "2022-07-01", "last_sale": "2023-09-25"}}, {"type": "Feature", "geometry": {"type": "Point", "coordinates": [2.386793, 48.846924]}, "properties": {"id_parcelle": "75112000CT0042", "address": "26 RUE DE REUILLY", "sales": 7, "median_price": 240000.0, "median_price_per_sqm": 9600.0, "median_rooms": 2.0, "first_sale": "2022-05-18", "last_sale": "2025-07-02"}}, {"type": "Feature", "geometry": {"type": "Point", "coordinates": [2.384067, 48.845511]}, "properties": {"id_parcelle": "75112000CT0016", "address": "5 RUE ERARD", "sales": 7, "median_price": 624000.0, "median_price_per_sqm": 10576.271186440677, "median_rooms": 2.0, "first_sale": "2021-07-29", "last_sale": "2025-07-22"}}, {"type": "Feature", "geometry": {"type": "Point", "coordinates": [2.383326, 48.844543]}, "properties": {"id_parcelle": "75112000CW0007", "address": "10 PL DU COLONEL BOURGOIN", "sales": 7, "median_price": 217480.0, "median_price_per_sqm": 8397.727272727272, "median_rooms": 0.0, "first_sale": "2021-05-25", "last_sale": "2025-04-30"}}, {"type": "Feature", "geometry": {"type": "Point", "coordinates": [2.378417, 48.849803]}, "properties": {"id_parcelle": "75112000EX0032", "address": "19 RUE D ALIGRE", "sales": 7, "median_price": 269000.0, "median_price_per_sqm": 10346.153846153846, "median_rooms": 1.0, "first_sale": "2021-05-03", "last_sale": "2024-09-18"}}, {"type": "Feature", "geometry": {"type": "Point", "coordinates": [2.398487, 48.836472]}, "properties": {"id_parcelle": "75112000BP0002", "address": "53 RUE CLAUDE DECAEN", "sales": 7, "median_price": 286000.0, "median_price_per_sqm": 10610.754504504504, "median_rooms": 1.0, "first_sale": "2021-06-14", "last_sale": "2023-11-07"}}, {"type": "Feature", "geometry": {"type": "Point", "coordinates": [2.394088, 48.840265]}, "properties": {"id_parcelle": "75112000CD0007", "address": "193 AV DAUMESNIL", "sales": 7, "median_price": 229000.0, "median_price_per_sqm": 9250.0, "median_rooms": 2.0, "first_sale": "2021-05-27", "last_sale": "2024-07-29"}}, {"type": "Feature", "geometry": {"type": "Point", "coordinates": [2.391696, 48.840172]}, "properties": {"id_parcelle": "75112000CC0037", "address": "9 RUE PLEYEL", "sales": 7, "median_price": 538500.0, "median_price_per_sqm": 10964.166666666668, "median_rooms": 1.0, "first_sale": "2021-07-27", "last_sale": "2022-09-05"}}, {"type": "Feature", "geometry": {"type": "Point", "coordinates": [2.404185, 48.84157]}, "properties": {"id_parcelle": "75112000AD0048", "address": "5 RUE VICTOR CHEVREUIL", "sales": 7, "median_price": 328548.0, "median_price_per_sqm": 10417.313664596273, "median_rooms": 2.0, "first_sale": "2022-01-17", "last_sale": "2025-05-27"}}, {"type": "Feature", "geometry": {"type": "Point", "coordinates": [2.390209, 48.84036]}, "properties": {"id_parcelle": "75112000CC0049", "address": "4 RUE ELISA LEMONNIER", "sales": 7, "median_price": 607765.0, "median_price_per_sqm": 10625.373134328358, "median_rooms": 2.0, "first_sale": "2021-01-11", "last_sale": "2024-12-11"}}, {"type": "Feature", "geometry": {"type": "Point", "coordinates": [2.390427, 48.840499]}, "properties": {"id_parcelle": "75112000CC0053", "address": "144 AV DAUMESNIL", "sales": 7, "median_price": 380000.0, "median_price_per_sqm": 9046.39175257732, "median_rooms": 0.0, "first_sale": "2021-12-03", "last_sale": "2025-11-06"}}, {"type": "Feature", "geometry": {"type": "Point", "coordinates": [2.379098, 48.849565]}, "properties": {"id_parcelle": "75112000EX0043", "address": "75 RUE CROZATIER", "sales": 7, "median_price": 1162000.0, "median_price_per_sqm": 21518.51851851852, "median_rooms": 0.0, "first_sale": "2025-09-02", "last_sale": "2025-12-18"}}, {"type": "Feature", "geometry": {"type": "Point", "coordinates": [2.401647, 48.834881]}, "properties": {"id_parcelle": "75112000BO0004", "address": "54 AV DU GAL MICHEL BIZOT", "sales": 7, "median_price": 480000.0, "median_price_per_sqm": 10287.80487804878, "median_rooms": 2.0, "first_sale": "2021-04-29", "last_sale": "2024-04-09"}}, {"type": "Feature", "geometry": {"type": "Point", "coordinates": [2.403714, 48.8343]}, "properties": {"id_parcelle": "75112000BO0023", "address": "93 BD PONIATOWSKI", "sales": 7, "median_price": 460000.0, "median_price_per_sqm": 9910.714285714286, "median_rooms": 0.0, "first_sale": "2023-01-10", "last_sale": "2025-10-13"}}, {"type": "Feature", "geometry": {"type": "Point", "coordinates": [2.398454, 48.836497]}, "properties": {"id_parcelle": "75112000BP0001", "address": "18 RUE DE GRAVELLE", "sales": 7, "median_price": 275000.0, "median_price_per_sqm": 8775.59840425532, "median_rooms": 0.0, "first_sale": "2021-09-23", "last_sale": "2025-10-17"}}, {"type": "Feature", "geometry": {"type": "Point", "coordinates": [2.387726, 48.843755]}, "properties": {"id_parcelle": "75112000CE0021", "address": "4 RUE EBELMEN", "sales": 7, "median_price": 290000.0, "median_price_per_sqm": 12884.848484848484, "median_rooms": 0.0, "first_sale": "2023-10-31", "last_sale": "2024-05-03"}}, {"type": "Feature", "geometry": {"type": "Point", "coordinates": [2.375165, 48.846299]}, "properties": {"id_parcelle": "75112000EW0067", "address": "27 BD DIDEROT", "sales": 7, "median_price": 170000.0, "median_price_per_sqm": 10057.651572805682, "median_rooms": 0.0, "first_sale": "2021-04-23", "last_sale": "2024-12-23"}}, {"type": "Feature", "geometry": {"type": "Point", "coordinates": [2.376215, 48.848911]}, "properties": {"id_parcelle": "75112000ET0038", "address": "12 RUE EMILIO CASTELAR", "sales": 7, "median_price": 600000.0, "median_price_per_sqm": 12121.5, "median_rooms": 3.0, "first_sale": "2021-05-04", "last_sale": "2025-10-30"}}, {"type": "Feature", "geometry": {"type": "Point", "coordinates": [2.398554, 48.839894]}, "properties": {"id_parcelle": "75112000BY0044", "address": "61 BD DE REUILLY", "sales": 7, "median_price": 584000.0, "median_price_per_sqm": 10248.768472906404, "median_rooms": 3.0, "first_sale": "2021-01-19", "last_sale": "2024-11-28"}}, {"type": "Feature", "geometry": {"type": "Point", "coordinates": [2.395494, 48.844628]}, "properties": {"id_parcelle": "75112000CH0030", "address": "42 RUE DE PICPUS", "sales": 7, "median_price": 48859052.0, "median_price_per_sqm": 298962.73076923075, "median_rooms": 0.0, "first_sale": "2024-11-08", "last_sale": "2024-11-08"}}, {"type": "Feature", "geometry": {"type": "Point", "coordinates": [2.394291, 48.836178]}, "properties": {"id_parcelle": "75112000BS0008", "address": "24 RUE DE WATTIGNIES", "sales": 7, "median_price": 350000.0, "median_price_per_sqm": 8448.47972972973, "median_rooms": 0.0, "first_sale": "2021-06-30", "last_sale": "2024-03-27"}}, {"type": "Feature", "geometry": {"type": "Point", "coordinates": [2.385289, 48.849744]}, "properties": {"id_parcelle": "75112000CS0003", "address": "1 RUE DE REUILLY", "sales": 7, "median_price": 250000.0, "median_price_per_sqm": 11621.621621621622, "median_rooms": 2.0, "first_sale": "2022-07-05", "last_sale": "2025-08-07"}}, {"type": "Feature", "geometry": {"type": "Point", "coordinates": [2.375183, 48.848997]}, "properties": {"id_parcelle": "75112000ET0046", "address": "85 RUE DE CHARENTON", "sales": 7, "median_price": 375000.0, "median_price_per_sqm": 8928.57142857143, "median_rooms": 0.0, "first_sale": "2023-09-07", "last_sale": "2025-05-13"}}, {"type": "Feature", "geometry": {"type": "Point", "coordinates": [2.393705, 48.83629]}, "properties": {"id_parcelle": "75112000BS0003", "address": "18 RUE DE WATTIGNIES", "sales": 7, "median_price": 1075060.0, "median_price_per_sqm": 28291.052631578947, "median_rooms": 0.0, "first_sale": "2021-08-02", "last_sale": "2025-06-16"}}, {"type": "Feature", "geometry": {"type": "Point", "coordinates": [2.400148, 48.840358]}, "properties": {"id_parcelle": "75112000BY0055", "address": "6 RUE DE TAHITI", "sales": 7, "median_price": 661500.0, "median_price_per_sqm": 7135.221674876848, "median_rooms": 0.0, "first_sale": "2022-02-07", "last_sale": "2025-09-03"}}, {"type": "Feature", "geometry": {"type": "Point", "coordinates": [2.36761, 48.846906]}, "properties": {"id_parcelle": "75112000EL0039", "address": "6 BD DE LA BASTILLE", "sales": 7, "median_price": 1000000.0, "median_price_per_sqm": 8984.308374552278, "median_rooms": 0.0, "first_sale": "2021-06-11", "last_sale": "2022-08-26"}}, {"type": "Feature", "geometry": {"type": "Point", "coordinates": [2.389409, 48.848712]}, "properties": {"id_parcelle": "75112000CR0012", "address": "10 PAS DU GENIE", "sales": 7, "median_price": 35000.0, "median_price_per_sqm": 4285.714285714285, "median_rooms": 0.0, "first_sale": "2022-12-29", "last_sale": "2025-12-02"}}, {"type": "Feature", "geometry": {"type": "Point", "coordinates": [2.388028, 48.84777]}, "properties": {"id_parcelle": "75112000CR0027", "address": "87 BD DIDEROT", "sales": 7, "median_price": 235000.0, "median_price_per_sqm": 7580.645161290323, "median_rooms": 2.0, "first_sale": "2021-02-22", "last_sale": "2025-12-05"}}, {"type": "Feature", "geometry": {"type": "Point", "coordinates": [2.36775, 48.847852]}, "properties": {"id_parcelle": "75112000EL0046", "address": "16 BD DE LA BASTILLE", "sales": 7, "median_price": 1300000.0, "median_price_per_sqm": 46428.57142857143, "median_rooms": 2.0, "first_sale": "2023-10-06", "last_sale": "2025-09-23"}}, {"type": "Feature", "geometry": {"type": "Point", "coordinates": [2.398706, 48.838089]}, "properties": {"id_parcelle": "75112000BX0078", "address": "192 AV DAUMESNIL", "sales": 7, "median_price": 250200.0, "median_price_per_sqm": 10462.5, "median_rooms": 2.0, "first_sale": "2021-06-10", "last_sale": "2024-10-17"}}, {"type": "Feature", "geometry": {"type": "Point", "coordinates": [2.403499, 48.836358]}, "properties": {"id_parcelle": "75112000AX0006", "address": "256 AV DAUMESNIL", "sales": 7, "median_price": 932450.0, "median_price_per_sqm": 18283.333333333332, "median_rooms": 0.0, "first_sale": "2025-11-25", "last_sale": "2025-12-12"}}, {"type": "Feature", "geometry": {"type": "Point", "coordinates": [2.407722, 48.843907]}, "properties": {"id_parcelle": "75112000AH0015", "address": "17 RUE DU NIGER", "sales": 7, "median_price": 2400000.0, "median_price_per_sqm": 28571.428571428572, "median_rooms": 2.0, "first_sale": "2025-05-19", "last_sale": "2025-05-19"}}, {"type": "Feature", "geometry": {"type": "Point", "coordinates": [2.388303, 48.848158]}, "properties": {"id_parcelle": "75112000CR0019", "address": "16 RUE CLAUDE TILLIER", "sales": 7, "median_price": 292000.0, "median_price_per_sqm": 8875.0, "median_rooms": 2.0, "first_sale": "2021-03-11", "last_sale": "2025-03-07"}}, {"type": "Feature", "geometry": {"type": "Point", "coordinates": [2.392717, 48.837854]}, "properties": {"id_parcelle": "75112000BT0006", "address": "16 RUE TAINE", "sales": 7, "median_price": 400000.0, "median_price_per_sqm": 9511.261261261261, "median_rooms": 2.0, "first_sale": "2021-01-12", "last_sale": "2025-01-17"}}, {"type": "Feature", "geometry": {"type": "Point", "coordinates": [2.387163, 48.840834]}, "properties": {"id_parcelle": "75112000DA0008", "address": "10 PAS DU CHAROLAIS", "sales": 7, "median_price": 400000.0, "median_price_per_sqm": 9756.09756097561, "median_rooms": 0.0, "first_sale": "2021-10-07", "last_sale": "2025-10-22"}}, {"type": "Feature", "geometry": {"type": "Point", "coordinates": [2.404086, 48.83603]}, "properties": {"id_parcelle": "75112000AX0098", "address": "266 AV DAUMESNIL", "sales": 7, "median_price": 180000.0, "median_price_per_sqm": 9232.558139534884, "median_rooms": 0.0, "first_sale": "2021-04-07", "last_sale": "2023-10-26"}}, {"type": "Feature", "geometry": {"type": "Point", "coordinates": [2.387158, 48.840524]}, "properties": {"id_parcelle": "75112000DA0013", "address": "6 PAS DU CHAROLAIS", "sales": 7, "median_price": 225000.0, "median_price_per_sqm": 8166.666666666667, "median_rooms": 1.0, "first_sale": "2021-04-19", "last_sale": "2025-06-06"}}, {"type": "Feature", "geometry": {"type": "Point", "coordinates": [2.399257, 48.84037]}, "properties": {"id_parcelle": "75112000BY0032", "address": "88 RUE DE PICPUS", "sales": 7, "median_price": 354300.0, "median_price_per_sqm": 5714.5161290322585, "median_rooms": 0.0, "first_sale": "2022-12-09", "last_sale": "2025-10-06"}}, {"type": "Feature", "geometry": {"type": "Point", "coordinates": [2.377494, 48.849968]}, "properties": {"id_parcelle": "75112000EX0017", "address": "24 RUE CHARLES BAUDELAIRE", "sales": 7, "median_price": 325000.0, "median_price_per_sqm": 15012.048192771084, "median_rooms": 0.0, "first_sale": "2024-05-16", "last_sale": "2025-09-12"}}, {"type": "Feature", "geometry": {"type": "Point", "coordinates": [2.390282, 48.848889]}, "properties": {"id_parcelle": "75112000CR0073", "address": "248 RUE DU FBG ST ANTOINE", "sales": 7, "median_price": 912000.0, "median_price_per_sqm": 14466.643835616438, "median_rooms": 2.0, "first_sale": "2022-03-04", "last_sale": "2025-04-07"}}, {"type": "Feature", "geometry": {"type": "Point", "coordinates": [2.399093, 48.846837]}, "properties": {"id_parcelle": "75112000CL0059", "address": "75 BD DE PICPUS", "sales": 7, "median_price": 333750.0, "median_price_per_sqm": 10303.731762065096, "median_rooms": 1.0, "first_sale": "2022-04-22", "last_sale": "2025-09-08"}}, {"type": "Feature", "geometry": {"type": "Point", "coordinates": [2.398422, 48.846203]}, "properties": {"id_parcelle": "75112000CL0030", "address": "11 RUE DES COLONNES DU TRONE", "sales": 7, "median_price": 413625.0, "median_price_per_sqm": 10080.0, "median_rooms": 1.0, "first_sale": "2022-07-29", "last_sale": "2025-12-08"}}, {"type": "Feature", "geometry": {"type": "Point", "coordinates": [2.406312, 48.845788]}, "properties": {"id_parcelle": "75112000AI0008", "address": "70 AV DU DOC ARNOLD NETTER", "sales": 7, "median_price": 764000.0, "median_price_per_sqm": 10581.737849779087, "median_rooms": 0.0, "first_sale": "2022-04-27", "last_sale": "2024-11-07"}}, {"type": "Feature", "geometry": {"type": "Point", "coordinates": [2.407196, 48.846832]}, "properties": {"id_parcelle": "75112000AI0030", "address": "88 CRS DE VINCENNES", "sales": 7, "median_price": 420000.0, "median_price_per_sqm": 8905.715277777777, "median_rooms": 1.0, "first_sale": "2022-04-05", "last_sale": "2025-05-15"}}, {"type": "Feature", "geometry": {"type": "Point", "coordinates": [2.401161, 48.845355]}, "properties": {"id_parcelle": "75112000CL0081", "address": "39 AV DE SAINT-MANDE", "sales": 7, "median_price": 748000.0, "median_price_per_sqm": 9506.108848574602, "median_rooms": 0.0, "first_sale": "2022-04-12", "last_sale": "2025-01-31"}}, {"type": "Feature", "geometry": {"type": "Point", "coordinates": [2.39876, 48.846717]}, "properties": {"id_parcelle": "75112000CL0050", "address": "22 RUE DES COLONNES DU TRONE", "sales": 7, "median_price": 391500.0, "median_price_per_sqm": 12606.08108108108, "median_rooms": 0.0, "first_sale": "2021-10-12", "last_sale": "2023-04-26"}}, {"type": "Feature", "geometry": {"type": "Point", "coordinates": [2.397092, 48.839967]}, "properties": {"id_parcelle": "75112000BY0003", "address": "6 RUE LAMBLARDIE", "sales": 7, "median_price": 520000.0, "median_price_per_sqm": 9375.0, "median_rooms": 0.0, "first_sale": "2021-07-02", "last_sale": "2025-08-02"}}, {"type": "Feature", "geometry": {"type": "Point", "coordinates": [2.370143, 48.849523]}, "properties": {"id_parcelle": "75112000EP0017", "address": "2 RUE BISCORNET", "sales": 7, "median_price": 165000.0, "median_price_per_sqm": 8125.0, "median_rooms": 1.0, "first_sale": "2021-06-23", "last_sale": "2024-07-04"}}, {"type": "Feature", "geometry": {"type": "Point", "coordinates": [2.408988, 48.846388]}, "properties": {"id_parcelle": "75112000AI0085", "address": "44 RUE DE LA VOUTE", "sales": 7, "median_price": 310000.0, "median_price_per_sqm": 9423.076923076922, "median_rooms": 1.0, "first_sale": "2021-06-09", "last_sale": "2024-06-26"}}, {"type": "Feature", "geometry": {"type": "Point", "coordinates": [2.370107, 48.84657]}, "properties": {"id_parcelle": "75112000EN0036", "address": "232 RUE DE BERCY", "sales": 7, "median_price": 330000.0, "median_price_per_sqm": 10000.0, "median_rooms": 1.0, "first_sale": "2022-08-03", "last_sale": "2025-10-29"}}, {"type": "Feature", "geometry": {"type": "Point", "coordinates": [2.371709, 48.84872]}, "properties": {"id_parcelle": "75112000EN0007", "address": "8 AV DAUMESNIL", "sales": 7, "median_price": 236000.0, "median_price_per_sqm": 9638.6, "median_rooms": 0.0, "first_sale": "2022-01-13", "last_sale": "2025-03-31"}}, {"type": "Feature", "geometry": {"type": "Point", "coordinates": [2.400575, 48.838408]}, "properties": {"id_parcelle": "75112000BX0004", "address": "8 RUE GOSSEC", "sales": 7, "median_price": 750000.0, "median_price_per_sqm": 15126.050420168067, "median_rooms": 2.0, "first_sale": "2021-09-17", "last_sale": "2025-05-28"}}, {"type": "Feature", "geometry": {"type": "Point", "coordinates": [2.399206, 48.837868]}, "properties": {"id_parcelle": "75112000BX0041", "address": "206 AV DAUMESNIL", "sales": 7, "median_price": 320000.0, "median_price_per_sqm": 11388.888888888889, "median_rooms": 1.0, "first_sale": "2021-06-30", "last_sale": "2023-07-03"}}, {"type": "Feature", "geometry": {"type": "Point", "coordinates": [2.37355, 48.846511]}, "properties": {"id_parcelle": "75112000EM0064", "address": "7 RUE MICHEL CHASLES", "sales": 7, "median_price": 75000.0, "median_price_per_sqm": 6953.44262295082, "median_rooms": 0.0, "first_sale": "2021-09-28", "last_sale": "2025-06-11"}}, {"type": "Feature", "geometry": {"type": "Point", "coordinates": [2.408842, 48.846218]}, "properties": {"id_parcelle": "75112000AI0083", "address": "42 RUE DE LA VOUTE", "sales": 7, "median_price": 390000.0, "median_price_per_sqm": 9750.0, "median_rooms": 2.0, "first_sale": "2021-08-03", "last_sale": "2023-10-31"}}, {"type": "Feature", "geometry": {"type": "Point", "coordinates": [2.40859, 48.844691]}, "properties": {"id_parcelle": "75112000AI0068", "address": "97 AV DE SAINT-MANDE", "sales": 7, "median_price": 355200.0, "median_price_per_sqm": 11250.0, "median_rooms": 1.0, "first_sale": "2021-12-09", "last_sale": "2024-08-01"}}, {"type": "Feature", "geometry": {"type": "Point", "coordinates": [2.408359, 48.84573]}, "properties": {"id_parcelle": "75112000AI0118", "address": "7 VC D 12", "sales": 7, "median_price": 722000.0, "median_price_per_sqm": 19000.0, "median_rooms": 0.0, "first_sale": "2021-12-07", "last_sale": "2022-11-16"}}, {"type": "Feature", "geometry": {"type": "Point", "coordinates": [2.405569, 48.837714]}, "properties": {"id_parcelle": "75112000AT0006", "address": "18 RUE DE LA VEGA", "sales": 7, "median_price": 560000.0, "median_price_per_sqm": 11451.351351351352, "median_rooms": 2.0, "first_sale": "2021-08-07", "last_sale": "2023-11-21"}}, {"type": "Feature", "geometry": {"type": "Point", "coordinates": [2.38723, 48.847159]}, "properties": {"id_parcelle": "75112000CP0001", "address": "118 BD DIDEROT", "sales": 7, "median_price": 705000.0, "median_price_per_sqm": 9900.990099009901, "median_rooms": 0.0, "first_sale": "2022-02-08", "last_sale": "2024-11-19"}}, {"type": "Feature", "geometry": {"type": "Point", "coordinates": [2.393182, 48.836888]}, "properties": {"id_parcelle": "75112000BT0057", "address": "11 RUE DE LA BRECHE AUX LOUPS", "sales": 7, "median_price": 547600.0, "median_price_per_sqm": 10777.777777777777, "median_rooms": 0.0, "first_sale": "2021-09-07", "last_sale": "2023-07-12"}}, {"type": "Feature", "geometry": {"type": "Point", "coordinates": [2.398026, 48.838292]}, "properties": {"id_parcelle": "75112000BV0042", "address": "9 RUE CANNEBIERE", "sales": 7, "median_price": 509943.0, "median_price_per_sqm": 10355.76923076923, "median_rooms": 1.0, "first_sale": "2021-03-10", "last_sale": "2023-06-28"}}, {"type": "Feature", "geometry": {"type": "Point", "coordinates": [2.400688, 48.838492]}, "properties": {"id_parcelle": "75112000BX0003", "address": "10 RUE GOSSEC", "sales": 7, "median_price": 275000.0, "median_price_per_sqm": 9401.213282247765, "median_rooms": 0.0, "first_sale": "2023-01-11", "last_sale": "2025-04-29"}}, {"type": "Feature", "geometry": {"type": "Point", "coordinates": [2.39458, 48.847287]}, "properties": {"id_parcelle": "75112000CN0011", "address": "8 AV DORIAN", "sales": 7, "median_price": 400000.0, "median_price_per_sqm": 9454.545454545456, "median_rooms": 2.0, "first_sale": "2021-08-06", "last_sale": "2025-01-20"}}, {"type": "Feature", "geometry": {"type": "Point", "coordinates": [2.382417, 48.845184]}, "properties": {"id_parcelle": "75112000HA0031", "address": "149 RUE DE CHARENTON", "sales": 7, "median_price": 429950.0, "median_price_per_sqm": 7500.0, "median_rooms": 0.0, "first_sale": "2023-03-15", "last_sale": "2025-09-16"}}, {"type": "Feature", "geometry": {"type": "Point", "coordinates": [2.381758, 48.845453]}, "properties": {"id_parcelle": "75112000HA0038", "address": "6 AV DE CORBERA", "sales": 7, "median_price": 503880.0, "median_price_per_sqm": 8775.510204081633, "median_rooms": 3.0, "first_sale": "2021-01-14", "last_sale": "2024-01-17"}}, {"type": "Feature", "geometry": {"type": "Point", "coordinates": [2.398678, 48.842297]}, "properties": {"id_parcelle": "75112000BZ0047", "address": "8 RUE DAGORNO", "sales": 7, "median_price": 300000.0, "median_price_per_sqm": 8779.411764705881, "median_rooms": 1.0, "first_sale": "2021-05-21", "last_sale": "2025-08-29"}}, {"type": "Feature", "geometry": {"type": "Point", "coordinates": [2.399791, 48.840663]}, "properties": {"id_parcelle": "75112000BZ0027", "address": "3 RUE DE TAHITI", "sales": 7, "median_price": 413000.0, "median_price_per_sqm": 9918.478260869566, "median_rooms": 0.0, "first_sale": "2021-12-22", "last_sale": "2022-10-20"}}, {"type": "Feature", "geometry": {"type": "Point", "coordinates": [2.383701, 48.849938]}, "properties": {"id_parcelle": "75112000EY0055", "address": "192 RUE DU FAUBOURG SAINT ANTOINE", "sales": 7, "median_price": 300800.0, "median_price_per_sqm": 10200.657894736843, "median_rooms": 2.0, "first_sale": "2022-05-30", "last_sale": "2025-07-24"}}, {"type": "Feature", "geometry": {"type": "Point", "coordinates": [2.403129, 48.845332]}, "properties": {"id_parcelle": "75112000AB0074", "address": "6 RUE MARSOULAN", "sales": 7, "median_price": 570000.0, "median_price_per_sqm": 10363.636363636364, "median_rooms": 1.0, "first_sale": "2022-04-06", "last_sale": "2025-12-03"}}, {"type": "Feature", "geometry": {"type": "Point", "coordinates": [2.393189, 48.839777]}, "properties": {"id_parcelle": "75112000CB0090", "address": "37 BD DE REUILLY", "sales": 7, "median_price": 550000.0, "median_price_per_sqm": 10683.861063464836, "median_rooms": 2.0, "first_sale": "2022-11-25", "last_sale": "2025-10-31"}}, {"type": "Feature", "geometry": {"type": "Point", "coordinates": [2.382302, 48.845684]}, "properties": {"id_parcelle": "75112000HA0043", "address": "11 RUE CROZATIER", "sales": 7, "median_price": 520000.0, "median_price_per_sqm": 5370.12987012987, "median_rooms": 0.0, "first_sale": "2022-04-28", "last_sale": "2025-10-30"}}, {"type": "Feature", "geometry": {"type": "Point", "coordinates": [2.39835, 48.835567]}, "properties": {"id_parcelle": "75112000BP0020", "address": "4 RUE DE CAPRI", "sales": 7, "median_price": 375000.0, "median_price_per_sqm": 9794.871794871795, "median_rooms": 2.0, "first_sale": "2021-01-11", "last_sale": "2024-09-17"}}, {"type": "Feature", "geometry": {"type": "Point", "coordinates": [2.380956, 48.845082]}, "properties": {"id_parcelle": "75112000HA0020", "address": "150 RUE DE CHARENTON", "sales": 7, "median_price": 500000.0, "median_price_per_sqm": 10484.19540229885, "median_rooms": 2.0, "first_sale": "2021-02-12", "last_sale": "2025-03-24"}}, {"type": "Feature", "geometry": {"type": "Point", "coordinates": [2.391055, 48.839536]}, "properties": {"id_parcelle": "75112000CB0007", "address": "10 RUE DUGOMMIER", "sales": 7, "median_price": 380000.0, "median_price_per_sqm": 9805.405405405405, "median_rooms": 2.0, "first_sale": "2021-03-30", "last_sale": "2023-01-05"}}, {"type": "Feature", "geometry": {"type": "Point", "coordinates": [2.391822, 48.839792]}, "properties": {"id_parcelle": "75112000CB0018", "address": "20 RUE DUGOMMIER", "sales": 7, "median_price": 430000.0, "median_price_per_sqm": 7882.160392798691, "median_rooms": 0.0, "first_sale": "2021-12-27", "last_sale": "2025-10-09"}}, {"type": "Feature", "geometry": {"type": "Point", "coordinates": [2.382082, 48.845568]}, "properties": {"id_parcelle": "75112000HA0041", "address": "12 AV DE CORBERA", "sales": 7, "median_price": 365000.0, "median_price_per_sqm": 9250.0, "median_rooms": 1.0, "first_sale": "2022-01-28", "last_sale": "2025-11-12"}}, {"type": "Feature", "geometry": {"type": "Point", "coordinates": [2.401779, 48.845946]}, "properties": {"id_parcelle": "75112000AA0065", "address": "80 BD DE PICPUS", "sales": 7, "median_price": 2000000.0, "median_price_per_sqm": 25641.02564102564, "median_rooms": 0.0, "first_sale": "2022-11-24", "last_sale": "2022-11-24"}}, {"type": "Feature", "geometry": {"type": "Point", "coordinates": [2.380791, 48.845591]}, "properties": {"id_parcelle": "75112000HA0131", "address": "2 PAS ABEL LEBLANC", "sales": 7, "median_price": 510000.0, "median_price_per_sqm": 9462.121212121212, "median_rooms": 1.0, "first_sale": "2021-02-22", "last_sale": "2024-12-09"}}, {"type": "Feature", "geometry": {"type": "Point", "coordinates": [2.405056, 48.845343]}, "properties": {"id_parcelle": "75112000AB0050", "address": "8 RUE DU RENDEZ VOUS", "sales": 7, "median_price": 360000.0, "median_price_per_sqm": 8630.59163059163, "median_rooms": 0.0, "first_sale": "2022-01-06", "last_sale": "2025-02-27"}}, {"type": "Feature", "geometry": {"type": "Point", "coordinates": [2.39512, 48.847262]}, "properties": {"id_parcelle": "75112000CN0018", "address": "12 PL DE LA NATION", "sales": 7, "median_price": 708809.0, "median_price_per_sqm": 12387.51438140268, "median_rooms": 0.0, "first_sale": "2021-02-19", "last_sale": "2025-06-25"}}, {"type": "Feature", "geometry": {"type": "Point", "coordinates": [2.405733, 48.846368]}, "properties": {"id_parcelle": "75112000AB0026", "address": "79 AV DU DOC ARNOLD NETTER", "sales": 7, "median_price": 333000.0, "median_price_per_sqm": 10740.037950664137, "median_rooms": 0.0, "first_sale": "2024-09-27", "last_sale": "2025-01-29"}}, {"type": "Feature", "geometry": {"type": "Point", "coordinates": [2.400821, 48.837315]}, "properties": {"id_parcelle": "75112000BX0030", "address": "222 AV DAUMESNIL", "sales": 7, "median_price": 425000.0, "median_price_per_sqm": 9591.044037605145, "median_rooms": 2.0, "first_sale": "2021-06-25", "last_sale": "2025-01-10"}}, {"type": "Feature", "geometry": {"type": "Point", "coordinates": [2.39506, 48.846976]}, "properties": {"id_parcelle": "75112000CM0005", "address": "12 RUE JAUCOURT", "sales": 7, "median_price": 607000.0, "median_price_per_sqm": 10232.758620689656, "median_rooms": 0.0, "first_sale": "2022-07-26", "last_sale": "2025-03-03"}}, {"type": "Feature", "geometry": {"type": "Point", "coordinates": [2.400998, 48.837027]}, "properties": {"id_parcelle": "75112000BX0033", "address": "57 RUE DE FECAMP", "sales": 7, "median_price": 30000.0, "median_price_per_sqm": 3416.6666666666665, "median_rooms": 0.0, "first_sale": "2021-04-26", "last_sale": "2025-02-04"}}, {"type": "Feature", "geometry": {"type": "Point", "coordinates": [2.404092, 48.839635]}, "properties": {"id_parcelle": "75112000AR0026", "address": "113 AV DU GAL MICHEL BIZOT", "sales": 7, "median_price": 460000.0, "median_price_per_sqm": 10222.222222222223, "median_rooms": 0.0, "first_sale": "2021-06-14", "last_sale": "2025-06-19"}}, {"type": "Feature", "geometry": {"type": "Point", "coordinates": [2.399853, 48.846262]}, "properties": {"id_parcelle": "75112000CL0063", "address": "11 VLA DE SAINT MANDE", "sales": 7, "median_price": 402000.0, "median_price_per_sqm": 8791.205128205129, "median_rooms": 0.0, "first_sale": "2022-11-17", "last_sale": "2025-01-10"}}, {"type": "Feature", "geometry": {"type": "Point", "coordinates": [2.373218, 48.850765]}, "properties": {"id_parcelle": "75112000ER0064", "address": "57 RUE DE CHARENTON", "sales": 7, "median_price": 545000.0, "median_price_per_sqm": 8821.42857142857, "median_rooms": 2.0, "first_sale": "2021-03-08", "last_sale": "2025-11-07"}}, {"type": "Feature", "geometry": {"type": "Point", "coordinates": [2.401328, 48.845335]}, "properties": {"id_parcelle": "75112000CL0083", "address": "41 AV DE SAINT-MANDE", "sales": 7, "median_price": 787590.0, "median_price_per_sqm": 10092.105263157895, "median_rooms": 3.0, "first_sale": "2021-03-03", "last_sale": "2025-04-10"}}, {"type": "Feature", "geometry": {"type": "Point", "coordinates": [2.404751, 48.838524]}, "properties": {"id_parcelle": "75112000AS0044", "address": "21 RUE DE LA VEGA", "sales": 7, "median_price": 246440.0, "median_price_per_sqm": 6157.894736842105, "median_rooms": 0.0, "first_sale": "2024-05-31", "last_sale": "2025-03-28"}}, {"type": "Feature", "geometry": {"type": "Point", "coordinates": [2.37451, 48.84671]}, "properties": {"id_parcelle": "75112000EM0079", "address": "7 RUE ABEL", "sales": 7, "median_price": 1342800.0, "median_price_per_sqm": 9883.124293204482, "median_rooms": 4.0, "first_sale": "2022-03-11", "last_sale": "2024-10-29"}}, {"type": "Feature", "geometry": {"type": "Point", "coordinates": [2.401258, 48.839885]}, "properties": {"id_parcelle": "75112000AR0049", "address": "5 RUE LOUIS BRAILLE", "sales": 7, "median_price": 420000.0, "median_price_per_sqm": 8416.666666666666, "median_rooms": 0.0, "first_sale": "2023-09-20", "last_sale": "2025-10-23"}}, {"type": "Feature", "geometry": {"type": "Point", "coordinates": [2.40059, 48.83951]}, "properties": {"id_parcelle": "75112000AR0042", "address": "2 BD DE PICPUS", "sales": 7, "median_price": 197000.0, "median_price_per_sqm": 8919.85294117647, "median_rooms": 1.0, "first_sale": "2022-07-13", "last_sale": "2025-11-28"}}, {"type": "Feature", "geometry": {"type": "Point", "coordinates": [2.390442, 48.844454]}, "properties": {"id_parcelle": "75112000CO0017", "address": "93 RUE DE REUILLY", "sales": 7, "median_price": 190000.0, "median_price_per_sqm": 8941.176470588236, "median_rooms": 2.0, "first_sale": "2021-03-11", "last_sale": "2024-12-06"}}, {"type": "Feature", "geometry": {"type": "Point", "coordinates": [2.381013, 48.849952]}, "properties": {"id_parcelle": "75112000EY0013", "address": "43 RUE DE CITEAUX", "sales": 6, "median_price": 394985.0, "median_price_per_sqm": 12234.883720930233, "median_rooms": 1.5, "first_sale": "2021-03-15", "last_sale": "2023-06-20"}}, {"type": "Feature", "geometry": {"type": "Point", "coordinates": [2.380795, 48.849239]}, "properties": {"id_parcelle": "75112000EY0034", "address": "33 RUE DE CITEAUX", "sales": 6, "median_price": 350000.0, "median_price_per_sqm": 10305.555555555555, "median_rooms": 0.5, "first_sale": "2023-05-31", "last_sale": "2024-09-04"}}, {"type": "Feature", "geometry": {"type": "Point", "coordinates": [2.377381, 48.849395]}, "properties": {"id_parcelle": "75112000EX0084", "address": "1 RUE THEOPHILE ROUSSEL", "sales": 6, "median_price": 825600.0, "median_price_per_sqm": 11156.756756756757, "median_rooms": 0.5, "first_sale": "2022-06-07", "last_sale": "2023-06-13"}}, {"type": "Feature", "geometry": {"type": "Point", "coordinates": [2.404711, 48.842196]}, "properties": {"id_parcelle": "75112000AD0023", "address": "19 AV DU DOC ARNOLD NETTER", "sales": 6, "median_price": 505750.0, "median_price_per_sqm": 8258.333333333334, "median_rooms": 0.0, "first_sale": "2021-05-27", "last_sale": "2021-12-21"}}, {"type": "Feature", "geometry": {"type": "Point", "coordinates": [2.40958, 48.843917]}, "properties": {"id_parcelle": "75112000AH0046", "address": "4 RUE DU NIGER", "sales": 6, "median_price": 345000.0, "median_price_per_sqm": 10993.103448275862, "median_rooms": 0.5, "first_sale": "2021-10-27", "last_sale": "2022-06-27"}}, {"type": "Feature", "geometry": {"type": "Point", "coordinates": [2.374378, 48.849114]}, "properties": {"id_parcelle": "75112000EV0024", "address": "68 RUE DE CHARENTON", "sales": 6, "median_price": 417630.0, "median_price_per_sqm": 11338.571428571428, "median_rooms": 1.0, "first_sale": "2022-04-06", "last_sale": "2024-11-18"}}, {"type": "Feature", "geometry": {"type": "Point", "coordinates": [2.372856, 48.849352]}, "properties": {"id_parcelle": "75112000EV0010", "address": "10 RUE MOREAU", "sales": 6, "median_price": 615661.4, "median_price_per_sqm": 12533.829238505747, "median_rooms": 2.0, "first_sale": "2021-03-17", "last_sale": "2023-07-31"}}, {"type": "Feature", "geometry": {"type": "Point", "coordinates": [2.373274, 48.85008]}, "properties": {"id_parcelle": "75112000EV0006", "address": "20 RUE MOREAU", "sales": 6, "median_price": 158500.0, "median_price_per_sqm": 11052.564102564102, "median_rooms": 0.0, "first_sale": "2022-06-17", "last_sale": "2024-01-25"}}, {"type": "Feature", "geometry": {"type": "Point", "coordinates": [2.373992, 48.849184]}, "properties": {"id_parcelle": "75112000EV0028", "address": "72 AV LEDRU ROLLIN", "sales": 6, "median_price": 221250.0, "median_price_per_sqm": 12291.666666666668, "median_rooms": 1.0, "first_sale": "2021-06-15", "last_sale": "2024-06-19"}}, {"type": "Feature", "geometry": {"type": "Point", "coordinates": [2.373269, 48.848755]}, "properties": {"id_parcelle": "75112000EV0033", "address": "64 AV LEDRU ROLLIN", "sales": 6, "median_price": 1127000.0, "median_price_per_sqm": 12426.356589147286, "median_rooms": 0.0, "first_sale": "2021-04-30", "last_sale": "2025-03-21"}}, {"type": "Feature", "geometry": {"type": "Point", "coordinates": [2.406673, 48.84089]}, "properties": {"id_parcelle": "75112000AE0037", "address": "47 RUE DU SAHEL", "sales": 6, "median_price": 333806.5, "median_price_per_sqm": 8816.766846361186, "median_rooms": 0.0, "first_sale": "2022-05-18", "last_sale": "2023-05-02"}}, {"type": "Feature", "geometry": {"type": "Point", "coordinates": [2.383889, 48.845889]}, "properties": {"id_parcelle": "75112000CT0068", "address": "10 RUE CHALIGNY", "sales": 6, "median_price": 680000.0, "median_price_per_sqm": 10461.538461538461, "median_rooms": 1.5, "first_sale": "2022-02-14", "last_sale": "2023-12-06"}}, {"type": "Feature", "geometry": {"type": "Point", "coordinates": [2.398765, 48.835909]}, "properties": {"id_parcelle": "75112000BP0016", "address": "10 RUE DE CAPRI", "sales": 6, "median_price": 400000.0, "median_price_per_sqm": 10526.315789473685, "median_rooms": 1.0, "first_sale": "2021-10-22", "last_sale": "2023-08-24"}}, {"type": "Feature", "geometry": {"type": "Point", "coordinates": [2.385759, 48.847]}, "properties": {"id_parcelle": "75112000CT0064", "address": "104 BD DIDEROT", "sales": 6, "median_price": 900000.0, "median_price_per_sqm": 10661.160289855074, "median_rooms": 0.5, "first_sale": "2021-02-02", "last_sale": "2025-07-23"}}, {"type": "Feature", "geometry": {"type": "Point", "coordinates": [2.400154, 48.834604]}, "properties": {"id_parcelle": "75112000BR0015", "address": "84 RUE DE WATTIGNIES", "sales": 6, "median_price": 721100.0, "median_price_per_sqm": 9466.666666666666, "median_rooms": 0.0, "first_sale": "2021-07-02", "last_sale": "2024-07-19"}}, {"type": "Feature", "geometry": {"type": "Point", "coordinates": [2.397861, 48.835246]}, "properties": {"id_parcelle": "75112000BR0001", "address": "58 RUE DE WATTIGNIES", "sales": 6, "median_price": 285000.0, "median_price_per_sqm": 7482.0, "median_rooms": 1.0, "first_sale": "2021-03-18", "last_sale": "2024-03-18"}}, {"type": "Feature", "geometry": {"type": "Point", "coordinates": [2.385934, 48.846363]}, "properties": {"id_parcelle": "75112000CT0033", "address": "23 RUE ERARD", "sales": 6, "median_price": 398000.0, "median_price_per_sqm": 8940.0, "median_rooms": 1.0, "first_sale": "2022-09-16", "last_sale": "2023-07-27"}}, {"type": "Feature", "geometry": {"type": "Point", "coordinates": [2.402073, 48.836712]}, "properties": {"id_parcelle": "75112000BP0059", "address": "124 RUE DE PICPUS", "sales": 6, "median_price": 569900.0, "median_price_per_sqm": 8505.970149253732, "median_rooms": 0.5, "first_sale": "2022-05-20", "last_sale": "2024-04-16"}}, {"type": "Feature", "geometry": {"type": "Point", "coordinates": [2.382786, 48.846593]}, "properties": {"id_parcelle": "75112000HA0074", "address": "80 BD DIDEROT", "sales": 6, "median_price": 207000.0, "median_price_per_sqm": 9954.545454545456, "median_rooms": 1.0, "first_sale": "2023-07-25", "last_sale": "2024-07-04"}}, {"type": "Feature", "geometry": {"type": "Point", "coordinates": [2.402586, 48.845458]}, "properties": {"id_parcelle": "75112000AA0052", "address": "3 RUE MARSOULAN", "sales": 6, "median_price": 542225.0, "median_price_per_sqm": 9955.513468013469, "median_rooms": 2.0, "first_sale": "2022-02-23", "last_sale": "2024-10-01"}}, {"type": "Feature", "geometry": {"type": "Point", "coordinates": [2.404814, 48.835193]}, "properties": {"id_parcelle": "75112000AX0029", "address": "8 RUE ERNEST LACOSTE", "sales": 6, "median_price": 460000.0, "median_price_per_sqm": 7750.0, "median_rooms": 1.5, "first_sale": "2021-11-30", "last_sale": "2025-06-27"}}, {"type": "Feature", "geometry": {"type": "Point", "coordinates": [2.368538, 48.847188]}, "properties": {"id_parcelle": "75112000EL0024", "address": "241 RUE DE BERCY", "sales": 6, "median_price": 310500.0, "median_price_per_sqm": 9864.285714285714, "median_rooms": 1.0, "first_sale": "2021-03-31", "last_sale": "2023-09-01"}}, {"type": "Feature", "geometry": {"type": "Point", "coordinates": [2.367749, 48.847746]}, "properties": {"id_parcelle": "75112000EL0045", "address": "14 BD DE LA BASTILLE", "sales": 6, "median_price": 500000.0, "median_price_per_sqm": 13157.894736842105, "median_rooms": 0.5, "first_sale": "2021-03-23", "last_sale": "2024-06-18"}}, {"type": "Feature", "geometry": {"type": "Point", "coordinates": [2.404815, 48.837693]}, "properties": {"id_parcelle": "75112000AS0059", "address": "11 RUE DE LA VEGA", "sales": 6, "median_price": 307000.0, "median_price_per_sqm": 8235.163996948893, "median_rooms": 1.5, "first_sale": "2021-06-21", "last_sale": "2025-12-18"}}, {"type": "Feature", "geometry": {"type": "Point", "coordinates": [2.391914, 48.84822]}, "properties": {"id_parcelle": "75112000CR0049", "address": "125 BD DIDEROT", "sales": 6, "median_price": 580000.0, "median_price_per_sqm": 12331.780538302277, "median_rooms": 0.0, "first_sale": "2021-12-07", "last_sale": "2025-03-31"}}, {"type": "Feature", "geometry": {"type": "Point", "coordinates": [2.388513, 48.848077]}, "properties": {"id_parcelle": "75112000CR0018", "address": "24 PAS DU GENIE", "sales": 6, "median_price": 474836.61, "median_price_per_sqm": 9325.0, "median_rooms": 1.0, "first_sale": "2021-05-28", "last_sale": "2025-05-15"}}, {"type": "Feature", "geometry": {"type": "Point", "coordinates": [2.395002, 48.834047]}, "properties": {"id_parcelle": "75112000BS0039", "address": "309 RUE DE CHARENTON", "sales": 6, "median_price": 283000.0, "median_price_per_sqm": 8787.878787878788, "median_rooms": 2.0, "first_sale": "2021-04-09", "last_sale": "2025-03-10"}}, {"type": "Feature", "geometry": {"type": "Point", "coordinates": [2.389049, 48.847889]}, "properties": {"id_parcelle": "75112000CR0033", "address": "21 PAS DU GENIE", "sales": 6, "median_price": 345000.0, "median_price_per_sqm": 9342.391304347826, "median_rooms": 2.0, "first_sale": "2021-11-17", "last_sale": "2025-06-30"}}, {"type": "Feature", "geometry": {"type": "Point", "coordinates": [2.392979, 48.834644]}, "properties": {"id_parcelle": "75112000DH0005", "address": "308 RUE DE CHARENTON", "sales": 6, "median_price": 212000.0, "median_price_per_sqm": 9772.727272727272, "median_rooms": 0.0, "first_sale": "2022-05-06", "last_sale": "2025-03-25"}}, {"type": "Feature", "geometry": {"type": "Point", "coordinates": [2.387774, 48.847728]}, "properties": {"id_parcelle": "75112000CR0026", "address": "85 BD DIDEROT", "sales": 6, "median_price": 249000.0, "median_price_per_sqm": 9960.0, "median_rooms": 1.0, "first_sale": "2021-06-29", "last_sale": "2024-09-26"}}, {"type": "Feature", "geometry": {"type": "Point", "coordinates": [2.389815, 48.849021]}, "properties": {"id_parcelle": "75112000CR0005", "address": "244 RUE DU FBG ST ANTOINE", "sales": 6, "median_price": 311050.0, "median_price_per_sqm": 8227.419354838708, "median_rooms": 1.0, "first_sale": "2021-01-18", "last_sale": "2025-07-11"}}, {"type": "Feature", "geometry": {"type": "Point", "coordinates": [2.408591, 48.844103]}, "properties": {"id_parcelle": "75112000AH0050", "address": "102 AV DE SAINT-MANDE", "sales": 6, "median_price": 580000.0, "median_price_per_sqm": 8490.566037735849, "median_rooms": 1.5, "first_sale": "2021-10-08", "last_sale": "2025-06-16"}}, {"type": "Feature", "geometry": {"type": "Point", "coordinates": [2.408958, 48.843538]}, "properties": {"id_parcelle": "75112000AH0031", "address": "3 VLA DU BEL AIR", "sales": 6, "median_price": 400000.0, "median_price_per_sqm": 9255.31914893617, "median_rooms": 1.5, "first_sale": "2022-02-25", "last_sale": "2024-03-12"}}, {"type": "Feature", "geometry": {"type": "Point", "coordinates": [2.408491, 48.843753]}, "properties": {"id_parcelle": "75112000AH0023", "address": "28 RUE DES MARGUETTES", "sales": 6, "median_price": 338643.0, "median_price_per_sqm": 8965.51724137931, "median_rooms": 0.0, "first_sale": "2022-12-16", "last_sale": "2025-07-11"}}, {"type": "Feature", "geometry": {"type": "Point", "coordinates": [2.407457, 48.83843]}, "properties": {"id_parcelle": "75112000AT0049", "address": "28 RUE ROTTEMBOURG", "sales": 6, "median_price": 1075000.0, "median_price_per_sqm": 9981.19266055046, "median_rooms": 0.0, "first_sale": "2021-03-04", "last_sale": "2022-02-09"}}, {"type": "Feature", "geometry": {"type": "Point", "coordinates": [2.391447, 48.836481]}, "properties": {"id_parcelle": "75112000DE0016", "address": "276 RUE DE CHARENTON", "sales": 6, "median_price": 375000.0, "median_price_per_sqm": 7777.777777777777, "median_rooms": 2.5, "first_sale": "2021-04-07", "last_sale": "2025-12-23"}}, {"type": "Feature", "geometry": {"type": "Point", "coordinates": [2.399551, 48.840025]}, "properties": {"id_parcelle": "75112000BY0051", "address": "92 RUE DE PICPUS", "sales": 6, "median_price": 695668.0, "median_price_per_sqm": 9938.114285714286, "median_rooms": 1.5, "first_sale": "2022-10-20", "last_sale": "2025-02-14"}}, {"type": "Feature", "geometry": {"type": "Point", "coordinates": [2.374106, 48.850038]}, "properties": {"id_parcelle": "75112000ET0002", "address": "71 RUE DE CHARENTON", "sales": 6, "median_price": 236500.0, "median_price_per_sqm": 9393.927125506074, "median_rooms": 2.0, "first_sale": "2021-07-20", "last_sale": "2024-10-25"}}, {"type": "Feature", "geometry": {"type": "Point", "coordinates": [2.375159, 48.850006]}, "properties": {"id_parcelle": "75112000ET0071", "address": "71 AV LEDRU ROLLIN", "sales": 6, "median_price": 696742.9, "median_price_per_sqm": 10457.5, "median_rooms": 2.5, "first_sale": "2021-04-14", "last_sale": "2024-09-19"}}, {"type": "Feature", "geometry": {"type": "Point", "coordinates": [2.398618, 48.836828]}, "properties": {"id_parcelle": "75112000BX0054", "address": "54 RUE CLAUDE DECAEN", "sales": 6, "median_price": 161342.0, "median_price_per_sqm": 9727.564102564103, "median_rooms": 1.0, "first_sale": "2021-04-01", "last_sale": "2025-11-12"}}, {"type": "Feature", "geometry": {"type": "Point", "coordinates": [2.38735, 48.844044]}, "properties": {"id_parcelle": "75112000CE0014", "address": "10 RUE EBELMEN", "sales": 6, "median_price": 208000.0, "median_price_per_sqm": 8666.666666666666, "median_rooms": 1.0, "first_sale": "2022-07-27", "last_sale": "2025-08-08"}}, {"type": "Feature", "geometry": {"type": "Point", "coordinates": [2.393866, 48.84032]}, "properties": {"id_parcelle": "75112000CD0008", "address": "191 AV DAUMESNIL", "sales": 6, "median_price": 256250.0, "median_price_per_sqm": 10464.74358974359, "median_rooms": 1.5, "first_sale": "2022-04-22", "last_sale": "2025-05-14"}}, {"type": "Feature", "geometry": {"type": "Point", "coordinates": [2.390013, 48.837372]}, "properties": {"id_parcelle": "75112000DD0016", "address": "40 RUE CORIOLIS", "sales": 6, "median_price": 460000.0, "median_price_per_sqm": 8070.175438596491, "median_rooms": 0.5, "first_sale": "2022-07-28", "last_sale": "2025-03-25"}}, {"type": "Feature", "geometry": {"type": "Point", "coordinates": [2.387383, 48.840191]}, "properties": {"id_parcelle": "75112000DA0018", "address": "20 RUE DU CHAROLAIS", "sales": 6, "median_price": 404000.0, "median_price_per_sqm": 9395.348837209302, "median_rooms": 2.5, "first_sale": "2021-04-13", "last_sale": "2025-07-28"}}, {"type": "Feature", "geometry": {"type": "Point", "coordinates": [2.391725, 48.835564]}, "properties": {"id_parcelle": "75112000DE0008", "address": "12 RUE CORIOLIS", "sales": 6, "median_price": 837000.0, "median_price_per_sqm": 9584.134615384615, "median_rooms": 1.0, "first_sale": "2022-08-29", "last_sale": "2025-05-15"}}, {"type": "Feature", "geometry": {"type": "Point", "coordinates": [2.405063, 48.834929]}, "properties": {"id_parcelle": "75112000AX0077", "address": "107 BD PONIATOWSKI", "sales": 6, "median_price": 553885.0, "median_price_per_sqm": 9368.42105263158, "median_rooms": 2.0, "first_sale": "2021-07-05", "last_sale": "2025-03-31"}}, {"type": "Feature", "geometry": {"type": "Point", "coordinates": [2.392058, 48.837591]}, "properties": {"id_parcelle": "75112000BT0011", "address": "6 RUE TAINE", "sales": 6, "median_price": 508000.0, "median_price_per_sqm": 10583.333333333334, "median_rooms": 0.5, "first_sale": "2022-09-20", "last_sale": "2023-03-09"}}, {"type": "Feature", "geometry": {"type": "Point", "coordinates": [2.388973, 48.849022]}, "properties": {"id_parcelle": "75112000CS0032", "address": "37 RUE CLAUDE TILLIER", "sales": 6, "median_price": 183500.0, "median_price_per_sqm": 9294.563279857397, "median_rooms": 1.0, "first_sale": "2023-01-06", "last_sale": "2025-09-11"}}, {"type": "Feature", "geometry": {"type": "Point", "coordinates": [2.392405, 48.848686]}, "properties": {"id_parcelle": "75112000CR0061", "address": "264 RUE DU FBG ST ANTOINE", "sales": 6, "median_price": 408250.0, "median_price_per_sqm": 9980.493023255814, "median_rooms": 1.0, "first_sale": "2022-09-28", "last_sale": "2023-10-16"}}, {"type": "Feature", "geometry": {"type": "Point", "coordinates": [2.388534, 48.848661]}, "properties": {"id_parcelle": "75112000CS0035", "address": "29 RUE CLAUDE TILLIER", "sales": 6, "median_price": 222500.0, "median_price_per_sqm": 8910.25641025641, "median_rooms": 2.0, "first_sale": "2021-04-23", "last_sale": "2025-06-17"}}, {"type": "Feature", "geometry": {"type": "Point", "coordinates": [2.375634, 48.848961]}, "properties": {"id_parcelle": "75112000ET0051", "address": "10 RUE EMILIO CASTELAR", "sales": 6, "median_price": 330000.0, "median_price_per_sqm": 11029.447004608295, "median_rooms": 0.5, "first_sale": "2024-06-03", "last_sale": "2025-04-29"}}, {"type": "Feature", "geometry": {"type": "Point", "coordinates": [2.376081, 48.850536]}, "properties": {"id_parcelle": "75112000ET0024", "address": "14 RUE THEOPHILE ROUSSEL", "sales": 6, "median_price": 409200.0, "median_price_per_sqm": 10768.421052631578, "median_rooms": 0.5, "first_sale": "2023-07-24", "last_sale": "2025-10-21"}}, {"type": "Feature", "geometry": {"type": "Point", "coordinates": [2.408723, 48.842081]}, "properties": {"id_parcelle": "75112000AE0020", "address": "17 VLA DU BEL AIR", "sales": 6, "median_price": 1040250.0, "median_price_per_sqm": 10528.780068728523, "median_rooms": 0.0, "first_sale": "2021-05-05", "last_sale": "2023-10-19"}}, {"type": "Feature", "geometry": {"type": "Point", "coordinates": [2.393744, 48.840738]}, "properties": {"id_parcelle": "75112000CD0003", "address": "106 RUE DE REUILLY", "sales": 6, "median_price": 263000.0, "median_price_per_sqm": 9395.185185185186, "median_rooms": 2.0, "first_sale": "2021-02-17", "last_sale": "2025-05-28"}}, {"type": "Feature", "geometry": {"type": "Point", "coordinates": [2.399596, 48.838391]}, "properties": {"id_parcelle": "75112000BY0105", "address": "221 AV DAUMESNIL", "sales": 6, "median_price": 232700.0, "median_price_per_sqm": 7583.333333333333, "median_rooms": 1.5, "first_sale": "2022-04-28", "last_sale": "2024-03-29"}}, {"type": "Feature", "geometry": {"type": "Point", "coordinates": [2.39079, 48.837406]}, "properties": {"id_parcelle": "75112000DD0010", "address": "39 RUE PROUDHON", "sales": 6, "median_price": 224750.0, "median_price_per_sqm": 8477.0955165692, "median_rooms": 1.0, "first_sale": "2021-01-15", "last_sale": "2025-04-24"}}, {"type": "Feature", "geometry": {"type": "Point", "coordinates": [2.386879, 48.842925]}, "properties": {"id_parcelle": "75112000CE0027", "address": "10 RUE MONTGALLET", "sales": 6, "median_price": 418500.0, "median_price_per_sqm": 9300.0, "median_rooms": 2.5, "first_sale": "2021-02-03", "last_sale": "2025-05-21"}}, {"type": "Feature", "geometry": {"type": "Point", "coordinates": [2.39818, 48.839861]}, "properties": {"id_parcelle": "75112000BY0041", "address": "57 BD DE REUILLY", "sales": 6, "median_price": 750000.0, "median_price_per_sqm": 10750.0, "median_rooms": 1.0, "first_sale": "2021-12-09", "last_sale": "2023-05-09"}}, {"type": "Feature", "geometry": {"type": "Point", "coordinates": [2.383015, 48.843325]}, "properties": {"id_parcelle": "75112000CW0039", "address": "94 AV DAUMESNIL", "sales": 6, "median_price": 140000.0, "median_price_per_sqm": 8969.344608879492, "median_rooms": 1.0, "first_sale": "2022-03-23", "last_sale": "2025-05-12"}}, {"type": "Feature", "geometry": {"type": "Point", "coordinates": [2.398578, 48.835764]}, "properties": {"id_parcelle": "75112000BP0018", "address": "8 RUE DE CAPRI", "sales": 6, "median_price": 272500.0, "median_price_per_sqm": 9866.071428571428, "median_rooms": 1.5, "first_sale": "2022-01-07", "last_sale": "2024-10-18"}}, {"type": "Feature", "geometry": {"type": "Point", "coordinates": [2.383417, 48.846423]}, "properties": {"id_parcelle": "75112000HA0066", "address": "15 RUE CHALIGNY", "sales": 6, "median_price": 305000.0, "median_price_per_sqm": 10425.0, "median_rooms": 1.0, "first_sale": "2022-01-10", "last_sale": "2024-08-29"}}, {"type": "Feature", "geometry": {"type": "Point", "coordinates": [2.388954, 48.844492]}, "properties": {"id_parcelle": "75112000CV0022", "address": "60 RUE DE REUILLY", "sales": 6, "median_price": 230000.0, "median_price_per_sqm": 7666.666666666667, "median_rooms": 2.0, "first_sale": "2021-11-08", "last_sale": "2025-10-15"}}, {"type": "Feature", "geometry": {"type": "Point", "coordinates": [2.402752, 48.847239]}, "properties": {"id_parcelle": "75112000AA0037", "address": "44 CRS DE VINCENNES", "sales": 6, "median_price": 495000.0, "median_price_per_sqm": 7265.441176470588, "median_rooms": 0.0, "first_sale": "2022-01-24", "last_sale": "2024-04-25"}}, {"type": "Feature", "geometry": {"type": "Point", "coordinates": [2.379012, 48.849793]}, "properties": {"id_parcelle": "75112000EX0041", "address": "77 RUE CROZATIER", "sales": 6, "median_price": 511035.0, "median_price_per_sqm": 10833.333333333334, "median_rooms": 2.5, "first_sale": "2021-03-12", "last_sale": "2025-10-28"}}, {"type": "Feature", "geometry": {"type": "Point", "coordinates": [2.378372, 48.850142]}, "properties": {"id_parcelle": "75112000EX0036", "address": "24 RUE DE COTTE", "sales": 6, "median_price": 258000.0, "median_price_per_sqm": 10814.0625, "median_rooms": 1.5, "first_sale": "2021-03-26", "last_sale": "2025-11-20"}}, {"type": "Feature", "geometry": {"type": "Point", "coordinates": [2.379051, 48.850451]}, "properties": {"id_parcelle": "75112000EX0040", "address": "74 RUE CROZATIER", "sales": 6, "median_price": 355000.0, "median_price_per_sqm": 7204.301075268817, "median_rooms": 0.0, "first_sale": "2022-12-01", "last_sale": "2023-03-30"}}, {"type": "Feature", "geometry": {"type": "Point", "coordinates": [2.402277, 48.844016]}, "properties": {"id_parcelle": "75112000AC0046", "address": "58 BD DE PICPUS", "sales": 6, "median_price": 640000.0, "median_price_per_sqm": 10156.25, "median_rooms": 0.5, "first_sale": "2021-07-30", "last_sale": "2025-04-23"}}, {"type": "Feature", "geometry": {"type": "Point", "coordinates": [2.401991, 48.835146]}, "properties": {"id_parcelle": "75112000BO0006", "address": "58 AV DU GAL MICHEL BIZOT", "sales": 6, "median_price": 350000.0, "median_price_per_sqm": 6938.596491228071, "median_rooms": 0.0, "first_sale": "2022-02-15", "last_sale": "2024-04-25"}}, {"type": "Feature", "geometry": {"type": "Point", "coordinates": [2.402143, 48.843491]}, "properties": {"id_parcelle": "75112000AC0042", "address": "50 BD DE PICPUS", "sales": 6, "median_price": 263500.0, "median_price_per_sqm": 8234.375, "median_rooms": 1.0, "first_sale": "2022-01-28", "last_sale": "2025-05-15"}}, {"type": "Feature", "geometry": {"type": "Point", "coordinates": [2.389585, 48.839428]}, "properties": {"id_parcelle": "75112000CC0021", "address": "3 BD DE REUILLY", "sales": 6, "median_price": 481666.5, "median_price_per_sqm": 9971.721428571429, "median_rooms": 1.0, "first_sale": "2021-05-21", "last_sale": "2025-10-10"}}, {"type": "Feature", "geometry": {"type": "Point", "coordinates": [2.389499, 48.839684]}, "properties": {"id_parcelle": "75112000CC0013", "address": "205 RUE DE CHARENTON", "sales": 6, "median_price": 380640.0, "median_price_per_sqm": 10058.823529411764, "median_rooms": 1.5, "first_sale": "2023-01-30", "last_sale": "2025-12-12"}}, {"type": "Feature", "geometry": {"type": "Point", "coordinates": [2.38965, 48.840329]}, "properties": {"id_parcelle": "75112000CC0009", "address": "7 RUE ELISA LEMONNIER", "sales": 6, "median_price": 335000.0, "median_price_per_sqm": 12884.615384615385, "median_rooms": 2.0, "first_sale": "2021-04-30", "last_sale": "2025-09-03"}}, {"type": "Feature", "geometry": {"type": "Point", "coordinates": [2.390843, 48.840184]}, "properties": {"id_parcelle": "75112000CC0046", "address": "1 RUE PLEYEL", "sales": 6, "median_price": 295500.0, "median_price_per_sqm": 9234.375, "median_rooms": 1.0, "first_sale": "2025-03-11", "last_sale": "2025-11-07"}}, {"type": "Feature", "geometry": {"type": "Point", "coordinates": [2.403876, 48.83944]}, "properties": {"id_parcelle": "75112000AR0024", "address": "107 AV DU GAL MICHEL BIZOT", "sales": 6, "median_price": 710000.0, "median_price_per_sqm": 9998.67261335882, "median_rooms": 2.5, "first_sale": "2021-01-12", "last_sale": "2024-08-09"}}, {"type": "Feature", "geometry": {"type": "Point", "coordinates": [2.409026, 48.846721]}, "properties": {"id_parcelle": "75112000AI0042", "address": "106 CRS DE VINCENNES", "sales": 6, "median_price": 537000.0, "median_price_per_sqm": 9421.052631578947, "median_rooms": 1.5, "first_sale": "2021-03-19", "last_sale": "2022-11-18"}}, {"type": "Feature", "geometry": {"type": "Point", "coordinates": [2.37278, 48.847031]}, "properties": {"id_parcelle": "75112000EN0096", "address": "24 RUE TRAVERSIERE", "sales": 6, "median_price": 950000.0, "median_price_per_sqm": 12012.5, "median_rooms": 1.5, "first_sale": "2021-09-30", "last_sale": "2022-03-01"}}, {"type": "Feature", "geometry": {"type": "Point", "coordinates": [2.40096, 48.837264]}, "properties": {"id_parcelle": "75112000BX0029", "address": "226 AV DAUMESNIL", "sales": 6, "median_price": 423558.0, "median_price_per_sqm": 9207.782608695652, "median_rooms": 1.0, "first_sale": "2021-06-29", "last_sale": "2025-05-19"}}, {"type": "Feature", "geometry": {"type": "Point", "coordinates": [2.401099, 48.837213]}, "properties": {"id_parcelle": "75112000BX0028", "address": "230 AV DAUMESNIL", "sales": 6, "median_price": 333500.0, "median_price_per_sqm": 9456.521739130434, "median_rooms": 1.0, "first_sale": "2022-05-25", "last_sale": "2023-07-20"}}, {"type": "Feature", "geometry": {"type": "Point", "coordinates": [2.401667, 48.837026]}, "properties": {"id_parcelle": "75112000BX0023", "address": "246 AV DAUMESNIL", "sales": 6, "median_price": 408500.0, "median_price_per_sqm": 8933.333333333334, "median_rooms": 1.5, "first_sale": "2022-08-31", "last_sale": "2025-07-18"}}, {"type": "Feature", "geometry": {"type": "Point", "coordinates": [2.401808, 48.836986]}, "properties": {"id_parcelle": "75112000BX0022", "address": "61 RUE DE FECAMP", "sales": 6, "median_price": 275000.0, "median_price_per_sqm": 13897.058823529413, "median_rooms": 1.0, "first_sale": "2022-07-18", "last_sale": "2024-07-08"}}, {"type": "Feature", "geometry": {"type": "Point", "coordinates": [2.404998, 48.83939]}, "properties": {"id_parcelle": "75112000AP0014", "address": "38 RUE DE LA VEGA", "sales": 6, "median_price": 246277.5, "median_price_per_sqm": 11148.125, "median_rooms": 1.5, "first_sale": "2021-01-06", "last_sale": "2025-11-04"}}, {"type": "Feature", "geometry": {"type": "Point", "coordinates": [2.397449, 48.840123]}, "properties": {"id_parcelle": "75112000BY0009", "address": "10 RUE LAMBLARDIE", "sales": 6, "median_price": 385600.0, "median_price_per_sqm": 9949.70588235294, "median_rooms": 2.0, "first_sale": "2023-02-02", "last_sale": "2025-11-28"}}, {"type": "Feature", "geometry": {"type": "Point", "coordinates": [2.369115, 48.850575]}, "properties": {"id_parcelle": "75112000EP0005", "address": "40 BD DE LA BASTILLE", "sales": 6, "median_price": 1630350.0, "median_price_per_sqm": 24943.25, "median_rooms": 0.0, "first_sale": "2022-02-01", "last_sale": "2022-04-01"}}, {"type": "Feature", "geometry": {"type": "Point", "coordinates": [2.398664, 48.845576]}, "properties": {"id_parcelle": "75112000CL0036", "address": "17 AV DE SAINT-MANDE", "sales": 6, "median_price": 1215000.0, "median_price_per_sqm": 10098.039215686274, "median_rooms": 0.0, "first_sale": "2022-06-30", "last_sale": "2023-01-27"}}, {"type": "Feature", "geometry": {"type": "Point", "coordinates": [2.371283, 48.847551]}, "properties": {"id_parcelle": "75112000EN0016", "address": "25 RUE DE LYON", "sales": 6, "median_price": 340000.0, "median_price_per_sqm": 9822.222222222223, "median_rooms": 0.5, "first_sale": "2021-02-02", "last_sale": "2023-03-09"}}, {"type": "Feature", "geometry": {"type": "Point", "coordinates": [2.393182, 48.846705]}, "properties": {"id_parcelle": "75112000CO0034", "address": "5 RUE DORIAN", "sales": 6, "median_price": 522700.0, "median_price_per_sqm": 12445.238095238095, "median_rooms": 1.5, "first_sale": "2021-09-13", "last_sale": "2024-06-10"}}, {"type": "Feature", "geometry": {"type": "Point", "coordinates": [2.392731, 48.846517]}, "properties": {"id_parcelle": "75112000CO0031", "address": "11 RUE DORIAN", "sales": 6, "median_price": 572500.0, "median_price_per_sqm": 11683.673469387755, "median_rooms": 1.0, "first_sale": "2022-01-10", "last_sale": "2024-04-11"}}, {"type": "Feature", "geometry": {"type": "Point", "coordinates": [2.393161, 48.847061]}, "properties": {"id_parcelle": "75112000CP0027", "address": "4 RUE DORIAN", "sales": 6, "median_price": 401500.0, "median_price_per_sqm": 10535.714285714286, "median_rooms": 0.0, "first_sale": "2022-11-29", "last_sale": "2024-03-06"}}, {"type": "Feature", "geometry": {"type": "Point", "coordinates": [2.393751, 48.846749]}, "properties": {"id_parcelle": "75112000CO0060", "address": "14 RUE DE PICPUS", "sales": 6, "median_price": 250000.0, "median_price_per_sqm": 2450.9803921568628, "median_rooms": 1.0, "first_sale": "2023-12-14", "last_sale": "2025-10-01"}}, {"type": "Feature", "geometry": {"type": "Point", "coordinates": [2.39474, 48.845524]}, "properties": {"id_parcelle": "75112000CO0052", "address": "26 RUE DE PICPUS", "sales": 6, "median_price": 585000.0, "median_price_per_sqm": 9285.714285714286, "median_rooms": 1.5, "first_sale": "2021-06-30", "last_sale": "2025-06-17"}}, {"type": "Feature", "geometry": {"type": "Point", "coordinates": [2.390751, 48.844633]}, "properties": {"id_parcelle": "75112000CO0019", "address": "7 RUE DU SERGENT BAUCHAT", "sales": 6, "median_price": 1245000.0, "median_price_per_sqm": 23055.555555555555, "median_rooms": 1.5, "first_sale": "2022-05-20", "last_sale": "2025-07-04"}}, {"type": "Feature", "geometry": {"type": "Point", "coordinates": [2.391879, 48.836799]}, "properties": {"id_parcelle": "75112000BT0046", "address": "245 RUE DE CHARENTON", "sales": 6, "median_price": 473993.0, "median_price_per_sqm": 9500.0, "median_rooms": 0.5, "first_sale": "2022-06-01", "last_sale": "2025-10-27"}}, {"type": "Feature", "geometry": {"type": "Point", "coordinates": [2.405054, 48.837899]}, "properties": {"id_parcelle": "75112000AS0056", "address": "12 RUE ROTTEMBOURG", "sales": 6, "median_price": 200372.5, "median_price_per_sqm": 8585.72, "median_rooms": 1.5, "first_sale": "2023-08-28", "last_sale": "2025-06-25"}}, {"type": "Feature", "geometry": {"type": "Point", "coordinates": [2.408117, 48.845761]}, "properties": {"id_parcelle": "75112000AI0097", "address": "28 RUE DE LA VOUTE", "sales": 6, "median_price": 419600.0, "median_price_per_sqm": 10758.97435897436, "median_rooms": 1.5, "first_sale": "2021-07-09", "last_sale": "2025-01-17"}}, {"type": "Feature", "geometry": {"type": "Point", "coordinates": [2.400475, 48.837327]}, "properties": {"id_parcelle": "75112000BX0035", "address": "216 AV DAUMESNIL", "sales": 6, "median_price": 730000.0, "median_price_per_sqm": 12320.266666666666, "median_rooms": 1.0, "first_sale": "2021-11-10", "last_sale": "2025-11-26"}}, {"type": "Feature", "geometry": {"type": "Point", "coordinates": [2.396684, 48.84674]}, "properties": {"id_parcelle": "75112000CM0033", "address": "23 AV DU BEL AIR", "sales": 6, "median_price": 1375000.0, "median_price_per_sqm": 9513.627819548872, "median_rooms": 0.0, "first_sale": "2023-10-27", "last_sale": "2025-04-11"}}, {"type": "Feature", "geometry": {"type": "Point", "coordinates": [2.406695, 48.844925]}, "properties": {"id_parcelle": "75112000AI0111", "address": "75 AV DE SAINT-MANDE", "sales": 6, "median_price": 273750.0, "median_price_per_sqm": 7788.029525032092, "median_rooms": 1.0, "first_sale": "2021-05-18", "last_sale": "2025-06-24"}}, {"type": "Feature", "geometry": {"type": "Point", "coordinates": [2.404214, 48.837044]}, "properties": {"id_parcelle": "75112000AS0073", "address": "3 RUE DE LA VEGA", "sales": 6, "median_price": 348600.0, "median_price_per_sqm": 8911.434108527132, "median_rooms": 0.0, "first_sale": "2021-12-09", "last_sale": "2024-11-29"}}, {"type": "Feature", "geometry": {"type": "Point", "coordinates": [2.404111, 48.836845]}, "properties": {"id_parcelle": "75112000AS0074", "address": "257 AV DAUMESNIL", "sales": 6, "median_price": 431500.0, "median_price_per_sqm": 10063.829787234043, "median_rooms": 1.0, "first_sale": "2022-08-24", "last_sale": "2024-12-12"}}, {"type": "Feature", "geometry": {"type": "Point", "coordinates": [2.401331, 48.839338]}, "properties": {"id_parcelle": "75112000AS0092", "address": "3 PAS CHAUSSIN", "sales": 6, "median_price": 547500.0, "median_price_per_sqm": 9084.900117508812, "median_rooms": 0.0, "first_sale": "2023-06-16", "last_sale": "2024-02-28"}}, {"type": "Feature", "geometry": {"type": "Point", "coordinates": [2.398899, 48.846838]}, "properties": {"id_parcelle": "75112000CL0058", "address": "77 BD DE PICPUS", "sales": 6, "median_price": 34000.0, "median_price_per_sqm": 10855.263157894737, "median_rooms": 0.0, "first_sale": "2023-01-06", "last_sale": "2025-03-26"}}, {"type": "Feature", "geometry": {"type": "Point", "coordinates": [2.400289, 48.838235]}, "properties": {"id_parcelle": "75112000BX0006", "address": "4 RUE GOSSEC", "sales": 6, "median_price": 316500.0, "median_price_per_sqm": 7772.082527401676, "median_rooms": 1.5, "first_sale": "2022-09-19", "last_sale": "2025-12-24"}}, {"type": "Feature", "geometry": {"type": "Point", "coordinates": [2.398389, 48.846017]}, "properties": {"id_parcelle": "75112000CL0031", "address": "8 AV DU BEL AIR", "sales": 6, "median_price": 214750.0, "median_price_per_sqm": 10000.0, "median_rooms": 0.5, "first_sale": "2021-12-15", "last_sale": "2023-03-27"}}, {"type": "Feature", "geometry": {"type": "Point", "coordinates": [2.397862, 48.840155]}, "properties": {"id_parcelle": "75112000BY0012", "address": "7 RUE DU DOCTEUR GOUJON", "sales": 6, "median_price": 339500.0, "median_price_per_sqm": 8622.549019607843, "median_rooms": 1.0, "first_sale": "2021-05-11", "last_sale": "2024-01-09"}}, {"type": "Feature", "geometry": {"type": "Point", "coordinates": [2.375738, 48.851198]}, "properties": {"id_parcelle": "75112000ET0020", "address": "96 RUE DU FBG ST ANTOINE", "sales": 6, "median_price": 299386.85, "median_price_per_sqm": 7908.333333333333, "median_rooms": 1.5, "first_sale": "2021-07-20", "last_sale": "2025-04-22"}}, {"type": "Feature", "geometry": {"type": "Point", "coordinates": [2.373777, 48.850294]}, "properties": {"id_parcelle": "75112000ER0079", "address": "67 RUE DE CHARENTON", "sales": 6, "median_price": 306500.0, "median_price_per_sqm": 11829.267241379312, "median_rooms": 1.0, "first_sale": "2021-02-03", "last_sale": "2025-11-27"}}, {"type": "Feature", "geometry": {"type": "Point", "coordinates": [2.37493, 48.851371]}, "properties": {"id_parcelle": "75112000ET0013", "address": "82 RUE DU FBG ST ANTOINE", "sales": 6, "median_price": 2556650.0, "median_price_per_sqm": 13053.141025641025, "median_rooms": 0.5, "first_sale": "2021-01-28", "last_sale": "2025-11-17"}}, {"type": "Feature", "geometry": {"type": "Point", "coordinates": [2.374703, 48.850361]}, "properties": {"id_parcelle": "75112000ET0007", "address": "77 AV LEDRU ROLLIN", "sales": 6, "median_price": 490663.5, "median_price_per_sqm": 7600.0, "median_rooms": 0.0, "first_sale": "2022-01-20", "last_sale": "2025-11-28"}}, {"type": "Feature", "geometry": {"type": "Point", "coordinates": [2.404556, 48.839312]}, "properties": {"id_parcelle": "75112000AR0019", "address": "114 AV DU GAL MICHEL BIZOT", "sales": 6, "median_price": 668350.0, "median_price_per_sqm": 10070.673515981736, "median_rooms": 3.0, "first_sale": "2022-12-28", "last_sale": "2025-07-07"}}, {"type": "Feature", "geometry": {"type": "Point", "coordinates": [2.395928, 48.838785]}, "properties": {"id_parcelle": "75112000BV0021", "address": "97 RUE CLAUDE DECAEN", "sales": 6, "median_price": 208625.0, "median_price_per_sqm": 9775.641025641027, "median_rooms": 1.0, "first_sale": "2021-06-07", "last_sale": "2022-12-23"}}, {"type": "Feature", "geometry": {"type": "Point", "coordinates": [2.394673, 48.847221]}, "properties": {"id_parcelle": "75112000CN0016", "address": "9 RUE JAUCOURT", "sales": 6, "median_price": 649000.0, "median_price_per_sqm": 10852.23880597015, "median_rooms": 1.5, "first_sale": "2023-03-13", "last_sale": "2025-12-23"}}, {"type": "Feature", "geometry": {"type": "Point", "coordinates": [2.37224, 48.848216]}, "properties": {"id_parcelle": "75112000EN0078", "address": "54 AV LEDRU ROLLIN", "sales": 6, "median_price": 90000.0, "median_price_per_sqm": 8566.398390342052, "median_rooms": 0.5, "first_sale": "2021-03-19", "last_sale": "2023-10-25"}}, {"type": "Feature", "geometry": {"type": "Point", "coordinates": [2.371498, 48.84872]}, "properties": {"id_parcelle": "75112000EN0005", "address": "28 RUE DE LYON", "sales": 6, "median_price": 927500.0, "median_price_per_sqm": 8671.399885255307, "median_rooms": 2.0, "first_sale": "2022-04-08", "last_sale": "2025-02-14"}}, {"type": "Feature", "geometry": {"type": "Point", "coordinates": [2.402411, 48.839324]}, "properties": {"id_parcelle": "75112000AS0005", "address": "23 RUE DE TOUL", "sales": 6, "median_price": 471826.03, "median_price_per_sqm": 13106.278611111113, "median_rooms": 0.5, "first_sale": "2023-07-11", "last_sale": "2025-02-12"}}, {"type": "Feature", "geometry": {"type": "Point", "coordinates": [2.396903, 48.838617]}, "properties": {"id_parcelle": "75112000BV0030", "address": "178 AV DAUMESNIL", "sales": 6, "median_price": 550000.0, "median_price_per_sqm": 7333.333333333333, "median_rooms": 0.5, "first_sale": "2023-06-15", "last_sale": "2025-01-21"}}, {"type": "Feature", "geometry": {"type": "Point", "coordinates": [2.403658, 48.838364]}, "properties": {"id_parcelle": "75112000AS0031", "address": "95 AV DU GAL MICHEL BIZOT", "sales": 6, "median_price": 237765.0, "median_price_per_sqm": 7058.823529411765, "median_rooms": 2.0, "first_sale": "2021-06-10", "last_sale": "2024-07-25"}}, {"type": "Feature", "geometry": {"type": "Point", "coordinates": [2.405674, 48.846983]}, "properties": {"id_parcelle": "75112000AB0019", "address": "76 CRS DE VINCENNES", "sales": 6, "median_price": 325000.0, "median_price_per_sqm": 9873.91304347826, "median_rooms": 1.0, "first_sale": "2021-05-20", "last_sale": "2025-12-08"}}, {"type": "Feature", "geometry": {"type": "Point", "coordinates": [2.381625, 48.845278]}, "properties": {"id_parcelle": "75112000HA0035", "address": "139 RUE DE CHARENTON", "sales": 6, "median_price": 254000.0, "median_price_per_sqm": 11233.333333333334, "median_rooms": 2.0, "first_sale": "2021-05-20", "last_sale": "2024-07-02"}}, {"type": "Feature", "geometry": {"type": "Point", "coordinates": [2.4047, 48.845006]}, "properties": {"id_parcelle": "75112000AB0056", "address": "65 AV DE SAINT-MANDE", "sales": 6, "median_price": 697000.0, "median_price_per_sqm": 10723.076923076924, "median_rooms": 1.5, "first_sale": "2022-05-31", "last_sale": "2025-05-14"}}, {"type": "Feature", "geometry": {"type": "Point", "coordinates": [2.404447, 48.84507]}, "properties": {"id_parcelle": "75112000AB0058", "address": "63 AV DE SAINT-MANDE", "sales": 6, "median_price": 1520000.0, "median_price_per_sqm": 11590.409040904091, "median_rooms": 0.0, "first_sale": "2023-03-03", "last_sale": "2025-06-17"}}, {"type": "Feature", "geometry": {"type": "Point", "coordinates": [2.404561, 48.839242]}, "properties": {"id_parcelle": "75112000AR0020", "address": "112 AV DU GAL MICHEL BIZOT", "sales": 6, "median_price": 673700.0, "median_price_per_sqm": 9166.666666666666, "median_rooms": 1.5, "first_sale": "2021-06-16", "last_sale": "2024-02-16"}}, {"type": "Feature", "geometry": {"type": "Point", "coordinates": [2.396185, 48.847148]}, "properties": {"id_parcelle": "75112000CN0023", "address": "22 PL DE LA NATION", "sales": 6, "median_price": 404459.0, "median_price_per_sqm": 10591.11969111969, "median_rooms": 1.0, "first_sale": "2022-03-18", "last_sale": "2024-10-09"}}, {"type": "Feature", "geometry": {"type": "Point", "coordinates": [2.403819, 48.839131]}, "properties": {"id_parcelle": "75112000AR0021", "address": "103 AV DU GAL MICHEL BIZOT", "sales": 6, "median_price": 390000.0, "median_price_per_sqm": 9195.121951219513, "median_rooms": 0.0, "first_sale": "2021-12-21", "last_sale": "2024-11-28"}}, {"type": "Feature", "geometry": {"type": "Point", "coordinates": [2.370328, 48.847092]}, "properties": {"id_parcelle": "75112000EN0027", "address": "30 AV LEDRU ROLLIN", "sales": 6, "median_price": 250402.5, "median_price_per_sqm": 9200.208333333334, "median_rooms": 1.0, "first_sale": "2021-09-20", "last_sale": "2023-08-03"}}, {"type": "Feature", "geometry": {"type": "Point", "coordinates": [2.397735, 48.838441]}, "properties": {"id_parcelle": "75112000BV0037", "address": "184 AV DAUMESNIL", "sales": 6, "median_price": 240036.0, "median_price_per_sqm": 8812.5, "median_rooms": 0.5, "first_sale": "2023-09-05", "last_sale": "2025-07-02"}}, {"type": "Feature", "geometry": {"type": "Point", "coordinates": [2.402394, 48.847285]}, "properties": {"id_parcelle": "75112000AA0026", "address": "40 CRS DE VINCENNES", "sales": 6, "median_price": 399000.0, "median_price_per_sqm": 13619.857142857143, "median_rooms": 2.5, "first_sale": "2022-08-04", "last_sale": "2023-01-27"}}, {"type": "Feature", "geometry": {"type": "Point", "coordinates": [2.400548, 48.841607]}, "properties": {"id_parcelle": "75112000BZ0037", "address": "13 BD DE PICPUS", "sales": 6, "median_price": 190000.0, "median_price_per_sqm": 9673.91304347826, "median_rooms": 1.0, "first_sale": "2022-06-29", "last_sale": "2025-06-16"}}, {"type": "Feature", "geometry": {"type": "Point", "coordinates": [2.398282, 48.842267]}, "properties": {"id_parcelle": "75112000BZ0045", "address": "4 RUE DAGORNO", "sales": 6, "median_price": 391050.0, "median_price_per_sqm": 8543.478260869566, "median_rooms": 0.0, "first_sale": "2023-03-21", "last_sale": "2025-05-14"}}, {"type": "Feature", "geometry": {"type": "Point", "coordinates": [2.405309, 48.845148]}, "properties": {"id_parcelle": "75112000AB0052", "address": "4 RUE DU RENDEZ VOUS", "sales": 6, "median_price": 675000.0, "median_price_per_sqm": 10216.42857142857, "median_rooms": 1.0, "first_sale": "2022-08-17", "last_sale": "2023-04-14"}}, {"type": "Feature", "geometry": {"type": "Point", "coordinates": [2.383133, 48.845389]}, "properties": {"id_parcelle": "75112000HA0052", "address": "4 RUE CROZATIER", "sales": 6, "median_price": 481100.0, "median_price_per_sqm": 10305.29715762274, "median_rooms": 1.0, "first_sale": "2021-09-13", "last_sale": "2025-08-01"}}, {"type": "Feature", "geometry": {"type": "Point", "coordinates": [2.400097, 48.835085]}, "properties": {"id_parcelle": "75112000BP0041", "address": "25 RUE CLAUDE DECAEN", "sales": 6, "median_price": 171000.0, "median_price_per_sqm": 9000.0, "median_rooms": 0.5, "first_sale": "2021-08-19", "last_sale": "2022-07-21"}}, {"type": "Feature", "geometry": {"type": "Point", "coordinates": [2.399879, 48.835084]}, "properties": {"id_parcelle": "75112000BP0039", "address": "75 RUE DE WATTIGNIES", "sales": 6, "median_price": 390000.0, "median_price_per_sqm": 8666.666666666666, "median_rooms": 0.5, "first_sale": "2022-03-16", "last_sale": "2022-08-10"}}, {"type": "Feature", "geometry": {"type": "Point", "coordinates": [2.398503, 48.84228]}, "properties": {"id_parcelle": "75112000BZ0046", "address": "6 RUE DAGORNO", "sales": 6, "median_price": 364950.0, "median_price_per_sqm": 9178.846153846154, "median_rooms": 2.0, "first_sale": "2022-05-31", "last_sale": "2025-07-23"}}, {"type": "Feature", "geometry": {"type": "Point", "coordinates": [2.390577, 48.838454]}, "properties": {"id_parcelle": "75112000CB0091", "address": "219 RUE DE CHARENTON", "sales": 6, "median_price": 452350.0, "median_price_per_sqm": 9940.441176470587, "median_rooms": 0.0, "first_sale": "2022-05-31", "last_sale": "2025-09-12"}}, {"type": "Feature", "geometry": {"type": "Point", "coordinates": [2.393367, 48.839903]}, "properties": {"id_parcelle": "75112000CB0037", "address": "164 AV DAUMESNIL", "sales": 6, "median_price": 410000.0, "median_price_per_sqm": 10031.91489361702, "median_rooms": 0.5, "first_sale": "2021-11-05", "last_sale": "2022-10-18"}}, {"type": "Feature", "geometry": {"type": "Point", "coordinates": [2.404153, 48.845116]}, "properties": {"id_parcelle": "75112000AB0060", "address": "59 AV DE SAINT-MANDE", "sales": 6, "median_price": 316000.0, "median_price_per_sqm": 9175.50505050505, "median_rooms": 1.5, "first_sale": "2021-10-13", "last_sale": "2024-12-02"}}, {"type": "Feature", "geometry": {"type": "Point", "coordinates": [2.404611, 48.845894]}, "properties": {"id_parcelle": "75112000AB0106", "address": "8 CITE DEBERGUE", "sales": 6, "median_price": 227830.0, "median_price_per_sqm": 11184.940476190477, "median_rooms": 1.0, "first_sale": "2022-07-26", "last_sale": "2025-03-28"}}, {"type": "Feature", "geometry": {"type": "Point", "coordinates": [2.40308, 48.845173]}, "properties": {"id_parcelle": "75112000AB0076", "address": "47 AV DE SAINT-MANDE", "sales": 6, "median_price": 120000.0, "median_price_per_sqm": 6000.0, "median_rooms": 0.5, "first_sale": "2021-06-18", "last_sale": "2023-05-17"}}, {"type": "Feature", "geometry": {"type": "Point", "coordinates": [2.395018, 48.841304]}, "properties": {"id_parcelle": "75112000CA0003", "address": "18 RUE DE LA GARE DE REUILLY", "sales": 6, "median_price": 207000.0, "median_price_per_sqm": 8478.87323943662, "median_rooms": 1.0, "first_sale": "2022-02-10", "last_sale": "2024-12-17"}}, {"type": "Feature", "geometry": {"type": "Point", "coordinates": [2.395716, 48.841654]}, "properties": {"id_parcelle": "75112000CA0005", "address": "38 RUE DE LA GARE DE REUILLY", "sales": 6, "median_price": 308000.0, "median_price_per_sqm": 10333.333333333334, "median_rooms": 1.0, "first_sale": "2022-03-08", "last_sale": "2024-03-29"}}, {"type": "Feature", "geometry": {"type": "Point", "coordinates": [2.404485, 48.845757]}, "properties": {"id_parcelle": "75112000AB0090", "address": "22 CITE DU RENDEZ VOUS", "sales": 6, "median_price": 1650000.0, "median_price_per_sqm": 55000.0, "median_rooms": 2.0, "first_sale": "2023-10-26", "last_sale": "2023-10-26"}}, {"type": "Feature", "geometry": {"type": "Point", "coordinates": [2.404163, 48.845657]}, "properties": {"id_parcelle": "75112000AB0082", "address": "26 RUE DU RENDEZ VOUS", "sales": 6, "median_price": 271730.0, "median_price_per_sqm": 8740.0, "median_rooms": 1.0, "first_sale": "2022-06-29", "last_sale": "2025-05-23"}}, {"type": "Feature", "geometry": {"type": "Point", "coordinates": [2.379912, 48.847325]}, "properties": {"id_parcelle": "75112000EZ0006", "address": "7 RUE DE CITEAUX", "sales": 6, "median_price": 452000.0, "median_price_per_sqm": 11300.0, "median_rooms": 0.5, "first_sale": "2022-11-21", "last_sale": "2025-12-12"}}, {"type": "Feature", "geometry": {"type": "Point", "coordinates": [2.3917, 48.837924]}, "properties": {"id_parcelle": "75112000CB0071", "address": "9 RUE TAINE", "sales": 6, "median_price": 390500.0, "median_price_per_sqm": 10000.0, "median_rooms": 0.5, "first_sale": "2021-09-09", "last_sale": "2025-01-17"}}, {"type": "Feature", "geometry": {"type": "Point", "coordinates": [2.380755, 48.84518]}, "properties": {"id_parcelle": "75112000HA0019", "address": "148 RUE DE CHARENTON", "sales": 6, "median_price": 613920.0, "median_price_per_sqm": 9304.957983193277, "median_rooms": 0.0, "first_sale": "2023-03-28", "last_sale": "2024-01-08"}}, {"type": "Feature", "geometry": {"type": "Point", "coordinates": [2.380639, 48.848535]}, "properties": {"id_parcelle": "75112000EY0042", "address": "46 RUE CROZATIER", "sales": 6, "median_price": 462999.0, "median_price_per_sqm": 9822.90625, "median_rooms": 2.0, "first_sale": "2021-02-19", "last_sale": "2025-12-01"}}, {"type": "Feature", "geometry": {"type": "Point", "coordinates": [2.380659, 48.848438]}, "properties": {"id_parcelle": "75112000EY0044", "address": "44 RUE CROZATIER", "sales": 6, "median_price": 760700.0, "median_price_per_sqm": 9806.307692307691, "median_rooms": 3.0, "first_sale": "2023-02-17", "last_sale": "2024-07-24"}}, {"type": "Feature", "geometry": {"type": "Point", "coordinates": [2.384078, 48.849927]}, "properties": {"id_parcelle": "75112000EY0048", "address": "29 RUE CHALIGNY", "sales": 6, "median_price": 315000.0, "median_price_per_sqm": 9942.218798151001, "median_rooms": 2.0, "first_sale": "2023-02-14", "last_sale": "2024-04-23"}}, {"type": "Feature", "geometry": {"type": "Point", "coordinates": [2.380551, 48.847389]}, "properties": {"id_parcelle": "75112000EZ0013", "address": "10 RUE DE CITEAUX", "sales": 5, "median_price": 1530000.0, "median_price_per_sqm": 10145.505617977527, "median_rooms": 0.0, "first_sale": "2021-05-07", "last_sale": "2022-07-22"}}, {"type": "Feature", "geometry": {"type": "Point", "coordinates": [2.403021, 48.845237]}, "properties": {"id_parcelle": "75112000AB0075", "address": "4 RUE MARSOULAN", "sales": 5, "median_price": 570000.0, "median_price_per_sqm": 8188.652777777777, "median_rooms": 3.0, "first_sale": "2022-06-20", "last_sale": "2025-07-08"}}, {"type": "Feature", "geometry": {"type": "Point", "coordinates": [2.39343, 48.838973]}, "properties": {"id_parcelle": "75112000CB0053", "address": "33 RUE TAINE", "sales": 5, "median_price": 305000.0, "median_price_per_sqm": 10346.938775510203, "median_rooms": 2.0, "first_sale": "2021-02-15", "last_sale": "2022-09-30"}}, {"type": "Feature", "geometry": {"type": "Point", "coordinates": [2.390588, 48.838785]}, "properties": {"id_parcelle": "75112000CB0086", "address": "10 BD DE REUILLY", "sales": 5, "median_price": 360000.0, "median_price_per_sqm": 11007.777777777777, "median_rooms": 0.0, "first_sale": "2022-12-14", "last_sale": "2025-01-28"}}, {"type": "Feature", "geometry": {"type": "Point", "coordinates": [2.399608, 48.840675]}, "properties": {"id_parcelle": "75112000BZ0029", "address": "83 RUE DE PICPUS", "sales": 5, "median_price": 165000.0, "median_price_per_sqm": 6209.677419354839, "median_rooms": 0.0, "first_sale": "2022-09-09", "last_sale": "2025-12-01"}}, {"type": "Feature", "geometry": {"type": "Point", "coordinates": [2.399492, 48.840913]}, "properties": {"id_parcelle": "75112000BZ0032", "address": "79 RUE DE PICPUS", "sales": 5, "median_price": 350000.0, "median_price_per_sqm": 8557.692307692309, "median_rooms": 2.0, "first_sale": "2021-01-27", "last_sale": "2025-11-06"}}, {"type": "Feature", "geometry": {"type": "Point", "coordinates": [2.393491, 48.839844]}, "properties": {"id_parcelle": "75112000CB0039", "address": "166 AV DAUMESNIL", "sales": 5, "median_price": 398200.0, "median_price_per_sqm": 8919.295058139534, "median_rooms": 0.0, "first_sale": "2023-02-15", "last_sale": "2024-02-15"}}, {"type": "Feature", "geometry": {"type": "Point", "coordinates": [2.394393, 48.839695]}, "properties": {"id_parcelle": "75112000CB0048", "address": "174 AV DAUMESNIL", "sales": 5, "median_price": 650961.0, "median_price_per_sqm": 8345.653846153846, "median_rooms": 3.0, "first_sale": "2021-04-09", "last_sale": "2024-04-11"}}, {"type": "Feature", "geometry": {"type": "Point", "coordinates": [2.382671, 48.846192]}, "properties": {"id_parcelle": "75112000HA0062", "address": "16 RUE CROZATIER", "sales": 5, "median_price": 495950.0, "median_price_per_sqm": 16531.666666666668, "median_rooms": 0.0, "first_sale": "2021-07-01", "last_sale": "2022-04-11"}}, {"type": "Feature", "geometry": {"type": "Point", "coordinates": [2.404705, 48.845375]}, "properties": {"id_parcelle": "75112000AB0041", "address": "12 RUE DU RENDEZ VOUS", "sales": 5, "median_price": 220000.0, "median_price_per_sqm": 7857.142857142857, "median_rooms": 0.0, "first_sale": "2022-02-07", "last_sale": "2025-07-24"}}, {"type": "Feature", "geometry": {"type": "Point", "coordinates": [2.404918, 48.845477]}, "properties": {"id_parcelle": "75112000AB0042", "address": "10 RUE DU RENDEZ VOUS", "sales": 5, "median_price": 10000.0, "median_price_per_sqm": 9666.666666666666, "median_rooms": 1.0, "first_sale": "2021-01-15", "last_sale": "2023-07-26"}}, {"type": "Feature", "geometry": {"type": "Point", "coordinates": [2.400547, 48.84664]}, "properties": {"id_parcelle": "75112000AA0074", "address": "94 BD DE PICPUS", "sales": 5, "median_price": 384700.0, "median_price_per_sqm": 10320.0, "median_rooms": 0.0, "first_sale": "2022-01-14", "last_sale": "2024-08-08"}}, {"type": "Feature", "geometry": {"type": "Point", "coordinates": [2.400369, 48.846736]}, "properties": {"id_parcelle": "75112000AA0075", "address": "96 BD DE PICPUS", "sales": 5, "median_price": 490000.0, "median_price_per_sqm": 9510.545454545456, "median_rooms": 0.0, "first_sale": "2021-12-17", "last_sale": "2024-11-25"}}, {"type": "Feature", "geometry": {"type": "Point", "coordinates": [2.379711, 48.844912]}, "properties": {"id_parcelle": "75112000HB0117", "address": "64 AV DAUMESNIL", "sales": 5, "median_price": 449200.0, "median_price_per_sqm": 9982.222222222223, "median_rooms": 0.0, "first_sale": "2022-09-05", "last_sale": "2023-08-30"}}, {"type": "Feature", "geometry": {"type": "Point", "coordinates": [2.394501, 48.840226]}, "properties": {"id_parcelle": "75112000CA0027", "address": "116 RUE DE REUILLY", "sales": 5, "median_price": 648816.0, "median_price_per_sqm": 10813.6, "median_rooms": 2.0, "first_sale": "2021-01-14", "last_sale": "2023-05-16"}}, {"type": "Feature", "geometry": {"type": "Point", "coordinates": [2.402019, 48.845956]}, "properties": {"id_parcelle": "75112000AA0062", "address": "47 RUE DU RENDEZ VOUS", "sales": 5, "median_price": 239300.0, "median_price_per_sqm": 9970.833333333334, "median_rooms": 1.0, "first_sale": "2022-03-25", "last_sale": "2025-10-15"}}, {"type": "Feature", "geometry": {"type": "Point", "coordinates": [2.38, 48.846344]}, "properties": {"id_parcelle": "75112000HA0109", "address": "56 BD DIDEROT", "sales": 5, "median_price": 404000.0, "median_price_per_sqm": 9995.833333333334, "median_rooms": 2.0, "first_sale": "2021-05-26", "last_sale": "2025-10-15"}}, {"type": "Feature", "geometry": {"type": "Point", "coordinates": [2.381711, 48.844955]}, "properties": {"id_parcelle": "75112000HA0156", "address": "156 RUE DE CHARENTON", "sales": 5, "median_price": 180000.0, "median_price_per_sqm": 10000.0, "median_rooms": 0.0, "first_sale": "2021-03-12", "last_sale": "2025-05-22"}}, {"type": "Feature", "geometry": {"type": "Point", "coordinates": [2.401611, 48.846608]}, "properties": {"id_parcelle": "75112000AA0031", "address": "56 RUE DU RENDEZ VOUS", "sales": 5, "median_price": 225000.0, "median_price_per_sqm": 8846.153846153848, "median_rooms": 1.0, "first_sale": "2022-07-22", "last_sale": "2025-12-23"}}, {"type": "Feature", "geometry": {"type": "Point", "coordinates": [2.380807, 48.850266]}, "properties": {"id_parcelle": "75112000EY0094", "address": "156 RUE DU FBG ST ANTOINE", "sales": 5, "median_price": 395000.0, "median_price_per_sqm": 13697.441666666666, "median_rooms": 0.0, "first_sale": "2023-12-11", "last_sale": "2025-06-11"}}, {"type": "Feature", "geometry": {"type": "Point", "coordinates": [2.396481, 48.84709]}, "properties": {"id_parcelle": "75112000CN0026", "address": "29 AV DU BEL AIR", "sales": 5, "median_price": 50000.0, "median_price_per_sqm": 4375.0, "median_rooms": 0.0, "first_sale": "2025-06-25", "last_sale": "2025-06-25"}}, {"type": "Feature", "geometry": {"type": "Point", "coordinates": [2.396577, 48.846994]}, "properties": {"id_parcelle": "75112000CN0027", "address": "27 AV DU BEL AIR", "sales": 5, "median_price": 1695000.0, "median_price_per_sqm": 12107.142857142857, "median_rooms": 0.0, "first_sale": "2021-09-21", "last_sale": "2021-09-21"}}, {"type": "Feature", "geometry": {"type": "Point", "coordinates": [2.397143, 48.84747]}, "properties": {"id_parcelle": "75112000CN0031", "address": "26 PL DE LA NATION", "sales": 5, "median_price": 320000.0, "median_price_per_sqm": 10000.0, "median_rooms": 2.0, "first_sale": "2022-02-28", "last_sale": "2023-02-20"}}, {"type": "Feature", "geometry": {"type": "Point", "coordinates": [2.395931, 48.846698]}, "properties": {"id_parcelle": "75112000CM0057", "address": "14 RUE FABRE D EGLANTINE", "sales": 5, "median_price": 1223302.0, "median_price_per_sqm": 12611.360824742267, "median_rooms": 0.0, "first_sale": "2023-03-09", "last_sale": "2023-03-09"}}, {"type": "Feature", "geometry": {"type": "Point", "coordinates": [2.394751, 48.847333]}, "properties": {"id_parcelle": "75112000CN0015", "address": "11 RUE JAUCOURT", "sales": 5, "median_price": 1300000.0, "median_price_per_sqm": 9702.758620689656, "median_rooms": 0.0, "first_sale": "2021-08-27", "last_sale": "2022-04-07"}}, {"type": "Feature", "geometry": {"type": "Point", "coordinates": [2.395597, 48.836233]}, "properties": {"id_parcelle": "75112000BW0012", "address": "35 RUE DE WATTIGNIES", "sales": 5, "median_price": 295000.0, "median_price_per_sqm": 9333.333333333332, "median_rooms": 1.0, "first_sale": "2021-02-08", "last_sale": "2025-07-03"}}, {"type": "Feature", "geometry": {"type": "Point", "coordinates": [2.396228, 48.839007]}, "properties": {"id_parcelle": "75112000BV0025", "address": "100 RUE CLAUDE DECAEN", "sales": 5, "median_price": 354650.0, "median_price_per_sqm": 8092.105263157895, "median_rooms": 1.0, "first_sale": "2021-09-16", "last_sale": "2025-10-24"}}, {"type": "Feature", "geometry": {"type": "Point", "coordinates": [2.37189, 48.847724]}, "properties": {"id_parcelle": "75112000EN0073", "address": "14 RUE DE LYON", "sales": 5, "median_price": 770800.0, "median_price_per_sqm": 9892.857142857143, "median_rooms": 2.0, "first_sale": "2021-04-29", "last_sale": "2022-05-04"}}, {"type": "Feature", "geometry": {"type": "Point", "coordinates": [2.372585, 48.848341]}, "properties": {"id_parcelle": "75112000EN0081", "address": "14 AV DAUMESNIL", "sales": 5, "median_price": 830000.0, "median_price_per_sqm": 10779.22077922078, "median_rooms": 4.0, "first_sale": "2023-06-14", "last_sale": "2025-10-29"}}, {"type": "Feature", "geometry": {"type": "Point", "coordinates": [2.404939, 48.840213]}, "properties": {"id_parcelle": "75112000AP0003", "address": "1 RUE MONTEMPOIVRE", "sales": 5, "median_price": 380000.0, "median_price_per_sqm": 9037.209302325582, "median_rooms": 1.0, "first_sale": "2022-08-29", "last_sale": "2023-06-09"}}, {"type": "Feature", "geometry": {"type": "Point", "coordinates": [2.401739, 48.839859]}, "properties": {"id_parcelle": "75112000AR0052", "address": "11 RUE LOUIS BRAILLE", "sales": 5, "median_price": 179000.0, "median_price_per_sqm": 7782.608695652174, "median_rooms": 1.0, "first_sale": "2023-07-21", "last_sale": "2025-09-29"}}, {"type": "Feature", "geometry": {"type": "Point", "coordinates": [2.402257, 48.837991]}, "properties": {"id_parcelle": "75112000AS0021", "address": "7 RUE DE TOUL", "sales": 5, "median_price": 555000.0, "median_price_per_sqm": 13214.285714285714, "median_rooms": 1.0, "first_sale": "2022-06-24", "last_sale": "2022-12-23"}}, {"type": "Feature", "geometry": {"type": "Point", "coordinates": [2.402801, 48.83788]}, "properties": {"id_parcelle": "75112000AS0026", "address": "6 RUE DE TOUL", "sales": 5, "median_price": 710500.0, "median_price_per_sqm": 8775.486111111111, "median_rooms": 0.0, "first_sale": "2021-07-26", "last_sale": "2024-04-29"}}, {"type": "Feature", "geometry": {"type": "Point", "coordinates": [2.393503, 48.836753]}, "properties": {"id_parcelle": "75112000BT0037", "address": "15 RUE DE WATTIGNIES", "sales": 5, "median_price": 490000.0, "median_price_per_sqm": 9237.254901960783, "median_rooms": 2.0, "first_sale": "2021-05-12", "last_sale": "2025-11-14"}}, {"type": "Feature", "geometry": {"type": "Point", "coordinates": [2.393083, 48.836789]}, "properties": {"id_parcelle": "75112000BT0056", "address": "9 RUE DE LA BRECHE AUX LOUPS", "sales": 5, "median_price": 280000.0, "median_price_per_sqm": 9674.418604651162, "median_rooms": 1.0, "first_sale": "2021-09-30", "last_sale": "2024-02-12"}}, {"type": "Feature", "geometry": {"type": "Point", "coordinates": [2.394388, 48.836466]}, "properties": {"id_parcelle": "75112000BT0031", "address": "25 RUE DE WATTIGNIES", "sales": 5, "median_price": 165000.0, "median_price_per_sqm": 8250.0, "median_rooms": 1.0, "first_sale": "2021-08-24", "last_sale": "2023-11-20"}}, {"type": "Feature", "geometry": {"type": "Point", "coordinates": [2.371401, 48.848839]}, "properties": {"id_parcelle": "75112000EN0004", "address": "30 RUE DE LYON", "sales": 5, "median_price": 1100000.0, "median_price_per_sqm": 9909.90990990991, "median_rooms": 4.0, "first_sale": "2024-06-21", "last_sale": "2025-07-25"}}, {"type": "Feature", "geometry": {"type": "Point", "coordinates": [2.401407, 48.839485]}, "properties": {"id_parcelle": "75112000AR0038", "address": "10 RUE LOUIS BRAILLE", "sales": 5, "median_price": 640955.0, "median_price_per_sqm": 11653.727272727272, "median_rooms": 2.0, "first_sale": "2021-01-21", "last_sale": "2024-12-10"}}, {"type": "Feature", "geometry": {"type": "Point", "coordinates": [2.373592, 48.846679]}, "properties": {"id_parcelle": "75112000EM0068", "address": "7 RUE MICHEL CHASLES", "sales": 5, "median_price": 900500.0, "median_price_per_sqm": 11659.579667644182, "median_rooms": 0.0, "first_sale": "2021-05-04", "last_sale": "2025-05-15"}}, {"type": "Feature", "geometry": {"type": "Point", "coordinates": [2.374176, 48.846344]}, "properties": {"id_parcelle": "75112000EM0072", "address": "4 RUE MICHEL CHASLES", "sales": 5, "median_price": 1240000.0, "median_price_per_sqm": 45840.659340659346, "median_rooms": 0.0, "first_sale": "2021-12-28", "last_sale": "2025-09-10"}}, {"type": "Feature", "geometry": {"type": "Point", "coordinates": [2.374745, 48.846883]}, "properties": {"id_parcelle": "75112000EM0081", "address": "16 RUE PARROT", "sales": 5, "median_price": 1522100.0, "median_price_per_sqm": 10561.071428571428, "median_rooms": 0.0, "first_sale": "2022-01-31", "last_sale": "2024-08-29"}}, {"type": "Feature", "geometry": {"type": "Point", "coordinates": [2.372951, 48.846133]}, "properties": {"id_parcelle": "75112000EM0049", "address": "3 RUE EMILE GILBERT", "sales": 5, "median_price": 445000.0, "median_price_per_sqm": 6747.364953886693, "median_rooms": 3.0, "first_sale": "2023-08-31", "last_sale": "2024-04-05"}}, {"type": "Feature", "geometry": {"type": "Point", "coordinates": [2.373514, 48.846108]}, "properties": {"id_parcelle": "75112000EM0055", "address": "2 RUE EMILE GILBERT", "sales": 5, "median_price": 1800000.0, "median_price_per_sqm": 9000.0, "median_rooms": 0.0, "first_sale": "2024-05-13", "last_sale": "2024-05-13"}}, {"type": "Feature", "geometry": {"type": "Point", "coordinates": [2.407328, 48.845344]}, "properties": {"id_parcelle": "75112000AI0105", "address": "16 RUE DE LA VOUTE", "sales": 5, "median_price": 495610.0, "median_price_per_sqm": 10544.893617021276, "median_rooms": 1.0, "first_sale": "2021-09-09", "last_sale": "2025-09-11"}}, {"type": "Feature", "geometry": {"type": "Point", "coordinates": [2.370434, 48.848795]}, "properties": {"id_parcelle": "75112000EO0024", "address": "22 RUE JULES CESAR", "sales": 5, "median_price": 148000.0, "median_price_per_sqm": 12333.333333333334, "median_rooms": 1.0, "first_sale": "2022-10-19", "last_sale": "2023-09-19"}}, {"type": "Feature", "geometry": {"type": "Point", "coordinates": [2.40841, 48.84541]}, "properties": {"id_parcelle": "75112000AI0078", "address": "15 RUE MONTERA", "sales": 5, "median_price": 420000.0, "median_price_per_sqm": 9408.482142857143, "median_rooms": 2.0, "first_sale": "2021-03-18", "last_sale": "2025-07-30"}}, {"type": "Feature", "geometry": {"type": "Point", "coordinates": [2.395842, 48.846224]}, "properties": {"id_parcelle": "75112000CM0029", "address": "6 RUE FABRE D EGLANTINE", "sales": 5, "median_price": 1050000.0, "median_price_per_sqm": 11847.894406033942, "median_rooms": 0.0, "first_sale": "2023-07-11", "last_sale": "2025-06-24"}}, {"type": "Feature", "geometry": {"type": "Point", "coordinates": [2.397356, 48.846031]}, "properties": {"id_parcelle": "75112000CM0040", "address": "9 AV DU BEL AIR", "sales": 5, "median_price": 524000.0, "median_price_per_sqm": 9959.694989106754, "median_rooms": 0.0, "first_sale": "2025-03-26", "last_sale": "2025-12-15"}}, {"type": "Feature", "geometry": {"type": "Point", "coordinates": [2.399802, 48.836399]}, "properties": {"id_parcelle": "75112000BX0044", "address": "3 RUE EDOUARD ROBERT", "sales": 5, "median_price": 123000.0, "median_price_per_sqm": 6074.7663551401865, "median_rooms": 0.0, "first_sale": "2022-07-28", "last_sale": "2022-10-05"}}, {"type": "Feature", "geometry": {"type": "Point", "coordinates": [2.401938, 48.837568]}, "properties": {"id_parcelle": "75112000BX0020", "address": "251 AV DAUMESNIL", "sales": 5, "median_price": 340000.0, "median_price_per_sqm": 11616.666666666666, "median_rooms": 2.0, "first_sale": "2021-12-21", "last_sale": "2025-09-23"}}, {"type": "Feature", "geometry": {"type": "Point", "coordinates": [2.401513, 48.837061]}, "properties": {"id_parcelle": "75112000BX0025", "address": "242 AV DAUMESNIL", "sales": 5, "median_price": 410000.0, "median_price_per_sqm": 9659.09090909091, "median_rooms": 2.0, "first_sale": "2021-11-04", "last_sale": "2023-11-14"}}, {"type": "Feature", "geometry": {"type": "Point", "coordinates": [2.374079, 48.847612]}, "properties": {"id_parcelle": "75112000EN0115", "address": "26 AV DAUMESNIL", "sales": 5, "median_price": 1000000.0, "median_price_per_sqm": 9500.0, "median_rooms": 2.0, "first_sale": "2021-03-16", "last_sale": "2022-12-19"}}, {"type": "Feature", "geometry": {"type": "Point", "coordinates": [2.369123, 48.849117]}, "properties": {"id_parcelle": "75112000EO0011", "address": "9 RUE JULES CESAR", "sales": 5, "median_price": 377500.0, "median_price_per_sqm": 10881.081081081082, "median_rooms": 2.0, "first_sale": "2023-09-28", "last_sale": "2024-05-22"}}, {"type": "Feature", "geometry": {"type": "Point", "coordinates": [2.370039, 48.849174]}, "properties": {"id_parcelle": "75112000EO0018", "address": "16 RUE LACUEE", "sales": 5, "median_price": 500000.0, "median_price_per_sqm": 9693.103448275862, "median_rooms": 2.0, "first_sale": "2021-02-22", "last_sale": "2025-08-01"}}, {"type": "Feature", "geometry": {"type": "Point", "coordinates": [2.373641, 48.847693]}, "properties": {"id_parcelle": "75112000EN0088", "address": "15 RUE MICHEL CHASLES", "sales": 5, "median_price": 168900.0, "median_price_per_sqm": 10682.608695652174, "median_rooms": 0.0, "first_sale": "2021-04-14", "last_sale": "2022-11-15"}}, {"type": "Feature", "geometry": {"type": "Point", "coordinates": [2.409289, 48.844698]}, "properties": {"id_parcelle": "75112000AI0063", "address": "103 AV DE SAINT-MANDE", "sales": 5, "median_price": 365000.0, "median_price_per_sqm": 11042.533504138746, "median_rooms": 0.0, "first_sale": "2022-04-15", "last_sale": "2025-10-01"}}, {"type": "Feature", "geometry": {"type": "Point", "coordinates": [2.372758, 48.851858]}, "properties": {"id_parcelle": "75112000ER0046", "address": "6 VC PGE DE LA BOULE BLANCHE", "sales": 5, "median_price": 1400000.0, "median_price_per_sqm": 17500.0, "median_rooms": 0.0, "first_sale": "2021-12-17", "last_sale": "2025-09-11"}}, {"type": "Feature", "geometry": {"type": "Point", "coordinates": [2.401793, 48.837618]}, "properties": {"id_parcelle": "75112000BX0019", "address": "249 AV DAUMESNIL", "sales": 5, "median_price": 570000.0, "median_price_per_sqm": 14827.586206896553, "median_rooms": 0.0, "first_sale": "2021-10-29", "last_sale": "2025-11-21"}}, {"type": "Feature", "geometry": {"type": "Point", "coordinates": [2.399153, 48.845621]}, "properties": {"id_parcelle": "75112000CL0041", "address": "2 RUE DES COLONNES DU TRONE", "sales": 5, "median_price": 809000.0, "median_price_per_sqm": 9825.414540816328, "median_rooms": 0.0, "first_sale": "2021-06-10", "last_sale": "2022-05-25"}}, {"type": "Feature", "geometry": {"type": "Point", "coordinates": [2.398813, 48.846634]}, "properties": {"id_parcelle": "75112000CL0049", "address": "20 RUE DES COLONNES DU TRONE", "sales": 5, "median_price": 210000.0, "median_price_per_sqm": 6812.312312312312, "median_rooms": 1.0, "first_sale": "2021-11-08", "last_sale": "2025-09-29"}}, {"type": "Feature", "geometry": {"type": "Point", "coordinates": [2.369666, 48.849766]}, "properties": {"id_parcelle": "75112000EP0015", "address": "9 RUE LACUEE", "sales": 5, "median_price": 730000.0, "median_price_per_sqm": 9908.730158730159, "median_rooms": 0.0, "first_sale": "2024-01-11", "last_sale": "2024-07-12"}}, {"type": "Feature", "geometry": {"type": "Point", "coordinates": [2.370285, 48.849466]}, "properties": {"id_parcelle": "75112000EP0018", "address": "13 RUE LACUEE", "sales": 5, "median_price": 1046900.0, "median_price_per_sqm": 12500.0, "median_rooms": 3.0, "first_sale": "2021-02-25", "last_sale": "2025-06-16"}}, {"type": "Feature", "geometry": {"type": "Point", "coordinates": [2.370337, 48.849475]}, "properties": {"id_parcelle": "75112000EP0019", "address": "47 RUE DE LYON", "sales": 5, "median_price": 899000.0, "median_price_per_sqm": 11858.97435897436, "median_rooms": 2.0, "first_sale": "2021-06-30", "last_sale": "2025-09-18"}}, {"type": "Feature", "geometry": {"type": "Point", "coordinates": [2.370156, 48.849623]}, "properties": {"id_parcelle": "75112000EP0022", "address": "4 RUE BISCORNET", "sales": 5, "median_price": 175000.0, "median_price_per_sqm": 10544.444444444445, "median_rooms": 1.0, "first_sale": "2021-04-16", "last_sale": "2022-10-04"}}, {"type": "Feature", "geometry": {"type": "Point", "coordinates": [2.404951, 48.835184]}, "properties": {"id_parcelle": "75112000AX0030", "address": "6 RUE ERNEST LACOSTE", "sales": 5, "median_price": 335000.0, "median_price_per_sqm": 10151.515151515152, "median_rooms": 1.0, "first_sale": "2022-07-07", "last_sale": "2024-03-13"}}, {"type": "Feature", "geometry": {"type": "Point", "coordinates": [2.373379, 48.843069]}, "properties": {"id_parcelle": "75112000EH0004", "address": "185 RUE DE BERCY", "sales": 5, "median_price": 980000.0, "median_price_per_sqm": 6125.0, "median_rooms": 0.0, "first_sale": "2022-05-02", "last_sale": "2025-03-11"}}, {"type": "Feature", "geometry": {"type": "Point", "coordinates": [2.394838, 48.834069]}, "properties": {"id_parcelle": "75112000BS0040", "address": "307 RUE DE CHARENTON", "sales": 5, "median_price": 320000.0, "median_price_per_sqm": 8142.857142857143, "median_rooms": 1.0, "first_sale": "2021-05-05", "last_sale": "2022-09-06"}}, {"type": "Feature", "geometry": {"type": "Point", "coordinates": [2.392512, 48.836047]}, "properties": {"id_parcelle": "75112000BS0060", "address": "257 RUE DE CHARENTON", "sales": 5, "median_price": 190000.0, "median_price_per_sqm": 7600.0, "median_rooms": 1.0, "first_sale": "2022-06-14", "last_sale": "2025-09-29"}}, {"type": "Feature", "geometry": {"type": "Point", "coordinates": [2.389083, 48.848045]}, "properties": {"id_parcelle": "75112000CR0035", "address": "17 PAS DU GENIE", "sales": 5, "median_price": 554000.0, "median_price_per_sqm": 10000.0, "median_rooms": 2.0, "first_sale": "2021-05-11", "last_sale": "2022-12-21"}}, {"type": "Feature", "geometry": {"type": "Point", "coordinates": [2.392349, 48.848222]}, "properties": {"id_parcelle": "75112000CR0052", "address": "129 BD DIDEROT", "sales": 5, "median_price": 1091000.0, "median_price_per_sqm": 11222.875816993464, "median_rooms": 0.0, "first_sale": "2023-04-27", "last_sale": "2025-10-01"}}, {"type": "Feature", "geometry": {"type": "Point", "coordinates": [2.388675, 48.847856]}, "properties": {"id_parcelle": "75112000CR0030", "address": "28 PAS DU GENIE", "sales": 5, "median_price": 294000.0, "median_price_per_sqm": 8770.526315789473, "median_rooms": 2.0, "first_sale": "2022-06-15", "last_sale": "2025-01-30"}}, {"type": "Feature", "geometry": {"type": "Point", "coordinates": [2.393471, 48.847166]}, "properties": {"id_parcelle": "75112000CP0028", "address": "2 RUE DORIAN", "sales": 5, "median_price": 465000.0, "median_price_per_sqm": 8942.307692307691, "median_rooms": 0.0, "first_sale": "2023-06-20", "last_sale": "2025-07-07"}}, {"type": "Feature", "geometry": {"type": "Point", "coordinates": [2.389497, 48.848781]}, "properties": {"id_parcelle": "75112000CR0011", "address": "8 PAS DU GENIE", "sales": 5, "median_price": 198000.0, "median_price_per_sqm": 7872.159090909091, "median_rooms": 2.0, "first_sale": "2022-05-25", "last_sale": "2025-10-03"}}, {"type": "Feature", "geometry": {"type": "Point", "coordinates": [2.402891, 48.836506]}, "properties": {"id_parcelle": "75112000AX0003", "address": "73 AV DU GAL MICHEL BIZOT", "sales": 5, "median_price": 360000.0, "median_price_per_sqm": 8730.76923076923, "median_rooms": 3.0, "first_sale": "2023-02-15", "last_sale": "2025-02-13"}}, {"type": "Feature", "geometry": {"type": "Point", "coordinates": [2.385697, 48.835751]}, "properties": {"id_parcelle": "75112000DZ0039", "address": "1 RUE DE BERCY", "sales": 5, "median_price": 371930.0, "median_price_per_sqm": 9227.272727272728, "median_rooms": 2.0, "first_sale": "2021-04-07", "last_sale": "2023-08-03"}}, {"type": "Feature", "geometry": {"type": "Point", "coordinates": [2.385393, 48.835578]}, "properties": {"id_parcelle": "75112000DZ0041", "address": "1 RUE DE DIJON", "sales": 5, "median_price": 365000.0, "median_price_per_sqm": 9373.965517241379, "median_rooms": 1.0, "first_sale": "2022-01-18", "last_sale": "2025-06-06"}}, {"type": "Feature", "geometry": {"type": "Point", "coordinates": [2.3922, 48.835105]}, "properties": {"id_parcelle": "75112000DE0002", "address": "2 RUE CORIOLIS", "sales": 5, "median_price": 185000.0, "median_price_per_sqm": 5827.586206896552, "median_rooms": 2.0, "first_sale": "2021-12-23", "last_sale": "2024-06-11"}}, {"type": "Feature", "geometry": {"type": "Point", "coordinates": [2.409334, 48.843582]}, "properties": {"id_parcelle": "75112000AH0034", "address": "3 RUE DU NIGER", "sales": 5, "median_price": 832000.0, "median_price_per_sqm": 10363.720238095239, "median_rooms": 0.0, "first_sale": "2021-06-28", "last_sale": "2022-01-04"}}, {"type": "Feature", "geometry": {"type": "Point", "coordinates": [2.409515, 48.843373]}, "properties": {"id_parcelle": "75112000AH0038", "address": "107 BD SOULT", "sales": 5, "median_price": 647510.0, "median_price_per_sqm": 9028.87619047619, "median_rooms": 0.0, "first_sale": "2022-11-21", "last_sale": "2025-12-19"}}, {"type": "Feature", "geometry": {"type": "Point", "coordinates": [2.398425, 48.83729]}, "properties": {"id_parcelle": "75112000BX0074", "address": "4 RUE TOURNEUX", "sales": 5, "median_price": 386470.0, "median_price_per_sqm": 9850.563909774435, "median_rooms": 3.0, "first_sale": "2021-11-23", "last_sale": "2025-10-15"}}, {"type": "Feature", "geometry": {"type": "Point", "coordinates": [2.39692, 48.839892]}, "properties": {"id_parcelle": "75112000BY0002", "address": "4 RUE LAMBLARDIE", "sales": 5, "median_price": 1170000.0, "median_price_per_sqm": 7032.244509948416, "median_rooms": 0.0, "first_sale": "2022-06-09", "last_sale": "2023-09-19"}}, {"type": "Feature", "geometry": {"type": "Point", "coordinates": [2.39922, 48.836546]}, "properties": {"id_parcelle": "75112000BX0051", "address": "48 RUE CLAUDE DECAEN", "sales": 5, "median_price": 32500.0, "median_price_per_sqm": 8594.166666666666, "median_rooms": 0.0, "first_sale": "2021-07-28", "last_sale": "2021-12-15"}}, {"type": "Feature", "geometry": {"type": "Point", "coordinates": [2.398079, 48.837228]}, "properties": {"id_parcelle": "75112000BX0058", "address": "66 RUE CLAUDE DECAEN", "sales": 5, "median_price": 530000.0, "median_price_per_sqm": 15588.235294117647, "median_rooms": 2.0, "first_sale": "2024-07-18", "last_sale": "2025-09-04"}}, {"type": "Feature", "geometry": {"type": "Point", "coordinates": [2.395215, 48.844981]}, "properties": {"id_parcelle": "75112000CH0025", "address": "34 RUE DE PICPUS", "sales": 5, "median_price": 320000.0, "median_price_per_sqm": 7804.878048780488, "median_rooms": 0.0, "first_sale": "2021-10-28", "last_sale": "2025-07-01"}}, {"type": "Feature", "geometry": {"type": "Point", "coordinates": [2.397431, 48.847157]}, "properties": {"id_parcelle": "75112000CL0001", "address": "26 AV DU BEL AIR", "sales": 5, "median_price": 590000.0, "median_price_per_sqm": 8939.39393939394, "median_rooms": 2.0, "first_sale": "2023-12-14", "last_sale": "2025-10-16"}}, {"type": "Feature", "geometry": {"type": "Point", "coordinates": [2.39761, 48.846912]}, "properties": {"id_parcelle": "75112000CL0017", "address": "22 AV DU BEL AIR", "sales": 5, "median_price": 770000.0, "median_price_per_sqm": 8850.574712643678, "median_rooms": 0.0, "first_sale": "2021-03-25", "last_sale": "2025-12-10"}}, {"type": "Feature", "geometry": {"type": "Point", "coordinates": [2.373489, 48.850088]}, "properties": {"id_parcelle": "75112000EV0005", "address": "46 RUE DE CHARENTON", "sales": 5, "median_price": 111000.0, "median_price_per_sqm": 10090.90909090909, "median_rooms": 1.0, "first_sale": "2021-02-03", "last_sale": "2025-06-02"}}, {"type": "Feature", "geometry": {"type": "Point", "coordinates": [2.407728, 48.843959]}, "properties": {"id_parcelle": "75112000AH0014", "address": "19 RUE DU NIGER", "sales": 5, "median_price": 1650000.0, "median_price_per_sqm": 41666.66666666667, "median_rooms": 0.0, "first_sale": "2021-04-29", "last_sale": "2021-04-29"}}, {"type": "Feature", "geometry": {"type": "Point", "coordinates": [2.375554, 48.849756]}, "properties": {"id_parcelle": "75112000ET0061", "address": "15 RUE DE PRAGUE", "sales": 5, "median_price": 540000.0, "median_price_per_sqm": 6337.662337662337, "median_rooms": 2.0, "first_sale": "2021-10-28", "last_sale": "2024-03-15"}}, {"type": "Feature", "geometry": {"type": "Point", "coordinates": [2.375068, 48.849854]}, "properties": {"id_parcelle": "75112000ET0073", "address": "69 RUE TRAVERSIERE", "sales": 5, "median_price": 338000.0, "median_price_per_sqm": 9941.176470588236, "median_rooms": 1.0, "first_sale": "2021-06-24", "last_sale": "2022-09-23"}}, {"type": "Feature", "geometry": {"type": "Point", "coordinates": [2.37602, 48.850677]}, "properties": {"id_parcelle": "75112000ET0023", "address": "76 RUE TRAVERSIERE", "sales": 5, "median_price": 817000.0, "median_price_per_sqm": 10474.358974358975, "median_rooms": 2.0, "first_sale": "2023-07-28", "last_sale": "2025-10-28"}}, {"type": "Feature", "geometry": {"type": "Point", "coordinates": [2.373512, 48.851254]}, "properties": {"id_parcelle": "75112000ER0118", "address": "12 PAS DU CHANTIER", "sales": 5, "median_price": 240000.0, "median_price_per_sqm": 9090.90909090909, "median_rooms": 1.0, "first_sale": "2021-10-28", "last_sale": "2024-09-17"}}, {"type": "Feature", "geometry": {"type": "Point", "coordinates": [2.373368, 48.851062]}, "properties": {"id_parcelle": "75112000ER0120", "address": "10 PAS DU CHANTIER", "sales": 5, "median_price": 380050.0, "median_price_per_sqm": 11904.761904761905, "median_rooms": 1.0, "first_sale": "2022-05-25", "last_sale": "2025-08-29"}}, {"type": "Feature", "geometry": {"type": "Point", "coordinates": [2.385847, 48.849105]}, "properties": {"id_parcelle": "75112000CS0012", "address": "13 RUE DE REUILLY", "sales": 5, "median_price": 144000.0, "median_price_per_sqm": 6870.0, "median_rooms": 0.0, "first_sale": "2023-06-28", "last_sale": "2024-10-30"}}, {"type": "Feature", "geometry": {"type": "Point", "coordinates": [2.386867, 48.84786]}, "properties": {"id_parcelle": "75112000CS0026", "address": "31 RUE DE REUILLY", "sales": 5, "median_price": 177000.0, "median_price_per_sqm": 7211.538461538462, "median_rooms": 1.0, "first_sale": "2021-01-08", "last_sale": "2025-01-17"}}, {"type": "Feature", "geometry": {"type": "Point", "coordinates": [2.394758, 48.83607]}, "properties": {"id_parcelle": "75112000BS0009", "address": "26 RUE DE WATTIGNIES", "sales": 5, "median_price": 365000.0, "median_price_per_sqm": 11060.60606060606, "median_rooms": 2.0, "first_sale": "2021-01-11", "last_sale": "2023-02-16"}}, {"type": "Feature", "geometry": {"type": "Point", "coordinates": [2.406545, 48.83593]}, "properties": {"id_parcelle": "75112000AX0060", "address": "277 BD SOULT", "sales": 5, "median_price": 1255000.0, "median_price_per_sqm": 14527.13152232383, "median_rooms": 2.0, "first_sale": "2021-04-26", "last_sale": "2022-02-07"}}, {"type": "Feature", "geometry": {"type": "Point", "coordinates": [2.405268, 48.83514]}, "properties": {"id_parcelle": "75112000AX0075", "address": "7 VLA JEAN GODARD", "sales": 5, "median_price": 280000.0, "median_price_per_sqm": 9000.0, "median_rooms": 1.0, "first_sale": "2021-07-02", "last_sale": "2024-03-01"}}, {"type": "Feature", "geometry": {"type": "Point", "coordinates": [2.389959, 48.83796]}, "properties": {"id_parcelle": "75112000DD0023", "address": "246 RUE DE CHARENTON", "sales": 5, "median_price": 285000.0, "median_price_per_sqm": 10520.0, "median_rooms": 2.0, "first_sale": "2021-04-15", "last_sale": "2025-11-25"}}, {"type": "Feature", "geometry": {"type": "Point", "coordinates": [2.389145, 48.838266]}, "properties": {"id_parcelle": "75112000DD0030", "address": "72 BD DE BERCY", "sales": 5, "median_price": 530000.0, "median_price_per_sqm": 10226.71568627451, "median_rooms": 0.0, "first_sale": "2021-05-10", "last_sale": "2024-09-26"}}, {"type": "Feature", "geometry": {"type": "Point", "coordinates": [2.40748, 48.836849]}, "properties": {"id_parcelle": "75112000AX0050", "address": "21 BD SOULT", "sales": 5, "median_price": 420000.0, "median_price_per_sqm": 7500.0, "median_rooms": 0.0, "first_sale": "2021-04-26", "last_sale": "2025-11-13"}}, {"type": "Feature", "geometry": {"type": "Point", "coordinates": [2.388361, 48.839763]}, "properties": {"id_parcelle": "75112000DA0035", "address": "228 RUE DE CHARENTON", "sales": 5, "median_price": 589500.0, "median_price_per_sqm": 10160.08024691358, "median_rooms": 2.0, "first_sale": "2021-02-03", "last_sale": "2023-09-15"}}, {"type": "Feature", "geometry": {"type": "Point", "coordinates": [2.387376, 48.840816]}, "properties": {"id_parcelle": "75112000DA0009", "address": "212 RUE DE CHARENTON", "sales": 5, "median_price": 340000.0, "median_price_per_sqm": 18862.18947368421, "median_rooms": 1.0, "first_sale": "2022-09-30", "last_sale": "2024-07-02"}}, {"type": "Feature", "geometry": {"type": "Point", "coordinates": [2.387514, 48.840663]}, "properties": {"id_parcelle": "75112000DA0011", "address": "216 RUE DE CHARENTON", "sales": 5, "median_price": 275000.0, "median_price_per_sqm": 10274.32336182336, "median_rooms": 1.0, "first_sale": "2021-01-29", "last_sale": "2022-05-04"}}, {"type": "Feature", "geometry": {"type": "Point", "coordinates": [2.383083, 48.843191]}, "properties": {"id_parcelle": "75112000CW0038", "address": "78 RUE DU CHAROLAIS", "sales": 5, "median_price": 360000.0, "median_price_per_sqm": 10105.263157894737, "median_rooms": 1.0, "first_sale": "2021-07-22", "last_sale": "2024-10-11"}}, {"type": "Feature", "geometry": {"type": "Point", "coordinates": [2.386512, 48.84098]}, "properties": {"id_parcelle": "75112000CZ0015", "address": "3 RUE BAULANT", "sales": 5, "median_price": 556891.0, "median_price_per_sqm": 10919.43137254902, "median_rooms": 3.0, "first_sale": "2021-05-28", "last_sale": "2025-08-27"}}, {"type": "Feature", "geometry": {"type": "Point", "coordinates": [2.398168, 48.832535]}, "properties": {"id_parcelle": "75112000BN0047", "address": "12 AV DU GAL MICHEL BIZOT", "sales": 5, "median_price": 1100000.0, "median_price_per_sqm": 11664.750322461765, "median_rooms": 0.0, "first_sale": "2022-06-24", "last_sale": "2022-09-13"}}, {"type": "Feature", "geometry": {"type": "Point", "coordinates": [2.378279, 48.849533]}, "properties": {"id_parcelle": "75112000EX0028", "address": "15 RUE D ALIGRE", "sales": 5, "median_price": 405000.0, "median_price_per_sqm": 12656.25, "median_rooms": 0.0, "first_sale": "2021-05-28", "last_sale": "2025-01-10"}}, {"type": "Feature", "geometry": {"type": "Point", "coordinates": [2.375271, 48.846857]}, "properties": {"id_parcelle": "75112000EW0075", "address": "10 RUE ABEL", "sales": 5, "median_price": 698000.0, "median_price_per_sqm": 11346.311475409835, "median_rooms": 0.0, "first_sale": "2021-01-22", "last_sale": "2025-12-10"}}, {"type": "Feature", "geometry": {"type": "Point", "coordinates": [2.378292, 48.848059]}, "properties": {"id_parcelle": "75112000EW0101", "address": "21 RUE BECCARIA", "sales": 5, "median_price": 445030.0, "median_price_per_sqm": 9837.282608695652, "median_rooms": 0.0, "first_sale": "2023-04-13", "last_sale": "2025-12-17"}}, {"type": "Feature", "geometry": {"type": "Point", "coordinates": [2.37807, 48.850588]}, "properties": {"id_parcelle": "75112000EX0003", "address": "122 RUE DU FAUBOURG SAINT ANTOINE", "sales": 5, "median_price": 1959700.0, "median_price_per_sqm": 9513.823529411766, "median_rooms": 0.0, "first_sale": "2022-11-30", "last_sale": "2025-09-02"}}, {"type": "Feature", "geometry": {"type": "Point", "coordinates": [2.388341, 48.843572]}, "properties": {"id_parcelle": "75112000CE0037", "address": "30 RUE MONTGALLET", "sales": 5, "median_price": 495000.0, "median_price_per_sqm": 10185.185185185184, "median_rooms": 3.0, "first_sale": "2022-08-03", "last_sale": "2024-12-05"}}, {"type": "Feature", "geometry": {"type": "Point", "coordinates": [2.388673, 48.843727]}, "properties": {"id_parcelle": "75112000CE0039", "address": "34 RUE MONTGALLET", "sales": 5, "median_price": 230880.0, "median_price_per_sqm": 7574.074074074074, "median_rooms": 0.0, "first_sale": "2025-07-29", "last_sale": "2025-09-30"}}, {"type": "Feature", "geometry": {"type": "Point", "coordinates": [2.387937, 48.843736]}, "properties": {"id_parcelle": "75112000CE0023", "address": "23 RUE MONTGALLET", "sales": 5, "median_price": 280952.0, "median_price_per_sqm": 9365.066666666668, "median_rooms": 0.0, "first_sale": "2023-04-27", "last_sale": "2024-10-25"}}, {"type": "Feature", "geometry": {"type": "Point", "coordinates": [2.376045, 48.846409]}, "properties": {"id_parcelle": "75112000EW0062", "address": "11 RUE HECTOR MALOT", "sales": 5, "median_price": 865000.0, "median_price_per_sqm": 10176.470588235294, "median_rooms": 0.0, "first_sale": "2022-07-06", "last_sale": "2022-11-23"}}, {"type": "Feature", "geometry": {"type": "Point", "coordinates": [2.375277, 48.846316]}, "properties": {"id_parcelle": "75112000EW0066", "address": "27 BD DIDEROT", "sales": 5, "median_price": 1225900.0, "median_price_per_sqm": 11540.340557275542, "median_rooms": 0.0, "first_sale": "2022-12-12", "last_sale": "2023-02-14"}}, {"type": "Feature", "geometry": {"type": "Point", "coordinates": [2.37891, 48.846823]}, "properties": {"id_parcelle": "75112000EW0025", "address": "111 RUE DE CHARENTON", "sales": 5, "median_price": 421100.0, "median_price_per_sqm": 7857.142857142857, "median_rooms": 1.0, "first_sale": "2021-04-30", "last_sale": "2023-04-06"}}, {"type": "Feature", "geometry": {"type": "Point", "coordinates": [2.376699, 48.847617]}, "properties": {"id_parcelle": "75112000EW0044", "address": "98 RUE DE CHARENTON", "sales": 5, "median_price": 257900.0, "median_price_per_sqm": 9653.989703989704, "median_rooms": 0.0, "first_sale": "2021-11-10", "last_sale": "2025-12-22"}}, {"type": "Feature", "geometry": {"type": "Point", "coordinates": [2.406873, 48.840931]}, "properties": {"id_parcelle": "75112000AE0036", "address": "51 RUE DU SAHEL", "sales": 5, "median_price": 155000.0, "median_price_per_sqm": 4513.775231860338, "median_rooms": 2.0, "first_sale": "2024-03-12", "last_sale": "2025-12-29"}}, {"type": "Feature", "geometry": {"type": "Point", "coordinates": [2.404635, 48.841852]}, "properties": {"id_parcelle": "75112000AD0067", "address": "11 AV DU DOC ARNOLD NETTER", "sales": 5, "median_price": 580000.0, "median_price_per_sqm": 9830.50847457627, "median_rooms": 3.0, "first_sale": "2021-04-14", "last_sale": "2024-10-01"}}, {"type": "Feature", "geometry": {"type": "Point", "coordinates": [2.379634, 48.850305]}, "properties": {"id_parcelle": "75112000EY0002", "address": "142 RUE DU FBG ST ANTOINE", "sales": 5, "median_price": 336300.0, "median_price_per_sqm": 10509.375, "median_rooms": 1.0, "first_sale": "2021-07-27", "last_sale": "2024-09-27"}}, {"type": "Feature", "geometry": {"type": "Point", "coordinates": [2.379227, 48.849474]}, "properties": {"id_parcelle": "75112000EX0044", "address": "73 RUE CROZATIER", "sales": 5, "median_price": 810000.0, "median_price_per_sqm": 11451.612903225807, "median_rooms": 2.0, "first_sale": "2021-07-28", "last_sale": "2023-07-03"}}, {"type": "Feature", "geometry": {"type": "Point", "coordinates": [2.380174, 48.84838]}, "properties": {"id_parcelle": "75112000EX0055", "address": "47 RUE CROZATIER", "sales": 5, "median_price": 385000.0, "median_price_per_sqm": 11474.117647058823, "median_rooms": 2.0, "first_sale": "2021-04-28", "last_sale": "2023-06-23"}}, {"type": "Feature", "geometry": {"type": "Point", "coordinates": [2.403723, 48.841649]}, "properties": {"id_parcelle": "75112000AD0054", "address": "17 RUE VICTOR CHEVREUIL", "sales": 5, "median_price": 135000.0, "median_price_per_sqm": 9375.0, "median_rooms": 1.0, "first_sale": "2021-08-12", "last_sale": "2023-06-23"}}, {"type": "Feature", "geometry": {"type": "Point", "coordinates": [2.399075, 48.838635]}, "properties": {"id_parcelle": "75112000BY0082", "address": "215 AV DAUMESNIL", "sales": 5, "median_price": 243000.0, "median_price_per_sqm": 9241.379310344828, "median_rooms": 2.0, "first_sale": "2021-01-28", "last_sale": "2024-06-20"}}, {"type": "Feature", "geometry": {"type": "Point", "coordinates": [2.390251, 48.840226]}, "properties": {"id_parcelle": "75112000CC0048", "address": "2 RUE ELISA LEMONNIER", "sales": 5, "median_price": 300000.0, "median_price_per_sqm": 9395.989947552447, "median_rooms": 0.0, "first_sale": "2023-03-15", "last_sale": "2023-08-29"}}, {"type": "Feature", "geometry": {"type": "Point", "coordinates": [2.390504, 48.840412]}, "properties": {"id_parcelle": "75112000CC0051", "address": "15 RUE DUBRUNFAUT", "sales": 5, "median_price": 525500.0, "median_price_per_sqm": 9920.63492063492, "median_rooms": 3.0, "first_sale": "2021-09-22", "last_sale": "2025-07-08"}}, {"type": "Feature", "geometry": {"type": "Point", "coordinates": [2.391798, 48.840258]}, "properties": {"id_parcelle": "75112000CC0040", "address": "152 AV DAUMESNIL", "sales": 5, "median_price": 197000.0, "median_price_per_sqm": 9605.263157894737, "median_rooms": 1.0, "first_sale": "2021-11-15", "last_sale": "2025-03-10"}}, {"type": "Feature", "geometry": {"type": "Point", "coordinates": [2.391465, 48.840265]}, "properties": {"id_parcelle": "75112000CC0042", "address": "150 AV DAUMESNIL", "sales": 5, "median_price": 965900.0, "median_price_per_sqm": 26304.960317460318, "median_rooms": 0.0, "first_sale": "2021-07-01", "last_sale": "2023-03-24"}}, {"type": "Feature", "geometry": {"type": "Point", "coordinates": [2.391225, 48.839949]}, "properties": {"id_parcelle": "75112000CC0035", "address": "15 RUE DUGOMMIER", "sales": 5, "median_price": 455000.0, "median_price_per_sqm": 10000.0, "median_rooms": 2.0, "first_sale": "2021-02-11", "last_sale": "2023-08-10"}}, {"type": "Feature", "geometry": {"type": "Point", "coordinates": [2.402056, 48.843044]}, "properties": {"id_parcelle": "75112000AC0039", "address": "44 BD DE PICPUS", "sales": 5, "median_price": 170000.0, "median_price_per_sqm": 6296.2962962962965, "median_rooms": 2.0, "first_sale": "2023-06-05", "last_sale": "2024-07-10"}}, {"type": "Feature", "geometry": {"type": "Point", "coordinates": [2.377581, 48.849644]}, "properties": {"id_parcelle": "75112000EX0022", "address": "19 RUE DE COTTE", "sales": 5, "median_price": 395494.0, "median_price_per_sqm": 11569.444444444445, "median_rooms": 1.0, "first_sale": "2021-01-21", "last_sale": "2025-12-02"}}, {"type": "Feature", "geometry": {"type": "Point", "coordinates": [2.378211, 48.849309]}, "properties": {"id_parcelle": "75112000EX0026", "address": "11 RUE D ALIGRE", "sales": 5, "median_price": 131100.0, "median_price_per_sqm": 10391.666666666666, "median_rooms": 0.0, "first_sale": "2021-07-27", "last_sale": "2023-11-23"}}, {"type": "Feature", "geometry": {"type": "Point", "coordinates": [2.383145, 48.843273]}, "properties": {"id_parcelle": "75112000CW0037", "address": "96 AV DAUMESNIL", "sales": 5, "median_price": 219530.0, "median_price_per_sqm": 8573.541666666668, "median_rooms": 2.0, "first_sale": "2021-05-28", "last_sale": "2023-09-15"}}, {"type": "Feature", "geometry": {"type": "Point", "coordinates": [2.401604, 48.833561]}, "properties": {"id_parcelle": "75112000BN0028", "address": "3 RUE CLAUDE DECAEN", "sales": 5, "median_price": 436000.0, "median_price_per_sqm": 8764.044943820225, "median_rooms": 2.0, "first_sale": "2021-01-20", "last_sale": "2022-06-22"}}, {"type": "Feature", "geometry": {"type": "Point", "coordinates": [2.401146, 48.83337]}, "properties": {"id_parcelle": "75112000BN0032", "address": "59 BD PONIATOWSKI", "sales": 5, "median_price": 550000.0, "median_price_per_sqm": 8513.636363636364, "median_rooms": 3.0, "first_sale": "2022-09-05", "last_sale": "2024-03-11"}}, {"type": "Feature", "geometry": {"type": "Point", "coordinates": [2.386008, 48.846431]}, "properties": {"id_parcelle": "75112000CT0034", "address": "23 RUE ERARD", "sales": 5, "median_price": 323000.0, "median_price_per_sqm": 10357.142857142857, "median_rooms": 1.0, "first_sale": "2021-08-12", "last_sale": "2025-07-08"}}, {"type": "Feature", "geometry": {"type": "Point", "coordinates": [2.386603, 48.847083]}, "properties": {"id_parcelle": "75112000CT0038", "address": "116 BD DIDEROT", "sales": 5, "median_price": 258000.0, "median_price_per_sqm": 7862.068965517241, "median_rooms": 1.0, "first_sale": "2021-12-01", "last_sale": "2025-12-23"}}, {"type": "Feature", "geometry": {"type": "Point", "coordinates": [2.398277, 48.835946]}, "properties": {"id_parcelle": "75112000BP0009", "address": "7 RUE DE CAPRI", "sales": 5, "median_price": 370000.0, "median_price_per_sqm": 9250.0, "median_rooms": 0.0, "first_sale": "2021-07-20", "last_sale": "2022-09-30"}}, {"type": "Feature", "geometry": {"type": "Point", "coordinates": [2.38821, 48.849113]}, "properties": {"id_parcelle": "75112000CS0062", "address": "230 RUE DU FBG ST ANTOINE", "sales": 5, "median_price": 455000.0, "median_price_per_sqm": 8392.156862745098, "median_rooms": 2.0, "first_sale": "2022-03-28", "last_sale": "2024-08-26"}}, {"type": "Feature", "geometry": {"type": "Point", "coordinates": [2.398068, 48.834238]}, "properties": {"id_parcelle": "75112000BR0031", "address": "4 RUE DE FECAMP", "sales": 5, "median_price": 306000.0, "median_price_per_sqm": 9000.0, "median_rooms": 2.0, "first_sale": "2021-02-17", "last_sale": "2025-07-01"}}, {"type": "Feature", "geometry": {"type": "Point", "coordinates": [2.387068, 48.847603]}, "properties": {"id_parcelle": "75112000CS0048", "address": "79 BD DIDEROT", "sales": 5, "median_price": 460000.0, "median_price_per_sqm": 10471.111111111111, "median_rooms": 2.0, "first_sale": "2021-03-08", "last_sale": "2024-04-15"}}, {"type": "Feature", "geometry": {"type": "Point", "coordinates": [2.388436, 48.8486]}, "properties": {"id_parcelle": "75112000CS0036", "address": "27 RUE CLAUDE TILLIER", "sales": 5, "median_price": 72000.0, "median_price_per_sqm": 4153.571428571428, "median_rooms": 2.0, "first_sale": "2022-03-24", "last_sale": "2025-09-19"}}, {"type": "Feature", "geometry": {"type": "Point", "coordinates": [2.401998, 48.836775]}, "properties": {"id_parcelle": "75112000BP0061", "address": "68 RUE DE FECAMP", "sales": 5, "median_price": 432630.0, "median_price_per_sqm": 9204.893617021276, "median_rooms": 0.0, "first_sale": "2022-06-13", "last_sale": "2025-08-01"}}, {"type": "Feature", "geometry": {"type": "Point", "coordinates": [2.388119, 48.84394]}, "properties": {"id_parcelle": "75112000CV0031", "address": "4 PAS MONTGALLET", "sales": 5, "median_price": 389000.0, "median_price_per_sqm": 9500.0, "median_rooms": 0.0, "first_sale": "2022-05-17", "last_sale": "2024-10-23"}}, {"type": "Feature", "geometry": {"type": "Point", "coordinates": [2.383919, 48.844836]}, "properties": {"id_parcelle": "75112000CV0002", "address": "2 RUE ERARD", "sales": 5, "median_price": 200000.0, "median_price_per_sqm": 10529.411764705883, "median_rooms": 0.0, "first_sale": "2022-09-19", "last_sale": "2025-10-31"}}, {"type": "Feature", "geometry": {"type": "Point", "coordinates": [2.402639, 48.84555]}, "properties": {"id_parcelle": "75112000AA0051", "address": "5 RUE MARSOULAN", "sales": 5, "median_price": 759200.0, "median_price_per_sqm": 9936.842105263157, "median_rooms": 0.0, "first_sale": "2023-08-10", "last_sale": "2025-06-06"}}, {"type": "Feature", "geometry": {"type": "Point", "coordinates": [2.40016, 48.847462]}, "properties": {"id_parcelle": "75112000AA0009", "address": "12 CRS DE VINCENNES", "sales": 5, "median_price": 516060.0, "median_price_per_sqm": 7812.5, "median_rooms": 0.0, "first_sale": "2023-07-27", "last_sale": "2024-03-28"}}, {"type": "Feature", "geometry": {"type": "Point", "coordinates": [2.398414, 48.838941]}, "properties": {"id_parcelle": "75112000BY0079", "address": "207 AV DAUMESNIL", "sales": 4, "median_price": 498350.0, "median_price_per_sqm": 10603.191489361703, "median_rooms": 1.0, "first_sale": "2022-09-07", "last_sale": "2023-03-09"}}, {"type": "Feature", "geometry": {"type": "Point", "coordinates": [2.397671, 48.839281]}, "properties": {"id_parcelle": "75112000BY0069", "address": "58 BD DE REUILLY", "sales": 4, "median_price": 580875.0, "median_price_per_sqm": 11066.88596491228, "median_rooms": 1.5, "first_sale": "2023-01-26", "last_sale": "2025-06-30"}}, {"type": "Feature", "geometry": {"type": "Point", "coordinates": [2.384039, 48.846649]}, "properties": {"id_parcelle": "75112000CT0004", "address": "22 RUE CHALIGNY", "sales": 4, "median_price": 517425.0, "median_price_per_sqm": 12212.142857142857, "median_rooms": 1.0, "first_sale": "2022-04-13", "last_sale": "2024-05-23"}}, {"type": "Feature", "geometry": {"type": "Point", "coordinates": [2.384011, 48.846828]}, "properties": {"id_parcelle": "75112000CT0001", "address": "24 RUE CHALIGNY", "sales": 4, "median_price": 198040.0, "median_price_per_sqm": 8251.666666666666, "median_rooms": 1.0, "first_sale": "2021-05-06", "last_sale": "2024-06-26"}}, {"type": "Feature", "geometry": {"type": "Point", "coordinates": [2.403229, 48.845399]}, "properties": {"id_parcelle": "75112000AB0071", "address": "8 RUE MARSOULAN", "sales": 4, "median_price": 560000.0, "median_price_per_sqm": 9464.285714285714, "median_rooms": 1.0, "first_sale": "2022-06-24", "last_sale": "2022-11-04"}}, {"type": "Feature", "geometry": {"type": "Point", "coordinates": [2.396284, 48.840041]}, "properties": {"id_parcelle": "75112000CA0019", "address": "7 PL FELIX EBOUE", "sales": 4, "median_price": 18000.0, "median_price_per_sqm": 10020.61855670103, "median_rooms": 0.0, "first_sale": "2022-06-09", "last_sale": "2023-05-30"}}, {"type": "Feature", "geometry": {"type": "Point", "coordinates": [2.393536, 48.839053]}, "properties": {"id_parcelle": "75112000CB0051", "address": "38 BD DE REUILLY", "sales": 4, "median_price": 283781.0, "median_price_per_sqm": 8582.48, "median_rooms": 0.0, "first_sale": "2022-05-12", "last_sale": "2022-06-28"}}, {"type": "Feature", "geometry": {"type": "Point", "coordinates": [2.391259, 48.837568]}, "properties": {"id_parcelle": "75112000CB0073", "address": "237 RUE DE CHARENTON", "sales": 4, "median_price": 825630.0, "median_price_per_sqm": 9947.349397590362, "median_rooms": 2.0, "first_sale": "2021-07-29", "last_sale": "2021-09-28"}}, {"type": "Feature", "geometry": {"type": "Point", "coordinates": [2.38167, 48.845403]}, "properties": {"id_parcelle": "75112000HA0037", "address": "4 AV DE CORBERA", "sales": 4, "median_price": 398950.0, "median_price_per_sqm": 10244.610969387755, "median_rooms": 1.0, "first_sale": "2023-03-21", "last_sale": "2024-03-29"}}, {"type": "Feature", "geometry": {"type": "Point", "coordinates": [2.400712, 48.846546]}, "properties": {"id_parcelle": "75112000AA0073", "address": "92 BD DE PICPUS", "sales": 4, "median_price": 430500.0, "median_price_per_sqm": 10649.35064935065, "median_rooms": 0.0, "first_sale": "2021-04-21", "last_sale": "2025-09-25"}}, {"type": "Feature", "geometry": {"type": "Point", "coordinates": [2.405878, 48.846967]}, "properties": {"id_parcelle": "75112000AB0020", "address": "78 CRS DE VINCENNES", "sales": 4, "median_price": 434553.0, "median_price_per_sqm": 10155.70842572062, "median_rooms": 1.0, "first_sale": "2021-10-01", "last_sale": "2025-12-16"}}, {"type": "Feature", "geometry": {"type": "Point", "coordinates": [2.405405, 48.845434]}, "properties": {"id_parcelle": "75112000AB0049", "address": "63 AV DU DOC ARNOLD NETTER", "sales": 4, "median_price": 29750.0, "median_price_per_sqm": null, "median_rooms": 0.0, "first_sale": "2022-03-14", "last_sale": "2025-11-26"}}, {"type": "Feature", "geometry": {"type": "Point", "coordinates": [2.391335, 48.839625]}, "properties": {"id_parcelle": "75112000CB0011", "address": "14 RUE DUGOMMIER", "sales": 4, "median_price": 244461.5, "median_price_per_sqm": 7322.362745098038, "median_rooms": 1.0, "first_sale": "2024-10-09", "last_sale": "2024-11-18"}}, {"type": "Feature", "geometry": {"type": "Point", "coordinates": [2.379223, 48.845101]}, "properties": {"id_parcelle": "75112000HB0115", "address": "26 PAS RAGUINOT", "sales": 4, "median_price": 242500.0, "median_price_per_sqm": 9531.25, "median_rooms": 2.0, "first_sale": "2022-04-14", "last_sale": "2024-11-12"}}, {"type": "Feature", "geometry": {"type": "Point", "coordinates": [2.400059, 48.836233]}, "properties": {"id_parcelle": "75112000BX0043", "address": "1 RUE EDOUARD ROBERT", "sales": 4, "median_price": 300000.0, "median_price_per_sqm": 12000.0, "median_rooms": 0.5, "first_sale": "2023-08-10", "last_sale": "2024-06-11"}}, {"type": "Feature", "geometry": {"type": "Point", "coordinates": [2.401307, 48.845424]}, "properties": {"id_parcelle": "75112000CL0082", "address": "53 BD DE PICPUS", "sales": 4, "median_price": 565150.0, "median_price_per_sqm": 10352.159244264509, "median_rooms": 1.5, "first_sale": "2022-05-20", "last_sale": "2023-02-20"}}, {"type": "Feature", "geometry": {"type": "Point", "coordinates": [2.372623, 48.846915]}, "properties": {"id_parcelle": "75112000EN0097", "address": "1 RUE PARROT", "sales": 4, "median_price": 532360.0, "median_price_per_sqm": 9943.829787234043, "median_rooms": 1.0, "first_sale": "2023-02-17", "last_sale": "2023-10-31"}}, {"type": "Feature", "geometry": {"type": "Point", "coordinates": [2.373033, 48.847026]}, "properties": {"id_parcelle": "75112000EN0100", "address": "5 RUE PARROT", "sales": 4, "median_price": 315000.0, "median_price_per_sqm": 9528.301886792453, "median_rooms": 0.5, "first_sale": "2024-06-14", "last_sale": "2025-03-21"}}, {"type": "Feature", "geometry": {"type": "Point", "coordinates": [2.374918, 48.847252]}, "properties": {"id_parcelle": "75112000EN0108", "address": "30 AV DAUMESNIL", "sales": 4, "median_price": 182500.0, "median_price_per_sqm": 10200.534759358288, "median_rooms": 0.5, "first_sale": "2022-01-25", "last_sale": "2024-04-26"}}, {"type": "Feature", "geometry": {"type": "Point", "coordinates": [2.374801, 48.847292]}, "properties": {"id_parcelle": "75112000EN0109", "address": "30 AV DAUMESNIL", "sales": 4, "median_price": 1050000.0, "median_price_per_sqm": 10500.0, "median_rooms": 3.5, "first_sale": "2021-03-16", "last_sale": "2022-11-08"}}, {"type": "Feature", "geometry": {"type": "Point", "coordinates": [2.374478, 48.847403]}, "properties": {"id_parcelle": "75112000EN0111", "address": "28 AV DAUMESNIL", "sales": 4, "median_price": 731000.0, "median_price_per_sqm": 10505.458047945205, "median_rooms": 0.0, "first_sale": "2022-06-08", "last_sale": "2024-10-21"}}, {"type": "Feature", "geometry": {"type": "Point", "coordinates": [2.378024, 48.849623]}, "properties": {"id_parcelle": "75112000EX0029", "address": "14 RUE DE COTTE", "sales": 4, "median_price": 310000.0, "median_price_per_sqm": 10000.0, "median_rooms": 2.0, "first_sale": "2021-09-29", "last_sale": "2024-10-28"}}, {"type": "Feature", "geometry": {"type": "Point", "coordinates": [2.398908, 48.836018]}, "properties": {"id_parcelle": "75112000BP0015", "address": "12 RUE DE CAPRI", "sales": 4, "median_price": 546000.0, "median_price_per_sqm": 10317.663817663819, "median_rooms": 1.5, "first_sale": "2021-07-29", "last_sale": "2022-02-15"}}, {"type": "Feature", "geometry": {"type": "Point", "coordinates": [2.400123, 48.833759]}, "properties": {"id_parcelle": "75112000BN0015", "address": "36 AV DU GAL MICHEL BIZOT", "sales": 4, "median_price": 332905.64, "median_price_per_sqm": 8149.076888888889, "median_rooms": 1.0, "first_sale": "2021-06-18", "last_sale": "2024-05-06"}}, {"type": "Feature", "geometry": {"type": "Point", "coordinates": [2.400588, 48.834236]}, "properties": {"id_parcelle": "75112000BN0021", "address": "44 AV DU GAL MICHEL BIZOT", "sales": 4, "median_price": 340500.0, "median_price_per_sqm": 8730.76923076923, "median_rooms": 1.0, "first_sale": "2023-08-08", "last_sale": "2025-03-27"}}, {"type": "Feature", "geometry": {"type": "Point", "coordinates": [2.390362, 48.840217]}, "properties": {"id_parcelle": "75112000CC0047", "address": "11 RUE DUBRUNFAUT", "sales": 4, "median_price": 290000.0, "median_price_per_sqm": 9686.046511627908, "median_rooms": 1.0, "first_sale": "2024-07-02", "last_sale": "2024-12-19"}}, {"type": "Feature", "geometry": {"type": "Point", "coordinates": [2.385942, 48.848994]}, "properties": {"id_parcelle": "75112000CS0013", "address": "15 RUE DE REUILLY", "sales": 4, "median_price": 288100.0, "median_price_per_sqm": 12727.272727272728, "median_rooms": 1.0, "first_sale": "2021-07-27", "last_sale": "2025-06-16"}}, {"type": "Feature", "geometry": {"type": "Point", "coordinates": [2.400077, 48.840277]}, "properties": {"id_parcelle": "75112000BY0056", "address": "3 BD DE PICPUS", "sales": 4, "median_price": 453500.0, "median_price_per_sqm": 10059.577677224737, "median_rooms": 1.0, "first_sale": "2022-10-28", "last_sale": "2023-07-06"}}, {"type": "Feature", "geometry": {"type": "Point", "coordinates": [2.399914, 48.840255]}, "properties": {"id_parcelle": "75112000BY0057", "address": "87 RUE DE PICPUS", "sales": 4, "median_price": 46500.0, "median_price_per_sqm": 9966.666666666666, "median_rooms": 0.5, "first_sale": "2021-12-21", "last_sale": "2024-06-18"}}, {"type": "Feature", "geometry": {"type": "Point", "coordinates": [2.399952, 48.840146]}, "properties": {"id_parcelle": "75112000BY0058", "address": "89 RUE DE PICPUS", "sales": 4, "median_price": 361669.0, "median_price_per_sqm": 9898.711711711712, "median_rooms": 1.0, "first_sale": "2021-07-15", "last_sale": "2023-09-15"}}, {"type": "Feature", "geometry": {"type": "Point", "coordinates": [2.398396, 48.839237]}, "properties": {"id_parcelle": "75112000BY0067", "address": "64 BD DE REUILLY", "sales": 4, "median_price": 521500.0, "median_price_per_sqm": 11651.315789473683, "median_rooms": 1.0, "first_sale": "2022-05-24", "last_sale": "2023-03-15"}}, {"type": "Feature", "geometry": {"type": "Point", "coordinates": [2.404826, 48.843567]}, "properties": {"id_parcelle": "75112000AC0083", "address": "39 AV DU DOC ARNOLD NETTER", "sales": 4, "median_price": 758944.0, "median_price_per_sqm": 10689.352112676057, "median_rooms": 0.0, "first_sale": "2022-08-05", "last_sale": "2022-08-05"}}, {"type": "Feature", "geometry": {"type": "Point", "coordinates": [2.388763, 48.84018]}, "properties": {"id_parcelle": "75112000CC0006", "address": "193 RUE DE CHARENTON", "sales": 4, "median_price": 560000.0, "median_price_per_sqm": 10197.916666666666, "median_rooms": 2.0, "first_sale": "2022-07-07", "last_sale": "2025-07-17"}}, {"type": "Feature", "geometry": {"type": "Point", "coordinates": [2.391911, 48.84021]}, "properties": {"id_parcelle": "75112000CC0038", "address": "23 RUE DUGOMMIER", "sales": 4, "median_price": 418867.0, "median_price_per_sqm": 10333.333333333334, "median_rooms": 2.0, "first_sale": "2021-05-18", "last_sale": "2021-12-07"}}, {"type": "Feature", "geometry": {"type": "Point", "coordinates": [2.399849, 48.845796]}, "properties": {"id_parcelle": "75112000CL0066", "address": "5 VLA DE SAINT MANDE", "sales": 4, "median_price": 598500.0, "median_price_per_sqm": 10977.777777777777, "median_rooms": 1.5, "first_sale": "2021-09-27", "last_sale": "2023-10-25"}}, {"type": "Feature", "geometry": {"type": "Point", "coordinates": [2.405192, 48.844335]}, "properties": {"id_parcelle": "75112000AC0019", "address": "82 AV DE SAINT-MANDE", "sales": 4, "median_price": 301862.0, "median_price_per_sqm": 11333.333333333334, "median_rooms": 2.0, "first_sale": "2022-06-14", "last_sale": "2024-05-06"}}, {"type": "Feature", "geometry": {"type": "Point", "coordinates": [2.398516, 48.839979]}, "properties": {"id_parcelle": "75112000BY0039", "address": "6 RUE DU DOCTEUR GOUJON", "sales": 4, "median_price": 562500.0, "median_price_per_sqm": 10070.97288676236, "median_rooms": 1.5, "first_sale": "2025-01-10", "last_sale": "2025-05-19"}}, {"type": "Feature", "geometry": {"type": "Point", "coordinates": [2.37835, 48.85061]}, "properties": {"id_parcelle": "75112000EX0005", "address": "37 RUE DE COTTE", "sales": 4, "median_price": 866100.0, "median_price_per_sqm": 11118.421052631578, "median_rooms": 2.0, "first_sale": "2021-09-24", "last_sale": "2024-07-04"}}, {"type": "Feature", "geometry": {"type": "Point", "coordinates": [2.377535, 48.85003]}, "properties": {"id_parcelle": "75112000EX0014", "address": "26 RUE CHARLES BAUDELAIRE", "sales": 4, "median_price": 555300.0, "median_price_per_sqm": 9530.999435347261, "median_rooms": 1.5, "first_sale": "2023-05-25", "last_sale": "2025-06-05"}}, {"type": "Feature", "geometry": {"type": "Point", "coordinates": [2.408358, 48.846243]}, "properties": {"id_parcelle": "75112000AI0122", "address": "1 IMP CANART", "sales": 4, "median_price": 302750.0, "median_price_per_sqm": 5061.580882352941, "median_rooms": 0.5, "first_sale": "2022-06-22", "last_sale": "2022-11-08"}}, {"type": "Feature", "geometry": {"type": "Point", "coordinates": [2.400193, 48.846107]}, "properties": {"id_parcelle": "75112000CL0071", "address": "12 VLA DE SAINT MANDE", "sales": 4, "median_price": 422500.0, "median_price_per_sqm": 10217.83625730994, "median_rooms": 1.0, "first_sale": "2022-03-11", "last_sale": "2024-10-08"}}, {"type": "Feature", "geometry": {"type": "Point", "coordinates": [2.406424, 48.84692]}, "properties": {"id_parcelle": "75112000AI0001", "address": "82 AV DU DOC ARNOLD NETTER", "sales": 4, "median_price": 332910.0, "median_price_per_sqm": 8600.0, "median_rooms": 2.0, "first_sale": "2021-01-29", "last_sale": "2024-01-16"}}, {"type": "Feature", "geometry": {"type": "Point", "coordinates": [2.399033, 48.846121]}, "properties": {"id_parcelle": "75112000CL0045", "address": "12 RUE DES COLONNES DU TRONE", "sales": 4, "median_price": 2473500.0, "median_price_per_sqm": 26011.0119047619, "median_rooms": 0.0, "first_sale": "2023-11-29", "last_sale": "2023-11-29"}}, {"type": "Feature", "geometry": {"type": "Point", "coordinates": [2.398861, 48.846244]}, "properties": {"id_parcelle": "75112000CL0046", "address": "14 RUE DES COLONNES DU TRONE", "sales": 4, "median_price": 667250.0, "median_price_per_sqm": 10706.746031746032, "median_rooms": 1.0, "first_sale": "2022-04-15", "last_sale": "2022-08-31"}}, {"type": "Feature", "geometry": {"type": "Point", "coordinates": [2.399855, 48.845667]}, "properties": {"id_parcelle": "75112000CL0065", "address": "3 VLA DE SAINT MANDE", "sales": 4, "median_price": 2020450.0, "median_price_per_sqm": 48105.95238095238, "median_rooms": 2.0, "first_sale": "2021-04-09", "last_sale": "2021-04-09"}}, {"type": "Feature", "geometry": {"type": "Point", "coordinates": [2.399735, 48.838435]}, "properties": {"id_parcelle": "75112000BY0104", "address": "4 RUE SIDI BRAHIM", "sales": 4, "median_price": 406500.0, "median_price_per_sqm": 8769.23076923077, "median_rooms": 1.0, "first_sale": "2024-03-21", "last_sale": "2025-07-18"}}, {"type": "Feature", "geometry": {"type": "Point", "coordinates": [2.392912, 48.836149]}, "properties": {"id_parcelle": "75112000BS0063", "address": "8 RUE DE LA BRECHE AUX LOUPS", "sales": 4, "median_price": 455000.0, "median_price_per_sqm": 7055.052790346908, "median_rooms": 1.0, "first_sale": "2022-11-15", "last_sale": "2023-10-19"}}, {"type": "Feature", "geometry": {"type": "Point", "coordinates": [2.39753, 48.83492]}, "properties": {"id_parcelle": "75112000BR0069", "address": "8 RUE DE MADAGASCAR", "sales": 4, "median_price": 294345.0, "median_price_per_sqm": 9819.232142857143, "median_rooms": 1.0, "first_sale": "2022-06-16", "last_sale": "2025-10-15"}}, {"type": "Feature", "geometry": {"type": "Point", "coordinates": [2.395515, 48.835874]}, "properties": {"id_parcelle": "75112000BS0016", "address": "34 RUE DE WATTIGNIES", "sales": 4, "median_price": 295000.0, "median_price_per_sqm": 9750.0, "median_rooms": 1.0, "first_sale": "2021-01-25", "last_sale": "2025-10-27"}}, {"type": "Feature", "geometry": {"type": "Point", "coordinates": [2.38959, 48.837682]}, "properties": {"id_parcelle": "75112000DD0022", "address": "46 RUE CORIOLIS", "sales": 4, "median_price": 204500.0, "median_price_per_sqm": 8180.0, "median_rooms": 0.5, "first_sale": "2022-05-04", "last_sale": "2022-05-10"}}, {"type": "Feature", "geometry": {"type": "Point", "coordinates": [2.404982, 48.834909]}, "properties": {"id_parcelle": "75112000AX0080", "address": "3 RUE ERNEST LACOSTE", "sales": 4, "median_price": 262160.0, "median_price_per_sqm": 10416.666666666666, "median_rooms": 1.5, "first_sale": "2022-02-08", "last_sale": "2025-06-27"}}, {"type": "Feature", "geometry": {"type": "Point", "coordinates": [2.404501, 48.834645]}, "properties": {"id_parcelle": "75112000AX0083", "address": "101 BD PONIATOWSKI", "sales": 4, "median_price": 425500.0, "median_price_per_sqm": 9780.86112493778, "median_rooms": 1.0, "first_sale": "2021-09-14", "last_sale": "2024-09-03"}}, {"type": "Feature", "geometry": {"type": "Point", "coordinates": [2.386997, 48.84299]}, "properties": {"id_parcelle": "75112000CE0028", "address": "12 RUE MONTGALLET", "sales": 4, "median_price": 220500.0, "median_price_per_sqm": 4761.9047619047615, "median_rooms": 1.0, "first_sale": "2021-02-23", "last_sale": "2022-07-11"}}, {"type": "Feature", "geometry": {"type": "Point", "coordinates": [2.387384, 48.843165]}, "properties": {"id_parcelle": "75112000CE0031", "address": "18 RUE MONTGALLET", "sales": 4, "median_price": 327500.0, "median_price_per_sqm": 9924.242424242424, "median_rooms": 1.0, "first_sale": "2023-07-07", "last_sale": "2025-03-27"}}, {"type": "Feature", "geometry": {"type": "Point", "coordinates": [2.399171, 48.840334]}, "properties": {"id_parcelle": "75112000BY0033", "address": "16 RUE DU DOCTEUR GOUJON", "sales": 4, "median_price": 245750.0, "median_price_per_sqm": 8642.857142857143, "median_rooms": 1.5, "first_sale": "2022-06-30", "last_sale": "2025-12-16"}}, {"type": "Feature", "geometry": {"type": "Point", "coordinates": [2.398831, 48.840087]}, "properties": {"id_parcelle": "75112000BY0037", "address": "10 RUE DU DOCTEUR GOUJON", "sales": 4, "median_price": 258638.0, "median_price_per_sqm": 10428.57142857143, "median_rooms": 1.5, "first_sale": "2021-04-15", "last_sale": "2023-02-04"}}, {"type": "Feature", "geometry": {"type": "Point", "coordinates": [2.384675, 48.846164]}, "properties": {"id_parcelle": "75112000CT0023", "address": "13 RUE ERARD", "sales": 4, "median_price": 26250.0, "median_price_per_sqm": 10166.666666666666, "median_rooms": 0.0, "first_sale": "2021-10-21", "last_sale": "2023-03-07"}}, {"type": "Feature", "geometry": {"type": "Point", "coordinates": [2.38746, 48.843968]}, "properties": {"id_parcelle": "75112000CE0017", "address": "8 RUE EBELMEN", "sales": 4, "median_price": 280620.0, "median_price_per_sqm": 10441.176470588236, "median_rooms": 2.0, "first_sale": "2021-01-08", "last_sale": "2022-08-29"}}, {"type": "Feature", "geometry": {"type": "Point", "coordinates": [2.387587, 48.84386]}, "properties": {"id_parcelle": "75112000CE0018", "address": "6 RUE EBELMEN", "sales": 4, "median_price": 322500.0, "median_price_per_sqm": 11095.238095238095, "median_rooms": 1.0, "first_sale": "2022-08-26", "last_sale": "2022-09-14"}}, {"type": "Feature", "geometry": {"type": "Point", "coordinates": [2.386775, 48.842887]}, "properties": {"id_parcelle": "75112000CE0026", "address": "10 RUE MONTGALLET", "sales": 4, "median_price": 389250.0, "median_price_per_sqm": 9400.862068965518, "median_rooms": 1.0, "first_sale": "2021-10-12", "last_sale": "2023-06-09"}}, {"type": "Feature", "geometry": {"type": "Point", "coordinates": [2.375634, 48.84688]}, "properties": {"id_parcelle": "75112000EW0060", "address": "32 AV DAUMESNIL", "sales": 4, "median_price": 208000.0, "median_price_per_sqm": 9136.111111111111, "median_rooms": 0.5, "first_sale": "2022-12-16", "last_sale": "2024-11-29"}}, {"type": "Feature", "geometry": {"type": "Point", "coordinates": [2.374886, 48.846241]}, "properties": {"id_parcelle": "75112000EW0068", "address": "2 RUE ABEL", "sales": 4, "median_price": 1247500.0, "median_price_per_sqm": 8372.48322147651, "median_rooms": 3.0, "first_sale": "2021-06-29", "last_sale": "2021-10-13"}}, {"type": "Feature", "geometry": {"type": "Point", "coordinates": [2.388035, 48.839496]}, "properties": {"id_parcelle": "75112000DA0025", "address": "4 RUE DU CHAROLAIS", "sales": 4, "median_price": 225000.0, "median_price_per_sqm": 9000.0, "median_rooms": 1.5, "first_sale": "2021-07-08", "last_sale": "2023-10-17"}}, {"type": "Feature", "geometry": {"type": "Point", "coordinates": [2.384262, 48.846644]}, "properties": {"id_parcelle": "75112000CT0005", "address": "90 BD DIDEROT", "sales": 4, "median_price": 190000.0, "median_price_per_sqm": 10106.43115942029, "median_rooms": 0.5, "first_sale": "2022-08-29", "last_sale": "2022-10-17"}}, {"type": "Feature", "geometry": {"type": "Point", "coordinates": [2.402922, 48.840497]}, "properties": {"id_parcelle": "75112000AR0005", "address": "7 RUE MESSIDOR", "sales": 4, "median_price": 498100.0, "median_price_per_sqm": 9183.005366726298, "median_rooms": 1.0, "first_sale": "2021-09-28", "last_sale": "2023-06-28"}}, {"type": "Feature", "geometry": {"type": "Point", "coordinates": [2.403388, 48.839876]}, "properties": {"id_parcelle": "75112000AR0014", "address": "29 RUE LOUIS BRAILLE", "sales": 4, "median_price": 374000.0, "median_price_per_sqm": 6619.047619047619, "median_rooms": 1.5, "first_sale": "2023-10-05", "last_sale": "2024-09-11"}}, {"type": "Feature", "geometry": {"type": "Point", "coordinates": [2.373288, 48.847358]}, "properties": {"id_parcelle": "75112000EN0092", "address": "26 RUE TRAVERSIERE", "sales": 4, "median_price": 795000.0, "median_price_per_sqm": 10600.0, "median_rooms": 2.0, "first_sale": "2022-09-12", "last_sale": "2022-10-21"}}, {"type": "Feature", "geometry": {"type": "Point", "coordinates": [2.373103, 48.847213]}, "properties": {"id_parcelle": "75112000EN0094", "address": "26 RUE TRAVERSIERE", "sales": 4, "median_price": 421000.0, "median_price_per_sqm": 10555.555555555555, "median_rooms": 0.0, "first_sale": "2022-12-09", "last_sale": "2024-08-22"}}, {"type": "Feature", "geometry": {"type": "Point", "coordinates": [2.375326, 48.84893]}, "properties": {"id_parcelle": "75112000ET0045", "address": "87 RUE DE CHARENTON", "sales": 4, "median_price": 410000.0, "median_price_per_sqm": 11714.285714285714, "median_rooms": 1.0, "first_sale": "2024-09-24", "last_sale": "2025-03-31"}}, {"type": "Feature", "geometry": {"type": "Point", "coordinates": [2.374318, 48.851171]}, "properties": {"id_parcelle": "75112000ER0072", "address": "15 RUE SAINT NICOLAS", "sales": 4, "median_price": 3675000.0, "median_price_per_sqm": 24637.08155503295, "median_rooms": 1.5, "first_sale": "2022-05-20", "last_sale": "2024-04-29"}}, {"type": "Feature", "geometry": {"type": "Point", "coordinates": [2.374186, 48.851052]}, "properties": {"id_parcelle": "75112000ER0074", "address": "11 RUE SAINT NICOLAS", "sales": 4, "median_price": 226000.0, "median_price_per_sqm": 10947.368421052632, "median_rooms": 0.5, "first_sale": "2021-10-01", "last_sale": "2023-06-02"}}, {"type": "Feature", "geometry": {"type": "Point", "coordinates": [2.373588, 48.851376]}, "properties": {"id_parcelle": "75112000ER0114", "address": "16 PAS DU CHANTIER", "sales": 4, "median_price": 203662.5, "median_price_per_sqm": 11304.013377926422, "median_rooms": 1.0, "first_sale": "2021-05-06", "last_sale": "2025-05-12"}}, {"type": "Feature", "geometry": {"type": "Point", "coordinates": [2.399594, 48.836531]}, "properties": {"id_parcelle": "75112000BX0049", "address": "7 RUE EDOUARD ROBERT", "sales": 4, "median_price": 243350.0, "median_price_per_sqm": 8190.378197997776, "median_rooms": 0.5, "first_sale": "2023-06-09", "last_sale": "2024-02-23"}}, {"type": "Feature", "geometry": {"type": "Point", "coordinates": [2.374378, 48.850481]}, "properties": {"id_parcelle": "75112000ET0008", "address": "10 RUE SAINT NICOLAS", "sales": 4, "median_price": 948235.5, "median_price_per_sqm": 7493.445859872611, "median_rooms": 0.0, "first_sale": "2022-06-28", "last_sale": "2023-03-10"}}, {"type": "Feature", "geometry": {"type": "Point", "coordinates": [2.407804, 48.84674]}, "properties": {"id_parcelle": "75112000AI0033", "address": "94 CRS DE VINCENNES", "sales": 4, "median_price": 544000.0, "median_price_per_sqm": 8660.397074190178, "median_rooms": 1.5, "first_sale": "2021-07-20", "last_sale": "2024-09-09"}}, {"type": "Feature", "geometry": {"type": "Point", "coordinates": [2.408665, 48.84671]}, "properties": {"id_parcelle": "75112000AI0039", "address": "47 RUE DE LA VOUTE", "sales": 4, "median_price": 350000.0, "median_price_per_sqm": 7682.692307692308, "median_rooms": 1.0, "first_sale": "2025-03-11", "last_sale": "2025-11-24"}}, {"type": "Feature", "geometry": {"type": "Point", "coordinates": [2.40135, 48.844215]}, "properties": {"id_parcelle": "75112000CK0014", "address": "43 BD DE PICPUS", "sales": 4, "median_price": 18680000.0, "median_price_per_sqm": 136208.3333333333, "median_rooms": 0.5, "first_sale": "2023-09-18", "last_sale": "2023-09-18"}}, {"type": "Feature", "geometry": {"type": "Point", "coordinates": [2.37162, 48.848765]}, "properties": {"id_parcelle": "75112000EN0006", "address": "6 AV DAUMESNIL", "sales": 4, "median_price": 594050.0, "median_price_per_sqm": 11023.684210526317, "median_rooms": 1.5, "first_sale": "2022-09-15", "last_sale": "2025-05-06"}}, {"type": "Feature", "geometry": {"type": "Point", "coordinates": [2.371831, 48.848646]}, "properties": {"id_parcelle": "75112000EN0009", "address": "10 AV DAUMESNIL", "sales": 4, "median_price": 330000.0, "median_price_per_sqm": 9465.51724137931, "median_rooms": 0.5, "first_sale": "2021-02-26", "last_sale": "2025-05-23"}}, {"type": "Feature", "geometry": {"type": "Point", "coordinates": [2.371846, 48.84855]}, "properties": {"id_parcelle": "75112000EN0011", "address": "53 AV LEDRU ROLLIN", "sales": 4, "median_price": 428250.0, "median_price_per_sqm": 6230.285472018089, "median_rooms": 0.5, "first_sale": "2021-07-19", "last_sale": "2025-04-28"}}, {"type": "Feature", "geometry": {"type": "Point", "coordinates": [2.390364, 48.836876]}, "properties": {"id_parcelle": "75112000DE0039", "address": "36 RUE CORIOLIS", "sales": 4, "median_price": 262500.0, "median_price_per_sqm": 7500.0, "median_rooms": 1.0, "first_sale": "2022-12-05", "last_sale": "2025-04-08"}}, {"type": "Feature", "geometry": {"type": "Point", "coordinates": [2.388004, 48.84795]}, "properties": {"id_parcelle": "75112000CR0021", "address": "12 RUE CLAUDE TILLIER", "sales": 4, "median_price": 352000.0, "median_price_per_sqm": 10353.095030514385, "median_rooms": 2.0, "first_sale": "2021-10-11", "last_sale": "2025-06-23"}}, {"type": "Feature", "geometry": {"type": "Point", "coordinates": [2.387917, 48.847865]}, "properties": {"id_parcelle": "75112000CR0022", "address": "8 RUE CLAUDE TILLIER", "sales": 4, "median_price": 1000.0, "median_price_per_sqm": 27.77777777777778, "median_rooms": 2.0, "first_sale": "2024-05-28", "last_sale": "2024-05-28"}}, {"type": "Feature", "geometry": {"type": "Point", "coordinates": [2.39047, 48.848802]}, "properties": {"id_parcelle": "75112000CR0046", "address": "250 RUE DU FBG ST ANTOINE", "sales": 4, "median_price": 554375.0, "median_price_per_sqm": 11477.272727272728, "median_rooms": 1.5, "first_sale": "2021-06-08", "last_sale": "2022-05-09"}}, {"type": "Feature", "geometry": {"type": "Point", "coordinates": [2.392664, 48.847789]}, "properties": {"id_parcelle": "75112000CP0029", "address": "168 BD DIDEROT", "sales": 4, "median_price": 158500.0, "median_price_per_sqm": 10733.333333333334, "median_rooms": 1.0, "first_sale": "2021-04-12", "last_sale": "2025-05-06"}}, {"type": "Feature", "geometry": {"type": "Point", "coordinates": [2.389422, 48.848946]}, "properties": {"id_parcelle": "75112000CR0004", "address": "242 RUE DU FBG ST ANTOINE", "sales": 4, "median_price": 409900.0, "median_price_per_sqm": 10137.5, "median_rooms": 0.0, "first_sale": "2021-06-30", "last_sale": "2024-12-04"}}, {"type": "Feature", "geometry": {"type": "Point", "coordinates": [2.389252, 48.848604]}, "properties": {"id_parcelle": "75112000CR0013", "address": "14 PAS DU GENIE", "sales": 4, "median_price": 149715.0, "median_price_per_sqm": 9357.1875, "median_rooms": 1.0, "first_sale": "2022-09-14", "last_sale": "2025-05-16"}}, {"type": "Feature", "geometry": {"type": "Point", "coordinates": [2.384446, 48.836293]}, "properties": {"id_parcelle": "75112000DZ0031", "address": "12 RUE DE POMMARD", "sales": 4, "median_price": 1071000.0, "median_price_per_sqm": 11041.237113402061, "median_rooms": 0.0, "first_sale": "2025-10-31", "last_sale": "2025-10-31"}}, {"type": "Feature", "geometry": {"type": "Point", "coordinates": [2.406242, 48.836769]}, "properties": {"id_parcelle": "75112000AT0023", "address": "5 RUE DU COLONEL OUDOT", "sales": 4, "median_price": 1020000.0, "median_price_per_sqm": 9063.818565400845, "median_rooms": 1.5, "first_sale": "2021-10-04", "last_sale": "2022-11-02"}}, {"type": "Feature", "geometry": {"type": "Point", "coordinates": [2.392221, 48.835246]}, "properties": {"id_parcelle": "75112000DE0004", "address": "4 RUE CORIOLIS", "sales": 4, "median_price": 284000.0, "median_price_per_sqm": 9090.909090909092, "median_rooms": 1.0, "first_sale": "2022-04-27", "last_sale": "2024-10-07"}}, {"type": "Feature", "geometry": {"type": "Point", "coordinates": [2.391325, 48.836878]}, "properties": {"id_parcelle": "75112000DE0019", "address": "266 RUE DE CHARENTON", "sales": 4, "median_price": 555750.0, "median_price_per_sqm": 7461.309523809525, "median_rooms": 1.5, "first_sale": "2023-01-16", "last_sale": "2025-03-06"}}, {"type": "Feature", "geometry": {"type": "Point", "coordinates": [2.404919, 48.837783]}, "properties": {"id_parcelle": "75112000AS0058", "address": "13 RUE DE LA VEGA", "sales": 4, "median_price": 239000.0, "median_price_per_sqm": 10391.304347826088, "median_rooms": 1.0, "first_sale": "2021-06-24", "last_sale": "2021-08-04"}}, {"type": "Feature", "geometry": {"type": "Point", "coordinates": [2.403826, 48.83883]}, "properties": {"id_parcelle": "75112000AS0039", "address": "101 AV DU GAL MICHEL BIZOT", "sales": 4, "median_price": 360000.0, "median_price_per_sqm": 442.10526315789474, "median_rooms": 0.0, "first_sale": "2021-03-30", "last_sale": "2023-02-27"}}, {"type": "Feature", "geometry": {"type": "Point", "coordinates": [2.369421, 48.845047]}, "properties": {"id_parcelle": "75112000EK0008", "address": "5 RUE TRAVERSIERE", "sales": 4, "median_price": 550000.0, "median_price_per_sqm": 10024.801587301587, "median_rooms": 1.5, "first_sale": "2021-06-16", "last_sale": "2022-02-21"}}, {"type": "Feature", "geometry": {"type": "Point", "coordinates": [2.37028, 48.845712]}, "properties": {"id_parcelle": "75112000EL0008", "address": "11 BD DIDEROT", "sales": 4, "median_price": 1462500.0, "median_price_per_sqm": 10796.160130718954, "median_rooms": 2.5, "first_sale": "2022-03-07", "last_sale": "2022-04-22"}}, {"type": "Feature", "geometry": {"type": "Point", "coordinates": [2.406927, 48.836843]}, "properties": {"id_parcelle": "75112000AX0045", "address": "14 RUE DU COLONEL OUDOT", "sales": 4, "median_price": 445500.0, "median_price_per_sqm": 9240.434782608696, "median_rooms": 1.5, "first_sale": "2022-04-25", "last_sale": "2023-07-07"}}, {"type": "Feature", "geometry": {"type": "Point", "coordinates": [2.388441, 48.849268]}, "properties": {"id_parcelle": "75112000CS0022", "address": "232 RUE DU FBG ST ANTOINE", "sales": 4, "median_price": 214000.0, "median_price_per_sqm": 9554.375, "median_rooms": 1.0, "first_sale": "2021-05-10", "last_sale": "2022-02-07"}}, {"type": "Feature", "geometry": {"type": "Point", "coordinates": [2.389222, 48.849214]}, "properties": {"id_parcelle": "75112000CS0030", "address": "238 RUE DU FAUBOURG SAINT ANTOINE", "sales": 4, "median_price": 171750.0, "median_price_per_sqm": 8812.5, "median_rooms": 1.0, "first_sale": "2024-07-10", "last_sale": "2025-09-24"}}, {"type": "Feature", "geometry": {"type": "Point", "coordinates": [2.396901, 48.834741]}, "properties": {"id_parcelle": "75112000BS0026", "address": "34 RUE DES MEUNIERS", "sales": 4, "median_price": 283500.0, "median_price_per_sqm": 8497.767857142857, "median_rooms": 1.0, "first_sale": "2021-11-05", "last_sale": "2022-07-06"}}, {"type": "Feature", "geometry": {"type": "Point", "coordinates": [2.396337, 48.834682]}, "properties": {"id_parcelle": "75112000BS0028", "address": "31 RUE DES MEUNIERS", "sales": 4, "median_price": 529000.0, "median_price_per_sqm": 9986.969696969696, "median_rooms": 1.0, "first_sale": "2021-09-10", "last_sale": "2022-02-28"}}, {"type": "Feature", "geometry": {"type": "Point", "coordinates": [2.398288, 48.837064]}, "properties": {"id_parcelle": "75112000BX0057", "address": "60 RUE CLAUDE DECAEN", "sales": 4, "median_price": 101500.0, "median_price_per_sqm": 8409.09090909091, "median_rooms": 0.0, "first_sale": "2022-07-28", "last_sale": "2023-11-13"}}, {"type": "Feature", "geometry": {"type": "Point", "coordinates": [2.39866, 48.837128]}, "properties": {"id_parcelle": "75112000BX0070", "address": "7 IMP TOURNEUX", "sales": 4, "median_price": 273350.0, "median_price_per_sqm": 10592.592592592593, "median_rooms": 2.0, "first_sale": "2021-01-20", "last_sale": "2024-01-19"}}, {"type": "Feature", "geometry": {"type": "Point", "coordinates": [2.399802, 48.840354]}, "properties": {"id_parcelle": "75112000BY0053", "address": "85 RUE DE PICPUS", "sales": 4, "median_price": 388000.0, "median_price_per_sqm": 9709.893048128342, "median_rooms": 2.0, "first_sale": "2022-04-07", "last_sale": "2024-09-27"}}, {"type": "Feature", "geometry": {"type": "Point", "coordinates": [2.390637, 48.843506]}, "properties": {"id_parcelle": "75112000CE0112", "address": "78 RUE DE REUILLY", "sales": 4, "median_price": 80600000.0, "median_price_per_sqm": 28551.186680835992, "median_rooms": 0.0, "first_sale": "2022-11-29", "last_sale": "2022-11-29"}}, {"type": "Feature", "geometry": {"type": "Point", "coordinates": [2.3949, 48.845423]}, "properties": {"id_parcelle": "75112000CH0023", "address": "28 RUE DE PICPUS", "sales": 4, "median_price": 410000.0, "median_price_per_sqm": 5887.387387387387, "median_rooms": 1.5, "first_sale": "2021-10-26", "last_sale": "2025-01-21"}}, {"type": "Feature", "geometry": {"type": "Point", "coordinates": [2.406048, 48.844224]}, "properties": {"id_parcelle": "75112000AH0004", "address": "88 AV DE SAINT-MANDE", "sales": 4, "median_price": 73500.0, "median_price_per_sqm": 6125.0, "median_rooms": 1.0, "first_sale": "2023-09-08", "last_sale": "2025-07-25"}}, {"type": "Feature", "geometry": {"type": "Point", "coordinates": [2.40658, 48.844236]}, "properties": {"id_parcelle": "75112000AH0007", "address": "35 RUE DU NIGER", "sales": 4, "median_price": 415000.0, "median_price_per_sqm": 7824.9194414607955, "median_rooms": 1.5, "first_sale": "2023-03-09", "last_sale": "2023-03-10"}}, {"type": "Feature", "geometry": {"type": "Point", "coordinates": [2.375199, 48.849033]}, "properties": {"id_parcelle": "75112000ET0048", "address": "4 RUE EMILIO CASTELAR", "sales": 4, "median_price": 399500.0, "median_price_per_sqm": 10398.448043184886, "median_rooms": 1.0, "first_sale": "2022-10-14", "last_sale": "2025-12-19"}}, {"type": "Feature", "geometry": {"type": "Point", "coordinates": [2.375575, 48.850007]}, "properties": {"id_parcelle": "75112000ET0066", "address": "62 RUE TRAVERSIERE", "sales": 4, "median_price": 414000.0, "median_price_per_sqm": 15002.84090909091, "median_rooms": 1.0, "first_sale": "2023-04-14", "last_sale": "2025-11-05"}}, {"type": "Feature", "geometry": {"type": "Point", "coordinates": [2.394719, 48.846333]}, "properties": {"id_parcelle": "75112000CM0015", "address": "21 RUE DE PICPUS", "sales": 4, "median_price": 220000.0, "median_price_per_sqm": 8800.0, "median_rooms": 1.0, "first_sale": "2021-07-06", "last_sale": "2022-03-22"}}, {"type": "Feature", "geometry": {"type": "Point", "coordinates": [2.395152, 48.84604]}, "properties": {"id_parcelle": "75112000CM0018", "address": "3 RUE FABRE D EGLANTINE", "sales": 4, "median_price": 411000.0, "median_price_per_sqm": 7277.777777777777, "median_rooms": 1.5, "first_sale": "2022-04-06", "last_sale": "2024-07-22"}}, {"type": "Feature", "geometry": {"type": "Point", "coordinates": [2.368572, 48.849009]}, "properties": {"id_parcelle": "75112000EO0008", "address": "3 RUE JULES CESAR", "sales": 4, "median_price": 406750.0, "median_price_per_sqm": 19742.85714285714, "median_rooms": 1.0, "first_sale": "2021-05-04", "last_sale": "2023-09-01"}}, {"type": "Feature", "geometry": {"type": "Point", "coordinates": [2.368705, 48.848986]}, "properties": {"id_parcelle": "75112000EO0009", "address": "5 RUE JULES CESAR", "sales": 4, "median_price": 534000.0, "median_price_per_sqm": 11361.702127659575, "median_rooms": 1.5, "first_sale": "2021-03-05", "last_sale": "2025-07-25"}}, {"type": "Feature", "geometry": {"type": "Point", "coordinates": [2.369349, 48.849337]}, "properties": {"id_parcelle": "75112000EO0013", "address": "10 RUE LACUEE", "sales": 4, "median_price": 413500.0, "median_price_per_sqm": 11007.975188303057, "median_rooms": 2.0, "first_sale": "2021-09-09", "last_sale": "2023-01-26"}}, {"type": "Feature", "geometry": {"type": "Point", "coordinates": [2.369514, 48.849359]}, "properties": {"id_parcelle": "75112000EO0014", "address": "12 RUE LACUEE", "sales": 4, "median_price": 411000.0, "median_price_per_sqm": 13111.111111111111, "median_rooms": 1.5, "first_sale": "2021-07-23", "last_sale": "2024-12-11"}}, {"type": "Feature", "geometry": {"type": "Point", "coordinates": [2.393751, 48.846487]}, "properties": {"id_parcelle": "75112000CO0064", "address": "8 RUE MARIE BENOIST", "sales": 4, "median_price": 174717.5, "median_price_per_sqm": 9983.382352941177, "median_rooms": 0.5, "first_sale": "2023-10-25", "last_sale": "2024-04-12"}}, {"type": "Feature", "geometry": {"type": "Point", "coordinates": [2.387455, 48.847174]}, "properties": {"id_parcelle": "75112000CP0004", "address": "120 BD DIDEROT", "sales": 4, "median_price": 315000.0, "median_price_per_sqm": 8888.888888888889, "median_rooms": 0.5, "first_sale": "2021-05-07", "last_sale": "2022-11-03"}}, {"type": "Feature", "geometry": {"type": "Point", "coordinates": [2.392582, 48.8366]}, "properties": {"id_parcelle": "75112000BT0049", "address": "8 RUE DE WATTIGNIES", "sales": 4, "median_price": 385000.0, "median_price_per_sqm": 13235.29411764706, "median_rooms": 0.5, "first_sale": "2021-06-18", "last_sale": "2022-12-20"}}, {"type": "Feature", "geometry": {"type": "Point", "coordinates": [2.394242, 48.839052]}, "properties": {"id_parcelle": "75112000BV0007", "address": "40 RUE TAINE", "sales": 4, "median_price": 435000.0, "median_price_per_sqm": 8656.215355208666, "median_rooms": 3.0, "first_sale": "2021-12-13", "last_sale": "2025-12-23"}}, {"type": "Feature", "geometry": {"type": "Point", "coordinates": [2.373708, 48.849884]}, "properties": {"id_parcelle": "75112000EV0017", "address": "50 RUE DE CHARENTON", "sales": 4, "median_price": 5097729.45, "median_price_per_sqm": 5629.264316261682, "median_rooms": 0.0, "first_sale": "2023-05-23", "last_sale": "2023-08-03"}}, {"type": "Feature", "geometry": {"type": "Point", "coordinates": [2.402456, 48.841874]}, "properties": {"id_parcelle": "75112000AD0060", "address": "33 RUE VICTOR CHEVREUIL", "sales": 4, "median_price": 230692.5, "median_price_per_sqm": 8614.21439628483, "median_rooms": 0.5, "first_sale": "2022-05-16", "last_sale": "2023-11-03"}}, {"type": "Feature", "geometry": {"type": "Point", "coordinates": [2.394532, 48.845593]}, "properties": {"id_parcelle": "75112000CO0051", "address": "24 RUE DE PICPUS", "sales": 4, "median_price": 986984.5, "median_price_per_sqm": 18597.489130434784, "median_rooms": 0.5, "first_sale": "2022-02-28", "last_sale": "2025-04-25"}}, {"type": "Feature", "geometry": {"type": "Point", "coordinates": [2.374449, 48.848393]}, "properties": {"id_parcelle": "75112000EV0039", "address": "32 RUE TRAVERSIERE", "sales": 4, "median_price": 315000.0, "median_price_per_sqm": 11338.636363636364, "median_rooms": 1.0, "first_sale": "2021-09-03", "last_sale": "2021-12-02"}}, {"type": "Feature", "geometry": {"type": "Point", "coordinates": [2.374763, 48.848943]}, "properties": {"id_parcelle": "75112000EV0043", "address": "40 RUE TRAVERSIERE", "sales": 4, "median_price": 553350.0, "median_price_per_sqm": 12304.5, "median_rooms": 0.5, "first_sale": "2021-11-02", "last_sale": "2023-06-19"}}, {"type": "Feature", "geometry": {"type": "Point", "coordinates": [2.375059, 48.848726]}, "properties": {"id_parcelle": "75112000EV0047", "address": "78 RUE DE CHARENTON", "sales": 4, "median_price": 300550.0, "median_price_per_sqm": 11574.193548387097, "median_rooms": 2.0, "first_sale": "2021-02-11", "last_sale": "2025-10-31"}}, {"type": "Feature", "geometry": {"type": "Point", "coordinates": [2.409343, 48.844061]}, "properties": {"id_parcelle": "75112000AH0048", "address": "102 AV DE SAINT-MANDE", "sales": 4, "median_price": 730000.0, "median_price_per_sqm": 7740.053050397878, "median_rooms": 1.5, "first_sale": "2021-09-10", "last_sale": "2022-02-02"}}, {"type": "Feature", "geometry": {"type": "Point", "coordinates": [2.374246, 48.849292]}, "properties": {"id_parcelle": "75112000EV0022", "address": "64 RUE DE CHARENTON", "sales": 4, "median_price": 244250.0, "median_price_per_sqm": 10398.55072463768, "median_rooms": 1.0, "first_sale": "2021-03-03", "last_sale": "2025-10-07"}}, {"type": "Feature", "geometry": {"type": "Point", "coordinates": [2.4091, 48.8431]}, "properties": {"id_parcelle": "75112000AH0028", "address": "7 VLA DU BEL AIR", "sales": 4, "median_price": 186000.0, "median_price_per_sqm": 8000.0, "median_rooms": 1.0, "first_sale": "2021-01-22", "last_sale": "2025-10-06"}}, {"type": "Feature", "geometry": {"type": "Point", "coordinates": [2.409519, 48.843644]}, "properties": {"id_parcelle": "75112000AH0040", "address": "1 RUE DU NIGER", "sales": 4, "median_price": 215000.0, "median_price_per_sqm": 13437.5, "median_rooms": 1.0, "first_sale": "2021-03-23", "last_sale": "2022-04-12"}}, {"type": "Feature", "geometry": {"type": "Point", "coordinates": [2.393004, 48.846635]}, "properties": {"id_parcelle": "75112000CO0033", "address": "7 RUE DORIAN", "sales": 4, "median_price": 749015.0, "median_price_per_sqm": 10277.897727272728, "median_rooms": 1.5, "first_sale": "2022-08-31", "last_sale": "2023-06-21"}}, {"type": "Feature", "geometry": {"type": "Point", "coordinates": [2.392598, 48.834968]}, "properties": {"id_parcelle": "75112000DH0003", "address": "302 RUE DE CHARENTON", "sales": 4, "median_price": 118500.0, "median_price_per_sqm": 6717.5, "median_rooms": 0.5, "first_sale": "2024-02-29", "last_sale": "2025-11-25"}}, {"type": "Feature", "geometry": {"type": "Point", "coordinates": [2.40632, 48.840913]}, "properties": {"id_parcelle": "75112000AE0045", "address": "45 RUE DU SAHEL", "sales": 4, "median_price": 516875.0, "median_price_per_sqm": 5168.75, "median_rooms": 1.5, "first_sale": "2023-08-29", "last_sale": "2025-03-11"}}, {"type": "Feature", "geometry": {"type": "Point", "coordinates": [2.405227, 48.841]}, "properties": {"id_parcelle": "75112000AE0051", "address": "35 RUE DU SAHEL", "sales": 4, "median_price": 749700.0, "median_price_per_sqm": 10638.068410462776, "median_rooms": 1.5, "first_sale": "2023-09-01", "last_sale": "2024-11-04"}}, {"type": "Feature", "geometry": {"type": "Point", "coordinates": [2.377879, 48.848172]}, "properties": {"id_parcelle": "75112000EW0010", "address": "12 RUE D ALIGRE", "sales": 4, "median_price": 215000.0, "median_price_per_sqm": 10652.173913043478, "median_rooms": 1.0, "first_sale": "2021-05-07", "last_sale": "2025-09-04"}}, {"type": "Feature", "geometry": {"type": "Point", "coordinates": [2.401023, 48.839584]}, "properties": {"id_parcelle": "75112000AR0040", "address": "6 RUE LOUIS BRAILLE", "sales": 4, "median_price": 571500.0, "median_price_per_sqm": 9525.0, "median_rooms": 1.5, "first_sale": "2022-04-13", "last_sale": "2023-05-30"}}, {"type": "Feature", "geometry": {"type": "Point", "coordinates": [2.400716, 48.839563]}, "properties": {"id_parcelle": "75112000AR0044", "address": "4 BD DE PICPUS", "sales": 4, "median_price": 569000.0, "median_price_per_sqm": 19400.0, "median_rooms": 1.0, "first_sale": "2022-06-15", "last_sale": "2025-03-28"}}, {"type": "Feature", "geometry": {"type": "Point", "coordinates": [2.401159, 48.839885]}, "properties": {"id_parcelle": "75112000AR0048", "address": "5 RUE LOUIS BRAILLE", "sales": 4, "median_price": 695748.0, "median_price_per_sqm": 25308.293650793654, "median_rooms": 1.0, "first_sale": "2022-07-12", "last_sale": "2022-07-12"}}, {"type": "Feature", "geometry": {"type": "Point", "coordinates": [2.389087, 48.845563]}, "properties": {"id_parcelle": "75112000CO0001", "address": "63 RUE DE REUILLY", "sales": 4, "median_price": 305000.0, "median_price_per_sqm": 8367.34693877551, "median_rooms": 0.0, "first_sale": "2023-07-18", "last_sale": "2025-02-12"}}, {"type": "Feature", "geometry": {"type": "Point", "coordinates": [2.392488, 48.845489]}, "properties": {"id_parcelle": "75112000CO0025", "address": "29 RUE DU SERGENT BAUCHAT", "sales": 4, "median_price": 627500.0, "median_price_per_sqm": 8838.028169014084, "median_rooms": 2.0, "first_sale": "2021-09-10", "last_sale": "2025-06-17"}}, {"type": "Feature", "geometry": {"type": "Point", "coordinates": [2.393976, 48.837659]}, "properties": {"id_parcelle": "75112000BT0027", "address": "25 RUE DE LA BRECHE AUX LOUPS", "sales": 4, "median_price": 400075.0, "median_price_per_sqm": 10651.655982905982, "median_rooms": 1.0, "first_sale": "2021-07-30", "last_sale": "2021-12-13"}}, {"type": "Feature", "geometry": {"type": "Point", "coordinates": [2.404866, 48.840298]}, "properties": {"id_parcelle": "75112000AP0002", "address": "120 AV DU GAL MICHEL BIZOT", "sales": 4, "median_price": 459000.0, "median_price_per_sqm": 9978.260869565216, "median_rooms": 1.0, "first_sale": "2022-06-02", "last_sale": "2023-08-22"}}, {"type": "Feature", "geometry": {"type": "Point", "coordinates": [2.374354, 48.84641]}, "properties": {"id_parcelle": "75112000EM0077", "address": "3 RUE ABEL", "sales": 4, "median_price": 1430000.0, "median_price_per_sqm": 10437.956204379563, "median_rooms": 2.5, "first_sale": "2021-10-08", "last_sale": "2023-05-17"}}, {"type": "Feature", "geometry": {"type": "Point", "coordinates": [2.374476, 48.8468]}, "properties": {"id_parcelle": "75112000EM0083", "address": "12 RUE PARROT", "sales": 4, "median_price": 855000.0, "median_price_per_sqm": 11160.60606060606, "median_rooms": 1.0, "first_sale": "2022-01-19", "last_sale": "2024-10-30"}}, {"type": "Feature", "geometry": {"type": "Point", "coordinates": [2.401204, 48.839588]}, "properties": {"id_parcelle": "75112000AR0039", "address": "8 RUE LOUIS BRAILLE", "sales": 4, "median_price": 467540.0, "median_price_per_sqm": 10114.727180010199, "median_rooms": 1.0, "first_sale": "2021-06-25", "last_sale": "2025-06-11"}}, {"type": "Feature", "geometry": {"type": "Point", "coordinates": [2.393995, 48.848361]}, "properties": {"id_parcelle": "75112000CN0009", "address": "143 BD DIDEROT", "sales": 4, "median_price": 356500.0, "median_price_per_sqm": 9521.739130434782, "median_rooms": 0.5, "first_sale": "2021-01-27", "last_sale": "2022-09-09"}}, {"type": "Feature", "geometry": {"type": "Point", "coordinates": [2.396129, 48.84698]}, "properties": {"id_parcelle": "75112000CN0021", "address": "18 RUE FABRE D EGLANTINE", "sales": 4, "median_price": 701835.0, "median_price_per_sqm": 12192.785714285714, "median_rooms": 1.5, "first_sale": "2022-04-08", "last_sale": "2024-10-22"}}, {"type": "Feature", "geometry": {"type": "Point", "coordinates": [2.3973, 48.847302]}, "properties": {"id_parcelle": "75112000CN0028", "address": "28 AV DU BEL AIR", "sales": 4, "median_price": 621200.0, "median_price_per_sqm": 9629.402872260016, "median_rooms": 1.5, "first_sale": "2021-04-12", "last_sale": "2023-05-09"}}, {"type": "Feature", "geometry": {"type": "Point", "coordinates": [2.398117, 48.838339]}, "properties": {"id_parcelle": "75112000BV0043", "address": "188 AV DAUMESNIL", "sales": 4, "median_price": 430000.0, "median_price_per_sqm": 9238.0, "median_rooms": 1.0, "first_sale": "2024-09-20", "last_sale": "2025-07-31"}}, {"type": "Feature", "geometry": {"type": "Point", "coordinates": [2.396326, 48.836075]}, "properties": {"id_parcelle": "75112000BW0005", "address": "43 RUE DE WATTIGNIES", "sales": 4, "median_price": 345000.0, "median_price_per_sqm": 9210.526315789473, "median_rooms": 1.5, "first_sale": "2021-04-30", "last_sale": "2024-09-30"}}, {"type": "Feature", "geometry": {"type": "Point", "coordinates": [2.369912, 48.846717]}, "properties": {"id_parcelle": "75112000EN0035", "address": "234 RUE DE BERCY", "sales": 4, "median_price": 3541800.0, "median_price_per_sqm": 106439.11149825784, "median_rooms": 0.5, "first_sale": "2021-10-15", "last_sale": "2021-10-15"}}, {"type": "Feature", "geometry": {"type": "Point", "coordinates": [2.373879, 48.848361]}, "properties": {"id_parcelle": "75112000EV0037", "address": "53 RUE TRAVERSIERE", "sales": 4, "median_price": 272000.0, "median_price_per_sqm": 9444.444444444445, "median_rooms": 2.0, "first_sale": "2024-03-22", "last_sale": "2024-12-20"}}, {"type": "Feature", "geometry": {"type": "Point", "coordinates": [2.392987, 48.83556]}, "properties": {"id_parcelle": "75112000BS0056", "address": "9 RUE NICOLAI", "sales": 4, "median_price": 313000.0, "median_price_per_sqm": 7426.713947990544, "median_rooms": 1.0, "first_sale": "2021-07-29", "last_sale": "2023-04-21"}}, {"type": "Feature", "geometry": {"type": "Point", "coordinates": [2.385454, 48.84341]}, "properties": {"id_parcelle": "75112000CV0103", "address": "179 RUE DE CHARENTON", "sales": 4, "median_price": 481000.0, "median_price_per_sqm": 11534.883720930233, "median_rooms": 1.0, "first_sale": "2022-02-17", "last_sale": "2025-07-10"}}, {"type": "Feature", "geometry": {"type": "Point", "coordinates": [2.402556, 48.842004]}, "properties": {"id_parcelle": "75112000AD0029", "address": "36 RUE VICTOR CHEVREUIL", "sales": 4, "median_price": 129900.0, "median_price_per_sqm": 6606.290322580645, "median_rooms": 0.5, "first_sale": "2021-05-31", "last_sale": "2024-02-20"}}, {"type": "Feature", "geometry": {"type": "Point", "coordinates": [2.400202, 48.834521]}, "properties": {"id_parcelle": "75112000BR0019", "address": "41 AV DU GAL MICHEL BIZOT", "sales": 4, "median_price": 287500.0, "median_price_per_sqm": 6388.888888888889, "median_rooms": 1.0, "first_sale": "2021-09-01", "last_sale": "2025-12-17"}}, {"type": "Feature", "geometry": {"type": "Point", "coordinates": [2.399992, 48.834443]}, "properties": {"id_parcelle": "75112000BR0020", "address": "39 AV DU GAL MICHEL BIZOT", "sales": 4, "median_price": 375000.0, "median_price_per_sqm": 9356.52709359606, "median_rooms": 0.5, "first_sale": "2021-07-07", "last_sale": "2022-10-17"}}, {"type": "Feature", "geometry": {"type": "Point", "coordinates": [2.398681, 48.834824]}, "properties": {"id_parcelle": "75112000BR0026", "address": "16 RUE DE FECAMP", "sales": 4, "median_price": 292400.0, "median_price_per_sqm": 12212.169312169313, "median_rooms": 1.0, "first_sale": "2023-01-20", "last_sale": "2024-10-23"}}, {"type": "Feature", "geometry": {"type": "Point", "coordinates": [2.392231, 48.839967]}, "properties": {"id_parcelle": "75112000CB0022", "address": "24 RUE DUGOMMIER", "sales": 4, "median_price": 312500.0, "median_price_per_sqm": 10687.5, "median_rooms": 0.5, "first_sale": "2021-10-05", "last_sale": "2023-03-08"}}, {"type": "Feature", "geometry": {"type": "Point", "coordinates": [2.384708, 48.840785]}, "properties": {"id_parcelle": "75112000DA0079", "address": "17 BD DE BERCY", "sales": 4, "median_price": 24763351.75, "median_price_per_sqm": null, "median_rooms": null, "first_sale": "2022-09-08", "last_sale": "2024-06-18"}}, {"type": "Feature", "geometry": {"type": "Point", "coordinates": [2.383608, 48.842906]}, "properties": {"id_parcelle": "75112000CW0034", "address": "2 RUE CHARLES BOSSUT", "sales": 4, "median_price": 235500.0, "median_price_per_sqm": 7617.222222222223, "median_rooms": 1.0, "first_sale": "2023-08-04", "last_sale": "2025-04-11"}}, {"type": "Feature", "geometry": {"type": "Point", "coordinates": [2.387962, 48.848284]}, "properties": {"id_parcelle": "75112000CS0040", "address": "17 RUE CLAUDE TILLIER", "sales": 4, "median_price": 177500.0, "median_price_per_sqm": 10115.131578947368, "median_rooms": 1.0, "first_sale": "2022-05-24", "last_sale": "2025-07-28"}}, {"type": "Feature", "geometry": {"type": "Point", "coordinates": [2.387739, 48.848104]}, "properties": {"id_parcelle": "75112000CS0041", "address": "13 RUE CLAUDE TILLIER", "sales": 4, "median_price": 199260.0, "median_price_per_sqm": 8000.0, "median_rooms": 1.5, "first_sale": "2021-01-27", "last_sale": "2024-08-12"}}, {"type": "Feature", "geometry": {"type": "Point", "coordinates": [2.399711, 48.834718]}, "properties": {"id_parcelle": "75112000BR0013", "address": "80 RUE DE WATTIGNIES", "sales": 4, "median_price": 182000.0, "median_price_per_sqm": 9767.441860465116, "median_rooms": 0.0, "first_sale": "2021-03-15", "last_sale": "2023-10-13"}}, {"type": "Feature", "geometry": {"type": "Point", "coordinates": [2.388027, 48.844009]}, "properties": {"id_parcelle": "75112000CV0032", "address": "6 PAS MONTGALLET", "sales": 4, "median_price": 325000.0, "median_price_per_sqm": 7500.0, "median_rooms": 2.0, "first_sale": "2021-02-26", "last_sale": "2024-11-05"}}, {"type": "Feature", "geometry": {"type": "Point", "coordinates": [2.385906, 48.843678]}, "properties": {"id_parcelle": "75112000CV0094", "address": "3 CITE MOYNET", "sales": 4, "median_price": 462500.0, "median_price_per_sqm": 8559.52380952381, "median_rooms": 1.0, "first_sale": "2021-10-13", "last_sale": "2023-12-06"}}, {"type": "Feature", "geometry": {"type": "Point", "coordinates": [2.400778, 48.835032]}, "properties": {"id_parcelle": "75112000BP0044", "address": "22 RUE CLAUDE DECAEN", "sales": 4, "median_price": 142500.0, "median_price_per_sqm": 9377.828054298643, "median_rooms": 1.0, "first_sale": "2021-12-13", "last_sale": "2024-11-20"}}, {"type": "Feature", "geometry": {"type": "Point", "coordinates": [2.401804, 48.835711]}, "properties": {"id_parcelle": "75112000BP0053", "address": "59 AV DU GAL MICHEL BIZOT", "sales": 4, "median_price": 327000.0, "median_price_per_sqm": 10900.0, "median_rooms": 1.0, "first_sale": "2021-06-29", "last_sale": "2023-09-22"}}, {"type": "Feature", "geometry": {"type": "Point", "coordinates": [2.383062, 48.845564]}, "properties": {"id_parcelle": "75112000HA0053", "address": "6 RUE CROZATIER", "sales": 4, "median_price": 885000.0, "median_price_per_sqm": 12735.777243589742, "median_rooms": 2.0, "first_sale": "2022-07-13", "last_sale": "2024-04-22"}}, {"type": "Feature", "geometry": {"type": "Point", "coordinates": [2.403563, 48.844495]}, "properties": {"id_parcelle": "75112000AC0010", "address": "66 AV DE SAINT-MANDE", "sales": 4, "median_price": 856000.0, "median_price_per_sqm": 10492.652084757348, "median_rooms": 1.5, "first_sale": "2021-04-26", "last_sale": "2021-11-03"}}, {"type": "Feature", "geometry": {"type": "Point", "coordinates": [2.380676, 48.84869]}, "properties": {"id_parcelle": "75112000EY0041", "address": "25 RUE DE CITEAUX", "sales": 4, "median_price": 368500.0, "median_price_per_sqm": 9993.42105263158, "median_rooms": 1.0, "first_sale": "2023-02-24", "last_sale": "2024-03-21"}}, {"type": "Feature", "geometry": {"type": "Point", "coordinates": [2.382494, 48.850153]}, "properties": {"id_parcelle": "75112000EY0061", "address": "178 RUE DU FAUBOURG SAINT ANTOINE", "sales": 4, "median_price": 210000.0, "median_price_per_sqm": 10000.0, "median_rooms": 1.5, "first_sale": "2021-09-10", "last_sale": "2025-03-06"}}, {"type": "Feature", "geometry": {"type": "Point", "coordinates": [2.402916, 48.845164]}, "properties": {"id_parcelle": "75112000AB0078", "address": "45 AV DE SAINT-MANDE", "sales": 4, "median_price": 648000.0, "median_price_per_sqm": 9734.117647058823, "median_rooms": 0.5, "first_sale": "2021-06-14", "last_sale": "2024-10-18"}}, {"type": "Feature", "geometry": {"type": "Point", "coordinates": [2.372109, 48.851771]}, "properties": {"id_parcelle": "75112000ER0041", "address": "43 RUE DE CHARENTON", "sales": 4, "median_price": 293500.0, "median_price_per_sqm": 13010.416666666668, "median_rooms": 1.0, "first_sale": "2021-05-31", "last_sale": "2024-09-19"}}, {"type": "Feature", "geometry": {"type": "Point", "coordinates": [2.39758, 48.840009]}, "properties": {"id_parcelle": "75112000BY0008", "address": "3 RUE DU DOCTEUR GOUJON", "sales": 4, "median_price": 543550.0, "median_price_per_sqm": 10063.392857142857, "median_rooms": 1.5, "first_sale": "2022-12-09", "last_sale": "2024-05-30"}}, {"type": "Feature", "geometry": {"type": "Point", "coordinates": [2.397859, 48.840336]}, "properties": {"id_parcelle": "75112000BY0014", "address": "16 RUE LAMBLARDIE", "sales": 4, "median_price": 565500.0, "median_price_per_sqm": 6139.766081871345, "median_rooms": 1.0, "first_sale": "2024-02-27", "last_sale": "2024-10-08"}}, {"type": "Feature", "geometry": {"type": "Point", "coordinates": [2.398814, 48.845524]}, "properties": {"id_parcelle": "75112000CL0037", "address": "19 AV DE SAINT-MANDE", "sales": 4, "median_price": 224695.5, "median_price_per_sqm": 6904.310132575758, "median_rooms": 1.0, "first_sale": "2024-08-29", "last_sale": "2025-07-17"}}, {"type": "Feature", "geometry": {"type": "Point", "coordinates": [2.408928, 48.846263]}, "properties": {"id_parcelle": "75112000AI0084", "address": "44 RUE DE LA VOUTE", "sales": 4, "median_price": 214700.0, "median_price_per_sqm": 4159.459459459459, "median_rooms": 2.0, "first_sale": "2024-11-07", "last_sale": "2025-06-18"}}, {"type": "Feature", "geometry": {"type": "Point", "coordinates": [2.369747, 48.849682]}, "properties": {"id_parcelle": "75112000EP0016", "address": "9 RUE LACUEE", "sales": 4, "median_price": 585000.0, "median_price_per_sqm": 10113.095238095239, "median_rooms": 1.5, "first_sale": "2023-03-31", "last_sale": "2024-09-04"}}, {"type": "Feature", "geometry": {"type": "Point", "coordinates": [2.396719, 48.846622]}, "properties": {"id_parcelle": "75112000CM0034", "address": "21 AV DU BEL AIR", "sales": 4, "median_price": 1092050.0, "median_price_per_sqm": 11617.553191489362, "median_rooms": 0.0, "first_sale": "2024-02-08", "last_sale": "2024-02-08"}}, {"type": "Feature", "geometry": {"type": "Point", "coordinates": [2.397383, 48.845919]}, "properties": {"id_parcelle": "75112000CM0042", "address": "7 AV DU BEL AIR", "sales": 4, "median_price": 194900.0, "median_price_per_sqm": 9076.388888888889, "median_rooms": 0.0, "first_sale": "2023-11-13", "last_sale": "2025-07-29"}}, {"type": "Feature", "geometry": {"type": "Point", "coordinates": [2.407471, 48.844792]}, "properties": {"id_parcelle": "75112000AI0071", "address": "83 AV DE SAINT-MANDE", "sales": 4, "median_price": 867000.0, "median_price_per_sqm": 17340.0, "median_rooms": 0.0, "first_sale": "2023-05-05", "last_sale": "2023-05-05"}}, {"type": "Feature", "geometry": {"type": "Point", "coordinates": [2.403601, 48.845404]}, "properties": {"id_parcelle": "75112000AB0067", "address": "19 RUE DU RENDEZ VOUS", "sales": 4, "median_price": 311575.0, "median_price_per_sqm": 10518.518518518518, "median_rooms": 2.0, "first_sale": "2022-02-02", "last_sale": "2023-11-23"}}, {"type": "Feature", "geometry": {"type": "Point", "coordinates": [2.379226, 48.845999]}, "properties": {"id_parcelle": "75112000HA0006", "address": "128 RUE DE CHARENTON", "sales": 4, "median_price": 869350.0, "median_price_per_sqm": 13091.578947368422, "median_rooms": 0.0, "first_sale": "2021-07-23", "last_sale": "2025-02-11"}}, {"type": "Feature", "geometry": {"type": "Point", "coordinates": [2.382923, 48.846646]}, "properties": {"id_parcelle": "75112000HA0073", "address": "82 BD DIDEROT", "sales": 4, "median_price": 473750.0, "median_price_per_sqm": 9439.655172413793, "median_rooms": 2.5, "first_sale": "2022-04-27", "last_sale": "2025-04-07"}}, {"type": "Feature", "geometry": {"type": "Point", "coordinates": [2.400838, 48.847399]}, "properties": {"id_parcelle": "75112000AA0017", "address": "20 CRS DE VINCENNES", "sales": 4, "median_price": 320250.0, "median_price_per_sqm": 7758.403361344538, "median_rooms": 1.5, "first_sale": "2022-02-28", "last_sale": "2024-06-04"}}, {"type": "Feature", "geometry": {"type": "Point", "coordinates": [2.379446, 48.844976]}, "properties": {"id_parcelle": "75112000HB0135", "address": "60 AV DAUMESNIL", "sales": 4, "median_price": 513125.0, "median_price_per_sqm": 284.09090909090907, "median_rooms": 2.5, "first_sale": "2022-11-17", "last_sale": "2025-01-20"}}, {"type": "Feature", "geometry": {"type": "Point", "coordinates": [2.393876, 48.839665]}, "properties": {"id_parcelle": "75112000CB0043", "address": "45 BD DE REUILLY", "sales": 4, "median_price": 402795.0, "median_price_per_sqm": 9784.987460815046, "median_rooms": 1.0, "first_sale": "2021-07-22", "last_sale": "2021-10-12"}}, {"type": "Feature", "geometry": {"type": "Point", "coordinates": [2.399505, 48.842592]}, "properties": {"id_parcelle": "75112000BZ0010", "address": "9 RUE DAGORNO", "sales": 4, "median_price": 439716.5, "median_price_per_sqm": 9705.065217391304, "median_rooms": 1.5, "first_sale": "2022-02-24", "last_sale": "2023-04-17"}}, {"type": "Feature", "geometry": {"type": "Point", "coordinates": [2.380238, 48.850206]}, "properties": {"id_parcelle": "75112000EY0007", "address": "152 RUE DU FBG ST ANTOINE", "sales": 4, "median_price": 197230.0, "median_price_per_sqm": 10220.3477443609, "median_rooms": 1.0, "first_sale": "2021-06-18", "last_sale": "2025-05-14"}}, {"type": "Feature", "geometry": {"type": "Point", "coordinates": [2.404282, 48.845103]}, "properties": {"id_parcelle": "75112000AB0059", "address": "61 AV DE SAINT-MANDE", "sales": 4, "median_price": 426250.0, "median_price_per_sqm": 8505.434782608696, "median_rooms": 1.0, "first_sale": "2022-05-03", "last_sale": "2022-07-20"}}, {"type": "Feature", "geometry": {"type": "Point", "coordinates": [2.39245, 48.839691]}, "properties": {"id_parcelle": "75112000CB0024", "address": "31 BD DE REUILLY", "sales": 3, "median_price": 239000.0, "median_price_per_sqm": 8130.0, "median_rooms": 0.0, "first_sale": "2024-01-23", "last_sale": "2024-05-07"}}, {"type": "Feature", "geometry": {"type": "Point", "coordinates": [2.379812, 48.850203]}, "properties": {"id_parcelle": "75112000EY0004", "address": "146 RUE DU FBG ST ANTOINE", "sales": 3, "median_price": 160000.0, "median_price_per_sqm": 11428.57142857143, "median_rooms": 1.0, "first_sale": "2021-03-17", "last_sale": "2025-09-29"}}, {"type": "Feature", "geometry": {"type": "Point", "coordinates": [2.380145, 48.850216]}, "properties": {"id_parcelle": "75112000EY0006", "address": "150 RUE DU FBG ST ANTOINE", "sales": 3, "median_price": 364330.0, "median_price_per_sqm": 9146.341463414634, "median_rooms": 2.0, "first_sale": "2022-04-26", "last_sale": "2023-08-22"}}, {"type": "Feature", "geometry": {"type": "Point", "coordinates": [2.38034, 48.849448]}, "properties": {"id_parcelle": "75112000EY0027", "address": "8 PAS DRIANCOURT", "sales": 3, "median_price": 315000.0, "median_price_per_sqm": 8513.513513513513, "median_rooms": 2.0, "first_sale": "2022-02-22", "last_sale": "2025-12-09"}}, {"type": "Feature", "geometry": {"type": "Point", "coordinates": [2.382101, 48.850169]}, "properties": {"id_parcelle": "75112000EY0064", "address": "172 RUE DU FAUBOURG SAINT ANTOINE", "sales": 3, "median_price": 218000.0, "median_price_per_sqm": 10195.860805860806, "median_rooms": 1.0, "first_sale": "2021-10-27", "last_sale": "2025-04-24"}}, {"type": "Feature", "geometry": {"type": "Point", "coordinates": [2.383366, 48.846614]}, "properties": {"id_parcelle": "75112000HA0068", "address": "17 RUE CHALIGNY", "sales": 3, "median_price": 305000.0, "median_price_per_sqm": 9902.215909090908, "median_rooms": 1.0, "first_sale": "2021-05-28", "last_sale": "2021-08-04"}}, {"type": "Feature", "geometry": {"type": "Point", "coordinates": [2.383198, 48.846701]}, "properties": {"id_parcelle": "75112000HA0072", "address": "84 BD DIDEROT", "sales": 3, "median_price": 650000.0, "median_price_per_sqm": 10680.467508181393, "median_rooms": 2.0, "first_sale": "2024-09-03", "last_sale": "2025-10-29"}}, {"type": "Feature", "geometry": {"type": "Point", "coordinates": [2.402764, 48.84448]}, "properties": {"id_parcelle": "75112000AC0007", "address": "46 RUE SIBUET", "sales": 3, "median_price": 230000.0, "median_price_per_sqm": 10750.0, "median_rooms": 2.0, "first_sale": "2024-04-15", "last_sale": "2025-07-02"}}, {"type": "Feature", "geometry": {"type": "Point", "coordinates": [2.369127, 48.850037]}, "properties": {"id_parcelle": "75112000EP0010", "address": "3 RUE LACUEE", "sales": 3, "median_price": 523000.0, "median_price_per_sqm": 11000.0, "median_rooms": 3.0, "first_sale": "2021-01-14", "last_sale": "2021-05-19"}}, {"type": "Feature", "geometry": {"type": "Point", "coordinates": [2.369968, 48.85053]}, "properties": {"id_parcelle": "75112000EP0030", "address": "61 RUE DE LYON", "sales": 3, "median_price": 515500.0, "median_price_per_sqm": 10968.08510638298, "median_rooms": 1.0, "first_sale": "2024-05-16", "last_sale": "2024-05-16"}}, {"type": "Feature", "geometry": {"type": "Point", "coordinates": [2.409219, 48.84466]}, "properties": {"id_parcelle": "75112000AI0064", "address": "101 AV DE SAINT-MANDE", "sales": 3, "median_price": 565000.0, "median_price_per_sqm": 7918.336004273504, "median_rooms": 3.0, "first_sale": "2022-10-19", "last_sale": "2024-05-06"}}, {"type": "Feature", "geometry": {"type": "Point", "coordinates": [2.407732, 48.845031]}, "properties": {"id_parcelle": "75112000AI0073", "address": "5 RUE MONTERA", "sales": 3, "median_price": 493000.0, "median_price_per_sqm": 8491.525423728814, "median_rooms": 3.0, "first_sale": "2024-07-09", "last_sale": "2025-05-21"}}, {"type": "Feature", "geometry": {"type": "Point", "coordinates": [2.371653, 48.852293]}, "properties": {"id_parcelle": "75112000ER0033", "address": "32 RUE DU FBG ST ANTOINE", "sales": 3, "median_price": 843800.0, "median_price_per_sqm": 12981.538461538461, "median_rooms": 0.0, "first_sale": "2021-11-15", "last_sale": "2021-11-15"}}, {"type": "Feature", "geometry": {"type": "Point", "coordinates": [2.371769, 48.852098]}, "properties": {"id_parcelle": "75112000ER0036", "address": "35 RUE DE CHARENTON", "sales": 3, "median_price": 647000.0, "median_price_per_sqm": 16175.438596491229, "median_rooms": 2.0, "first_sale": "2022-08-30", "last_sale": "2025-10-06"}}, {"type": "Feature", "geometry": {"type": "Point", "coordinates": [2.403485, 48.844502]}, "properties": {"id_parcelle": "75112000AC0009", "address": "64 AV DE SAINT-MANDE", "sales": 3, "median_price": 760000.0, "median_price_per_sqm": 16898.177247014457, "median_rooms": 2.0, "first_sale": "2021-12-08", "last_sale": "2022-04-05"}}, {"type": "Feature", "geometry": {"type": "Point", "coordinates": [2.40428, 48.845492]}, "properties": {"id_parcelle": "75112000AB0086", "address": "20 RUE DU RENDEZ VOUS", "sales": 3, "median_price": 210000.0, "median_price_per_sqm": 8729.83870967742, "median_rooms": 1.0, "first_sale": "2022-12-02", "last_sale": "2024-10-17"}}, {"type": "Feature", "geometry": {"type": "Point", "coordinates": [2.405493, 48.846185]}, "properties": {"id_parcelle": "75112000AB0133", "address": "77 AV DU DOC ARNOLD NETTER", "sales": 3, "median_price": 4934317.5, "median_price_per_sqm": null, "median_rooms": null, "first_sale": "2021-03-24", "last_sale": "2021-03-24"}}, {"type": "Feature", "geometry": {"type": "Point", "coordinates": [2.399628, 48.840597]}, "properties": {"id_parcelle": "75112000BZ0028", "address": "1 RUE DE TAHITI", "sales": 3, "median_price": 320000.0, "median_price_per_sqm": 11284.546615581097, "median_rooms": 2.0, "first_sale": "2022-10-17", "last_sale": "2023-09-05"}}, {"type": "Feature", "geometry": {"type": "Point", "coordinates": [2.383711, 48.842994]}, "properties": {"id_parcelle": "75112000CW0033", "address": "100 AV DAUMESNIL", "sales": 3, "median_price": 131000.0, "median_price_per_sqm": 11000.0, "median_rooms": 1.0, "first_sale": "2021-01-28", "last_sale": "2023-07-07"}}, {"type": "Feature", "geometry": {"type": "Point", "coordinates": [2.399363, 48.835819]}, "properties": {"id_parcelle": "75112000BP0029", "address": "37 RUE CLAUDE DECAEN", "sales": 3, "median_price": 108000.0, "median_price_per_sqm": 7800.0, "median_rooms": 0.0, "first_sale": "2023-06-05", "last_sale": "2025-10-07"}}, {"type": "Feature", "geometry": {"type": "Point", "coordinates": [2.401212, 48.835387]}, "properties": {"id_parcelle": "75112000BP0049", "address": "51 AV DU GAL MICHEL BIZOT", "sales": 3, "median_price": 283000.0, "median_price_per_sqm": 9129.032258064517, "median_rooms": 1.0, "first_sale": "2021-04-09", "last_sale": "2025-01-22"}}, {"type": "Feature", "geometry": {"type": "Point", "coordinates": [2.401984, 48.835804]}, "properties": {"id_parcelle": "75112000BP0054", "address": "61 AV DU GAL MICHEL BIZOT", "sales": 3, "median_price": 354000.0, "median_price_per_sqm": 6101.6949152542375, "median_rooms": 3.0, "first_sale": "2021-06-17", "last_sale": "2023-07-27"}}, {"type": "Feature", "geometry": {"type": "Point", "coordinates": [2.383791, 48.84478]}, "properties": {"id_parcelle": "75112000CV0001", "address": "157 RUE DE CHARENTON", "sales": 3, "median_price": 1275000.0, "median_price_per_sqm": 15000.0, "median_rooms": 2.0, "first_sale": "2022-02-02", "last_sale": "2022-04-13"}}, {"type": "Feature", "geometry": {"type": "Point", "coordinates": [2.383311, 48.843191]}, "properties": {"id_parcelle": "75112000CW0036", "address": "98 AV DAUMESNIL", "sales": 3, "median_price": 217000.0, "median_price_per_sqm": 8825.407608695652, "median_rooms": 2.0, "first_sale": "2021-02-19", "last_sale": "2025-10-15"}}, {"type": "Feature", "geometry": {"type": "Point", "coordinates": [2.401336, 48.841309]}, "properties": {"id_parcelle": "75112000AD0002", "address": "30 BD DE PICPUS", "sales": 3, "median_price": 680000.0, "median_price_per_sqm": 5813.559322033898, "median_rooms": 3.0, "first_sale": "2022-02-10", "last_sale": "2022-05-23"}}, {"type": "Feature", "geometry": {"type": "Point", "coordinates": [2.402071, 48.841341]}, "properties": {"id_parcelle": "75112000AD0005", "address": "9 RUE DU SAHEL", "sales": 3, "median_price": 1270000.0, "median_price_per_sqm": 10775.719026548672, "median_rooms": 3.0, "first_sale": "2021-05-07", "last_sale": "2024-07-15"}}, {"type": "Feature", "geometry": {"type": "Point", "coordinates": [2.369405, 48.846634]}, "properties": {"id_parcelle": "75112000EL0020", "address": "22 AV LEDRU ROLLIN", "sales": 3, "median_price": 843500.0, "median_price_per_sqm": 11715.277777777777, "median_rooms": 0.0, "first_sale": "2022-03-21", "last_sale": "2022-03-21"}}, {"type": "Feature", "geometry": {"type": "Point", "coordinates": [2.368756, 48.846821]}, "properties": {"id_parcelle": "75112000EL0026", "address": "15 AV LEDRU ROLLIN", "sales": 3, "median_price": 1780000.0, "median_price_per_sqm": 9050.0, "median_rooms": 1.0, "first_sale": "2022-03-09", "last_sale": "2023-04-06"}}, {"type": "Feature", "geometry": {"type": "Point", "coordinates": [2.367324, 48.846564]}, "properties": {"id_parcelle": "75112000EL0037", "address": "102 QUAI DE LA RAPEE", "sales": 3, "median_price": 1000000.0, "median_price_per_sqm": 11351.351351351352, "median_rooms": 0.0, "first_sale": "2021-02-08", "last_sale": "2021-06-01"}}, {"type": "Feature", "geometry": {"type": "Point", "coordinates": [2.394639, 48.834112]}, "properties": {"id_parcelle": "75112000BS0043", "address": "303 RUE DE CHARENTON", "sales": 3, "median_price": 150000.0, "median_price_per_sqm": 8823.529411764706, "median_rooms": 1.0, "first_sale": "2022-01-11", "last_sale": "2025-10-06"}}, {"type": "Feature", "geometry": {"type": "Point", "coordinates": [2.394812, 48.83467]}, "properties": {"id_parcelle": "75112000BS0048", "address": "281 RUE DE CHARENTON", "sales": 3, "median_price": 1878862.8, "median_price_per_sqm": null, "median_rooms": null, "first_sale": "2021-12-07", "last_sale": "2023-12-06"}}, {"type": "Feature", "geometry": {"type": "Point", "coordinates": [2.393856, 48.835954]}, "properties": {"id_parcelle": "75112000BS0054", "address": "19 RUE NICOLAI", "sales": 3, "median_price": 420000.0, "median_price_per_sqm": 9767.441860465116, "median_rooms": 0.0, "first_sale": "2022-05-03", "last_sale": "2022-05-03"}}, {"type": "Feature", "geometry": {"type": "Point", "coordinates": [2.404958, 48.835485]}, "properties": {"id_parcelle": "75112000AX0033", "address": "272 AV DAUMESNIL", "sales": 3, "median_price": 450000.0, "median_price_per_sqm": 9000.0, "median_rooms": 0.0, "first_sale": "2025-05-22", "last_sale": "2025-05-22"}}, {"type": "Feature", "geometry": {"type": "Point", "coordinates": [2.395952, 48.836264]}, "properties": {"id_parcelle": "75112000BW0008", "address": "39 RUE DE WATTIGNIES", "sales": 3, "median_price": 728600.0, "median_price_per_sqm": 8885.365853658537, "median_rooms": 0.0, "first_sale": "2021-03-10", "last_sale": "2023-11-14"}}, {"type": "Feature", "geometry": {"type": "Point", "coordinates": [2.395117, 48.836341]}, "properties": {"id_parcelle": "75112000BW0016", "address": "28 RUE NICOLAI", "sales": 3, "median_price": 430000.0, "median_price_per_sqm": 9141.02564102564, "median_rooms": 2.0, "first_sale": "2021-05-18", "last_sale": "2023-11-27"}}, {"type": "Feature", "geometry": {"type": "Point", "coordinates": [2.370726, 48.847278]}, "properties": {"id_parcelle": "75112000EN0023", "address": "34 AV LEDRU ROLLIN", "sales": 3, "median_price": 1005000.0, "median_price_per_sqm": 12681.540135396519, "median_rooms": 4.0, "first_sale": "2022-03-17", "last_sale": "2024-05-02"}}, {"type": "Feature", "geometry": {"type": "Point", "coordinates": [2.373539, 48.846668]}, "properties": {"id_parcelle": "75112000EM0067", "address": "8 RUE PARROT", "sales": 3, "median_price": 650000.0, "median_price_per_sqm": 11570.175438596492, "median_rooms": 0.0, "first_sale": "2021-07-08", "last_sale": "2022-07-18"}}, {"type": "Feature", "geometry": {"type": "Point", "coordinates": [2.374244, 48.8462]}, "properties": {"id_parcelle": "75112000EM0075", "address": "1 RUE ABEL", "sales": 3, "median_price": 1120000.0, "median_price_per_sqm": 11269.84126984127, "median_rooms": 2.0, "first_sale": "2021-06-08", "last_sale": "2021-08-31"}}, {"type": "Feature", "geometry": {"type": "Point", "coordinates": [2.396362, 48.847183]}, "properties": {"id_parcelle": "75112000CN0024", "address": "24 PL DE LA NATION", "sales": 3, "median_price": 764232.56, "median_price_per_sqm": 10901.735647058824, "median_rooms": 2.0, "first_sale": "2021-12-10", "last_sale": "2022-06-30"}}, {"type": "Feature", "geometry": {"type": "Point", "coordinates": [2.393666, 48.837403]}, "properties": {"id_parcelle": "75112000BT0024", "address": "19 RUE DE LA BRECHE AUX LOUPS", "sales": 3, "median_price": 400000.0, "median_price_per_sqm": 10810.81081081081, "median_rooms": 0.0, "first_sale": "2021-11-05", "last_sale": "2023-11-15"}}, {"type": "Feature", "geometry": {"type": "Point", "coordinates": [2.400232, 48.838602]}, "properties": {"id_parcelle": "75112000BY0097", "address": "7 RUE GOSSEC", "sales": 3, "median_price": 372000.0, "median_price_per_sqm": 12887.857142857143, "median_rooms": 2.0, "first_sale": "2021-04-30", "last_sale": "2024-04-05"}}, {"type": "Feature", "geometry": {"type": "Point", "coordinates": [2.408727, 48.841974]}, "properties": {"id_parcelle": "75112000AE0028", "address": "18 VLA DU BEL AIR", "sales": 3, "median_price": 370000.0, "median_price_per_sqm": 10131.578947368422, "median_rooms": 2.0, "first_sale": "2021-02-26", "last_sale": "2023-05-12"}}, {"type": "Feature", "geometry": {"type": "Point", "coordinates": [2.378232, 48.848483]}, "properties": {"id_parcelle": "75112000EW0014", "address": "10 PL D ALIGRE", "sales": 3, "median_price": 150000.0, "median_price_per_sqm": 10117.64705882353, "median_rooms": 1.0, "first_sale": "2022-03-30", "last_sale": "2024-12-30"}}, {"type": "Feature", "geometry": {"type": "Point", "coordinates": [2.378903, 48.846709]}, "properties": {"id_parcelle": "75112000EW0027", "address": "113 RUE DE CHARENTON", "sales": 3, "median_price": 3000.0, "median_price_per_sqm": 4629.032258064516, "median_rooms": 2.0, "first_sale": "2022-12-09", "last_sale": "2023-07-31"}}, {"type": "Feature", "geometry": {"type": "Point", "coordinates": [2.375712, 48.84676]}, "properties": {"id_parcelle": "75112000EW0059", "address": "36 AV DAUMESNIL", "sales": 3, "median_price": 330000.0, "median_price_per_sqm": 11379.310344827587, "median_rooms": 0.0, "first_sale": "2021-11-26", "last_sale": "2025-10-08"}}, {"type": "Feature", "geometry": {"type": "Point", "coordinates": [2.37377, 48.849603]}, "properties": {"id_parcelle": "75112000EV0019", "address": "69 AV LEDRU ROLLIN", "sales": 3, "median_price": 1398000.0, "median_price_per_sqm": 9195.443645083933, "median_rooms": 2.0, "first_sale": "2022-08-29", "last_sale": "2025-01-03"}}, {"type": "Feature", "geometry": {"type": "Point", "coordinates": [2.374183, 48.849305]}, "properties": {"id_parcelle": "75112000EV0021", "address": "76 AV LEDRU ROLLIN", "sales": 3, "median_price": 258850.0, "median_price_per_sqm": 10439.47619047619, "median_rooms": 1.0, "first_sale": "2023-04-26", "last_sale": "2025-03-13"}}, {"type": "Feature", "geometry": {"type": "Point", "coordinates": [2.398375, 48.837389]}, "properties": {"id_parcelle": "75112000BX0073", "address": "19 RUE EDOUARD ROBERT", "sales": 3, "median_price": 570000.0, "median_price_per_sqm": 10271.103896103898, "median_rooms": 1.0, "first_sale": "2022-08-02", "last_sale": "2022-09-26"}}, {"type": "Feature", "geometry": {"type": "Point", "coordinates": [2.375135, 48.84867]}, "properties": {"id_parcelle": "75112000EV0048", "address": "80 RUE DE CHARENTON", "sales": 3, "median_price": 178500.0, "median_price_per_sqm": 8214.285714285714, "median_rooms": 0.0, "first_sale": "2021-10-27", "last_sale": "2023-07-07"}}, {"type": "Feature", "geometry": {"type": "Point", "coordinates": [2.376985, 48.848221]}, "properties": {"id_parcelle": "75112000EW0002", "address": "4 RUE DE COTTE", "sales": 3, "median_price": 249000.0, "median_price_per_sqm": 13105.263157894737, "median_rooms": 1.0, "first_sale": "2021-02-25", "last_sale": "2024-03-29"}}, {"type": "Feature", "geometry": {"type": "Point", "coordinates": [2.409786, 48.844024]}, "properties": {"id_parcelle": "75112000AH0043", "address": "106 AV DE SAINT-MANDE", "sales": 3, "median_price": 305000.0, "median_price_per_sqm": 7093.023255813953, "median_rooms": 0.0, "first_sale": "2022-02-08", "last_sale": "2022-06-30"}}, {"type": "Feature", "geometry": {"type": "Point", "coordinates": [2.405293, 48.835614]}, "properties": {"id_parcelle": "75112000AX0035", "address": "276 AV DAUMESNIL", "sales": 3, "median_price": 225000.0, "median_price_per_sqm": 9285.714285714286, "median_rooms": 2.0, "first_sale": "2022-09-19", "last_sale": "2025-09-15"}}, {"type": "Feature", "geometry": {"type": "Point", "coordinates": [2.406241, 48.836224]}, "properties": {"id_parcelle": "75112000AX0040", "address": "6 RUE DU COLONEL OUDOT", "sales": 3, "median_price": 254700.0, "median_price_per_sqm": 10244.0, "median_rooms": 2.0, "first_sale": "2021-03-12", "last_sale": "2024-05-02"}}, {"type": "Feature", "geometry": {"type": "Point", "coordinates": [2.402412, 48.843191]}, "properties": {"id_parcelle": "75112000AD0092", "address": "28 RUE SIBUET", "sales": 3, "median_price": 215000.0, "median_price_per_sqm": 11944.444444444445, "median_rooms": 1.0, "first_sale": "2025-03-31", "last_sale": "2025-07-16"}}, {"type": "Feature", "geometry": {"type": "Point", "coordinates": [2.409113, 48.842428]}, "properties": {"id_parcelle": "75112000AE0015", "address": "91 BD SOULT", "sales": 3, "median_price": 185000.0, "median_price_per_sqm": 8542.327365728901, "median_rooms": 0.0, "first_sale": "2022-04-14", "last_sale": "2024-02-07"}}, {"type": "Feature", "geometry": {"type": "Point", "coordinates": [2.409072, 48.841885]}, "properties": {"id_parcelle": "75112000AE0027", "address": "81 BD SOULT", "sales": 3, "median_price": 605000.0, "median_price_per_sqm": 10083.333333333334, "median_rooms": 2.0, "first_sale": "2021-07-15", "last_sale": "2023-07-10"}}, {"type": "Feature", "geometry": {"type": "Point", "coordinates": [2.373908, 48.84912]}, "properties": {"id_parcelle": "75112000EV0029", "address": "70 AV LEDRU ROLLIN", "sales": 3, "median_price": 527200.0, "median_price_per_sqm": 9012.380952380952, "median_rooms": 1.0, "first_sale": "2023-06-21", "last_sale": "2023-10-20"}}, {"type": "Feature", "geometry": {"type": "Point", "coordinates": [2.373444, 48.846525]}, "properties": {"id_parcelle": "75112000EM0065", "address": "8 RUE EMILE GILBERT", "sales": 3, "median_price": 782000.0, "median_price_per_sqm": 9140.422077922078, "median_rooms": 2.0, "first_sale": "2023-09-29", "last_sale": "2024-02-15"}}, {"type": "Feature", "geometry": {"type": "Point", "coordinates": [2.39133, 48.84491]}, "properties": {"id_parcelle": "75112000CO0057", "address": "13 RUE DU SERGENT BAUCHAT", "sales": 3, "median_price": 282000.0, "median_price_per_sqm": 9724.137931034482, "median_rooms": 0.0, "first_sale": "2022-02-24", "last_sale": "2024-01-26"}}, {"type": "Feature", "geometry": {"type": "Point", "coordinates": [2.393901, 48.836647]}, "properties": {"id_parcelle": "75112000BT0035", "address": "19 RUE DE WATTIGNIES", "sales": 3, "median_price": 533045.0, "median_price_per_sqm": 11905.07850241546, "median_rooms": 1.0, "first_sale": "2021-07-27", "last_sale": "2021-08-27"}}, {"type": "Feature", "geometry": {"type": "Point", "coordinates": [2.392198, 48.846288]}, "properties": {"id_parcelle": "75112000CO0029", "address": "15 RUE DORIAN", "sales": 3, "median_price": 761000.0, "median_price_per_sqm": 9883.116883116883, "median_rooms": 0.0, "first_sale": "2023-05-26", "last_sale": "2023-05-26"}}, {"type": "Feature", "geometry": {"type": "Point", "coordinates": [2.392445, 48.84638]}, "properties": {"id_parcelle": "75112000CO0030", "address": "13 RUE DORIAN", "sales": 3, "median_price": 260000.0, "median_price_per_sqm": 8083.333333333333, "median_rooms": 1.0, "first_sale": "2024-01-24", "last_sale": "2025-08-29"}}, {"type": "Feature", "geometry": {"type": "Point", "coordinates": [2.394511, 48.847133]}, "properties": {"id_parcelle": "75112000CM0004", "address": "6 AV DORIAN", "sales": 3, "median_price": 630000.0, "median_price_per_sqm": 9825.093023255813, "median_rooms": 2.0, "first_sale": "2024-03-04", "last_sale": "2025-06-27"}}, {"type": "Feature", "geometry": {"type": "Point", "coordinates": [2.40071, 48.837356]}, "properties": {"id_parcelle": "75112000BX0031", "address": "218 AV DAUMESNIL", "sales": 3, "median_price": 306350.0, "median_price_per_sqm": 8326.289682539682, "median_rooms": 0.0, "first_sale": "2024-06-13", "last_sale": "2025-07-11"}}, {"type": "Feature", "geometry": {"type": "Point", "coordinates": [2.406762, 48.844175]}, "properties": {"id_parcelle": "75112000AH0008", "address": "33 RUE DU NIGER", "sales": 3, "median_price": 520000.0, "median_price_per_sqm": 9993.53448275862, "median_rooms": 3.0, "first_sale": "2021-04-08", "last_sale": "2025-03-25"}}, {"type": "Feature", "geometry": {"type": "Point", "coordinates": [2.399249, 48.83999]}, "properties": {"id_parcelle": "75112000BY0048", "address": "69 BD DE REUILLY", "sales": 3, "median_price": 294500.0, "median_price_per_sqm": 13906.944444444443, "median_rooms": 1.0, "first_sale": "2024-07-22", "last_sale": "2024-07-22"}}, {"type": "Feature", "geometry": {"type": "Point", "coordinates": [2.375484, 48.848956]}, "properties": {"id_parcelle": "75112000ET0050", "address": "8 RUE EMILIO CASTELAR", "sales": 3, "median_price": 306000.0, "median_price_per_sqm": 11000.0, "median_rooms": 2.0, "first_sale": "2021-10-27", "last_sale": "2025-03-14"}}, {"type": "Feature", "geometry": {"type": "Point", "coordinates": [2.401583, 48.845277]}, "properties": {"id_parcelle": "75112000CL0084", "address": "43 AV DE SAINT-MANDE", "sales": 3, "median_price": 934250.0, "median_price_per_sqm": 10991.176470588236, "median_rooms": 0.0, "first_sale": "2021-06-18", "last_sale": "2024-03-27"}}, {"type": "Feature", "geometry": {"type": "Point", "coordinates": [2.398558, 48.836989]}, "properties": {"id_parcelle": "75112000BX0062", "address": "10 IMP TOURNEUX", "sales": 3, "median_price": 220000.0, "median_price_per_sqm": 8814.102564102563, "median_rooms": 0.0, "first_sale": "2022-12-21", "last_sale": "2025-09-10"}}, {"type": "Feature", "geometry": {"type": "Point", "coordinates": [2.40024, 48.844727]}, "properties": {"id_parcelle": "75112000CK0005", "address": "34 AV DE SAINT-MANDE", "sales": 3, "median_price": 160000.0, "median_price_per_sqm": 5000.0, "median_rooms": 0.0, "first_sale": "2024-11-26", "last_sale": "2024-12-19"}}, {"type": "Feature", "geometry": {"type": "Point", "coordinates": [2.388843, 48.848913]}, "properties": {"id_parcelle": "75112000CS0033", "address": "35 RUE CLAUDE TILLIER", "sales": 3, "median_price": 280000.0, "median_price_per_sqm": 9333.333333333334, "median_rooms": 2.0, "first_sale": "2022-06-27", "last_sale": "2023-12-12"}}, {"type": "Feature", "geometry": {"type": "Point", "coordinates": [2.404018, 48.836164]}, "properties": {"id_parcelle": "75112000AX0099", "address": "264 AV DAUMESNIL", "sales": 3, "median_price": 852150.0, "median_price_per_sqm": 10025.29411764706, "median_rooms": 0.0, "first_sale": "2022-09-05", "last_sale": "2025-02-28"}}, {"type": "Feature", "geometry": {"type": "Point", "coordinates": [2.396248, 48.834577]}, "properties": {"id_parcelle": "75112000BS0030", "address": "17 RUE DES JARDINIERS", "sales": 3, "median_price": 358000.0, "median_price_per_sqm": 9167.57779646762, "median_rooms": 2.0, "first_sale": "2021-02-05", "last_sale": "2025-04-16"}}, {"type": "Feature", "geometry": {"type": "Point", "coordinates": [2.395071, 48.833834]}, "properties": {"id_parcelle": "75112000BS0037", "address": "1 RUE DES JARDINIERS", "sales": 3, "median_price": 125900.0, "median_price_per_sqm": 8393.333333333334, "median_rooms": 1.0, "first_sale": "2022-02-15", "last_sale": "2025-01-31"}}, {"type": "Feature", "geometry": {"type": "Point", "coordinates": [2.372819, 48.846582]}, "properties": {"id_parcelle": "75112000EM0041", "address": "4 RUE PARROT", "sales": 3, "median_price": 1070000.0, "median_price_per_sqm": 13209.876543209877, "median_rooms": 0.0, "first_sale": "2022-08-16", "last_sale": "2022-08-16"}}, {"type": "Feature", "geometry": {"type": "Point", "coordinates": [2.404371, 48.838251]}, "properties": {"id_parcelle": "75112000AS0047", "address": "102 AV DU GAL MICHEL BIZOT", "sales": 3, "median_price": 276750.0, "median_price_per_sqm": 10279.166666666668, "median_rooms": 2.0, "first_sale": "2021-02-27", "last_sale": "2024-08-06"}}, {"type": "Feature", "geometry": {"type": "Point", "coordinates": [2.404116, 48.837898]}, "properties": {"id_parcelle": "75112000AS0051", "address": "96 AV DU GAL MICHEL BIZOT", "sales": 3, "median_price": 660000.0, "median_price_per_sqm": 9553.084648493545, "median_rooms": 3.0, "first_sale": "2021-05-07", "last_sale": "2023-05-03"}}, {"type": "Feature", "geometry": {"type": "Point", "coordinates": [2.368917, 48.846325]}, "properties": {"id_parcelle": "75112000EL0017", "address": "16 AV LEDRU ROLLIN", "sales": 3, "median_price": 1035000.0, "median_price_per_sqm": 10670.103092783505, "median_rooms": 0.0, "first_sale": "2023-11-23", "last_sale": "2024-09-27"}}, {"type": "Feature", "geometry": {"type": "Point", "coordinates": [2.400032, 48.833666]}, "properties": {"id_parcelle": "75112000BN0014", "address": "34 AV DU GAL MICHEL BIZOT", "sales": 3, "median_price": 248000.0, "median_price_per_sqm": 8465.116279069767, "median_rooms": 2.0, "first_sale": "2021-03-30", "last_sale": "2025-03-11"}}, {"type": "Feature", "geometry": {"type": "Point", "coordinates": [2.391687, 48.836347]}, "properties": {"id_parcelle": "75112000DE0015", "address": "280 RUE DE CHARENTON", "sales": 3, "median_price": 332095.0, "median_price_per_sqm": 8971.07730263158, "median_rooms": 1.0, "first_sale": "2024-04-17", "last_sale": "2025-07-04"}}, {"type": "Feature", "geometry": {"type": "Point", "coordinates": [2.391274, 48.836815]}, "properties": {"id_parcelle": "75112000DE0020", "address": "14 RUE DES FONDS VERTS", "sales": 3, "median_price": 155000.0, "median_price_per_sqm": 8565.47619047619, "median_rooms": 1.0, "first_sale": "2021-04-15", "last_sale": "2022-06-29"}}, {"type": "Feature", "geometry": {"type": "Point", "coordinates": [2.402879, 48.836593]}, "properties": {"id_parcelle": "75112000AX0001", "address": "254 AV DAUMESNIL", "sales": 3, "median_price": 380000.0, "median_price_per_sqm": 8104.674796747968, "median_rooms": 1.0, "first_sale": "2021-07-23", "last_sale": "2024-12-12"}}, {"type": "Feature", "geometry": {"type": "Point", "coordinates": [2.401946, 48.839178]}, "properties": {"id_parcelle": "75112000AS0008", "address": "14 PAS CHAUSSIN", "sales": 3, "median_price": 471550.0, "median_price_per_sqm": 11501.219512195123, "median_rooms": 0.0, "first_sale": "2021-11-10", "last_sale": "2021-11-10"}}, {"type": "Feature", "geometry": {"type": "Point", "coordinates": [2.371226, 48.847626]}, "properties": {"id_parcelle": "75112000EN0014", "address": "27 RUE DE LYON", "sales": 3, "median_price": 166800.0, "median_price_per_sqm": 11060.0, "median_rooms": 1.0, "first_sale": "2023-05-23", "last_sale": "2025-11-03"}}, {"type": "Feature", "geometry": {"type": "Point", "coordinates": [2.39786, 48.846563]}, "properties": {"id_parcelle": "75112000CL0023", "address": "18 AV DU BEL AIR", "sales": 3, "median_price": 1114239.0, "median_price_per_sqm": 22022.88621794872, "median_rooms": 1.0, "first_sale": "2021-11-25", "last_sale": "2021-11-25"}}, {"type": "Feature", "geometry": {"type": "Point", "coordinates": [2.397978, 48.84635]}, "properties": {"id_parcelle": "75112000CL0024", "address": "16 AV DU BEL AIR", "sales": 3, "median_price": 561300.0, "median_price_per_sqm": 11563.793103448275, "median_rooms": 1.0, "first_sale": "2022-03-16", "last_sale": "2025-09-19"}}, {"type": "Feature", "geometry": {"type": "Point", "coordinates": [2.406243, 48.845644]}, "properties": {"id_parcelle": "75112000AI0009", "address": "66 AV DU DOC ARNOLD NETTER", "sales": 3, "median_price": 863400.0, "median_price_per_sqm": 10792.5, "median_rooms": 0.0, "first_sale": "2022-03-31", "last_sale": "2022-03-31"}}, {"type": "Feature", "geometry": {"type": "Point", "coordinates": [2.407303, 48.846478]}, "properties": {"id_parcelle": "75112000AI0021", "address": "3 IMP VASSOU", "sales": 3, "median_price": 345000.0, "median_price_per_sqm": 11500.0, "median_rooms": 0.0, "first_sale": "2021-11-19", "last_sale": "2021-11-19"}}, {"type": "Feature", "geometry": {"type": "Point", "coordinates": [2.40947, 48.845689]}, "properties": {"id_parcelle": "75112000AI0057", "address": "23 RUE MONTERA", "sales": 3, "median_price": 145000.0, "median_price_per_sqm": 6304.347826086957, "median_rooms": 1.0, "first_sale": "2023-05-30", "last_sale": "2024-11-27"}}, {"type": "Feature", "geometry": {"type": "Point", "coordinates": [2.409403, 48.845604]}, "properties": {"id_parcelle": "75112000AI0058", "address": "21 RUE MONTERA", "sales": 3, "median_price": 708000.0, "median_price_per_sqm": 8329.411764705883, "median_rooms": 0.0, "first_sale": "2024-06-26", "last_sale": "2024-06-26"}}, {"type": "Feature", "geometry": {"type": "Point", "coordinates": [2.400176, 48.846171]}, "properties": {"id_parcelle": "75112000CL0070", "address": "63 BD DE PICPUS", "sales": 3, "median_price": 980000.0, "median_price_per_sqm": 13243.243243243243, "median_rooms": 0.0, "first_sale": "2022-04-21", "last_sale": "2022-09-07"}}, {"type": "Feature", "geometry": {"type": "Point", "coordinates": [2.375687, 48.848735]}, "properties": {"id_parcelle": "75112000ET0042", "address": "89 RUE DE CHARENTON", "sales": 3, "median_price": 690000.0, "median_price_per_sqm": 8683.736489963974, "median_rooms": 0.0, "first_sale": "2022-12-22", "last_sale": "2024-11-07"}}, {"type": "Feature", "geometry": {"type": "Point", "coordinates": [2.374434, 48.851332]}, "properties": {"id_parcelle": "75112000ER0070", "address": "19 RUE SAINT NICOLAS", "sales": 3, "median_price": 1789100.0, "median_price_per_sqm": 10762.27564102564, "median_rooms": 0.0, "first_sale": "2022-01-11", "last_sale": "2022-03-21"}}, {"type": "Feature", "geometry": {"type": "Point", "coordinates": [2.373618, 48.850391]}, "properties": {"id_parcelle": "75112000ER0078", "address": "65 RUE DE CHARENTON", "sales": 3, "median_price": 640000.0, "median_price_per_sqm": 6397.15741485653, "median_rooms": 0.0, "first_sale": "2024-07-11", "last_sale": "2025-06-20"}}, {"type": "Feature", "geometry": {"type": "Point", "coordinates": [2.373541, 48.851295]}, "properties": {"id_parcelle": "75112000ER0116", "address": "14 PAS DU CHANTIER", "sales": 3, "median_price": 205000.0, "median_price_per_sqm": 5000.0, "median_rooms": 2.0, "first_sale": "2021-03-12", "last_sale": "2024-11-22"}}, {"type": "Feature", "geometry": {"type": "Point", "coordinates": [2.404605, 48.839371]}, "properties": {"id_parcelle": "75112000AR0018", "address": "114 AV DU GAL MICHEL BIZOT", "sales": 3, "median_price": 450000.0, "median_price_per_sqm": 5951.374207188161, "median_rooms": 0.0, "first_sale": "2023-07-07", "last_sale": "2024-07-11"}}, {"type": "Feature", "geometry": {"type": "Point", "coordinates": [2.403104, 48.839644]}, "properties": {"id_parcelle": "75112000AR0031", "address": "26 RUE LOUIS BRAILLE", "sales": 3, "median_price": 223000.0, "median_price_per_sqm": 7689.6551724137935, "median_rooms": 2.0, "first_sale": "2021-02-16", "last_sale": "2024-04-25"}}, {"type": "Feature", "geometry": {"type": "Point", "coordinates": [2.3765, 48.850434]}, "properties": {"id_parcelle": "75112000ET0028", "address": "3 RUE ANTOINE VOLLON", "sales": 3, "median_price": 633881.0, "median_price_per_sqm": 18536.995000000003, "median_rooms": 0.0, "first_sale": "2023-02-28", "last_sale": "2024-07-26"}}, {"type": "Feature", "geometry": {"type": "Point", "coordinates": [2.389988, 48.840558]}, "properties": {"id_parcelle": "75112000CC0057", "address": "8 RUE ELISA LEMONNIER", "sales": 3, "median_price": 390000.0, "median_price_per_sqm": 8277.591973244147, "median_rooms": 1.0, "first_sale": "2022-11-07", "last_sale": "2024-11-22"}}, {"type": "Feature", "geometry": {"type": "Point", "coordinates": [2.390746, 48.837454]}, "properties": {"id_parcelle": "75112000DD0011", "address": "258 RUE DE CHARENTON", "sales": 3, "median_price": 182000.0, "median_price_per_sqm": 8958.333333333334, "median_rooms": 2.0, "first_sale": "2024-08-29", "last_sale": "2025-09-25"}}, {"type": "Feature", "geometry": {"type": "Point", "coordinates": [2.390086, 48.837256]}, "properties": {"id_parcelle": "75112000DD0015", "address": "31 RUE PROUDHON", "sales": 3, "median_price": 260000.0, "median_price_per_sqm": 7149.122807017544, "median_rooms": 2.0, "first_sale": "2021-04-29", "last_sale": "2025-10-14"}}, {"type": "Feature", "geometry": {"type": "Point", "coordinates": [2.388138, 48.839688]}, "properties": {"id_parcelle": "75112000DA0034", "address": "228 RUE DE CHARENTON", "sales": 3, "median_price": 1378652.0, "median_price_per_sqm": 11488.766666666666, "median_rooms": 0.0, "first_sale": "2023-09-15", "last_sale": "2023-09-15"}}, {"type": "Feature", "geometry": {"type": "Point", "coordinates": [2.399186, 48.832663]}, "properties": {"id_parcelle": "75112000BN0039", "address": "29 BD PONIATOWSKI", "sales": 3, "median_price": 345000.0, "median_price_per_sqm": 8540.723981900454, "median_rooms": 1.0, "first_sale": "2024-06-06", "last_sale": "2024-12-17"}}, {"type": "Feature", "geometry": {"type": "Point", "coordinates": [2.383637, 48.841998]}, "properties": {"id_parcelle": "75112000CZ0031", "address": "45 RUE JORGE SEMPRUN", "sales": 3, "median_price": 444096.0, "median_price_per_sqm": 10573.714285714286, "median_rooms": 0.0, "first_sale": "2025-08-04", "last_sale": "2025-10-02"}}, {"type": "Feature", "geometry": {"type": "Point", "coordinates": [2.386694, 48.84284]}, "properties": {"id_parcelle": "75112000CE0025", "address": "8 RUE MONTGALLET", "sales": 3, "median_price": 340000.0, "median_price_per_sqm": 7992.527173913044, "median_rooms": 2.0, "first_sale": "2021-03-19", "last_sale": "2023-04-17"}}, {"type": "Feature", "geometry": {"type": "Point", "coordinates": [2.375431, 48.846317]}, "properties": {"id_parcelle": "75112000EW0064", "address": "27 BD DIDEROT", "sales": 3, "median_price": 870000.0, "median_price_per_sqm": 8449.263502454993, "median_rooms": 0.0, "first_sale": "2023-10-09", "last_sale": "2025-10-24"}}, {"type": "Feature", "geometry": {"type": "Point", "coordinates": [2.375215, 48.846724]}, "properties": {"id_parcelle": "75112000EW0074", "address": "8 RUE ABEL", "sales": 3, "median_price": 1161000.0, "median_price_per_sqm": 11754.227053140097, "median_rooms": 3.0, "first_sale": "2021-03-31", "last_sale": "2023-08-31"}}, {"type": "Feature", "geometry": {"type": "Point", "coordinates": [2.398646, 48.840032]}, "properties": {"id_parcelle": "75112000BY0038", "address": "8 RUE DU DOCTEUR GOUJON", "sales": 3, "median_price": 387000.0, "median_price_per_sqm": 9161.538461538461, "median_rooms": 1.0, "first_sale": "2024-03-29", "last_sale": "2025-12-22"}}, {"type": "Feature", "geometry": {"type": "Point", "coordinates": [2.39257, 48.848537]}, "properties": {"id_parcelle": "75112000CR0060", "address": "266 RUE DU FBG ST ANTOINE", "sales": 3, "median_price": 440000.0, "median_price_per_sqm": 7732.558139534884, "median_rooms": 0.0, "first_sale": "2021-09-14", "last_sale": "2022-04-20"}}, {"type": "Feature", "geometry": {"type": "Point", "coordinates": [2.404112, 48.834909]}, "properties": {"id_parcelle": "75112000AX0091", "address": "15 RUE ERNEST LACOSTE", "sales": 3, "median_price": 375000.0, "median_price_per_sqm": 11423.01493598862, "median_rooms": 2.0, "first_sale": "2021-02-18", "last_sale": "2023-03-22"}}, {"type": "Feature", "geometry": {"type": "Point", "coordinates": [2.39237, 48.837429]}, "properties": {"id_parcelle": "75112000BT0014", "address": "5 RUE DE LA LANCETTE", "sales": 3, "median_price": 739200.0, "median_price_per_sqm": 9050.11189258312, "median_rooms": 4.0, "first_sale": "2021-02-12", "last_sale": "2022-08-30"}}, {"type": "Feature", "geometry": {"type": "Point", "coordinates": [2.401776, 48.837746]}, "properties": {"id_parcelle": "75112000BX0017", "address": "122 RUE DE PICPUS", "sales": 3, "median_price": 401000.0, "median_price_per_sqm": 10512.66891891892, "median_rooms": 1.0, "first_sale": "2022-07-12", "last_sale": "2025-09-08"}}, {"type": "Feature", "geometry": {"type": "Point", "coordinates": [2.401644, 48.837666]}, "properties": {"id_parcelle": "75112000BX0018", "address": "247 AV DAUMESNIL", "sales": 3, "median_price": 531300.0, "median_price_per_sqm": 9753.333333333332, "median_rooms": 1.0, "first_sale": "2022-08-25", "last_sale": "2025-11-04"}}, {"type": "Feature", "geometry": {"type": "Point", "coordinates": [2.378575, 48.850254]}, "properties": {"id_parcelle": "75112000EX0038", "address": "81 RUE CROZATIER", "sales": 3, "median_price": 319770.0, "median_price_per_sqm": 10294.117647058823, "median_rooms": 2.0, "first_sale": "2021-10-15", "last_sale": "2025-12-23"}}, {"type": "Feature", "geometry": {"type": "Point", "coordinates": [2.378265, 48.846651]}, "properties": {"id_parcelle": "75112000EW0103", "address": "116 RUE DE CHARENTON", "sales": 3, "median_price": 2700.0, "median_price_per_sqm": 67.5, "median_rooms": 0.0, "first_sale": "2024-12-16", "last_sale": "2024-12-16"}}, {"type": "Feature", "geometry": {"type": "Point", "coordinates": [2.377412, 48.849723]}, "properties": {"id_parcelle": "75112000EX0020", "address": "4 RUE THEOPHILE ROUSSEL", "sales": 3, "median_price": 448270.0, "median_price_per_sqm": 10184.003759398496, "median_rooms": 0.0, "first_sale": "2021-11-30", "last_sale": "2022-09-20"}}, {"type": "Feature", "geometry": {"type": "Point", "coordinates": [2.401727, 48.833555]}, "properties": {"id_parcelle": "75112000BN0029", "address": "67 BD PONIATOWSKI", "sales": 3, "median_price": 395000.0, "median_price_per_sqm": 9089.880952380952, "median_rooms": 2.0, "first_sale": "2022-10-14", "last_sale": "2025-05-19"}}, {"type": "Feature", "geometry": {"type": "Point", "coordinates": [2.391121, 48.840229]}, "properties": {"id_parcelle": "75112000CC0045", "address": "5 RUE PLEYEL", "sales": 3, "median_price": 353850.0, "median_price_per_sqm": 10917.96218487395, "median_rooms": 2.0, "first_sale": "2024-12-20", "last_sale": "2024-12-23"}}, {"type": "Feature", "geometry": {"type": "Point", "coordinates": [2.390172, 48.840597]}, "properties": {"id_parcelle": "75112000CC0055", "address": "140 AV DAUMESNIL", "sales": 3, "median_price": 587325.0, "median_price_per_sqm": 7713.425069380203, "median_rooms": 0.0, "first_sale": "2022-12-09", "last_sale": "2024-12-06"}}, {"type": "Feature", "geometry": {"type": "Point", "coordinates": [2.3762, 48.848857]}, "properties": {"id_parcelle": "75112000ET0039", "address": "1 RUE CHARLES BAUDELAIRE", "sales": 3, "median_price": 620000.0, "median_price_per_sqm": 11705.367322360498, "median_rooms": 3.0, "first_sale": "2021-07-22", "last_sale": "2022-07-13"}}, {"type": "Feature", "geometry": {"type": "Point", "coordinates": [2.374268, 48.84748]}, "properties": {"id_parcelle": "75112000EN0114", "address": "28 AV DAUMESNIL", "sales": 3, "median_price": 995000.0, "median_price_per_sqm": 11569.767441860466, "median_rooms": 0.0, "first_sale": "2022-06-27", "last_sale": "2022-06-27"}}, {"type": "Feature", "geometry": {"type": "Point", "coordinates": [2.390719, 48.839438]}, "properties": {"id_parcelle": "75112000CB0003", "address": "6 RUE DUGOMMIER", "sales": 3, "median_price": 565000.0, "median_price_per_sqm": 12320.90643274854, "median_rooms": 1.0, "first_sale": "2022-07-21", "last_sale": "2023-03-31"}}, {"type": "Feature", "geometry": {"type": "Point", "coordinates": [2.391097, 48.839454]}, "properties": {"id_parcelle": "75112000CB0008", "address": "15 BD DE REUILLY", "sales": 3, "median_price": 400000.0, "median_price_per_sqm": 10606.060606060606, "median_rooms": 2.0, "first_sale": "2021-03-31", "last_sale": "2021-12-16"}}, {"type": "Feature", "geometry": {"type": "Point", "coordinates": [2.39149, 48.83967]}, "properties": {"id_parcelle": "75112000CB0014", "address": "16 RUE DUGOMMIER", "sales": 3, "median_price": 305000.0, "median_price_per_sqm": 10166.666666666666, "median_rooms": 0.0, "first_sale": "2021-10-01", "last_sale": "2025-03-26"}}, {"type": "Feature", "geometry": {"type": "Point", "coordinates": [2.381273, 48.845803]}, "properties": {"id_parcelle": "75112000HA0127", "address": "6 PAS ABEL LEBLANC", "sales": 3, "median_price": 245000.0, "median_price_per_sqm": 12894.736842105263, "median_rooms": 1.0, "first_sale": "2021-07-08", "last_sale": "2024-05-17"}}, {"type": "Feature", "geometry": {"type": "Point", "coordinates": [2.380995, 48.846005]}, "properties": {"id_parcelle": "75112000HA0137", "address": "9 PAS ABEL LEBLANC", "sales": 3, "median_price": 1329500.0, "median_price_per_sqm": 11700.512214342001, "median_rooms": 3.0, "first_sale": "2022-07-07", "last_sale": "2022-09-02"}}, {"type": "Feature", "geometry": {"type": "Point", "coordinates": [2.404539, 48.841522]}, "properties": {"id_parcelle": "75112000AD0045", "address": "1 RUE VICTOR CHEVREUIL", "sales": 3, "median_price": 465050.0, "median_price_per_sqm": 13915.393518518518, "median_rooms": 0.0, "first_sale": "2023-09-20", "last_sale": "2023-10-31"}}, {"type": "Feature", "geometry": {"type": "Point", "coordinates": [2.382858, 48.84585]}, "properties": {"id_parcelle": "75112000HA0057", "address": "10 RUE CROZATIER", "sales": 3, "median_price": 420000.0, "median_price_per_sqm": 13076.49667405765, "median_rooms": 1.0, "first_sale": "2021-04-15", "last_sale": "2025-04-11"}}, {"type": "Feature", "geometry": {"type": "Point", "coordinates": [2.401569, 48.846009]}, "properties": {"id_parcelle": "75112000AA0069", "address": "82 BD DE PICPUS", "sales": 3, "median_price": 1355000.0, "median_price_per_sqm": 9280.82191780822, "median_rooms": 0.0, "first_sale": "2021-06-16", "last_sale": "2025-01-31"}}, {"type": "Feature", "geometry": {"type": "Point", "coordinates": [2.403607, 48.847058]}, "properties": {"id_parcelle": "75112000AB0005", "address": "28 RUE MARSOULAN", "sales": 3, "median_price": 1355000.0, "median_price_per_sqm": 11014.423076923078, "median_rooms": 0.0, "first_sale": "2021-12-28", "last_sale": "2022-02-28"}}, {"type": "Feature", "geometry": {"type": "Point", "coordinates": [2.40417, 48.847141]}, "properties": {"id_parcelle": "75112000AB0013", "address": "60 CRS DE VINCENNES", "sales": 3, "median_price": 343700.0, "median_price_per_sqm": 8432.726045883941, "median_rooms": 1.0, "first_sale": "2023-10-04", "last_sale": "2024-07-24"}}, {"type": "Feature", "geometry": {"type": "Point", "coordinates": [2.390572, 48.83938]}, "properties": {"id_parcelle": "75112000CB0002", "address": "9 BD DE REUILLY", "sales": 3, "median_price": 290000.0, "median_price_per_sqm": 9102.678571428572, "median_rooms": 2.0, "first_sale": "2021-04-19", "last_sale": "2025-04-28"}}, {"type": "Feature", "geometry": {"type": "Point", "coordinates": [2.393719, 48.839126]}, "properties": {"id_parcelle": "75112000CB0049", "address": "40 BD DE REUILLY", "sales": 3, "median_price": 830000.0, "median_price_per_sqm": 10007.017543859649, "median_rooms": 0.0, "first_sale": "2022-05-05", "last_sale": "2025-06-10"}}, {"type": "Feature", "geometry": {"type": "Point", "coordinates": [2.39329, 48.838936]}, "properties": {"id_parcelle": "75112000CB0054", "address": "31 RUE TAINE", "sales": 3, "median_price": 585000.0, "median_price_per_sqm": 13268.437929454878, "median_rooms": 0.0, "first_sale": "2021-07-02", "last_sale": "2023-10-31"}}, {"type": "Feature", "geometry": {"type": "Point", "coordinates": [2.405157, 48.845246]}, "properties": {"id_parcelle": "75112000AB0051", "address": "6 RUE DU RENDEZ VOUS", "sales": 3, "median_price": 775000.0, "median_price_per_sqm": 18452.380952380954, "median_rooms": 0.0, "first_sale": "2021-03-02", "last_sale": "2021-09-22"}}, {"type": "Feature", "geometry": {"type": "Point", "coordinates": [2.400332, 48.847311]}, "properties": {"id_parcelle": "75112000AA0013", "address": "72 RUE DU RENDEZ VOUS", "sales": 3, "median_price": 264000.0, "median_price_per_sqm": 9806.557377049181, "median_rooms": 1.0, "first_sale": "2021-06-01", "last_sale": "2024-03-08"}}, {"type": "Feature", "geometry": {"type": "Point", "coordinates": [2.4027, 48.841804]}, "properties": {"id_parcelle": "75112000AD0058", "address": "25 RUE VICTOR CHEVREUIL", "sales": 3, "median_price": 385300.0, "median_price_per_sqm": 11419.736842105263, "median_rooms": 2.0, "first_sale": "2022-07-12", "last_sale": "2025-07-25"}}, {"type": "Feature", "geometry": {"type": "Point", "coordinates": [2.379342, 48.849284]}, "properties": {"id_parcelle": "75112000EX0046", "address": "69 RUE CROZATIER", "sales": 3, "median_price": 567800.0, "median_price_per_sqm": 13745.182724252492, "median_rooms": 2.0, "first_sale": "2022-03-24", "last_sale": "2022-09-20"}}, {"type": "Feature", "geometry": {"type": "Point", "coordinates": [2.379321, 48.84923]}, "properties": {"id_parcelle": "75112000EX0047", "address": "67 RUE CROZATIER", "sales": 3, "median_price": 1285000.0, "median_price_per_sqm": 11077.586206896553, "median_rooms": 0.0, "first_sale": "2021-10-07", "last_sale": "2021-10-07"}}, {"type": "Feature", "geometry": {"type": "Point", "coordinates": [2.379973, 48.848412]}, "properties": {"id_parcelle": "75112000EX0054", "address": "4 IMP CROZATIER", "sales": 3, "median_price": 270000.0, "median_price_per_sqm": 9917.582417582416, "median_rooms": 2.0, "first_sale": "2023-10-03", "last_sale": "2024-09-06"}}, {"type": "Feature", "geometry": {"type": "Point", "coordinates": [2.380287, 48.848093]}, "properties": {"id_parcelle": "75112000EX0057", "address": "43 RUE CROZATIER", "sales": 3, "median_price": 422000.0, "median_price_per_sqm": 11452.702702702703, "median_rooms": 2.0, "first_sale": "2022-03-30", "last_sale": "2022-11-02"}}, {"type": "Feature", "geometry": {"type": "Point", "coordinates": [2.399634, 48.847349]}, "properties": {"id_parcelle": "75112000AA0004", "address": "82 RUE DU RENDEZ VOUS", "sales": 3, "median_price": 373000.0, "median_price_per_sqm": 7460.0, "median_rooms": 0.0, "first_sale": "2024-04-18", "last_sale": "2025-01-31"}}, {"type": "Feature", "geometry": {"type": "Point", "coordinates": [2.379406, 48.844783]}, "properties": {"id_parcelle": "75112000HB0119", "address": "19 PAS GATBOIS", "sales": 3, "median_price": 345000.0, "median_price_per_sqm": 12435.232383808096, "median_rooms": 1.0, "first_sale": "2023-01-18", "last_sale": "2023-01-27"}}, {"type": "Feature", "geometry": {"type": "Point", "coordinates": [2.398604, 48.838825]}, "properties": {"id_parcelle": "75112000BY0080", "address": "209 AV DAUMESNIL", "sales": 3, "median_price": 909950.0, "median_price_per_sqm": 8733.511131725418, "median_rooms": 0.0, "first_sale": "2022-03-25", "last_sale": "2025-10-17"}}, {"type": "Feature", "geometry": {"type": "Point", "coordinates": [2.402708, 48.845614]}, "properties": {"id_parcelle": "75112000AA0050", "address": "7 RUE MARSOULAN", "sales": 2, "median_price": 540300.0, "median_price_per_sqm": 9478.947368421053, "median_rooms": 1.5, "first_sale": "2024-05-29", "last_sale": "2024-05-29"}}, {"type": "Feature", "geometry": {"type": "Point", "coordinates": [2.402284, 48.845596]}, "properties": {"id_parcelle": "75112000AA0057", "address": "72 BD DE PICPUS", "sales": 2, "median_price": 36000.0, "median_price_per_sqm": null, "median_rooms": 0.0, "first_sale": "2023-04-19", "last_sale": "2024-12-05"}}, {"type": "Feature", "geometry": {"type": "Point", "coordinates": [2.402626, 48.845722]}, "properties": {"id_parcelle": "75112000AA0059", "address": "37 RUE DU RENDEZ VOUS", "sales": 2, "median_price": 241809.0, "median_price_per_sqm": 4318.017857142857, "median_rooms": 1.5, "first_sale": "2025-12-01", "last_sale": "2025-12-01"}}, {"type": "Feature", "geometry": {"type": "Point", "coordinates": [2.381709, 48.845985]}, "properties": {"id_parcelle": "75112000HA0123", "address": "10 PAS ABEL LEBLANC", "sales": 2, "median_price": 675000.0, "median_price_per_sqm": 9642.857142857143, "median_rooms": 1.5, "first_sale": "2021-04-23", "last_sale": "2021-04-23"}}, {"type": "Feature", "geometry": {"type": "Point", "coordinates": [2.394234, 48.840212]}, "properties": {"id_parcelle": "75112000CA0031", "address": "195 AV DAUMESNIL", "sales": 2, "median_price": 389500.0, "median_price_per_sqm": 10250.0, "median_rooms": 1.0, "first_sale": "2025-10-10", "last_sale": "2025-10-10"}}, {"type": "Feature", "geometry": {"type": "Point", "coordinates": [2.39516, 48.840508]}, "properties": {"id_parcelle": "75112000CA0045", "address": "125 RUE DE REUILLY", "sales": 2, "median_price": 1035000.0, "median_price_per_sqm": 10781.25, "median_rooms": 2.0, "first_sale": "2022-07-28", "last_sale": "2022-07-28"}}, {"type": "Feature", "geometry": {"type": "Point", "coordinates": [2.390433, 48.839345]}, "properties": {"id_parcelle": "75112000CB0001", "address": "7 BD DE REUILLY", "sales": 2, "median_price": 198800.0, "median_price_per_sqm": 7100.0, "median_rooms": 1.0, "first_sale": "2022-10-04", "last_sale": "2022-10-04"}}, {"type": "Feature", "geometry": {"type": "Point", "coordinates": [2.391624, 48.839712]}, "properties": {"id_parcelle": "75112000CB0015", "address": "18 RUE DUGOMMIER", "sales": 2, "median_price": 446500.0, "median_price_per_sqm": 9922.222222222223, "median_rooms": 1.5, "first_sale": "2022-10-04", "last_sale": "2022-10-04"}}, {"type": "Feature", "geometry": {"type": "Point", "coordinates": [2.391914, 48.83956]}, "properties": {"id_parcelle": "75112000CB0017", "address": "25 BD DE REUILLY", "sales": 2, "median_price": 2050000.0, "median_price_per_sqm": 40196.07843137255, "median_rooms": 0.0, "first_sale": "2022-01-06", "last_sale": "2022-12-29"}}, {"type": "Feature", "geometry": {"type": "Point", "coordinates": [2.405522, 48.845206]}, "properties": {"id_parcelle": "75112000AB0053", "address": "61 AV DU DOC ARNOLD NETTER", "sales": 2, "median_price": 670000.0, "median_price_per_sqm": 7127.659574468085, "median_rooms": 2.0, "first_sale": "2025-03-04", "last_sale": "2025-03-04"}}, {"type": "Feature", "geometry": {"type": "Point", "coordinates": [2.382198, 48.845627]}, "properties": {"id_parcelle": "75112000HA0042", "address": "14 AV DE CORBERA", "sales": 2, "median_price": 798000.0, "median_price_per_sqm": 10640.0, "median_rooms": 2.0, "first_sale": "2022-07-13", "last_sale": "2022-07-13"}}, {"type": "Feature", "geometry": {"type": "Point", "coordinates": [2.382348, 48.845383]}, "properties": {"id_parcelle": "75112000HA0045", "address": "7 RUE CROZATIER", "sales": 2, "median_price": 280000.0, "median_price_per_sqm": 8750.0, "median_rooms": 1.0, "first_sale": "2021-09-15", "last_sale": "2021-09-15"}}, {"type": "Feature", "geometry": {"type": "Point", "coordinates": [2.398691, 48.835859]}, "properties": {"id_parcelle": "75112000BP0017", "address": "10 RUE DE CAPRI", "sales": 2, "median_price": 208750.0, "median_price_per_sqm": 8087.0370370370365, "median_rooms": 0.5, "first_sale": "2021-12-08", "last_sale": "2022-10-25"}}, {"type": "Feature", "geometry": {"type": "Point", "coordinates": [2.400923, 48.842582]}, "properties": {"id_parcelle": "75112000BZ0021", "address": "23 BD DE PICPUS", "sales": 2, "median_price": 434450.0, "median_price_per_sqm": 8197.169811320755, "median_rooms": 1.5, "first_sale": "2023-01-20", "last_sale": "2023-01-20"}}, {"type": "Feature", "geometry": {"type": "Point", "coordinates": [2.393419, 48.839042]}, "properties": {"id_parcelle": "75112000CB0052", "address": "36 BD DE REUILLY", "sales": 2, "median_price": 495000.0, "median_price_per_sqm": 8389.830508474577, "median_rooms": 1.5, "first_sale": "2024-05-02", "last_sale": "2024-05-02"}}, {"type": "Feature", "geometry": {"type": "Point", "coordinates": [2.391339, 48.838873]}, "properties": {"id_parcelle": "75112000CB0083", "address": "16 BD DE REUILLY", "sales": 2, "median_price": 778400.0, "median_price_per_sqm": 10663.013698630137, "median_rooms": 1.5, "first_sale": "2022-08-23", "last_sale": "2022-08-23"}}, {"type": "Feature", "geometry": {"type": "Point", "coordinates": [2.40404, 48.845262]}, "properties": {"id_parcelle": "75112000AB0081", "address": "13 RUE DU RENDEZ VOUS", "sales": 2, "median_price": 256770.5, "median_price_per_sqm": 8606.75, "median_rooms": 0.5, "first_sale": "2021-01-25", "last_sale": "2021-02-11"}}, {"type": "Feature", "geometry": {"type": "Point", "coordinates": [2.40401, 48.845828]}, "properties": {"id_parcelle": "75112000AB0099", "address": "2 CITE DEBERGUE", "sales": 2, "median_price": 315000.0, "median_price_per_sqm": 4065.478657273104, "median_rooms": 3.0, "first_sale": "2024-07-19", "last_sale": "2025-11-18"}}, {"type": "Feature", "geometry": {"type": "Point", "coordinates": [2.404797, 48.845946]}, "properties": {"id_parcelle": "75112000AB0110", "address": "9 CITE DU RENDEZ VOUS", "sales": 2, "median_price": 249000.0, "median_price_per_sqm": 12450.0, "median_rooms": 0.5, "first_sale": "2021-08-03", "last_sale": "2021-08-03"}}, {"type": "Feature", "geometry": {"type": "Point", "coordinates": [2.404222, 48.845786]}, "properties": {"id_parcelle": "75112000AB0126", "address": "4 CITE DEBERGUE", "sales": 2, "median_price": 475000.0, "median_price_per_sqm": 11168.91891891892, "median_rooms": 2.0, "first_sale": "2023-04-20", "last_sale": "2023-04-20"}}, {"type": "Feature", "geometry": {"type": "Point", "coordinates": [2.402868, 48.844648]}, "properties": {"id_parcelle": "75112000AC0003", "address": "54 AV DE SAINT-MANDE", "sales": 2, "median_price": 411000.0, "median_price_per_sqm": 11416.666666666666, "median_rooms": 1.0, "first_sale": "2022-05-30", "last_sale": "2022-05-30"}}, {"type": "Feature", "geometry": {"type": "Point", "coordinates": [2.40303, 48.844635]}, "properties": {"id_parcelle": "75112000AC0004", "address": "56 AV DE SAINT-MANDE", "sales": 2, "median_price": 2800000.0, "median_price_per_sqm": 24769.23076923077, "median_rooms": 2.0, "first_sale": "2021-10-26", "last_sale": "2021-10-26"}}, {"type": "Feature", "geometry": {"type": "Point", "coordinates": [2.404157, 48.844485]}, "properties": {"id_parcelle": "75112000AC0013", "address": "74 AV DE SAINT-MANDE", "sales": 2, "median_price": 340000.0, "median_price_per_sqm": 7555.555555555556, "median_rooms": 1.5, "first_sale": "2023-10-10", "last_sale": "2023-10-10"}}, {"type": "Feature", "geometry": {"type": "Point", "coordinates": [2.379929, 48.847564]}, "properties": {"id_parcelle": "75112000EZ0007", "address": "13 RUE DE CITEAUX", "sales": 2, "median_price": 947000.0, "median_price_per_sqm": 9762.886597938144, "median_rooms": 2.0, "first_sale": "2025-07-04", "last_sale": "2025-07-04"}}, {"type": "Feature", "geometry": {"type": "Point", "coordinates": [2.396654, 48.846893]}, "properties": {"id_parcelle": "75112000CM0032", "address": "25 AV DU BEL AIR", "sales": 2, "median_price": 683680.0, "median_price_per_sqm": 8878.961038961039, "median_rooms": 1.5, "first_sale": "2025-07-31", "last_sale": "2025-07-31"}}, {"type": "Feature", "geometry": {"type": "Point", "coordinates": [2.396877, 48.846373]}, "properties": {"id_parcelle": "75112000CM0036", "address": "17 AV DU BEL AIR", "sales": 2, "median_price": 306500.0, "median_price_per_sqm": 11847.222222222223, "median_rooms": 1.5, "first_sale": "2022-03-15", "last_sale": "2025-10-09"}}, {"type": "Feature", "geometry": {"type": "Point", "coordinates": [2.37035, 48.848472]}, "properties": {"id_parcelle": "75112000EO0025", "address": "20 RUE JULES CESAR", "sales": 2, "median_price": 30000.0, "median_price_per_sqm": 2500.0, "median_rooms": 0.0, "first_sale": "2023-06-01", "last_sale": "2024-02-29"}}, {"type": "Feature", "geometry": {"type": "Point", "coordinates": [2.408472, 48.846167]}, "properties": {"id_parcelle": "75112000AI0124", "address": "3 IMP CANART", "sales": 2, "median_price": 219000.0, "median_price_per_sqm": 9125.0, "median_rooms": 1.0, "first_sale": "2022-08-26", "last_sale": "2022-08-26"}}, {"type": "Feature", "geometry": {"type": "Point", "coordinates": [2.370201, 48.849734]}, "properties": {"id_parcelle": "75112000EP0024", "address": "6 RUE BISCORNET", "sales": 2, "median_price": 310747.5, "median_price_per_sqm": 10928.452380952382, "median_rooms": 1.5, "first_sale": "2022-09-12", "last_sale": "2024-02-20"}}, {"type": "Feature", "geometry": {"type": "Point", "coordinates": [2.369938, 48.850684]}, "properties": {"id_parcelle": "75112000EP0031", "address": "63 RUE DE LYON", "sales": 2, "median_price": 284050.0, "median_price_per_sqm": 6202.5, "median_rooms": 0.5, "first_sale": "2022-08-17", "last_sale": "2024-05-27"}}, {"type": "Feature", "geometry": {"type": "Point", "coordinates": [2.371457, 48.852254]}, "properties": {"id_parcelle": "75112000ER0031", "address": "29 RUE DE CHARENTON", "sales": 2, "median_price": 402322.0, "median_price_per_sqm": 8923.79074074074, "median_rooms": 1.0, "first_sale": "2023-05-10", "last_sale": "2024-07-30"}}, {"type": "Feature", "geometry": {"type": "Point", "coordinates": [2.372633, 48.851928]}, "properties": {"id_parcelle": "75112000ER0045", "address": "46 RUE DU FBG ST ANTOINE", "sales": 2, "median_price": 12300000.0, "median_price_per_sqm": 4823.529411764706, "median_rooms": 0.0, "first_sale": "2024-10-21", "last_sale": "2024-10-21"}}, {"type": "Feature", "geometry": {"type": "Point", "coordinates": [2.398973, 48.846393]}, "properties": {"id_parcelle": "75112000CL0047", "address": "16 RUE DES COLONNES DU TRONE", "sales": 2, "median_price": 25375000.0, "median_price_per_sqm": 19078.947368421053, "median_rooms": 0.0, "first_sale": "2022-03-31", "last_sale": "2022-06-15"}}, {"type": "Feature", "geometry": {"type": "Point", "coordinates": [2.398936, 48.846566]}, "properties": {"id_parcelle": "75112000CL0048", "address": "18 RUE DES COLONNES DU TRONE", "sales": 2, "median_price": 25375000.0, "median_price_per_sqm": 16162.420382165605, "median_rooms": 0.0, "first_sale": "2022-03-31", "last_sale": "2022-06-15"}}, {"type": "Feature", "geometry": {"type": "Point", "coordinates": [2.398607, 48.847168]}, "properties": {"id_parcelle": "75112000CL0056", "address": "79 BD DE PICPUS", "sales": 2, "median_price": 540000.0, "median_price_per_sqm": 7677.304964539007, "median_rooms": 0.0, "first_sale": "2024-05-14", "last_sale": "2025-04-25"}}, {"type": "Feature", "geometry": {"type": "Point", "coordinates": [2.399877, 48.846071]}, "properties": {"id_parcelle": "75112000CL0068", "address": "9 VLA DE SAINT MANDE", "sales": 2, "median_price": 300955.0, "median_price_per_sqm": 12038.2, "median_rooms": 1.0, "first_sale": "2021-07-09", "last_sale": "2021-07-09"}}, {"type": "Feature", "geometry": {"type": "Point", "coordinates": [2.400168, 48.838216]}, "properties": {"id_parcelle": "75112000BX0007", "address": "225 AV DAUMESNIL", "sales": 2, "median_price": 552500.0, "median_price_per_sqm": 10045.454545454546, "median_rooms": 1.5, "first_sale": "2024-01-31", "last_sale": "2024-01-31"}}, {"type": "Feature", "geometry": {"type": "Point", "coordinates": [2.400256, 48.838174]}, "properties": {"id_parcelle": "75112000BX0008", "address": "227 AV DAUMESNIL", "sales": 2, "median_price": 685000.0, "median_price_per_sqm": 8782.051282051281, "median_rooms": 2.0, "first_sale": "2024-05-24", "last_sale": "2024-05-24"}}, {"type": "Feature", "geometry": {"type": "Point", "coordinates": [2.372945, 48.851905]}, "properties": {"id_parcelle": "75112000ER0047", "address": "52 RUE DU FBG ST ANTOINE", "sales": 2, "median_price": 1194745.0, "median_price_per_sqm": 11861.467136150233, "median_rooms": 1.0, "first_sale": "2021-12-17", "last_sale": "2021-12-17"}}, {"type": "Feature", "geometry": {"type": "Point", "coordinates": [2.409691, 48.845765]}, "properties": {"id_parcelle": "75112000AI0055", "address": "27 RUE MONTERA", "sales": 2, "median_price": 150000.0, "median_price_per_sqm": 6503.4562211981565, "median_rooms": 1.5, "first_sale": "2024-09-12", "last_sale": "2025-10-02"}}, {"type": "Feature", "geometry": {"type": "Point", "coordinates": [2.373302, 48.8518]}, "properties": {"id_parcelle": "75112000ER0051", "address": "60 RUE DU FBG ST ANTOINE", "sales": 2, "median_price": 254000.0, "median_price_per_sqm": 7337.993421052632, "median_rooms": 2.0, "first_sale": "2023-11-10", "last_sale": "2024-05-06"}}, {"type": "Feature", "geometry": {"type": "Point", "coordinates": [2.374109, 48.850956]}, "properties": {"id_parcelle": "75112000ER0075", "address": "7 RUE SAINT NICOLAS", "sales": 2, "median_price": 333000.0, "median_price_per_sqm": 4920.289855072464, "median_rooms": 0.0, "first_sale": "2022-12-08", "last_sale": "2025-07-21"}}, {"type": "Feature", "geometry": {"type": "Point", "coordinates": [2.374433, 48.850788]}, "properties": {"id_parcelle": "75112000ET0010", "address": "16 RUE SAINT NICOLAS", "sales": 2, "median_price": 483650.0, "median_price_per_sqm": 11053.443223443224, "median_rooms": 1.5, "first_sale": "2023-03-02", "last_sale": "2025-03-12"}}, {"type": "Feature", "geometry": {"type": "Point", "coordinates": [2.376582, 48.850543]}, "properties": {"id_parcelle": "75112000ET0029", "address": "5 RUE ANTOINE VOLLON", "sales": 2, "median_price": 1574640.0, "median_price_per_sqm": 16233.40206185567, "median_rooms": 2.0, "first_sale": "2021-08-10", "last_sale": "2021-08-10"}}, {"type": "Feature", "geometry": {"type": "Point", "coordinates": [2.376649, 48.850611]}, "properties": {"id_parcelle": "75112000ET0030", "address": "7 RUE ANTOINE VOLLON", "sales": 2, "median_price": 313200.0, "median_price_per_sqm": 7082.767978290366, "median_rooms": 3.0, "first_sale": "2021-05-21", "last_sale": "2021-05-21"}}, {"type": "Feature", "geometry": {"type": "Point", "coordinates": [2.375113, 48.849037]}, "properties": {"id_parcelle": "75112000ET0047", "address": "85 RUE DE CHARENTON", "sales": 2, "median_price": 671000.0, "median_price_per_sqm": 10650.79365079365, "median_rooms": 2.0, "first_sale": "2023-06-27", "last_sale": "2023-06-27"}}, {"type": "Feature", "geometry": {"type": "Point", "coordinates": [2.403605, 48.83959]}, "properties": {"id_parcelle": "75112000AR0028", "address": "34 RUE LOUIS BRAILLE", "sales": 2, "median_price": 269000.0, "median_price_per_sqm": 8406.25, "median_rooms": 1.5, "first_sale": "2025-03-27", "last_sale": "2025-03-27"}}, {"type": "Feature", "geometry": {"type": "Point", "coordinates": [2.402339, 48.839552]}, "properties": {"id_parcelle": "75112000AR0032", "address": "20 RUE LOUIS BRAILLE", "sales": 2, "median_price": 490000.0, "median_price_per_sqm": 8305.084745762711, "median_rooms": 1.5, "first_sale": "2022-07-29", "last_sale": "2022-07-29"}}, {"type": "Feature", "geometry": {"type": "Point", "coordinates": [2.372962, 48.847098]}, "properties": {"id_parcelle": "75112000EN0095", "address": "24 RUE TRAVERSIERE", "sales": 2, "median_price": 548275.0, "median_price_per_sqm": 11081.182795698925, "median_rooms": 2.5, "first_sale": "2021-06-02", "last_sale": "2023-10-05"}}, {"type": "Feature", "geometry": {"type": "Point", "coordinates": [2.368765, 48.84951]}, "properties": {"id_parcelle": "75112000EO0002", "address": "30 BD DE LA BASTILLE", "sales": 2, "median_price": 800000.0, "median_price_per_sqm": 12698.412698412698, "median_rooms": 1.5, "first_sale": "2021-07-21", "last_sale": "2021-07-21"}}, {"type": "Feature", "geometry": {"type": "Point", "coordinates": [2.399658, 48.836023]}, "properties": {"id_parcelle": "75112000BX0046", "address": "40 RUE CLAUDE DECAEN", "sales": 2, "median_price": 219010.0, "median_price_per_sqm": 8483.833333333332, "median_rooms": 2.0, "first_sale": "2025-06-16", "last_sale": "2025-06-16"}}, {"type": "Feature", "geometry": {"type": "Point", "coordinates": [2.394781, 48.846496]}, "properties": {"id_parcelle": "75112000CM0012", "address": "4 RUE JAUCOURT", "sales": 2, "median_price": 149195.0, "median_price_per_sqm": 12500.0, "median_rooms": 0.5, "first_sale": "2021-06-01", "last_sale": "2021-11-18"}}, {"type": "Feature", "geometry": {"type": "Point", "coordinates": [2.395068, 48.846434]}, "properties": {"id_parcelle": "75112000CM0013", "address": "7 RUE FABRE D EGLANTINE", "sales": 2, "median_price": 320000.0, "median_price_per_sqm": 8648.648648648648, "median_rooms": 1.0, "first_sale": "2025-10-16", "last_sale": "2025-10-16"}}, {"type": "Feature", "geometry": {"type": "Point", "coordinates": [2.39578, 48.845985]}, "properties": {"id_parcelle": "75112000CM0021", "address": "4 RUE FABRE D EGLANTINE", "sales": 2, "median_price": 80484.15, "median_price_per_sqm": 925.1051724137931, "median_rooms": 2.0, "first_sale": "2022-01-17", "last_sale": "2022-01-17"}}, {"type": "Feature", "geometry": {"type": "Point", "coordinates": [2.396705, 48.845829]}, "properties": {"id_parcelle": "75112000CM0027", "address": "7 AV DE SAINT-MANDE", "sales": 2, "median_price": 129740.0, "median_price_per_sqm": null, "median_rooms": 0.0, "first_sale": "2025-07-29", "last_sale": "2025-07-29"}}, {"type": "Feature", "geometry": {"type": "Point", "coordinates": [2.375371, 48.848987]}, "properties": {"id_parcelle": "75112000ET0049", "address": "6 RUE EMILIO CASTELAR", "sales": 2, "median_price": 268000.0, "median_price_per_sqm": 9241.379310344828, "median_rooms": 1.0, "first_sale": "2025-05-06", "last_sale": "2025-05-06"}}, {"type": "Feature", "geometry": {"type": "Point", "coordinates": [2.375704, 48.848882]}, "properties": {"id_parcelle": "75112000ET0052", "address": "5 RUE DE PRAGUE", "sales": 2, "median_price": 400000.0, "median_price_per_sqm": 10000.0, "median_rooms": 1.0, "first_sale": "2023-09-08", "last_sale": "2023-09-08"}}, {"type": "Feature", "geometry": {"type": "Point", "coordinates": [2.37571, 48.848972]}, "properties": {"id_parcelle": "75112000ET0053", "address": "5 RUE DE PRAGUE", "sales": 2, "median_price": 261750.0, "median_price_per_sqm": 10500.54945054945, "median_rooms": 1.0, "first_sale": "2022-05-18", "last_sale": "2022-10-12"}}, {"type": "Feature", "geometry": {"type": "Point", "coordinates": [2.375505, 48.849889]}, "properties": {"id_parcelle": "75112000ET0063", "address": "60 RUE TRAVERSIERE", "sales": 2, "median_price": 265000.0, "median_price_per_sqm": 12619.047619047618, "median_rooms": 1.0, "first_sale": "2022-07-08", "last_sale": "2022-11-04"}}, {"type": "Feature", "geometry": {"type": "Point", "coordinates": [2.375559, 48.850126]}, "properties": {"id_parcelle": "75112000ET0067", "address": "19 RUE DE PRAGUE", "sales": 2, "median_price": 3200000.0, "median_price_per_sqm": 9631.62623539982, "median_rooms": 4.0, "first_sale": "2022-09-12", "last_sale": "2022-09-12"}}, {"type": "Feature", "geometry": {"type": "Point", "coordinates": [2.374966, 48.849867]}, "properties": {"id_parcelle": "75112000ET0072", "address": "80 AV LEDRU ROLLIN", "sales": 2, "median_price": 1070700.0, "median_price_per_sqm": 20193.429487179485, "median_rooms": 1.5, "first_sale": "2021-01-26", "last_sale": "2021-03-29"}}, {"type": "Feature", "geometry": {"type": "Point", "coordinates": [2.37505, 48.849263]}, "properties": {"id_parcelle": "75112000ET0077", "address": "44 RUE TRAVERSIERE", "sales": 2, "median_price": 628875.0, "median_price_per_sqm": 10625.790911705493, "median_rooms": 2.0, "first_sale": "2022-02-24", "last_sale": "2023-04-21"}}, {"type": "Feature", "geometry": {"type": "Point", "coordinates": [2.37323, 48.850254]}, "properties": {"id_parcelle": "75112000EV0003", "address": "42 RUE DE CHARENTON", "sales": 2, "median_price": 546000.0, "median_price_per_sqm": 11142.857142857143, "median_rooms": 1.5, "first_sale": "2022-10-13", "last_sale": "2022-10-13"}}, {"type": "Feature", "geometry": {"type": "Point", "coordinates": [2.407442, 48.844021]}, "properties": {"id_parcelle": "75112000AH0011", "address": "25 RUE DU NIGER", "sales": 2, "median_price": 201000.0, "median_price_per_sqm": 9790.588235294119, "median_rooms": 2.0, "first_sale": "2022-05-20", "last_sale": "2022-09-14"}}, {"type": "Feature", "geometry": {"type": "Point", "coordinates": [2.399382, 48.84013]}, "properties": {"id_parcelle": "75112000BY0052", "address": "92 RUE DE PICPUS", "sales": 2, "median_price": 273725.0, "median_price_per_sqm": 9775.892857142857, "median_rooms": 0.5, "first_sale": "2025-01-30", "last_sale": "2025-01-30"}}, {"type": "Feature", "geometry": {"type": "Point", "coordinates": [2.397964, 48.847224]}, "properties": {"id_parcelle": "75112000CL0002", "address": "81 BD DE PICPUS", "sales": 2, "median_price": 11500000.0, "median_price_per_sqm": 31096.361848574237, "median_rooms": 0.0, "first_sale": "2024-06-04", "last_sale": "2024-06-04"}}, {"type": "Feature", "geometry": {"type": "Point", "coordinates": [2.397655, 48.847093]}, "properties": {"id_parcelle": "75112000CL0016", "address": "24 AV DU BEL AIR", "sales": 2, "median_price": 4887500.0, "median_price_per_sqm": 8838.155515370705, "median_rooms": 0.0, "first_sale": "2022-06-09", "last_sale": "2025-04-30"}}, {"type": "Feature", "geometry": {"type": "Point", "coordinates": [2.398397, 48.837121]}, "properties": {"id_parcelle": "75112000BX0061", "address": "6 IMP TOURNEUX", "sales": 2, "median_price": 122500.0, "median_price_per_sqm": 8807.692307692309, "median_rooms": 1.0, "first_sale": "2023-09-22", "last_sale": "2025-12-17"}}, {"type": "Feature", "geometry": {"type": "Point", "coordinates": [2.39873, 48.83686]}, "properties": {"id_parcelle": "75112000BX0063", "address": "12 IMP TOURNEUX", "sales": 2, "median_price": 499500.0, "median_price_per_sqm": 9081.818181818182, "median_rooms": 1.0, "first_sale": "2022-02-08", "last_sale": "2022-02-08"}}, {"type": "Feature", "geometry": {"type": "Point", "coordinates": [2.401089, 48.83906]}, "properties": {"id_parcelle": "75112000AS0011", "address": "101 RUE DE PICPUS", "sales": 2, "median_price": 669000.0, "median_price_per_sqm": 10453.125, "median_rooms": 1.5, "first_sale": "2021-07-15", "last_sale": "2021-07-15"}}, {"type": "Feature", "geometry": {"type": "Point", "coordinates": [2.371607, 48.848585]}, "properties": {"id_parcelle": "75112000EN0008", "address": "24 RUE DE LYON", "sales": 2, "median_price": 1168000.0, "median_price_per_sqm": 10245.61403508772, "median_rooms": 2.0, "first_sale": "2022-06-03", "last_sale": "2022-06-03"}}, {"type": "Feature", "geometry": {"type": "Point", "coordinates": [2.370919, 48.847411]}, "properties": {"id_parcelle": "75112000EN0019", "address": "38 AV LEDRU ROLLIN", "sales": 2, "median_price": 118500.0, "median_price_per_sqm": null, "median_rooms": 0.0, "first_sale": "2023-05-29", "last_sale": "2023-05-29"}}, {"type": "Feature", "geometry": {"type": "Point", "coordinates": [2.370528, 48.847172]}, "properties": {"id_parcelle": "75112000EN0024", "address": "32 AV LEDRU ROLLIN", "sales": 2, "median_price": 300000.0, "median_price_per_sqm": 11111.111111111111, "median_rooms": 1.0, "first_sale": "2024-05-31", "last_sale": "2024-05-31"}}, {"type": "Feature", "geometry": {"type": "Point", "coordinates": [2.370354, 48.846701]}, "properties": {"id_parcelle": "75112000EN0041", "address": "6 RUE D AUSTERLITZ", "sales": 2, "median_price": 110500.0, "median_price_per_sqm": 11300.0, "median_rooms": 1.0, "first_sale": "2022-10-10", "last_sale": "2023-10-27"}}, {"type": "Feature", "geometry": {"type": "Point", "coordinates": [2.371472, 48.847334]}, "properties": {"id_parcelle": "75112000EN0061", "address": "35 RUE CREMIEUX", "sales": 2, "median_price": 331000.0, "median_price_per_sqm": 11033.333333333334, "median_rooms": 1.0, "first_sale": "2021-09-03", "last_sale": "2022-03-30"}}, {"type": "Feature", "geometry": {"type": "Point", "coordinates": [2.372732, 48.848215]}, "properties": {"id_parcelle": "75112000EN0082", "address": "16 AV DAUMESNIL", "sales": 2, "median_price": 125000.0, "median_price_per_sqm": 7500.0, "median_rooms": 1.5, "first_sale": "2022-01-20", "last_sale": "2025-12-22"}}, {"type": "Feature", "geometry": {"type": "Point", "coordinates": [2.372847, 48.848158]}, "properties": {"id_parcelle": "75112000EN0083", "address": "18 AV DAUMESNIL", "sales": 2, "median_price": 640000.0, "median_price_per_sqm": 10666.666666666666, "median_rooms": 1.5, "first_sale": "2022-07-20", "last_sale": "2022-07-20"}}, {"type": "Feature", "geometry": {"type": "Point", "coordinates": [2.396014, 48.83874]}, "properties": {"id_parcelle": "75112000BV0022", "address": "95 RUE CLAUDE DECAEN", "sales": 2, "median_price": 355000.0, "median_price_per_sqm": 8875.0, "median_rooms": 1.0, "first_sale": "2023-07-21", "last_sale": "2023-07-21"}}, {"type": "Feature", "geometry": {"type": "Point", "coordinates": [2.396434, 48.838959]}, "properties": {"id_parcelle": "75112000BV0027", "address": "10 PL FELIX EBOUE", "sales": 2, "median_price": 273250.0, "median_price_per_sqm": 9758.92857142857, "median_rooms": 0.5, "first_sale": "2022-05-25", "last_sale": "2022-05-25"}}, {"type": "Feature", "geometry": {"type": "Point", "coordinates": [2.396698, 48.838617]}, "properties": {"id_parcelle": "75112000BV0031", "address": "92 RUE CLAUDE DECAEN", "sales": 2, "median_price": 426450.0, "median_price_per_sqm": 8529.0, "median_rooms": 1.0, "first_sale": "2023-11-14", "last_sale": "2023-11-14"}}, {"type": "Feature", "geometry": {"type": "Point", "coordinates": [2.395502, 48.836273]}, "properties": {"id_parcelle": "75112000BW0013", "address": "33 RUE DE WATTIGNIES", "sales": 2, "median_price": 285000.0, "median_price_per_sqm": 8636.363636363636, "median_rooms": 1.0, "first_sale": "2023-04-21", "last_sale": "2023-04-21"}}, {"type": "Feature", "geometry": {"type": "Point", "coordinates": [2.400966, 48.838674]}, "properties": {"id_parcelle": "75112000BX0001", "address": "14 RUE GOSSEC", "sales": 2, "median_price": 150000.0, "median_price_per_sqm": 10000.0, "median_rooms": 0.5, "first_sale": "2022-02-02", "last_sale": "2023-04-13"}}, {"type": "Feature", "geometry": {"type": "Point", "coordinates": [2.397601, 48.845702]}, "properties": {"id_parcelle": "75112000CM0045", "address": "3 AV DU BEL AIR", "sales": 2, "median_price": 502500.0, "median_price_per_sqm": 8850.061576354681, "median_rooms": 1.5, "first_sale": "2022-09-21", "last_sale": "2024-04-11"}}, {"type": "Feature", "geometry": {"type": "Point", "coordinates": [2.394741, 48.84743]}, "properties": {"id_parcelle": "75112000CN0012", "address": "10 AV DORIAN", "sales": 2, "median_price": 525000.0, "median_price_per_sqm": 8750.0, "median_rooms": 1.5, "first_sale": "2025-05-27", "last_sale": "2025-05-27"}}, {"type": "Feature", "geometry": {"type": "Point", "coordinates": [2.402612, 48.840536]}, "properties": {"id_parcelle": "75112000AR0003", "address": "1 RUE MESSIDOR", "sales": 2, "median_price": 88000.0, "median_price_per_sqm": 4190.476190476191, "median_rooms": 0.5, "first_sale": "2023-10-24", "last_sale": "2023-10-24"}}, {"type": "Feature", "geometry": {"type": "Point", "coordinates": [2.373593, 48.84639]}, "properties": {"id_parcelle": "75112000EM0062", "address": "5 RUE MICHEL CHASLES", "sales": 2, "median_price": 1000000.0, "median_price_per_sqm": 12500.0, "median_rooms": 0.0, "first_sale": "2022-02-17", "last_sale": "2022-02-17"}}, {"type": "Feature", "geometry": {"type": "Point", "coordinates": [2.374704, 48.846806]}, "properties": {"id_parcelle": "75112000EM0080", "address": "9 RUE ABEL", "sales": 2, "median_price": 878750.0, "median_price_per_sqm": 10461.309523809523, "median_rooms": 2.0, "first_sale": "2024-09-20", "last_sale": "2024-09-20"}}, {"type": "Feature", "geometry": {"type": "Point", "coordinates": [2.393755, 48.837467]}, "properties": {"id_parcelle": "75112000BT0025", "address": "21 RUE DE LA BRECHE AUX LOUPS", "sales": 2, "median_price": 315000.0, "median_price_per_sqm": 8750.0, "median_rooms": 1.0, "first_sale": "2025-03-24", "last_sale": "2025-03-24"}}, {"type": "Feature", "geometry": {"type": "Point", "coordinates": [2.392384, 48.836532]}, "properties": {"id_parcelle": "75112000BT0043", "address": "249 RUE DE CHARENTON", "sales": 2, "median_price": 4000000.0, "median_price_per_sqm": 54110.90559605411, "median_rooms": 1.0, "first_sale": "2024-07-04", "last_sale": "2024-07-04"}}, {"type": "Feature", "geometry": {"type": "Point", "coordinates": [2.392964, 48.836902]}, "properties": {"id_parcelle": "75112000BT0051", "address": "11 RUE DE WATTIGNIES", "sales": 2, "median_price": 2415000.0, "median_price_per_sqm": 8076.923076923077, "median_rooms": 0.0, "first_sale": "2021-12-15", "last_sale": "2021-12-15"}}, {"type": "Feature", "geometry": {"type": "Point", "coordinates": [2.395839, 48.838885]}, "properties": {"id_parcelle": "75112000BV0014", "address": "101 RUE CLAUDE DECAEN", "sales": 2, "median_price": 720000.0, "median_price_per_sqm": 10140.845070422536, "median_rooms": 2.0, "first_sale": "2021-12-09", "last_sale": "2021-12-09"}}, {"type": "Feature", "geometry": {"type": "Point", "coordinates": [2.392987, 48.846996]}, "properties": {"id_parcelle": "75112000CP0026", "address": "6 RUE DORIAN", "sales": 2, "median_price": 990000.0, "median_price_per_sqm": 10879.12087912088, "median_rooms": 1.5, "first_sale": "2021-07-13", "last_sale": "2021-07-13"}}, {"type": "Feature", "geometry": {"type": "Point", "coordinates": [2.401437, 48.839856]}, "properties": {"id_parcelle": "75112000AR0050", "address": "7 RUE LOUIS BRAILLE", "sales": 2, "median_price": 252000.0, "median_price_per_sqm": 9409.090909090908, "median_rooms": 2.0, "first_sale": "2021-06-28", "last_sale": "2025-11-13"}}, {"type": "Feature", "geometry": {"type": "Point", "coordinates": [2.401916, 48.839859]}, "properties": {"id_parcelle": "75112000AR0053", "address": "13 RUE LOUIS BRAILLE", "sales": 2, "median_price": 315000.0, "median_price_per_sqm": 11250.0, "median_rooms": 1.0, "first_sale": "2022-02-14", "last_sale": "2022-02-14"}}, {"type": "Feature", "geometry": {"type": "Point", "coordinates": [2.398561, 48.837247]}, "properties": {"id_parcelle": "75112000BX0072", "address": "17 RUE EDOUARD ROBERT", "sales": 2, "median_price": 262000.0, "median_price_per_sqm": 9357.142857142857, "median_rooms": 1.5, "first_sale": "2024-03-22", "last_sale": "2024-03-22"}}, {"type": "Feature", "geometry": {"type": "Point", "coordinates": [2.409019, 48.843021]}, "properties": {"id_parcelle": "75112000AH0025", "address": "8 VLA DU BEL AIR", "sales": 2, "median_price": 165866.36, "median_price_per_sqm": 8317.10054054054, "median_rooms": 0.5, "first_sale": "2023-04-24", "last_sale": "2023-11-07"}}, {"type": "Feature", "geometry": {"type": "Point", "coordinates": [2.40902, 48.843712]}, "properties": {"id_parcelle": "75112000AH0033", "address": "1 VLA DU BEL AIR", "sales": 2, "median_price": 719408.0, "median_price_per_sqm": 7993.422222222222, "median_rooms": 2.0, "first_sale": "2025-05-28", "last_sale": "2025-05-28"}}, {"type": "Feature", "geometry": {"type": "Point", "coordinates": [2.409544, 48.843475]}, "properties": {"id_parcelle": "75112000AH0039", "address": "109 BD SOULT", "sales": 2, "median_price": 469900.0, "median_price_per_sqm": 7959.523809523809, "median_rooms": 3.0, "first_sale": "2022-06-27", "last_sale": "2024-05-21"}}, {"type": "Feature", "geometry": {"type": "Point", "coordinates": [2.409688, 48.843603]}, "properties": {"id_parcelle": "75112000AH0041", "address": "111 BD SOULT", "sales": 2, "median_price": 651737.0, "median_price_per_sqm": 10862.283333333333, "median_rooms": 1.5, "first_sale": "2022-08-24", "last_sale": "2022-08-24"}}, {"type": "Feature", "geometry": {"type": "Point", "coordinates": [2.409587, 48.843999]}, "properties": {"id_parcelle": "75112000AH0045", "address": "104 AV DE SAINT-MANDE", "sales": 2, "median_price": 724000.0, "median_price_per_sqm": 9526.315789473685, "median_rooms": 2.0, "first_sale": "2021-12-22", "last_sale": "2021-12-22"}}, {"type": "Feature", "geometry": {"type": "Point", "coordinates": [2.373194, 48.850005]}, "properties": {"id_parcelle": "75112000EV0007", "address": "18 RUE MOREAU", "sales": 2, "median_price": 405342.75, "median_price_per_sqm": 11581.221428571429, "median_rooms": 1.5, "first_sale": "2024-07-01", "last_sale": "2025-01-31"}}, {"type": "Feature", "geometry": {"type": "Point", "coordinates": [2.37418, 48.849116]}, "properties": {"id_parcelle": "75112000EV0027", "address": "74 AV LEDRU ROLLIN", "sales": 2, "median_price": 362500.0, "median_price_per_sqm": 13825.757575757576, "median_rooms": 1.5, "first_sale": "2024-06-12", "last_sale": "2025-12-02"}}, {"type": "Feature", "geometry": {"type": "Point", "coordinates": [2.376908, 48.848111]}, "properties": {"id_parcelle": "75112000EW0003", "address": "2 RUE DE COTTE", "sales": 2, "median_price": 300000.0, "median_price_per_sqm": 10000.0, "median_rooms": 0.5, "first_sale": "2022-12-29", "last_sale": "2022-12-29"}}, {"type": "Feature", "geometry": {"type": "Point", "coordinates": [2.405676, 48.843209]}, "properties": {"id_parcelle": "75112000AE0001", "address": "34 AV DU DOC ARNOLD NETTER", "sales": 2, "median_price": 630000.0, "median_price_per_sqm": 9650.735294117647, "median_rooms": 0.0, "first_sale": "2024-11-28", "last_sale": "2024-11-28"}}, {"type": "Feature", "geometry": {"type": "Point", "coordinates": [2.405777, 48.843103]}, "properties": {"id_parcelle": "75112000AE0002", "address": "32 AV DU DOC ARNOLD NETTER", "sales": 2, "median_price": 410000.0, "median_price_per_sqm": 10000.0, "median_rooms": 1.0, "first_sale": "2025-06-25", "last_sale": "2025-06-25"}}, {"type": "Feature", "geometry": {"type": "Point", "coordinates": [2.409175, 48.841909]}, "properties": {"id_parcelle": "75112000AE0025", "address": "83 BD SOULT", "sales": 2, "median_price": 238000.0, "median_price_per_sqm": 5063.829787234043, "median_rooms": 1.0, "first_sale": "2022-10-28", "last_sale": "2022-10-28"}}, {"type": "Feature", "geometry": {"type": "Point", "coordinates": [2.403753, 48.836069]}, "properties": {"id_parcelle": "75112000AX0013", "address": "262 AV DAUMESNIL", "sales": 2, "median_price": 673000.0, "median_price_per_sqm": 10515.625, "median_rooms": 1.5, "first_sale": "2022-08-31", "last_sale": "2022-08-31"}}, {"type": "Feature", "geometry": {"type": "Point", "coordinates": [2.370122, 48.845718]}, "properties": {"id_parcelle": "75112000EL0006", "address": "9 BD DIDEROT", "sales": 2, "median_price": 1139420.0, "median_price_per_sqm": 9115.36, "median_rooms": 2.5, "first_sale": "2025-06-03", "last_sale": "2025-06-03"}}, {"type": "Feature", "geometry": {"type": "Point", "coordinates": [2.369081, 48.846425]}, "properties": {"id_parcelle": "75112000EL0018", "address": "18 AV LEDRU ROLLIN", "sales": 2, "median_price": 567550.0, "median_price_per_sqm": 34267.307692307695, "median_rooms": 1.0, "first_sale": "2021-06-07", "last_sale": "2023-12-21"}}, {"type": "Feature", "geometry": {"type": "Point", "coordinates": [2.367624, 48.847255]}, "properties": {"id_parcelle": "75112000EL0062", "address": "10 BD DE LA BASTILLE", "sales": 2, "median_price": 56063360.0, "median_price_per_sqm": 1802036.5714285714, "median_rooms": 0.0, "first_sale": "2023-02-17", "last_sale": "2023-02-17"}}, {"type": "Feature", "geometry": {"type": "Point", "coordinates": [2.370435, 48.846533]}, "properties": {"id_parcelle": "75112000EM0003", "address": "6 RUE CREMIEUX", "sales": 2, "median_price": 73500.0, "median_price_per_sqm": 11800.0, "median_rooms": 0.5, "first_sale": "2021-06-17", "last_sale": "2022-04-29"}}, {"type": "Feature", "geometry": {"type": "Point", "coordinates": [2.403799, 48.83903]}, "properties": {"id_parcelle": "75112000AS0040", "address": "103 AV DU GAL MICHEL BIZOT", "sales": 2, "median_price": 566000.0, "median_price_per_sqm": 10107.142857142857, "median_rooms": 1.5, "first_sale": "2021-06-29", "last_sale": "2021-06-29"}}, {"type": "Feature", "geometry": {"type": "Point", "coordinates": [2.404325, 48.838567]}, "properties": {"id_parcelle": "75112000AS0043", "address": "106 AV DU GAL MICHEL BIZOT", "sales": 2, "median_price": 1341670.0, "median_price_per_sqm": 12308.899082568807, "median_rooms": 1.5, "first_sale": "2021-03-23", "last_sale": "2021-03-23"}}, {"type": "Feature", "geometry": {"type": "Point", "coordinates": [2.404264, 48.838222]}, "properties": {"id_parcelle": "75112000AS0048", "address": "102 AV DU GAL MICHEL BIZOT", "sales": 2, "median_price": 519600.0, "median_price_per_sqm": 9115.78947368421, "median_rooms": 1.5, "first_sale": "2023-09-13", "last_sale": "2023-09-13"}}, {"type": "Feature", "geometry": {"type": "Point", "coordinates": [2.404205, 48.837918]}, "properties": {"id_parcelle": "75112000AS0052", "address": "3 RUE ROTTEMBOURG", "sales": 2, "median_price": 313300.0, "median_price_per_sqm": 8951.42857142857, "median_rooms": 1.0, "first_sale": "2024-07-05", "last_sale": "2024-07-05"}}, {"type": "Feature", "geometry": {"type": "Point", "coordinates": [2.40225, 48.838245]}, "properties": {"id_parcelle": "75112000AS0100", "address": "11 RUE DE TOUL", "sales": 2, "median_price": 330500.0, "median_price_per_sqm": 8697.368421052632, "median_rooms": 1.0, "first_sale": "2024-11-29", "last_sale": "2024-11-29"}}, {"type": "Feature", "geometry": {"type": "Point", "coordinates": [2.371769, 48.846339]}, "properties": {"id_parcelle": "75112000EM0037", "address": "7 RUE DE LYON", "sales": 2, "median_price": 403571.5, "median_price_per_sqm": 10224.491071428572, "median_rooms": 2.0, "first_sale": "2021-03-13", "last_sale": "2021-04-07"}}, {"type": "Feature", "geometry": {"type": "Point", "coordinates": [2.372917, 48.846362]}, "properties": {"id_parcelle": "75112000EM0047", "address": "7 RUE EMILE GILBERT", "sales": 2, "median_price": 285000.0, "median_price_per_sqm": 7500.0, "median_rooms": 1.0, "first_sale": "2021-07-06", "last_sale": "2021-07-06"}}, {"type": "Feature", "geometry": {"type": "Point", "coordinates": [2.373063, 48.846007]}, "properties": {"id_parcelle": "75112000EM0052", "address": "1 RUE EMILE GILBERT", "sales": 2, "median_price": 102500.0, "median_price_per_sqm": null, "median_rooms": 0.0, "first_sale": "2021-05-28", "last_sale": "2022-04-29"}}, {"type": "Feature", "geometry": {"type": "Point", "coordinates": [2.373457, 48.846387]}, "properties": {"id_parcelle": "75112000EM0061", "address": "6 RUE EMILE GILBERT", "sales": 2, "median_price": 808450.0, "median_price_per_sqm": 9511.176470588236, "median_rooms": 2.0, "first_sale": "2022-06-13", "last_sale": "2022-06-13"}}, {"type": "Feature", "geometry": {"type": "Point", "coordinates": [2.399932, 48.833576]}, "properties": {"id_parcelle": "75112000BN0013", "address": "32 AV DU GAL MICHEL BIZOT", "sales": 2, "median_price": 770000.0, "median_price_per_sqm": 7196.261682242991, "median_rooms": 2.0, "first_sale": "2025-03-31", "last_sale": "2025-03-31"}}, {"type": "Feature", "geometry": {"type": "Point", "coordinates": [2.391825, 48.836185]}, "properties": {"id_parcelle": "75112000DE0013", "address": "284 RUE DE CHARENTON", "sales": 2, "median_price": 450000.0, "median_price_per_sqm": 7758.620689655172, "median_rooms": 2.0, "first_sale": "2025-10-16", "last_sale": "2025-10-16"}}, {"type": "Feature", "geometry": {"type": "Point", "coordinates": [2.393369, 48.834351]}, "properties": {"id_parcelle": "75112000DH0007", "address": "312 RUE DE CHARENTON", "sales": 2, "median_price": 524000.0, "median_price_per_sqm": 9527.272727272728, "median_rooms": 2.5, "first_sale": "2021-09-06", "last_sale": "2022-09-09"}}, {"type": "Feature", "geometry": {"type": "Point", "coordinates": [2.393541, 48.834246]}, "properties": {"id_parcelle": "75112000DH0008", "address": "314 RUE DE CHARENTON", "sales": 2, "median_price": 500000.0, "median_price_per_sqm": 13721.804511278195, "median_rooms": 0.0, "first_sale": "2022-12-09", "last_sale": "2022-12-09"}}, {"type": "Feature", "geometry": {"type": "Point", "coordinates": [2.383642, 48.837022]}, "properties": {"id_parcelle": "75112000DZ0002", "address": "39 RUE DE BERCY", "sales": 2, "median_price": 1210000.0, "median_price_per_sqm": 20862.068965517243, "median_rooms": 2.5, "first_sale": "2025-02-05", "last_sale": "2025-02-05"}}, {"type": "Feature", "geometry": {"type": "Point", "coordinates": [2.383839, 48.836877]}, "properties": {"id_parcelle": "75112000DZ0009", "address": "33 RUE DE BERCY", "sales": 2, "median_price": 1140354.0, "median_price_per_sqm": 14619.923076923076, "median_rooms": 2.0, "first_sale": "2021-09-24", "last_sale": "2021-09-24"}}, {"type": "Feature", "geometry": {"type": "Point", "coordinates": [2.384248, 48.836444]}, "properties": {"id_parcelle": "75112000DZ0024", "address": "18 RUE DE POMMARD", "sales": 2, "median_price": 1247820.0, "median_price_per_sqm": 18624.17910447761, "median_rooms": 2.0, "first_sale": "2024-09-02", "last_sale": "2024-09-02"}}, {"type": "Feature", "geometry": {"type": "Point", "coordinates": [2.406093, 48.836837]}, "properties": {"id_parcelle": "75112000AT0024", "address": "5 RUE DU COLONEL OUDOT", "sales": 2, "median_price": 552950.0, "median_price_per_sqm": 8131.617647058823, "median_rooms": 1.0, "first_sale": "2021-01-08", "last_sale": "2021-01-08"}}, {"type": "Feature", "geometry": {"type": "Point", "coordinates": [2.407675, 48.837661]}, "properties": {"id_parcelle": "75112000AT0045", "address": "31 BD SOULT", "sales": 2, "median_price": 500000.0, "median_price_per_sqm": 7042.2535211267605, "median_rooms": 1.5, "first_sale": "2024-01-29", "last_sale": "2024-01-29"}}, {"type": "Feature", "geometry": {"type": "Point", "coordinates": [2.40346, 48.83585]}, "properties": {"id_parcelle": "75112000AX0012", "address": "141 RUE DE PICPUS", "sales": 2, "median_price": 500000.0, "median_price_per_sqm": 8474.57627118644, "median_rooms": 1.5, "first_sale": "2025-08-21", "last_sale": "2025-08-21"}}, {"type": "Feature", "geometry": {"type": "Point", "coordinates": [2.389043, 48.848602]}, "properties": {"id_parcelle": "75112000CR0014", "address": "26 RUE CLAUDE TILLIER", "sales": 2, "median_price": 486450.0, "median_price_per_sqm": 8932.380952380952, "median_rooms": 2.0, "first_sale": "2022-07-08", "last_sale": "2023-07-17"}}, {"type": "Feature", "geometry": {"type": "Point", "coordinates": [2.388759, 48.847782]}, "properties": {"id_parcelle": "75112000CR0029", "address": "30 PAS DU GENIE", "sales": 2, "median_price": 263905.0, "median_price_per_sqm": 9283.552955665025, "median_rooms": 1.0, "first_sale": "2022-12-21", "last_sale": "2025-10-20"}}, {"type": "Feature", "geometry": {"type": "Point", "coordinates": [2.389898, 48.848676]}, "properties": {"id_parcelle": "75112000CR0042", "address": "3 PAS DU GENIE", "sales": 2, "median_price": 297000.0, "median_price_per_sqm": 7425.0, "median_rooms": 1.0, "first_sale": "2024-03-19", "last_sale": "2024-03-19"}}, {"type": "Feature", "geometry": {"type": "Point", "coordinates": [2.39168, 48.848146]}, "properties": {"id_parcelle": "75112000CR0048", "address": "123 BD DIDEROT", "sales": 2, "median_price": 676500.0, "median_price_per_sqm": 9497.553816046966, "median_rooms": 3.5, "first_sale": "2021-05-18", "last_sale": "2024-10-11"}}, {"type": "Feature", "geometry": {"type": "Point", "coordinates": [2.392276, 48.848372]}, "properties": {"id_parcelle": "75112000CR0051", "address": "4 RUE DE PICPUS", "sales": 2, "median_price": 209000.0, "median_price_per_sqm": 9952.380952380952, "median_rooms": 0.5, "first_sale": "2021-03-19", "last_sale": "2021-03-19"}}, {"type": "Feature", "geometry": {"type": "Point", "coordinates": [2.39477, 48.834106]}, "properties": {"id_parcelle": "75112000BS0041", "address": "305 RUE DE CHARENTON", "sales": 2, "median_price": 160000.0, "median_price_per_sqm": 8888.888888888889, "median_rooms": 0.5, "first_sale": "2022-06-24", "last_sale": "2022-06-24"}}, {"type": "Feature", "geometry": {"type": "Point", "coordinates": [2.37651, 48.847412]}, "properties": {"id_parcelle": "75112000EW0050", "address": "5 RLE FRAISIER", "sales": 2, "median_price": 820000.0, "median_price_per_sqm": 11714.285714285714, "median_rooms": 1.5, "first_sale": "2022-12-09", "last_sale": "2022-12-09"}}, {"type": "Feature", "geometry": {"type": "Point", "coordinates": [2.374978, 48.846381]}, "properties": {"id_parcelle": "75112000EW0069", "address": "4 RUE ABEL", "sales": 2, "median_price": 755000.0, "median_price_per_sqm": 10202.702702702703, "median_rooms": 2.0, "first_sale": "2022-06-02", "last_sale": "2022-06-02"}}, {"type": "Feature", "geometry": {"type": "Point", "coordinates": [2.400008, 48.838598]}, "properties": {"id_parcelle": "75112000BY0099", "address": "8 RUE SIDI BRAHIM", "sales": 2, "median_price": 380000.0, "median_price_per_sqm": 10000.0, "median_rooms": 1.0, "first_sale": "2022-04-07", "last_sale": "2022-04-07"}}, {"type": "Feature", "geometry": {"type": "Point", "coordinates": [2.399868, 48.838518]}, "properties": {"id_parcelle": "75112000BY0100", "address": "6 RUE SIDI BRAHIM", "sales": 2, "median_price": 385000.0, "median_price_per_sqm": 9625.0, "median_rooms": 1.0, "first_sale": "2025-01-15", "last_sale": "2025-01-15"}}, {"type": "Feature", "geometry": {"type": "Point", "coordinates": [2.399939, 48.838472]}, "properties": {"id_parcelle": "75112000BY0101", "address": "3 RUE GOSSEC", "sales": 2, "median_price": 491650.0, "median_price_per_sqm": 7803.9682539682535, "median_rooms": 2.0, "first_sale": "2023-09-26", "last_sale": "2023-09-26"}}, {"type": "Feature", "geometry": {"type": "Point", "coordinates": [2.387245, 48.843789]}, "properties": {"id_parcelle": "75112000CE0011", "address": "7 RUE EBELMEN", "sales": 2, "median_price": 298436.0, "median_price_per_sqm": 7853.578947368421, "median_rooms": 1.0, "first_sale": "2021-09-17", "last_sale": "2021-09-17"}}, {"type": "Feature", "geometry": {"type": "Point", "coordinates": [2.38781, 48.843676]}, "properties": {"id_parcelle": "75112000CE0022", "address": "21 RUE MONTGALLET", "sales": 2, "median_price": 363000.0, "median_price_per_sqm": 7451.829268292683, "median_rooms": 1.5, "first_sale": "2025-04-22", "last_sale": "2025-04-22"}}, {"type": "Feature", "geometry": {"type": "Point", "coordinates": [2.398782, 48.840886]}, "properties": {"id_parcelle": "75112000BY0027", "address": "30 RUE LAMBLARDIE", "sales": 2, "median_price": 310000.0, "median_price_per_sqm": 11923.076923076924, "median_rooms": 1.0, "first_sale": "2025-12-09", "last_sale": "2025-12-09"}}, {"type": "Feature", "geometry": {"type": "Point", "coordinates": [2.398862, 48.840838]}, "properties": {"id_parcelle": "75112000BY0028", "address": "84 RUE DE PICPUS", "sales": 2, "median_price": 399650.0, "median_price_per_sqm": 9515.47619047619, "median_rooms": 1.0, "first_sale": "2023-09-12", "last_sale": "2023-09-12"}}, {"type": "Feature", "geometry": {"type": "Point", "coordinates": [2.398943, 48.840731]}, "properties": {"id_parcelle": "75112000BY0029", "address": "86 RUE DE PICPUS", "sales": 2, "median_price": 461250.0, "median_price_per_sqm": 8386.363636363636, "median_rooms": 1.5, "first_sale": "2024-07-18", "last_sale": "2024-07-18"}}, {"type": "Feature", "geometry": {"type": "Point", "coordinates": [2.389544, 48.837809]}, "properties": {"id_parcelle": "75112000DD0024", "address": "48 RUE CORIOLIS", "sales": 2, "median_price": 354000.0, "median_price_per_sqm": 10727.272727272728, "median_rooms": 1.5, "first_sale": "2021-10-07", "last_sale": "2021-10-07"}}, {"type": "Feature", "geometry": {"type": "Point", "coordinates": [2.389314, 48.837909]}, "properties": {"id_parcelle": "75112000DD0025", "address": "50 RUE CORIOLIS", "sales": 2, "median_price": 318979.0, "median_price_per_sqm": 9153.828431372549, "median_rooms": 2.0, "first_sale": "2021-04-30", "last_sale": "2022-06-01"}}, {"type": "Feature", "geometry": {"type": "Point", "coordinates": [2.406774, 48.836178]}, "properties": {"id_parcelle": "75112000AX0057", "address": "7 BD SOULT", "sales": 2, "median_price": 472500.0, "median_price_per_sqm": 7875.0, "median_rooms": 1.5, "first_sale": "2024-10-03", "last_sale": "2024-10-03"}}, {"type": "Feature", "geometry": {"type": "Point", "coordinates": [2.404382, 48.8346]}, "properties": {"id_parcelle": "75112000AX0086", "address": "161 RUE DE PICPUS", "sales": 2, "median_price": 6000.0, "median_price_per_sqm": 157.89473684210526, "median_rooms": 0.5, "first_sale": "2022-06-03", "last_sale": "2022-06-03"}}, {"type": "Feature", "geometry": {"type": "Point", "coordinates": [2.392762, 48.836141]}, "properties": {"id_parcelle": "75112000BS0062", "address": "6 RUE DE LA BRECHE AUX LOUPS", "sales": 2, "median_price": 194500.0, "median_price_per_sqm": 8131.628787878788, "median_rooms": 1.5, "first_sale": "2023-03-07", "last_sale": "2025-03-13"}}, {"type": "Feature", "geometry": {"type": "Point", "coordinates": [2.399507, 48.834109]}, "properties": {"id_parcelle": "75112000BR0052", "address": "33 AV DU GAL MICHEL BIZOT", "sales": 2, "median_price": 277450.0, "median_price_per_sqm": 12270.454545454546, "median_rooms": 1.0, "first_sale": "2021-01-12", "last_sale": "2021-04-29"}}, {"type": "Feature", "geometry": {"type": "Point", "coordinates": [2.394677, 48.835985]}, "properties": {"id_parcelle": "75112000BS0010", "address": "26 RUE NICOLAI", "sales": 2, "median_price": 166500.5, "median_price_per_sqm": 10090.90909090909, "median_rooms": 1.0, "first_sale": "2021-01-21", "last_sale": "2024-02-13"}}, {"type": "Feature", "geometry": {"type": "Point", "coordinates": [2.395685, 48.835788]}, "properties": {"id_parcelle": "75112000BS0017", "address": "34 RUE DE WATTIGNIES", "sales": 2, "median_price": 403150.16, "median_price_per_sqm": 10078.753999999999, "median_rooms": 1.0, "first_sale": "2025-10-07", "last_sale": "2025-10-07"}}, {"type": "Feature", "geometry": {"type": "Point", "coordinates": [2.392905, 48.848259]}, "properties": {"id_parcelle": "75112000CR0053", "address": "131 BD DIDEROT", "sales": 2, "median_price": 370500.0, "median_price_per_sqm": 8054.347826086957, "median_rooms": 1.5, "first_sale": "2025-06-20", "last_sale": "2025-06-20"}}, {"type": "Feature", "geometry": {"type": "Point", "coordinates": [2.38526, 48.849794]}, "properties": {"id_parcelle": "75112000CS0001", "address": "202 RUE DU FBG ST ANTOINE", "sales": 2, "median_price": 1507000.0, "median_price_per_sqm": 14511.851851851852, "median_rooms": 0.0, "first_sale": "2022-06-21", "last_sale": "2022-06-21"}}, {"type": "Feature", "geometry": {"type": "Point", "coordinates": [2.38564, 48.849678]}, "properties": {"id_parcelle": "75112000CS0006", "address": "206 RUE DU FBG ST ANTOINE", "sales": 2, "median_price": 1250000.0, "median_price_per_sqm": 9615.384615384615, "median_rooms": 2.5, "first_sale": "2023-05-22", "last_sale": "2023-05-22"}}, {"type": "Feature", "geometry": {"type": "Point", "coordinates": [2.401692, 48.829514]}, "properties": {"id_parcelle": "75112000BL0011", "address": "1 AVE DE GRAVELLE", "sales": 2, "median_price": 266075.0, "median_price_per_sqm": null, "median_rooms": 0.0, "first_sale": "2025-07-07", "last_sale": "2025-08-29"}}, {"type": "Feature", "geometry": {"type": "Point", "coordinates": [2.399824, 48.833489]}, "properties": {"id_parcelle": "75112000BN0012", "address": "30 AV DU GAL MICHEL BIZOT", "sales": 2, "median_price": 552000.0, "median_price_per_sqm": 7459.45945945946, "median_rooms": 3.0, "first_sale": "2023-11-02", "last_sale": "2025-07-31"}}, {"type": "Feature", "geometry": {"type": "Point", "coordinates": [2.375296, 48.846961]}, "properties": {"id_parcelle": "75112000EW0076", "address": "12 RUE ABEL", "sales": 2, "median_price": 1598188.0, "median_price_per_sqm": 9926.633540372672, "median_rooms": 2.5, "first_sale": "2021-10-18", "last_sale": "2021-10-18"}}, {"type": "Feature", "geometry": {"type": "Point", "coordinates": [2.377626, 48.849757]}, "properties": {"id_parcelle": "75112000EX0021", "address": "21 RUE DE COTTE", "sales": 2, "median_price": 794870.0, "median_price_per_sqm": 11689.264705882353, "median_rooms": 1.5, "first_sale": "2025-06-16", "last_sale": "2025-06-16"}}, {"type": "Feature", "geometry": {"type": "Point", "coordinates": [2.377556, 48.849592]}, "properties": {"id_parcelle": "75112000EX0023", "address": "2 RUE THEOPHILE ROUSSEL", "sales": 2, "median_price": 505000.0, "median_price_per_sqm": 6809.731012658228, "median_rooms": 1.0, "first_sale": "2021-08-11", "last_sale": "2025-07-29"}}, {"type": "Feature", "geometry": {"type": "Point", "coordinates": [2.378265, 48.84943]}, "properties": {"id_parcelle": "75112000EX0027", "address": "13 RUE D ALIGRE", "sales": 2, "median_price": 275040.0, "median_price_per_sqm": 7947.789473684211, "median_rooms": 0.0, "first_sale": "2022-05-13", "last_sale": "2023-09-04"}}, {"type": "Feature", "geometry": {"type": "Point", "coordinates": [2.378475, 48.849964]}, "properties": {"id_parcelle": "75112000EX0034", "address": "21 RUE D ALIGRE", "sales": 2, "median_price": 437350.0, "median_price_per_sqm": 10672.17868338558, "median_rooms": 2.0, "first_sale": "2023-07-13", "last_sale": "2025-02-21"}}, {"type": "Feature", "geometry": {"type": "Point", "coordinates": [2.404839, 48.844373]}, "properties": {"id_parcelle": "75112000AC0017", "address": "80 AV DE SAINT-MANDE", "sales": 2, "median_price": 439250.0, "median_price_per_sqm": 7821.527777777777, "median_rooms": 1.5, "first_sale": "2021-04-22", "last_sale": "2024-09-11"}}, {"type": "Feature", "geometry": {"type": "Point", "coordinates": [2.402244, 48.843861]}, "properties": {"id_parcelle": "75112000AC0045", "address": "56 BD DE PICPUS", "sales": 2, "median_price": 1135000.0, "median_price_per_sqm": 14740.25974025974, "median_rooms": 2.0, "first_sale": "2021-10-22", "last_sale": "2021-10-22"}}, {"type": "Feature", "geometry": {"type": "Point", "coordinates": [2.402849, 48.843379]}, "properties": {"id_parcelle": "75112000AC0075", "address": "28 RUE MOUSSET ROBERT", "sales": 2, "median_price": 254807.0, "median_price_per_sqm": 9100.25, "median_rooms": 0.5, "first_sale": "2024-06-19", "last_sale": "2024-06-19"}}, {"type": "Feature", "geometry": {"type": "Point", "coordinates": [2.402441, 48.843445]}, "properties": {"id_parcelle": "75112000AC0077", "address": "30 RUE SIBUET", "sales": 2, "median_price": 1025000.0, "median_price_per_sqm": 8070.866141732284, "median_rooms": 2.0, "first_sale": "2024-05-24", "last_sale": "2024-05-24"}}, {"type": "Feature", "geometry": {"type": "Point", "coordinates": [2.389361, 48.83952]}, "properties": {"id_parcelle": "75112000CC0015", "address": "207 RUE DE CHARENTON", "sales": 2, "median_price": 200000.0, "median_price_per_sqm": 9090.90909090909, "median_rooms": 0.5, "first_sale": "2024-11-22", "last_sale": "2024-11-22"}}, {"type": "Feature", "geometry": {"type": "Point", "coordinates": [2.390225, 48.839507]}, "properties": {"id_parcelle": "75112000CC0025", "address": "2 RUE DUBRUNFAUT", "sales": 2, "median_price": 770000.0, "median_price_per_sqm": 12222.222222222223, "median_rooms": 1.5, "first_sale": "2023-02-24", "last_sale": "2023-02-24"}}, {"type": "Feature", "geometry": {"type": "Point", "coordinates": [2.391342, 48.839964]}, "properties": {"id_parcelle": "75112000CC0036", "address": "10 RUE PLEYEL", "sales": 2, "median_price": 605000.0, "median_price_per_sqm": 10254.237288135593, "median_rooms": 1.5, "first_sale": "2022-04-13", "last_sale": "2022-04-13"}}, {"type": "Feature", "geometry": {"type": "Point", "coordinates": [2.391613, 48.840303]}, "properties": {"id_parcelle": "75112000CC0041", "address": "150 AV DAUMESNIL", "sales": 2, "median_price": 240000.0, "median_price_per_sqm": 6666.666666666667, "median_rooms": 1.0, "first_sale": "2024-03-11", "last_sale": "2024-03-11"}}, {"type": "Feature", "geometry": {"type": "Point", "coordinates": [2.384269, 48.845597]}, "properties": {"id_parcelle": "75112000CT0056", "address": "7 RUE ERARD", "sales": 2, "median_price": 272000.0, "median_price_per_sqm": 7094.594594594595, "median_rooms": 1.5, "first_sale": "2021-03-26", "last_sale": "2024-09-09"}}, {"type": "Feature", "geometry": {"type": "Point", "coordinates": [2.401332, 48.833437]}, "properties": {"id_parcelle": "75112000BN0031", "address": "61 BD PONIATOWSKI", "sales": 2, "median_price": 265000.0, "median_price_per_sqm": 6349.646226415094, "median_rooms": 0.0, "first_sale": "2021-07-08", "last_sale": "2022-07-26"}}, {"type": "Feature", "geometry": {"type": "Point", "coordinates": [2.400471, 48.833053]}, "properties": {"id_parcelle": "75112000BN0034", "address": "45 BD PONIATOWSKI", "sales": 2, "median_price": 390000.0, "median_price_per_sqm": 7800.0, "median_rooms": 1.5, "first_sale": "2021-09-30", "last_sale": "2021-09-30"}}, {"type": "Feature", "geometry": {"type": "Point", "coordinates": [2.401156, 48.834656]}, "properties": {"id_parcelle": "75112000BO0001", "address": "50 AV DU GAL MICHEL BIZOT", "sales": 2, "median_price": 390000.0, "median_price_per_sqm": 7959.183673469388, "median_rooms": 1.0, "first_sale": "2025-06-06", "last_sale": "2025-06-06"}}, {"type": "Feature", "geometry": {"type": "Point", "coordinates": [2.382375, 48.843065]}, "properties": {"id_parcelle": "75112000CW0062", "address": "69 RUE DU CHAROLAIS", "sales": 2, "median_price": 41635500.0, "median_price_per_sqm": null, "median_rooms": null, "first_sale": "2022-09-08", "last_sale": "2023-07-27"}}, {"type": "Feature", "geometry": {"type": "Point", "coordinates": [2.386825, 48.841104]}, "properties": {"id_parcelle": "75112000CZ0013", "address": "7 RUE BAULANT", "sales": 2, "median_price": 210000.0, "median_price_per_sqm": 7500.0, "median_rooms": 0.0, "first_sale": "2024-05-03", "last_sale": "2024-05-03"}}, {"type": "Feature", "geometry": {"type": "Point", "coordinates": [2.386386, 48.840923]}, "properties": {"id_parcelle": "75112000CZ0016", "address": "1 RUE BAULANT", "sales": 2, "median_price": 443000.0, "median_price_per_sqm": 8860.0, "median_rooms": 1.5, "first_sale": "2023-03-13", "last_sale": "2023-03-13"}}, {"type": "Feature", "geometry": {"type": "Point", "coordinates": [2.382816, 48.842832]}, "properties": {"id_parcelle": "75112000CZ0039", "address": "67 RUE DU CHAROLAIS", "sales": 2, "median_price": 41635500.0, "median_price_per_sqm": null, "median_rooms": null, "first_sale": "2022-09-08", "last_sale": "2023-07-27"}}, {"type": "Feature", "geometry": {"type": "Point", "coordinates": [2.384025, 48.841635]}, "properties": {"id_parcelle": "75112000CZ0055", "address": "41 RUE JORGE SEMPRUN", "sales": 2, "median_price": 3332365.25, "median_price_per_sqm": null, "median_rooms": null, "first_sale": "2022-12-15", "last_sale": "2023-12-20"}}, {"type": "Feature", "geometry": {"type": "Point", "coordinates": [2.383746, 48.841727]}, "properties": {"id_parcelle": "75112000CZ0059", "address": "1 RUE DU CHAROLAIS", "sales": 2, "median_price": 3187441.5, "median_price_per_sqm": 1138.3719642857143, "median_rooms": 0.0, "first_sale": "2024-05-23", "last_sale": "2024-05-23"}}, {"type": "Feature", "geometry": {"type": "Point", "coordinates": [2.386602, 48.840726]}, "properties": {"id_parcelle": "75112000DA0001", "address": "2 RUE BAULANT", "sales": 2, "median_price": 340000.0, "median_price_per_sqm": 7555.555555555556, "median_rooms": 1.5, "first_sale": "2025-07-23", "last_sale": "2025-07-23"}}, {"type": "Feature", "geometry": {"type": "Point", "coordinates": [2.387298, 48.840919]}, "properties": {"id_parcelle": "75112000DA0007", "address": "212 RUE DE CHARENTON", "sales": 2, "median_price": 446200.0, "median_price_per_sqm": 10007.21544715447, "median_rooms": 2.0, "first_sale": "2021-04-23", "last_sale": "2025-11-06"}}, {"type": "Feature", "geometry": {"type": "Point", "coordinates": [2.387274, 48.840096]}, "properties": {"id_parcelle": "75112000DA0019", "address": "18 RUE DU CHAROLAIS", "sales": 2, "median_price": 610000.0, "median_price_per_sqm": 10892.857142857143, "median_rooms": 1.5, "first_sale": "2021-07-27", "last_sale": "2021-07-27"}}, {"type": "Feature", "geometry": {"type": "Point", "coordinates": [2.384111, 48.840846]}, "properties": {"id_parcelle": "75112000DA0076", "address": "17 BD DE BERCY", "sales": 2, "median_price": 41279016.0, "median_price_per_sqm": null, "median_rooms": null, "first_sale": "2022-09-08", "last_sale": "2022-09-08"}}, {"type": "Feature", "geometry": {"type": "Point", "coordinates": [2.381432, 48.839869]}, "properties": {"id_parcelle": "75112000DB0030", "address": "44 BD DE BERCY", "sales": 2, "median_price": 7700000.0, "median_price_per_sqm": 5467.444144983753, "median_rooms": 0.0, "first_sale": "2022-12-30", "last_sale": "2022-12-30"}}, {"type": "Feature", "geometry": {"type": "Point", "coordinates": [2.385855, 48.836057]}, "properties": {"id_parcelle": "75112000DC0006", "address": "4 RUE DE BERCY", "sales": 2, "median_price": 330000.0, "median_price_per_sqm": 9428.57142857143, "median_rooms": 1.0, "first_sale": "2023-05-15", "last_sale": "2023-05-15"}}, {"type": "Feature", "geometry": {"type": "Point", "coordinates": [2.390615, 48.837425]}, "properties": {"id_parcelle": "75112000DD0012", "address": "37 RUE PROUDHON", "sales": 2, "median_price": 300000.0, "median_price_per_sqm": 8823.529411764706, "median_rooms": 1.0, "first_sale": "2021-12-20", "last_sale": "2021-12-20"}}, {"type": "Feature", "geometry": {"type": "Point", "coordinates": [2.390389, 48.837397]}, "properties": {"id_parcelle": "75112000DD0013", "address": "35 RUE PROUDHON", "sales": 2, "median_price": 250100.0, "median_price_per_sqm": 7145.714285714285, "median_rooms": 1.0, "first_sale": "2024-11-13", "last_sale": "2024-11-13"}}, {"type": "Feature", "geometry": {"type": "Point", "coordinates": [2.389885, 48.837792]}, "properties": {"id_parcelle": "75112000DD0021", "address": "248 RUE DE CHARENTON", "sales": 2, "median_price": 240000.0, "median_price_per_sqm": 8571.42857142857, "median_rooms": 1.0, "first_sale": "2025-04-18", "last_sale": "2025-04-18"}}, {"type": "Feature", "geometry": {"type": "Point", "coordinates": [2.398857, 48.835478]}, "properties": {"id_parcelle": "75112000BP0025", "address": "23 RUE DE FECAMP", "sales": 2, "median_price": 340000.0, "median_price_per_sqm": 11333.333333333334, "median_rooms": 1.0, "first_sale": "2021-10-06", "last_sale": "2021-10-06"}}, {"type": "Feature", "geometry": {"type": "Point", "coordinates": [2.399631, 48.835548]}, "properties": {"id_parcelle": "75112000BP0032", "address": "33 RUE CLAUDE DECAEN", "sales": 2, "median_price": 928000.0, "median_price_per_sqm": 14276.923076923076, "median_rooms": 2.0, "first_sale": "2022-08-22", "last_sale": "2022-08-22"}}, {"type": "Feature", "geometry": {"type": "Point", "coordinates": [2.384179, 48.844993]}, "properties": {"id_parcelle": "75112000CV0004", "address": "6 RUE ERARD", "sales": 2, "median_price": 153500.0, "median_price_per_sqm": 10437.5, "median_rooms": 0.5, "first_sale": "2021-04-02", "last_sale": "2023-01-16"}}, {"type": "Feature", "geometry": {"type": "Point", "coordinates": [2.388218, 48.843846]}, "properties": {"id_parcelle": "75112000CV0030", "address": "25 RUE MONTGALLET", "sales": 2, "median_price": 375000.0, "median_price_per_sqm": 9375.0, "median_rooms": 1.0, "first_sale": "2023-09-01", "last_sale": "2023-09-01"}}, {"type": "Feature", "geometry": {"type": "Point", "coordinates": [2.383825, 48.842827]}, "properties": {"id_parcelle": "75112000CW0031", "address": "70 RUE DU CHAROLAIS", "sales": 2, "median_price": 434000.0, "median_price_per_sqm": 10850.0, "median_rooms": 1.0, "first_sale": "2021-06-01", "last_sale": "2021-06-01"}}, {"type": "Feature", "geometry": {"type": "Point", "coordinates": [2.383804, 48.842955]}, "properties": {"id_parcelle": "75112000CW0032", "address": "102 AV DAUMESNIL", "sales": 2, "median_price": 220000.0, "median_price_per_sqm": 7333.333333333333, "median_rooms": 1.0, "first_sale": "2025-01-15", "last_sale": "2025-01-15"}}, {"type": "Feature", "geometry": {"type": "Point", "coordinates": [2.38323, 48.843119]}, "properties": {"id_parcelle": "75112000CW0035", "address": "1 RUE CHARLES BOSSUT", "sales": 2, "median_price": 268374.0, "median_price_per_sqm": 13418.7, "median_rooms": 0.5, "first_sale": "2025-07-04", "last_sale": "2025-07-04"}}, {"type": "Feature", "geometry": {"type": "Point", "coordinates": [2.387316, 48.847786]}, "properties": {"id_parcelle": "75112000CS0045", "address": "5 RUE CLAUDE TILLIER", "sales": 2, "median_price": 208500.0, "median_price_per_sqm": 10425.0, "median_rooms": 1.0, "first_sale": "2023-04-03", "last_sale": "2023-06-29"}}, {"type": "Feature", "geometry": {"type": "Point", "coordinates": [2.39897, 48.834941]}, "properties": {"id_parcelle": "75112000BR0010", "address": "66 RUE DE WATTIGNIES", "sales": 2, "median_price": 378200.0, "median_price_per_sqm": 15128.0, "median_rooms": 0.5, "first_sale": "2022-11-08", "last_sale": "2022-11-08"}}, {"type": "Feature", "geometry": {"type": "Point", "coordinates": [2.399461, 48.833996]}, "properties": {"id_parcelle": "75112000BR0034", "address": "31 AV DU GAL MICHEL BIZOT", "sales": 2, "median_price": 339600.0, "median_price_per_sqm": 9702.857142857143, "median_rooms": 0.5, "first_sale": "2023-06-01", "last_sale": "2023-06-01"}}, {"type": "Feature", "geometry": {"type": "Point", "coordinates": [2.387211, 48.847697]}, "properties": {"id_parcelle": "75112000CS0046", "address": "3 RUE CLAUDE TILLIER", "sales": 2, "median_price": 348400.0, "median_price_per_sqm": 8329.211571185479, "median_rooms": 1.5, "first_sale": "2021-09-17", "last_sale": "2025-12-15"}}, {"type": "Feature", "geometry": {"type": "Point", "coordinates": [2.384652, 48.849281]}, "properties": {"id_parcelle": "75112000CS0054", "address": "38 RUE CHALIGNY", "sales": 2, "median_price": 637150.0, "median_price_per_sqm": 11244.537948555097, "median_rooms": 2.5, "first_sale": "2021-12-20", "last_sale": "2023-01-20"}}, {"type": "Feature", "geometry": {"type": "Point", "coordinates": [2.397721, 48.839144]}, "properties": {"id_parcelle": "75112000BY0076", "address": "203 AV DAUMESNIL", "sales": 2, "median_price": 263000.0, "median_price_per_sqm": 7969.69696969697, "median_rooms": 1.0, "first_sale": "2024-11-05", "last_sale": "2024-11-05"}}, {"type": "Feature", "geometry": {"type": "Point", "coordinates": [2.400442, 48.839208]}, "properties": {"id_parcelle": "75112000BY0089", "address": "19 RUE SIDI BRAHIM", "sales": 2, "median_price": 457000.0, "median_price_per_sqm": 8960.78431372549, "median_rooms": 1.5, "first_sale": "2024-05-03", "last_sale": "2024-05-03"}}, {"type": "Feature", "geometry": {"type": "Point", "coordinates": [2.403153, 48.841923]}, "properties": {"id_parcelle": "75112000AD0031", "address": "28 RUE VICTOR CHEVREUIL", "sales": 2, "median_price": 185000.0, "median_price_per_sqm": 5606.060606060606, "median_rooms": 1.0, "first_sale": "2021-09-22", "last_sale": "2021-09-22"}}, {"type": "Feature", "geometry": {"type": "Point", "coordinates": [2.376538, 48.848317]}, "properties": {"id_parcelle": "75112000EX0072", "address": "91 RUE DE CHARENTON", "sales": 2, "median_price": 503500.0, "median_price_per_sqm": 10493.541977148536, "median_rooms": 2.0, "first_sale": "2021-04-29", "last_sale": "2021-07-07"}}, {"type": "Feature", "geometry": {"type": "Point", "coordinates": [2.404082, 48.845184]}, "properties": {"id_parcelle": "75112000AB0062", "address": "11 RUE DU RENDEZ VOUS", "sales": 2, "median_price": 298000.0, "median_price_per_sqm": 8514.285714285714, "median_rooms": 1.0, "first_sale": "2023-01-13", "last_sale": "2023-01-13"}}, {"type": "Feature", "geometry": {"type": "Point", "coordinates": [2.403794, 48.845238]}, "properties": {"id_parcelle": "75112000AB0064", "address": "15 RUE DU RENDEZ VOUS", "sales": 2, "median_price": 1976560.0, "median_price_per_sqm": 13062.520884520884, "median_rooms": 6.5, "first_sale": "2022-06-24", "last_sale": "2024-12-20"}}, {"type": "Feature", "geometry": {"type": "Point", "coordinates": [2.403402, 48.84547]}, "properties": {"id_parcelle": "75112000AB0069", "address": "23 RUE DU RENDEZ VOUS", "sales": 2, "median_price": 682730.0, "median_price_per_sqm": 23976.82738095238, "median_rooms": 1.0, "first_sale": "2025-10-29", "last_sale": "2025-10-29"}}, {"type": "Feature", "geometry": {"type": "Point", "coordinates": [2.392411, 48.840057]}, "properties": {"id_parcelle": "75112000CB0025", "address": "26 RUE DUGOMMIER", "sales": 2, "median_price": 835000.0, "median_price_per_sqm": 11760.56338028169, "median_rooms": 2.0, "first_sale": "2022-10-21", "last_sale": "2022-10-21"}}, {"type": "Feature", "geometry": {"type": "Point", "coordinates": [2.393217, 48.839937]}, "properties": {"id_parcelle": "75112000CB0036", "address": "162 AV DAUMESNIL", "sales": 2, "median_price": 413728.06, "median_price_per_sqm": 10090.928292682927, "median_rooms": 1.5, "first_sale": "2023-04-18", "last_sale": "2023-04-18"}}, {"type": "Feature", "geometry": {"type": "Point", "coordinates": [2.378964, 48.845285]}, "properties": {"id_parcelle": "75112000HB0146", "address": "54 AV DAUMESNIL", "sales": 2, "median_price": 416350.0, "median_price_per_sqm": 9397.225806451614, "median_rooms": 2.5, "first_sale": "2023-11-08", "last_sale": "2025-07-08"}}, {"type": "Feature", "geometry": {"type": "Point", "coordinates": [2.378774, 48.845347]}, "properties": {"id_parcelle": "75112000HB0148", "address": "52 AV DAUMESNIL", "sales": 2, "median_price": 1307000.0, "median_price_per_sqm": 13070.0, "median_rooms": 3.0, "first_sale": "2022-02-08", "last_sale": "2022-02-08"}}, {"type": "Feature", "geometry": {"type": "Point", "coordinates": [2.402868, 48.845668]}, "properties": {"id_parcelle": "75112000AA0047", "address": "9 RUE MARSOULAN", "sales": 2, "median_price": 662000.0, "median_price_per_sqm": 8275.0, "median_rooms": 1.5, "first_sale": "2023-09-15", "last_sale": "2023-09-15"}}, {"type": "Feature", "geometry": {"type": "Point", "coordinates": [2.400288, 48.847122]}, "properties": {"id_parcelle": "75112000AA0012", "address": "72 RUE DU RENDEZ VOUS", "sales": 2, "median_price": 593400.0, "median_price_per_sqm": 9727.868852459016, "median_rooms": 1.5, "first_sale": "2025-04-23", "last_sale": "2025-04-23"}}, {"type": "Feature", "geometry": {"type": "Point", "coordinates": [2.402221, 48.846351]}, "properties": {"id_parcelle": "75112000AA0035", "address": "44 RUE DU RENDEZ VOUS", "sales": 2, "median_price": 166250.0, "median_price_per_sqm": 8402.777777777777, "median_rooms": 1.0, "first_sale": "2024-12-20", "last_sale": "2025-03-19"}}]}