{"type": "FeatureCollection", "features": [{"type": "Feature", "geometry": {"type": "Point", "coordinates": [2.959893, 48.651803]}, "properties": {"year": 2021, "valeur_fonciere": 97700.0, "type_local": null, "surface_reelle_bati": null, "nombre_pieces_principales": null, "adresse_nom_voie": "RUE CLOS DE L ORMOY", "price_per_sqm": null, "date_iso": "2021-01-22", "parcelle": "77135000AA0255", "addr_num": "16"}}, {"type": "Feature", "geometry": {"type": "Point", "coordinates": [2.9598, 48.651977]}, "properties": {"year": 2021, "valeur_fonciere": 97700.0, "type_local": null, "surface_reelle_bati": null, "nombre_pieces_principales": null, "adresse_nom_voie": "RUE CLOS DE L ORMOY", "price_per_sqm": null, "date_iso": "2021-01-22", "parcelle": "77135000AA0279", "addr_num": "16"}}, {"type": "Feature", "geometry": {"type": "Point", "coordinates": [2.959643, 48.651043]}, "properties": {"year": 2021, "valeur_fonciere": 103250.0, "type_local": null, "surface_reelle_bati": null, "nombre_pieces_principales": null, "adresse_nom_voie": "RUE CLOS DE L ORMOY", "price_per_sqm": null, "date_iso": "2021-01-29", "parcelle": "77135000AA0250", "addr_num": "26"}}, {"type": "Feature", "geometry": {"type": "Point", "coordinates": [2.956583, 48.652098]}, "properties": {"year": 2021, "valeur_fonciere": 115000.0, "type_local": null, "surface_reelle_bati": null, "nombre_pieces_principales": null, "adresse_nom_voie": "ALL DU MOULIN", "price_per_sqm": null, "date_iso": "2021-02-19", "parcelle": "77135000AA0230", "addr_num": "5"}}, {"type": "Feature", "geometry": {"type": "Point", "coordinates": [2.944161, 48.653032]}, "properties": {"year": 2021, "valeur_fonciere": 165000.0, "type_local": "Maison", "surface_reelle_bati": 110.0, "nombre_pieces_principales": 2.0, "adresse_nom_voie": "RUE DES SENTIERS", "price_per_sqm": 1500.0, "date_iso": "2021-02-16", "parcelle": "77135000AE0095", "addr_num": "1"}}, {"type": "Feature", "geometry": {"type": "Point", "coordinates": [2.96078, 48.651246]}, "properties": {"year": 2021, "valeur_fonciere": 76500.0, "type_local": null, "surface_reelle_bati": null, "nombre_pieces_principales": null, "adresse_nom_voie": "RUE CLOS DE L ORMOY", "price_per_sqm": null, "date_iso": "2021-02-18", "parcelle": "77135000AA0270", "addr_num": "27"}}, {"type": "Feature", "geometry": {"type": "Point", "coordinates": [2.96494, 48.643722]}, "properties": {"year": 2021, "valeur_fonciere": 290000.0, "type_local": "Maison", "surface_reelle_bati": 122.0, "nombre_pieces_principales": 5.0, "adresse_nom_voie": "RUE DES POIRIERS", "price_per_sqm": 2377.0491803278687, "date_iso": "2021-02-12", "parcelle": "771350000X0160", "addr_num": "15"}}, {"type": "Feature", "geometry": {"type": "Point", "coordinates": [2.96494, 48.643722]}, "properties": {"year": 2021, "valeur_fonciere": 290000.0, "type_local": "Maison", "surface_reelle_bati": 122.0, "nombre_pieces_principales": 5.0, "adresse_nom_voie": "RUE DES POIRIERS", "price_per_sqm": 2377.0491803278687, "date_iso": "2021-02-12", "parcelle": "771350000X0160", "addr_num": "15"}}, {"type": "Feature", "geometry": {"type": "Point", "coordinates": [2.956711, 48.64627]}, "properties": {"year": 2021, "valeur_fonciere": 284000.0, "type_local": "Maison", "surface_reelle_bati": 104.0, "nombre_pieces_principales": 4.0, "adresse_nom_voie": "RUE DE L'ERABLE", "price_per_sqm": 2730.769230769231, "date_iso": "2021-03-03", "parcelle": "77135000AC0021", "addr_num": "3"}}, {"type": "Feature", "geometry": {"type": "Point", "coordinates": [2.950236, 48.647936]}, "properties": {"year": 2021, "valeur_fonciere": 11869.0, "type_local": null, "surface_reelle_bati": null, "nombre_pieces_principales": null, "adresse_nom_voie": "LE MOULIN A VENT", "price_per_sqm": null, "date_iso": "2021-03-29", "parcelle": "771350000Y0042", "addr_num": ""}}, {"type": "Feature", "geometry": {"type": "Point", "coordinates": [2.932391, 48.656219]}, "properties": {"year": 2021, "valeur_fonciere": 11869.0, "type_local": null, "surface_reelle_bati": null, "nombre_pieces_principales": null, "adresse_nom_voie": "DERRIERE LE BOIS DURAND", "price_per_sqm": null, "date_iso": "2021-03-29", "parcelle": "771350000Z0058", "addr_num": ""}}, {"type": "Feature", "geometry": {"type": "Point", "coordinates": [2.932391, 48.656219]}, "properties": {"year": 2021, "valeur_fonciere": 11869.0, "type_local": null, "surface_reelle_bati": null, "nombre_pieces_principales": null, "adresse_nom_voie": "DERRIERE LE BOIS DURAND", "price_per_sqm": null, "date_iso": "2021-03-29", "parcelle": "771350000Z0058", "addr_num": ""}}, {"type": "Feature", "geometry": {"type": "Point", "coordinates": [2.956777, 48.649247]}, "properties": {"year": 2021, "valeur_fonciere": 1.0, "type_local": null, "surface_reelle_bati": null, "nombre_pieces_principales": null, "adresse_nom_voie": "RUE DE CHANTEMERLE", "price_per_sqm": null, "date_iso": "2021-03-24", "parcelle": "77135000AA0015", "addr_num": ""}}, {"type": "Feature", "geometry": {"type": "Point", "coordinates": [2.957033, 48.649361]}, "properties": {"year": 2021, "valeur_fonciere": 1.0, "type_local": null, "surface_reelle_bati": null, "nombre_pieces_principales": null, "adresse_nom_voie": "RUE DE CHANTEMERLE", "price_per_sqm": null, "date_iso": "2021-03-24", "parcelle": "77135000AA0016", "addr_num": ""}}, {"type": "Feature", "geometry": {"type": "Point", "coordinates": [2.957177, 48.649439]}, "properties": {"year": 2021, "valeur_fonciere": 1.0, "type_local": null, "surface_reelle_bati": null, "nombre_pieces_principales": null, "adresse_nom_voie": "RUE LAFAYETTE", "price_per_sqm": null, "date_iso": "2021-03-24", "parcelle": "77135000AA0017", "addr_num": ""}}, {"type": "Feature", "geometry": {"type": "Point", "coordinates": [2.960386, 48.650758]}, "properties": {"year": 2021, "valeur_fonciere": 102250.0, "type_local": null, "surface_reelle_bati": null, "nombre_pieces_principales": null, "adresse_nom_voie": "RUE CLOS DE L ORMOY", "price_per_sqm": null, "date_iso": "2021-03-15", "parcelle": "77135000AA0245", "addr_num": "34"}}, {"type": "Feature", "geometry": {"type": "Point", "coordinates": [2.970528, 48.635017]}, "properties": {"year": 2021, "valeur_fonciere": 86500.0, "type_local": null, "surface_reelle_bati": null, "nombre_pieces_principales": null, "adresse_nom_voie": "RUE DES SABLONS", "price_per_sqm": null, "date_iso": "2021-04-28", "parcelle": "77135000AD0106", "addr_num": "4"}}, {"type": "Feature", "geometry": {"type": "Point", "coordinates": [2.970693, 48.635135]}, "properties": {"year": 2021, "valeur_fonciere": 86500.0, "type_local": null, "surface_reelle_bati": null, "nombre_pieces_principales": null, "adresse_nom_voie": "RUE DES SABLONS", "price_per_sqm": null, "date_iso": "2021-04-28", "parcelle": "77135000AD0110", "addr_num": "4"}}, {"type": "Feature", "geometry": {"type": "Point", "coordinates": [2.970454, 48.6352]}, "properties": {"year": 2021, "valeur_fonciere": 86500.0, "type_local": null, "surface_reelle_bati": null, "nombre_pieces_principales": null, "adresse_nom_voie": "RUE DES SABLONS", "price_per_sqm": null, "date_iso": "2021-04-28", "parcelle": "77135000AD0111", "addr_num": "4"}}, {"type": "Feature", "geometry": {"type": "Point", "coordinates": [2.960471, 48.651585]}, "properties": {"year": 2021, "valeur_fonciere": 74000.0, "type_local": null, "surface_reelle_bati": null, "nombre_pieces_principales": null, "adresse_nom_voie": "RUE CLOS DE L ORMOY", "price_per_sqm": null, "date_iso": "2021-04-29", "parcelle": "77135000AA0264", "addr_num": "3"}}, {"type": "Feature", "geometry": {"type": "Point", "coordinates": [2.944322, 48.653171]}, "properties": {"year": 2021, "valeur_fonciere": 340000.0, "type_local": "Maison", "surface_reelle_bati": 130.0, "nombre_pieces_principales": 6.0, "adresse_nom_voie": "RUE DES SENTIERS", "price_per_sqm": 2615.3846153846152, "date_iso": "2021-05-04", "parcelle": "77135000AE0094", "addr_num": "1"}}, {"type": "Feature", "geometry": {"type": "Point", "coordinates": [2.944322, 48.653171]}, "properties": {"year": 2021, "valeur_fonciere": 340000.0, "type_local": "Maison", "surface_reelle_bati": 130.0, "nombre_pieces_principales": 6.0, "adresse_nom_voie": "RUE DES SENTIERS", "price_per_sqm": 2615.3846153846152, "date_iso": "2021-05-04", "parcelle": "77135000AE0094", "addr_num": "1"}}, {"type": "Feature", "geometry": {"type": "Point", "coordinates": [2.960336, 48.651115]}, "properties": {"year": 2021, "valeur_fonciere": 74500.0, "type_local": null, "surface_reelle_bati": null, "nombre_pieces_principales": null, "adresse_nom_voie": "RUE CLOS DE L ORMOY", "price_per_sqm": null, "date_iso": "2021-04-29", "parcelle": "77135000AA0274", "addr_num": "19"}}, {"type": "Feature", "geometry": {"type": "Point", "coordinates": [2.959757, 48.650928]}, "properties": {"year": 2021, "valeur_fonciere": 101750.0, "type_local": null, "surface_reelle_bati": null, "nombre_pieces_principales": null, "adresse_nom_voie": "RUE CLOS DE L ORMOY", "price_per_sqm": null, "date_iso": "2021-05-28", "parcelle": "77135000AA0249", "addr_num": "28"}}, {"type": "Feature", "geometry": {"type": "Point", "coordinates": [2.959571, 48.651178]}, "properties": {"year": 2021, "valeur_fonciere": 101750.0, "type_local": null, "surface_reelle_bati": null, "nombre_pieces_principales": null, "adresse_nom_voie": "RUE CLOS DE L ORMOY", "price_per_sqm": null, "date_iso": "2021-05-28", "parcelle": "77135000AA0251", "addr_num": "24"}}, {"type": "Feature", "geometry": {"type": "Point", "coordinates": [2.930725, 48.658926]}, "properties": {"year": 2021, "valeur_fonciere": 3021.0, "type_local": null, "surface_reelle_bati": null, "nombre_pieces_principales": null, "adresse_nom_voie": "LES CHARMES", "price_per_sqm": null, "date_iso": "2021-05-28", "parcelle": "771350000Z0001", "addr_num": ""}}, {"type": "Feature", "geometry": {"type": "Point", "coordinates": [2.928439, 48.641852]}, "properties": {"year": 2021, "valeur_fonciere": 3000.0, "type_local": null, "surface_reelle_bati": null, "nombre_pieces_principales": null, "adresse_nom_voie": "TILLOY", "price_per_sqm": null, "date_iso": "2021-06-14", "parcelle": "771350000V0052", "addr_num": ""}}, {"type": "Feature", "geometry": {"type": "Point", "coordinates": [2.959772, 48.650802]}, "properties": {"year": 2021, "valeur_fonciere": 101750.0, "type_local": null, "surface_reelle_bati": null, "nombre_pieces_principales": null, "adresse_nom_voie": "RUE CLOS DE L ORMOY", "price_per_sqm": null, "date_iso": "2021-06-18", "parcelle": "77135000AA0248", "addr_num": "30"}}, {"type": "Feature", "geometry": {"type": "Point", "coordinates": [2.94429, 48.652894]}, "properties": {"year": 2021, "valeur_fonciere": 42000.0, "type_local": "Maison", "surface_reelle_bati": 75.0, "nombre_pieces_principales": 3.0, "adresse_nom_voie": "RUE DES SENTIERS", "price_per_sqm": 560.0, "date_iso": "2021-06-18", "parcelle": "77135000AE0121", "addr_num": "3"}}, {"type": "Feature", "geometry": {"type": "Point", "coordinates": [2.961862, 48.650617]}, "properties": {"year": 2021, "valeur_fonciere": 188000.0, "type_local": "Maison", "surface_reelle_bati": 100.0, "nombre_pieces_principales": 4.0, "adresse_nom_voie": "RUE DE CHAMPRENARD", "price_per_sqm": 1880.0, "date_iso": "2021-06-24", "parcelle": "77135000AA0175", "addr_num": "19"}}, {"type": "Feature", "geometry": {"type": "Point", "coordinates": [2.959634, 48.647289]}, "properties": {"year": 2021, "valeur_fonciere": 67000.0, "type_local": null, "surface_reelle_bati": null, "nombre_pieces_principales": null, "adresse_nom_voie": "RLE DU PUITS MOREAU", "price_per_sqm": null, "date_iso": "2021-06-23", "parcelle": "77135000AB0065", "addr_num": ""}}, {"type": "Feature", "geometry": {"type": "Point", "coordinates": [2.959754, 48.64722]}, "properties": {"year": 2021, "valeur_fonciere": 67000.0, "type_local": "Maison", "surface_reelle_bati": 70.0, "nombre_pieces_principales": 3.0, "adresse_nom_voie": "RUE DE L YVRON", "price_per_sqm": 957.1428571428571, "date_iso": "2021-06-23", "parcelle": "77135000AB0067", "addr_num": "12"}}, {"type": "Feature", "geometry": {"type": "Point", "coordinates": [2.959754, 48.64722]}, "properties": {"year": 2021, "valeur_fonciere": 67000.0, "type_local": "Local industriel. commercial ou assimilé", "surface_reelle_bati": 65.0, "nombre_pieces_principales": 0.0, "adresse_nom_voie": "RUE DE L YVRON", "price_per_sqm": 1030.7692307692307, "date_iso": "2021-06-23", "parcelle": "77135000AB0067", "addr_num": "12"}}, {"type": "Feature", "geometry": {"type": "Point", "coordinates": [2.956525, 48.64605]}, "properties": {"year": 2021, "valeur_fonciere": 281321.0, "type_local": "Maison", "surface_reelle_bati": 84.0, "nombre_pieces_principales": 5.0, "adresse_nom_voie": "RUE DES TILLEULS", "price_per_sqm": 3349.059523809524, "date_iso": "2021-06-21", "parcelle": "77135000AC0205", "addr_num": "16"}}, {"type": "Feature", "geometry": {"type": "Point", "coordinates": [2.956525, 48.64605]}, "properties": {"year": 2021, "valeur_fonciere": 281321.0, "type_local": "Maison", "surface_reelle_bati": 84.0, "nombre_pieces_principales": 5.0, "adresse_nom_voie": "RUE DES TILLEULS", "price_per_sqm": 3349.059523809524, "date_iso": "2021-06-21", "parcelle": "77135000AC0205", "addr_num": "16"}}, {"type": "Feature", "geometry": {"type": "Point", "coordinates": [2.959293, 48.650667]}, "properties": {"year": 2021, "valeur_fonciere": 300000.0, "type_local": "Dépendance", "surface_reelle_bati": null, "nombre_pieces_principales": 0.0, "adresse_nom_voie": "ALL DES TROIS CHENES", "price_per_sqm": null, "date_iso": "2021-07-09", "parcelle": "77135000AA0114", "addr_num": "3"}}, {"type": "Feature", "geometry": {"type": "Point", "coordinates": [2.959293, 48.650667]}, "properties": {"year": 2021, "valeur_fonciere": 300000.0, "type_local": "Maison", "surface_reelle_bati": 100.0, "nombre_pieces_principales": 5.0, "adresse_nom_voie": "ALL DES TROIS CHENES", "price_per_sqm": 3000.0, "date_iso": "2021-07-09", "parcelle": "77135000AA0114", "addr_num": "3"}}, {"type": "Feature", "geometry": {"type": "Point", "coordinates": [2.953839, 48.645476]}, "properties": {"year": 2021, "valeur_fonciere": 52920.0, "type_local": null, "surface_reelle_bati": null, "nombre_pieces_principales": null, "adresse_nom_voie": "RUE DES MARRONNIERS", "price_per_sqm": null, "date_iso": "2021-07-20", "parcelle": "77135000AC0004", "addr_num": ""}}, {"type": "Feature", "geometry": {"type": "Point", "coordinates": [2.93647, 48.645987]}, "properties": {"year": 2021, "valeur_fonciere": 52920.0, "type_local": null, "surface_reelle_bati": null, "nombre_pieces_principales": null, "adresse_nom_voie": "RELUGERES", "price_per_sqm": null, "date_iso": "2021-07-20", "parcelle": "771350000U0024", "addr_num": ""}}, {"type": "Feature", "geometry": {"type": "Point", "coordinates": [2.944204, 48.643549]}, "properties": {"year": 2021, "valeur_fonciere": 52920.0, "type_local": null, "surface_reelle_bati": null, "nombre_pieces_principales": null, "adresse_nom_voie": "LE CORMIER", "price_per_sqm": null, "date_iso": "2021-07-20", "parcelle": "771350000V0024", "addr_num": ""}}, {"type": "Feature", "geometry": {"type": "Point", "coordinates": [2.95068, 48.649004]}, "properties": {"year": 2021, "valeur_fonciere": 52920.0, "type_local": null, "surface_reelle_bati": null, "nombre_pieces_principales": null, "adresse_nom_voie": "LE MOULIN A VENT", "price_per_sqm": null, "date_iso": "2021-07-20", "parcelle": "771350000Y0040", "addr_num": ""}}, {"type": "Feature", "geometry": {"type": "Point", "coordinates": [2.950149, 48.645031]}, "properties": {"year": 2021, "valeur_fonciere": 52920.0, "type_local": null, "surface_reelle_bati": null, "nombre_pieces_principales": null, "adresse_nom_voie": "LA JUSTICE", "price_per_sqm": null, "date_iso": "2021-07-20", "parcelle": "771350000Y0091", "addr_num": ""}}, {"type": "Feature", "geometry": {"type": "Point", "coordinates": [2.945932, 48.645613]}, "properties": {"year": 2021, "valeur_fonciere": 52920.0, "type_local": null, "surface_reelle_bati": null, "nombre_pieces_principales": null, "adresse_nom_voie": "LES CORBIERES", "price_per_sqm": null, "date_iso": "2021-07-20", "parcelle": "771350000Y0102", "addr_num": ""}}, {"type": "Feature", "geometry": {"type": "Point", "coordinates": [2.931758, 48.658698]}, "properties": {"year": 2021, "valeur_fonciere": 931.66, "type_local": null, "surface_reelle_bati": null, "nombre_pieces_principales": null, "adresse_nom_voie": "LES CHARMES", "price_per_sqm": null, "date_iso": "2021-07-20", "parcelle": "771350000Z0003", "addr_num": ""}}, {"type": "Feature", "geometry": {"type": "Point", "coordinates": [2.931719, 48.658389]}, "properties": {"year": 2021, "valeur_fonciere": 931.66, "type_local": null, "surface_reelle_bati": null, "nombre_pieces_principales": null, "adresse_nom_voie": "LES CHARMES", "price_per_sqm": null, "date_iso": "2021-07-20", "parcelle": "771350000Z0005", "addr_num": ""}}, {"type": "Feature", "geometry": {"type": "Point", "coordinates": [2.961921, 48.650388]}, "properties": {"year": 2021, "valeur_fonciere": 950.0, "type_local": null, "surface_reelle_bati": null, "nombre_pieces_principales": null, "adresse_nom_voie": "RUE DE CHAMPRENARD", "price_per_sqm": null, "date_iso": "2021-07-29", "parcelle": "77135000AA0235", "addr_num": ""}}, {"type": "Feature", "geometry": {"type": "Point", "coordinates": [2.957142, 48.650981]}, "properties": {"year": 2021, "valeur_fonciere": 1625.0, "type_local": null, "surface_reelle_bati": null, "nombre_pieces_principales": null, "adresse_nom_voie": "ALL DES ANEMONES", "price_per_sqm": null, "date_iso": "2021-07-15", "parcelle": "77135000AA0207", "addr_num": ""}}, {"type": "Feature", "geometry": {"type": "Point", "coordinates": [2.956894, 48.65138]}, "properties": {"year": 2021, "valeur_fonciere": 7700.0, "type_local": null, "surface_reelle_bati": null, "nombre_pieces_principales": null, "adresse_nom_voie": "ALL DES ANEMONES", "price_per_sqm": null, "date_iso": "2021-07-15", "parcelle": "77135000AA0209", "addr_num": ""}}, {"type": "Feature", "geometry": {"type": "Point", "coordinates": [2.960004, 48.646764]}, "properties": {"year": 2021, "valeur_fonciere": 342000.0, "type_local": "Maison", "surface_reelle_bati": 195.0, "nombre_pieces_principales": 5.0, "adresse_nom_voie": "RUE DE L YVRON", "price_per_sqm": 1753.8461538461538, "date_iso": "2021-07-23", "parcelle": "77135000AC0106", "addr_num": "13"}}, {"type": "Feature", "geometry": {"type": "Point", "coordinates": [2.960723, 48.646463]}, "properties": {"year": 2021, "valeur_fonciere": 342000.0, "type_local": null, "surface_reelle_bati": null, "nombre_pieces_principales": null, "adresse_nom_voie": "RUE DE L YVRON", "price_per_sqm": null, "date_iso": "2021-07-23", "parcelle": "77135000AC0137", "addr_num": "13"}}, {"type": "Feature", "geometry": {"type": "Point", "coordinates": [2.960933, 48.646181]}, "properties": {"year": 2021, "valeur_fonciere": 342000.0, "type_local": null, "surface_reelle_bati": null, "nombre_pieces_principales": null, "adresse_nom_voie": "RUE DE L YVRON", "price_per_sqm": null, "date_iso": "2021-07-23", "parcelle": "77135000AC0139", "addr_num": "13"}}, {"type": "Feature", "geometry": {"type": "Point", "coordinates": [2.960849, 48.646177]}, "properties": {"year": 2021, "valeur_fonciere": 342000.0, "type_local": null, "surface_reelle_bati": null, "nombre_pieces_principales": null, "adresse_nom_voie": "RUE DE L YVRON", "price_per_sqm": null, "date_iso": "2021-07-23", "parcelle": "77135000AC0140", "addr_num": "13"}}, {"type": "Feature", "geometry": {"type": "Point", "coordinates": [2.960737, 48.64614]}, "properties": {"year": 2021, "valeur_fonciere": 342000.0, "type_local": null, "surface_reelle_bati": null, "nombre_pieces_principales": null, "adresse_nom_voie": "RUE DE L YVRON", "price_per_sqm": null, "date_iso": "2021-07-23", "parcelle": "77135000AC0141", "addr_num": "13"}}, {"type": "Feature", "geometry": {"type": "Point", "coordinates": [2.960481, 48.646314]}, "properties": {"year": 2021, "valeur_fonciere": 342000.0, "type_local": null, "surface_reelle_bati": null, "nombre_pieces_principales": null, "adresse_nom_voie": "RUE DE L YVRON", "price_per_sqm": null, "date_iso": "2021-07-23", "parcelle": "77135000AC0142", "addr_num": "13"}}, {"type": "Feature", "geometry": {"type": "Point", "coordinates": [2.960632, 48.646361]}, "properties": {"year": 2021, "valeur_fonciere": 342000.0, "type_local": null, "surface_reelle_bati": null, "nombre_pieces_principales": null, "adresse_nom_voie": "RUE DE L YVRON", "price_per_sqm": null, "date_iso": "2021-07-23", "parcelle": "77135000AC0143", "addr_num": "13"}}, {"type": "Feature", "geometry": {"type": "Point", "coordinates": [2.960712, 48.646399]}, "properties": {"year": 2021, "valeur_fonciere": 342000.0, "type_local": null, "surface_reelle_bati": null, "nombre_pieces_principales": null, "adresse_nom_voie": "RUE DE L YVRON", "price_per_sqm": null, "date_iso": "2021-07-23", "parcelle": "77135000AC0144", "addr_num": "13"}}, {"type": "Feature", "geometry": {"type": "Point", "coordinates": [2.960564, 48.646576]}, "properties": {"year": 2021, "valeur_fonciere": 342000.0, "type_local": null, "surface_reelle_bati": null, "nombre_pieces_principales": null, "adresse_nom_voie": "RUE DE L YVRON", "price_per_sqm": null, "date_iso": "2021-07-23", "parcelle": "77135000AC0145", "addr_num": "13"}}, {"type": "Feature", "geometry": {"type": "Point", "coordinates": [2.960409, 48.646549]}, "properties": {"year": 2021, "valeur_fonciere": 342000.0, "type_local": null, "surface_reelle_bati": null, "nombre_pieces_principales": null, "adresse_nom_voie": "RUE DE L YVRON", "price_per_sqm": null, "date_iso": "2021-07-23", "parcelle": "77135000AC0146", "addr_num": "13"}}, {"type": "Feature", "geometry": {"type": "Point", "coordinates": [2.960237, 48.646488]}, "properties": {"year": 2021, "valeur_fonciere": 342000.0, "type_local": null, "surface_reelle_bati": null, "nombre_pieces_principales": null, "adresse_nom_voie": "RUE DE L YVRON", "price_per_sqm": null, "date_iso": "2021-07-23", "parcelle": "77135000AC0147", "addr_num": "13"}}, {"type": "Feature", "geometry": {"type": "Point", "coordinates": [2.956069, 48.646304]}, "properties": {"year": 2021, "valeur_fonciere": 287000.0, "type_local": "Maison", "surface_reelle_bati": 111.0, "nombre_pieces_principales": 4.0, "adresse_nom_voie": "RUE DES TILLEULS", "price_per_sqm": 2585.5855855855857, "date_iso": "2021-07-23", "parcelle": "77135000AC0018", "addr_num": "15"}}, {"type": "Feature", "geometry": {"type": "Point", "coordinates": [2.965411, 48.6443]}, "properties": {"year": 2021, "valeur_fonciere": 233000.0, "type_local": "Maison", "surface_reelle_bati": 115.0, "nombre_pieces_principales": 6.0, "adresse_nom_voie": "RUE DES POIRIERS", "price_per_sqm": 2026.0869565217392, "date_iso": "2021-08-17", "parcelle": "771350000X0164", "addr_num": "6"}}, {"type": "Feature", "geometry": {"type": "Point", "coordinates": [2.965411, 48.6443]}, "properties": {"year": 2021, "valeur_fonciere": 233000.0, "type_local": "Maison", "surface_reelle_bati": 115.0, "nombre_pieces_principales": 6.0, "adresse_nom_voie": "RUE DES POIRIERS", "price_per_sqm": 2026.0869565217392, "date_iso": "2021-08-17", "parcelle": "771350000X0164", "addr_num": "6"}}, {"type": "Feature", "geometry": {"type": "Point", "coordinates": [2.965411, 48.6443]}, "properties": {"year": 2021, "valeur_fonciere": 233000.0, "type_local": "Dépendance", "surface_reelle_bati": null, "nombre_pieces_principales": 0.0, "adresse_nom_voie": "RUE DES POIRIERS", "price_per_sqm": null, "date_iso": "2021-08-17", "parcelle": "771350000X0164", "addr_num": "6"}}, {"type": "Feature", "geometry": {"type": "Point", "coordinates": [2.965411, 48.6443]}, "properties": {"year": 2021, "valeur_fonciere": 233000.0, "type_local": "Dépendance", "surface_reelle_bati": null, "nombre_pieces_principales": 0.0, "adresse_nom_voie": "RUE DES POIRIERS", "price_per_sqm": null, "date_iso": "2021-08-17", "parcelle": "771350000X0164", "addr_num": "6"}}, {"type": "Feature", "geometry": {"type": "Point", "coordinates": [2.960557, 48.649695]}, "properties": {"year": 2021, "valeur_fonciere": 340000.0, "type_local": "Maison", "surface_reelle_bati": 106.0, "nombre_pieces_principales": 4.0, "adresse_nom_voie": "RUE DE CHAMPRENARD", "price_per_sqm": 3207.5471698113206, "date_iso": "2021-08-09", "parcelle": "77135000AB0009", "addr_num": "8"}}, {"type": "Feature", "geometry": {"type": "Point", "coordinates": [2.960557, 48.649695]}, "properties": {"year": 2021, "valeur_fonciere": 340000.0, "type_local": "Maison", "surface_reelle_bati": 106.0, "nombre_pieces_principales": 4.0, "adresse_nom_voie": "RUE DE CHAMPRENARD", "price_per_sqm": 3207.5471698113206, "date_iso": "2021-08-09", "parcelle": "77135000AB0009", "addr_num": "8"}}, {"type": "Feature", "geometry": {"type": "Point", "coordinates": [2.960557, 48.649695]}, "properties": {"year": 2021, "valeur_fonciere": 340000.0, "type_local": "Dépendance", "surface_reelle_bati": null, "nombre_pieces_principales": 0.0, "adresse_nom_voie": "RUE DE CHAMPRENARD", "price_per_sqm": null, "date_iso": "2021-08-09", "parcelle": "77135000AB0009", "addr_num": "8"}}, {"type": "Feature", "geometry": {"type": "Point", "coordinates": [2.960557, 48.649695]}, "properties": {"year": 2021, "valeur_fonciere": 340000.0, "type_local": "Dépendance", "surface_reelle_bati": null, "nombre_pieces_principales": 0.0, "adresse_nom_voie": "RUE DE CHAMPRENARD", "price_per_sqm": null, "date_iso": "2021-08-09", "parcelle": "77135000AB0009", "addr_num": "8"}}, {"type": "Feature", "geometry": {"type": "Point", "coordinates": [2.958777, 48.647506]}, "properties": {"year": 2021, "valeur_fonciere": 235750.0, "type_local": "Maison", "surface_reelle_bati": 110.0, "nombre_pieces_principales": 4.0, "adresse_nom_voie": "RUE LAFAYETTE", "price_per_sqm": 2143.181818181818, "date_iso": "2021-08-20", "parcelle": "77135000AB0133", "addr_num": "6"}}, {"type": "Feature", "geometry": {"type": "Point", "coordinates": [2.956833, 48.648932]}, "properties": {"year": 2021, "valeur_fonciere": 395250.0, "type_local": "Dépendance", "surface_reelle_bati": null, "nombre_pieces_principales": 0.0, "adresse_nom_voie": "RUE DE CHANTEMERLE", "price_per_sqm": null, "date_iso": "2021-09-13", "parcelle": "77135000AA0018", "addr_num": "3"}}, {"type": "Feature", "geometry": {"type": "Point", "coordinates": [2.956833, 48.648932]}, "properties": {"year": 2021, "valeur_fonciere": 395250.0, "type_local": "Maison", "surface_reelle_bati": 135.0, "nombre_pieces_principales": 4.0, "adresse_nom_voie": "RUE DE CHANTEMERLE", "price_per_sqm": 2927.777777777778, "date_iso": "2021-09-13", "parcelle": "77135000AA0018", "addr_num": "3"}}, {"type": "Feature", "geometry": {"type": "Point", "coordinates": [2.956833, 48.648932]}, "properties": {"year": 2021, "valeur_fonciere": 395250.0, "type_local": "Dépendance", "surface_reelle_bati": null, "nombre_pieces_principales": 0.0, "adresse_nom_voie": "RUE DE CHANTEMERLE", "price_per_sqm": null, "date_iso": "2021-09-13", "parcelle": "77135000AA0018", "addr_num": "3"}}, {"type": "Feature", "geometry": {"type": "Point", "coordinates": [2.956833, 48.648932]}, "properties": {"year": 2021, "valeur_fonciere": 395250.0, "type_local": "Maison", "surface_reelle_bati": 135.0, "nombre_pieces_principales": 4.0, "adresse_nom_voie": "RUE DE CHANTEMERLE", "price_per_sqm": 2927.777777777778, "date_iso": "2021-09-13", "parcelle": "77135000AA0018", "addr_num": "3"}}, {"type": "Feature", "geometry": {"type": "Point", "coordinates": [2.943105, 48.653148]}, "properties": {"year": 2021, "valeur_fonciere": 199999.0, "type_local": "Dépendance", "surface_reelle_bati": null, "nombre_pieces_principales": 0.0, "adresse_nom_voie": "RUE DES PETITS CLOZEAUX", "price_per_sqm": null, "date_iso": "2021-09-28", "parcelle": "77135000AE0106", "addr_num": "25"}}, {"type": "Feature", "geometry": {"type": "Point", "coordinates": [2.943105, 48.653148]}, "properties": {"year": 2021, "valeur_fonciere": 199999.0, "type_local": "Maison", "surface_reelle_bati": 40.0, "nombre_pieces_principales": 2.0, "adresse_nom_voie": "RUE DES PETITS CLOZEAUX", "price_per_sqm": 4999.975, "date_iso": "2021-09-28", "parcelle": "77135000AE0106", "addr_num": "25"}}, {"type": "Feature", "geometry": {"type": "Point", "coordinates": [2.943302, 48.652759]}, "properties": {"year": 2021, "valeur_fonciere": 1.0, "type_local": null, "surface_reelle_bati": null, "nombre_pieces_principales": null, "adresse_nom_voie": "RUE DES SENTIERS", "price_per_sqm": null, "date_iso": "2021-09-21", "parcelle": "77135000AE0140", "addr_num": ""}}, {"type": "Feature", "geometry": {"type": "Point", "coordinates": [2.955145, 48.646185]}, "properties": {"year": 2021, "valeur_fonciere": 319999.0, "type_local": "Maison", "surface_reelle_bati": 89.0, "nombre_pieces_principales": 4.0, "adresse_nom_voie": "RUE DES TILLEULS", "price_per_sqm": 3595.494382022472, "date_iso": "2021-09-24", "parcelle": "77135000AC0012", "addr_num": "9"}}, {"type": "Feature", "geometry": {"type": "Point", "coordinates": [2.957518, 48.646484]}, "properties": {"year": 2021, "valeur_fonciere": 139000.0, "type_local": "Appartement", "surface_reelle_bati": 48.0, "nombre_pieces_principales": 3.0, "adresse_nom_voie": "RUE DE L'ERABLE", "price_per_sqm": 2895.8333333333335, "date_iso": "2021-10-06", "parcelle": "77135000AC0208", "addr_num": "12"}}, {"type": "Feature", "geometry": {"type": "Point", "coordinates": [2.957518, 48.646484]}, "properties": {"year": 2021, "valeur_fonciere": 139000.0, "type_local": "Dépendance", "surface_reelle_bati": null, "nombre_pieces_principales": 0.0, "adresse_nom_voie": "RUE DE L'ERABLE", "price_per_sqm": null, "date_iso": "2021-10-06", "parcelle": "77135000AC0208", "addr_num": "12"}}, {"type": "Feature", "geometry": {"type": "Point", "coordinates": [2.957518, 48.646484]}, "properties": {"year": 2021, "valeur_fonciere": 139000.0, "type_local": "Dépendance", "surface_reelle_bati": null, "nombre_pieces_principales": 0.0, "adresse_nom_voie": "RUE DE L'ERABLE", "price_per_sqm": null, "date_iso": "2021-10-06", "parcelle": "77135000AC0208", "addr_num": "12"}}, {"type": "Feature", "geometry": {"type": "Point", "coordinates": [2.957518, 48.646484]}, "properties": {"year": 2021, "valeur_fonciere": 139000.0, "type_local": "Dépendance", "surface_reelle_bati": null, "nombre_pieces_principales": 0.0, "adresse_nom_voie": "RUE DE L'ERABLE", "price_per_sqm": null, "date_iso": "2021-10-06", "parcelle": "77135000AC0208", "addr_num": "12"}}, {"type": "Feature", "geometry": {"type": "Point", "coordinates": [2.943299, 48.652337]}, "properties": {"year": 2021, "valeur_fonciere": 360000.0, "type_local": null, "surface_reelle_bati": null, "nombre_pieces_principales": null, "adresse_nom_voie": "RUE DES SENTIERS", "price_per_sqm": null, "date_iso": "2021-10-01", "parcelle": "77135000AE0134", "addr_num": "13"}}, {"type": "Feature", "geometry": {"type": "Point", "coordinates": [2.942982, 48.652073]}, "properties": {"year": 2021, "valeur_fonciere": 360000.0, "type_local": null, "surface_reelle_bati": null, "nombre_pieces_principales": null, "adresse_nom_voie": "RUE DES SENTIERS", "price_per_sqm": null, "date_iso": "2021-10-01", "parcelle": "77135000AE0135", "addr_num": "13"}}, {"type": "Feature", "geometry": {"type": "Point", "coordinates": [2.943028, 48.652354]}, "properties": {"year": 2021, "valeur_fonciere": 360000.0, "type_local": null, "surface_reelle_bati": null, "nombre_pieces_principales": null, "adresse_nom_voie": "RUE DES SENTIERS", "price_per_sqm": null, "date_iso": "2021-10-01", "parcelle": "77135000AE0136", "addr_num": "13"}}, {"type": "Feature", "geometry": {"type": "Point", "coordinates": [2.943246, 48.65252]}, "properties": {"year": 2021, "valeur_fonciere": 360000.0, "type_local": null, "surface_reelle_bati": null, "nombre_pieces_principales": null, "adresse_nom_voie": "RUE DES SENTIERS", "price_per_sqm": null, "date_iso": "2021-10-01", "parcelle": "77135000AE0137", "addr_num": "13"}}, {"type": "Feature", "geometry": {"type": "Point", "coordinates": [2.943481, 48.652631]}, "properties": {"year": 2021, "valeur_fonciere": 360000.0, "type_local": "Maison", "surface_reelle_bati": 130.0, "nombre_pieces_principales": 6.0, "adresse_nom_voie": "RUE DES SENTIERS", "price_per_sqm": 2769.230769230769, "date_iso": "2021-10-01", "parcelle": "77135000AE0138", "addr_num": "13"}}, {"type": "Feature", "geometry": {"type": "Point", "coordinates": [2.943301, 48.652649]}, "properties": {"year": 2021, "valeur_fonciere": 360000.0, "type_local": null, "surface_reelle_bati": null, "nombre_pieces_principales": null, "adresse_nom_voie": "RUE DES SENTIERS", "price_per_sqm": null, "date_iso": "2021-10-01", "parcelle": "77135000AE0139", "addr_num": "13"}}, {"type": "Feature", "geometry": {"type": "Point", "coordinates": [2.943302, 48.652759]}, "properties": {"year": 2021, "valeur_fonciere": 360000.0, "type_local": null, "surface_reelle_bati": null, "nombre_pieces_principales": null, "adresse_nom_voie": "RUE DES SENTIERS", "price_per_sqm": null, "date_iso": "2021-10-01", "parcelle": "77135000AE0140", "addr_num": ""}}, {"type": "Feature", "geometry": {"type": "Point", "coordinates": [2.943642, 48.652655]}, "properties": {"year": 2021, "valeur_fonciere": 360000.0, "type_local": null, "surface_reelle_bati": null, "nombre_pieces_principales": null, "adresse_nom_voie": "RUE DES SENTIERS", "price_per_sqm": null, "date_iso": "2021-10-01", "parcelle": "77135000AE0246", "addr_num": ""}}, {"type": "Feature", "geometry": {"type": "Point", "coordinates": [2.94362, 48.652667]}, "properties": {"year": 2021, "valeur_fonciere": 360000.0, "type_local": null, "surface_reelle_bati": null, "nombre_pieces_principales": null, "adresse_nom_voie": "RUE DES SENTIERS", "price_per_sqm": null, "date_iso": "2021-10-01", "parcelle": "77135000AE0247", "addr_num": ""}}, {"type": "Feature", "geometry": {"type": "Point", "coordinates": [2.963727, 48.644893]}, "properties": {"year": 2021, "valeur_fonciere": 79000.0, "type_local": null, "surface_reelle_bati": null, "nombre_pieces_principales": null, "adresse_nom_voie": "RUE DES VERGERS", "price_per_sqm": null, "date_iso": "2021-10-13", "parcelle": "771350000X0200", "addr_num": ""}}, {"type": "Feature", "geometry": {"type": "Point", "coordinates": [2.961856, 48.646768]}, "properties": {"year": 2021, "valeur_fonciere": 194000.0, "type_local": "Maison", "surface_reelle_bati": 70.0, "nombre_pieces_principales": 3.0, "adresse_nom_voie": "RUE DE L YVRON", "price_per_sqm": 2771.4285714285716, "date_iso": "2021-10-12", "parcelle": "77135000AC0124", "addr_num": "41"}}, {"type": "Feature", "geometry": {"type": "Point", "coordinates": [2.961882, 48.646641]}, "properties": {"year": 2021, "valeur_fonciere": 194000.0, "type_local": null, "surface_reelle_bati": null, "nombre_pieces_principales": null, "adresse_nom_voie": "RUE DE L YVRON", "price_per_sqm": null, "date_iso": "2021-10-12", "parcelle": "77135000AC0125", "addr_num": "41"}}, {"type": "Feature", "geometry": {"type": "Point", "coordinates": [2.971859, 48.634384]}, "properties": {"year": 2021, "valeur_fonciere": 185000.0, "type_local": "Maison", "surface_reelle_bati": 87.0, "nombre_pieces_principales": 5.0, "adresse_nom_voie": "RUE DES SABLONS", "price_per_sqm": 2126.4367816091954, "date_iso": "2021-10-19", "parcelle": "77135000AD0095", "addr_num": "16"}}, {"type": "Feature", "geometry": {"type": "Point", "coordinates": [2.971859, 48.634384]}, "properties": {"year": 2021, "valeur_fonciere": 185000.0, "type_local": "Dépendance", "surface_reelle_bati": null, "nombre_pieces_principales": 0.0, "adresse_nom_voie": "RUE DES SABLONS", "price_per_sqm": null, "date_iso": "2021-10-19", "parcelle": "77135000AD0095", "addr_num": "16"}}, {"type": "Feature", "geometry": {"type": "Point", "coordinates": [2.971859, 48.634384]}, "properties": {"year": 2021, "valeur_fonciere": 185000.0, "type_local": "Dépendance", "surface_reelle_bati": null, "nombre_pieces_principales": 0.0, "adresse_nom_voie": "RUE DES SABLONS", "price_per_sqm": null, "date_iso": "2021-10-19", "parcelle": "77135000AD0095", "addr_num": "16"}}, {"type": "Feature", "geometry": {"type": "Point", "coordinates": [2.971859, 48.634384]}, "properties": {"year": 2021, "valeur_fonciere": 185000.0, "type_local": "Dépendance", "surface_reelle_bati": null, "nombre_pieces_principales": 0.0, "adresse_nom_voie": "RUE DES SABLONS", "price_per_sqm": null, "date_iso": "2021-10-19", "parcelle": "77135000AD0095", "addr_num": "16"}}, {"type": "Feature", "geometry": {"type": "Point", "coordinates": [2.971859, 48.634384]}, "properties": {"year": 2021, "valeur_fonciere": 185000.0, "type_local": "Dépendance", "surface_reelle_bati": null, "nombre_pieces_principales": 0.0, "adresse_nom_voie": "RUE DES SABLONS", "price_per_sqm": null, "date_iso": "2021-10-19", "parcelle": "77135000AD0095", "addr_num": "16"}}, {"type": "Feature", "geometry": {"type": "Point", "coordinates": [2.971859, 48.634384]}, "properties": {"year": 2021, "valeur_fonciere": 185000.0, "type_local": "Maison", "surface_reelle_bati": 87.0, "nombre_pieces_principales": 5.0, "adresse_nom_voie": "RUE DES SABLONS", "price_per_sqm": 2126.4367816091954, "date_iso": "2021-10-19", "parcelle": "77135000AD0095", "addr_num": "16"}}, {"type": "Feature", "geometry": {"type": "Point", "coordinates": [2.961281, 48.6509]}, "properties": {"year": 2021, "valeur_fonciere": 101500.0, "type_local": null, "surface_reelle_bati": null, "nombre_pieces_principales": null, "adresse_nom_voie": "RUE CLOS DE L ORMOY", "price_per_sqm": null, "date_iso": "2021-10-28", "parcelle": "77135000AA0156", "addr_num": "42"}}, {"type": "Feature", "geometry": {"type": "Point", "coordinates": [2.961166, 48.650874]}, "properties": {"year": 2021, "valeur_fonciere": 101500.0, "type_local": null, "surface_reelle_bati": null, "nombre_pieces_principales": null, "adresse_nom_voie": "RUE CLOS DE L ORMOY", "price_per_sqm": null, "date_iso": "2021-10-28", "parcelle": "77135000AA0237", "addr_num": "42"}}, {"type": "Feature", "geometry": {"type": "Point", "coordinates": [2.961147, 48.651029]}, "properties": {"year": 2021, "valeur_fonciere": 101500.0, "type_local": null, "surface_reelle_bati": null, "nombre_pieces_principales": null, "adresse_nom_voie": "RUE CLOS DE L ORMOY", "price_per_sqm": null, "date_iso": "2021-10-28", "parcelle": "77135000AA0240", "addr_num": "42"}}, {"type": "Feature", "geometry": {"type": "Point", "coordinates": [2.96123, 48.651028]}, "properties": {"year": 2021, "valeur_fonciere": 101500.0, "type_local": null, "surface_reelle_bati": null, "nombre_pieces_principales": null, "adresse_nom_voie": "RUE CLOS DE L ORMOY", "price_per_sqm": null, "date_iso": "2021-10-28", "parcelle": "77135000AA0296", "addr_num": "42"}}, {"type": "Feature", "geometry": {"type": "Point", "coordinates": [2.954803, 48.645581]}, "properties": {"year": 2021, "valeur_fonciere": 284000.0, "type_local": "Maison", "surface_reelle_bati": 72.0, "nombre_pieces_principales": 4.0, "adresse_nom_voie": "RUE DES TILLEULS", "price_per_sqm": 3944.4444444444443, "date_iso": "2021-11-16", "parcelle": "77135000AC0031", "addr_num": "2"}}, {"type": "Feature", "geometry": {"type": "Point", "coordinates": [2.944877, 48.653577]}, "properties": {"year": 2021, "valeur_fonciere": 335000.0, "type_local": "Maison", "surface_reelle_bati": 128.0, "nombre_pieces_principales": 6.0, "adresse_nom_voie": "RUE DES PETITS CLOZEAUX", "price_per_sqm": 2617.1875, "date_iso": "2021-12-14", "parcelle": "77135000AE0195", "addr_num": "7"}}, {"type": "Feature", "geometry": {"type": "Point", "coordinates": [2.944877, 48.653577]}, "properties": {"year": 2021, "valeur_fonciere": 335000.0, "type_local": "Maison", "surface_reelle_bati": 128.0, "nombre_pieces_principales": 6.0, "adresse_nom_voie": "RUE DES PETITS CLOZEAUX", "price_per_sqm": 2617.1875, "date_iso": "2021-12-14", "parcelle": "77135000AE0195", "addr_num": "7"}}, {"type": "Feature", "geometry": {"type": "Point", "coordinates": [2.958214, 48.652623]}, "properties": {"year": 2021, "valeur_fonciere": 3725.0, "type_local": null, "surface_reelle_bati": null, "nombre_pieces_principales": null, "adresse_nom_voie": "ALL DES TROIS CHENES", "price_per_sqm": null, "date_iso": "2021-12-18", "parcelle": "77135000AA0204", "addr_num": ""}}, {"type": "Feature", "geometry": {"type": "Point", "coordinates": [2.95792, 48.652536]}, "properties": {"year": 2021, "valeur_fonciere": 3946.0, "type_local": null, "surface_reelle_bati": null, "nombre_pieces_principales": null, "adresse_nom_voie": "ALL DES TROIS CHENES", "price_per_sqm": null, "date_iso": "2021-12-28", "parcelle": "77135000AA0203", "addr_num": ""}}, {"type": "Feature", "geometry": {"type": "Point", "coordinates": [2.93237, 48.653306]}, "properties": {"year": 2022, "valeur_fonciere": 3091.0, "type_local": null, "surface_reelle_bati": null, "nombre_pieces_principales": null, "adresse_nom_voie": "LA CATONNERIE", "price_per_sqm": null, "date_iso": "2022-01-13", "parcelle": "771350000U0009", "addr_num": ""}}, {"type": "Feature", "geometry": {"type": "Point", "coordinates": [2.958279, 48.651564]}, "properties": {"year": 2022, "valeur_fonciere": 272000.0, "type_local": "Maison", "surface_reelle_bati": 118.0, "nombre_pieces_principales": 6.0, "adresse_nom_voie": "ALL DES TROIS CHENES", "price_per_sqm": 2305.084745762712, "date_iso": "2022-01-28", "parcelle": "77135000AA0127", "addr_num": "14"}}, {"type": "Feature", "geometry": {"type": "Point", "coordinates": [2.960392, 48.650508]}, "properties": {"year": 2022, "valeur_fonciere": 283000.0, "type_local": "Maison", "surface_reelle_bati": 140.0, "nombre_pieces_principales": 7.0, "adresse_nom_voie": "CHAMP RENARD", "price_per_sqm": 2021.4285714285713, "date_iso": "2022-01-27", "parcelle": "77135000AA0150", "addr_num": "9"}}, {"type": "Feature", "geometry": {"type": "Point", "coordinates": [2.943228, 48.653575]}, "properties": {"year": 2022, "valeur_fonciere": 299000.0, "type_local": "Maison", "surface_reelle_bati": 120.0, "nombre_pieces_principales": 6.0, "adresse_nom_voie": "RUE DES PETITS CLOZEAUX", "price_per_sqm": 2491.6666666666665, "date_iso": "2022-02-02", "parcelle": "77135000AE0051", "addr_num": "16"}}, {"type": "Feature", "geometry": {"type": "Point", "coordinates": [2.943228, 48.653575]}, "properties": {"year": 2022, "valeur_fonciere": 299000.0, "type_local": "Dépendance", "surface_reelle_bati": null, "nombre_pieces_principales": 0.0, "adresse_nom_voie": "RUE DES PETITS CLOZEAUX", "price_per_sqm": null, "date_iso": "2022-02-02", "parcelle": "77135000AE0051", "addr_num": "16"}}, {"type": "Feature", "geometry": {"type": "Point", "coordinates": [2.961581, 48.65083]}, "properties": {"year": 2022, "valeur_fonciere": 2475.0, "type_local": null, "surface_reelle_bati": null, "nombre_pieces_principales": null, "adresse_nom_voie": "RUE DE CHAMPRENARD", "price_per_sqm": null, "date_iso": "2022-01-29", "parcelle": "77135000AA0297", "addr_num": ""}}, {"type": "Feature", "geometry": {"type": "Point", "coordinates": [2.959986, 48.64749]}, "properties": {"year": 2022, "valeur_fonciere": 240000.0, "type_local": "Dépendance", "surface_reelle_bati": null, "nombre_pieces_principales": 0.0, "adresse_nom_voie": "RUE DU PRESSOIR", "price_per_sqm": null, "date_iso": "2022-02-22", "parcelle": "77135000AB0078", "addr_num": "3"}}, {"type": "Feature", "geometry": {"type": "Point", "coordinates": [2.960118, 48.647415]}, "properties": {"year": 2022, "valeur_fonciere": 240000.0, "type_local": "Maison", "surface_reelle_bati": 114.0, "nombre_pieces_principales": 5.0, "adresse_nom_voie": "RUE DE L YVRON", "price_per_sqm": 2105.2631578947367, "date_iso": "2022-02-22", "parcelle": "77135000AB0080", "addr_num": "20"}}, {"type": "Feature", "geometry": {"type": "Point", "coordinates": [2.960118, 48.647415]}, "properties": {"year": 2022, "valeur_fonciere": 240000.0, "type_local": "Dépendance", "surface_reelle_bati": null, "nombre_pieces_principales": 0.0, "adresse_nom_voie": "RUE DE L YVRON", "price_per_sqm": null, "date_iso": "2022-02-22", "parcelle": "77135000AB0080", "addr_num": "20"}}, {"type": "Feature", "geometry": {"type": "Point", "coordinates": [2.960118, 48.647415]}, "properties": {"year": 2022, "valeur_fonciere": 240000.0, "type_local": "Dépendance", "surface_reelle_bati": null, "nombre_pieces_principales": 0.0, "adresse_nom_voie": "RUE DE L YVRON", "price_per_sqm": null, "date_iso": "2022-02-22", "parcelle": "77135000AB0080", "addr_num": "20"}}, {"type": "Feature", "geometry": {"type": "Point", "coordinates": [2.960118, 48.647415]}, "properties": {"year": 2022, "valeur_fonciere": 240000.0, "type_local": "Dépendance", "surface_reelle_bati": null, "nombre_pieces_principales": 0.0, "adresse_nom_voie": "RUE DE L YVRON", "price_per_sqm": null, "date_iso": "2022-02-22", "parcelle": "77135000AB0080", "addr_num": "20"}}, {"type": "Feature", "geometry": {"type": "Point", "coordinates": [2.961674, 48.650705]}, "properties": {"year": 2022, "valeur_fonciere": 1300.0, "type_local": null, "surface_reelle_bati": null, "nombre_pieces_principales": null, "adresse_nom_voie": "RUE DE CHAMPRENARD", "price_per_sqm": null, "date_iso": "2022-02-01", "parcelle": "77135000AA0298", "addr_num": ""}}, {"type": "Feature", "geometry": {"type": "Point", "coordinates": [2.956749, 48.651591]}, "properties": {"year": 2022, "valeur_fonciere": 4582.0, "type_local": null, "surface_reelle_bati": null, "nombre_pieces_principales": null, "adresse_nom_voie": "ALL DES ANEMONES", "price_per_sqm": null, "date_iso": "2022-01-29", "parcelle": "77135000AA0303", "addr_num": ""}}, {"type": "Feature", "geometry": {"type": "Point", "coordinates": [2.960685, 48.651184]}, "properties": {"year": 2022, "valeur_fonciere": 77500.0, "type_local": null, "surface_reelle_bati": null, "nombre_pieces_principales": null, "adresse_nom_voie": "RUE CLOS DE L ORMOY", "price_per_sqm": null, "date_iso": "2022-02-24", "parcelle": "77135000AA0271", "addr_num": "25"}}, {"type": "Feature", "geometry": {"type": "Point", "coordinates": [2.940866, 48.654716]}, "properties": {"year": 2022, "valeur_fonciere": 278000.0, "type_local": null, "surface_reelle_bati": null, "nombre_pieces_principales": null, "adresse_nom_voie": "VC COUR DURAND", "price_per_sqm": null, "date_iso": "2022-03-16", "parcelle": "77135000AE0007", "addr_num": "5"}}, {"type": "Feature", "geometry": {"type": "Point", "coordinates": [2.940866, 48.654716]}, "properties": {"year": 2022, "valeur_fonciere": 278000.0, "type_local": null, "surface_reelle_bati": null, "nombre_pieces_principales": null, "adresse_nom_voie": "VC COUR DURAND", "price_per_sqm": null, "date_iso": "2022-03-16", "parcelle": "77135000AE0007", "addr_num": "5"}}, {"type": "Feature", "geometry": {"type": "Point", "coordinates": [2.940525, 48.654416]}, "properties": {"year": 2022, "valeur_fonciere": 278000.0, "type_local": "Maison", "surface_reelle_bati": 140.0, "nombre_pieces_principales": 6.0, "adresse_nom_voie": "VC COUR DURAND", "price_per_sqm": 1985.7142857142858, "date_iso": "2022-03-16", "parcelle": "77135000AE0254", "addr_num": "5"}}, {"type": "Feature", "geometry": {"type": "Point", "coordinates": [2.940481, 48.654305]}, "properties": {"year": 2022, "valeur_fonciere": 278000.0, "type_local": null, "surface_reelle_bati": null, "nombre_pieces_principales": null, "adresse_nom_voie": "VC COUR DURAND", "price_per_sqm": null, "date_iso": "2022-03-16", "parcelle": "77135000AE0255", "addr_num": ""}}, {"type": "Feature", "geometry": {"type": "Point", "coordinates": [2.96066, 48.650806]}, "properties": {"year": 2022, "valeur_fonciere": 100750.0, "type_local": null, "surface_reelle_bati": null, "nombre_pieces_principales": null, "adresse_nom_voie": "RUE CLOS DE L ORMOY", "price_per_sqm": null, "date_iso": "2022-03-22", "parcelle": "77135000AA0239", "addr_num": "36"}}, {"type": "Feature", "geometry": {"type": "Point", "coordinates": [2.960594, 48.650814]}, "properties": {"year": 2022, "valeur_fonciere": 100750.0, "type_local": null, "surface_reelle_bati": null, "nombre_pieces_principales": null, "adresse_nom_voie": "RUE CLOS DE L ORMOY", "price_per_sqm": null, "date_iso": "2022-03-22", "parcelle": "77135000AA0243", "addr_num": "36"}}, {"type": "Feature", "geometry": {"type": "Point", "coordinates": [2.943654, 48.653536]}, "properties": {"year": 2022, "valeur_fonciere": 225000.0, "type_local": "Maison", "surface_reelle_bati": 97.0, "nombre_pieces_principales": 4.0, "adresse_nom_voie": "RUE DES PETITS CLOZEAUX", "price_per_sqm": 2319.5876288659792, "date_iso": "2022-04-11", "parcelle": "77135000AE0257", "addr_num": "12"}}, {"type": "Feature", "geometry": {"type": "Point", "coordinates": [2.958977, 48.647583]}, "properties": {"year": 2022, "valeur_fonciere": 237000.0, "type_local": "Maison", "surface_reelle_bati": 112.0, "nombre_pieces_principales": 4.0, "adresse_nom_voie": "RUE DU PRESSOIR", "price_per_sqm": 2116.0714285714284, "date_iso": "2022-04-15", "parcelle": "77135000AB0132", "addr_num": "7"}}, {"type": "Feature", "geometry": {"type": "Point", "coordinates": [2.972577, 48.634317]}, "properties": {"year": 2022, "valeur_fonciere": 192500.0, "type_local": "Maison", "surface_reelle_bati": 96.0, "nombre_pieces_principales": 4.0, "adresse_nom_voie": "RUE DES SABLONS", "price_per_sqm": 2005.2083333333333, "date_iso": "2022-04-11", "parcelle": "77135000AD0075", "addr_num": "26"}}, {"type": "Feature", "geometry": {"type": "Point", "coordinates": [2.972577, 48.634317]}, "properties": {"year": 2022, "valeur_fonciere": 192500.0, "type_local": "Maison", "surface_reelle_bati": 96.0, "nombre_pieces_principales": 4.0, "adresse_nom_voie": "RUE DES SABLONS", "price_per_sqm": 2005.2083333333333, "date_iso": "2022-04-11", "parcelle": "77135000AD0075", "addr_num": "26"}}, {"type": "Feature", "geometry": {"type": "Point", "coordinates": [2.958567, 48.647256]}, "properties": {"year": 2022, "valeur_fonciere": 79840.0, "type_local": null, "surface_reelle_bati": null, "nombre_pieces_principales": null, "adresse_nom_voie": "RUE LAFAYETTE", "price_per_sqm": null, "date_iso": "2022-04-27", "parcelle": "77135000AC0220", "addr_num": "3"}}, {"type": "Feature", "geometry": {"type": "Point", "coordinates": [2.940076, 48.653859]}, "properties": {"year": 2022, "valeur_fonciere": 105000.0, "type_local": null, "surface_reelle_bati": null, "nombre_pieces_principales": null, "adresse_nom_voie": "VC COUR DURAND", "price_per_sqm": null, "date_iso": "2022-05-16", "parcelle": "77135000AE0186", "addr_num": "8"}}, {"type": "Feature", "geometry": {"type": "Point", "coordinates": [2.940332, 48.654113]}, "properties": {"year": 2022, "valeur_fonciere": 105000.0, "type_local": null, "surface_reelle_bati": null, "nombre_pieces_principales": null, "adresse_nom_voie": "DURAND", "price_per_sqm": null, "date_iso": "2022-05-16", "parcelle": "77135000AE0213", "addr_num": ""}}, {"type": "Feature", "geometry": {"type": "Point", "coordinates": [2.970305, 48.635113]}, "properties": {"year": 2022, "valeur_fonciere": 292000.0, "type_local": "Maison", "surface_reelle_bati": 128.0, "nombre_pieces_principales": 6.0, "adresse_nom_voie": "RUE DES SABLONS", "price_per_sqm": 2281.25, "date_iso": "2022-06-02", "parcelle": "77135000AD0088", "addr_num": "2"}}, {"type": "Feature", "geometry": {"type": "Point", "coordinates": [2.970305, 48.635113]}, "properties": {"year": 2022, "valeur_fonciere": 292000.0, "type_local": "Dépendance", "surface_reelle_bati": null, "nombre_pieces_principales": 0.0, "adresse_nom_voie": "RUE DES SABLONS", "price_per_sqm": null, "date_iso": "2022-06-02", "parcelle": "77135000AD0088", "addr_num": "2"}}, {"type": "Feature", "geometry": {"type": "Point", "coordinates": [2.970305, 48.635113]}, "properties": {"year": 2022, "valeur_fonciere": 292000.0, "type_local": "Maison", "surface_reelle_bati": 128.0, "nombre_pieces_principales": 6.0, "adresse_nom_voie": "RUE DES SABLONS", "price_per_sqm": 2281.25, "date_iso": "2022-06-02", "parcelle": "77135000AD0088", "addr_num": "2"}}, {"type": "Feature", "geometry": {"type": "Point", "coordinates": [2.970305, 48.635113]}, "properties": {"year": 2022, "valeur_fonciere": 292000.0, "type_local": "Dépendance", "surface_reelle_bati": null, "nombre_pieces_principales": 0.0, "adresse_nom_voie": "RUE DES SABLONS", "price_per_sqm": null, "date_iso": "2022-06-02", "parcelle": "77135000AD0088", "addr_num": "2"}}, {"type": "Feature", "geometry": {"type": "Point", "coordinates": [2.94555, 48.652486]}, "properties": {"year": 2022, "valeur_fonciere": 6500.0, "type_local": null, "surface_reelle_bati": null, "nombre_pieces_principales": null, "adresse_nom_voie": "SEN DES RUELLES AUX CARRIERES", "price_per_sqm": null, "date_iso": "2022-06-10", "parcelle": "77135000AE0125", "addr_num": ""}}, {"type": "Feature", "geometry": {"type": "Point", "coordinates": [2.955559, 48.650758]}, "properties": {"year": 2022, "valeur_fonciere": 242000.0, "type_local": "Maison", "surface_reelle_bati": 85.0, "nombre_pieces_principales": 4.0, "adresse_nom_voie": "RUE LAFAYETTE", "price_per_sqm": 2847.0588235294117, "date_iso": "2022-06-27", "parcelle": "77135000AA0003", "addr_num": "33"}}, {"type": "Feature", "geometry": {"type": "Point", "coordinates": [2.955559, 48.650758]}, "properties": {"year": 2022, "valeur_fonciere": 242000.0, "type_local": "Maison", "surface_reelle_bati": 85.0, "nombre_pieces_principales": 4.0, "adresse_nom_voie": "RUE LAFAYETTE", "price_per_sqm": 2847.0588235294117, "date_iso": "2022-06-27", "parcelle": "77135000AA0003", "addr_num": "33"}}, {"type": "Feature", "geometry": {"type": "Point", "coordinates": [2.958303, 48.649383]}, "properties": {"year": 2022, "valeur_fonciere": 259000.0, "type_local": "Maison", "surface_reelle_bati": 93.0, "nombre_pieces_principales": 5.0, "adresse_nom_voie": "RUE DU CHENE", "price_per_sqm": 2784.94623655914, "date_iso": "2022-06-27", "parcelle": "77135000AA0073", "addr_num": "7"}}, {"type": "Feature", "geometry": {"type": "Point", "coordinates": [2.958303, 48.649383]}, "properties": {"year": 2022, "valeur_fonciere": 259000.0, "type_local": "Dépendance", "surface_reelle_bati": null, "nombre_pieces_principales": 0.0, "adresse_nom_voie": "RUE DU CHENE", "price_per_sqm": null, "date_iso": "2022-06-27", "parcelle": "77135000AA0073", "addr_num": "7"}}, {"type": "Feature", "geometry": {"type": "Point", "coordinates": [2.986471, 48.626127]}, "properties": {"year": 2022, "valeur_fonciere": 27020.0, "type_local": null, "surface_reelle_bati": null, "nombre_pieces_principales": null, "adresse_nom_voie": "LES FUTUEES", "price_per_sqm": null, "date_iso": "2022-06-15", "parcelle": "771350000X0110", "addr_num": ""}}, {"type": "Feature", "geometry": {"type": "Point", "coordinates": [2.987324, 48.626899]}, "properties": {"year": 2022, "valeur_fonciere": 27020.0, "type_local": null, "surface_reelle_bati": null, "nombre_pieces_principales": null, "adresse_nom_voie": "LES FUTUEES", "price_per_sqm": null, "date_iso": "2022-06-15", "parcelle": "771350000X0122", "addr_num": ""}}, {"type": "Feature", "geometry": {"type": "Point", "coordinates": [2.960761, 48.650764]}, "properties": {"year": 2022, "valeur_fonciere": 103000.0, "type_local": null, "surface_reelle_bati": null, "nombre_pieces_principales": null, "adresse_nom_voie": "RUE CLOS DE L ORMOY", "price_per_sqm": null, "date_iso": "2022-06-17", "parcelle": "77135000AA0238", "addr_num": "38"}}, {"type": "Feature", "geometry": {"type": "Point", "coordinates": [2.960718, 48.650948]}, "properties": {"year": 2022, "valeur_fonciere": 103000.0, "type_local": null, "surface_reelle_bati": null, "nombre_pieces_principales": null, "adresse_nom_voie": "RUE CLOS DE L ORMOY", "price_per_sqm": null, "date_iso": "2022-06-17", "parcelle": "77135000AA0242", "addr_num": "38"}}, {"type": "Feature", "geometry": {"type": "Point", "coordinates": [2.960717, 48.65071]}, "properties": {"year": 2022, "valeur_fonciere": 103000.0, "type_local": null, "surface_reelle_bati": null, "nombre_pieces_principales": null, "adresse_nom_voie": "RUE CLOS DE L ORMOY", "price_per_sqm": null, "date_iso": "2022-06-17", "parcelle": "77135000AA0244", "addr_num": "38"}}, {"type": "Feature", "geometry": {"type": "Point", "coordinates": [2.957563, 48.646076]}, "properties": {"year": 2022, "valeur_fonciere": 130000.0, "type_local": "Dépendance", "surface_reelle_bati": null, "nombre_pieces_principales": 0.0, "adresse_nom_voie": "RUE DES MARONNIERS", "price_per_sqm": null, "date_iso": "2022-07-07", "parcelle": "77135000AC0207", "addr_num": "18"}}, {"type": "Feature", "geometry": {"type": "Point", "coordinates": [2.957573, 48.646119]}, "properties": {"year": 2022, "valeur_fonciere": 130000.0, "type_local": null, "surface_reelle_bati": null, "nombre_pieces_principales": null, "adresse_nom_voie": "RUE DES MARONNIERS", "price_per_sqm": null, "date_iso": "2022-07-07", "parcelle": "77135000AC0209", "addr_num": "18"}}, {"type": "Feature", "geometry": {"type": "Point", "coordinates": [2.957726, 48.646076]}, "properties": {"year": 2022, "valeur_fonciere": 130000.0, "type_local": null, "surface_reelle_bati": null, "nombre_pieces_principales": null, "adresse_nom_voie": "RUE DES MARONNIERS", "price_per_sqm": null, "date_iso": "2022-07-07", "parcelle": "77135000AC0210", "addr_num": ""}}, {"type": "Feature", "geometry": {"type": "Point", "coordinates": [2.958029, 48.652053]}, "properties": {"year": 2022, "valeur_fonciere": 290000.0, "type_local": "Maison", "surface_reelle_bati": 130.0, "nombre_pieces_principales": 6.0, "adresse_nom_voie": "ALL DES TROIS CHENES", "price_per_sqm": 2230.769230769231, "date_iso": "2022-08-02", "parcelle": "77135000AA0120", "addr_num": "18"}}, {"type": "Feature", "geometry": {"type": "Point", "coordinates": [2.956009, 48.644562]}, "properties": {"year": 2022, "valeur_fonciere": 211000.0, "type_local": "Maison", "surface_reelle_bati": 137.0, "nombre_pieces_principales": 6.0, "adresse_nom_voie": "RUE DES MARRONNIERS", "price_per_sqm": 1540.14598540146, "date_iso": "2022-08-19", "parcelle": "77135000AC0182", "addr_num": "43"}}, {"type": "Feature", "geometry": {"type": "Point", "coordinates": [2.956009, 48.644562]}, "properties": {"year": 2022, "valeur_fonciere": 211000.0, "type_local": "Dépendance", "surface_reelle_bati": null, "nombre_pieces_principales": 0.0, "adresse_nom_voie": "RUE DES MARRONNIERS", "price_per_sqm": null, "date_iso": "2022-08-19", "parcelle": "77135000AC0182", "addr_num": "43"}}, {"type": "Feature", "geometry": {"type": "Point", "coordinates": [2.956009, 48.644562]}, "properties": {"year": 2022, "valeur_fonciere": 211000.0, "type_local": "Maison", "surface_reelle_bati": 137.0, "nombre_pieces_principales": 6.0, "adresse_nom_voie": "RUE DES MARRONNIERS", "price_per_sqm": 1540.14598540146, "date_iso": "2022-08-19", "parcelle": "77135000AC0182", "addr_num": "43"}}, {"type": "Feature", "geometry": {"type": "Point", "coordinates": [2.956009, 48.644562]}, "properties": {"year": 2022, "valeur_fonciere": 211000.0, "type_local": "Dépendance", "surface_reelle_bati": null, "nombre_pieces_principales": 0.0, "adresse_nom_voie": "RUE DES MARRONNIERS", "price_per_sqm": null, "date_iso": "2022-08-19", "parcelle": "77135000AC0182", "addr_num": "43"}}, {"type": "Feature", "geometry": {"type": "Point", "coordinates": [2.95721, 48.651615]}, "properties": {"year": 2022, "valeur_fonciere": 320000.0, "type_local": "Dépendance", "surface_reelle_bati": null, "nombre_pieces_principales": 0.0, "adresse_nom_voie": "ALL DES TROIS CHENES", "price_per_sqm": null, "date_iso": "2022-08-23", "parcelle": "77135000AA0117", "addr_num": "24"}}, {"type": "Feature", "geometry": {"type": "Point", "coordinates": [2.95721, 48.651615]}, "properties": {"year": 2022, "valeur_fonciere": 320000.0, "type_local": "Maison", "surface_reelle_bati": 91.0, "nombre_pieces_principales": 4.0, "adresse_nom_voie": "ALL DES TROIS CHENES", "price_per_sqm": 3516.4835164835163, "date_iso": "2022-08-23", "parcelle": "77135000AA0117", "addr_num": "24"}}, {"type": "Feature", "geometry": {"type": "Point", "coordinates": [2.95721, 48.651615]}, "properties": {"year": 2022, "valeur_fonciere": 320000.0, "type_local": "Maison", "surface_reelle_bati": 91.0, "nombre_pieces_principales": 4.0, "adresse_nom_voie": "ALL DES TROIS CHENES", "price_per_sqm": 3516.4835164835163, "date_iso": "2022-08-23", "parcelle": "77135000AA0117", "addr_num": "24"}}, {"type": "Feature", "geometry": {"type": "Point", "coordinates": [2.95721, 48.651615]}, "properties": {"year": 2022, "valeur_fonciere": 320000.0, "type_local": "Dépendance", "surface_reelle_bati": null, "nombre_pieces_principales": 0.0, "adresse_nom_voie": "ALL DES TROIS CHENES", "price_per_sqm": null, "date_iso": "2022-08-23", "parcelle": "77135000AA0117", "addr_num": "24"}}, {"type": "Feature", "geometry": {"type": "Point", "coordinates": [2.938517, 48.635198]}, "properties": {"year": 2022, "valeur_fonciere": 62437.5, "type_local": null, "surface_reelle_bati": null, "nombre_pieces_principales": null, "adresse_nom_voie": "LES GRANDS REAGES", "price_per_sqm": null, "date_iso": "2022-09-01", "parcelle": "771350000V0054", "addr_num": ""}}, {"type": "Feature", "geometry": {"type": "Point", "coordinates": [2.947358, 48.653508]}, "properties": {"year": 2022, "valeur_fonciere": 95000.0, "type_local": null, "surface_reelle_bati": null, "nombre_pieces_principales": null, "adresse_nom_voie": "RUE DES PETITS CLOZEAUX", "price_per_sqm": null, "date_iso": "2022-09-30", "parcelle": "77135000AE0248", "addr_num": ""}}, {"type": "Feature", "geometry": {"type": "Point", "coordinates": [2.947194, 48.653307]}, "properties": {"year": 2022, "valeur_fonciere": 95000.0, "type_local": null, "surface_reelle_bati": null, "nombre_pieces_principales": null, "adresse_nom_voie": "RUE DES PETITS CLOZEAUX", "price_per_sqm": null, "date_iso": "2022-09-30", "parcelle": "77135000AE0250", "addr_num": ""}}, {"type": "Feature", "geometry": {"type": "Point", "coordinates": [2.942872, 48.65399]}, "properties": {"year": 2022, "valeur_fonciere": 262000.0, "type_local": "Maison", "surface_reelle_bati": 50.0, "nombre_pieces_principales": 3.0, "adresse_nom_voie": "RUE DES PERDRIX", "price_per_sqm": 5240.0, "date_iso": "2022-10-06", "parcelle": "77135000AE0036", "addr_num": "8"}}, {"type": "Feature", "geometry": {"type": "Point", "coordinates": [2.942872, 48.65399]}, "properties": {"year": 2022, "valeur_fonciere": 262000.0, "type_local": "Dépendance", "surface_reelle_bati": null, "nombre_pieces_principales": 0.0, "adresse_nom_voie": "RUE DES PERDRIX", "price_per_sqm": null, "date_iso": "2022-10-06", "parcelle": "77135000AE0036", "addr_num": "8"}}, {"type": "Feature", "geometry": {"type": "Point", "coordinates": [2.942872, 48.65399]}, "properties": {"year": 2022, "valeur_fonciere": 262000.0, "type_local": "Dépendance", "surface_reelle_bati": null, "nombre_pieces_principales": 0.0, "adresse_nom_voie": "RUE DES PERDRIX", "price_per_sqm": null, "date_iso": "2022-10-06", "parcelle": "77135000AE0036", "addr_num": "8"}}, {"type": "Feature", "geometry": {"type": "Point", "coordinates": [2.942872, 48.65399]}, "properties": {"year": 2022, "valeur_fonciere": 262000.0, "type_local": "Maison", "surface_reelle_bati": 50.0, "nombre_pieces_principales": 3.0, "adresse_nom_voie": "RUE DES PERDRIX", "price_per_sqm": 5240.0, "date_iso": "2022-10-06", "parcelle": "77135000AE0036", "addr_num": "8"}}, {"type": "Feature", "geometry": {"type": "Point", "coordinates": [2.942872, 48.65399]}, "properties": {"year": 2022, "valeur_fonciere": 262000.0, "type_local": "Dépendance", "surface_reelle_bati": null, "nombre_pieces_principales": 0.0, "adresse_nom_voie": "RUE DES PERDRIX", "price_per_sqm": null, "date_iso": "2022-10-06", "parcelle": "77135000AE0036", "addr_num": "8"}}, {"type": "Feature", "geometry": {"type": "Point", "coordinates": [2.942872, 48.65399]}, "properties": {"year": 2022, "valeur_fonciere": 262000.0, "type_local": "Dépendance", "surface_reelle_bati": null, "nombre_pieces_principales": 0.0, "adresse_nom_voie": "RUE DES PERDRIX", "price_per_sqm": null, "date_iso": "2022-10-06", "parcelle": "77135000AE0036", "addr_num": "8"}}, {"type": "Feature", "geometry": {"type": "Point", "coordinates": [2.969393, 48.635449]}, "properties": {"year": 2022, "valeur_fonciere": 358000.0, "type_local": "Maison", "surface_reelle_bati": 163.0, "nombre_pieces_principales": 8.0, "adresse_nom_voie": "RUE DES SABLONS", "price_per_sqm": 2196.319018404908, "date_iso": "2022-11-04", "parcelle": "77135000AD0003", "addr_num": "1"}}, {"type": "Feature", "geometry": {"type": "Point", "coordinates": [2.969393, 48.635449]}, "properties": {"year": 2022, "valeur_fonciere": 358000.0, "type_local": "Maison", "surface_reelle_bati": 163.0, "nombre_pieces_principales": 8.0, "adresse_nom_voie": "RUE DES SABLONS", "price_per_sqm": 2196.319018404908, "date_iso": "2022-11-04", "parcelle": "77135000AD0003", "addr_num": "1"}}, {"type": "Feature", "geometry": {"type": "Point", "coordinates": [2.959493, 48.646712]}, "properties": {"year": 2022, "valeur_fonciere": 163500.0, "type_local": "Maison", "surface_reelle_bati": 70.0, "nombre_pieces_principales": 3.0, "adresse_nom_voie": "RUE DE L YVRON", "price_per_sqm": 2335.714285714286, "date_iso": "2022-11-14", "parcelle": "77135000AC0088", "addr_num": "3"}}, {"type": "Feature", "geometry": {"type": "Point", "coordinates": [2.959444, 48.646685]}, "properties": {"year": 2022, "valeur_fonciere": 163500.0, "type_local": null, "surface_reelle_bati": null, "nombre_pieces_principales": null, "adresse_nom_voie": "RUE DE L YVRON", "price_per_sqm": null, "date_iso": "2022-11-14", "parcelle": "77135000AC0089", "addr_num": "3"}}, {"type": "Feature", "geometry": {"type": "Point", "coordinates": [2.959636, 48.646741]}, "properties": {"year": 2022, "valeur_fonciere": 163500.0, "type_local": null, "surface_reelle_bati": null, "nombre_pieces_principales": null, "adresse_nom_voie": "RUE DE L YVRON", "price_per_sqm": null, "date_iso": "2022-11-14", "parcelle": "77135000AC0097", "addr_num": ""}}, {"type": "Feature", "geometry": {"type": "Point", "coordinates": [2.960557, 48.651167]}, "properties": {"year": 2022, "valeur_fonciere": 78000.0, "type_local": null, "surface_reelle_bati": null, "nombre_pieces_principales": null, "adresse_nom_voie": "RUE CLOS DE L ORMOY", "price_per_sqm": null, "date_iso": "2022-10-24", "parcelle": "77135000AA0272", "addr_num": "23"}}, {"type": "Feature", "geometry": {"type": "Point", "coordinates": [2.959634, 48.647289]}, "properties": {"year": 2022, "valeur_fonciere": 28000.0, "type_local": null, "surface_reelle_bati": null, "nombre_pieces_principales": null, "adresse_nom_voie": "RLE DU PUITS MOREAU", "price_per_sqm": null, "date_iso": "2022-12-06", "parcelle": "77135000AB0065", "addr_num": ""}}, {"type": "Feature", "geometry": {"type": "Point", "coordinates": [2.95956, 48.647247]}, "properties": {"year": 2022, "valeur_fonciere": 28000.0, "type_local": null, "surface_reelle_bati": null, "nombre_pieces_principales": null, "adresse_nom_voie": "RUE DE L YVRON", "price_per_sqm": null, "date_iso": "2022-12-06", "parcelle": "77135000AB0066", "addr_num": "12"}}, {"type": "Feature", "geometry": {"type": "Point", "coordinates": [2.941151, 48.654493]}, "properties": {"year": 2023, "valeur_fonciere": 59500.0, "type_local": null, "surface_reelle_bati": null, "nombre_pieces_principales": null, "adresse_nom_voie": "RUE DES CHAMPS DURAND", "price_per_sqm": null, "date_iso": "2023-01-06", "parcelle": "77135000AE0016", "addr_num": ""}}, {"type": "Feature", "geometry": {"type": "Point", "coordinates": [2.958991, 48.646852]}, "properties": {"year": 2023, "valeur_fonciere": 155000.0, "type_local": "Maison", "surface_reelle_bati": 96.0, "nombre_pieces_principales": 5.0, "adresse_nom_voie": "RUE DES MARONNIERS", "price_per_sqm": 1614.5833333333333, "date_iso": "2023-01-30", "parcelle": "77135000AC0084", "addr_num": "2"}}, {"type": "Feature", "geometry": {"type": "Point", "coordinates": [2.955728, 48.643349]}, "properties": {"year": 2023, "valeur_fonciere": 3000.0, "type_local": null, "surface_reelle_bati": null, "nombre_pieces_principales": null, "adresse_nom_voie": "RUE DES MARONNIERS", "price_per_sqm": null, "date_iso": "2023-02-23", "parcelle": "77135000AC0186", "addr_num": ""}}, {"type": "Feature", "geometry": {"type": "Point", "coordinates": [2.940544, 48.654334]}, "properties": {"year": 2023, "valeur_fonciere": 49500.0, "type_local": "Maison", "surface_reelle_bati": 81.0, "nombre_pieces_principales": 3.0, "adresse_nom_voie": "VC COUR DURAND", "price_per_sqm": 611.1111111111111, "date_iso": "2023-03-23", "parcelle": "77135000AE0009", "addr_num": "4"}}, {"type": "Feature", "geometry": {"type": "Point", "coordinates": [2.940544, 48.654334]}, "properties": {"year": 2023, "valeur_fonciere": 49500.0, "type_local": "Dépendance", "surface_reelle_bati": null, "nombre_pieces_principales": 0.0, "adresse_nom_voie": "VC COUR DURAND", "price_per_sqm": null, "date_iso": "2023-03-23", "parcelle": "77135000AE0009", "addr_num": "4"}}, {"type": "Feature", "geometry": {"type": "Point", "coordinates": [2.940332, 48.654113]}, "properties": {"year": 2023, "valeur_fonciere": 49500.0, "type_local": null, "surface_reelle_bati": null, "nombre_pieces_principales": null, "adresse_nom_voie": "DURAND", "price_per_sqm": null, "date_iso": "2023-03-23", "parcelle": "77135000AE0213", "addr_num": ""}}, {"type": "Feature", "geometry": {"type": "Point", "coordinates": [2.940495, 48.654293]}, "properties": {"year": 2023, "valeur_fonciere": 49500.0, "type_local": null, "surface_reelle_bati": null, "nombre_pieces_principales": null, "adresse_nom_voie": "VC COUR DURAND", "price_per_sqm": null, "date_iso": "2023-03-23", "parcelle": "77135000AE0256", "addr_num": ""}}, {"type": "Feature", "geometry": {"type": "Point", "coordinates": [2.964046, 48.644825]}, "properties": {"year": 2023, "valeur_fonciere": 326789.66, "type_local": "Maison", "surface_reelle_bati": 128.0, "nombre_pieces_principales": 6.0, "adresse_nom_voie": "RUE DES POIRIERS", "price_per_sqm": 2553.04421875, "date_iso": "2023-04-04", "parcelle": "771350000X0153", "addr_num": "1"}}, {"type": "Feature", "geometry": {"type": "Point", "coordinates": [2.964046, 48.644825]}, "properties": {"year": 2023, "valeur_fonciere": 326789.66, "type_local": "Maison", "surface_reelle_bati": 128.0, "nombre_pieces_principales": 6.0, "adresse_nom_voie": "RUE DES POIRIERS", "price_per_sqm": 2553.04421875, "date_iso": "2023-04-04", "parcelle": "771350000X0153", "addr_num": "1"}}, {"type": "Feature", "geometry": {"type": "Point", "coordinates": [2.964046, 48.644825]}, "properties": {"year": 2023, "valeur_fonciere": 326789.66, "type_local": "Dépendance", "surface_reelle_bati": null, "nombre_pieces_principales": 0.0, "adresse_nom_voie": "RUE DES POIRIERS", "price_per_sqm": null, "date_iso": "2023-04-04", "parcelle": "771350000X0153", "addr_num": "1"}}, {"type": "Feature", "geometry": {"type": "Point", "coordinates": [2.964046, 48.644825]}, "properties": {"year": 2023, "valeur_fonciere": 326789.66, "type_local": "Dépendance", "surface_reelle_bati": null, "nombre_pieces_principales": 0.0, "adresse_nom_voie": "RUE DES POIRIERS", "price_per_sqm": null, "date_iso": "2023-04-04", "parcelle": "771350000X0153", "addr_num": "1"}}, {"type": "Feature", "geometry": {"type": "Point", "coordinates": [2.964046, 48.644825]}, "properties": {"year": 2023, "valeur_fonciere": 275000.0, "type_local": "Maison", "surface_reelle_bati": 128.0, "nombre_pieces_principales": 6.0, "adresse_nom_voie": "RUE DES POIRIERS", "price_per_sqm": 2148.4375, "date_iso": "2023-04-04", "parcelle": "771350000X0153", "addr_num": "1"}}, {"type": "Feature", "geometry": {"type": "Point", "coordinates": [2.964046, 48.644825]}, "properties": {"year": 2023, "valeur_fonciere": 275000.0, "type_local": "Dépendance", "surface_reelle_bati": null, "nombre_pieces_principales": 0.0, "adresse_nom_voie": "RUE DES POIRIERS", "price_per_sqm": null, "date_iso": "2023-04-04", "parcelle": "771350000X0153", "addr_num": "1"}}, {"type": "Feature", "geometry": {"type": "Point", "coordinates": [2.964046, 48.644825]}, "properties": {"year": 2023, "valeur_fonciere": 275000.0, "type_local": "Maison", "surface_reelle_bati": 128.0, "nombre_pieces_principales": 6.0, "adresse_nom_voie": "RUE DES POIRIERS", "price_per_sqm": 2148.4375, "date_iso": "2023-04-04", "parcelle": "771350000X0153", "addr_num": "1"}}, {"type": "Feature", "geometry": {"type": "Point", "coordinates": [2.964046, 48.644825]}, "properties": {"year": 2023, "valeur_fonciere": 275000.0, "type_local": "Dépendance", "surface_reelle_bati": null, "nombre_pieces_principales": 0.0, "adresse_nom_voie": "RUE DES POIRIERS", "price_per_sqm": null, "date_iso": "2023-04-04", "parcelle": "771350000X0153", "addr_num": "1"}}, {"type": "Feature", "geometry": {"type": "Point", "coordinates": [2.964314, 48.646181]}, "properties": {"year": 2023, "valeur_fonciere": 442400.0, "type_local": "Maison", "surface_reelle_bati": 58.0, "nombre_pieces_principales": 3.0, "adresse_nom_voie": "LA FONTAINE SAINT-EUTROPE", "price_per_sqm": 7627.586206896552, "date_iso": "2023-05-02", "parcelle": "77135000AB0124", "addr_num": "5185"}}, {"type": "Feature", "geometry": {"type": "Point", "coordinates": [2.964314, 48.646181]}, "properties": {"year": 2023, "valeur_fonciere": 442400.0, "type_local": "Dépendance", "surface_reelle_bati": null, "nombre_pieces_principales": 0.0, "adresse_nom_voie": "LA FONTAINE SAINT-EUTROPE", "price_per_sqm": null, "date_iso": "2023-05-02", "parcelle": "77135000AB0124", "addr_num": "5185"}}, {"type": "Feature", "geometry": {"type": "Point", "coordinates": [2.964078, 48.645726]}, "properties": {"year": 2023, "valeur_fonciere": 442400.0, "type_local": null, "surface_reelle_bati": null, "nombre_pieces_principales": null, "adresse_nom_voie": "LA PENTE DE CHANJARD", "price_per_sqm": null, "date_iso": "2023-05-02", "parcelle": "771350000X0143", "addr_num": ""}}, {"type": "Feature", "geometry": {"type": "Point", "coordinates": [2.963659, 48.645304]}, "properties": {"year": 2023, "valeur_fonciere": 442400.0, "type_local": null, "surface_reelle_bati": null, "nombre_pieces_principales": null, "adresse_nom_voie": "LA PENTE DE CHANJARD", "price_per_sqm": null, "date_iso": "2023-05-02", "parcelle": "771350000X0144", "addr_num": ""}}, {"type": "Feature", "geometry": {"type": "Point", "coordinates": [2.9606, 48.647557]}, "properties": {"year": 2023, "valeur_fonciere": 169000.0, "type_local": "Local industriel. commercial ou assimilé", "surface_reelle_bati": 129.0, "nombre_pieces_principales": 0.0, "adresse_nom_voie": "PL DE L EGLISE", "price_per_sqm": 1310.077519379845, "date_iso": "2023-05-23", "parcelle": "77135000AB0093", "addr_num": "1"}}, {"type": "Feature", "geometry": {"type": "Point", "coordinates": [2.951735, 48.637716]}, "properties": {"year": 2023, "valeur_fonciere": 185000.0, "type_local": null, "surface_reelle_bati": null, "nombre_pieces_principales": null, "adresse_nom_voie": "CORDOUX", "price_per_sqm": null, "date_iso": "2023-05-19", "parcelle": "771350000D0036", "addr_num": ""}}, {"type": "Feature", "geometry": {"type": "Point", "coordinates": [2.952047, 48.637721]}, "properties": {"year": 2023, "valeur_fonciere": 185000.0, "type_local": "Maison", "surface_reelle_bati": 86.0, "nombre_pieces_principales": 3.0, "adresse_nom_voie": "CORDOUX", "price_per_sqm": 2151.1627906976746, "date_iso": "2023-05-19", "parcelle": "771350000D0133", "addr_num": "5035"}}, {"type": "Feature", "geometry": {"type": "Point", "coordinates": [2.956293, 48.649812]}, "properties": {"year": 2023, "valeur_fonciere": 199000.0, "type_local": "Dépendance", "surface_reelle_bati": null, "nombre_pieces_principales": 0.0, "adresse_nom_voie": "RUE LAFAYETTE", "price_per_sqm": null, "date_iso": "2023-06-12", "parcelle": "77135000AA0010", "addr_num": "23"}}, {"type": "Feature", "geometry": {"type": "Point", "coordinates": [2.956293, 48.649812]}, "properties": {"year": 2023, "valeur_fonciere": 199000.0, "type_local": "Dépendance", "surface_reelle_bati": null, "nombre_pieces_principales": 0.0, "adresse_nom_voie": "RUE LAFAYETTE", "price_per_sqm": null, "date_iso": "2023-06-12", "parcelle": "77135000AA0010", "addr_num": "23"}}, {"type": "Feature", "geometry": {"type": "Point", "coordinates": [2.956293, 48.649812]}, "properties": {"year": 2023, "valeur_fonciere": 199000.0, "type_local": "Maison", "surface_reelle_bati": 73.0, "nombre_pieces_principales": 4.0, "adresse_nom_voie": "RUE LAFAYETTE", "price_per_sqm": 2726.027397260274, "date_iso": "2023-06-12", "parcelle": "77135000AA0010", "addr_num": "23"}}, {"type": "Feature", "geometry": {"type": "Point", "coordinates": [2.956293, 48.649812]}, "properties": {"year": 2023, "valeur_fonciere": 199000.0, "type_local": "Maison", "surface_reelle_bati": 73.0, "nombre_pieces_principales": 4.0, "adresse_nom_voie": "RUE LAFAYETTE", "price_per_sqm": 2726.027397260274, "date_iso": "2023-06-12", "parcelle": "77135000AA0010", "addr_num": "23"}}, {"type": "Feature", "geometry": {"type": "Point", "coordinates": [2.944264, 48.650933]}, "properties": {"year": 2023, "valeur_fonciere": 3969.0, "type_local": null, "surface_reelle_bati": null, "nombre_pieces_principales": null, "adresse_nom_voie": "LA MADELEINE", "price_per_sqm": null, "date_iso": "2023-06-07", "parcelle": "771350000U0048", "addr_num": ""}}, {"type": "Feature", "geometry": {"type": "Point", "coordinates": [2.958788, 48.649753]}, "properties": {"year": 2023, "valeur_fonciere": 245000.0, "type_local": "Maison", "surface_reelle_bati": 75.0, "nombre_pieces_principales": 3.0, "adresse_nom_voie": "RUE DU BOIS PREVOST", "price_per_sqm": 3266.6666666666665, "date_iso": "2023-06-26", "parcelle": "77135000AA0064", "addr_num": "7"}}, {"type": "Feature", "geometry": {"type": "Point", "coordinates": [2.943677, 48.653578]}, "properties": {"year": 2023, "valeur_fonciere": 15.0, "type_local": null, "surface_reelle_bati": null, "nombre_pieces_principales": null, "adresse_nom_voie": "RUE DES PETITS CLOZEAUX", "price_per_sqm": null, "date_iso": "2023-07-17", "parcelle": "77135000AE0258", "addr_num": ""}}, {"type": "Feature", "geometry": {"type": "Point", "coordinates": [2.958037, 48.648966]}, "properties": {"year": 2023, "valeur_fonciere": 175000.0, "type_local": "Maison", "surface_reelle_bati": 130.0, "nombre_pieces_principales": 4.0, "adresse_nom_voie": "RUE LAFAYETTE", "price_per_sqm": 1346.1538461538462, "date_iso": "2023-07-28", "parcelle": "77135000AA0078", "addr_num": "18"}}, {"type": "Feature", "geometry": {"type": "Point", "coordinates": [2.959429, 48.647221]}, "properties": {"year": 2023, "valeur_fonciere": 186000.0, "type_local": "Dépendance", "surface_reelle_bati": null, "nombre_pieces_principales": 0.0, "adresse_nom_voie": "RUE DE L YVRON", "price_per_sqm": null, "date_iso": "2023-09-04", "parcelle": "77135000AB0059", "addr_num": "6"}}, {"type": "Feature", "geometry": {"type": "Point", "coordinates": [2.959429, 48.647221]}, "properties": {"year": 2023, "valeur_fonciere": 186000.0, "type_local": "Maison", "surface_reelle_bati": 67.0, "nombre_pieces_principales": 4.0, "adresse_nom_voie": "RUE DE L YVRON", "price_per_sqm": 2776.1194029850744, "date_iso": "2023-09-04", "parcelle": "77135000AB0059", "addr_num": "6"}}, {"type": "Feature", "geometry": {"type": "Point", "coordinates": [2.959429, 48.647221]}, "properties": {"year": 2023, "valeur_fonciere": 186000.0, "type_local": "Dépendance", "surface_reelle_bati": null, "nombre_pieces_principales": 0.0, "adresse_nom_voie": "RUE DE L YVRON", "price_per_sqm": null, "date_iso": "2023-09-04", "parcelle": "77135000AB0059", "addr_num": "6"}}, {"type": "Feature", "geometry": {"type": "Point", "coordinates": [2.95893, 48.646862]}, "properties": {"year": 2023, "valeur_fonciere": 155000.0, "type_local": "Maison", "surface_reelle_bati": 97.0, "nombre_pieces_principales": 4.0, "adresse_nom_voie": "RUE DES MARRONNIERS", "price_per_sqm": 1597.9381443298969, "date_iso": "2023-10-02", "parcelle": "77135000AC0083", "addr_num": "4"}}, {"type": "Feature", "geometry": {"type": "Point", "coordinates": [2.955728, 48.643349]}, "properties": {"year": 2023, "valeur_fonciere": 4300.0, "type_local": null, "surface_reelle_bati": null, "nombre_pieces_principales": null, "adresse_nom_voie": "RUE DES MARONNIERS", "price_per_sqm": null, "date_iso": "2023-10-04", "parcelle": "77135000AC0186", "addr_num": ""}}, {"type": "Feature", "geometry": {"type": "Point", "coordinates": [2.960995, 48.647168]}, "properties": {"year": 2023, "valeur_fonciere": 347342.0, "type_local": null, "surface_reelle_bati": null, "nombre_pieces_principales": null, "adresse_nom_voie": "RUE DE L YVRON", "price_per_sqm": null, "date_iso": "2023-10-19", "parcelle": "77135000AC0113", "addr_num": "27"}}, {"type": "Feature", "geometry": {"type": "Point", "coordinates": [2.960908, 48.647076]}, "properties": {"year": 2023, "valeur_fonciere": 347342.0, "type_local": "Dépendance", "surface_reelle_bati": null, "nombre_pieces_principales": 0.0, "adresse_nom_voie": "RUE DE L YVRON", "price_per_sqm": null, "date_iso": "2023-10-19", "parcelle": "77135000AC0114", "addr_num": "27"}}, {"type": "Feature", "geometry": {"type": "Point", "coordinates": [2.960908, 48.647076]}, "properties": {"year": 2023, "valeur_fonciere": 347342.0, "type_local": "Dépendance", "surface_reelle_bati": null, "nombre_pieces_principales": 0.0, "adresse_nom_voie": "RUE DE L YVRON", "price_per_sqm": null, "date_iso": "2023-10-19", "parcelle": "77135000AC0114", "addr_num": "27"}}, {"type": "Feature", "geometry": {"type": "Point", "coordinates": [2.960908, 48.647076]}, "properties": {"year": 2023, "valeur_fonciere": 347342.0, "type_local": "Maison", "surface_reelle_bati": 160.0, "nombre_pieces_principales": 6.0, "adresse_nom_voie": "RUE DE L YVRON", "price_per_sqm": 2170.8875, "date_iso": "2023-10-19", "parcelle": "77135000AC0114", "addr_num": "27"}}, {"type": "Feature", "geometry": {"type": "Point", "coordinates": [2.960908, 48.647076]}, "properties": {"year": 2023, "valeur_fonciere": 347342.0, "type_local": "Dépendance", "surface_reelle_bati": null, "nombre_pieces_principales": 0.0, "adresse_nom_voie": "RUE DE L YVRON", "price_per_sqm": null, "date_iso": "2023-10-19", "parcelle": "77135000AC0114", "addr_num": "27"}}, {"type": "Feature", "geometry": {"type": "Point", "coordinates": [2.960987, 48.646981]}, "properties": {"year": 2023, "valeur_fonciere": 347342.0, "type_local": null, "surface_reelle_bati": null, "nombre_pieces_principales": null, "adresse_nom_voie": "RUE DE L YVRON", "price_per_sqm": null, "date_iso": "2023-10-19", "parcelle": "77135000AC0115", "addr_num": "27"}}, {"type": "Feature", "geometry": {"type": "Point", "coordinates": [2.961069, 48.646848]}, "properties": {"year": 2023, "valeur_fonciere": 347342.0, "type_local": "Dépendance", "surface_reelle_bati": null, "nombre_pieces_principales": 0.0, "adresse_nom_voie": "RUE DE L YVRON", "price_per_sqm": null, "date_iso": "2023-10-19", "parcelle": "77135000AC0116", "addr_num": "27"}}, {"type": "Feature", "geometry": {"type": "Point", "coordinates": [2.961368, 48.646218]}, "properties": {"year": 2023, "valeur_fonciere": 347342.0, "type_local": null, "surface_reelle_bati": null, "nombre_pieces_principales": null, "adresse_nom_voie": "RUE DE L YVRON", "price_per_sqm": null, "date_iso": "2023-10-19", "parcelle": "77135000AC0132", "addr_num": "27"}}, {"type": "Feature", "geometry": {"type": "Point", "coordinates": [2.96105, 48.646614]}, "properties": {"year": 2023, "valeur_fonciere": 347342.0, "type_local": null, "surface_reelle_bati": null, "nombre_pieces_principales": null, "adresse_nom_voie": "RUE DE L YVRON", "price_per_sqm": null, "date_iso": "2023-10-19", "parcelle": "77135000AC0134", "addr_num": "27"}}, {"type": "Feature", "geometry": {"type": "Point", "coordinates": [2.959634, 48.647289]}, "properties": {"year": 2023, "valeur_fonciere": 145000.0, "type_local": null, "surface_reelle_bati": null, "nombre_pieces_principales": null, "adresse_nom_voie": "RLE DU PUITS MOREAU", "price_per_sqm": null, "date_iso": "2023-10-26", "parcelle": "77135000AB0065", "addr_num": ""}}, {"type": "Feature", "geometry": {"type": "Point", "coordinates": [2.959668, 48.647182]}, "properties": {"year": 2023, "valeur_fonciere": 145000.0, "type_local": "Dépendance", "surface_reelle_bati": null, "nombre_pieces_principales": 0.0, "adresse_nom_voie": "RUE DE L YVRON", "price_per_sqm": null, "date_iso": "2023-10-26", "parcelle": "77135000AB0068", "addr_num": "10"}}, {"type": "Feature", "geometry": {"type": "Point", "coordinates": [2.959668, 48.647182]}, "properties": {"year": 2023, "valeur_fonciere": 145000.0, "type_local": "Maison", "surface_reelle_bati": 82.0, "nombre_pieces_principales": 4.0, "adresse_nom_voie": "RUE DE L YVRON", "price_per_sqm": 1768.2926829268292, "date_iso": "2023-10-26", "parcelle": "77135000AB0068", "addr_num": "10"}}, {"type": "Feature", "geometry": {"type": "Point", "coordinates": [2.943105, 48.653148]}, "properties": {"year": 2023, "valeur_fonciere": 207000.0, "type_local": "Maison", "surface_reelle_bati": 40.0, "nombre_pieces_principales": 2.0, "adresse_nom_voie": "RUE DES PETITS CLOZEAUX", "price_per_sqm": 5175.0, "date_iso": "2023-12-21", "parcelle": "77135000AE0106", "addr_num": "25"}}, {"type": "Feature", "geometry": {"type": "Point", "coordinates": [2.943105, 48.653148]}, "properties": {"year": 2023, "valeur_fonciere": 207000.0, "type_local": "Dépendance", "surface_reelle_bati": null, "nombre_pieces_principales": 0.0, "adresse_nom_voie": "RUE DES PETITS CLOZEAUX", "price_per_sqm": null, "date_iso": "2023-12-21", "parcelle": "77135000AE0106", "addr_num": "25"}}, {"type": "Feature", "geometry": {"type": "Point", "coordinates": [2.943506, 48.653237]}, "properties": {"year": 2023, "valeur_fonciere": 274000.0, "type_local": "Dépendance", "surface_reelle_bati": null, "nombre_pieces_principales": 0.0, "adresse_nom_voie": "RUE DES PETITS CLOZEAUX", "price_per_sqm": null, "date_iso": "2023-12-20", "parcelle": "77135000AE0104", "addr_num": "19"}}, {"type": "Feature", "geometry": {"type": "Point", "coordinates": [2.943506, 48.653237]}, "properties": {"year": 2023, "valeur_fonciere": 274000.0, "type_local": "Maison", "surface_reelle_bati": 100.0, "nombre_pieces_principales": 6.0, "adresse_nom_voie": "RUE DES PETITS CLOZEAUX", "price_per_sqm": 2740.0, "date_iso": "2023-12-20", "parcelle": "77135000AE0104", "addr_num": "19"}}, {"type": "Feature", "geometry": {"type": "Point", "coordinates": [2.97053, 48.640174]}, "properties": {"year": 2023, "valeur_fonciere": 30000.0, "type_local": null, "surface_reelle_bati": null, "nombre_pieces_principales": null, "adresse_nom_voie": "LA CROIX MONJONBERT", "price_per_sqm": null, "date_iso": "2023-12-28", "parcelle": "771350000X0023", "addr_num": ""}}, {"type": "Feature", "geometry": {"type": "Point", "coordinates": [2.961862, 48.650617]}, "properties": {"year": 2024, "valeur_fonciere": 209000.0, "type_local": "Maison", "surface_reelle_bati": 100.0, "nombre_pieces_principales": 4.0, "adresse_nom_voie": "RUE DE CHAMPRENARD", "price_per_sqm": 2090.0, "date_iso": "2024-01-08", "parcelle": "77135000AA0175", "addr_num": "19"}}, {"type": "Feature", "geometry": {"type": "Point", "coordinates": [2.939144, 48.643555]}, "properties": {"year": 2024, "valeur_fonciere": 9600.0, "type_local": null, "surface_reelle_bati": null, "nombre_pieces_principales": null, "adresse_nom_voie": "LE CORMIER", "price_per_sqm": null, "date_iso": "2024-02-08", "parcelle": "771350000V0018", "addr_num": ""}}, {"type": "Feature", "geometry": {"type": "Point", "coordinates": [2.939144, 48.643555]}, "properties": {"year": 2024, "valeur_fonciere": 9600.0, "type_local": null, "surface_reelle_bati": null, "nombre_pieces_principales": null, "adresse_nom_voie": "LE CORMIER", "price_per_sqm": null, "date_iso": "2024-02-08", "parcelle": "771350000V0018", "addr_num": ""}}, {"type": "Feature", "geometry": {"type": "Point", "coordinates": [2.949024, 48.646291]}, "properties": {"year": 2024, "valeur_fonciere": 9600.0, "type_local": null, "surface_reelle_bati": null, "nombre_pieces_principales": null, "adresse_nom_voie": "LES CORBIERES", "price_per_sqm": null, "date_iso": "2024-02-08", "parcelle": "771350000Y0111", "addr_num": ""}}, {"type": "Feature", "geometry": {"type": "Point", "coordinates": [2.971957, 48.632895]}, "properties": {"year": 2024, "valeur_fonciere": 3000.0, "type_local": null, "surface_reelle_bati": null, "nombre_pieces_principales": null, "adresse_nom_voie": "RUE DES SABLONS", "price_per_sqm": null, "date_iso": "2024-03-08", "parcelle": "77135000AD0045", "addr_num": ""}}, {"type": "Feature", "geometry": {"type": "Point", "coordinates": [2.971083, 48.634166]}, "properties": {"year": 2024, "valeur_fonciere": 304622.0, "type_local": "Maison", "surface_reelle_bati": 168.0, "nombre_pieces_principales": 6.0, "adresse_nom_voie": "RUE DES SABLONS", "price_per_sqm": 1813.2261904761904, "date_iso": "2024-04-08", "parcelle": "77135000AD0084", "addr_num": "10"}}, {"type": "Feature", "geometry": {"type": "Point", "coordinates": [2.971083, 48.634166]}, "properties": {"year": 2024, "valeur_fonciere": 304622.0, "type_local": "Dépendance", "surface_reelle_bati": null, "nombre_pieces_principales": 0.0, "adresse_nom_voie": "RUE DES SABLONS", "price_per_sqm": null, "date_iso": "2024-04-08", "parcelle": "77135000AD0084", "addr_num": "10"}}, {"type": "Feature", "geometry": {"type": "Point", "coordinates": [2.971083, 48.634166]}, "properties": {"year": 2024, "valeur_fonciere": 304622.0, "type_local": "Dépendance", "surface_reelle_bati": null, "nombre_pieces_principales": 0.0, "adresse_nom_voie": "RUE DES SABLONS", "price_per_sqm": null, "date_iso": "2024-04-08", "parcelle": "77135000AD0084", "addr_num": "10"}}, {"type": "Feature", "geometry": {"type": "Point", "coordinates": [2.971083, 48.634166]}, "properties": {"year": 2024, "valeur_fonciere": 304622.0, "type_local": "Maison", "surface_reelle_bati": 168.0, "nombre_pieces_principales": 6.0, "adresse_nom_voie": "RUE DES SABLONS", "price_per_sqm": 1813.2261904761904, "date_iso": "2024-04-08", "parcelle": "77135000AD0084", "addr_num": "10"}}, {"type": "Feature", "geometry": {"type": "Point", "coordinates": [2.958329, 48.648411]}, "properties": {"year": 2024, "valeur_fonciere": 340000.0, "type_local": "Maison", "surface_reelle_bati": 213.0, "nombre_pieces_principales": 4.0, "adresse_nom_voie": "RUE LAFAYETTE", "price_per_sqm": 1596.2441314553992, "date_iso": "2024-04-16", "parcelle": "77135000AA0083", "addr_num": "10"}}, {"type": "Feature", "geometry": {"type": "Point", "coordinates": [2.958329, 48.648411]}, "properties": {"year": 2024, "valeur_fonciere": 340000.0, "type_local": "Dépendance", "surface_reelle_bati": null, "nombre_pieces_principales": 0.0, "adresse_nom_voie": "RUE LAFAYETTE", "price_per_sqm": null, "date_iso": "2024-04-16", "parcelle": "77135000AA0083", "addr_num": "10"}}, {"type": "Feature", "geometry": {"type": "Point", "coordinates": [2.958385, 48.648194]}, "properties": {"year": 2024, "valeur_fonciere": 340000.0, "type_local": null, "surface_reelle_bati": null, "nombre_pieces_principales": null, "adresse_nom_voie": "RUE LAFAYETTE", "price_per_sqm": null, "date_iso": "2024-04-16", "parcelle": "77135000AA0084", "addr_num": "10"}}, {"type": "Feature", "geometry": {"type": "Point", "coordinates": [2.963863, 48.648636]}, "properties": {"year": 2024, "valeur_fonciere": 309000.0, "type_local": "Maison", "surface_reelle_bati": 112.0, "nombre_pieces_principales": 5.0, "adresse_nom_voie": "RUE DE CHANGEARD", "price_per_sqm": 2758.9285714285716, "date_iso": "2024-04-25", "parcelle": "77135000AB0112", "addr_num": "8"}}, {"type": "Feature", "geometry": {"type": "Point", "coordinates": [2.957311, 48.649704]}, "properties": {"year": 2024, "valeur_fonciere": 278000.0, "type_local": null, "surface_reelle_bati": null, "nombre_pieces_principales": null, "adresse_nom_voie": "RUE LAFAYETTE", "price_per_sqm": null, "date_iso": "2024-05-03", "parcelle": "77135000AA0058", "addr_num": ""}}, {"type": "Feature", "geometry": {"type": "Point", "coordinates": [2.958037, 48.649458]}, "properties": {"year": 2024, "valeur_fonciere": 278000.0, "type_local": null, "surface_reelle_bati": null, "nombre_pieces_principales": null, "adresse_nom_voie": "RUE DU CHENE", "price_per_sqm": null, "date_iso": "2024-05-03", "parcelle": "77135000AA0061", "addr_num": ""}}, {"type": "Feature", "geometry": {"type": "Point", "coordinates": [2.957849, 48.649174]}, "properties": {"year": 2024, "valeur_fonciere": 278000.0, "type_local": "Dépendance", "surface_reelle_bati": null, "nombre_pieces_principales": 0.0, "adresse_nom_voie": "RUE DU CHENE", "price_per_sqm": null, "date_iso": "2024-05-03", "parcelle": "77135000AA0070", "addr_num": "4"}}, {"type": "Feature", "geometry": {"type": "Point", "coordinates": [2.957849, 48.649174]}, "properties": {"year": 2024, "valeur_fonciere": 278000.0, "type_local": "Maison", "surface_reelle_bati": 90.0, "nombre_pieces_principales": 4.0, "adresse_nom_voie": "RUE DU CHENE", "price_per_sqm": 3088.8888888888887, "date_iso": "2024-05-03", "parcelle": "77135000AA0070", "addr_num": "4"}}, {"type": "Feature", "geometry": {"type": "Point", "coordinates": [2.944161, 48.653032]}, "properties": {"year": 2024, "valeur_fonciere": 170000.0, "type_local": "Maison", "surface_reelle_bati": 110.0, "nombre_pieces_principales": 2.0, "adresse_nom_voie": "RUE DES SENTIERS", "price_per_sqm": 1545.4545454545455, "date_iso": "2024-05-07", "parcelle": "77135000AE0095", "addr_num": "1"}}, {"type": "Feature", "geometry": {"type": "Point", "coordinates": [2.96001, 48.651477]}, "properties": {"year": 2024, "valeur_fonciere": 266000.0, "type_local": "Maison", "surface_reelle_bati": 99.0, "nombre_pieces_principales": 5.0, "adresse_nom_voie": "RUE CLOS DE L ORMOY", "price_per_sqm": 2686.868686868687, "date_iso": "2024-05-17", "parcelle": "77135000AA0268", "addr_num": "11"}}, {"type": "Feature", "geometry": {"type": "Point", "coordinates": [2.961648, 48.650813]}, "properties": {"year": 2024, "valeur_fonciere": 160000.0, "type_local": "Maison", "surface_reelle_bati": 58.0, "nombre_pieces_principales": 3.0, "adresse_nom_voie": "RUE DE CHAMPRENARD", "price_per_sqm": 2758.6206896551726, "date_iso": "2024-06-17", "parcelle": "77135000AA0172", "addr_num": "15"}}, {"type": "Feature", "geometry": {"type": "Point", "coordinates": [2.961603, 48.650881]}, "properties": {"year": 2024, "valeur_fonciere": 160000.0, "type_local": null, "surface_reelle_bati": null, "nombre_pieces_principales": null, "adresse_nom_voie": "RUE DE CHAMPRENARD", "price_per_sqm": null, "date_iso": "2024-06-17", "parcelle": "77135000AA0219", "addr_num": "5"}}, {"type": "Feature", "geometry": {"type": "Point", "coordinates": [2.961581, 48.65083]}, "properties": {"year": 2024, "valeur_fonciere": 160000.0, "type_local": null, "surface_reelle_bati": null, "nombre_pieces_principales": null, "adresse_nom_voie": "RUE DE CHAMPRENARD", "price_per_sqm": null, "date_iso": "2024-06-17", "parcelle": "77135000AA0297", "addr_num": ""}}, {"type": "Feature", "geometry": {"type": "Point", "coordinates": [2.959146, 48.647108]}, "properties": {"year": 2024, "valeur_fonciere": 250000.0, "type_local": "Maison", "surface_reelle_bati": 126.0, "nombre_pieces_principales": 5.0, "adresse_nom_voie": "RUE DE L YVRON", "price_per_sqm": 1984.126984126984, "date_iso": "2024-06-20", "parcelle": "77135000AB0055", "addr_num": "2"}}, {"type": "Feature", "geometry": {"type": "Point", "coordinates": [2.958947, 48.647314]}, "properties": {"year": 2024, "valeur_fonciere": 210000.0, "type_local": "Dépendance", "surface_reelle_bati": null, "nombre_pieces_principales": 0.0, "adresse_nom_voie": "RUE LAFAYETTE", "price_per_sqm": null, "date_iso": "2024-07-05", "parcelle": "77135000AB0054", "addr_num": "6"}}, {"type": "Feature", "geometry": {"type": "Point", "coordinates": [2.958947, 48.647314]}, "properties": {"year": 2024, "valeur_fonciere": 210000.0, "type_local": "Maison", "surface_reelle_bati": 134.0, "nombre_pieces_principales": 8.0, "adresse_nom_voie": "RUE LAFAYETTE", "price_per_sqm": 1567.1641791044776, "date_iso": "2024-07-05", "parcelle": "77135000AB0054", "addr_num": "6"}}, {"type": "Feature", "geometry": {"type": "Point", "coordinates": [2.958947, 48.647314]}, "properties": {"year": 2024, "valeur_fonciere": 210000.0, "type_local": "Dépendance", "surface_reelle_bati": null, "nombre_pieces_principales": 0.0, "adresse_nom_voie": "RUE LAFAYETTE", "price_per_sqm": null, "date_iso": "2024-07-05", "parcelle": "77135000AB0054", "addr_num": "6"}}, {"type": "Feature", "geometry": {"type": "Point", "coordinates": [2.93698, 48.654522]}, "properties": {"year": 2024, "valeur_fonciere": 300.0, "type_local": null, "surface_reelle_bati": null, "nombre_pieces_principales": null, "adresse_nom_voie": "DERRIERE LE BOIS DURAND", "price_per_sqm": null, "date_iso": "2024-07-31", "parcelle": "771350000Z0042", "addr_num": ""}}, {"type": "Feature", "geometry": {"type": "Point", "coordinates": [2.971876, 48.647471]}, "properties": {"year": 2024, "valeur_fonciere": 148284.0, "type_local": null, "surface_reelle_bati": null, "nombre_pieces_principales": null, "adresse_nom_voie": "LE PENDIART", "price_per_sqm": null, "date_iso": "2024-07-18", "parcelle": "771350000C0001", "addr_num": ""}}, {"type": "Feature", "geometry": {"type": "Point", "coordinates": [2.967212, 48.646361]}, "properties": {"year": 2024, "valeur_fonciere": 148284.0, "type_local": null, "surface_reelle_bati": null, "nombre_pieces_principales": null, "adresse_nom_voie": "LA FONTAINE SAINT-EUTROPE", "price_per_sqm": null, "date_iso": "2024-07-18", "parcelle": "771350000C0559", "addr_num": ""}}, {"type": "Feature", "geometry": {"type": "Point", "coordinates": [2.96835, 48.645734]}, "properties": {"year": 2024, "valeur_fonciere": 148284.0, "type_local": null, "surface_reelle_bati": null, "nombre_pieces_principales": null, "adresse_nom_voie": "LA FONTAINE SAINT-EUTROPE", "price_per_sqm": null, "date_iso": "2024-07-18", "parcelle": "771350000C0560", "addr_num": ""}}, {"type": "Feature", "geometry": {"type": "Point", "coordinates": [2.970478, 48.646813]}, "properties": {"year": 2024, "valeur_fonciere": 148284.0, "type_local": null, "surface_reelle_bati": null, "nombre_pieces_principales": null, "adresse_nom_voie": "LE PENDIART", "price_per_sqm": null, "date_iso": "2024-07-18", "parcelle": "771350000C0564", "addr_num": ""}}, {"type": "Feature", "geometry": {"type": "Point", "coordinates": [2.971505, 48.644921]}, "properties": {"year": 2024, "valeur_fonciere": 148284.0, "type_local": null, "surface_reelle_bati": null, "nombre_pieces_principales": null, "adresse_nom_voie": "LA PENTE DE CHANJARD", "price_per_sqm": null, "date_iso": "2024-07-18", "parcelle": "771350000X0184", "addr_num": ""}}, {"type": "Feature", "geometry": {"type": "Point", "coordinates": [2.971505, 48.644921]}, "properties": {"year": 2024, "valeur_fonciere": 148284.0, "type_local": null, "surface_reelle_bati": null, "nombre_pieces_principales": null, "adresse_nom_voie": "LA PENTE DE CHANJARD", "price_per_sqm": null, "date_iso": "2024-07-18", "parcelle": "771350000X0184", "addr_num": ""}}, {"type": "Feature", "geometry": {"type": "Point", "coordinates": [2.971505, 48.644921]}, "properties": {"year": 2024, "valeur_fonciere": 148284.0, "type_local": null, "surface_reelle_bati": null, "nombre_pieces_principales": null, "adresse_nom_voie": "LA PENTE DE CHANJARD", "price_per_sqm": null, "date_iso": "2024-07-18", "parcelle": "771350000X0184", "addr_num": ""}}, {"type": "Feature", "geometry": {"type": "Point", "coordinates": [2.971505, 48.644921]}, "properties": {"year": 2024, "valeur_fonciere": 148284.0, "type_local": null, "surface_reelle_bati": null, "nombre_pieces_principales": null, "adresse_nom_voie": "LA PENTE DE CHANJARD", "price_per_sqm": null, "date_iso": "2024-07-18", "parcelle": "771350000X0184", "addr_num": ""}}, {"type": "Feature", "geometry": {"type": "Point", "coordinates": [2.964631, 48.648266]}, "properties": {"year": 2024, "valeur_fonciere": 148284.0, "type_local": null, "surface_reelle_bati": null, "nombre_pieces_principales": null, "adresse_nom_voie": "LES CARRIERES", "price_per_sqm": null, "date_iso": "2024-07-18", "parcelle": "771350000Z0209", "addr_num": ""}}, {"type": "Feature", "geometry": {"type": "Point", "coordinates": [2.966712, 48.648509]}, "properties": {"year": 2024, "valeur_fonciere": 148284.0, "type_local": null, "surface_reelle_bati": null, "nombre_pieces_principales": null, "adresse_nom_voie": "LES CARRIERES", "price_per_sqm": null, "date_iso": "2024-07-18", "parcelle": "771350000Z0211", "addr_num": ""}}, {"type": "Feature", "geometry": {"type": "Point", "coordinates": [2.92918, 48.641615]}, "properties": {"year": 2024, "valeur_fonciere": 90000.0, "type_local": "Maison", "surface_reelle_bati": 90.0, "nombre_pieces_principales": 3.0, "adresse_nom_voie": "TILLOY", "price_per_sqm": 1000.0, "date_iso": "2024-08-02", "parcelle": "771350000V0051", "addr_num": "5048"}}, {"type": "Feature", "geometry": {"type": "Point", "coordinates": [2.92918, 48.641615]}, "properties": {"year": 2024, "valeur_fonciere": 90000.0, "type_local": "Maison", "surface_reelle_bati": 90.0, "nombre_pieces_principales": 3.0, "adresse_nom_voie": "TILLOY", "price_per_sqm": 1000.0, "date_iso": "2024-08-02", "parcelle": "771350000V0051", "addr_num": "5048"}}, {"type": "Feature", "geometry": {"type": "Point", "coordinates": [2.96605, 48.647762]}, "properties": {"year": 2024, "valeur_fonciere": 310000.0, "type_local": "Maison", "surface_reelle_bati": 127.0, "nombre_pieces_principales": 6.0, "adresse_nom_voie": "LE PENDIART", "price_per_sqm": 2440.9448818897636, "date_iso": "2024-08-12", "parcelle": "771350000C0528", "addr_num": "5180"}}, {"type": "Feature", "geometry": {"type": "Point", "coordinates": [2.96605, 48.647762]}, "properties": {"year": 2024, "valeur_fonciere": 310000.0, "type_local": "Maison", "surface_reelle_bati": 127.0, "nombre_pieces_principales": 6.0, "adresse_nom_voie": "LE PENDIART", "price_per_sqm": 2440.9448818897636, "date_iso": "2024-08-12", "parcelle": "771350000C0528", "addr_num": "5180"}}, {"type": "Feature", "geometry": {"type": "Point", "coordinates": [2.966132, 48.647819]}, "properties": {"year": 2024, "valeur_fonciere": 310000.0, "type_local": null, "surface_reelle_bati": null, "nombre_pieces_principales": null, "adresse_nom_voie": "LE PENDIART", "price_per_sqm": null, "date_iso": "2024-08-12", "parcelle": "771350000C0529", "addr_num": ""}}, {"type": "Feature", "geometry": {"type": "Point", "coordinates": [2.966252, 48.6476]}, "properties": {"year": 2024, "valeur_fonciere": 310000.0, "type_local": null, "surface_reelle_bati": null, "nombre_pieces_principales": null, "adresse_nom_voie": "LE PENDIART", "price_per_sqm": null, "date_iso": "2024-08-12", "parcelle": "771350000C0552", "addr_num": ""}}, {"type": "Feature", "geometry": {"type": "Point", "coordinates": [2.966029, 48.647325]}, "properties": {"year": 2024, "valeur_fonciere": 310000.0, "type_local": null, "surface_reelle_bati": null, "nombre_pieces_principales": null, "adresse_nom_voie": "LA FONTAINE SAINT-EUTROPE", "price_per_sqm": null, "date_iso": "2024-08-12", "parcelle": "771350000C0675", "addr_num": ""}}, {"type": "Feature", "geometry": {"type": "Point", "coordinates": [2.961582, 48.648583]}, "properties": {"year": 2024, "valeur_fonciere": 588000.0, "type_local": null, "surface_reelle_bati": null, "nombre_pieces_principales": null, "adresse_nom_voie": "COUR DU CLOITRE", "price_per_sqm": null, "date_iso": "2024-08-29", "parcelle": "77135000AB0022", "addr_num": "6"}}, {"type": "Feature", "geometry": {"type": "Point", "coordinates": [2.961021, 48.6484]}, "properties": {"year": 2024, "valeur_fonciere": 588000.0, "type_local": "Maison", "surface_reelle_bati": 238.0, "nombre_pieces_principales": 8.0, "adresse_nom_voie": "COUR DU CLOITRE", "price_per_sqm": 2470.5882352941176, "date_iso": "2024-08-29", "parcelle": "77135000AB0038", "addr_num": "6"}}, {"type": "Feature", "geometry": {"type": "Point", "coordinates": [2.961021, 48.6484]}, "properties": {"year": 2024, "valeur_fonciere": 588000.0, "type_local": "Dépendance", "surface_reelle_bati": null, "nombre_pieces_principales": 0.0, "adresse_nom_voie": "COUR DU CLOITRE", "price_per_sqm": null, "date_iso": "2024-08-29", "parcelle": "77135000AB0038", "addr_num": "6"}}, {"type": "Feature", "geometry": {"type": "Point", "coordinates": [2.961021, 48.6484]}, "properties": {"year": 2024, "valeur_fonciere": 588000.0, "type_local": "Dépendance", "surface_reelle_bati": null, "nombre_pieces_principales": 0.0, "adresse_nom_voie": "COUR DU CLOITRE", "price_per_sqm": null, "date_iso": "2024-08-29", "parcelle": "77135000AB0038", "addr_num": "6"}}, {"type": "Feature", "geometry": {"type": "Point", "coordinates": [2.961021, 48.6484]}, "properties": {"year": 2024, "valeur_fonciere": 588000.0, "type_local": "Maison", "surface_reelle_bati": 238.0, "nombre_pieces_principales": 8.0, "adresse_nom_voie": "COUR DU CLOITRE", "price_per_sqm": 2470.5882352941176, "date_iso": "2024-08-29", "parcelle": "77135000AB0038", "addr_num": "6"}}, {"type": "Feature", "geometry": {"type": "Point", "coordinates": [2.960238, 48.64861]}, "properties": {"year": 2024, "valeur_fonciere": 588000.0, "type_local": "Local industriel. commercial ou assimilé", "surface_reelle_bati": null, "nombre_pieces_principales": 0.0, "adresse_nom_voie": "COUR DU CLOITRE", "price_per_sqm": null, "date_iso": "2024-08-29", "parcelle": "77135000AB0042", "addr_num": "5421"}}, {"type": "Feature", "geometry": {"type": "Point", "coordinates": [2.957518, 48.646484]}, "properties": {"year": 2024, "valeur_fonciere": 174000.0, "type_local": "Appartement", "surface_reelle_bati": 70.0, "nombre_pieces_principales": 3.0, "adresse_nom_voie": "RUE DE L'ERABLE", "price_per_sqm": 2485.714285714286, "date_iso": "2024-10-04", "parcelle": "77135000AC0208", "addr_num": "12"}}, {"type": "Feature", "geometry": {"type": "Point", "coordinates": [2.957518, 48.646484]}, "properties": {"year": 2024, "valeur_fonciere": 174000.0, "type_local": "Dépendance", "surface_reelle_bati": null, "nombre_pieces_principales": 0.0, "adresse_nom_voie": "RUE DE L'ERABLE", "price_per_sqm": null, "date_iso": "2024-10-04", "parcelle": "77135000AC0208", "addr_num": "12"}}, {"type": "Feature", "geometry": {"type": "Point", "coordinates": [2.957518, 48.646484]}, "properties": {"year": 2024, "valeur_fonciere": 174000.0, "type_local": "Dépendance", "surface_reelle_bati": null, "nombre_pieces_principales": 0.0, "adresse_nom_voie": "RUE DE L'ERABLE", "price_per_sqm": null, "date_iso": "2024-10-04", "parcelle": "77135000AC0208", "addr_num": "12"}}, {"type": "Feature", "geometry": {"type": "Point", "coordinates": [2.957807, 48.646214]}, "properties": {"year": 2024, "valeur_fonciere": 350000.0, "type_local": "Maison", "surface_reelle_bati": 65.0, "nombre_pieces_principales": 4.0, "adresse_nom_voie": "RUE DES MARRONNIERS", "price_per_sqm": 5384.615384615385, "date_iso": "2024-10-31", "parcelle": "77135000AC0211", "addr_num": "18"}}, {"type": "Feature", "geometry": {"type": "Point", "coordinates": [2.95783, 48.646119]}, "properties": {"year": 2024, "valeur_fonciere": 350000.0, "type_local": null, "surface_reelle_bati": null, "nombre_pieces_principales": null, "adresse_nom_voie": "RUE DES MARONNIERS", "price_per_sqm": null, "date_iso": "2024-10-31", "parcelle": "77135000AC0212", "addr_num": ""}}, {"type": "Feature", "geometry": {"type": "Point", "coordinates": [2.961281, 48.6509]}, "properties": {"year": 2024, "valeur_fonciere": 295000.0, "type_local": null, "surface_reelle_bati": null, "nombre_pieces_principales": null, "adresse_nom_voie": "RUE CLOS DE L ORMOY", "price_per_sqm": null, "date_iso": "2024-11-15", "parcelle": "77135000AA0156", "addr_num": "42"}}, {"type": "Feature", "geometry": {"type": "Point", "coordinates": [2.961166, 48.650874]}, "properties": {"year": 2024, "valeur_fonciere": 295000.0, "type_local": null, "surface_reelle_bati": null, "nombre_pieces_principales": null, "adresse_nom_voie": "RUE CLOS DE L ORMOY", "price_per_sqm": null, "date_iso": "2024-11-15", "parcelle": "77135000AA0237", "addr_num": "42"}}, {"type": "Feature", "geometry": {"type": "Point", "coordinates": [2.961147, 48.651029]}, "properties": {"year": 2024, "valeur_fonciere": 295000.0, "type_local": null, "surface_reelle_bati": null, "nombre_pieces_principales": null, "adresse_nom_voie": "RUE CLOS DE L ORMOY", "price_per_sqm": null, "date_iso": "2024-11-15", "parcelle": "77135000AA0240", "addr_num": "42"}}, {"type": "Feature", "geometry": {"type": "Point", "coordinates": [2.96123, 48.651028]}, "properties": {"year": 2024, "valeur_fonciere": 295000.0, "type_local": null, "surface_reelle_bati": null, "nombre_pieces_principales": null, "adresse_nom_voie": "RUE CLOS DE L ORMOY", "price_per_sqm": null, "date_iso": "2024-11-15", "parcelle": "77135000AA0296", "addr_num": "42"}}, {"type": "Feature", "geometry": {"type": "Point", "coordinates": [2.966132, 48.647135]}, "properties": {"year": 2024, "valeur_fonciere": 1.0, "type_local": null, "surface_reelle_bati": null, "nombre_pieces_principales": null, "adresse_nom_voie": "LA FONTAINE SAINT-EUTROPE", "price_per_sqm": null, "date_iso": "2024-11-21", "parcelle": "771350000C0674", "addr_num": ""}}, {"type": "Feature", "geometry": {"type": "Point", "coordinates": [2.962217, 48.645869]}, "properties": {"year": 2024, "valeur_fonciere": 19000.0, "type_local": null, "surface_reelle_bati": null, "nombre_pieces_principales": null, "adresse_nom_voie": "BOIS CHENOY", "price_per_sqm": null, "date_iso": "2024-12-19", "parcelle": "771350000W0007", "addr_num": ""}}, {"type": "Feature", "geometry": {"type": "Point", "coordinates": [2.962446, 48.64534]}, "properties": {"year": 2024, "valeur_fonciere": 19000.0, "type_local": null, "surface_reelle_bati": null, "nombre_pieces_principales": null, "adresse_nom_voie": "BOIS CHENOY", "price_per_sqm": null, "date_iso": "2024-12-19", "parcelle": "771350000W0110", "addr_num": ""}}, {"type": "Feature", "geometry": {"type": "Point", "coordinates": [2.95687, 48.651795]}, "properties": {"year": 2024, "valeur_fonciere": 700.0, "type_local": null, "surface_reelle_bati": null, "nombre_pieces_principales": null, "adresse_nom_voie": "RUE LAFAYETTE", "price_per_sqm": null, "date_iso": "2024-12-19", "parcelle": "77135000AA0232", "addr_num": ""}}, {"type": "Feature", "geometry": {"type": "Point", "coordinates": [2.956381, 48.651748]}, "properties": {"year": 2024, "valeur_fonciere": 700.0, "type_local": null, "surface_reelle_bati": null, "nombre_pieces_principales": null, "adresse_nom_voie": "ALL DU MOULIN", "price_per_sqm": null, "date_iso": "2024-12-19", "parcelle": "77135000AA0233", "addr_num": ""}}, {"type": "Feature", "geometry": {"type": "Point", "coordinates": [2.959094, 48.647052]}, "properties": {"year": 2025, "valeur_fonciere": 152000.0, "type_local": "Maison", "surface_reelle_bati": 85.0, "nombre_pieces_principales": 4.0, "adresse_nom_voie": "RUE LAFAYETTE", "price_per_sqm": 1788.235294117647, "date_iso": "2025-01-03", "parcelle": "77135000AB0056", "addr_num": "2"}}, {"type": "Feature", "geometry": {"type": "Point", "coordinates": [2.959094, 48.647052]}, "properties": {"year": 2025, "valeur_fonciere": 152000.0, "type_local": "Dépendance", "surface_reelle_bati": null, "nombre_pieces_principales": 0.0, "adresse_nom_voie": "RUE LAFAYETTE", "price_per_sqm": null, "date_iso": "2025-01-03", "parcelle": "77135000AB0056", "addr_num": "2"}}, {"type": "Feature", "geometry": {"type": "Point", "coordinates": [2.959246, 48.650799]}, "properties": {"year": 2025, "valeur_fonciere": 225000.0, "type_local": "Maison", "surface_reelle_bati": 82.0, "nombre_pieces_principales": 4.0, "adresse_nom_voie": "ALL DES TROIS CHENES", "price_per_sqm": 2743.9024390243903, "date_iso": "2025-01-10", "parcelle": "77135000AA0113", "addr_num": "5"}}, {"type": "Feature", "geometry": {"type": "Point", "coordinates": [2.959246, 48.650799]}, "properties": {"year": 2025, "valeur_fonciere": 225000.0, "type_local": "Dépendance", "surface_reelle_bati": null, "nombre_pieces_principales": 0.0, "adresse_nom_voie": "ALL DES TROIS CHENES", "price_per_sqm": null, "date_iso": "2025-01-10", "parcelle": "77135000AA0113", "addr_num": "5"}}, {"type": "Feature", "geometry": {"type": "Point", "coordinates": [2.956825, 48.651108]}, "properties": {"year": 2025, "valeur_fonciere": 185000.0, "type_local": null, "surface_reelle_bati": null, "nombre_pieces_principales": null, "adresse_nom_voie": "RUE LAFAYETTE", "price_per_sqm": null, "date_iso": "2025-01-17", "parcelle": "77135000AA0048", "addr_num": ""}}, {"type": "Feature", "geometry": {"type": "Point", "coordinates": [2.9566, 48.651067]}, "properties": {"year": 2025, "valeur_fonciere": 185000.0, "type_local": "Maison", "surface_reelle_bati": 102.0, "nombre_pieces_principales": 5.0, "adresse_nom_voie": "RUE LAFAYETTE", "price_per_sqm": 1813.7254901960785, "date_iso": "2025-01-17", "parcelle": "77135000AA0049", "addr_num": "24"}}, {"type": "Feature", "geometry": {"type": "Point", "coordinates": [2.955731, 48.64625]}, "properties": {"year": 2025, "valeur_fonciere": 280000.0, "type_local": "Maison", "surface_reelle_bati": 82.0, "nombre_pieces_principales": 4.0, "adresse_nom_voie": "RUE DES TILLEULS", "price_per_sqm": 3414.6341463414633, "date_iso": "2025-01-21", "parcelle": "77135000AC0014", "addr_num": "13"}}, {"type": "Feature", "geometry": {"type": "Point", "coordinates": [2.951735, 48.637716]}, "properties": {"year": 2025, "valeur_fonciere": 416000.0, "type_local": null, "surface_reelle_bati": null, "nombre_pieces_principales": null, "adresse_nom_voie": "CORDOUX", "price_per_sqm": null, "date_iso": "2025-02-06", "parcelle": "771350000D0036", "addr_num": ""}}, {"type": "Feature", "geometry": {"type": "Point", "coordinates": [2.951745, 48.637635]}, "properties": {"year": 2025, "valeur_fonciere": 416000.0, "type_local": null, "surface_reelle_bati": null, "nombre_pieces_principales": null, "adresse_nom_voie": "CORDOUX", "price_per_sqm": null, "date_iso": "2025-02-06", "parcelle": "771350000D0129", "addr_num": ""}}, {"type": "Feature", "geometry": {"type": "Point", "coordinates": [2.951587, 48.637591]}, "properties": {"year": 2025, "valeur_fonciere": 416000.0, "type_local": "Maison", "surface_reelle_bati": 142.0, "nombre_pieces_principales": 5.0, "adresse_nom_voie": "CORDOUX", "price_per_sqm": 2929.5774647887324, "date_iso": "2025-02-06", "parcelle": "771350000D0149", "addr_num": "5033"}}, {"type": "Feature", "geometry": {"type": "Point", "coordinates": [2.951777, 48.637631]}, "properties": {"year": 2025, "valeur_fonciere": 416000.0, "type_local": null, "surface_reelle_bati": null, "nombre_pieces_principales": null, "adresse_nom_voie": "CORDOUX", "price_per_sqm": null, "date_iso": "2025-02-06", "parcelle": "771350000D0150", "addr_num": ""}}, {"type": "Feature", "geometry": {"type": "Point", "coordinates": [2.951608, 48.637467]}, "properties": {"year": 2025, "valeur_fonciere": 416000.0, "type_local": null, "surface_reelle_bati": null, "nombre_pieces_principales": null, "adresse_nom_voie": "CORDOUX", "price_per_sqm": null, "date_iso": "2025-02-06", "parcelle": "771350000D0161", "addr_num": ""}}, {"type": "Feature", "geometry": {"type": "Point", "coordinates": [2.951725, 48.637405]}, "properties": {"year": 2025, "valeur_fonciere": 416000.0, "type_local": null, "surface_reelle_bati": null, "nombre_pieces_principales": null, "adresse_nom_voie": "CORDOUX", "price_per_sqm": null, "date_iso": "2025-02-06", "parcelle": "771350000D0163", "addr_num": ""}}, {"type": "Feature", "geometry": {"type": "Point", "coordinates": [2.959634, 48.647289]}, "properties": {"year": 2025, "valeur_fonciere": 183000.0, "type_local": null, "surface_reelle_bati": null, "nombre_pieces_principales": null, "adresse_nom_voie": "RLE DU PUITS MOREAU", "price_per_sqm": null, "date_iso": "2025-02-13", "parcelle": "77135000AB0065", "addr_num": ""}}, {"type": "Feature", "geometry": {"type": "Point", "coordinates": [2.959754, 48.64722]}, "properties": {"year": 2025, "valeur_fonciere": 183000.0, "type_local": "Maison", "surface_reelle_bati": 48.0, "nombre_pieces_principales": 3.0, "adresse_nom_voie": "RLE DU PUITS MOREAU", "price_per_sqm": 3812.5, "date_iso": "2025-02-13", "parcelle": "77135000AB0067", "addr_num": "2"}}, {"type": "Feature", "geometry": {"type": "Point", "coordinates": [2.94135, 48.65476]}, "properties": {"year": 2025, "valeur_fonciere": 185000.0, "type_local": "Maison", "surface_reelle_bati": 104.0, "nombre_pieces_principales": 5.0, "adresse_nom_voie": "RUE DES CHAMPS DURAND", "price_per_sqm": 1778.8461538461538, "date_iso": "2025-03-06", "parcelle": "77135000AE0017", "addr_num": "1"}}, {"type": "Feature", "geometry": {"type": "Point", "coordinates": [2.94135, 48.65476]}, "properties": {"year": 2025, "valeur_fonciere": 185000.0, "type_local": "Maison", "surface_reelle_bati": 104.0, "nombre_pieces_principales": 5.0, "adresse_nom_voie": "RUE DES CHAMPS DURAND", "price_per_sqm": 1778.8461538461538, "date_iso": "2025-03-06", "parcelle": "77135000AE0017", "addr_num": "1"}}, {"type": "Feature", "geometry": {"type": "Point", "coordinates": [2.962183, 48.650795]}, "properties": {"year": 2025, "valeur_fonciere": 280000.0, "type_local": "Maison", "surface_reelle_bati": 276.0, "nombre_pieces_principales": 9.0, "adresse_nom_voie": "RUE DE CHAMPRENARD", "price_per_sqm": 1014.4927536231884, "date_iso": "2025-03-22", "parcelle": "77135000AA0318", "addr_num": "17"}}, {"type": "Feature", "geometry": {"type": "Point", "coordinates": [2.941535, 48.654202]}, "properties": {"year": 2025, "valeur_fonciere": 279000.0, "type_local": "Dépendance", "surface_reelle_bati": null, "nombre_pieces_principales": 0.0, "adresse_nom_voie": "RUE DES CHAMPS DURAND", "price_per_sqm": null, "date_iso": "2025-03-27", "parcelle": "77135000AE0201", "addr_num": "8"}}, {"type": "Feature", "geometry": {"type": "Point", "coordinates": [2.941535, 48.654202]}, "properties": {"year": 2025, "valeur_fonciere": 279000.0, "type_local": "Maison", "surface_reelle_bati": 110.0, "nombre_pieces_principales": 4.0, "adresse_nom_voie": "RUE DES CHAMPS DURAND", "price_per_sqm": 2536.3636363636365, "date_iso": "2025-03-27", "parcelle": "77135000AE0201", "addr_num": "8"}}, {"type": "Feature", "geometry": {"type": "Point", "coordinates": [2.941535, 48.654202]}, "properties": {"year": 2025, "valeur_fonciere": 279000.0, "type_local": "Dépendance", "surface_reelle_bati": null, "nombre_pieces_principales": 0.0, "adresse_nom_voie": "RUE DES CHAMPS DURAND", "price_per_sqm": null, "date_iso": "2025-03-27", "parcelle": "77135000AE0201", "addr_num": "8"}}, {"type": "Feature", "geometry": {"type": "Point", "coordinates": [2.941535, 48.654202]}, "properties": {"year": 2025, "valeur_fonciere": 279000.0, "type_local": "Maison", "surface_reelle_bati": 110.0, "nombre_pieces_principales": 4.0, "adresse_nom_voie": "RUE DES CHAMPS DURAND", "price_per_sqm": 2536.3636363636365, "date_iso": "2025-03-27", "parcelle": "77135000AE0201", "addr_num": "8"}}, {"type": "Feature", "geometry": {"type": "Point", "coordinates": [2.958977, 48.647583]}, "properties": {"year": 2025, "valeur_fonciere": 185000.0, "type_local": "Dépendance", "surface_reelle_bati": null, "nombre_pieces_principales": 0.0, "adresse_nom_voie": "RUE DU PRESSOIR", "price_per_sqm": null, "date_iso": "2025-03-31", "parcelle": "77135000AB0132", "addr_num": "7"}}, {"type": "Feature", "geometry": {"type": "Point", "coordinates": [2.958977, 48.647583]}, "properties": {"year": 2025, "valeur_fonciere": 185000.0, "type_local": "Dépendance", "surface_reelle_bati": null, "nombre_pieces_principales": 0.0, "adresse_nom_voie": "RUE DU PRESSOIR", "price_per_sqm": null, "date_iso": "2025-03-31", "parcelle": "77135000AB0132", "addr_num": "7"}}, {"type": "Feature", "geometry": {"type": "Point", "coordinates": [2.958977, 48.647583]}, "properties": {"year": 2025, "valeur_fonciere": 185000.0, "type_local": "Maison", "surface_reelle_bati": 83.0, "nombre_pieces_principales": 4.0, "adresse_nom_voie": "RUE DU PRESSOIR", "price_per_sqm": 2228.9156626506024, "date_iso": "2025-03-31", "parcelle": "77135000AB0132", "addr_num": "7"}}, {"type": "Feature", "geometry": {"type": "Point", "coordinates": [2.955858, 48.65046]}, "properties": {"year": 2025, "valeur_fonciere": 282000.0, "type_local": "Maison", "surface_reelle_bati": 73.0, "nombre_pieces_principales": 4.0, "adresse_nom_voie": "RUE LAFAYETTE", "price_per_sqm": 3863.013698630137, "date_iso": "2025-04-15", "parcelle": "77135000AA0004", "addr_num": "29"}}, {"type": "Feature", "geometry": {"type": "Point", "coordinates": [2.955858, 48.65046]}, "properties": {"year": 2025, "valeur_fonciere": 282000.0, "type_local": "Maison", "surface_reelle_bati": 73.0, "nombre_pieces_principales": 4.0, "adresse_nom_voie": "RUE LAFAYETTE", "price_per_sqm": 3863.013698630137, "date_iso": "2025-04-15", "parcelle": "77135000AA0004", "addr_num": "29"}}, {"type": "Feature", "geometry": {"type": "Point", "coordinates": [2.962227, 48.65123]}, "properties": {"year": 2025, "valeur_fonciere": 110000.0, "type_local": null, "surface_reelle_bati": null, "nombre_pieces_principales": null, "adresse_nom_voie": "RUE DE CHAMPRENARD", "price_per_sqm": null, "date_iso": "2025-04-29", "parcelle": "77135000AA0315", "addr_num": ""}}, {"type": "Feature", "geometry": {"type": "Point", "coordinates": [2.96266, 48.651163]}, "properties": {"year": 2025, "valeur_fonciere": 110000.0, "type_local": null, "surface_reelle_bati": null, "nombre_pieces_principales": null, "adresse_nom_voie": "RUE DE CHAMPRENARD", "price_per_sqm": null, "date_iso": "2025-04-29", "parcelle": "77135000AA0321", "addr_num": ""}}, {"type": "Feature", "geometry": {"type": "Point", "coordinates": [2.958068, 48.64864]}, "properties": {"year": 2025, "valeur_fonciere": 115000.0, "type_local": "Dépendance", "surface_reelle_bati": null, "nombre_pieces_principales": 0.0, "adresse_nom_voie": "RUE LAFAYETTE", "price_per_sqm": null, "date_iso": "2025-05-06", "parcelle": "77135000AA0080", "addr_num": "16"}}, {"type": "Feature", "geometry": {"type": "Point", "coordinates": [2.958068, 48.64864]}, "properties": {"year": 2025, "valeur_fonciere": 115000.0, "type_local": "Dépendance", "surface_reelle_bati": null, "nombre_pieces_principales": 0.0, "adresse_nom_voie": "RUE LAFAYETTE", "price_per_sqm": null, "date_iso": "2025-05-06", "parcelle": "77135000AA0080", "addr_num": "16"}}, {"type": "Feature", "geometry": {"type": "Point", "coordinates": [2.943356, 48.653283]}, "properties": {"year": 2025, "valeur_fonciere": 265000.0, "type_local": null, "surface_reelle_bati": null, "nombre_pieces_principales": null, "adresse_nom_voie": "RUE DES PETITS CLOZEAUX", "price_per_sqm": null, "date_iso": "2025-05-19", "parcelle": "77135000AE0105", "addr_num": ""}}, {"type": "Feature", "geometry": {"type": "Point", "coordinates": [2.943416, 48.653157]}, "properties": {"year": 2025, "valeur_fonciere": 265000.0, "type_local": "Dépendance", "surface_reelle_bati": null, "nombre_pieces_principales": 0.0, "adresse_nom_voie": "RUE DES PETITS CLOZEAUX", "price_per_sqm": null, "date_iso": "2025-05-19", "parcelle": "77135000AE0109", "addr_num": "21"}}, {"type": "Feature", "geometry": {"type": "Point", "coordinates": [2.943416, 48.653157]}, "properties": {"year": 2025, "valeur_fonciere": 265000.0, "type_local": "Maison", "surface_reelle_bati": 108.0, "nombre_pieces_principales": 4.0, "adresse_nom_voie": "RUE DES PETITS CLOZEAUX", "price_per_sqm": 2453.703703703704, "date_iso": "2025-05-19", "parcelle": "77135000AE0109", "addr_num": "21"}}, {"type": "Feature", "geometry": {"type": "Point", "coordinates": [2.959634, 48.647289]}, "properties": {"year": 2025, "valeur_fonciere": 170000.0, "type_local": null, "surface_reelle_bati": null, "nombre_pieces_principales": null, "adresse_nom_voie": "RLE DU PUITS MOREAU", "price_per_sqm": null, "date_iso": "2025-06-06", "parcelle": "77135000AB0065", "addr_num": ""}}, {"type": "Feature", "geometry": {"type": "Point", "coordinates": [2.959668, 48.647182]}, "properties": {"year": 2025, "valeur_fonciere": 170000.0, "type_local": "Dépendance", "surface_reelle_bati": null, "nombre_pieces_principales": 0.0, "adresse_nom_voie": "RUE DE L YVRON", "price_per_sqm": null, "date_iso": "2025-06-06", "parcelle": "77135000AB0068", "addr_num": "10"}}, {"type": "Feature", "geometry": {"type": "Point", "coordinates": [2.959668, 48.647182]}, "properties": {"year": 2025, "valeur_fonciere": 170000.0, "type_local": "Maison", "surface_reelle_bati": 82.0, "nombre_pieces_principales": 4.0, "adresse_nom_voie": "RUE DE L YVRON", "price_per_sqm": 2073.170731707317, "date_iso": "2025-06-06", "parcelle": "77135000AB0068", "addr_num": "10"}}, {"type": "Feature", "geometry": {"type": "Point", "coordinates": [2.959618, 48.647153]}, "properties": {"year": 2025, "valeur_fonciere": 170000.0, "type_local": "Dépendance", "surface_reelle_bati": null, "nombre_pieces_principales": 0.0, "adresse_nom_voie": "RUE DE L YVRON", "price_per_sqm": null, "date_iso": "2025-06-06", "parcelle": "77135000AB0069", "addr_num": "8"}}, {"type": "Feature", "geometry": {"type": "Point", "coordinates": [2.959618, 48.647153]}, "properties": {"year": 2025, "valeur_fonciere": 170000.0, "type_local": "Maison", "surface_reelle_bati": 76.0, "nombre_pieces_principales": 3.0, "adresse_nom_voie": "RUE DE L YVRON", "price_per_sqm": 2236.842105263158, "date_iso": "2025-06-06", "parcelle": "77135000AB0069", "addr_num": "8"}}, {"type": "Feature", "geometry": {"type": "Point", "coordinates": [2.956419, 48.650078]}, "properties": {"year": 2025, "valeur_fonciere": 270000.0, "type_local": "Maison", "surface_reelle_bati": 117.0, "nombre_pieces_principales": 7.0, "adresse_nom_voie": "RUE LAFAYETTE", "price_per_sqm": 2307.6923076923076, "date_iso": "2025-06-13", "parcelle": "77135000AA0225", "addr_num": "21"}}, {"type": "Feature", "geometry": {"type": "Point", "coordinates": [2.969393, 48.635449]}, "properties": {"year": 2025, "valeur_fonciere": 343350.0, "type_local": "Maison", "surface_reelle_bati": 163.0, "nombre_pieces_principales": 8.0, "adresse_nom_voie": "RUE DES SABLONS", "price_per_sqm": 2106.441717791411, "date_iso": "2025-07-25", "parcelle": "77135000AD0003", "addr_num": "1"}}, {"type": "Feature", "geometry": {"type": "Point", "coordinates": [2.969393, 48.635449]}, "properties": {"year": 2025, "valeur_fonciere": 343350.0, "type_local": "Maison", "surface_reelle_bati": 163.0, "nombre_pieces_principales": 8.0, "adresse_nom_voie": "RUE DES SABLONS", "price_per_sqm": 2106.441717791411, "date_iso": "2025-07-25", "parcelle": "77135000AD0003", "addr_num": "1"}}, {"type": "Feature", "geometry": {"type": "Point", "coordinates": [2.961301, 48.650484]}, "properties": {"year": 2025, "valeur_fonciere": 260500.0, "type_local": "Maison", "surface_reelle_bati": 82.0, "nombre_pieces_principales": 3.0, "adresse_nom_voie": "RUE DE CHAMPRENARD", "price_per_sqm": 3176.829268292683, "date_iso": "2025-07-15", "parcelle": "77135000AA0217", "addr_num": "13"}}, {"type": "Feature", "geometry": {"type": "Point", "coordinates": [2.961079, 48.650317]}, "properties": {"year": 2025, "valeur_fonciere": 260500.0, "type_local": null, "surface_reelle_bati": null, "nombre_pieces_principales": null, "adresse_nom_voie": "RUE DE CHAMPRENARD", "price_per_sqm": null, "date_iso": "2025-07-15", "parcelle": "77135000AA0312", "addr_num": ""}}, {"type": "Feature", "geometry": {"type": "Point", "coordinates": [2.961079, 48.650317]}, "properties": {"year": 2025, "valeur_fonciere": 2000.0, "type_local": null, "surface_reelle_bati": null, "nombre_pieces_principales": null, "adresse_nom_voie": "RUE DE CHAMPRENARD", "price_per_sqm": null, "date_iso": "2025-07-10", "parcelle": "77135000AA0312", "addr_num": ""}}, {"type": "Feature", "geometry": {"type": "Point", "coordinates": [2.954732, 48.647724]}, "properties": {"year": 2025, "valeur_fonciere": 130000.0, "type_local": null, "surface_reelle_bati": null, "nombre_pieces_principales": null, "adresse_nom_voie": "RUE DU CHATEAU D EAU", "price_per_sqm": null, "date_iso": "2025-07-29", "parcelle": "77135000AA0326", "addr_num": ""}}, {"type": "Feature", "geometry": {"type": "Point", "coordinates": [2.954755, 48.647767]}, "properties": {"year": 2025, "valeur_fonciere": 130000.0, "type_local": "Maison", "surface_reelle_bati": 84.0, "nombre_pieces_principales": 4.0, "adresse_nom_voie": "RUE DU CHATEAU D EAU", "price_per_sqm": 1547.6190476190477, "date_iso": "2025-07-29", "parcelle": "77135000AA0327", "addr_num": "11"}}, {"type": "Feature", "geometry": {"type": "Point", "coordinates": [2.954755, 48.647767]}, "properties": {"year": 2025, "valeur_fonciere": 130000.0, "type_local": "Dépendance", "surface_reelle_bati": null, "nombre_pieces_principales": 0.0, "adresse_nom_voie": "RUE DU CHATEAU D EAU", "price_per_sqm": null, "date_iso": "2025-07-29", "parcelle": "77135000AA0327", "addr_num": "11"}}, {"type": "Feature", "geometry": {"type": "Point", "coordinates": [2.954755, 48.647767]}, "properties": {"year": 2025, "valeur_fonciere": 130000.0, "type_local": "Dépendance", "surface_reelle_bati": null, "nombre_pieces_principales": 0.0, "adresse_nom_voie": "RUE DU CHATEAU D EAU", "price_per_sqm": null, "date_iso": "2025-07-29", "parcelle": "77135000AA0327", "addr_num": "11"}}, {"type": "Feature", "geometry": {"type": "Point", "coordinates": [2.954732, 48.647724]}, "properties": {"year": 2025, "valeur_fonciere": 1.0, "type_local": null, "surface_reelle_bati": null, "nombre_pieces_principales": null, "adresse_nom_voie": "RUE DU CHATEAU D EAU", "price_per_sqm": null, "date_iso": "2025-07-29", "parcelle": "77135000AA0326", "addr_num": ""}}, {"type": "Feature", "geometry": {"type": "Point", "coordinates": [2.957667, 48.651856]}, "properties": {"year": 2025, "valeur_fonciere": 296000.0, "type_local": "Dépendance", "surface_reelle_bati": null, "nombre_pieces_principales": 0.0, "adresse_nom_voie": "ALL DES TROIS CHENES", "price_per_sqm": null, "date_iso": "2025-08-11", "parcelle": "77135000AA0119", "addr_num": "20"}}, {"type": "Feature", "geometry": {"type": "Point", "coordinates": [2.957667, 48.651856]}, "properties": {"year": 2025, "valeur_fonciere": 296000.0, "type_local": "Maison", "surface_reelle_bati": 142.0, "nombre_pieces_principales": 5.0, "adresse_nom_voie": "ALL DES TROIS CHENES", "price_per_sqm": 2084.507042253521, "date_iso": "2025-08-11", "parcelle": "77135000AA0119", "addr_num": "20"}}, {"type": "Feature", "geometry": {"type": "Point", "coordinates": [2.961807, 48.648028]}, "properties": {"year": 2025, "valeur_fonciere": 255000.0, "type_local": null, "surface_reelle_bati": null, "nombre_pieces_principales": null, "adresse_nom_voie": "RUE DE CHAMPRENARD", "price_per_sqm": null, "date_iso": "2025-07-24", "parcelle": "77135000AB0030", "addr_num": ""}}, {"type": "Feature", "geometry": {"type": "Point", "coordinates": [2.961403, 48.648104]}, "properties": {"year": 2025, "valeur_fonciere": 255000.0, "type_local": "Maison", "surface_reelle_bati": 104.0, "nombre_pieces_principales": 5.0, "adresse_nom_voie": "RUE DE CHANGEARD", "price_per_sqm": 2451.923076923077, "date_iso": "2025-07-24", "parcelle": "77135000AB0032", "addr_num": "2"}}, {"type": "Feature", "geometry": {"type": "Point", "coordinates": [2.961053, 48.648126]}, "properties": {"year": 2025, "valeur_fonciere": 255000.0, "type_local": null, "surface_reelle_bati": null, "nombre_pieces_principales": null, "adresse_nom_voie": "RUE DE CHANGEARD", "price_per_sqm": null, "date_iso": "2025-07-24", "parcelle": "77135000AB0034", "addr_num": "2"}}, {"type": "Feature", "geometry": {"type": "Point", "coordinates": [2.954717, 48.64791]}, "properties": {"year": 2025, "valeur_fonciere": 220000.0, "type_local": "Dépendance", "surface_reelle_bati": null, "nombre_pieces_principales": 0.0, "adresse_nom_voie": "RUE DU CHATEAU D EAU", "price_per_sqm": null, "date_iso": "2025-08-18", "parcelle": "77135000AA0044", "addr_num": "13"}}, {"type": "Feature", "geometry": {"type": "Point", "coordinates": [2.954717, 48.64791]}, "properties": {"year": 2025, "valeur_fonciere": 220000.0, "type_local": "Maison", "surface_reelle_bati": 80.0, "nombre_pieces_principales": 3.0, "adresse_nom_voie": "RUE DU CHATEAU D EAU", "price_per_sqm": 2750.0, "date_iso": "2025-08-18", "parcelle": "77135000AA0044", "addr_num": "13"}}, {"type": "Feature", "geometry": {"type": "Point", "coordinates": [2.954717, 48.64791]}, "properties": {"year": 2025, "valeur_fonciere": 220000.0, "type_local": "Dépendance", "surface_reelle_bati": null, "nombre_pieces_principales": 0.0, "adresse_nom_voie": "RUE DU CHATEAU D EAU", "price_per_sqm": null, "date_iso": "2025-08-18", "parcelle": "77135000AA0044", "addr_num": "13"}}, {"type": "Feature", "geometry": {"type": "Point", "coordinates": [2.954717, 48.64791]}, "properties": {"year": 2025, "valeur_fonciere": 220000.0, "type_local": "Dépendance", "surface_reelle_bati": null, "nombre_pieces_principales": 0.0, "adresse_nom_voie": "RUE DU CHATEAU D EAU", "price_per_sqm": null, "date_iso": "2025-08-18", "parcelle": "77135000AA0044", "addr_num": "13"}}, {"type": "Feature", "geometry": {"type": "Point", "coordinates": [2.957992, 48.65058]}, "properties": {"year": 2025, "valeur_fonciere": 299840.0, "type_local": "Dépendance", "surface_reelle_bati": null, "nombre_pieces_principales": 0.0, "adresse_nom_voie": "ALL DES JONQUILLES", "price_per_sqm": null, "date_iso": "2025-08-26", "parcelle": "77135000AA0137", "addr_num": "5"}}, {"type": "Feature", "geometry": {"type": "Point", "coordinates": [2.957992, 48.65058]}, "properties": {"year": 2025, "valeur_fonciere": 299840.0, "type_local": "Maison", "surface_reelle_bati": 129.0, "nombre_pieces_principales": 5.0, "adresse_nom_voie": "ALL DES JONQUILLES", "price_per_sqm": 2324.3410852713178, "date_iso": "2025-08-26", "parcelle": "77135000AA0137", "addr_num": "5"}}, {"type": "Feature", "geometry": {"type": "Point", "coordinates": [2.972375, 48.63352]}, "properties": {"year": 2025, "valeur_fonciere": 225000.0, "type_local": "Dépendance", "surface_reelle_bati": null, "nombre_pieces_principales": 0.0, "adresse_nom_voie": "RUE DES SABLONS", "price_per_sqm": null, "date_iso": "2025-08-29", "parcelle": "77135000AD0070", "addr_num": "34"}}, {"type": "Feature", "geometry": {"type": "Point", "coordinates": [2.972375, 48.63352]}, "properties": {"year": 2025, "valeur_fonciere": 225000.0, "type_local": "Dépendance", "surface_reelle_bati": null, "nombre_pieces_principales": 0.0, "adresse_nom_voie": "RUE DES SABLONS", "price_per_sqm": null, "date_iso": "2025-08-29", "parcelle": "77135000AD0070", "addr_num": "34"}}, {"type": "Feature", "geometry": {"type": "Point", "coordinates": [2.972375, 48.63352]}, "properties": {"year": 2025, "valeur_fonciere": 225000.0, "type_local": "Dépendance", "surface_reelle_bati": null, "nombre_pieces_principales": 0.0, "adresse_nom_voie": "RUE DES SABLONS", "price_per_sqm": null, "date_iso": "2025-08-29", "parcelle": "77135000AD0070", "addr_num": "34"}}, {"type": "Feature", "geometry": {"type": "Point", "coordinates": [2.972375, 48.63352]}, "properties": {"year": 2025, "valeur_fonciere": 225000.0, "type_local": "Maison", "surface_reelle_bati": 102.0, "nombre_pieces_principales": 5.0, "adresse_nom_voie": "RUE DES SABLONS", "price_per_sqm": 2205.8823529411766, "date_iso": "2025-08-29", "parcelle": "77135000AD0070", "addr_num": "34"}}, {"type": "Feature", "geometry": {"type": "Point", "coordinates": [2.972375, 48.63352]}, "properties": {"year": 2025, "valeur_fonciere": 225000.0, "type_local": "Dépendance", "surface_reelle_bati": null, "nombre_pieces_principales": 0.0, "adresse_nom_voie": "RUE DES SABLONS", "price_per_sqm": null, "date_iso": "2025-08-29", "parcelle": "77135000AD0070", "addr_num": "34"}}, {"type": "Feature", "geometry": {"type": "Point", "coordinates": [2.972375, 48.63352]}, "properties": {"year": 2025, "valeur_fonciere": 225000.0, "type_local": "Dépendance", "surface_reelle_bati": null, "nombre_pieces_principales": 0.0, "adresse_nom_voie": "RUE DES SABLONS", "price_per_sqm": null, "date_iso": "2025-08-29", "parcelle": "77135000AD0070", "addr_num": "34"}}, {"type": "Feature", "geometry": {"type": "Point", "coordinates": [2.972375, 48.63352]}, "properties": {"year": 2025, "valeur_fonciere": 225000.0, "type_local": "Dépendance", "surface_reelle_bati": null, "nombre_pieces_principales": 0.0, "adresse_nom_voie": "RUE DES SABLONS", "price_per_sqm": null, "date_iso": "2025-08-29", "parcelle": "77135000AD0070", "addr_num": "34"}}, {"type": "Feature", "geometry": {"type": "Point", "coordinates": [2.972375, 48.63352]}, "properties": {"year": 2025, "valeur_fonciere": 225000.0, "type_local": "Maison", "surface_reelle_bati": 102.0, "nombre_pieces_principales": 5.0, "adresse_nom_voie": "RUE DES SABLONS", "price_per_sqm": 2205.8823529411766, "date_iso": "2025-08-29", "parcelle": "77135000AD0070", "addr_num": "34"}}, {"type": "Feature", "geometry": {"type": "Point", "coordinates": [2.958053, 48.651799]}, "properties": {"year": 2025, "valeur_fonciere": 269000.0, "type_local": "Maison", "surface_reelle_bati": 103.0, "nombre_pieces_principales": 4.0, "adresse_nom_voie": "ALL DES TROIS CHENES", "price_per_sqm": 2611.650485436893, "date_iso": "2025-08-29", "parcelle": "77135000AA0121", "addr_num": "16"}}, {"type": "Feature", "geometry": {"type": "Point", "coordinates": [2.957408, 48.652385]}, "properties": {"year": 2025, "valeur_fonciere": 3350.0, "type_local": null, "surface_reelle_bati": null, "nombre_pieces_principales": null, "adresse_nom_voie": "ALL DES TROIS CHENES", "price_per_sqm": null, "date_iso": "2025-09-08", "parcelle": "77135000AA0201", "addr_num": ""}}, {"type": "Feature", "geometry": {"type": "Point", "coordinates": [2.956894, 48.652233]}, "properties": {"year": 2025, "valeur_fonciere": 3800.0, "type_local": null, "surface_reelle_bati": null, "nombre_pieces_principales": null, "adresse_nom_voie": "ALL DES TROIS CHENES", "price_per_sqm": null, "date_iso": "2025-09-08", "parcelle": "77135000AA0199", "addr_num": ""}}, {"type": "Feature", "geometry": {"type": "Point", "coordinates": [2.957651, 48.652457]}, "properties": {"year": 2025, "valeur_fonciere": 3250.0, "type_local": null, "surface_reelle_bati": null, "nombre_pieces_principales": null, "adresse_nom_voie": "ALL DES TROIS CHENES", "price_per_sqm": null, "date_iso": "2025-09-08", "parcelle": "77135000AA0202", "addr_num": ""}}, {"type": "Feature", "geometry": {"type": "Point", "coordinates": [2.957158, 48.652311]}, "properties": {"year": 2025, "valeur_fonciere": 3425.0, "type_local": null, "surface_reelle_bati": null, "nombre_pieces_principales": null, "adresse_nom_voie": "ALL DES TROIS CHENES", "price_per_sqm": null, "date_iso": "2025-09-08", "parcelle": "77135000AA0200", "addr_num": ""}}, {"type": "Feature", "geometry": {"type": "Point", "coordinates": [2.961756, 48.650757]}, "properties": {"year": 2025, "valeur_fonciere": 248000.0, "type_local": "Maison", "surface_reelle_bati": 155.0, "nombre_pieces_principales": 6.0, "adresse_nom_voie": "RUE DE CHAMPRENARD", "price_per_sqm": 1600.0, "date_iso": "2025-09-24", "parcelle": "77135000AA0173", "addr_num": "17"}}, {"type": "Feature", "geometry": {"type": "Point", "coordinates": [2.961827, 48.650744]}, "properties": {"year": 2025, "valeur_fonciere": 248000.0, "type_local": null, "surface_reelle_bati": null, "nombre_pieces_principales": null, "adresse_nom_voie": "RUE DE CHAMPRENARD", "price_per_sqm": null, "date_iso": "2025-09-24", "parcelle": "77135000AA0174", "addr_num": "17"}}, {"type": "Feature", "geometry": {"type": "Point", "coordinates": [2.961674, 48.650705]}, "properties": {"year": 2025, "valeur_fonciere": 248000.0, "type_local": null, "surface_reelle_bati": null, "nombre_pieces_principales": null, "adresse_nom_voie": "RUE DE CHAMPRENARD", "price_per_sqm": null, "date_iso": "2025-09-24", "parcelle": "77135000AA0298", "addr_num": ""}}, {"type": "Feature", "geometry": {"type": "Point", "coordinates": [2.972287, 48.650351]}, "properties": {"year": 2025, "valeur_fonciere": 50000.0, "type_local": null, "surface_reelle_bati": null, "nombre_pieces_principales": null, "adresse_nom_voie": "BOIS CHANGEAR", "price_per_sqm": null, "date_iso": "2025-08-06", "parcelle": "771350000C0488", "addr_num": ""}}, {"type": "Feature", "geometry": {"type": "Point", "coordinates": [2.972287, 48.650351]}, "properties": {"year": 2025, "valeur_fonciere": 50000.0, "type_local": null, "surface_reelle_bati": null, "nombre_pieces_principales": null, "adresse_nom_voie": "BOIS CHANGEAR", "price_per_sqm": null, "date_iso": "2025-08-06", "parcelle": "771350000C0488", "addr_num": ""}}, {"type": "Feature", "geometry": {"type": "Point", "coordinates": [2.969639, 48.650061]}, "properties": {"year": 2025, "valeur_fonciere": 50000.0, "type_local": null, "surface_reelle_bati": null, "nombre_pieces_principales": null, "adresse_nom_voie": "BOIS CHANGEAR", "price_per_sqm": null, "date_iso": "2025-08-06", "parcelle": "771350000C0489", "addr_num": ""}}, {"type": "Feature", "geometry": {"type": "Point", "coordinates": [2.969639, 48.650061]}, "properties": {"year": 2025, "valeur_fonciere": 50000.0, "type_local": null, "surface_reelle_bati": null, "nombre_pieces_principales": null, "adresse_nom_voie": "BOIS CHANGEAR", "price_per_sqm": null, "date_iso": "2025-08-06", "parcelle": "771350000C0489", "addr_num": ""}}, {"type": "Feature", "geometry": {"type": "Point", "coordinates": [2.97058, 48.649255]}, "properties": {"year": 2025, "valeur_fonciere": 50000.0, "type_local": null, "surface_reelle_bati": null, "nombre_pieces_principales": null, "adresse_nom_voie": "BOIS CHANGEAR", "price_per_sqm": null, "date_iso": "2025-08-06", "parcelle": "771350000C0490", "addr_num": ""}}, {"type": "Feature", "geometry": {"type": "Point", "coordinates": [2.97058, 48.649255]}, "properties": {"year": 2025, "valeur_fonciere": 50000.0, "type_local": null, "surface_reelle_bati": null, "nombre_pieces_principales": null, "adresse_nom_voie": "BOIS CHANGEAR", "price_per_sqm": null, "date_iso": "2025-08-06", "parcelle": "771350000C0490", "addr_num": ""}}, {"type": "Feature", "geometry": {"type": "Point", "coordinates": [2.971073, 48.648834]}, "properties": {"year": 2025, "valeur_fonciere": 50000.0, "type_local": null, "surface_reelle_bati": null, "nombre_pieces_principales": null, "adresse_nom_voie": "BOIS CHANGEAR", "price_per_sqm": null, "date_iso": "2025-08-06", "parcelle": "771350000C0491", "addr_num": ""}}, {"type": "Feature", "geometry": {"type": "Point", "coordinates": [2.971073, 48.648834]}, "properties": {"year": 2025, "valeur_fonciere": 50000.0, "type_local": null, "surface_reelle_bati": null, "nombre_pieces_principales": null, "adresse_nom_voie": "BOIS CHANGEAR", "price_per_sqm": null, "date_iso": "2025-08-06", "parcelle": "771350000C0491", "addr_num": ""}}, {"type": "Feature", "geometry": {"type": "Point", "coordinates": [2.93989, 48.642248]}, "properties": {"year": 2025, "valeur_fonciere": 50000.0, "type_local": null, "surface_reelle_bati": null, "nombre_pieces_principales": null, "adresse_nom_voie": "LE CORMIER", "price_per_sqm": null, "date_iso": "2025-08-06", "parcelle": "771350000V0022", "addr_num": ""}}, {"type": "Feature", "geometry": {"type": "Point", "coordinates": [2.940256, 48.64231]}, "properties": {"year": 2025, "valeur_fonciere": 50000.0, "type_local": null, "surface_reelle_bati": null, "nombre_pieces_principales": null, "adresse_nom_voie": "LE CORMIER", "price_per_sqm": null, "date_iso": "2025-08-06", "parcelle": "771350000V0023", "addr_num": ""}}, {"type": "Feature", "geometry": {"type": "Point", "coordinates": [2.956069, 48.646304]}, "properties": {"year": 2025, "valeur_fonciere": 366000.0, "type_local": "Maison", "surface_reelle_bati": 111.0, "nombre_pieces_principales": 4.0, "adresse_nom_voie": "RUE DES TILLEULS", "price_per_sqm": 3297.2972972972975, "date_iso": "2025-09-15", "parcelle": "77135000AC0018", "addr_num": "15"}}, {"type": "Feature", "geometry": {"type": "Point", "coordinates": [2.958125, 48.64854]}, "properties": {"year": 2025, "valeur_fonciere": 150000.0, "type_local": "Maison", "surface_reelle_bati": 72.0, "nombre_pieces_principales": 1.0, "adresse_nom_voie": "RUE LAFAYETTE", "price_per_sqm": 2083.3333333333335, "date_iso": "2025-11-12", "parcelle": "77135000AA0081", "addr_num": "14"}}, {"type": "Feature", "geometry": {"type": "Point", "coordinates": [2.959661, 48.651728]}, "properties": {"year": 2025, "valeur_fonciere": 110000.0, "type_local": null, "surface_reelle_bati": null, "nombre_pieces_principales": null, "adresse_nom_voie": "RUE CLOS DE L ORMOY", "price_per_sqm": null, "date_iso": "2025-10-30", "parcelle": "77135000AA0309", "addr_num": "16"}}, {"type": "Feature", "geometry": {"type": "Point", "coordinates": [2.959534, 48.651914]}, "properties": {"year": 2025, "valeur_fonciere": 110000.0, "type_local": null, "surface_reelle_bati": null, "nombre_pieces_principales": null, "adresse_nom_voie": "RUE CLOS DE L ORMOY", "price_per_sqm": null, "date_iso": "2025-10-30", "parcelle": "77135000AA0330", "addr_num": ""}}, {"type": "Feature", "geometry": {"type": "Point", "coordinates": [2.961636, 48.647134]}, "properties": {"year": 2025, "valeur_fonciere": 205000.0, "type_local": "Maison", "surface_reelle_bati": 110.0, "nombre_pieces_principales": 4.0, "adresse_nom_voie": "RUE DE L YVRON", "price_per_sqm": 1863.6363636363637, "date_iso": "2025-12-12", "parcelle": "77135000AC0122", "addr_num": "37"}}]}