{"type": "FeatureCollection", "features": [{"type": "Feature", "geometry": {"type": "Point", "coordinates": [2.671055, 49.061627]}, "properties": {"year": 2021, "valeur_fonciere": 146000.0, "type_local": null, "surface_reelle_bati": null, "nombre_pieces_principales": null, "adresse_nom_voie": "AV LUCIE AUBRAC", "price_per_sqm": null, "date_iso": "2021-01-04", "parcelle": "771530000A1932", "addr_num": "15"}}, {"type": "Feature", "geometry": {"type": "Point", "coordinates": [2.67946, 49.063715]}, "properties": {"year": 2021, "valeur_fonciere": 297000.0, "type_local": "Maison", "surface_reelle_bati": 92.0, "nombre_pieces_principales": 4.0, "adresse_nom_voie": "RUE DU DOCTEUR CALMETTE", "price_per_sqm": 3228.2608695652175, "date_iso": "2021-01-08", "parcelle": "771530000A1000", "addr_num": "2"}}, {"type": "Feature", "geometry": {"type": "Point", "coordinates": [2.686394, 49.060406]}, "properties": {"year": 2021, "valeur_fonciere": 283000.0, "type_local": "Maison", "surface_reelle_bati": 105.0, "nombre_pieces_principales": 6.0, "adresse_nom_voie": "AV DU DRAP D OR", "price_per_sqm": 2695.2380952380954, "date_iso": "2021-01-08", "parcelle": "77153000AK0290", "addr_num": "10"}}, {"type": "Feature", "geometry": {"type": "Point", "coordinates": [2.685069, 49.053172]}, "properties": {"year": 2021, "valeur_fonciere": 2500.0, "type_local": "Dépendance", "surface_reelle_bati": null, "nombre_pieces_principales": 0.0, "adresse_nom_voie": "RLE DU BUAT", "price_per_sqm": null, "date_iso": "2021-01-08", "parcelle": "77153000AD0107", "addr_num": "2"}}, {"type": "Feature", "geometry": {"type": "Point", "coordinates": [2.687275, 49.059408]}, "properties": {"year": 2021, "valeur_fonciere": 270000.0, "type_local": "Maison", "surface_reelle_bati": 83.0, "nombre_pieces_principales": 5.0, "adresse_nom_voie": "RUE BELLE ANGEVINE", "price_per_sqm": 3253.012048192771, "date_iso": "2021-01-04", "parcelle": "77153000AK0219", "addr_num": "15"}}, {"type": "Feature", "geometry": {"type": "Point", "coordinates": [2.691993, 49.05348]}, "properties": {"year": 2021, "valeur_fonciere": 292000.0, "type_local": "Maison", "surface_reelle_bati": 96.0, "nombre_pieces_principales": 5.0, "adresse_nom_voie": "AV DU MARECHAL LECLERC", "price_per_sqm": 3041.6666666666665, "date_iso": "2021-01-08", "parcelle": "77153000AL0339", "addr_num": "53"}}, {"type": "Feature", "geometry": {"type": "Point", "coordinates": [2.670761, 49.063177]}, "properties": {"year": 2021, "valeur_fonciere": 140000.0, "type_local": null, "surface_reelle_bati": null, "nombre_pieces_principales": null, "adresse_nom_voie": "RUE JOSEPHINE BAKER", "price_per_sqm": null, "date_iso": "2021-01-12", "parcelle": "771530000A1858", "addr_num": "5"}}, {"type": "Feature", "geometry": {"type": "Point", "coordinates": [2.686897, 49.060857]}, "properties": {"year": 2021, "valeur_fonciere": 285000.0, "type_local": "Maison", "surface_reelle_bati": 107.0, "nombre_pieces_principales": 6.0, "adresse_nom_voie": "ALL MESSIRE JEAN", "price_per_sqm": 2663.551401869159, "date_iso": "2021-01-19", "parcelle": "77153000AK0071", "addr_num": "2"}}, {"type": "Feature", "geometry": {"type": "Point", "coordinates": [2.670646, 49.05445]}, "properties": {"year": 2021, "valeur_fonciere": 260000.0, "type_local": "Maison", "surface_reelle_bati": 188.0, "nombre_pieces_principales": 6.0, "adresse_nom_voie": "CR DIT DES CORBEAUX", "price_per_sqm": 1382.9787234042553, "date_iso": "2021-01-21", "parcelle": "771530000C0836", "addr_num": "16"}}, {"type": "Feature", "geometry": {"type": "Point", "coordinates": [2.670493, 49.054303]}, "properties": {"year": 2021, "valeur_fonciere": 260000.0, "type_local": null, "surface_reelle_bati": null, "nombre_pieces_principales": null, "adresse_nom_voie": "CR DIT DES CORBEAUX", "price_per_sqm": null, "date_iso": "2021-01-21", "parcelle": "771530000C0840", "addr_num": ""}}, {"type": "Feature", "geometry": {"type": "Point", "coordinates": [2.670493, 49.054303]}, "properties": {"year": 2021, "valeur_fonciere": 260000.0, "type_local": null, "surface_reelle_bati": null, "nombre_pieces_principales": null, "adresse_nom_voie": "CR DIT DES CORBEAUX", "price_per_sqm": null, "date_iso": "2021-01-21", "parcelle": "771530000C0840", "addr_num": ""}}, {"type": "Feature", "geometry": {"type": "Point", "coordinates": [2.6707, 49.054224]}, "properties": {"year": 2021, "valeur_fonciere": 260000.0, "type_local": null, "surface_reelle_bati": null, "nombre_pieces_principales": null, "adresse_nom_voie": "SAINT GUINFORT", "price_per_sqm": null, "date_iso": "2021-01-21", "parcelle": "771530000C0841", "addr_num": ""}}, {"type": "Feature", "geometry": {"type": "Point", "coordinates": [2.670827, 49.054271]}, "properties": {"year": 2021, "valeur_fonciere": 260000.0, "type_local": null, "surface_reelle_bati": null, "nombre_pieces_principales": null, "adresse_nom_voie": "SAINT GUINFORT", "price_per_sqm": null, "date_iso": "2021-01-21", "parcelle": "771530000C0842", "addr_num": ""}}, {"type": "Feature", "geometry": {"type": "Point", "coordinates": [2.678469, 49.065918]}, "properties": {"year": 2021, "valeur_fonciere": 277000.0, "type_local": "Maison", "surface_reelle_bati": 73.0, "nombre_pieces_principales": 4.0, "adresse_nom_voie": "RUE FRANCOISE SAGAN", "price_per_sqm": 3794.5205479452056, "date_iso": "2021-01-22", "parcelle": "771530000A1196", "addr_num": "38"}}, {"type": "Feature", "geometry": {"type": "Point", "coordinates": [2.6728, 49.062326]}, "properties": {"year": 2021, "valeur_fonciere": 147000.0, "type_local": null, "surface_reelle_bati": null, "nombre_pieces_principales": null, "adresse_nom_voie": "RUE SIMONE VEIL", "price_per_sqm": null, "date_iso": "2021-01-22", "parcelle": "771530000A1960", "addr_num": "19"}}, {"type": "Feature", "geometry": {"type": "Point", "coordinates": [2.669793, 49.057442]}, "properties": {"year": 2021, "valeur_fonciere": 6500.0, "type_local": "Dépendance", "surface_reelle_bati": null, "nombre_pieces_principales": 0.0, "adresse_nom_voie": "CHE DES JONCS", "price_per_sqm": null, "date_iso": "2021-01-25", "parcelle": "771530000A0914", "addr_num": "4"}}, {"type": "Feature", "geometry": {"type": "Point", "coordinates": [2.669793, 49.057442]}, "properties": {"year": 2021, "valeur_fonciere": 6500.0, "type_local": "Dépendance", "surface_reelle_bati": null, "nombre_pieces_principales": 0.0, "adresse_nom_voie": "CHE DES JONCS", "price_per_sqm": null, "date_iso": "2021-01-25", "parcelle": "771530000A0914", "addr_num": "4"}}, {"type": "Feature", "geometry": {"type": "Point", "coordinates": [2.686584, 49.054029]}, "properties": {"year": 2021, "valeur_fonciere": 285000.0, "type_local": "Maison", "surface_reelle_bati": 101.0, "nombre_pieces_principales": 6.0, "adresse_nom_voie": "AV DE LA TUILERIE", "price_per_sqm": 2821.7821782178216, "date_iso": "2021-01-27", "parcelle": "77153000AE0083", "addr_num": "10"}}, {"type": "Feature", "geometry": {"type": "Point", "coordinates": [2.686584, 49.054029]}, "properties": {"year": 2021, "valeur_fonciere": 285000.0, "type_local": "Maison", "surface_reelle_bati": 101.0, "nombre_pieces_principales": 6.0, "adresse_nom_voie": "AV DE LA TUILERIE", "price_per_sqm": 2821.7821782178216, "date_iso": "2021-01-27", "parcelle": "77153000AE0083", "addr_num": "10"}}, {"type": "Feature", "geometry": {"type": "Point", "coordinates": [2.693919, 49.058335]}, "properties": {"year": 2021, "valeur_fonciere": 380500.0, "type_local": "Maison", "surface_reelle_bati": 81.0, "nombre_pieces_principales": 4.0, "adresse_nom_voie": "RUE DES NOYERS", "price_per_sqm": 4697.530864197531, "date_iso": "2021-02-01", "parcelle": "77153000AM0012", "addr_num": "16"}}, {"type": "Feature", "geometry": {"type": "Point", "coordinates": [2.685371, 49.048135]}, "properties": {"year": 2021, "valeur_fonciere": 2000.0, "type_local": null, "surface_reelle_bati": null, "nombre_pieces_principales": null, "adresse_nom_voie": "LES JARDINS NEUFS", "price_per_sqm": null, "date_iso": "2021-01-22", "parcelle": "77153000ZH0013", "addr_num": ""}}, {"type": "Feature", "geometry": {"type": "Point", "coordinates": [2.683595, 49.053619]}, "properties": {"year": 2021, "valeur_fonciere": 150000.0, "type_local": "Dépendance", "surface_reelle_bati": null, "nombre_pieces_principales": 0.0, "adresse_nom_voie": "RUE DU GENERAL DE GAULLE", "price_per_sqm": null, "date_iso": "2021-01-29", "parcelle": "77153000AD0367", "addr_num": "162"}}, {"type": "Feature", "geometry": {"type": "Point", "coordinates": [2.683595, 49.053619]}, "properties": {"year": 2021, "valeur_fonciere": 150000.0, "type_local": "Appartement", "surface_reelle_bati": 42.0, "nombre_pieces_principales": 2.0, "adresse_nom_voie": "RUE DU GENERAL DE GAULLE", "price_per_sqm": 3571.4285714285716, "date_iso": "2021-01-29", "parcelle": "77153000AD0367", "addr_num": "162"}}, {"type": "Feature", "geometry": {"type": "Point", "coordinates": [2.690684, 49.057754]}, "properties": {"year": 2021, "valeur_fonciere": 335000.0, "type_local": "Maison", "surface_reelle_bati": 108.0, "nombre_pieces_principales": 6.0, "adresse_nom_voie": "ALL DES MIRABELLES", "price_per_sqm": 3101.8518518518517, "date_iso": "2021-02-04", "parcelle": "77153000AL0147", "addr_num": "13"}}, {"type": "Feature", "geometry": {"type": "Point", "coordinates": [2.681145, 49.053599]}, "properties": {"year": 2021, "valeur_fonciere": 142000.0, "type_local": "Appartement", "surface_reelle_bati": 32.0, "nombre_pieces_principales": 2.0, "adresse_nom_voie": "RUE VICTOR OFFROY", "price_per_sqm": 4437.5, "date_iso": "2021-02-04", "parcelle": "77153000AD0423", "addr_num": "5"}}, {"type": "Feature", "geometry": {"type": "Point", "coordinates": [2.681145, 49.053599]}, "properties": {"year": 2021, "valeur_fonciere": 142000.0, "type_local": "Dépendance", "surface_reelle_bati": null, "nombre_pieces_principales": 0.0, "adresse_nom_voie": "RUE VICTOR OFFROY", "price_per_sqm": null, "date_iso": "2021-02-04", "parcelle": "77153000AD0423", "addr_num": "5"}}, {"type": "Feature", "geometry": {"type": "Point", "coordinates": [2.681184, 49.053839]}, "properties": {"year": 2021, "valeur_fonciere": 120000.0, "type_local": "Dépendance", "surface_reelle_bati": null, "nombre_pieces_principales": 0.0, "adresse_nom_voie": "RUE DU GENERAL DE GAULLE", "price_per_sqm": null, "date_iso": "2021-02-02", "parcelle": "77153000AD0014", "addr_num": "134"}}, {"type": "Feature", "geometry": {"type": "Point", "coordinates": [2.681184, 49.053839]}, "properties": {"year": 2021, "valeur_fonciere": 120000.0, "type_local": "Appartement", "surface_reelle_bati": 40.0, "nombre_pieces_principales": 1.0, "adresse_nom_voie": "RUE DU GENERAL DE GAULLE", "price_per_sqm": 3000.0, "date_iso": "2021-02-02", "parcelle": "77153000AD0014", "addr_num": "134"}}, {"type": "Feature", "geometry": {"type": "Point", "coordinates": [2.68932, 49.062232]}, "properties": {"year": 2021, "valeur_fonciere": 324000.0, "type_local": "Maison", "surface_reelle_bati": 127.0, "nombre_pieces_principales": 5.0, "adresse_nom_voie": "RUE HENRI DUNANT", "price_per_sqm": 2551.181102362205, "date_iso": "2021-02-05", "parcelle": "77153000AN0154", "addr_num": "14"}}, {"type": "Feature", "geometry": {"type": "Point", "coordinates": [2.692695, 49.058209]}, "properties": {"year": 2021, "valeur_fonciere": 120000.0, "type_local": "Maison", "surface_reelle_bati": 92.0, "nombre_pieces_principales": 5.0, "adresse_nom_voie": "AV DU DRAP D OR", "price_per_sqm": 1304.3478260869565, "date_iso": "2021-02-15", "parcelle": "77153000AL0086", "addr_num": "94"}}, {"type": "Feature", "geometry": {"type": "Point", "coordinates": [2.682911, 49.050247]}, "properties": {"year": 2021, "valeur_fonciere": 471000.0, "type_local": "Maison", "surface_reelle_bati": 100.0, "nombre_pieces_principales": 7.0, "adresse_nom_voie": "LE CLOS RICHARD", "price_per_sqm": 4710.0, "date_iso": "2021-01-29", "parcelle": "771530000D0040", "addr_num": "9001"}}, {"type": "Feature", "geometry": {"type": "Point", "coordinates": [2.682911, 49.050247]}, "properties": {"year": 2021, "valeur_fonciere": 471000.0, "type_local": "Maison", "surface_reelle_bati": 100.0, "nombre_pieces_principales": 7.0, "adresse_nom_voie": "LE CLOS RICHARD", "price_per_sqm": 4710.0, "date_iso": "2021-01-29", "parcelle": "771530000D0040", "addr_num": "9001"}}, {"type": "Feature", "geometry": {"type": "Point", "coordinates": [2.693257, 49.057904]}, "properties": {"year": 2021, "valeur_fonciere": 270000.0, "type_local": "Maison", "surface_reelle_bati": 82.0, "nombre_pieces_principales": 5.0, "adresse_nom_voie": "AV DU DRAP D OR", "price_per_sqm": 3292.682926829268, "date_iso": "2021-01-27", "parcelle": "77153000AL0081", "addr_num": "104"}}, {"type": "Feature", "geometry": {"type": "Point", "coordinates": [2.67241, 49.062336]}, "properties": {"year": 2021, "valeur_fonciere": 147000.0, "type_local": null, "surface_reelle_bati": null, "nombre_pieces_principales": null, "adresse_nom_voie": "RUE SIMONE VEIL", "price_per_sqm": null, "date_iso": "2021-02-05", "parcelle": "771530000A1959", "addr_num": "17"}}, {"type": "Feature", "geometry": {"type": "Point", "coordinates": [2.684873, 49.051783]}, "properties": {"year": 2021, "valeur_fonciere": 288000.0, "type_local": "Maison", "surface_reelle_bati": 97.0, "nombre_pieces_principales": 4.0, "adresse_nom_voie": "RUE DU GUE DOUY", "price_per_sqm": 2969.0721649484535, "date_iso": "2021-02-15", "parcelle": "77153000AD0397", "addr_num": "40"}}, {"type": "Feature", "geometry": {"type": "Point", "coordinates": [2.684873, 49.051783]}, "properties": {"year": 2021, "valeur_fonciere": 288000.0, "type_local": "Maison", "surface_reelle_bati": 97.0, "nombre_pieces_principales": 4.0, "adresse_nom_voie": "RUE DU GUE DOUY", "price_per_sqm": 2969.0721649484535, "date_iso": "2021-02-15", "parcelle": "77153000AD0397", "addr_num": "40"}}, {"type": "Feature", "geometry": {"type": "Point", "coordinates": [2.682448, 49.053997]}, "properties": {"year": 2021, "valeur_fonciere": 55000.0, "type_local": "Appartement", "surface_reelle_bati": 28.0, "nombre_pieces_principales": 1.0, "adresse_nom_voie": "RUE DU GENERAL DE GAULLE", "price_per_sqm": 1964.2857142857142, "date_iso": "2021-02-19", "parcelle": "77153000AC0193", "addr_num": "153"}}, {"type": "Feature", "geometry": {"type": "Point", "coordinates": [2.677526, 49.055328]}, "properties": {"year": 2021, "valeur_fonciere": 121000.0, "type_local": "Appartement", "surface_reelle_bati": 31.0, "nombre_pieces_principales": 2.0, "adresse_nom_voie": "RUE SAINT JEAN", "price_per_sqm": 3903.2258064516127, "date_iso": "2021-02-19", "parcelle": "77153000AB0295", "addr_num": "11"}}, {"type": "Feature", "geometry": {"type": "Point", "coordinates": [2.677526, 49.055328]}, "properties": {"year": 2021, "valeur_fonciere": 121000.0, "type_local": "Dépendance", "surface_reelle_bati": null, "nombre_pieces_principales": 0.0, "adresse_nom_voie": "RUE SAINT JEAN", "price_per_sqm": null, "date_iso": "2021-02-19", "parcelle": "77153000AB0295", "addr_num": "11"}}, {"type": "Feature", "geometry": {"type": "Point", "coordinates": [2.678621, 49.055526]}, "properties": {"year": 2021, "valeur_fonciere": 139000.0, "type_local": "Appartement", "surface_reelle_bati": 44.0, "nombre_pieces_principales": 2.0, "adresse_nom_voie": "RUE GANNEVAL", "price_per_sqm": 3159.090909090909, "date_iso": "2021-02-04", "parcelle": "77153000AC0208", "addr_num": "30"}}, {"type": "Feature", "geometry": {"type": "Point", "coordinates": [2.677785, 49.054106]}, "properties": {"year": 2021, "valeur_fonciere": 130000.0, "type_local": "Appartement", "surface_reelle_bati": 40.0, "nombre_pieces_principales": 1.0, "adresse_nom_voie": "RUE SAINT JEAN", "price_per_sqm": 3250.0, "date_iso": "2021-02-11", "parcelle": "77153000AB0018", "addr_num": "1"}}, {"type": "Feature", "geometry": {"type": "Point", "coordinates": [2.677785, 49.054106]}, "properties": {"year": 2021, "valeur_fonciere": 130000.0, "type_local": "Local industriel. commercial ou assimilé", "surface_reelle_bati": 62.0, "nombre_pieces_principales": 0.0, "adresse_nom_voie": "RUE SAINT JEAN", "price_per_sqm": 2096.7741935483873, "date_iso": "2021-02-11", "parcelle": "77153000AB0018", "addr_num": "1"}}, {"type": "Feature", "geometry": {"type": "Point", "coordinates": [2.677785, 49.054106]}, "properties": {"year": 2021, "valeur_fonciere": 130000.0, "type_local": "Appartement", "surface_reelle_bati": 15.0, "nombre_pieces_principales": 0.0, "adresse_nom_voie": "RUE SAINT JEAN", "price_per_sqm": 8666.666666666666, "date_iso": "2021-02-11", "parcelle": "77153000AB0018", "addr_num": "1"}}, {"type": "Feature", "geometry": {"type": "Point", "coordinates": [2.677785, 49.054106]}, "properties": {"year": 2021, "valeur_fonciere": 130000.0, "type_local": "Appartement", "surface_reelle_bati": 26.0, "nombre_pieces_principales": 2.0, "adresse_nom_voie": "RUE SAINT JEAN", "price_per_sqm": 5000.0, "date_iso": "2021-02-11", "parcelle": "77153000AB0018", "addr_num": "1"}}, {"type": "Feature", "geometry": {"type": "Point", "coordinates": [2.677785, 49.054106]}, "properties": {"year": 2021, "valeur_fonciere": 130000.0, "type_local": "Appartement", "surface_reelle_bati": 40.0, "nombre_pieces_principales": 2.0, "adresse_nom_voie": "RUE SAINT JEAN", "price_per_sqm": 3250.0, "date_iso": "2021-02-11", "parcelle": "77153000AB0018", "addr_num": "1"}}, {"type": "Feature", "geometry": {"type": "Point", "coordinates": [2.677785, 49.054106]}, "properties": {"year": 2021, "valeur_fonciere": 165000.0, "type_local": "Local industriel. commercial ou assimilé", "surface_reelle_bati": 62.0, "nombre_pieces_principales": 0.0, "adresse_nom_voie": "RUE SAINT JEAN", "price_per_sqm": 2661.2903225806454, "date_iso": "2021-02-25", "parcelle": "77153000AB0018", "addr_num": "1"}}, {"type": "Feature", "geometry": {"type": "Point", "coordinates": [2.677785, 49.054106]}, "properties": {"year": 2021, "valeur_fonciere": 165000.0, "type_local": "Appartement", "surface_reelle_bati": 40.0, "nombre_pieces_principales": 1.0, "adresse_nom_voie": "RUE SAINT JEAN", "price_per_sqm": 4125.0, "date_iso": "2021-02-25", "parcelle": "77153000AB0018", "addr_num": "1"}}, {"type": "Feature", "geometry": {"type": "Point", "coordinates": [2.677785, 49.054106]}, "properties": {"year": 2021, "valeur_fonciere": 165000.0, "type_local": "Appartement", "surface_reelle_bati": 15.0, "nombre_pieces_principales": 0.0, "adresse_nom_voie": "RUE SAINT JEAN", "price_per_sqm": 11000.0, "date_iso": "2021-02-25", "parcelle": "77153000AB0018", "addr_num": "1"}}, {"type": "Feature", "geometry": {"type": "Point", "coordinates": [2.677785, 49.054106]}, "properties": {"year": 2021, "valeur_fonciere": 165000.0, "type_local": "Appartement", "surface_reelle_bati": 40.0, "nombre_pieces_principales": 2.0, "adresse_nom_voie": "RUE SAINT JEAN", "price_per_sqm": 4125.0, "date_iso": "2021-02-25", "parcelle": "77153000AB0018", "addr_num": "1"}}, {"type": "Feature", "geometry": {"type": "Point", "coordinates": [2.677785, 49.054106]}, "properties": {"year": 2021, "valeur_fonciere": 165000.0, "type_local": "Appartement", "surface_reelle_bati": 26.0, "nombre_pieces_principales": 2.0, "adresse_nom_voie": "RUE SAINT JEAN", "price_per_sqm": 6346.153846153846, "date_iso": "2021-02-25", "parcelle": "77153000AB0018", "addr_num": "1"}}, {"type": "Feature", "geometry": {"type": "Point", "coordinates": [2.692093, 49.061718]}, "properties": {"year": 2021, "valeur_fonciere": 229000.0, "type_local": "Dépendance", "surface_reelle_bati": null, "nombre_pieces_principales": 0.0, "adresse_nom_voie": "ALL DES MERISIERS", "price_per_sqm": null, "date_iso": "2021-02-25", "parcelle": "77153000AN0055", "addr_num": "4"}}, {"type": "Feature", "geometry": {"type": "Point", "coordinates": [2.692093, 49.061718]}, "properties": {"year": 2021, "valeur_fonciere": 229000.0, "type_local": null, "surface_reelle_bati": null, "nombre_pieces_principales": null, "adresse_nom_voie": "ALL DES MERISIERS", "price_per_sqm": null, "date_iso": "2021-02-25", "parcelle": "77153000AN0055", "addr_num": "4"}}, {"type": "Feature", "geometry": {"type": "Point", "coordinates": [2.692093, 49.061718]}, "properties": {"year": 2021, "valeur_fonciere": 229000.0, "type_local": "Appartement", "surface_reelle_bati": 40.0, "nombre_pieces_principales": 2.0, "adresse_nom_voie": "ALL DES MERISIERS", "price_per_sqm": 5725.0, "date_iso": "2021-02-25", "parcelle": "77153000AN0055", "addr_num": "4"}}, {"type": "Feature", "geometry": {"type": "Point", "coordinates": [2.692093, 49.061718]}, "properties": {"year": 2021, "valeur_fonciere": 229000.0, "type_local": null, "surface_reelle_bati": null, "nombre_pieces_principales": null, "adresse_nom_voie": "ALL DES MERISIERS", "price_per_sqm": null, "date_iso": "2021-02-25", "parcelle": "77153000AN0055", "addr_num": "4"}}, {"type": "Feature", "geometry": {"type": "Point", "coordinates": [2.692093, 49.061718]}, "properties": {"year": 2021, "valeur_fonciere": 229000.0, "type_local": "Dépendance", "surface_reelle_bati": null, "nombre_pieces_principales": 0.0, "adresse_nom_voie": "ALL DES MERISIERS", "price_per_sqm": null, "date_iso": "2021-02-25", "parcelle": "77153000AN0055", "addr_num": "4"}}, {"type": "Feature", "geometry": {"type": "Point", "coordinates": [2.681469, 49.054903]}, "properties": {"year": 2021, "valeur_fonciere": 212875.0, "type_local": "Maison", "surface_reelle_bati": 70.0, "nombre_pieces_principales": 3.0, "adresse_nom_voie": "RUE DUSSOLIE", "price_per_sqm": 3041.0714285714284, "date_iso": "2021-02-22", "parcelle": "77153000AC0128", "addr_num": "1"}}, {"type": "Feature", "geometry": {"type": "Point", "coordinates": [2.692269, 49.059811]}, "properties": {"year": 2021, "valeur_fonciere": 260000.0, "type_local": "Maison", "surface_reelle_bati": 94.0, "nombre_pieces_principales": 5.0, "adresse_nom_voie": "RUE DES NOYERS", "price_per_sqm": 2765.9574468085107, "date_iso": "2021-02-24", "parcelle": "77153000AM0024", "addr_num": "1"}}, {"type": "Feature", "geometry": {"type": "Point", "coordinates": [2.681411, 49.054193]}, "properties": {"year": 2021, "valeur_fonciere": 139000.0, "type_local": "Appartement", "surface_reelle_bati": 42.0, "nombre_pieces_principales": 2.0, "adresse_nom_voie": "RUE PORTE AU PAIN", "price_per_sqm": 3309.5238095238096, "date_iso": "2021-02-26", "parcelle": "77153000AC0098", "addr_num": "6"}}, {"type": "Feature", "geometry": {"type": "Point", "coordinates": [2.680274, 49.063596]}, "properties": {"year": 2021, "valeur_fonciere": 300000.0, "type_local": "Maison", "surface_reelle_bati": 94.0, "nombre_pieces_principales": 5.0, "adresse_nom_voie": "RUE ANNE FRANCK", "price_per_sqm": 3191.4893617021276, "date_iso": "2021-02-26", "parcelle": "771530000A0938", "addr_num": "2"}}, {"type": "Feature", "geometry": {"type": "Point", "coordinates": [2.680116, 49.063625]}, "properties": {"year": 2021, "valeur_fonciere": 300000.0, "type_local": "Dépendance", "surface_reelle_bati": null, "nombre_pieces_principales": 0.0, "adresse_nom_voie": "RUE ANNE FRANCK", "price_per_sqm": null, "date_iso": "2021-02-26", "parcelle": "771530000A0957", "addr_num": "2"}}, {"type": "Feature", "geometry": {"type": "Point", "coordinates": [2.679924, 49.063641]}, "properties": {"year": 2021, "valeur_fonciere": 300000.0, "type_local": "Dépendance", "surface_reelle_bati": null, "nombre_pieces_principales": 0.0, "adresse_nom_voie": "RUE ANNE FRANCK", "price_per_sqm": null, "date_iso": "2021-02-26", "parcelle": "771530000A0961", "addr_num": "2"}}, {"type": "Feature", "geometry": {"type": "Point", "coordinates": [2.678326, 49.065907]}, "properties": {"year": 2021, "valeur_fonciere": 267000.0, "type_local": "Maison", "surface_reelle_bati": 73.0, "nombre_pieces_principales": 4.0, "adresse_nom_voie": "RUE FRANCOISE SAGAN", "price_per_sqm": 3657.5342465753424, "date_iso": "2021-02-22", "parcelle": "771530000A1197", "addr_num": "40"}}, {"type": "Feature", "geometry": {"type": "Point", "coordinates": [2.683259, 49.053891]}, "properties": {"year": 2021, "valeur_fonciere": 175000.0, "type_local": "Appartement", "surface_reelle_bati": 85.0, "nombre_pieces_principales": 4.0, "adresse_nom_voie": "RUE DU GENERAL DE GAULLE", "price_per_sqm": 2058.823529411765, "date_iso": "2021-02-23", "parcelle": "77153000AC0152", "addr_num": "161"}}, {"type": "Feature", "geometry": {"type": "Point", "coordinates": [2.690463, 49.059101]}, "properties": {"year": 2021, "valeur_fonciere": 290000.0, "type_local": "Maison", "surface_reelle_bati": 101.0, "nombre_pieces_principales": 5.0, "adresse_nom_voie": "RUE DES BERGAMOTTES", "price_per_sqm": 2871.2871287128714, "date_iso": "2021-03-12", "parcelle": "77153000AK0125", "addr_num": "38"}}, {"type": "Feature", "geometry": {"type": "Point", "coordinates": [2.696447, 49.057939]}, "properties": {"year": 2021, "valeur_fonciere": 153000.0, "type_local": "Dépendance", "surface_reelle_bati": null, "nombre_pieces_principales": 0.0, "adresse_nom_voie": "AV DU MARECHAL LECLERC", "price_per_sqm": null, "date_iso": "2021-03-12", "parcelle": "77153000AM0105", "addr_num": "67"}}, {"type": "Feature", "geometry": {"type": "Point", "coordinates": [2.696447, 49.057939]}, "properties": {"year": 2021, "valeur_fonciere": 153000.0, "type_local": "Appartement", "surface_reelle_bati": 42.0, "nombre_pieces_principales": 2.0, "adresse_nom_voie": "AV DU MARECHAL LECLERC", "price_per_sqm": 3642.8571428571427, "date_iso": "2021-03-12", "parcelle": "77153000AM0105", "addr_num": "67"}}, {"type": "Feature", "geometry": {"type": "Point", "coordinates": [2.696447, 49.057939]}, "properties": {"year": 2021, "valeur_fonciere": 153000.0, "type_local": "Dépendance", "surface_reelle_bati": null, "nombre_pieces_principales": 0.0, "adresse_nom_voie": "AV DU MARECHAL LECLERC", "price_per_sqm": null, "date_iso": "2021-03-12", "parcelle": "77153000AM0105", "addr_num": "67"}}, {"type": "Feature", "geometry": {"type": "Point", "coordinates": [2.675176, 49.061153]}, "properties": {"year": 2021, "valeur_fonciere": 262000.0, "type_local": "Maison", "surface_reelle_bati": 73.0, "nombre_pieces_principales": 4.0, "adresse_nom_voie": "RUE LEONARD DE VINCI", "price_per_sqm": 3589.041095890411, "date_iso": "2021-03-16", "parcelle": "771530000A1583", "addr_num": "46"}}, {"type": "Feature", "geometry": {"type": "Point", "coordinates": [2.674976, 49.061151]}, "properties": {"year": 2021, "valeur_fonciere": 262000.0, "type_local": "Dépendance", "surface_reelle_bati": null, "nombre_pieces_principales": 0.0, "adresse_nom_voie": "RUE LEONARD DE VINCI", "price_per_sqm": null, "date_iso": "2021-03-16", "parcelle": "771530000A1607", "addr_num": "46"}}, {"type": "Feature", "geometry": {"type": "Point", "coordinates": [2.674954, 49.061215]}, "properties": {"year": 2021, "valeur_fonciere": 262000.0, "type_local": "Dépendance", "surface_reelle_bati": null, "nombre_pieces_principales": 0.0, "adresse_nom_voie": "RUE LEONARD DE VINCI", "price_per_sqm": null, "date_iso": "2021-03-16", "parcelle": "771530000A1624", "addr_num": "46"}}, {"type": "Feature", "geometry": {"type": "Point", "coordinates": [2.677785, 49.054106]}, "properties": {"year": 2021, "valeur_fonciere": 140000.0, "type_local": "Appartement", "surface_reelle_bati": 40.0, "nombre_pieces_principales": 1.0, "adresse_nom_voie": "RUE SAINT JEAN", "price_per_sqm": 3500.0, "date_iso": "2021-03-19", "parcelle": "77153000AB0018", "addr_num": "1"}}, {"type": "Feature", "geometry": {"type": "Point", "coordinates": [2.677785, 49.054106]}, "properties": {"year": 2021, "valeur_fonciere": 140000.0, "type_local": "Local industriel. commercial ou assimilé", "surface_reelle_bati": 62.0, "nombre_pieces_principales": 0.0, "adresse_nom_voie": "RUE SAINT JEAN", "price_per_sqm": 2258.064516129032, "date_iso": "2021-03-19", "parcelle": "77153000AB0018", "addr_num": "1"}}, {"type": "Feature", "geometry": {"type": "Point", "coordinates": [2.677785, 49.054106]}, "properties": {"year": 2021, "valeur_fonciere": 140000.0, "type_local": "Appartement", "surface_reelle_bati": 15.0, "nombre_pieces_principales": 0.0, "adresse_nom_voie": "RUE SAINT JEAN", "price_per_sqm": 9333.333333333334, "date_iso": "2021-03-19", "parcelle": "77153000AB0018", "addr_num": "1"}}, {"type": "Feature", "geometry": {"type": "Point", "coordinates": [2.677785, 49.054106]}, "properties": {"year": 2021, "valeur_fonciere": 140000.0, "type_local": "Appartement", "surface_reelle_bati": 26.0, "nombre_pieces_principales": 2.0, "adresse_nom_voie": "RUE SAINT JEAN", "price_per_sqm": 5384.615384615385, "date_iso": "2021-03-19", "parcelle": "77153000AB0018", "addr_num": "1"}}, {"type": "Feature", "geometry": {"type": "Point", "coordinates": [2.677785, 49.054106]}, "properties": {"year": 2021, "valeur_fonciere": 140000.0, "type_local": "Appartement", "surface_reelle_bati": 40.0, "nombre_pieces_principales": 2.0, "adresse_nom_voie": "RUE SAINT JEAN", "price_per_sqm": 3500.0, "date_iso": "2021-03-19", "parcelle": "77153000AB0018", "addr_num": "1"}}, {"type": "Feature", "geometry": {"type": "Point", "coordinates": [2.678621, 49.055526]}, "properties": {"year": 2021, "valeur_fonciere": 145000.0, "type_local": "Appartement", "surface_reelle_bati": 43.0, "nombre_pieces_principales": 2.0, "adresse_nom_voie": "RUE GANNEVAL", "price_per_sqm": 3372.093023255814, "date_iso": "2021-03-19", "parcelle": "77153000AC0208", "addr_num": "30"}}, {"type": "Feature", "geometry": {"type": "Point", "coordinates": [2.678621, 49.055526]}, "properties": {"year": 2021, "valeur_fonciere": 145000.0, "type_local": "Dépendance", "surface_reelle_bati": null, "nombre_pieces_principales": 0.0, "adresse_nom_voie": "RUE GANNEVAL", "price_per_sqm": null, "date_iso": "2021-03-19", "parcelle": "77153000AC0208", "addr_num": "30"}}, {"type": "Feature", "geometry": {"type": "Point", "coordinates": [2.693862, 49.054372]}, "properties": {"year": 2021, "valeur_fonciere": 737896.5, "type_local": "Appartement", "surface_reelle_bati": 78.0, "nombre_pieces_principales": 3.0, "adresse_nom_voie": "AV DU MARECHAL LECLERC", "price_per_sqm": 9460.211538461539, "date_iso": "2021-03-25", "parcelle": "77153000AL0329", "addr_num": "63"}}, {"type": "Feature", "geometry": {"type": "Point", "coordinates": [2.693862, 49.054372]}, "properties": {"year": 2021, "valeur_fonciere": 737896.5, "type_local": "Dépendance", "surface_reelle_bati": null, "nombre_pieces_principales": 0.0, "adresse_nom_voie": "AV DU MARECHAL LECLERC", "price_per_sqm": null, "date_iso": "2021-03-25", "parcelle": "77153000AL0329", "addr_num": "63"}}, {"type": "Feature", "geometry": {"type": "Point", "coordinates": [2.693862, 49.054372]}, "properties": {"year": 2021, "valeur_fonciere": 737896.5, "type_local": "Dépendance", "surface_reelle_bati": null, "nombre_pieces_principales": 0.0, "adresse_nom_voie": "AV DU MARECHAL LECLERC", "price_per_sqm": null, "date_iso": "2021-03-25", "parcelle": "77153000AL0329", "addr_num": "63"}}, {"type": "Feature", "geometry": {"type": "Point", "coordinates": [2.693862, 49.054372]}, "properties": {"year": 2021, "valeur_fonciere": 737896.5, "type_local": "Dépendance", "surface_reelle_bati": null, "nombre_pieces_principales": 0.0, "adresse_nom_voie": "AV DU MARECHAL LECLERC", "price_per_sqm": null, "date_iso": "2021-03-25", "parcelle": "77153000AL0329", "addr_num": "63"}}, {"type": "Feature", "geometry": {"type": "Point", "coordinates": [2.693862, 49.054372]}, "properties": {"year": 2021, "valeur_fonciere": 737896.5, "type_local": "Dépendance", "surface_reelle_bati": null, "nombre_pieces_principales": 0.0, "adresse_nom_voie": "AV DU MARECHAL LECLERC", "price_per_sqm": null, "date_iso": "2021-03-25", "parcelle": "77153000AL0329", "addr_num": "63"}}, {"type": "Feature", "geometry": {"type": "Point", "coordinates": [2.693862, 49.054372]}, "properties": {"year": 2021, "valeur_fonciere": 737896.5, "type_local": "Appartement", "surface_reelle_bati": 64.0, "nombre_pieces_principales": 3.0, "adresse_nom_voie": "AV DU MARECHAL LECLERC", "price_per_sqm": 11529.6328125, "date_iso": "2021-03-25", "parcelle": "77153000AL0329", "addr_num": "63"}}, {"type": "Feature", "geometry": {"type": "Point", "coordinates": [2.693862, 49.054372]}, "properties": {"year": 2021, "valeur_fonciere": 737896.5, "type_local": "Appartement", "surface_reelle_bati": 62.0, "nombre_pieces_principales": 3.0, "adresse_nom_voie": "AV DU MARECHAL LECLERC", "price_per_sqm": 11901.556451612903, "date_iso": "2021-03-25", "parcelle": "77153000AL0329", "addr_num": "63"}}, {"type": "Feature", "geometry": {"type": "Point", "coordinates": [2.693862, 49.054372]}, "properties": {"year": 2021, "valeur_fonciere": 737896.5, "type_local": "Appartement", "surface_reelle_bati": 61.0, "nombre_pieces_principales": 3.0, "adresse_nom_voie": "AV DU MARECHAL LECLERC", "price_per_sqm": 12096.66393442623, "date_iso": "2021-03-25", "parcelle": "77153000AL0329", "addr_num": "63"}}, {"type": "Feature", "geometry": {"type": "Point", "coordinates": [2.685831, 49.05462]}, "properties": {"year": 2021, "valeur_fonciere": 310000.0, "type_local": null, "surface_reelle_bati": null, "nombre_pieces_principales": null, "adresse_nom_voie": "RUE GUY LESOULT", "price_per_sqm": null, "date_iso": "2021-03-22", "parcelle": "77153000AE0028", "addr_num": "4"}}, {"type": "Feature", "geometry": {"type": "Point", "coordinates": [2.685827, 49.054576]}, "properties": {"year": 2021, "valeur_fonciere": 310000.0, "type_local": "Maison", "surface_reelle_bati": 125.0, "nombre_pieces_principales": 6.0, "adresse_nom_voie": "RUE GUY LESOULT", "price_per_sqm": 2480.0, "date_iso": "2021-03-22", "parcelle": "77153000AE0029", "addr_num": "4"}}, {"type": "Feature", "geometry": {"type": "Point", "coordinates": [2.677695, 49.052093]}, "properties": {"year": 2021, "valeur_fonciere": 30000.0, "type_local": null, "surface_reelle_bati": null, "nombre_pieces_principales": null, "adresse_nom_voie": "RLE DES FILOIRS", "price_per_sqm": null, "date_iso": "2021-03-08", "parcelle": "77153000ZN0460", "addr_num": "18"}}, {"type": "Feature", "geometry": {"type": "Point", "coordinates": [2.694077, 49.058254]}, "properties": {"year": 2021, "valeur_fonciere": 310000.0, "type_local": "Maison", "surface_reelle_bati": 87.0, "nombre_pieces_principales": 4.0, "adresse_nom_voie": "RUE DES NOYERS", "price_per_sqm": 3563.2183908045977, "date_iso": "2021-03-29", "parcelle": "77153000AM0379", "addr_num": "16"}}, {"type": "Feature", "geometry": {"type": "Point", "coordinates": [2.672505, 49.062463]}, "properties": {"year": 2021, "valeur_fonciere": 148500.0, "type_local": null, "surface_reelle_bati": null, "nombre_pieces_principales": null, "adresse_nom_voie": "RUE SIMONE VEIL", "price_per_sqm": null, "date_iso": "2021-03-30", "parcelle": "771530000A1958", "addr_num": "15"}}, {"type": "Feature", "geometry": {"type": "Point", "coordinates": [2.685069, 49.053172]}, "properties": {"year": 2021, "valeur_fonciere": 5000.0, "type_local": "Dépendance", "surface_reelle_bati": null, "nombre_pieces_principales": 0.0, "adresse_nom_voie": "RLE DU BUAT", "price_per_sqm": null, "date_iso": "2021-03-30", "parcelle": "77153000AD0107", "addr_num": "2"}}, {"type": "Feature", "geometry": {"type": "Point", "coordinates": [2.685069, 49.053172]}, "properties": {"year": 2021, "valeur_fonciere": 5000.0, "type_local": "Dépendance", "surface_reelle_bati": null, "nombre_pieces_principales": 0.0, "adresse_nom_voie": "RLE DU BUAT", "price_per_sqm": null, "date_iso": "2021-03-30", "parcelle": "77153000AD0107", "addr_num": "2"}}, {"type": "Feature", "geometry": {"type": "Point", "coordinates": [2.676326, 49.052298]}, "properties": {"year": 2021, "valeur_fonciere": 525000.0, "type_local": "Maison", "surface_reelle_bati": 116.0, "nombre_pieces_principales": 5.0, "adresse_nom_voie": "RLE DES FILOIRS", "price_per_sqm": 4525.862068965517, "date_iso": "2021-03-18", "parcelle": "77153000AB0170", "addr_num": "9003"}}, {"type": "Feature", "geometry": {"type": "Point", "coordinates": [2.676326, 49.052298]}, "properties": {"year": 2021, "valeur_fonciere": 525000.0, "type_local": "Maison", "surface_reelle_bati": 116.0, "nombre_pieces_principales": 5.0, "adresse_nom_voie": "RLE DES FILOIRS", "price_per_sqm": 4525.862068965517, "date_iso": "2021-03-18", "parcelle": "77153000AB0170", "addr_num": "9003"}}, {"type": "Feature", "geometry": {"type": "Point", "coordinates": [2.67598, 49.052362]}, "properties": {"year": 2021, "valeur_fonciere": 525000.0, "type_local": null, "surface_reelle_bati": null, "nombre_pieces_principales": null, "adresse_nom_voie": "RLE DES FILOIRS", "price_per_sqm": null, "date_iso": "2021-03-18", "parcelle": "77153000AB0298", "addr_num": ""}}, {"type": "Feature", "geometry": {"type": "Point", "coordinates": [2.676049, 49.052325]}, "properties": {"year": 2021, "valeur_fonciere": 525000.0, "type_local": "Maison", "surface_reelle_bati": 27.0, "nombre_pieces_principales": 2.0, "adresse_nom_voie": "RLE DES FILOIRS", "price_per_sqm": 19444.444444444445, "date_iso": "2021-03-18", "parcelle": "77153000AB0376", "addr_num": "9002"}}, {"type": "Feature", "geometry": {"type": "Point", "coordinates": [2.676762, 49.052185]}, "properties": {"year": 2021, "valeur_fonciere": 525000.0, "type_local": null, "surface_reelle_bati": null, "nombre_pieces_principales": null, "adresse_nom_voie": "RLE DES FILOIRS", "price_per_sqm": null, "date_iso": "2021-03-18", "parcelle": "77153000AB0377", "addr_num": ""}}, {"type": "Feature", "geometry": {"type": "Point", "coordinates": [2.678194, 49.053752]}, "properties": {"year": 2021, "valeur_fonciere": 180000.0, "type_local": "Local industriel. commercial ou assimilé", "surface_reelle_bati": 54.0, "nombre_pieces_principales": 0.0, "adresse_nom_voie": "RUE DU GENERAL DE GAULLE", "price_per_sqm": 3333.3333333333335, "date_iso": "2021-03-18", "parcelle": "77153000AB0129", "addr_num": "70"}}, {"type": "Feature", "geometry": {"type": "Point", "coordinates": [2.684663, 49.053459]}, "properties": {"year": 2021, "valeur_fonciere": 200000.0, "type_local": "Local industriel. commercial ou assimilé", "surface_reelle_bati": 15.0, "nombre_pieces_principales": 0.0, "adresse_nom_voie": "PL LAVOLLEE", "price_per_sqm": 13333.333333333334, "date_iso": "2021-03-19", "parcelle": "77153000AD0281", "addr_num": ""}}, {"type": "Feature", "geometry": {"type": "Point", "coordinates": [2.684663, 49.053459]}, "properties": {"year": 2021, "valeur_fonciere": 200000.0, "type_local": "Local industriel. commercial ou assimilé", "surface_reelle_bati": 40.0, "nombre_pieces_principales": 0.0, "adresse_nom_voie": "RUE DU GENERAL DE GAULLE", "price_per_sqm": 5000.0, "date_iso": "2021-03-19", "parcelle": "77153000AD0281", "addr_num": "172"}}, {"type": "Feature", "geometry": {"type": "Point", "coordinates": [2.684663, 49.053459]}, "properties": {"year": 2021, "valeur_fonciere": 200000.0, "type_local": "Dépendance", "surface_reelle_bati": null, "nombre_pieces_principales": 0.0, "adresse_nom_voie": "RUE DU GENERAL DE GAULLE", "price_per_sqm": null, "date_iso": "2021-03-19", "parcelle": "77153000AD0281", "addr_num": "172"}}, {"type": "Feature", "geometry": {"type": "Point", "coordinates": [2.686298, 49.052803]}, "properties": {"year": 2021, "valeur_fonciere": 182000.0, "type_local": null, "surface_reelle_bati": null, "nombre_pieces_principales": null, "adresse_nom_voie": "RLE DU JARD", "price_per_sqm": null, "date_iso": "2021-03-23", "parcelle": "77153000AH0224", "addr_num": "3"}}, {"type": "Feature", "geometry": {"type": "Point", "coordinates": [2.688204, 49.053081]}, "properties": {"year": 2021, "valeur_fonciere": 204000.0, "type_local": "Dépendance", "surface_reelle_bati": null, "nombre_pieces_principales": 0.0, "adresse_nom_voie": "AV DU MARECHAL LECLERC", "price_per_sqm": null, "date_iso": "2021-03-19", "parcelle": "77153000AH0487", "addr_num": "12"}}, {"type": "Feature", "geometry": {"type": "Point", "coordinates": [2.688204, 49.053081]}, "properties": {"year": 2021, "valeur_fonciere": 204000.0, "type_local": "Dépendance", "surface_reelle_bati": null, "nombre_pieces_principales": 0.0, "adresse_nom_voie": "AV DU MARECHAL LECLERC", "price_per_sqm": null, "date_iso": "2021-03-19", "parcelle": "77153000AH0487", "addr_num": "12"}}, {"type": "Feature", "geometry": {"type": "Point", "coordinates": [2.688204, 49.053081]}, "properties": {"year": 2021, "valeur_fonciere": 204000.0, "type_local": "Appartement", "surface_reelle_bati": 76.0, "nombre_pieces_principales": 5.0, "adresse_nom_voie": "AV DU MARECHAL LECLERC", "price_per_sqm": 2684.2105263157896, "date_iso": "2021-03-19", "parcelle": "77153000AH0487", "addr_num": "12"}}, {"type": "Feature", "geometry": {"type": "Point", "coordinates": [2.669971, 49.05253]}, "properties": {"year": 2021, "valeur_fonciere": 274400.0, "type_local": "Maison", "surface_reelle_bati": 73.0, "nombre_pieces_principales": 4.0, "adresse_nom_voie": "AV DE SAINT GUINFORT", "price_per_sqm": 3758.904109589041, "date_iso": "2021-03-19", "parcelle": "771530000C0495", "addr_num": "8"}}, {"type": "Feature", "geometry": {"type": "Point", "coordinates": [2.670679, 49.061556]}, "properties": {"year": 2021, "valeur_fonciere": 137000.0, "type_local": null, "surface_reelle_bati": null, "nombre_pieces_principales": null, "adresse_nom_voie": "AV LUCIE AUBRAC", "price_per_sqm": null, "date_iso": "2021-04-14", "parcelle": "771530000A1915", "addr_num": "18"}}, {"type": "Feature", "geometry": {"type": "Point", "coordinates": [2.680151, 49.054417]}, "properties": {"year": 2021, "valeur_fonciere": 100000.0, "type_local": "Appartement", "surface_reelle_bati": 32.0, "nombre_pieces_principales": 2.0, "adresse_nom_voie": "RUE NOTRE DAME", "price_per_sqm": 3125.0, "date_iso": "2021-04-13", "parcelle": "77153000AC0179", "addr_num": "9"}}, {"type": "Feature", "geometry": {"type": "Point", "coordinates": [2.695211, 49.056467]}, "properties": {"year": 2021, "valeur_fonciere": 325000.0, "type_local": "Local industriel. commercial ou assimilé", "surface_reelle_bati": 95.0, "nombre_pieces_principales": 0.0, "adresse_nom_voie": "AV DES VERGERS", "price_per_sqm": 3421.0526315789475, "date_iso": "2021-03-31", "parcelle": "77153000AL0070", "addr_num": "5"}}, {"type": "Feature", "geometry": {"type": "Point", "coordinates": [2.68543, 49.052546]}, "properties": {"year": 2021, "valeur_fonciere": 310000.0, "type_local": "Maison", "surface_reelle_bati": 99.0, "nombre_pieces_principales": 5.0, "adresse_nom_voie": "RLE DU BUAT", "price_per_sqm": 3131.313131313131, "date_iso": "2021-04-15", "parcelle": "77153000AD0251", "addr_num": "7"}}, {"type": "Feature", "geometry": {"type": "Point", "coordinates": [2.685566, 49.052524]}, "properties": {"year": 2021, "valeur_fonciere": 310000.0, "type_local": null, "surface_reelle_bati": null, "nombre_pieces_principales": null, "adresse_nom_voie": "RLE DU BUAT", "price_per_sqm": null, "date_iso": "2021-04-15", "parcelle": "77153000AD0255", "addr_num": "7"}}, {"type": "Feature", "geometry": {"type": "Point", "coordinates": [2.685674, 49.0525]}, "properties": {"year": 2021, "valeur_fonciere": 310000.0, "type_local": null, "surface_reelle_bati": null, "nombre_pieces_principales": null, "adresse_nom_voie": "RLE DU BUAT", "price_per_sqm": null, "date_iso": "2021-04-15", "parcelle": "77153000AD0258", "addr_num": "7"}}, {"type": "Feature", "geometry": {"type": "Point", "coordinates": [2.685728, 49.052534]}, "properties": {"year": 2021, "valeur_fonciere": 310000.0, "type_local": null, "surface_reelle_bati": null, "nombre_pieces_principales": null, "adresse_nom_voie": "RLE DU BUAT", "price_per_sqm": null, "date_iso": "2021-04-15", "parcelle": "77153000AD0262", "addr_num": ""}}, {"type": "Feature", "geometry": {"type": "Point", "coordinates": [2.685069, 49.053172]}, "properties": {"year": 2021, "valeur_fonciere": 95000.0, "type_local": "Appartement", "surface_reelle_bati": 35.0, "nombre_pieces_principales": 1.0, "adresse_nom_voie": "RUE DE MEAUX", "price_per_sqm": 2714.285714285714, "date_iso": "2021-04-16", "parcelle": "77153000AD0107", "addr_num": "25"}}, {"type": "Feature", "geometry": {"type": "Point", "coordinates": [2.685069, 49.053172]}, "properties": {"year": 2021, "valeur_fonciere": 95000.0, "type_local": "Dépendance", "surface_reelle_bati": null, "nombre_pieces_principales": 0.0, "adresse_nom_voie": "RLE DU BUAT", "price_per_sqm": null, "date_iso": "2021-04-16", "parcelle": "77153000AD0107", "addr_num": "2"}}, {"type": "Feature", "geometry": {"type": "Point", "coordinates": [2.685069, 49.053172]}, "properties": {"year": 2021, "valeur_fonciere": 27000.0, "type_local": "Dépendance", "surface_reelle_bati": null, "nombre_pieces_principales": 0.0, "adresse_nom_voie": "RLE DU BUAT", "price_per_sqm": null, "date_iso": "2021-04-14", "parcelle": "77153000AD0107", "addr_num": "2"}}, {"type": "Feature", "geometry": {"type": "Point", "coordinates": [2.685069, 49.053172]}, "properties": {"year": 2021, "valeur_fonciere": 27000.0, "type_local": "Dépendance", "surface_reelle_bati": null, "nombre_pieces_principales": 0.0, "adresse_nom_voie": "RLE DU BUAT", "price_per_sqm": null, "date_iso": "2021-04-14", "parcelle": "77153000AD0107", "addr_num": "2"}}, {"type": "Feature", "geometry": {"type": "Point", "coordinates": [2.685069, 49.053172]}, "properties": {"year": 2021, "valeur_fonciere": 27000.0, "type_local": "Dépendance", "surface_reelle_bati": null, "nombre_pieces_principales": 0.0, "adresse_nom_voie": "RLE DU BUAT", "price_per_sqm": null, "date_iso": "2021-04-14", "parcelle": "77153000AD0107", "addr_num": "2"}}, {"type": "Feature", "geometry": {"type": "Point", "coordinates": [2.685069, 49.053172]}, "properties": {"year": 2021, "valeur_fonciere": 27000.0, "type_local": "Dépendance", "surface_reelle_bati": null, "nombre_pieces_principales": 0.0, "adresse_nom_voie": "RLE DU BUAT", "price_per_sqm": null, "date_iso": "2021-04-14", "parcelle": "77153000AD0107", "addr_num": "2"}}, {"type": "Feature", "geometry": {"type": "Point", "coordinates": [2.685069, 49.053172]}, "properties": {"year": 2021, "valeur_fonciere": 27000.0, "type_local": "Dépendance", "surface_reelle_bati": null, "nombre_pieces_principales": 0.0, "adresse_nom_voie": "RLE DU BUAT", "price_per_sqm": null, "date_iso": "2021-04-14", "parcelle": "77153000AD0107", "addr_num": "2"}}, {"type": "Feature", "geometry": {"type": "Point", "coordinates": [2.685069, 49.053172]}, "properties": {"year": 2021, "valeur_fonciere": 27000.0, "type_local": "Dépendance", "surface_reelle_bati": null, "nombre_pieces_principales": 0.0, "adresse_nom_voie": "RLE DU BUAT", "price_per_sqm": null, "date_iso": "2021-04-14", "parcelle": "77153000AD0107", "addr_num": "2"}}, {"type": "Feature", "geometry": {"type": "Point", "coordinates": [2.685069, 49.053172]}, "properties": {"year": 2021, "valeur_fonciere": 27000.0, "type_local": "Dépendance", "surface_reelle_bati": null, "nombre_pieces_principales": 0.0, "adresse_nom_voie": "RLE DU BUAT", "price_per_sqm": null, "date_iso": "2021-04-14", "parcelle": "77153000AD0107", "addr_num": "2"}}, {"type": "Feature", "geometry": {"type": "Point", "coordinates": [2.685069, 49.053172]}, "properties": {"year": 2021, "valeur_fonciere": 27000.0, "type_local": "Dépendance", "surface_reelle_bati": null, "nombre_pieces_principales": 0.0, "adresse_nom_voie": "RLE DU BUAT", "price_per_sqm": null, "date_iso": "2021-04-14", "parcelle": "77153000AD0107", "addr_num": "2"}}, {"type": "Feature", "geometry": {"type": "Point", "coordinates": [2.685069, 49.053172]}, "properties": {"year": 2021, "valeur_fonciere": 27000.0, "type_local": "Dépendance", "surface_reelle_bati": null, "nombre_pieces_principales": 0.0, "adresse_nom_voie": "RLE DU BUAT", "price_per_sqm": null, "date_iso": "2021-04-14", "parcelle": "77153000AD0107", "addr_num": "2"}}, {"type": "Feature", "geometry": {"type": "Point", "coordinates": [2.682855, 49.059913]}, "properties": {"year": 2021, "valeur_fonciere": 560000.0, "type_local": "Maison", "surface_reelle_bati": 160.0, "nombre_pieces_principales": 6.0, "adresse_nom_voie": "AV DE L EUROPE", "price_per_sqm": 3500.0, "date_iso": "2021-04-19", "parcelle": "771530000B1163", "addr_num": "42"}}, {"type": "Feature", "geometry": {"type": "Point", "coordinates": [2.682768, 49.059776]}, "properties": {"year": 2021, "valeur_fonciere": 560000.0, "type_local": null, "surface_reelle_bati": null, "nombre_pieces_principales": null, "adresse_nom_voie": "AV DE L EUROPE", "price_per_sqm": null, "date_iso": "2021-04-19", "parcelle": "771530000B1166", "addr_num": "42"}}, {"type": "Feature", "geometry": {"type": "Point", "coordinates": [2.682965, 49.059737]}, "properties": {"year": 2021, "valeur_fonciere": 560000.0, "type_local": null, "surface_reelle_bati": null, "nombre_pieces_principales": null, "adresse_nom_voie": "AV DE L EUROPE", "price_per_sqm": null, "date_iso": "2021-04-19", "parcelle": "771530000B1168", "addr_num": "42"}}, {"type": "Feature", "geometry": {"type": "Point", "coordinates": [2.682965, 49.059737]}, "properties": {"year": 2021, "valeur_fonciere": 560000.0, "type_local": null, "surface_reelle_bati": null, "nombre_pieces_principales": null, "adresse_nom_voie": "AV DE L EUROPE", "price_per_sqm": null, "date_iso": "2021-04-19", "parcelle": "771530000B1168", "addr_num": "42"}}, {"type": "Feature", "geometry": {"type": "Point", "coordinates": [2.673593, 49.062533]}, "properties": {"year": 2021, "valeur_fonciere": 143000.0, "type_local": null, "surface_reelle_bati": null, "nombre_pieces_principales": null, "adresse_nom_voie": "RUE JACQUELINE AURIOL", "price_per_sqm": null, "date_iso": "2021-04-23", "parcelle": "771530000A1805", "addr_num": "18"}}, {"type": "Feature", "geometry": {"type": "Point", "coordinates": [2.67343, 49.062564]}, "properties": {"year": 2021, "valeur_fonciere": 143000.0, "type_local": null, "surface_reelle_bati": null, "nombre_pieces_principales": null, "adresse_nom_voie": "RUE JACQUELINE AURIOL", "price_per_sqm": null, "date_iso": "2021-04-23", "parcelle": "771530000A1984", "addr_num": "18"}}, {"type": "Feature", "geometry": {"type": "Point", "coordinates": [2.678477, 49.054605]}, "properties": {"year": 2021, "valeur_fonciere": 93000.0, "type_local": "Appartement", "surface_reelle_bati": 36.0, "nombre_pieces_principales": 1.0, "adresse_nom_voie": "RUE DE LA HALLE", "price_per_sqm": 2583.3333333333335, "date_iso": "2021-04-12", "parcelle": "77153000AB0322", "addr_num": "8"}}, {"type": "Feature", "geometry": {"type": "Point", "coordinates": [2.692308, 49.062279]}, "properties": {"year": 2021, "valeur_fonciere": 224000.0, "type_local": "Appartement", "surface_reelle_bati": 55.0, "nombre_pieces_principales": 3.0, "adresse_nom_voie": "ALL DE L AUBEPINE", "price_per_sqm": 4072.7272727272725, "date_iso": "2021-04-29", "parcelle": "77153000AN0058", "addr_num": "3"}}, {"type": "Feature", "geometry": {"type": "Point", "coordinates": [2.692308, 49.062279]}, "properties": {"year": 2021, "valeur_fonciere": 224000.0, "type_local": "Dépendance", "surface_reelle_bati": null, "nombre_pieces_principales": 0.0, "adresse_nom_voie": "ALL DE L AUBEPINE", "price_per_sqm": null, "date_iso": "2021-04-29", "parcelle": "77153000AN0058", "addr_num": "1"}}, {"type": "Feature", "geometry": {"type": "Point", "coordinates": [2.692308, 49.062279]}, "properties": {"year": 2021, "valeur_fonciere": 224000.0, "type_local": "Dépendance", "surface_reelle_bati": null, "nombre_pieces_principales": 0.0, "adresse_nom_voie": "ALL DE L AUBEPINE", "price_per_sqm": null, "date_iso": "2021-04-29", "parcelle": "77153000AN0058", "addr_num": "1"}}, {"type": "Feature", "geometry": {"type": "Point", "coordinates": [2.67926, 49.053887]}, "properties": {"year": 2021, "valeur_fonciere": 224000.0, "type_local": "Maison", "surface_reelle_bati": 100.0, "nombre_pieces_principales": 5.0, "adresse_nom_voie": "RUE DU GENERAL DE GAULLE", "price_per_sqm": 2240.0, "date_iso": "2021-04-29", "parcelle": "77153000AB0335", "addr_num": "104"}}, {"type": "Feature", "geometry": {"type": "Point", "coordinates": [2.67798, 49.054039]}, "properties": {"year": 2021, "valeur_fonciere": 134000.0, "type_local": "Appartement", "surface_reelle_bati": 38.0, "nombre_pieces_principales": 2.0, "adresse_nom_voie": "RUE SAINT JEAN", "price_per_sqm": 3526.315789473684, "date_iso": "2021-04-16", "parcelle": "77153000AB0054", "addr_num": "2"}}, {"type": "Feature", "geometry": {"type": "Point", "coordinates": [2.67798, 49.054039]}, "properties": {"year": 2021, "valeur_fonciere": 134000.0, "type_local": "Dépendance", "surface_reelle_bati": null, "nombre_pieces_principales": 0.0, "adresse_nom_voie": "RUE SAINT JEAN", "price_per_sqm": null, "date_iso": "2021-04-16", "parcelle": "77153000AB0054", "addr_num": "2"}}, {"type": "Feature", "geometry": {"type": "Point", "coordinates": [2.671864, 49.051039]}, "properties": {"year": 2021, "valeur_fonciere": 150000.0, "type_local": "Dépendance", "surface_reelle_bati": null, "nombre_pieces_principales": 0.0, "adresse_nom_voie": "RUE LOUIS BRAILLE", "price_per_sqm": null, "date_iso": "2021-05-06", "parcelle": "77153000ZN0078", "addr_num": "3"}}, {"type": "Feature", "geometry": {"type": "Point", "coordinates": [2.671864, 49.051039]}, "properties": {"year": 2021, "valeur_fonciere": 150000.0, "type_local": "Dépendance", "surface_reelle_bati": null, "nombre_pieces_principales": 0.0, "adresse_nom_voie": "RUE LOUIS BRAILLE", "price_per_sqm": null, "date_iso": "2021-05-06", "parcelle": "77153000ZN0078", "addr_num": "3"}}, {"type": "Feature", "geometry": {"type": "Point", "coordinates": [2.671864, 49.051039]}, "properties": {"year": 2021, "valeur_fonciere": 150000.0, "type_local": "Appartement", "surface_reelle_bati": 52.0, "nombre_pieces_principales": 3.0, "adresse_nom_voie": "RUE LOUIS BRAILLE", "price_per_sqm": 2884.6153846153848, "date_iso": "2021-05-06", "parcelle": "77153000ZN0078", "addr_num": "3"}}, {"type": "Feature", "geometry": {"type": "Point", "coordinates": [2.685488, 49.052736]}, "properties": {"year": 2021, "valeur_fonciere": 140000.0, "type_local": null, "surface_reelle_bati": null, "nombre_pieces_principales": null, "adresse_nom_voie": "RLE DU BUAT", "price_per_sqm": null, "date_iso": "2021-05-10", "parcelle": "77153000AD0250", "addr_num": ""}}, {"type": "Feature", "geometry": {"type": "Point", "coordinates": [2.685488, 49.052736]}, "properties": {"year": 2021, "valeur_fonciere": 140000.0, "type_local": null, "surface_reelle_bati": null, "nombre_pieces_principales": null, "adresse_nom_voie": "RLE DU BUAT", "price_per_sqm": null, "date_iso": "2021-05-10", "parcelle": "77153000AD0250", "addr_num": ""}}, {"type": "Feature", "geometry": {"type": "Point", "coordinates": [2.685641, 49.05276]}, "properties": {"year": 2021, "valeur_fonciere": 140000.0, "type_local": null, "surface_reelle_bati": null, "nombre_pieces_principales": null, "adresse_nom_voie": "RLE DU BUAT", "price_per_sqm": null, "date_iso": "2021-05-10", "parcelle": "77153000AD0254", "addr_num": ""}}, {"type": "Feature", "geometry": {"type": "Point", "coordinates": [2.685726, 49.052732]}, "properties": {"year": 2021, "valeur_fonciere": 140000.0, "type_local": null, "surface_reelle_bati": null, "nombre_pieces_principales": null, "adresse_nom_voie": "RLE DU BUAT", "price_per_sqm": null, "date_iso": "2021-05-10", "parcelle": "77153000AD0257", "addr_num": ""}}, {"type": "Feature", "geometry": {"type": "Point", "coordinates": [2.68577, 49.052708]}, "properties": {"year": 2021, "valeur_fonciere": 140000.0, "type_local": null, "surface_reelle_bati": null, "nombre_pieces_principales": null, "adresse_nom_voie": "RLE DU BUAT", "price_per_sqm": null, "date_iso": "2021-05-10", "parcelle": "77153000AD0261", "addr_num": ""}}, {"type": "Feature", "geometry": {"type": "Point", "coordinates": [2.68173, 49.05272]}, "properties": {"year": 2021, "valeur_fonciere": 330000.0, "type_local": "Maison", "surface_reelle_bati": 93.0, "nombre_pieces_principales": 5.0, "adresse_nom_voie": "RUE DE LA SAINE FONTAINE", "price_per_sqm": 3548.3870967741937, "date_iso": "2021-05-18", "parcelle": "77153000AD0582", "addr_num": "5"}}, {"type": "Feature", "geometry": {"type": "Point", "coordinates": [2.68173, 49.05272]}, "properties": {"year": 2021, "valeur_fonciere": 330000.0, "type_local": "Maison", "surface_reelle_bati": 93.0, "nombre_pieces_principales": 5.0, "adresse_nom_voie": "RUE DE LA SAINE FONTAINE", "price_per_sqm": 3548.3870967741937, "date_iso": "2021-05-18", "parcelle": "77153000AD0582", "addr_num": "5"}}, {"type": "Feature", "geometry": {"type": "Point", "coordinates": [2.682282, 49.053019]}, "properties": {"year": 2021, "valeur_fonciere": 118000.0, "type_local": "Appartement", "surface_reelle_bati": 33.0, "nombre_pieces_principales": 1.0, "adresse_nom_voie": "RUE DE MEAUX", "price_per_sqm": 3575.757575757576, "date_iso": "2021-05-21", "parcelle": "77153000AD0371", "addr_num": "1"}}, {"type": "Feature", "geometry": {"type": "Point", "coordinates": [2.682282, 49.053019]}, "properties": {"year": 2021, "valeur_fonciere": 118000.0, "type_local": "Dépendance", "surface_reelle_bati": null, "nombre_pieces_principales": 0.0, "adresse_nom_voie": "RUE DE MEAUX", "price_per_sqm": null, "date_iso": "2021-05-21", "parcelle": "77153000AD0371", "addr_num": "1"}}, {"type": "Feature", "geometry": {"type": "Point", "coordinates": [2.692574, 49.061539]}, "properties": {"year": 2021, "valeur_fonciere": 180000.0, "type_local": "Dépendance", "surface_reelle_bati": null, "nombre_pieces_principales": 0.0, "adresse_nom_voie": "ALL DES MERISIERS", "price_per_sqm": null, "date_iso": "2021-05-21", "parcelle": "77153000AN0054", "addr_num": "2"}}, {"type": "Feature", "geometry": {"type": "Point", "coordinates": [2.692574, 49.061539]}, "properties": {"year": 2021, "valeur_fonciere": 180000.0, "type_local": "Appartement", "surface_reelle_bati": 40.0, "nombre_pieces_principales": 2.0, "adresse_nom_voie": "ALL DES MERISIERS", "price_per_sqm": 4500.0, "date_iso": "2021-05-21", "parcelle": "77153000AN0054", "addr_num": "2"}}, {"type": "Feature", "geometry": {"type": "Point", "coordinates": [2.692574, 49.061539]}, "properties": {"year": 2021, "valeur_fonciere": 180000.0, "type_local": "Dépendance", "surface_reelle_bati": null, "nombre_pieces_principales": 0.0, "adresse_nom_voie": "ALL DES MERISIERS", "price_per_sqm": null, "date_iso": "2021-05-21", "parcelle": "77153000AN0054", "addr_num": "2"}}, {"type": "Feature", "geometry": {"type": "Point", "coordinates": [2.692574, 49.061539]}, "properties": {"year": 2021, "valeur_fonciere": 180000.0, "type_local": null, "surface_reelle_bati": null, "nombre_pieces_principales": null, "adresse_nom_voie": "ALL DES MERISIERS", "price_per_sqm": null, "date_iso": "2021-05-21", "parcelle": "77153000AN0054", "addr_num": "2"}}, {"type": "Feature", "geometry": {"type": "Point", "coordinates": [2.690099, 49.058592]}, "properties": {"year": 2021, "valeur_fonciere": 289000.0, "type_local": "Maison", "surface_reelle_bati": 91.0, "nombre_pieces_principales": 5.0, "adresse_nom_voie": "AV DU DRAP D OR", "price_per_sqm": 3175.8241758241757, "date_iso": "2021-05-20", "parcelle": "77153000AL0101", "addr_num": "64"}}, {"type": "Feature", "geometry": {"type": "Point", "coordinates": [2.682082, 49.054022]}, "properties": {"year": 2021, "valeur_fonciere": 124500.0, "type_local": "Local industriel. commercial ou assimilé", "surface_reelle_bati": 50.0, "nombre_pieces_principales": 0.0, "adresse_nom_voie": "RUE DU GENERAL DE GAULLE", "price_per_sqm": 2490.0, "date_iso": "2021-05-20", "parcelle": "77153000AC0148", "addr_num": "149"}}, {"type": "Feature", "geometry": {"type": "Point", "coordinates": [2.682082, 49.054022]}, "properties": {"year": 2021, "valeur_fonciere": 124500.0, "type_local": "Local industriel. commercial ou assimilé", "surface_reelle_bati": 12.0, "nombre_pieces_principales": 0.0, "adresse_nom_voie": "RUE DU GENERAL DE GAULLE", "price_per_sqm": 10375.0, "date_iso": "2021-05-20", "parcelle": "77153000AC0148", "addr_num": "149"}}, {"type": "Feature", "geometry": {"type": "Point", "coordinates": [2.688287, 49.058507]}, "properties": {"year": 2021, "valeur_fonciere": 253000.0, "type_local": "Maison", "surface_reelle_bati": 71.0, "nombre_pieces_principales": 4.0, "adresse_nom_voie": "RUE BELLE ANGEVINE", "price_per_sqm": 3563.3802816901407, "date_iso": "2021-05-27", "parcelle": "77153000AK0227", "addr_num": "31"}}, {"type": "Feature", "geometry": {"type": "Point", "coordinates": [2.68343, 49.053245]}, "properties": {"year": 2021, "valeur_fonciere": 95000.0, "type_local": "Appartement", "surface_reelle_bati": 34.0, "nombre_pieces_principales": 1.0, "adresse_nom_voie": "RUE DE MEAUX", "price_per_sqm": 2794.1176470588234, "date_iso": "2021-05-26", "parcelle": "77153000AD0348", "addr_num": "16"}}, {"type": "Feature", "geometry": {"type": "Point", "coordinates": [2.68343, 49.053245]}, "properties": {"year": 2021, "valeur_fonciere": 95000.0, "type_local": "Dépendance", "surface_reelle_bati": null, "nombre_pieces_principales": 0.0, "adresse_nom_voie": "RUE DE MEAUX", "price_per_sqm": null, "date_iso": "2021-05-26", "parcelle": "77153000AD0348", "addr_num": "16"}}, {"type": "Feature", "geometry": {"type": "Point", "coordinates": [2.675363, 49.060269]}, "properties": {"year": 2021, "valeur_fonciere": 195000.0, "type_local": "Dépendance", "surface_reelle_bati": null, "nombre_pieces_principales": 0.0, "adresse_nom_voie": "AV JEAN JAURES", "price_per_sqm": null, "date_iso": "2021-05-25", "parcelle": "771530000A1638", "addr_num": "3"}}, {"type": "Feature", "geometry": {"type": "Point", "coordinates": [2.675363, 49.060269]}, "properties": {"year": 2021, "valeur_fonciere": 195000.0, "type_local": "Dépendance", "surface_reelle_bati": null, "nombre_pieces_principales": 0.0, "adresse_nom_voie": "AV JEAN JAURES", "price_per_sqm": null, "date_iso": "2021-05-25", "parcelle": "771530000A1638", "addr_num": "3"}}, {"type": "Feature", "geometry": {"type": "Point", "coordinates": [2.675363, 49.060269]}, "properties": {"year": 2021, "valeur_fonciere": 195000.0, "type_local": "Appartement", "surface_reelle_bati": 59.0, "nombre_pieces_principales": 3.0, "adresse_nom_voie": "AV JEAN JAURES", "price_per_sqm": 3305.084745762712, "date_iso": "2021-05-25", "parcelle": "771530000A1638", "addr_num": "3"}}, {"type": "Feature", "geometry": {"type": "Point", "coordinates": [2.694264, 49.055622]}, "properties": {"year": 2021, "valeur_fonciere": 262000.0, "type_local": "Maison", "surface_reelle_bati": 81.0, "nombre_pieces_principales": 5.0, "adresse_nom_voie": "PL DES BOULEAUX", "price_per_sqm": 3234.567901234568, "date_iso": "2021-05-28", "parcelle": "77153000AL0054", "addr_num": "12"}}, {"type": "Feature", "geometry": {"type": "Point", "coordinates": [2.683741, 49.063128]}, "properties": {"year": 2021, "valeur_fonciere": 200000.0, "type_local": "Appartement", "surface_reelle_bati": 60.0, "nombre_pieces_principales": 3.0, "adresse_nom_voie": "RUE ETIENNE DE LA BOETIE", "price_per_sqm": 3333.3333333333335, "date_iso": "2021-05-31", "parcelle": "77153000AO0356", "addr_num": "20"}}, {"type": "Feature", "geometry": {"type": "Point", "coordinates": [2.683741, 49.063128]}, "properties": {"year": 2021, "valeur_fonciere": 200000.0, "type_local": "Dépendance", "surface_reelle_bati": null, "nombre_pieces_principales": 0.0, "adresse_nom_voie": "RUE ETIENNE DE LA BOETIE", "price_per_sqm": null, "date_iso": "2021-05-31", "parcelle": "77153000AO0356", "addr_num": "26"}}, {"type": "Feature", "geometry": {"type": "Point", "coordinates": [2.683741, 49.063128]}, "properties": {"year": 2021, "valeur_fonciere": 200000.0, "type_local": "Dépendance", "surface_reelle_bati": null, "nombre_pieces_principales": 0.0, "adresse_nom_voie": "RUE ETIENNE DE LA BOETIE", "price_per_sqm": null, "date_iso": "2021-05-31", "parcelle": "77153000AO0356", "addr_num": "26"}}, {"type": "Feature", "geometry": {"type": "Point", "coordinates": [2.683622, 49.06399]}, "properties": {"year": 2021, "valeur_fonciere": 274000.0, "type_local": "Maison", "surface_reelle_bati": 88.0, "nombre_pieces_principales": 4.0, "adresse_nom_voie": "RUE RACINE", "price_per_sqm": 3113.6363636363635, "date_iso": "2021-06-05", "parcelle": "77153000AO0354", "addr_num": "29"}}, {"type": "Feature", "geometry": {"type": "Point", "coordinates": [2.696413, 49.058845]}, "properties": {"year": 2021, "valeur_fonciere": 329000.0, "type_local": "Maison", "surface_reelle_bati": 95.0, "nombre_pieces_principales": 5.0, "adresse_nom_voie": "RUE DE LA FAUCILLE D'OR", "price_per_sqm": 3463.157894736842, "date_iso": "2021-06-04", "parcelle": "77153000AM0254", "addr_num": "19"}}, {"type": "Feature", "geometry": {"type": "Point", "coordinates": [2.696413, 49.058845]}, "properties": {"year": 2021, "valeur_fonciere": 329000.0, "type_local": "Maison", "surface_reelle_bati": 95.0, "nombre_pieces_principales": 5.0, "adresse_nom_voie": "RUE DE LA FAUCILLE D'OR", "price_per_sqm": 3463.157894736842, "date_iso": "2021-06-04", "parcelle": "77153000AM0254", "addr_num": "19"}}, {"type": "Feature", "geometry": {"type": "Point", "coordinates": [2.678905, 49.053785]}, "properties": {"year": 2021, "valeur_fonciere": 140000.0, "type_local": "Appartement", "surface_reelle_bati": 37.0, "nombre_pieces_principales": 2.0, "adresse_nom_voie": "COUR SAINTE ANNE", "price_per_sqm": 3783.7837837837837, "date_iso": "2021-06-01", "parcelle": "77153000AB0114", "addr_num": "9006"}}, {"type": "Feature", "geometry": {"type": "Point", "coordinates": [2.679321, 49.063843]}, "properties": {"year": 2021, "valeur_fonciere": 289090.0, "type_local": "Maison", "surface_reelle_bati": 79.0, "nombre_pieces_principales": 4.0, "adresse_nom_voie": "AV ROBERT BADINTER", "price_per_sqm": 3659.3670886075947, "date_iso": "2021-06-10", "parcelle": "771530000A0996", "addr_num": "21"}}, {"type": "Feature", "geometry": {"type": "Point", "coordinates": [2.679013, 49.063566]}, "properties": {"year": 2021, "valeur_fonciere": 289090.0, "type_local": "Dépendance", "surface_reelle_bati": null, "nombre_pieces_principales": 0.0, "adresse_nom_voie": "AV ROBERT BADINTER", "price_per_sqm": null, "date_iso": "2021-06-10", "parcelle": "771530000A1031", "addr_num": "1031"}}, {"type": "Feature", "geometry": {"type": "Point", "coordinates": [2.678995, 49.063545]}, "properties": {"year": 2021, "valeur_fonciere": 289090.0, "type_local": "Dépendance", "surface_reelle_bati": null, "nombre_pieces_principales": 0.0, "adresse_nom_voie": "AV ROBERT BADINTER", "price_per_sqm": null, "date_iso": "2021-06-10", "parcelle": "771530000A1032", "addr_num": "1032"}}, {"type": "Feature", "geometry": {"type": "Point", "coordinates": [2.678905, 49.053785]}, "properties": {"year": 2021, "valeur_fonciere": 115000.0, "type_local": "Dépendance", "surface_reelle_bati": null, "nombre_pieces_principales": 0.0, "adresse_nom_voie": "COUR SAINTE ANNE", "price_per_sqm": null, "date_iso": "2021-06-10", "parcelle": "77153000AB0114", "addr_num": "9006"}}, {"type": "Feature", "geometry": {"type": "Point", "coordinates": [2.678905, 49.053785]}, "properties": {"year": 2021, "valeur_fonciere": 115000.0, "type_local": "Dépendance", "surface_reelle_bati": null, "nombre_pieces_principales": 0.0, "adresse_nom_voie": "COUR SAINTE ANNE", "price_per_sqm": null, "date_iso": "2021-06-10", "parcelle": "77153000AB0114", "addr_num": "9006"}}, {"type": "Feature", "geometry": {"type": "Point", "coordinates": [2.678905, 49.053785]}, "properties": {"year": 2021, "valeur_fonciere": 115000.0, "type_local": "Appartement", "surface_reelle_bati": 37.0, "nombre_pieces_principales": 2.0, "adresse_nom_voie": "COUR SAINTE ANNE", "price_per_sqm": 3108.108108108108, "date_iso": "2021-06-10", "parcelle": "77153000AB0114", "addr_num": "9006"}}, {"type": "Feature", "geometry": {"type": "Point", "coordinates": [2.67974, 49.053631]}, "properties": {"year": 2021, "valeur_fonciere": 10000.0, "type_local": "Dépendance", "surface_reelle_bati": null, "nombre_pieces_principales": 0.0, "adresse_nom_voie": "RUE DE LA LIBERATION", "price_per_sqm": null, "date_iso": "2021-06-14", "parcelle": "77153000AD0023", "addr_num": "7"}}, {"type": "Feature", "geometry": {"type": "Point", "coordinates": [2.676844, 49.053486]}, "properties": {"year": 2021, "valeur_fonciere": 157000.0, "type_local": "Appartement", "surface_reelle_bati": 39.0, "nombre_pieces_principales": 2.0, "adresse_nom_voie": "RUE DU GENERAL DE GAULLE", "price_per_sqm": 4025.641025641026, "date_iso": "2021-06-11", "parcelle": "77153000AB0342", "addr_num": "34"}}, {"type": "Feature", "geometry": {"type": "Point", "coordinates": [2.676844, 49.053486]}, "properties": {"year": 2021, "valeur_fonciere": 157000.0, "type_local": "Dépendance", "surface_reelle_bati": null, "nombre_pieces_principales": 0.0, "adresse_nom_voie": "RUE DU GENERAL DE GAULLE", "price_per_sqm": null, "date_iso": "2021-06-11", "parcelle": "77153000AB0342", "addr_num": "34"}}, {"type": "Feature", "geometry": {"type": "Point", "coordinates": [2.685069, 49.053172]}, "properties": {"year": 2021, "valeur_fonciere": 207000.0, "type_local": "Dépendance", "surface_reelle_bati": null, "nombre_pieces_principales": 0.0, "adresse_nom_voie": "RLE DU BUAT", "price_per_sqm": null, "date_iso": "2021-05-26", "parcelle": "77153000AD0107", "addr_num": "2"}}, {"type": "Feature", "geometry": {"type": "Point", "coordinates": [2.685069, 49.053172]}, "properties": {"year": 2021, "valeur_fonciere": 207000.0, "type_local": "Appartement", "surface_reelle_bati": 78.0, "nombre_pieces_principales": 3.0, "adresse_nom_voie": "RUE DE MEAUX", "price_per_sqm": 2653.846153846154, "date_iso": "2021-05-26", "parcelle": "77153000AD0107", "addr_num": "25"}}, {"type": "Feature", "geometry": {"type": "Point", "coordinates": [2.685069, 49.053172]}, "properties": {"year": 2021, "valeur_fonciere": 207000.0, "type_local": "Dépendance", "surface_reelle_bati": null, "nombre_pieces_principales": 0.0, "adresse_nom_voie": "RLE DU BUAT", "price_per_sqm": null, "date_iso": "2021-05-26", "parcelle": "77153000AD0107", "addr_num": "2"}}, {"type": "Feature", "geometry": {"type": "Point", "coordinates": [2.680005, 49.05492]}, "properties": {"year": 2021, "valeur_fonciere": 171000.0, "type_local": "Appartement", "surface_reelle_bati": 59.0, "nombre_pieces_principales": 3.0, "adresse_nom_voie": "RUE GANNEVAL", "price_per_sqm": 2898.3050847457625, "date_iso": "2021-06-10", "parcelle": "77153000AC0213", "addr_num": "12"}}, {"type": "Feature", "geometry": {"type": "Point", "coordinates": [2.680005, 49.05492]}, "properties": {"year": 2021, "valeur_fonciere": 171000.0, "type_local": "Dépendance", "surface_reelle_bati": null, "nombre_pieces_principales": 0.0, "adresse_nom_voie": "RUE GANNEVAL", "price_per_sqm": null, "date_iso": "2021-06-10", "parcelle": "77153000AC0213", "addr_num": "12"}}, {"type": "Feature", "geometry": {"type": "Point", "coordinates": [2.673642, 49.062309]}, "properties": {"year": 2021, "valeur_fonciere": 327000.0, "type_local": "Maison", "surface_reelle_bati": 90.0, "nombre_pieces_principales": 4.0, "adresse_nom_voie": "RUE JACQUELINE AURIOL", "price_per_sqm": 3633.3333333333335, "date_iso": "2021-06-21", "parcelle": "771530000A1807", "addr_num": "14"}}, {"type": "Feature", "geometry": {"type": "Point", "coordinates": [2.670148, 49.056609]}, "properties": {"year": 2021, "valeur_fonciere": 28830.0, "type_local": null, "surface_reelle_bati": null, "nombre_pieces_principales": null, "adresse_nom_voie": "SENTE DE MOUSSY", "price_per_sqm": null, "date_iso": "2021-06-18", "parcelle": "771530000C0861", "addr_num": ""}}, {"type": "Feature", "geometry": {"type": "Point", "coordinates": [2.677785, 49.054106]}, "properties": {"year": 2021, "valeur_fonciere": 104000.0, "type_local": "Dépendance", "surface_reelle_bati": null, "nombre_pieces_principales": 0.0, "adresse_nom_voie": "RUE SAINT JEAN", "price_per_sqm": null, "date_iso": "2021-06-02", "parcelle": "77153000AB0018", "addr_num": "1"}}, {"type": "Feature", "geometry": {"type": "Point", "coordinates": [2.677785, 49.054106]}, "properties": {"year": 2021, "valeur_fonciere": 104000.0, "type_local": "Dépendance", "surface_reelle_bati": null, "nombre_pieces_principales": 0.0, "adresse_nom_voie": "RUE SAINT JEAN", "price_per_sqm": null, "date_iso": "2021-06-02", "parcelle": "77153000AB0018", "addr_num": "1"}}, {"type": "Feature", "geometry": {"type": "Point", "coordinates": [2.677785, 49.054106]}, "properties": {"year": 2021, "valeur_fonciere": 104000.0, "type_local": "Local industriel. commercial ou assimilé", "surface_reelle_bati": 62.0, "nombre_pieces_principales": 0.0, "adresse_nom_voie": "RUE SAINT JEAN", "price_per_sqm": 1677.4193548387098, "date_iso": "2021-06-02", "parcelle": "77153000AB0018", "addr_num": "1"}}, {"type": "Feature", "geometry": {"type": "Point", "coordinates": [2.677785, 49.054106]}, "properties": {"year": 2021, "valeur_fonciere": 104000.0, "type_local": "Dépendance", "surface_reelle_bati": null, "nombre_pieces_principales": 0.0, "adresse_nom_voie": "RUE SAINT JEAN", "price_per_sqm": null, "date_iso": "2021-06-02", "parcelle": "77153000AB0018", "addr_num": "1"}}, {"type": "Feature", "geometry": {"type": "Point", "coordinates": [2.678621, 49.055526]}, "properties": {"year": 2021, "valeur_fonciere": 175000.0, "type_local": "Dépendance", "surface_reelle_bati": null, "nombre_pieces_principales": 0.0, "adresse_nom_voie": "RUE GANNEVAL", "price_per_sqm": null, "date_iso": "2021-06-17", "parcelle": "77153000AC0208", "addr_num": "30"}}, {"type": "Feature", "geometry": {"type": "Point", "coordinates": [2.678621, 49.055526]}, "properties": {"year": 2021, "valeur_fonciere": 175000.0, "type_local": "Appartement", "surface_reelle_bati": 46.0, "nombre_pieces_principales": 2.0, "adresse_nom_voie": "RUE GANNEVAL", "price_per_sqm": 3804.3478260869565, "date_iso": "2021-06-17", "parcelle": "77153000AC0208", "addr_num": "30"}}, {"type": "Feature", "geometry": {"type": "Point", "coordinates": [2.68343, 49.053245]}, "properties": {"year": 2021, "valeur_fonciere": 122000.0, "type_local": "Dépendance", "surface_reelle_bati": null, "nombre_pieces_principales": 0.0, "adresse_nom_voie": "RUE DE MEAUX", "price_per_sqm": null, "date_iso": "2021-06-21", "parcelle": "77153000AD0348", "addr_num": "16"}}, {"type": "Feature", "geometry": {"type": "Point", "coordinates": [2.68343, 49.053245]}, "properties": {"year": 2021, "valeur_fonciere": 122000.0, "type_local": "Appartement", "surface_reelle_bati": 27.0, "nombre_pieces_principales": 1.0, "adresse_nom_voie": "RUE DE MEAUX", "price_per_sqm": 4518.518518518518, "date_iso": "2021-06-21", "parcelle": "77153000AD0348", "addr_num": "16"}}, {"type": "Feature", "geometry": {"type": "Point", "coordinates": [2.671389, 49.062779]}, "properties": {"year": 2021, "valeur_fonciere": 146000.0, "type_local": null, "surface_reelle_bati": null, "nombre_pieces_principales": null, "adresse_nom_voie": "AV LUCIE AUBRAC", "price_per_sqm": null, "date_iso": "2021-06-17", "parcelle": "771530000A1895", "addr_num": "7"}}, {"type": "Feature", "geometry": {"type": "Point", "coordinates": [2.697423, 49.057845]}, "properties": {"year": 2021, "valeur_fonciere": 216000.0, "type_local": "Dépendance", "surface_reelle_bati": null, "nombre_pieces_principales": 0.0, "adresse_nom_voie": "AV DU MARECHAL LECLERC", "price_per_sqm": null, "date_iso": "2021-06-18", "parcelle": "77153000AM0113", "addr_num": "73"}}, {"type": "Feature", "geometry": {"type": "Point", "coordinates": [2.697423, 49.057845]}, "properties": {"year": 2021, "valeur_fonciere": 216000.0, "type_local": "Appartement", "surface_reelle_bati": 68.0, "nombre_pieces_principales": 4.0, "adresse_nom_voie": "AV DU MARECHAL LECLERC", "price_per_sqm": 3176.470588235294, "date_iso": "2021-06-18", "parcelle": "77153000AM0113", "addr_num": "73"}}, {"type": "Feature", "geometry": {"type": "Point", "coordinates": [2.670616, 49.056723]}, "properties": {"year": 2021, "valeur_fonciere": 34725.0, "type_local": null, "surface_reelle_bati": null, "nombre_pieces_principales": null, "adresse_nom_voie": "SENTE DE MOUSSY", "price_per_sqm": null, "date_iso": "2021-06-18", "parcelle": "771530000C0860", "addr_num": ""}}, {"type": "Feature", "geometry": {"type": "Point", "coordinates": [2.690275, 49.061112]}, "properties": {"year": 2021, "valeur_fonciere": 370000.0, "type_local": "Maison", "surface_reelle_bati": 135.0, "nombre_pieces_principales": 9.0, "adresse_nom_voie": "ALL DES MURIERS", "price_per_sqm": 2740.740740740741, "date_iso": "2021-06-10", "parcelle": "77153000AN0124", "addr_num": "11"}}, {"type": "Feature", "geometry": {"type": "Point", "coordinates": [2.690275, 49.061112]}, "properties": {"year": 2021, "valeur_fonciere": 370000.0, "type_local": "Maison", "surface_reelle_bati": 135.0, "nombre_pieces_principales": 9.0, "adresse_nom_voie": "ALL DES MURIERS", "price_per_sqm": 2740.740740740741, "date_iso": "2021-06-10", "parcelle": "77153000AN0124", "addr_num": "11"}}, {"type": "Feature", "geometry": {"type": "Point", "coordinates": [2.675633, 49.064589]}, "properties": {"year": 2021, "valeur_fonciere": 355000.0, "type_local": "Maison", "surface_reelle_bati": 99.0, "nombre_pieces_principales": 5.0, "adresse_nom_voie": "RUE LEONARD DE VINCI", "price_per_sqm": 3585.8585858585857, "date_iso": "2021-06-24", "parcelle": "771530000A1474", "addr_num": "3"}}, {"type": "Feature", "geometry": {"type": "Point", "coordinates": [2.679853, 49.053887]}, "properties": {"year": 2021, "valeur_fonciere": 109000.0, "type_local": "Dépendance", "surface_reelle_bati": null, "nombre_pieces_principales": 0.0, "adresse_nom_voie": "RUE DE LA LIBERATION", "price_per_sqm": null, "date_iso": "2021-05-31", "parcelle": "77153000AD0002", "addr_num": "1"}}, {"type": "Feature", "geometry": {"type": "Point", "coordinates": [2.679853, 49.053887]}, "properties": {"year": 2021, "valeur_fonciere": 109000.0, "type_local": "Local industriel. commercial ou assimilé", "surface_reelle_bati": 48.0, "nombre_pieces_principales": 0.0, "adresse_nom_voie": "RUE DE LA LIBERATION", "price_per_sqm": 2270.8333333333335, "date_iso": "2021-05-31", "parcelle": "77153000AD0002", "addr_num": "1"}}, {"type": "Feature", "geometry": {"type": "Point", "coordinates": [2.679853, 49.053887]}, "properties": {"year": 2021, "valeur_fonciere": 109000.0, "type_local": "Dépendance", "surface_reelle_bati": null, "nombre_pieces_principales": 0.0, "adresse_nom_voie": "RUE DE LA LIBERATION", "price_per_sqm": null, "date_iso": "2021-05-31", "parcelle": "77153000AD0002", "addr_num": "1"}}, {"type": "Feature", "geometry": {"type": "Point", "coordinates": [2.680371, 49.058567]}, "properties": {"year": 2021, "valeur_fonciere": 5000.0, "type_local": null, "surface_reelle_bati": null, "nombre_pieces_principales": null, "adresse_nom_voie": "LA MARE GAUSSERIE", "price_per_sqm": null, "date_iso": "2021-06-23", "parcelle": "77153000AP0146", "addr_num": ""}}, {"type": "Feature", "geometry": {"type": "Point", "coordinates": [2.690807, 49.063287]}, "properties": {"year": 2021, "valeur_fonciere": 335000.0, "type_local": "Maison", "surface_reelle_bati": 122.0, "nombre_pieces_principales": 6.0, "adresse_nom_voie": "ALL DE LA CERISAIE", "price_per_sqm": 2745.901639344262, "date_iso": "2021-06-25", "parcelle": "77153000AN0102", "addr_num": "8"}}, {"type": "Feature", "geometry": {"type": "Point", "coordinates": [2.690807, 49.063287]}, "properties": {"year": 2021, "valeur_fonciere": 335000.0, "type_local": "Maison", "surface_reelle_bati": 122.0, "nombre_pieces_principales": 6.0, "adresse_nom_voie": "ALL DE LA CERISAIE", "price_per_sqm": 2745.901639344262, "date_iso": "2021-06-25", "parcelle": "77153000AN0102", "addr_num": "8"}}, {"type": "Feature", "geometry": {"type": "Point", "coordinates": [2.677887, 49.054885]}, "properties": {"year": 2021, "valeur_fonciere": 137000.0, "type_local": "Appartement", "surface_reelle_bati": 34.0, "nombre_pieces_principales": 2.0, "adresse_nom_voie": "RUE SAINT JEAN", "price_per_sqm": 4029.4117647058824, "date_iso": "2021-06-25", "parcelle": "77153000AB0256", "addr_num": "10"}}, {"type": "Feature", "geometry": {"type": "Point", "coordinates": [2.678055, 49.054861]}, "properties": {"year": 2021, "valeur_fonciere": 137000.0, "type_local": "Dépendance", "surface_reelle_bati": null, "nombre_pieces_principales": 0.0, "adresse_nom_voie": "RUE SAINT JEAN", "price_per_sqm": null, "date_iso": "2021-06-25", "parcelle": "77153000AB0292", "addr_num": "10"}}, {"type": "Feature", "geometry": {"type": "Point", "coordinates": [2.67866, 49.053817]}, "properties": {"year": 2021, "valeur_fonciere": 136650.0, "type_local": "Appartement", "surface_reelle_bati": 48.0, "nombre_pieces_principales": 2.0, "adresse_nom_voie": "RUE DU GENERAL DE GAULLE", "price_per_sqm": 2846.875, "date_iso": "2021-06-09", "parcelle": "77153000AB0118", "addr_num": "84"}}, {"type": "Feature", "geometry": {"type": "Point", "coordinates": [2.689108, 49.062506]}, "properties": {"year": 2021, "valeur_fonciere": 338000.0, "type_local": "Dépendance", "surface_reelle_bati": null, "nombre_pieces_principales": 0.0, "adresse_nom_voie": "RUE HENRI DUNANT", "price_per_sqm": null, "date_iso": "2021-06-30", "parcelle": "77153000AN0151", "addr_num": "11"}}, {"type": "Feature", "geometry": {"type": "Point", "coordinates": [2.689108, 49.062506]}, "properties": {"year": 2021, "valeur_fonciere": 338000.0, "type_local": "Maison", "surface_reelle_bati": 115.0, "nombre_pieces_principales": 6.0, "adresse_nom_voie": "RUE HENRI DUNANT", "price_per_sqm": 2939.1304347826085, "date_iso": "2021-06-30", "parcelle": "77153000AN0151", "addr_num": "11"}}, {"type": "Feature", "geometry": {"type": "Point", "coordinates": [2.669528, 49.056766]}, "properties": {"year": 2021, "valeur_fonciere": 16275.0, "type_local": null, "surface_reelle_bati": null, "nombre_pieces_principales": null, "adresse_nom_voie": "SENTE DE MOUSSY", "price_per_sqm": null, "date_iso": "2021-07-01", "parcelle": "771530000C0862", "addr_num": ""}}, {"type": "Feature", "geometry": {"type": "Point", "coordinates": [2.69147, 49.062643]}, "properties": {"year": 2021, "valeur_fonciere": 342000.0, "type_local": "Maison", "surface_reelle_bati": 75.0, "nombre_pieces_principales": 4.0, "adresse_nom_voie": "ALL DE LA CERISAIE", "price_per_sqm": 4560.0, "date_iso": "2021-07-02", "parcelle": "77153000AN0172", "addr_num": "13"}}, {"type": "Feature", "geometry": {"type": "Point", "coordinates": [2.682448, 49.053997]}, "properties": {"year": 2021, "valeur_fonciere": 89000.0, "type_local": "Appartement", "surface_reelle_bati": 45.0, "nombre_pieces_principales": 1.0, "adresse_nom_voie": "RUE DU GENERAL DE GAULLE", "price_per_sqm": 1977.7777777777778, "date_iso": "2021-07-06", "parcelle": "77153000AC0193", "addr_num": "153"}}, {"type": "Feature", "geometry": {"type": "Point", "coordinates": [2.684241, 49.06439]}, "properties": {"year": 2021, "valeur_fonciere": 349000.0, "type_local": "Dépendance", "surface_reelle_bati": null, "nombre_pieces_principales": 0.0, "adresse_nom_voie": "RUE RONSARD", "price_per_sqm": null, "date_iso": "2021-06-16", "parcelle": "77153000AO0336", "addr_num": "6"}}, {"type": "Feature", "geometry": {"type": "Point", "coordinates": [2.684241, 49.06439]}, "properties": {"year": 2021, "valeur_fonciere": 349000.0, "type_local": "Maison", "surface_reelle_bati": 107.0, "nombre_pieces_principales": 6.0, "adresse_nom_voie": "RUE RONSARD", "price_per_sqm": 3261.6822429906542, "date_iso": "2021-06-16", "parcelle": "77153000AO0336", "addr_num": "6"}}, {"type": "Feature", "geometry": {"type": "Point", "coordinates": [2.673401, 49.0646]}, "properties": {"year": 2021, "valeur_fonciere": 146000.0, "type_local": null, "surface_reelle_bati": null, "nombre_pieces_principales": null, "adresse_nom_voie": "RUE COCO CHANEL", "price_per_sqm": null, "date_iso": "2021-07-05", "parcelle": "771530000A2002", "addr_num": "6"}}, {"type": "Feature", "geometry": {"type": "Point", "coordinates": [2.670889, 49.053003]}, "properties": {"year": 2021, "valeur_fonciere": 280000.0, "type_local": "Maison", "surface_reelle_bati": 73.0, "nombre_pieces_principales": 4.0, "adresse_nom_voie": "AV DE SAINT GUINFORT", "price_per_sqm": 3835.6164383561645, "date_iso": "2021-07-02", "parcelle": "771530000C0516", "addr_num": "25"}}, {"type": "Feature", "geometry": {"type": "Point", "coordinates": [2.675918, 49.053704]}, "properties": {"year": 2021, "valeur_fonciere": 125000.0, "type_local": "Dépendance", "surface_reelle_bati": null, "nombre_pieces_principales": 0.0, "adresse_nom_voie": "RUE DU GENERAL DE GAULLE", "price_per_sqm": null, "date_iso": "2021-06-29", "parcelle": "77153000AB0314", "addr_num": "27"}}, {"type": "Feature", "geometry": {"type": "Point", "coordinates": [2.675918, 49.053704]}, "properties": {"year": 2021, "valeur_fonciere": 125000.0, "type_local": "Appartement", "surface_reelle_bati": 32.0, "nombre_pieces_principales": 2.0, "adresse_nom_voie": "RUE DU GENERAL DE GAULLE", "price_per_sqm": 3906.25, "date_iso": "2021-06-29", "parcelle": "77153000AB0314", "addr_num": "27"}}, {"type": "Feature", "geometry": {"type": "Point", "coordinates": [2.677522, 49.064175]}, "properties": {"year": 2021, "valeur_fonciere": 197400.0, "type_local": "Dépendance", "surface_reelle_bati": null, "nombre_pieces_principales": 0.0, "adresse_nom_voie": "RUE FRANCOISE SAGAN", "price_per_sqm": null, "date_iso": "2021-07-09", "parcelle": "771530000A1166", "addr_num": "1"}}, {"type": "Feature", "geometry": {"type": "Point", "coordinates": [2.677522, 49.064175]}, "properties": {"year": 2021, "valeur_fonciere": 197400.0, "type_local": "Dépendance", "surface_reelle_bati": null, "nombre_pieces_principales": 0.0, "adresse_nom_voie": "RUE FRANCOISE SAGAN", "price_per_sqm": null, "date_iso": "2021-07-09", "parcelle": "771530000A1166", "addr_num": "1"}}, {"type": "Feature", "geometry": {"type": "Point", "coordinates": [2.677522, 49.064175]}, "properties": {"year": 2021, "valeur_fonciere": 197400.0, "type_local": "Appartement", "surface_reelle_bati": 55.0, "nombre_pieces_principales": 3.0, "adresse_nom_voie": "RUE FRANCOISE SAGAN", "price_per_sqm": 3589.090909090909, "date_iso": "2021-07-09", "parcelle": "771530000A1166", "addr_num": "1"}}, {"type": "Feature", "geometry": {"type": "Point", "coordinates": [2.67055, 49.063131]}, "properties": {"year": 2021, "valeur_fonciere": 337000.0, "type_local": "Maison", "surface_reelle_bati": 115.0, "nombre_pieces_principales": 5.0, "adresse_nom_voie": "RUE JOSEPHINE BAKER", "price_per_sqm": 2930.4347826086955, "date_iso": "2021-07-02", "parcelle": "771530000A1859", "addr_num": "7"}}, {"type": "Feature", "geometry": {"type": "Point", "coordinates": [2.680005, 49.05492]}, "properties": {"year": 2021, "valeur_fonciere": 148000.0, "type_local": "Dépendance", "surface_reelle_bati": null, "nombre_pieces_principales": 0.0, "adresse_nom_voie": "RUE GANNEVAL", "price_per_sqm": null, "date_iso": "2021-07-02", "parcelle": "77153000AC0213", "addr_num": "12"}}, {"type": "Feature", "geometry": {"type": "Point", "coordinates": [2.680005, 49.05492]}, "properties": {"year": 2021, "valeur_fonciere": 148000.0, "type_local": "Appartement", "surface_reelle_bati": 37.0, "nombre_pieces_principales": 2.0, "adresse_nom_voie": "RUE GANNEVAL", "price_per_sqm": 4000.0, "date_iso": "2021-07-02", "parcelle": "77153000AC0213", "addr_num": "12"}}, {"type": "Feature", "geometry": {"type": "Point", "coordinates": [2.68489, 49.060141]}, "properties": {"year": 2021, "valeur_fonciere": 470000.0, "type_local": "Maison", "surface_reelle_bati": 152.0, "nombre_pieces_principales": 6.0, "adresse_nom_voie": "RTE D EVE", "price_per_sqm": 3092.1052631578946, "date_iso": "2021-07-09", "parcelle": "77153000AK0369", "addr_num": "23"}}, {"type": "Feature", "geometry": {"type": "Point", "coordinates": [2.68489, 49.060141]}, "properties": {"year": 2021, "valeur_fonciere": 470000.0, "type_local": "Maison", "surface_reelle_bati": 152.0, "nombre_pieces_principales": 6.0, "adresse_nom_voie": "RTE D EVE", "price_per_sqm": 3092.1052631578946, "date_iso": "2021-07-09", "parcelle": "77153000AK0369", "addr_num": "23"}}, {"type": "Feature", "geometry": {"type": "Point", "coordinates": [2.696476, 49.058957]}, "properties": {"year": 2021, "valeur_fonciere": 396088.0, "type_local": "Maison", "surface_reelle_bati": 130.0, "nombre_pieces_principales": 6.0, "adresse_nom_voie": "RUE DE LA FAUCILLE D'OR", "price_per_sqm": 3046.8307692307694, "date_iso": "2021-07-09", "parcelle": "77153000AM0253", "addr_num": "17"}}, {"type": "Feature", "geometry": {"type": "Point", "coordinates": [2.696476, 49.058957]}, "properties": {"year": 2021, "valeur_fonciere": 396088.0, "type_local": "Maison", "surface_reelle_bati": 130.0, "nombre_pieces_principales": 6.0, "adresse_nom_voie": "RUE DE LA FAUCILLE D'OR", "price_per_sqm": 3046.8307692307694, "date_iso": "2021-07-09", "parcelle": "77153000AM0253", "addr_num": "17"}}, {"type": "Feature", "geometry": {"type": "Point", "coordinates": [2.677085, 49.052069]}, "properties": {"year": 2021, "valeur_fonciere": 600.0, "type_local": null, "surface_reelle_bati": null, "nombre_pieces_principales": null, "adresse_nom_voie": "LE GUE", "price_per_sqm": null, "date_iso": "2021-07-12", "parcelle": "77153000ZN0179", "addr_num": ""}}, {"type": "Feature", "geometry": {"type": "Point", "coordinates": [2.687943, 49.053848]}, "properties": {"year": 2021, "valeur_fonciere": 315000.0, "type_local": "Dépendance", "surface_reelle_bati": null, "nombre_pieces_principales": 0.0, "adresse_nom_voie": "AV DU MARECHAL LECLERC", "price_per_sqm": null, "date_iso": "2021-07-16", "parcelle": "77153000AE0056", "addr_num": "19"}}, {"type": "Feature", "geometry": {"type": "Point", "coordinates": [2.687943, 49.053848]}, "properties": {"year": 2021, "valeur_fonciere": 315000.0, "type_local": "Dépendance", "surface_reelle_bati": null, "nombre_pieces_principales": 0.0, "adresse_nom_voie": "AV DU MARECHAL LECLERC", "price_per_sqm": null, "date_iso": "2021-07-16", "parcelle": "77153000AE0056", "addr_num": "19"}}, {"type": "Feature", "geometry": {"type": "Point", "coordinates": [2.687943, 49.053848]}, "properties": {"year": 2021, "valeur_fonciere": 315000.0, "type_local": "Maison", "surface_reelle_bati": 108.0, "nombre_pieces_principales": 5.0, "adresse_nom_voie": "AV DU MARECHAL LECLERC", "price_per_sqm": 2916.6666666666665, "date_iso": "2021-07-16", "parcelle": "77153000AE0056", "addr_num": "19"}}, {"type": "Feature", "geometry": {"type": "Point", "coordinates": [2.687943, 49.053848]}, "properties": {"year": 2021, "valeur_fonciere": 315000.0, "type_local": "Dépendance", "surface_reelle_bati": null, "nombre_pieces_principales": 0.0, "adresse_nom_voie": "AV DU MARECHAL LECLERC", "price_per_sqm": null, "date_iso": "2021-07-16", "parcelle": "77153000AE0056", "addr_num": "19"}}, {"type": "Feature", "geometry": {"type": "Point", "coordinates": [2.687943, 49.053848]}, "properties": {"year": 2021, "valeur_fonciere": 315000.0, "type_local": "Dépendance", "surface_reelle_bati": null, "nombre_pieces_principales": 0.0, "adresse_nom_voie": "AV DU MARECHAL LECLERC", "price_per_sqm": null, "date_iso": "2021-07-16", "parcelle": "77153000AE0056", "addr_num": "19"}}, {"type": "Feature", "geometry": {"type": "Point", "coordinates": [2.687943, 49.053848]}, "properties": {"year": 2021, "valeur_fonciere": 315000.0, "type_local": "Maison", "surface_reelle_bati": 108.0, "nombre_pieces_principales": 5.0, "adresse_nom_voie": "AV DU MARECHAL LECLERC", "price_per_sqm": 2916.6666666666665, "date_iso": "2021-07-16", "parcelle": "77153000AE0056", "addr_num": "19"}}, {"type": "Feature", "geometry": {"type": "Point", "coordinates": [2.696447, 49.057939]}, "properties": {"year": 2021, "valeur_fonciere": 178755.0, "type_local": "Dépendance", "surface_reelle_bati": null, "nombre_pieces_principales": 0.0, "adresse_nom_voie": "AV DU MARECHAL LECLERC", "price_per_sqm": null, "date_iso": "2021-06-23", "parcelle": "77153000AM0105", "addr_num": "67"}}, {"type": "Feature", "geometry": {"type": "Point", "coordinates": [2.696447, 49.057939]}, "properties": {"year": 2021, "valeur_fonciere": 178755.0, "type_local": "Appartement", "surface_reelle_bati": 58.0, "nombre_pieces_principales": 3.0, "adresse_nom_voie": "AV DU MARECHAL LECLERC", "price_per_sqm": 3081.9827586206898, "date_iso": "2021-06-23", "parcelle": "77153000AM0105", "addr_num": "67"}}, {"type": "Feature", "geometry": {"type": "Point", "coordinates": [2.696447, 49.057939]}, "properties": {"year": 2021, "valeur_fonciere": 178755.0, "type_local": "Dépendance", "surface_reelle_bati": null, "nombre_pieces_principales": 0.0, "adresse_nom_voie": "AV DU MARECHAL LECLERC", "price_per_sqm": null, "date_iso": "2021-06-23", "parcelle": "77153000AM0105", "addr_num": "67"}}, {"type": "Feature", "geometry": {"type": "Point", "coordinates": [2.678553, 49.048982]}, "properties": {"year": 2021, "valeur_fonciere": 349000.0, "type_local": "Maison", "surface_reelle_bati": 107.0, "nombre_pieces_principales": 5.0, "adresse_nom_voie": "RUE DE LA LIBERATION", "price_per_sqm": 3261.6822429906542, "date_iso": "2021-07-20", "parcelle": "771530000D0508", "addr_num": "59"}}, {"type": "Feature", "geometry": {"type": "Point", "coordinates": [2.678553, 49.048982]}, "properties": {"year": 2021, "valeur_fonciere": 349000.0, "type_local": "Maison", "surface_reelle_bati": 107.0, "nombre_pieces_principales": 5.0, "adresse_nom_voie": "RUE DE LA LIBERATION", "price_per_sqm": 3261.6822429906542, "date_iso": "2021-07-20", "parcelle": "771530000D0508", "addr_num": "59"}}, {"type": "Feature", "geometry": {"type": "Point", "coordinates": [2.680392, 49.053889]}, "properties": {"year": 2021, "valeur_fonciere": 162000.0, "type_local": "Dépendance", "surface_reelle_bati": null, "nombre_pieces_principales": 0.0, "adresse_nom_voie": "RUE DU GENERAL DE GAULLE", "price_per_sqm": null, "date_iso": "2021-07-20", "parcelle": "77153000AD0359", "addr_num": "122"}}, {"type": "Feature", "geometry": {"type": "Point", "coordinates": [2.680392, 49.053889]}, "properties": {"year": 2021, "valeur_fonciere": 162000.0, "type_local": "Appartement", "surface_reelle_bati": 47.0, "nombre_pieces_principales": 2.0, "adresse_nom_voie": "RUE DU GENERAL DE GAULLE", "price_per_sqm": 3446.808510638298, "date_iso": "2021-07-20", "parcelle": "77153000AD0359", "addr_num": "122"}}, {"type": "Feature", "geometry": {"type": "Point", "coordinates": [2.679985, 49.063786]}, "properties": {"year": 2021, "valeur_fonciere": 261000.0, "type_local": "Maison", "surface_reelle_bati": 79.0, "nombre_pieces_principales": 4.0, "adresse_nom_voie": "AV ROBERT BADINTER", "price_per_sqm": 3303.7974683544303, "date_iso": "2021-07-16", "parcelle": "771530000A0932", "addr_num": "11"}}, {"type": "Feature", "geometry": {"type": "Point", "coordinates": [2.679774, 49.063534]}, "properties": {"year": 2021, "valeur_fonciere": 261000.0, "type_local": "Dépendance", "surface_reelle_bati": null, "nombre_pieces_principales": 0.0, "adresse_nom_voie": "AV ROBERT BADINTER", "price_per_sqm": null, "date_iso": "2021-07-16", "parcelle": "771530000A0949", "addr_num": "11"}}, {"type": "Feature", "geometry": {"type": "Point", "coordinates": [2.679774, 49.063534]}, "properties": {"year": 2021, "valeur_fonciere": 261000.0, "type_local": "Dépendance", "surface_reelle_bati": null, "nombre_pieces_principales": 0.0, "adresse_nom_voie": "AV ROBERT BADINTER", "price_per_sqm": null, "date_iso": "2021-07-16", "parcelle": "771530000A0949", "addr_num": "11"}}, {"type": "Feature", "geometry": {"type": "Point", "coordinates": [2.667924, 49.057494]}, "properties": {"year": 2021, "valeur_fonciere": 484000.0, "type_local": "Maison", "surface_reelle_bati": 137.0, "nombre_pieces_principales": 5.0, "adresse_nom_voie": "CHE DES JONCS", "price_per_sqm": 3532.8467153284673, "date_iso": "2021-07-21", "parcelle": "771530000A1444", "addr_num": "10"}}, {"type": "Feature", "geometry": {"type": "Point", "coordinates": [2.667851, 49.057534]}, "properties": {"year": 2021, "valeur_fonciere": 484000.0, "type_local": null, "surface_reelle_bati": null, "nombre_pieces_principales": null, "adresse_nom_voie": "CHE DES JONCS", "price_per_sqm": null, "date_iso": "2021-07-21", "parcelle": "771530000A1445", "addr_num": "10"}}, {"type": "Feature", "geometry": {"type": "Point", "coordinates": [2.668293, 49.057217]}, "properties": {"year": 2021, "valeur_fonciere": 484000.0, "type_local": null, "surface_reelle_bati": null, "nombre_pieces_principales": null, "adresse_nom_voie": "CHE DES JONCS", "price_per_sqm": null, "date_iso": "2021-07-21", "parcelle": "771530000A1446", "addr_num": "10"}}, {"type": "Feature", "geometry": {"type": "Point", "coordinates": [2.678716, 49.063858]}, "properties": {"year": 2021, "valeur_fonciere": 273200.0, "type_local": "Maison", "surface_reelle_bati": 80.0, "nombre_pieces_principales": 4.0, "adresse_nom_voie": "AV ROBERT BADINTER", "price_per_sqm": 3415.0, "date_iso": "2021-07-23", "parcelle": "771530000A0990", "addr_num": "33"}}, {"type": "Feature", "geometry": {"type": "Point", "coordinates": [2.678739, 49.063623]}, "properties": {"year": 2021, "valeur_fonciere": 273200.0, "type_local": "Dépendance", "surface_reelle_bati": null, "nombre_pieces_principales": 0.0, "adresse_nom_voie": "AV ROBERT BADINTER", "price_per_sqm": null, "date_iso": "2021-07-23", "parcelle": "771530000A1021", "addr_num": "1021"}}, {"type": "Feature", "geometry": {"type": "Point", "coordinates": [2.678728, 49.063715]}, "properties": {"year": 2021, "valeur_fonciere": 273200.0, "type_local": "Dépendance", "surface_reelle_bati": null, "nombre_pieces_principales": 0.0, "adresse_nom_voie": "AV ROBERT BADINTER", "price_per_sqm": null, "date_iso": "2021-07-23", "parcelle": "771530000A1024", "addr_num": "1024"}}, {"type": "Feature", "geometry": {"type": "Point", "coordinates": [2.68165, 49.054934]}, "properties": {"year": 2021, "valeur_fonciere": 120500.0, "type_local": "Appartement", "surface_reelle_bati": 50.0, "nombre_pieces_principales": 2.0, "adresse_nom_voie": "RUE DE L HOTEL DIEU", "price_per_sqm": 2410.0, "date_iso": "2021-07-23", "parcelle": "77153000AC0082", "addr_num": "8"}}, {"type": "Feature", "geometry": {"type": "Point", "coordinates": [2.68165, 49.054934]}, "properties": {"year": 2021, "valeur_fonciere": 120500.0, "type_local": "Dépendance", "surface_reelle_bati": null, "nombre_pieces_principales": 0.0, "adresse_nom_voie": "RUE DE L HOTEL DIEU", "price_per_sqm": null, "date_iso": "2021-07-23", "parcelle": "77153000AC0082", "addr_num": "8"}}, {"type": "Feature", "geometry": {"type": "Point", "coordinates": [2.682283, 49.054003]}, "properties": {"year": 2021, "valeur_fonciere": 98000.0, "type_local": "Appartement", "surface_reelle_bati": 33.0, "nombre_pieces_principales": 1.0, "adresse_nom_voie": "RUE DU GENERAL DE GAULLE", "price_per_sqm": 2969.6969696969695, "date_iso": "2021-07-23", "parcelle": "77153000AC0199", "addr_num": "149"}}, {"type": "Feature", "geometry": {"type": "Point", "coordinates": [2.683435, 49.056426]}, "properties": {"year": 2021, "valeur_fonciere": 283000.0, "type_local": "Maison", "surface_reelle_bati": 110.0, "nombre_pieces_principales": 3.0, "adresse_nom_voie": "RUE LE PATIS", "price_per_sqm": 2572.7272727272725, "date_iso": "2021-07-23", "parcelle": "77153000AE0090", "addr_num": "5"}}, {"type": "Feature", "geometry": {"type": "Point", "coordinates": [2.681184, 49.053839]}, "properties": {"year": 2021, "valeur_fonciere": 260000.0, "type_local": "Dépendance", "surface_reelle_bati": null, "nombre_pieces_principales": 0.0, "adresse_nom_voie": "RUE DU GENERAL DE GAULLE", "price_per_sqm": null, "date_iso": "2021-07-27", "parcelle": "77153000AD0014", "addr_num": "134"}}, {"type": "Feature", "geometry": {"type": "Point", "coordinates": [2.680913, 49.053742]}, "properties": {"year": 2021, "valeur_fonciere": 260000.0, "type_local": "Maison", "surface_reelle_bati": 100.0, "nombre_pieces_principales": 3.0, "adresse_nom_voie": "RUE LETESSIER", "price_per_sqm": 2600.0, "date_iso": "2021-07-27", "parcelle": "77153000AD0413", "addr_num": "2"}}, {"type": "Feature", "geometry": {"type": "Point", "coordinates": [2.666693, 49.056975]}, "properties": {"year": 2021, "valeur_fonciere": 410000.0, "type_local": "Maison", "surface_reelle_bati": 129.0, "nombre_pieces_principales": 5.0, "adresse_nom_voie": "ALL DES GENETS", "price_per_sqm": 3178.294573643411, "date_iso": "2021-07-27", "parcelle": "771530000A0857", "addr_num": "11"}}, {"type": "Feature", "geometry": {"type": "Point", "coordinates": [2.679597, 49.054971]}, "properties": {"year": 2021, "valeur_fonciere": 115000.0, "type_local": "Appartement", "surface_reelle_bati": 44.0, "nombre_pieces_principales": 2.0, "adresse_nom_voie": "RUE GANNEVAL", "price_per_sqm": 2613.6363636363635, "date_iso": "2021-07-05", "parcelle": "77153000AC0171", "addr_num": "18"}}, {"type": "Feature", "geometry": {"type": "Point", "coordinates": [2.690779, 49.060576]}, "properties": {"year": 2021, "valeur_fonciere": 330000.0, "type_local": "Maison", "surface_reelle_bati": 80.0, "nombre_pieces_principales": 4.0, "adresse_nom_voie": "ALL DES MURIERS", "price_per_sqm": 4125.0, "date_iso": "2021-07-06", "parcelle": "77153000AN0261", "addr_num": "5"}}, {"type": "Feature", "geometry": {"type": "Point", "coordinates": [2.690779, 49.060576]}, "properties": {"year": 2021, "valeur_fonciere": 330000.0, "type_local": "Maison", "surface_reelle_bati": 80.0, "nombre_pieces_principales": 4.0, "adresse_nom_voie": "ALL DES MURIERS", "price_per_sqm": 4125.0, "date_iso": "2021-07-06", "parcelle": "77153000AN0261", "addr_num": "5"}}, {"type": "Feature", "geometry": {"type": "Point", "coordinates": [2.680023, 49.050797]}, "properties": {"year": 2021, "valeur_fonciere": 356000.0, "type_local": "Maison", "surface_reelle_bati": 114.0, "nombre_pieces_principales": 5.0, "adresse_nom_voie": "CHEM DES PRES", "price_per_sqm": 3122.8070175438597, "date_iso": "2021-07-02", "parcelle": "771530000D0531", "addr_num": "2"}}, {"type": "Feature", "geometry": {"type": "Point", "coordinates": [2.67909, 49.063067]}, "properties": {"year": 2021, "valeur_fonciere": 328000.0, "type_local": "Maison", "surface_reelle_bati": 91.0, "nombre_pieces_principales": 4.0, "adresse_nom_voie": "RUE DU DOCTEUR CALMETTE", "price_per_sqm": 3604.3956043956046, "date_iso": "2021-07-30", "parcelle": "771530000A1244", "addr_num": "4"}}, {"type": "Feature", "geometry": {"type": "Point", "coordinates": [2.67909, 49.063067]}, "properties": {"year": 2021, "valeur_fonciere": 328000.0, "type_local": "Maison", "surface_reelle_bati": 91.0, "nombre_pieces_principales": 4.0, "adresse_nom_voie": "RUE DU DOCTEUR CALMETTE", "price_per_sqm": 3604.3956043956046, "date_iso": "2021-07-30", "parcelle": "771530000A1244", "addr_num": "4"}}, {"type": "Feature", "geometry": {"type": "Point", "coordinates": [2.685069, 49.053172]}, "properties": {"year": 2021, "valeur_fonciere": 30000.0, "type_local": "Dépendance", "surface_reelle_bati": null, "nombre_pieces_principales": 0.0, "adresse_nom_voie": "RLE DU BUAT", "price_per_sqm": null, "date_iso": "2021-07-20", "parcelle": "77153000AD0107", "addr_num": "2"}}, {"type": "Feature", "geometry": {"type": "Point", "coordinates": [2.685069, 49.053172]}, "properties": {"year": 2021, "valeur_fonciere": 30000.0, "type_local": "Dépendance", "surface_reelle_bati": null, "nombre_pieces_principales": 0.0, "adresse_nom_voie": "RLE DU BUAT", "price_per_sqm": null, "date_iso": "2021-07-20", "parcelle": "77153000AD0107", "addr_num": "2"}}, {"type": "Feature", "geometry": {"type": "Point", "coordinates": [2.685069, 49.053172]}, "properties": {"year": 2021, "valeur_fonciere": 30000.0, "type_local": "Dépendance", "surface_reelle_bati": null, "nombre_pieces_principales": 0.0, "adresse_nom_voie": "RLE DU BUAT", "price_per_sqm": null, "date_iso": "2021-07-20", "parcelle": "77153000AD0107", "addr_num": "2"}}, {"type": "Feature", "geometry": {"type": "Point", "coordinates": [2.685069, 49.053172]}, "properties": {"year": 2021, "valeur_fonciere": 30000.0, "type_local": "Dépendance", "surface_reelle_bati": null, "nombre_pieces_principales": 0.0, "adresse_nom_voie": "RLE DU BUAT", "price_per_sqm": null, "date_iso": "2021-07-20", "parcelle": "77153000AD0107", "addr_num": "2"}}, {"type": "Feature", "geometry": {"type": "Point", "coordinates": [2.685069, 49.053172]}, "properties": {"year": 2021, "valeur_fonciere": 30000.0, "type_local": "Dépendance", "surface_reelle_bati": null, "nombre_pieces_principales": 0.0, "adresse_nom_voie": "RLE DU BUAT", "price_per_sqm": null, "date_iso": "2021-07-20", "parcelle": "77153000AD0107", "addr_num": "2"}}, {"type": "Feature", "geometry": {"type": "Point", "coordinates": [2.670497, 49.053013]}, "properties": {"year": 2021, "valeur_fonciere": 347368.0, "type_local": "Maison", "surface_reelle_bati": 73.0, "nombre_pieces_principales": 4.0, "adresse_nom_voie": "AV DE SAINT GUINFORT", "price_per_sqm": 4758.465753424657, "date_iso": "2021-07-30", "parcelle": "771530000C0518", "addr_num": "21"}}, {"type": "Feature", "geometry": {"type": "Point", "coordinates": [2.674183, 49.06056]}, "properties": {"year": 2021, "valeur_fonciere": 168640.0, "type_local": "Dépendance", "surface_reelle_bati": null, "nombre_pieces_principales": 0.0, "adresse_nom_voie": "AV JEAN JAURES", "price_per_sqm": null, "date_iso": "2021-07-28", "parcelle": "771530000A1637", "addr_num": "5"}}, {"type": "Feature", "geometry": {"type": "Point", "coordinates": [2.674183, 49.06056]}, "properties": {"year": 2021, "valeur_fonciere": 168640.0, "type_local": "Dépendance", "surface_reelle_bati": null, "nombre_pieces_principales": 0.0, "adresse_nom_voie": "AV JEAN JAURES", "price_per_sqm": null, "date_iso": "2021-07-28", "parcelle": "771530000A1637", "addr_num": "5"}}, {"type": "Feature", "geometry": {"type": "Point", "coordinates": [2.674183, 49.06056]}, "properties": {"year": 2021, "valeur_fonciere": 168640.0, "type_local": "Appartement", "surface_reelle_bati": 41.0, "nombre_pieces_principales": 2.0, "adresse_nom_voie": "AV JEAN JAURES", "price_per_sqm": 4113.170731707317, "date_iso": "2021-07-28", "parcelle": "771530000A1637", "addr_num": "5"}}, {"type": "Feature", "geometry": {"type": "Point", "coordinates": [2.672454, 49.062923]}, "properties": {"year": 2021, "valeur_fonciere": 147000.0, "type_local": null, "surface_reelle_bati": null, "nombre_pieces_principales": null, "adresse_nom_voie": "RUE SIMONE VEIL", "price_per_sqm": null, "date_iso": "2021-07-29", "parcelle": "771530000A1954", "addr_num": "7"}}, {"type": "Feature", "geometry": {"type": "Point", "coordinates": [2.692081, 49.057948]}, "properties": {"year": 2021, "valeur_fonciere": 350000.0, "type_local": "Maison", "surface_reelle_bati": 89.0, "nombre_pieces_principales": 6.0, "adresse_nom_voie": "RUE BELLE ANGEVINE", "price_per_sqm": 3932.5842696629215, "date_iso": "2021-08-04", "parcelle": "77153000AL0116", "addr_num": "67"}}, {"type": "Feature", "geometry": {"type": "Point", "coordinates": [2.696447, 49.057939]}, "properties": {"year": 2021, "valeur_fonciere": 200000.0, "type_local": "Dépendance", "surface_reelle_bati": null, "nombre_pieces_principales": 0.0, "adresse_nom_voie": "AV DU MARECHAL LECLERC", "price_per_sqm": null, "date_iso": "2021-08-04", "parcelle": "77153000AM0105", "addr_num": "67"}}, {"type": "Feature", "geometry": {"type": "Point", "coordinates": [2.696447, 49.057939]}, "properties": {"year": 2021, "valeur_fonciere": 200000.0, "type_local": "Dépendance", "surface_reelle_bati": null, "nombre_pieces_principales": 0.0, "adresse_nom_voie": "AV DU MARECHAL LECLERC", "price_per_sqm": null, "date_iso": "2021-08-04", "parcelle": "77153000AM0105", "addr_num": "67"}}, {"type": "Feature", "geometry": {"type": "Point", "coordinates": [2.696447, 49.057939]}, "properties": {"year": 2021, "valeur_fonciere": 200000.0, "type_local": "Appartement", "surface_reelle_bati": 65.0, "nombre_pieces_principales": 3.0, "adresse_nom_voie": "AV DU MARECHAL LECLERC", "price_per_sqm": 3076.923076923077, "date_iso": "2021-08-04", "parcelle": "77153000AM0105", "addr_num": "67"}}, {"type": "Feature", "geometry": {"type": "Point", "coordinates": [2.688866, 49.052441]}, "properties": {"year": 2021, "valeur_fonciere": 165000.0, "type_local": null, "surface_reelle_bati": null, "nombre_pieces_principales": null, "adresse_nom_voie": "BD DE LA GARE", "price_per_sqm": null, "date_iso": "2021-08-05", "parcelle": "77153000AH0003", "addr_num": "7"}}, {"type": "Feature", "geometry": {"type": "Point", "coordinates": [2.688812, 49.052308]}, "properties": {"year": 2021, "valeur_fonciere": 165000.0, "type_local": null, "surface_reelle_bati": null, "nombre_pieces_principales": null, "adresse_nom_voie": "BD DE LA GARE", "price_per_sqm": null, "date_iso": "2021-08-05", "parcelle": "77153000AH0548", "addr_num": "7"}}, {"type": "Feature", "geometry": {"type": "Point", "coordinates": [2.688714, 49.052291]}, "properties": {"year": 2021, "valeur_fonciere": 165000.0, "type_local": null, "surface_reelle_bati": null, "nombre_pieces_principales": null, "adresse_nom_voie": "BD DE LA GARE", "price_per_sqm": null, "date_iso": "2021-08-05", "parcelle": "77153000AH0551", "addr_num": "7"}}, {"type": "Feature", "geometry": {"type": "Point", "coordinates": [2.685366, 49.058107]}, "properties": {"year": 2021, "valeur_fonciere": 326600.0, "type_local": "Maison", "surface_reelle_bati": 122.0, "nombre_pieces_principales": 5.0, "adresse_nom_voie": "AV DES VERGERS", "price_per_sqm": 2677.0491803278687, "date_iso": "2021-07-21", "parcelle": "77153000AK0323", "addr_num": "84"}}, {"type": "Feature", "geometry": {"type": "Point", "coordinates": [2.677552, 49.053483]}, "properties": {"year": 2021, "valeur_fonciere": 300000.0, "type_local": null, "surface_reelle_bati": null, "nombre_pieces_principales": null, "adresse_nom_voie": "PARIS", "price_per_sqm": null, "date_iso": "2021-08-02", "parcelle": "77153000AB0252", "addr_num": ""}}, {"type": "Feature", "geometry": {"type": "Point", "coordinates": [2.677501, 49.053641]}, "properties": {"year": 2021, "valeur_fonciere": 300000.0, "type_local": "Maison", "surface_reelle_bati": 77.0, "nombre_pieces_principales": 2.0, "adresse_nom_voie": "RUE DU GENERAL DE GAULLE", "price_per_sqm": 3896.103896103896, "date_iso": "2021-08-02", "parcelle": "77153000AB0255", "addr_num": "52"}}, {"type": "Feature", "geometry": {"type": "Point", "coordinates": [2.677501, 49.053641]}, "properties": {"year": 2021, "valeur_fonciere": 300000.0, "type_local": "Dépendance", "surface_reelle_bati": null, "nombre_pieces_principales": 0.0, "adresse_nom_voie": "RUE DU GENERAL DE GAULLE", "price_per_sqm": null, "date_iso": "2021-08-02", "parcelle": "77153000AB0255", "addr_num": "52"}}, {"type": "Feature", "geometry": {"type": "Point", "coordinates": [2.677501, 49.053641]}, "properties": {"year": 2021, "valeur_fonciere": 300000.0, "type_local": "Local industriel. commercial ou assimilé", "surface_reelle_bati": 150.0, "nombre_pieces_principales": 0.0, "adresse_nom_voie": "RUE DU GENERAL DE GAULLE", "price_per_sqm": 2000.0, "date_iso": "2021-08-02", "parcelle": "77153000AB0255", "addr_num": "52"}}, {"type": "Feature", "geometry": {"type": "Point", "coordinates": [2.670679, 49.053348]}, "properties": {"year": 2021, "valeur_fonciere": 310000.0, "type_local": "Maison", "surface_reelle_bati": 73.0, "nombre_pieces_principales": 4.0, "adresse_nom_voie": "AV DE SAINT GUINFORT", "price_per_sqm": 4246.575342465753, "date_iso": "2021-08-05", "parcelle": "771530000C0537", "addr_num": "24"}}, {"type": "Feature", "geometry": {"type": "Point", "coordinates": [2.68219, 49.062566]}, "properties": {"year": 2021, "valeur_fonciere": 313900.0, "type_local": "Maison", "surface_reelle_bati": 105.0, "nombre_pieces_principales": 5.0, "adresse_nom_voie": "RUE FRANCOIS VILLON", "price_per_sqm": 2989.5238095238096, "date_iso": "2021-07-30", "parcelle": "77153000AO0247", "addr_num": "22"}}, {"type": "Feature", "geometry": {"type": "Point", "coordinates": [2.684894, 49.05314]}, "properties": {"year": 2021, "valeur_fonciere": 95000.0, "type_local": "Appartement", "surface_reelle_bati": 23.0, "nombre_pieces_principales": 1.0, "adresse_nom_voie": "RUE DE MEAUX", "price_per_sqm": 4130.434782608696, "date_iso": "2021-08-05", "parcelle": "77153000AD0105", "addr_num": "21"}}, {"type": "Feature", "geometry": {"type": "Point", "coordinates": [2.685069, 49.053172]}, "properties": {"year": 2021, "valeur_fonciere": 95000.0, "type_local": "Dépendance", "surface_reelle_bati": null, "nombre_pieces_principales": 0.0, "adresse_nom_voie": "RLE DU BUAT", "price_per_sqm": null, "date_iso": "2021-08-05", "parcelle": "77153000AD0107", "addr_num": "2"}}, {"type": "Feature", "geometry": {"type": "Point", "coordinates": [2.684894, 49.05314]}, "properties": {"year": 2021, "valeur_fonciere": 129000.0, "type_local": "Appartement", "surface_reelle_bati": 29.0, "nombre_pieces_principales": 1.0, "adresse_nom_voie": "RUE DE MEAUX", "price_per_sqm": 4448.275862068966, "date_iso": "2021-08-05", "parcelle": "77153000AD0105", "addr_num": "21"}}, {"type": "Feature", "geometry": {"type": "Point", "coordinates": [2.685069, 49.053172]}, "properties": {"year": 2021, "valeur_fonciere": 129000.0, "type_local": "Dépendance", "surface_reelle_bati": null, "nombre_pieces_principales": 0.0, "adresse_nom_voie": "RLE DU BUAT", "price_per_sqm": null, "date_iso": "2021-08-05", "parcelle": "77153000AD0107", "addr_num": "2"}}, {"type": "Feature", "geometry": {"type": "Point", "coordinates": [2.685069, 49.053172]}, "properties": {"year": 2021, "valeur_fonciere": 129000.0, "type_local": "Dépendance", "surface_reelle_bati": null, "nombre_pieces_principales": 0.0, "adresse_nom_voie": "RLE DU BUAT", "price_per_sqm": null, "date_iso": "2021-08-05", "parcelle": "77153000AD0107", "addr_num": "2"}}, {"type": "Feature", "geometry": {"type": "Point", "coordinates": [2.690769, 49.058272]}, "properties": {"year": 2021, "valeur_fonciere": 296366.0, "type_local": "Dépendance", "surface_reelle_bati": null, "nombre_pieces_principales": 0.0, "adresse_nom_voie": "RUE BELLE ANGEVINE", "price_per_sqm": null, "date_iso": "2021-08-12", "parcelle": "77153000AL0109", "addr_num": "53"}}, {"type": "Feature", "geometry": {"type": "Point", "coordinates": [2.690769, 49.058272]}, "properties": {"year": 2021, "valeur_fonciere": 296366.0, "type_local": "Maison", "surface_reelle_bati": 81.0, "nombre_pieces_principales": 5.0, "adresse_nom_voie": "RUE BELLE ANGEVINE", "price_per_sqm": 3658.8395061728397, "date_iso": "2021-08-12", "parcelle": "77153000AL0109", "addr_num": "53"}}, {"type": "Feature", "geometry": {"type": "Point", "coordinates": [2.675188, 49.060984]}, "properties": {"year": 2021, "valeur_fonciere": 279000.0, "type_local": "Dépendance", "surface_reelle_bati": null, "nombre_pieces_principales": 0.0, "adresse_nom_voie": "RUE LEONARD DE VINCI", "price_per_sqm": null, "date_iso": "2021-08-20", "parcelle": "771530000A1580", "addr_num": "52"}}, {"type": "Feature", "geometry": {"type": "Point", "coordinates": [2.675188, 49.060984]}, "properties": {"year": 2021, "valeur_fonciere": 279000.0, "type_local": "Dépendance", "surface_reelle_bati": null, "nombre_pieces_principales": 0.0, "adresse_nom_voie": "RUE LEONARD DE VINCI", "price_per_sqm": null, "date_iso": "2021-08-20", "parcelle": "771530000A1580", "addr_num": "52"}}, {"type": "Feature", "geometry": {"type": "Point", "coordinates": [2.675188, 49.060984]}, "properties": {"year": 2021, "valeur_fonciere": 279000.0, "type_local": "Dépendance", "surface_reelle_bati": null, "nombre_pieces_principales": 0.0, "adresse_nom_voie": "RUE LEONARD DE VINCI", "price_per_sqm": null, "date_iso": "2021-08-20", "parcelle": "771530000A1580", "addr_num": "52"}}, {"type": "Feature", "geometry": {"type": "Point", "coordinates": [2.675188, 49.060984]}, "properties": {"year": 2021, "valeur_fonciere": 279000.0, "type_local": "Maison", "surface_reelle_bati": 79.0, "nombre_pieces_principales": 4.0, "adresse_nom_voie": "RUE LEONARD DE VINCI", "price_per_sqm": 3531.6455696202534, "date_iso": "2021-08-20", "parcelle": "771530000A1580", "addr_num": "52"}}, {"type": "Feature", "geometry": {"type": "Point", "coordinates": [2.674991, 49.061011]}, "properties": {"year": 2021, "valeur_fonciere": 279000.0, "type_local": null, "surface_reelle_bati": null, "nombre_pieces_principales": null, "adresse_nom_voie": "LA FOLLE EMPRINCE", "price_per_sqm": null, "date_iso": "2021-08-20", "parcelle": "771530000A1604", "addr_num": ""}}, {"type": "Feature", "geometry": {"type": "Point", "coordinates": [2.674986, 49.060987]}, "properties": {"year": 2021, "valeur_fonciere": 279000.0, "type_local": null, "surface_reelle_bati": null, "nombre_pieces_principales": null, "adresse_nom_voie": "LA FOLLE EMPRINCE", "price_per_sqm": null, "date_iso": "2021-08-20", "parcelle": "771530000A1620", "addr_num": ""}}, {"type": "Feature", "geometry": {"type": "Point", "coordinates": [2.681933, 49.05897]}, "properties": {"year": 2021, "valeur_fonciere": 415000.0, "type_local": null, "surface_reelle_bati": null, "nombre_pieces_principales": null, "adresse_nom_voie": "AV DE L EUROPE", "price_per_sqm": null, "date_iso": "2021-07-27", "parcelle": "771530000B1088", "addr_num": "26"}}, {"type": "Feature", "geometry": {"type": "Point", "coordinates": [2.682504, 49.058928]}, "properties": {"year": 2021, "valeur_fonciere": 415000.0, "type_local": "Dépendance", "surface_reelle_bati": null, "nombre_pieces_principales": 0.0, "adresse_nom_voie": "AV DE L EUROPE", "price_per_sqm": null, "date_iso": "2021-07-27", "parcelle": "771530000B1089", "addr_num": "32"}}, {"type": "Feature", "geometry": {"type": "Point", "coordinates": [2.682504, 49.058928]}, "properties": {"year": 2021, "valeur_fonciere": 415000.0, "type_local": "Dépendance", "surface_reelle_bati": null, "nombre_pieces_principales": 0.0, "adresse_nom_voie": "AV DE L EUROPE", "price_per_sqm": null, "date_iso": "2021-07-27", "parcelle": "771530000B1089", "addr_num": "32"}}, {"type": "Feature", "geometry": {"type": "Point", "coordinates": [2.682504, 49.058928]}, "properties": {"year": 2021, "valeur_fonciere": 415000.0, "type_local": "Maison", "surface_reelle_bati": 102.0, "nombre_pieces_principales": 7.0, "adresse_nom_voie": "AV DE L EUROPE", "price_per_sqm": 4068.627450980392, "date_iso": "2021-07-27", "parcelle": "771530000B1089", "addr_num": "32"}}, {"type": "Feature", "geometry": {"type": "Point", "coordinates": [2.682504, 49.058928]}, "properties": {"year": 2021, "valeur_fonciere": 415000.0, "type_local": "Maison", "surface_reelle_bati": 102.0, "nombre_pieces_principales": 7.0, "adresse_nom_voie": "AV DE L EUROPE", "price_per_sqm": 4068.627450980392, "date_iso": "2021-07-27", "parcelle": "771530000B1089", "addr_num": "32"}}, {"type": "Feature", "geometry": {"type": "Point", "coordinates": [2.69346, 49.05814]}, "properties": {"year": 2021, "valeur_fonciere": 270500.0, "type_local": "Dépendance", "surface_reelle_bati": null, "nombre_pieces_principales": 0.0, "adresse_nom_voie": "AV DU DRAP D OR", "price_per_sqm": null, "date_iso": "2021-08-23", "parcelle": "77153000AL0016", "addr_num": "69"}}, {"type": "Feature", "geometry": {"type": "Point", "coordinates": [2.69346, 49.05814]}, "properties": {"year": 2021, "valeur_fonciere": 270500.0, "type_local": "Maison", "surface_reelle_bati": 92.0, "nombre_pieces_principales": 5.0, "adresse_nom_voie": "AV DU DRAP D OR", "price_per_sqm": 2940.217391304348, "date_iso": "2021-08-23", "parcelle": "77153000AL0016", "addr_num": "69"}}, {"type": "Feature", "geometry": {"type": "Point", "coordinates": [2.68165, 49.054934]}, "properties": {"year": 2021, "valeur_fonciere": 78800.0, "type_local": "Appartement", "surface_reelle_bati": 27.0, "nombre_pieces_principales": 1.0, "adresse_nom_voie": "RUE DE L HOTEL DIEU", "price_per_sqm": 2918.5185185185187, "date_iso": "2021-08-26", "parcelle": "77153000AC0082", "addr_num": "8"}}, {"type": "Feature", "geometry": {"type": "Point", "coordinates": [2.684126, 49.053904]}, "properties": {"year": 2021, "valeur_fonciere": 129580.0, "type_local": "Appartement", "surface_reelle_bati": 35.0, "nombre_pieces_principales": 2.0, "adresse_nom_voie": "RUE LAVOLLEE", "price_per_sqm": 3702.285714285714, "date_iso": "2021-08-31", "parcelle": "77153000AC0215", "addr_num": "49"}}, {"type": "Feature", "geometry": {"type": "Point", "coordinates": [2.684126, 49.053904]}, "properties": {"year": 2021, "valeur_fonciere": 129580.0, "type_local": "Dépendance", "surface_reelle_bati": null, "nombre_pieces_principales": 0.0, "adresse_nom_voie": "RUE DU GENERAL DE GAULLE", "price_per_sqm": null, "date_iso": "2021-08-31", "parcelle": "77153000AC0215", "addr_num": "169"}}, {"type": "Feature", "geometry": {"type": "Point", "coordinates": [2.670516, 49.064609]}, "properties": {"year": 2021, "valeur_fonciere": 375000.0, "type_local": "Maison", "surface_reelle_bati": 113.0, "nombre_pieces_principales": 5.0, "adresse_nom_voie": "RUE ROSA PARKS", "price_per_sqm": 3318.5840707964603, "date_iso": "2021-08-26", "parcelle": "771530000A1818", "addr_num": "22"}}, {"type": "Feature", "geometry": {"type": "Point", "coordinates": [2.696185, 49.060066]}, "properties": {"year": 2021, "valeur_fonciere": 435000.0, "type_local": "Maison", "surface_reelle_bati": 99.0, "nombre_pieces_principales": 5.0, "adresse_nom_voie": "RUE DES BLES D'OR", "price_per_sqm": 4393.939393939394, "date_iso": "2021-08-30", "parcelle": "77153000AM0360", "addr_num": "16"}}, {"type": "Feature", "geometry": {"type": "Point", "coordinates": [2.696185, 49.060066]}, "properties": {"year": 2021, "valeur_fonciere": 435000.0, "type_local": "Dépendance", "surface_reelle_bati": null, "nombre_pieces_principales": 0.0, "adresse_nom_voie": "RUE DES BLES D'OR", "price_per_sqm": null, "date_iso": "2021-08-30", "parcelle": "77153000AM0360", "addr_num": "16"}}, {"type": "Feature", "geometry": {"type": "Point", "coordinates": [2.695018, 49.058238]}, "properties": {"year": 2021, "valeur_fonciere": 350000.0, "type_local": "Maison", "surface_reelle_bati": 96.0, "nombre_pieces_principales": 5.0, "adresse_nom_voie": "ALL DE LA HERSE D OR", "price_per_sqm": 3645.8333333333335, "date_iso": "2021-08-19", "parcelle": "77153000AM0194", "addr_num": "36"}}, {"type": "Feature", "geometry": {"type": "Point", "coordinates": [2.695018, 49.058238]}, "properties": {"year": 2021, "valeur_fonciere": 350000.0, "type_local": "Maison", "surface_reelle_bati": 96.0, "nombre_pieces_principales": 5.0, "adresse_nom_voie": "ALL DE LA HERSE D OR", "price_per_sqm": 3645.8333333333335, "date_iso": "2021-08-19", "parcelle": "77153000AM0194", "addr_num": "36"}}, {"type": "Feature", "geometry": {"type": "Point", "coordinates": [2.69179, 49.061917]}, "properties": {"year": 2021, "valeur_fonciere": 192000.0, "type_local": null, "surface_reelle_bati": null, "nombre_pieces_principales": null, "adresse_nom_voie": "ALL DES MERISIERS", "price_per_sqm": null, "date_iso": "2021-09-01", "parcelle": "77153000AN0164", "addr_num": "6"}}, {"type": "Feature", "geometry": {"type": "Point", "coordinates": [2.69179, 49.061917]}, "properties": {"year": 2021, "valeur_fonciere": 192000.0, "type_local": null, "surface_reelle_bati": null, "nombre_pieces_principales": null, "adresse_nom_voie": "ALL DES MERISIERS", "price_per_sqm": null, "date_iso": "2021-09-01", "parcelle": "77153000AN0164", "addr_num": "6"}}, {"type": "Feature", "geometry": {"type": "Point", "coordinates": [2.69179, 49.061917]}, "properties": {"year": 2021, "valeur_fonciere": 192000.0, "type_local": "Dépendance", "surface_reelle_bati": null, "nombre_pieces_principales": 0.0, "adresse_nom_voie": "ALL DES MERISIERS", "price_per_sqm": null, "date_iso": "2021-09-01", "parcelle": "77153000AN0164", "addr_num": "6"}}, {"type": "Feature", "geometry": {"type": "Point", "coordinates": [2.69179, 49.061917]}, "properties": {"year": 2021, "valeur_fonciere": 192000.0, "type_local": "Dépendance", "surface_reelle_bati": null, "nombre_pieces_principales": 0.0, "adresse_nom_voie": "ALL DES MERISIERS", "price_per_sqm": null, "date_iso": "2021-09-01", "parcelle": "77153000AN0164", "addr_num": "6"}}, {"type": "Feature", "geometry": {"type": "Point", "coordinates": [2.69179, 49.061917]}, "properties": {"year": 2021, "valeur_fonciere": 192000.0, "type_local": "Appartement", "surface_reelle_bati": 40.0, "nombre_pieces_principales": 2.0, "adresse_nom_voie": "ALL DES MERISIERS", "price_per_sqm": 4800.0, "date_iso": "2021-09-01", "parcelle": "77153000AN0164", "addr_num": "6"}}, {"type": "Feature", "geometry": {"type": "Point", "coordinates": [2.677552, 49.053444]}, "properties": {"year": 2021, "valeur_fonciere": 239000.0, "type_local": null, "surface_reelle_bati": null, "nombre_pieces_principales": null, "adresse_nom_voie": "PARIS", "price_per_sqm": null, "date_iso": "2021-08-31", "parcelle": "77153000AB0253", "addr_num": ""}}, {"type": "Feature", "geometry": {"type": "Point", "coordinates": [2.677486, 49.053442]}, "properties": {"year": 2021, "valeur_fonciere": 239000.0, "type_local": null, "surface_reelle_bati": null, "nombre_pieces_principales": null, "adresse_nom_voie": "PARIS", "price_per_sqm": null, "date_iso": "2021-08-31", "parcelle": "77153000AB0254", "addr_num": ""}}, {"type": "Feature", "geometry": {"type": "Point", "coordinates": [2.677497, 49.05341]}, "properties": {"year": 2021, "valeur_fonciere": 239000.0, "type_local": "Dépendance", "surface_reelle_bati": null, "nombre_pieces_principales": 0.0, "adresse_nom_voie": "RUE DES OULCHES", "price_per_sqm": null, "date_iso": "2021-08-31", "parcelle": "77153000AB0305", "addr_num": "14"}}, {"type": "Feature", "geometry": {"type": "Point", "coordinates": [2.677497, 49.05341]}, "properties": {"year": 2021, "valeur_fonciere": 239000.0, "type_local": "Maison", "surface_reelle_bati": 84.0, "nombre_pieces_principales": 4.0, "adresse_nom_voie": "RUE DES OULCHES", "price_per_sqm": 2845.2380952380954, "date_iso": "2021-08-31", "parcelle": "77153000AB0305", "addr_num": "14"}}, {"type": "Feature", "geometry": {"type": "Point", "coordinates": [2.67756, 49.053399]}, "properties": {"year": 2021, "valeur_fonciere": 239000.0, "type_local": null, "surface_reelle_bati": null, "nombre_pieces_principales": null, "adresse_nom_voie": "RUE DES OULCHES", "price_per_sqm": null, "date_iso": "2021-08-31", "parcelle": "77153000AB0319", "addr_num": ""}}, {"type": "Feature", "geometry": {"type": "Point", "coordinates": [2.693475, 49.061758]}, "properties": {"year": 2021, "valeur_fonciere": 370000.0, "type_local": "Dépendance", "surface_reelle_bati": null, "nombre_pieces_principales": 0.0, "adresse_nom_voie": "ALL DE LA HERSE D OR", "price_per_sqm": null, "date_iso": "2021-09-03", "parcelle": "77153000AM0055", "addr_num": "2"}}, {"type": "Feature", "geometry": {"type": "Point", "coordinates": [2.693475, 49.061758]}, "properties": {"year": 2021, "valeur_fonciere": 370000.0, "type_local": "Dépendance", "surface_reelle_bati": null, "nombre_pieces_principales": 0.0, "adresse_nom_voie": "ALL DE LA HERSE D OR", "price_per_sqm": null, "date_iso": "2021-09-03", "parcelle": "77153000AM0055", "addr_num": "2"}}, {"type": "Feature", "geometry": {"type": "Point", "coordinates": [2.693475, 49.061758]}, "properties": {"year": 2021, "valeur_fonciere": 370000.0, "type_local": "Maison", "surface_reelle_bati": 83.0, "nombre_pieces_principales": 4.0, "adresse_nom_voie": "ALL DE LA HERSE D OR", "price_per_sqm": 4457.831325301205, "date_iso": "2021-09-03", "parcelle": "77153000AM0055", "addr_num": "2"}}, {"type": "Feature", "geometry": {"type": "Point", "coordinates": [2.693475, 49.061758]}, "properties": {"year": 2021, "valeur_fonciere": 370000.0, "type_local": "Maison", "surface_reelle_bati": 83.0, "nombre_pieces_principales": 4.0, "adresse_nom_voie": "ALL DE LA HERSE D OR", "price_per_sqm": 4457.831325301205, "date_iso": "2021-09-03", "parcelle": "77153000AM0055", "addr_num": "2"}}, {"type": "Feature", "geometry": {"type": "Point", "coordinates": [2.670228, 49.054248]}, "properties": {"year": 2021, "valeur_fonciere": 320000.0, "type_local": "Maison", "surface_reelle_bati": 98.0, "nombre_pieces_principales": 4.0, "adresse_nom_voie": "AV DE L'EAU BONNE PROLONGEE", "price_per_sqm": 3265.3061224489797, "date_iso": "2021-08-27", "parcelle": "771530000C0641", "addr_num": "3"}}, {"type": "Feature", "geometry": {"type": "Point", "coordinates": [2.678355, 49.053831]}, "properties": {"year": 2021, "valeur_fonciere": 212500.0, "type_local": "Maison", "surface_reelle_bati": 67.0, "nombre_pieces_principales": 3.0, "adresse_nom_voie": "RUE DU GENERAL DE GAULLE", "price_per_sqm": 3171.6417910447763, "date_iso": "2021-08-30", "parcelle": "77153000AB0125", "addr_num": "76"}}, {"type": "Feature", "geometry": {"type": "Point", "coordinates": [2.697423, 49.057845]}, "properties": {"year": 2021, "valeur_fonciere": 211000.0, "type_local": "Appartement", "surface_reelle_bati": 57.0, "nombre_pieces_principales": 3.0, "adresse_nom_voie": "AV DU MARECHAL LECLERC", "price_per_sqm": 3701.754385964912, "date_iso": "2021-09-13", "parcelle": "77153000AM0113", "addr_num": "73"}}, {"type": "Feature", "geometry": {"type": "Point", "coordinates": [2.697423, 49.057845]}, "properties": {"year": 2021, "valeur_fonciere": 211000.0, "type_local": "Dépendance", "surface_reelle_bati": null, "nombre_pieces_principales": 0.0, "adresse_nom_voie": "AV DU MARECHAL LECLERC", "price_per_sqm": null, "date_iso": "2021-09-13", "parcelle": "77153000AM0113", "addr_num": "73"}}, {"type": "Feature", "geometry": {"type": "Point", "coordinates": [2.694445, 49.054174]}, "properties": {"year": 2021, "valeur_fonciere": 308000.0, "type_local": "Maison", "surface_reelle_bati": 101.0, "nombre_pieces_principales": 6.0, "adresse_nom_voie": "AV DU MARECHAL LECLERC", "price_per_sqm": 3049.5049504950493, "date_iso": "2021-09-08", "parcelle": "77153000ZE0184", "addr_num": "50"}}, {"type": "Feature", "geometry": {"type": "Point", "coordinates": [2.678005, 49.065454]}, "properties": {"year": 2021, "valeur_fonciere": 278000.0, "type_local": "Maison", "surface_reelle_bati": 74.0, "nombre_pieces_principales": 4.0, "adresse_nom_voie": "RUE FRANCOISE SAGAN", "price_per_sqm": 3756.7567567567567, "date_iso": "2021-09-07", "parcelle": "771530000A1203", "addr_num": "21"}}, {"type": "Feature", "geometry": {"type": "Point", "coordinates": [2.678469, 49.055855]}, "properties": {"year": 2021, "valeur_fonciere": 210000.0, "type_local": null, "surface_reelle_bati": null, "nombre_pieces_principales": null, "adresse_nom_voie": "GANNEVAL", "price_per_sqm": null, "date_iso": "2021-09-06", "parcelle": "77153000AC0011", "addr_num": ""}}, {"type": "Feature", "geometry": {"type": "Point", "coordinates": [2.67827, 49.055659]}, "properties": {"year": 2021, "valeur_fonciere": 210000.0, "type_local": "Maison", "surface_reelle_bati": 71.0, "nombre_pieces_principales": 5.0, "adresse_nom_voie": "RUE GANNEVAL", "price_per_sqm": 2957.7464788732395, "date_iso": "2021-09-06", "parcelle": "77153000AC0195", "addr_num": "40"}}, {"type": "Feature", "geometry": {"type": "Point", "coordinates": [2.686155, 49.054287]}, "properties": {"year": 2021, "valeur_fonciere": 307000.0, "type_local": "Maison", "surface_reelle_bati": 71.0, "nombre_pieces_principales": 3.0, "adresse_nom_voie": "AV DE LA TUILERIE", "price_per_sqm": 4323.943661971831, "date_iso": "2021-09-08", "parcelle": "77153000AE0034", "addr_num": "5"}}, {"type": "Feature", "geometry": {"type": "Point", "coordinates": [2.685006, 49.059784]}, "properties": {"year": 2021, "valeur_fonciere": 137500.0, "type_local": null, "surface_reelle_bati": null, "nombre_pieces_principales": null, "adresse_nom_voie": "RTE D EVE", "price_per_sqm": null, "date_iso": "2021-09-10", "parcelle": "77153000AK0418", "addr_num": ""}}, {"type": "Feature", "geometry": {"type": "Point", "coordinates": [2.685226, 49.059716]}, "properties": {"year": 2021, "valeur_fonciere": 137500.0, "type_local": "Maison", "surface_reelle_bati": 125.0, "nombre_pieces_principales": 6.0, "adresse_nom_voie": "RTE D EVE", "price_per_sqm": 1100.0, "date_iso": "2021-09-10", "parcelle": "77153000AK0503", "addr_num": "22"}}, {"type": "Feature", "geometry": {"type": "Point", "coordinates": [2.685226, 49.059716]}, "properties": {"year": 2021, "valeur_fonciere": 137500.0, "type_local": "Dépendance", "surface_reelle_bati": null, "nombre_pieces_principales": 0.0, "adresse_nom_voie": "RTE D EVE", "price_per_sqm": null, "date_iso": "2021-09-10", "parcelle": "77153000AK0503", "addr_num": "22"}}, {"type": "Feature", "geometry": {"type": "Point", "coordinates": [2.685226, 49.059716]}, "properties": {"year": 2021, "valeur_fonciere": 137500.0, "type_local": "Dépendance", "surface_reelle_bati": null, "nombre_pieces_principales": 0.0, "adresse_nom_voie": "RTE D EVE", "price_per_sqm": null, "date_iso": "2021-09-10", "parcelle": "77153000AK0503", "addr_num": "22"}}, {"type": "Feature", "geometry": {"type": "Point", "coordinates": [2.677413, 49.054797]}, "properties": {"year": 2021, "valeur_fonciere": 15000.0, "type_local": "Dépendance", "surface_reelle_bati": null, "nombre_pieces_principales": 0.0, "adresse_nom_voie": "RUE SAINT JEAN", "price_per_sqm": null, "date_iso": "2021-09-13", "parcelle": "77153000AB0021", "addr_num": "5"}}, {"type": "Feature", "geometry": {"type": "Point", "coordinates": [2.674183, 49.06056]}, "properties": {"year": 2021, "valeur_fonciere": 190000.0, "type_local": "Appartement", "surface_reelle_bati": 60.0, "nombre_pieces_principales": 3.0, "adresse_nom_voie": "AV JEAN JAURES", "price_per_sqm": 3166.6666666666665, "date_iso": "2021-09-14", "parcelle": "771530000A1637", "addr_num": "5"}}, {"type": "Feature", "geometry": {"type": "Point", "coordinates": [2.674183, 49.06056]}, "properties": {"year": 2021, "valeur_fonciere": 190000.0, "type_local": "Dépendance", "surface_reelle_bati": null, "nombre_pieces_principales": 0.0, "adresse_nom_voie": "AV JEAN JAURES", "price_per_sqm": null, "date_iso": "2021-09-14", "parcelle": "771530000A1637", "addr_num": "5"}}, {"type": "Feature", "geometry": {"type": "Point", "coordinates": [2.674183, 49.06056]}, "properties": {"year": 2021, "valeur_fonciere": 190000.0, "type_local": "Dépendance", "surface_reelle_bati": null, "nombre_pieces_principales": 0.0, "adresse_nom_voie": "AV JEAN JAURES", "price_per_sqm": null, "date_iso": "2021-09-14", "parcelle": "771530000A1637", "addr_num": "5"}}, {"type": "Feature", "geometry": {"type": "Point", "coordinates": [2.683741, 49.063128]}, "properties": {"year": 2021, "valeur_fonciere": 213600.0, "type_local": "Appartement", "surface_reelle_bati": 60.0, "nombre_pieces_principales": 3.0, "adresse_nom_voie": "RUE ETIENNE DE LA BOETIE", "price_per_sqm": 3560.0, "date_iso": "2021-08-31", "parcelle": "77153000AO0356", "addr_num": "18"}}, {"type": "Feature", "geometry": {"type": "Point", "coordinates": [2.683741, 49.063128]}, "properties": {"year": 2021, "valeur_fonciere": 213600.0, "type_local": "Dépendance", "surface_reelle_bati": null, "nombre_pieces_principales": 0.0, "adresse_nom_voie": "RUE ETIENNE DE LA BOETIE", "price_per_sqm": null, "date_iso": "2021-08-31", "parcelle": "77153000AO0356", "addr_num": "26"}}, {"type": "Feature", "geometry": {"type": "Point", "coordinates": [2.683741, 49.063128]}, "properties": {"year": 2021, "valeur_fonciere": 213600.0, "type_local": "Dépendance", "surface_reelle_bati": null, "nombre_pieces_principales": 0.0, "adresse_nom_voie": "RUE ETIENNE DE LA BOETIE", "price_per_sqm": null, "date_iso": "2021-08-31", "parcelle": "77153000AO0356", "addr_num": "26"}}, {"type": "Feature", "geometry": {"type": "Point", "coordinates": [2.687404, 49.052507]}, "properties": {"year": 2021, "valeur_fonciere": 320000.0, "type_local": "Maison", "surface_reelle_bati": 92.0, "nombre_pieces_principales": 4.0, "adresse_nom_voie": "RLE DU JARD", "price_per_sqm": 3478.2608695652175, "date_iso": "2021-08-19", "parcelle": "77153000AH0266", "addr_num": "19"}}, {"type": "Feature", "geometry": {"type": "Point", "coordinates": [2.685028, 49.064663]}, "properties": {"year": 2021, "valeur_fonciere": 371000.0, "type_local": "Maison", "surface_reelle_bati": 140.0, "nombre_pieces_principales": 5.0, "adresse_nom_voie": "RUE JEAN JACQUES ROUSSEAU", "price_per_sqm": 2650.0, "date_iso": "2021-09-01", "parcelle": "77153000AO0148", "addr_num": "20"}}, {"type": "Feature", "geometry": {"type": "Point", "coordinates": [2.685028, 49.064663]}, "properties": {"year": 2021, "valeur_fonciere": 371000.0, "type_local": "Maison", "surface_reelle_bati": 140.0, "nombre_pieces_principales": 5.0, "adresse_nom_voie": "RUE JEAN JACQUES ROUSSEAU", "price_per_sqm": 2650.0, "date_iso": "2021-09-01", "parcelle": "77153000AO0148", "addr_num": "20"}}, {"type": "Feature", "geometry": {"type": "Point", "coordinates": [2.692847, 49.06242]}, "properties": {"year": 2021, "valeur_fonciere": 365000.0, "type_local": "Maison", "surface_reelle_bati": 100.0, "nombre_pieces_principales": 4.0, "adresse_nom_voie": "ALL DE LA CERISAIE", "price_per_sqm": 3650.0, "date_iso": "2021-09-17", "parcelle": "77153000AN0048", "addr_num": "5"}}, {"type": "Feature", "geometry": {"type": "Point", "coordinates": [2.692847, 49.06242]}, "properties": {"year": 2021, "valeur_fonciere": 365000.0, "type_local": "Maison", "surface_reelle_bati": 100.0, "nombre_pieces_principales": 4.0, "adresse_nom_voie": "ALL DE LA CERISAIE", "price_per_sqm": 3650.0, "date_iso": "2021-09-17", "parcelle": "77153000AN0048", "addr_num": "5"}}, {"type": "Feature", "geometry": {"type": "Point", "coordinates": [2.693862, 49.054372]}, "properties": {"year": 2021, "valeur_fonciere": 169000.0, "type_local": "Appartement", "surface_reelle_bati": 43.0, "nombre_pieces_principales": 2.0, "adresse_nom_voie": "AV DU MARECHAL LECLERC", "price_per_sqm": 3930.232558139535, "date_iso": "2021-09-16", "parcelle": "77153000AL0329", "addr_num": "63"}}, {"type": "Feature", "geometry": {"type": "Point", "coordinates": [2.693862, 49.054372]}, "properties": {"year": 2021, "valeur_fonciere": 169000.0, "type_local": "Dépendance", "surface_reelle_bati": null, "nombre_pieces_principales": 0.0, "adresse_nom_voie": "AV DU MARECHAL LECLERC", "price_per_sqm": null, "date_iso": "2021-09-16", "parcelle": "77153000AL0329", "addr_num": "63"}}, {"type": "Feature", "geometry": {"type": "Point", "coordinates": [2.698519, 49.058009]}, "properties": {"year": 2021, "valeur_fonciere": 317500.0, "type_local": "Maison", "surface_reelle_bati": 82.0, "nombre_pieces_principales": 5.0, "adresse_nom_voie": "RUE DU BRABANT", "price_per_sqm": 3871.951219512195, "date_iso": "2021-09-15", "parcelle": "77153000AM0158", "addr_num": "15"}}, {"type": "Feature", "geometry": {"type": "Point", "coordinates": [2.698519, 49.058009]}, "properties": {"year": 2021, "valeur_fonciere": 317500.0, "type_local": "Maison", "surface_reelle_bati": 82.0, "nombre_pieces_principales": 5.0, "adresse_nom_voie": "RUE DU BRABANT", "price_per_sqm": 3871.951219512195, "date_iso": "2021-09-15", "parcelle": "77153000AM0158", "addr_num": "15"}}, {"type": "Feature", "geometry": {"type": "Point", "coordinates": [2.6877, 49.055072]}, "properties": {"year": 2021, "valeur_fonciere": 349900.0, "type_local": "Maison", "surface_reelle_bati": 100.0, "nombre_pieces_principales": 4.0, "adresse_nom_voie": "ALL DES SAPINS", "price_per_sqm": 3499.0, "date_iso": "2021-09-22", "parcelle": "771530000B1104", "addr_num": "18"}}, {"type": "Feature", "geometry": {"type": "Point", "coordinates": [2.692624, 49.06204]}, "properties": {"year": 2021, "valeur_fonciere": 209000.0, "type_local": "Appartement", "surface_reelle_bati": 62.0, "nombre_pieces_principales": 3.0, "adresse_nom_voie": "ALL DE L AUBEPINE", "price_per_sqm": 3370.967741935484, "date_iso": "2021-09-27", "parcelle": "77153000AN0057", "addr_num": "5"}}, {"type": "Feature", "geometry": {"type": "Point", "coordinates": [2.692624, 49.06204]}, "properties": {"year": 2021, "valeur_fonciere": 209000.0, "type_local": "Dépendance", "surface_reelle_bati": null, "nombre_pieces_principales": 0.0, "adresse_nom_voie": "ALL DE L AUBEPINE", "price_per_sqm": null, "date_iso": "2021-09-27", "parcelle": "77153000AN0057", "addr_num": "5"}}, {"type": "Feature", "geometry": {"type": "Point", "coordinates": [2.692624, 49.06204]}, "properties": {"year": 2021, "valeur_fonciere": 209000.0, "type_local": "Dépendance", "surface_reelle_bati": null, "nombre_pieces_principales": 0.0, "adresse_nom_voie": "ALL DE L AUBEPINE", "price_per_sqm": null, "date_iso": "2021-09-27", "parcelle": "77153000AN0057", "addr_num": "5"}}, {"type": "Feature", "geometry": {"type": "Point", "coordinates": [2.682282, 49.053019]}, "properties": {"year": 2021, "valeur_fonciere": 126000.0, "type_local": "Appartement", "surface_reelle_bati": 30.0, "nombre_pieces_principales": 1.0, "adresse_nom_voie": "RUE DE MEAUX", "price_per_sqm": 4200.0, "date_iso": "2021-09-20", "parcelle": "77153000AD0371", "addr_num": "1"}}, {"type": "Feature", "geometry": {"type": "Point", "coordinates": [2.682282, 49.053019]}, "properties": {"year": 2021, "valeur_fonciere": 126000.0, "type_local": "Dépendance", "surface_reelle_bati": null, "nombre_pieces_principales": 0.0, "adresse_nom_voie": "RUE DE MEAUX", "price_per_sqm": null, "date_iso": "2021-09-20", "parcelle": "77153000AD0371", "addr_num": "1"}}, {"type": "Feature", "geometry": {"type": "Point", "coordinates": [2.682282, 49.053019]}, "properties": {"year": 2021, "valeur_fonciere": 126000.0, "type_local": "Dépendance", "surface_reelle_bati": null, "nombre_pieces_principales": 0.0, "adresse_nom_voie": "RUE DE MEAUX", "price_per_sqm": null, "date_iso": "2021-09-20", "parcelle": "77153000AD0371", "addr_num": "1"}}, {"type": "Feature", "geometry": {"type": "Point", "coordinates": [2.682448, 49.053997]}, "properties": {"year": 2021, "valeur_fonciere": 137000.0, "type_local": "Appartement", "surface_reelle_bati": 70.0, "nombre_pieces_principales": 3.0, "adresse_nom_voie": "RUE DU GENERAL DE GAULLE", "price_per_sqm": 1957.142857142857, "date_iso": "2021-09-24", "parcelle": "77153000AC0193", "addr_num": "153"}}, {"type": "Feature", "geometry": {"type": "Point", "coordinates": [2.684551, 49.053003]}, "properties": {"year": 2021, "valeur_fonciere": 167500.0, "type_local": "Appartement", "surface_reelle_bati": 54.0, "nombre_pieces_principales": 2.0, "adresse_nom_voie": "RUE DE MEAUX", "price_per_sqm": 3101.8518518518517, "date_iso": "2021-09-29", "parcelle": "77153000AD0363", "addr_num": "19"}}, {"type": "Feature", "geometry": {"type": "Point", "coordinates": [2.684551, 49.053003]}, "properties": {"year": 2021, "valeur_fonciere": 167500.0, "type_local": "Dépendance", "surface_reelle_bati": null, "nombre_pieces_principales": 0.0, "adresse_nom_voie": "RUE DE MEAUX", "price_per_sqm": null, "date_iso": "2021-09-29", "parcelle": "77153000AD0363", "addr_num": "19"}}, {"type": "Feature", "geometry": {"type": "Point", "coordinates": [2.676844, 49.053486]}, "properties": {"year": 2021, "valeur_fonciere": 215000.0, "type_local": "Local industriel. commercial ou assimilé", "surface_reelle_bati": 108.0, "nombre_pieces_principales": 0.0, "adresse_nom_voie": "RUE DU GENERAL DE GAULLE", "price_per_sqm": 1990.7407407407406, "date_iso": "2021-10-01", "parcelle": "77153000AB0342", "addr_num": "34"}}, {"type": "Feature", "geometry": {"type": "Point", "coordinates": [2.676844, 49.053486]}, "properties": {"year": 2021, "valeur_fonciere": 215000.0, "type_local": "Dépendance", "surface_reelle_bati": null, "nombre_pieces_principales": 0.0, "adresse_nom_voie": "RUE DU GENERAL DE GAULLE", "price_per_sqm": null, "date_iso": "2021-10-01", "parcelle": "77153000AB0342", "addr_num": "34"}}, {"type": "Feature", "geometry": {"type": "Point", "coordinates": [2.681837, 49.054425]}, "properties": {"year": 2021, "valeur_fonciere": 290000.0, "type_local": "Appartement", "surface_reelle_bati": 15.0, "nombre_pieces_principales": 1.0, "adresse_nom_voie": "RUE DUSSOLIE", "price_per_sqm": 19333.333333333332, "date_iso": "2021-09-17", "parcelle": "77153000AC0093", "addr_num": "8"}}, {"type": "Feature", "geometry": {"type": "Point", "coordinates": [2.681837, 49.054425]}, "properties": {"year": 2021, "valeur_fonciere": 290000.0, "type_local": "Appartement", "surface_reelle_bati": 20.0, "nombre_pieces_principales": 1.0, "adresse_nom_voie": "RUE DUSSOLIE", "price_per_sqm": 14500.0, "date_iso": "2021-09-17", "parcelle": "77153000AC0093", "addr_num": "8"}}, {"type": "Feature", "geometry": {"type": "Point", "coordinates": [2.681837, 49.054425]}, "properties": {"year": 2021, "valeur_fonciere": 290000.0, "type_local": "Appartement", "surface_reelle_bati": 30.0, "nombre_pieces_principales": 1.0, "adresse_nom_voie": "RUE DUSSOLIE", "price_per_sqm": 9666.666666666666, "date_iso": "2021-09-17", "parcelle": "77153000AC0093", "addr_num": "8"}}, {"type": "Feature", "geometry": {"type": "Point", "coordinates": [2.681837, 49.054425]}, "properties": {"year": 2021, "valeur_fonciere": 290000.0, "type_local": "Appartement", "surface_reelle_bati": 20.0, "nombre_pieces_principales": 1.0, "adresse_nom_voie": "RUE DUSSOLIE", "price_per_sqm": 14500.0, "date_iso": "2021-09-17", "parcelle": "77153000AC0093", "addr_num": "8"}}, {"type": "Feature", "geometry": {"type": "Point", "coordinates": [2.681837, 49.054425]}, "properties": {"year": 2021, "valeur_fonciere": 290000.0, "type_local": "Appartement", "surface_reelle_bati": 20.0, "nombre_pieces_principales": 1.0, "adresse_nom_voie": "RUE DUSSOLIE", "price_per_sqm": 14500.0, "date_iso": "2021-09-17", "parcelle": "77153000AC0093", "addr_num": "8"}}, {"type": "Feature", "geometry": {"type": "Point", "coordinates": [2.692283, 49.053648]}, "properties": {"year": 2021, "valeur_fonciere": 338000.0, "type_local": "Maison", "surface_reelle_bati": 140.0, "nombre_pieces_principales": 6.0, "adresse_nom_voie": "AV DU MARECHAL LECLERC", "price_per_sqm": 2414.285714285714, "date_iso": "2021-10-11", "parcelle": "77153000AL0340", "addr_num": "53"}}, {"type": "Feature", "geometry": {"type": "Point", "coordinates": [2.702531, 49.06293]}, "properties": {"year": 2021, "valeur_fonciere": 2000000.0, "type_local": "Local industriel. commercial ou assimilé", "surface_reelle_bati": 1464.0, "nombre_pieces_principales": 0.0, "adresse_nom_voie": "RUE CLEMENT ADER", "price_per_sqm": 1366.120218579235, "date_iso": "2021-10-01", "parcelle": "77153000ZD0145", "addr_num": "126"}}, {"type": "Feature", "geometry": {"type": "Point", "coordinates": [2.675947, 49.053276]}, "properties": {"year": 2021, "valeur_fonciere": 260000.0, "type_local": "Maison", "surface_reelle_bati": 70.0, "nombre_pieces_principales": 3.0, "adresse_nom_voie": "RUE DES OULCHES", "price_per_sqm": 3714.285714285714, "date_iso": "2021-10-06", "parcelle": "77153000AB0317", "addr_num": "18"}}, {"type": "Feature", "geometry": {"type": "Point", "coordinates": [2.688245, 49.055821]}, "properties": {"year": 2021, "valeur_fonciere": 358000.0, "type_local": "Maison", "surface_reelle_bati": 127.0, "nombre_pieces_principales": 7.0, "adresse_nom_voie": "PL DES LOUISE BONNE", "price_per_sqm": 2818.8976377952754, "date_iso": "2021-10-06", "parcelle": "77153000AL0182", "addr_num": "4"}}, {"type": "Feature", "geometry": {"type": "Point", "coordinates": [2.687445, 49.063305]}, "properties": {"year": 2021, "valeur_fonciere": 204000.0, "type_local": "Maison", "surface_reelle_bati": 60.0, "nombre_pieces_principales": 2.0, "adresse_nom_voie": "RTE D EVE", "price_per_sqm": 3400.0, "date_iso": "2021-10-05", "parcelle": "77153000AO0408", "addr_num": "51"}}, {"type": "Feature", "geometry": {"type": "Point", "coordinates": [2.697031, 49.056942]}, "properties": {"year": 2021, "valeur_fonciere": 164000.0, "type_local": "Appartement", "surface_reelle_bati": 36.0, "nombre_pieces_principales": 2.0, "adresse_nom_voie": "AV DU MARECHAL LECLERC", "price_per_sqm": 4555.555555555556, "date_iso": "2021-10-15", "parcelle": "77153000AM0117", "addr_num": "69"}}, {"type": "Feature", "geometry": {"type": "Point", "coordinates": [2.697031, 49.056942]}, "properties": {"year": 2021, "valeur_fonciere": 164000.0, "type_local": "Dépendance", "surface_reelle_bati": null, "nombre_pieces_principales": 0.0, "adresse_nom_voie": "AV DU MARECHAL LECLERC", "price_per_sqm": null, "date_iso": "2021-10-15", "parcelle": "77153000AM0117", "addr_num": "69"}}, {"type": "Feature", "geometry": {"type": "Point", "coordinates": [2.690206, 49.052439]}, "properties": {"year": 2021, "valeur_fonciere": 339000.0, "type_local": "Maison", "surface_reelle_bati": 114.0, "nombre_pieces_principales": 4.0, "adresse_nom_voie": "AV DES SABLONS", "price_per_sqm": 2973.684210526316, "date_iso": "2021-10-08", "parcelle": "77153000AH0456", "addr_num": "9"}}, {"type": "Feature", "geometry": {"type": "Point", "coordinates": [2.678736, 49.060773]}, "properties": {"year": 2021, "valeur_fonciere": 315000.0, "type_local": "Maison", "surface_reelle_bati": 84.0, "nombre_pieces_principales": 4.0, "adresse_nom_voie": "AV DE MONTMORENCY", "price_per_sqm": 3750.0, "date_iso": "2021-10-13", "parcelle": "77153000AP0059", "addr_num": "25"}}, {"type": "Feature", "geometry": {"type": "Point", "coordinates": [2.678736, 49.060773]}, "properties": {"year": 2021, "valeur_fonciere": 315000.0, "type_local": "Maison", "surface_reelle_bati": 84.0, "nombre_pieces_principales": 4.0, "adresse_nom_voie": "AV DE MONTMORENCY", "price_per_sqm": 3750.0, "date_iso": "2021-10-13", "parcelle": "77153000AP0059", "addr_num": "25"}}, {"type": "Feature", "geometry": {"type": "Point", "coordinates": [2.680082, 49.052981]}, "properties": {"year": 2021, "valeur_fonciere": 216000.0, "type_local": "Maison", "surface_reelle_bati": 65.0, "nombre_pieces_principales": 3.0, "adresse_nom_voie": "ALL CLOS DU LOGIS", "price_per_sqm": 3323.076923076923, "date_iso": "2021-10-15", "parcelle": "77153000AD0298", "addr_num": "16"}}, {"type": "Feature", "geometry": {"type": "Point", "coordinates": [2.680097, 49.053072]}, "properties": {"year": 2021, "valeur_fonciere": 216000.0, "type_local": "Dépendance", "surface_reelle_bati": null, "nombre_pieces_principales": 0.0, "adresse_nom_voie": "ALL CLOS DU LOGIS", "price_per_sqm": null, "date_iso": "2021-10-15", "parcelle": "77153000AD0315", "addr_num": "9315"}}, {"type": "Feature", "geometry": {"type": "Point", "coordinates": [2.678401, 49.054162]}, "properties": {"year": 2021, "valeur_fonciere": 150000.0, "type_local": "Local industriel. commercial ou assimilé", "surface_reelle_bati": 72.0, "nombre_pieces_principales": 0.0, "adresse_nom_voie": "RUE DU GENERAL DE GAULLE", "price_per_sqm": 2083.3333333333335, "date_iso": "2021-10-26", "parcelle": "77153000AB0060", "addr_num": "77"}}, {"type": "Feature", "geometry": {"type": "Point", "coordinates": [2.692308, 49.062279]}, "properties": {"year": 2021, "valeur_fonciere": 219000.0, "type_local": "Appartement", "surface_reelle_bati": 62.0, "nombre_pieces_principales": 3.0, "adresse_nom_voie": "ALL DE L AUBEPINE", "price_per_sqm": 3532.2580645161293, "date_iso": "2021-10-22", "parcelle": "77153000AN0058", "addr_num": "3"}}, {"type": "Feature", "geometry": {"type": "Point", "coordinates": [2.692308, 49.062279]}, "properties": {"year": 2021, "valeur_fonciere": 219000.0, "type_local": "Dépendance", "surface_reelle_bati": null, "nombre_pieces_principales": 0.0, "adresse_nom_voie": "ALL DE L AUBEPINE", "price_per_sqm": null, "date_iso": "2021-10-22", "parcelle": "77153000AN0058", "addr_num": "1"}}, {"type": "Feature", "geometry": {"type": "Point", "coordinates": [2.692308, 49.062279]}, "properties": {"year": 2021, "valeur_fonciere": 219000.0, "type_local": "Dépendance", "surface_reelle_bati": null, "nombre_pieces_principales": 0.0, "adresse_nom_voie": "ALL DE L AUBEPINE", "price_per_sqm": null, "date_iso": "2021-10-22", "parcelle": "77153000AN0058", "addr_num": "1"}}, {"type": "Feature", "geometry": {"type": "Point", "coordinates": [2.685069, 49.053172]}, "properties": {"year": 2021, "valeur_fonciere": 103000.0, "type_local": "Appartement", "surface_reelle_bati": 33.0, "nombre_pieces_principales": 1.0, "adresse_nom_voie": "RUE DE MEAUX", "price_per_sqm": 3121.212121212121, "date_iso": "2021-10-21", "parcelle": "77153000AD0107", "addr_num": "25"}}, {"type": "Feature", "geometry": {"type": "Point", "coordinates": [2.683029, 49.053923]}, "properties": {"year": 2021, "valeur_fonciere": 100000.0, "type_local": "Local industriel. commercial ou assimilé", "surface_reelle_bati": 29.0, "nombre_pieces_principales": 0.0, "adresse_nom_voie": "RUE DU GENERAL DE GAULLE", "price_per_sqm": 3448.2758620689656, "date_iso": "2021-11-05", "parcelle": "77153000AC0174", "addr_num": "159"}}, {"type": "Feature", "geometry": {"type": "Point", "coordinates": [2.683029, 49.053923]}, "properties": {"year": 2021, "valeur_fonciere": 100000.0, "type_local": "Local industriel. commercial ou assimilé", "surface_reelle_bati": 17.0, "nombre_pieces_principales": 0.0, "adresse_nom_voie": "RUE DU GENERAL DE GAULLE", "price_per_sqm": 5882.35294117647, "date_iso": "2021-11-05", "parcelle": "77153000AC0174", "addr_num": "159"}}, {"type": "Feature", "geometry": {"type": "Point", "coordinates": [2.695888, 49.055164]}, "properties": {"year": 2021, "valeur_fonciere": 291000.0, "type_local": "Maison", "surface_reelle_bati": 150.0, "nombre_pieces_principales": 5.0, "adresse_nom_voie": "SEN DE ROUVRES", "price_per_sqm": 1940.0, "date_iso": "2021-11-16", "parcelle": "77153000ZE0267", "addr_num": "1"}}, {"type": "Feature", "geometry": {"type": "Point", "coordinates": [2.68781, 49.053167]}, "properties": {"year": 2021, "valeur_fonciere": 130000.0, "type_local": "Appartement", "surface_reelle_bati": 38.0, "nombre_pieces_principales": 2.0, "adresse_nom_voie": "AV DES SABLONS", "price_per_sqm": 3421.0526315789475, "date_iso": "2021-11-04", "parcelle": "77153000AH0455", "addr_num": "1"}}, {"type": "Feature", "geometry": {"type": "Point", "coordinates": [2.68781, 49.053167]}, "properties": {"year": 2021, "valeur_fonciere": 130000.0, "type_local": "Dépendance", "surface_reelle_bati": null, "nombre_pieces_principales": 0.0, "adresse_nom_voie": "AV DES SABLONS", "price_per_sqm": null, "date_iso": "2021-11-04", "parcelle": "77153000AH0455", "addr_num": "1"}}, {"type": "Feature", "geometry": {"type": "Point", "coordinates": [2.690645, 49.062417]}, "properties": {"year": 2021, "valeur_fonciere": 376560.0, "type_local": "Maison", "surface_reelle_bati": 118.0, "nombre_pieces_principales": 5.0, "adresse_nom_voie": "ALL DES MERISIERS", "price_per_sqm": 3191.186440677966, "date_iso": "2021-11-09", "parcelle": "77153000AN0088", "addr_num": "14"}}, {"type": "Feature", "geometry": {"type": "Point", "coordinates": [2.690645, 49.062417]}, "properties": {"year": 2021, "valeur_fonciere": 376560.0, "type_local": "Maison", "surface_reelle_bati": 118.0, "nombre_pieces_principales": 5.0, "adresse_nom_voie": "ALL DES MERISIERS", "price_per_sqm": 3191.186440677966, "date_iso": "2021-11-09", "parcelle": "77153000AN0088", "addr_num": "14"}}, {"type": "Feature", "geometry": {"type": "Point", "coordinates": [2.678891, 49.054335]}, "properties": {"year": 2021, "valeur_fonciere": 219000.0, "type_local": "Maison", "surface_reelle_bati": 100.0, "nombre_pieces_principales": 3.0, "adresse_nom_voie": "RUE DE LA HALLE", "price_per_sqm": 2190.0, "date_iso": "2021-11-03", "parcelle": "77153000AB0072", "addr_num": "15"}}, {"type": "Feature", "geometry": {"type": "Point", "coordinates": [2.697423, 49.057845]}, "properties": {"year": 2021, "valeur_fonciere": 237000.0, "type_local": "Dépendance", "surface_reelle_bati": null, "nombre_pieces_principales": 0.0, "adresse_nom_voie": "AV DU MARECHAL LECLERC", "price_per_sqm": null, "date_iso": "2021-11-15", "parcelle": "77153000AM0113", "addr_num": "73"}}, {"type": "Feature", "geometry": {"type": "Point", "coordinates": [2.697423, 49.057845]}, "properties": {"year": 2021, "valeur_fonciere": 237000.0, "type_local": "Dépendance", "surface_reelle_bati": null, "nombre_pieces_principales": 0.0, "adresse_nom_voie": "AV DU MARECHAL LECLERC", "price_per_sqm": null, "date_iso": "2021-11-15", "parcelle": "77153000AM0113", "addr_num": "73"}}, {"type": "Feature", "geometry": {"type": "Point", "coordinates": [2.697423, 49.057845]}, "properties": {"year": 2021, "valeur_fonciere": 237000.0, "type_local": "Appartement", "surface_reelle_bati": 90.0, "nombre_pieces_principales": 3.0, "adresse_nom_voie": "AV DU MARECHAL LECLERC", "price_per_sqm": 2633.3333333333335, "date_iso": "2021-11-15", "parcelle": "77153000AM0113", "addr_num": "73"}}, {"type": "Feature", "geometry": {"type": "Point", "coordinates": [2.680005, 49.05492]}, "properties": {"year": 2021, "valeur_fonciere": 203000.0, "type_local": "Dépendance", "surface_reelle_bati": null, "nombre_pieces_principales": 0.0, "adresse_nom_voie": "RUE GANNEVAL", "price_per_sqm": null, "date_iso": "2021-11-26", "parcelle": "77153000AC0213", "addr_num": "12"}}, {"type": "Feature", "geometry": {"type": "Point", "coordinates": [2.680005, 49.05492]}, "properties": {"year": 2021, "valeur_fonciere": 203000.0, "type_local": "Appartement", "surface_reelle_bati": 60.0, "nombre_pieces_principales": 3.0, "adresse_nom_voie": "RUE GANNEVAL", "price_per_sqm": 3383.3333333333335, "date_iso": "2021-11-26", "parcelle": "77153000AC0213", "addr_num": "12"}}, {"type": "Feature", "geometry": {"type": "Point", "coordinates": [2.691006, 49.060513]}, "properties": {"year": 2021, "valeur_fonciere": 132000.0, "type_local": null, "surface_reelle_bati": null, "nombre_pieces_principales": null, "adresse_nom_voie": "ALL DES MURIERS", "price_per_sqm": null, "date_iso": "2021-11-09", "parcelle": "77153000AN0262", "addr_num": "3"}}, {"type": "Feature", "geometry": {"type": "Point", "coordinates": [2.697423, 49.057845]}, "properties": {"year": 2021, "valeur_fonciere": 240000.0, "type_local": "Appartement", "surface_reelle_bati": 91.0, "nombre_pieces_principales": 3.0, "adresse_nom_voie": "AV DU MARECHAL LECLERC", "price_per_sqm": 2637.3626373626375, "date_iso": "2021-11-09", "parcelle": "77153000AM0113", "addr_num": "73"}}, {"type": "Feature", "geometry": {"type": "Point", "coordinates": [2.697423, 49.057845]}, "properties": {"year": 2021, "valeur_fonciere": 240000.0, "type_local": "Dépendance", "surface_reelle_bati": null, "nombre_pieces_principales": 0.0, "adresse_nom_voie": "AV DU MARECHAL LECLERC", "price_per_sqm": null, "date_iso": "2021-11-09", "parcelle": "77153000AM0113", "addr_num": "73"}}, {"type": "Feature", "geometry": {"type": "Point", "coordinates": [2.697423, 49.057845]}, "properties": {"year": 2021, "valeur_fonciere": 240000.0, "type_local": "Dépendance", "surface_reelle_bati": null, "nombre_pieces_principales": 0.0, "adresse_nom_voie": "AV DU MARECHAL LECLERC", "price_per_sqm": null, "date_iso": "2021-11-09", "parcelle": "77153000AM0113", "addr_num": "73"}}, {"type": "Feature", "geometry": {"type": "Point", "coordinates": [2.680005, 49.05492]}, "properties": {"year": 2021, "valeur_fonciere": 190000.0, "type_local": "Dépendance", "surface_reelle_bati": null, "nombre_pieces_principales": 0.0, "adresse_nom_voie": "RUE GANNEVAL", "price_per_sqm": null, "date_iso": "2021-11-24", "parcelle": "77153000AC0213", "addr_num": "12"}}, {"type": "Feature", "geometry": {"type": "Point", "coordinates": [2.680005, 49.05492]}, "properties": {"year": 2021, "valeur_fonciere": 190000.0, "type_local": "Appartement", "surface_reelle_bati": 62.0, "nombre_pieces_principales": 3.0, "adresse_nom_voie": "RUE GANNEVAL", "price_per_sqm": 3064.516129032258, "date_iso": "2021-11-24", "parcelle": "77153000AC0213", "addr_num": "12"}}, {"type": "Feature", "geometry": {"type": "Point", "coordinates": [2.683427, 49.052184]}, "properties": {"year": 2021, "valeur_fonciere": 320000.0, "type_local": "Maison", "surface_reelle_bati": 84.0, "nombre_pieces_principales": 4.0, "adresse_nom_voie": "RUE DU GUE DOUY", "price_per_sqm": 3809.5238095238096, "date_iso": "2021-11-19", "parcelle": "77153000AD0444", "addr_num": "27"}}, {"type": "Feature", "geometry": {"type": "Point", "coordinates": [2.684126, 49.053904]}, "properties": {"year": 2021, "valeur_fonciere": 64000.0, "type_local": "Appartement", "surface_reelle_bati": 20.0, "nombre_pieces_principales": 1.0, "adresse_nom_voie": "RUE DU GENERAL DE GAULLE", "price_per_sqm": 3200.0, "date_iso": "2021-11-18", "parcelle": "77153000AC0215", "addr_num": "169"}}, {"type": "Feature", "geometry": {"type": "Point", "coordinates": [2.697423, 49.057845]}, "properties": {"year": 2021, "valeur_fonciere": 190000.0, "type_local": "Dépendance", "surface_reelle_bati": null, "nombre_pieces_principales": 0.0, "adresse_nom_voie": "AV DU MARECHAL LECLERC", "price_per_sqm": null, "date_iso": "2021-11-29", "parcelle": "77153000AM0113", "addr_num": "73"}}, {"type": "Feature", "geometry": {"type": "Point", "coordinates": [2.697423, 49.057845]}, "properties": {"year": 2021, "valeur_fonciere": 190000.0, "type_local": "Appartement", "surface_reelle_bati": 58.0, "nombre_pieces_principales": 3.0, "adresse_nom_voie": "AV DU MARECHAL LECLERC", "price_per_sqm": 3275.862068965517, "date_iso": "2021-11-29", "parcelle": "77153000AM0113", "addr_num": "73"}}, {"type": "Feature", "geometry": {"type": "Point", "coordinates": [2.687152, 49.060388]}, "properties": {"year": 2021, "valeur_fonciere": 275000.0, "type_local": "Maison", "surface_reelle_bati": 82.0, "nombre_pieces_principales": 5.0, "adresse_nom_voie": "AV DU DRAP D OR", "price_per_sqm": 3353.6585365853657, "date_iso": "2021-12-01", "parcelle": "77153000AK0159", "addr_num": "11"}}, {"type": "Feature", "geometry": {"type": "Point", "coordinates": [2.687152, 49.060388]}, "properties": {"year": 2021, "valeur_fonciere": 275000.0, "type_local": "Dépendance", "surface_reelle_bati": null, "nombre_pieces_principales": 0.0, "adresse_nom_voie": "AV DU DRAP D OR", "price_per_sqm": null, "date_iso": "2021-12-01", "parcelle": "77153000AK0159", "addr_num": "11"}}, {"type": "Feature", "geometry": {"type": "Point", "coordinates": [2.677413, 49.054797]}, "properties": {"year": 2021, "valeur_fonciere": 156000.0, "type_local": "Appartement", "surface_reelle_bati": 43.0, "nombre_pieces_principales": 2.0, "adresse_nom_voie": "RUE SAINT JEAN", "price_per_sqm": 3627.906976744186, "date_iso": "2021-11-30", "parcelle": "77153000AB0021", "addr_num": "5"}}, {"type": "Feature", "geometry": {"type": "Point", "coordinates": [2.677413, 49.054797]}, "properties": {"year": 2021, "valeur_fonciere": 156000.0, "type_local": "Dépendance", "surface_reelle_bati": null, "nombre_pieces_principales": 0.0, "adresse_nom_voie": "RUE SAINT JEAN", "price_per_sqm": null, "date_iso": "2021-11-30", "parcelle": "77153000AB0021", "addr_num": "5"}}, {"type": "Feature", "geometry": {"type": "Point", "coordinates": [2.677413, 49.054797]}, "properties": {"year": 2021, "valeur_fonciere": 156000.0, "type_local": "Dépendance", "surface_reelle_bati": null, "nombre_pieces_principales": 0.0, "adresse_nom_voie": "RUE SAINT JEAN", "price_per_sqm": null, "date_iso": "2021-11-30", "parcelle": "77153000AB0021", "addr_num": "5"}}, {"type": "Feature", "geometry": {"type": "Point", "coordinates": [2.682448, 49.053997]}, "properties": {"year": 2021, "valeur_fonciere": 62500.0, "type_local": "Appartement", "surface_reelle_bati": 30.0, "nombre_pieces_principales": 1.0, "adresse_nom_voie": "RUE DU GENERAL DE GAULLE", "price_per_sqm": 2083.3333333333335, "date_iso": "2021-11-17", "parcelle": "77153000AC0193", "addr_num": "153"}}, {"type": "Feature", "geometry": {"type": "Point", "coordinates": [2.699068, 49.064132]}, "properties": {"year": 2021, "valeur_fonciere": 1.2, "type_local": "Local industriel. commercial ou assimilé", "surface_reelle_bati": 1692.0, "nombre_pieces_principales": 0.0, "adresse_nom_voie": "RUE CLEMENT ADER", "price_per_sqm": 0.0007092198581560283, "date_iso": "2021-11-09", "parcelle": "77153000ZD0142", "addr_num": "310"}}, {"type": "Feature", "geometry": {"type": "Point", "coordinates": [2.677526, 49.055328]}, "properties": {"year": 2021, "valeur_fonciere": 124000.0, "type_local": "Dépendance", "surface_reelle_bati": null, "nombre_pieces_principales": 0.0, "adresse_nom_voie": "RUE SAINT JEAN", "price_per_sqm": null, "date_iso": "2021-11-22", "parcelle": "77153000AB0295", "addr_num": "11"}}, {"type": "Feature", "geometry": {"type": "Point", "coordinates": [2.677526, 49.055328]}, "properties": {"year": 2021, "valeur_fonciere": 124000.0, "type_local": "Appartement", "surface_reelle_bati": 31.0, "nombre_pieces_principales": 2.0, "adresse_nom_voie": "RUE SAINT JEAN", "price_per_sqm": 4000.0, "date_iso": "2021-11-22", "parcelle": "77153000AB0295", "addr_num": "11"}}, {"type": "Feature", "geometry": {"type": "Point", "coordinates": [2.688069, 49.060062]}, "properties": {"year": 2021, "valeur_fonciere": 460000.0, "type_local": "Dépendance", "surface_reelle_bati": null, "nombre_pieces_principales": 0.0, "adresse_nom_voie": "PL OLIVIER DE SERRES", "price_per_sqm": null, "date_iso": "2021-11-26", "parcelle": "77153000AK0165", "addr_num": "1"}}, {"type": "Feature", "geometry": {"type": "Point", "coordinates": [2.688069, 49.060062]}, "properties": {"year": 2021, "valeur_fonciere": 460000.0, "type_local": "Maison", "surface_reelle_bati": 139.0, "nombre_pieces_principales": 7.0, "adresse_nom_voie": "PL OLIVIER DE SERRES", "price_per_sqm": 3309.3525179856115, "date_iso": "2021-11-26", "parcelle": "77153000AK0165", "addr_num": "1"}}, {"type": "Feature", "geometry": {"type": "Point", "coordinates": [2.683741, 49.063128]}, "properties": {"year": 2021, "valeur_fonciere": 215000.0, "type_local": "Dépendance", "surface_reelle_bati": null, "nombre_pieces_principales": 0.0, "adresse_nom_voie": "RUE ETIENNE DE LA BOETIE", "price_per_sqm": null, "date_iso": "2021-12-02", "parcelle": "77153000AO0356", "addr_num": "26"}}, {"type": "Feature", "geometry": {"type": "Point", "coordinates": [2.683741, 49.063128]}, "properties": {"year": 2021, "valeur_fonciere": 215000.0, "type_local": "Dépendance", "surface_reelle_bati": null, "nombre_pieces_principales": 0.0, "adresse_nom_voie": "RUE ETIENNE DE LA BOETIE", "price_per_sqm": null, "date_iso": "2021-12-02", "parcelle": "77153000AO0356", "addr_num": "26"}}, {"type": "Feature", "geometry": {"type": "Point", "coordinates": [2.683741, 49.063128]}, "properties": {"year": 2021, "valeur_fonciere": 215000.0, "type_local": "Appartement", "surface_reelle_bati": 60.0, "nombre_pieces_principales": 3.0, "adresse_nom_voie": "RUE ETIENNE DE LA BOETIE", "price_per_sqm": 3583.3333333333335, "date_iso": "2021-12-02", "parcelle": "77153000AO0356", "addr_num": "16"}}, {"type": "Feature", "geometry": {"type": "Point", "coordinates": [2.69011, 49.059447]}, "properties": {"year": 2021, "valeur_fonciere": 330000.0, "type_local": "Dépendance", "surface_reelle_bati": null, "nombre_pieces_principales": 0.0, "adresse_nom_voie": "RUE DES BERGAMOTTES", "price_per_sqm": null, "date_iso": "2021-11-30", "parcelle": "77153000AK0112", "addr_num": "41"}}, {"type": "Feature", "geometry": {"type": "Point", "coordinates": [2.69011, 49.059447]}, "properties": {"year": 2021, "valeur_fonciere": 330000.0, "type_local": "Maison", "surface_reelle_bati": 111.0, "nombre_pieces_principales": 6.0, "adresse_nom_voie": "RUE DES BERGAMOTTES", "price_per_sqm": 2972.972972972973, "date_iso": "2021-11-30", "parcelle": "77153000AK0112", "addr_num": "41"}}, {"type": "Feature", "geometry": {"type": "Point", "coordinates": [2.669793, 49.057442]}, "properties": {"year": 2021, "valeur_fonciere": 8000.0, "type_local": "Dépendance", "surface_reelle_bati": null, "nombre_pieces_principales": 0.0, "adresse_nom_voie": "CHE DES JONCS", "price_per_sqm": null, "date_iso": "2021-11-26", "parcelle": "771530000A0914", "addr_num": "4"}}, {"type": "Feature", "geometry": {"type": "Point", "coordinates": [2.669793, 49.057442]}, "properties": {"year": 2021, "valeur_fonciere": 8000.0, "type_local": "Dépendance", "surface_reelle_bati": null, "nombre_pieces_principales": 0.0, "adresse_nom_voie": "CHE DES JONCS", "price_per_sqm": null, "date_iso": "2021-11-26", "parcelle": "771530000A0914", "addr_num": "4"}}, {"type": "Feature", "geometry": {"type": "Point", "coordinates": [2.686379, 49.06304]}, "properties": {"year": 2021, "valeur_fonciere": 360000.0, "type_local": "Maison", "surface_reelle_bati": 101.0, "nombre_pieces_principales": 5.0, "adresse_nom_voie": "RUE RACINE", "price_per_sqm": 3564.3564356435645, "date_iso": "2021-12-03", "parcelle": "77153000AO0188", "addr_num": "5"}}, {"type": "Feature", "geometry": {"type": "Point", "coordinates": [2.686379, 49.06304]}, "properties": {"year": 2021, "valeur_fonciere": 360000.0, "type_local": "Maison", "surface_reelle_bati": 101.0, "nombre_pieces_principales": 5.0, "adresse_nom_voie": "RUE RACINE", "price_per_sqm": 3564.3564356435645, "date_iso": "2021-12-03", "parcelle": "77153000AO0188", "addr_num": "5"}}, {"type": "Feature", "geometry": {"type": "Point", "coordinates": [2.674074, 49.061354]}, "properties": {"year": 2021, "valeur_fonciere": 320000.0, "type_local": "Maison", "surface_reelle_bati": 65.0, "nombre_pieces_principales": 4.0, "adresse_nom_voie": "RUE NELSON MANDELA", "price_per_sqm": 4923.076923076923, "date_iso": "2021-11-19", "parcelle": "771530000A1674", "addr_num": "11"}}, {"type": "Feature", "geometry": {"type": "Point", "coordinates": [2.674249, 49.061408]}, "properties": {"year": 2021, "valeur_fonciere": 320000.0, "type_local": null, "surface_reelle_bati": null, "nombre_pieces_principales": null, "adresse_nom_voie": "RUE NELSON MANDELA", "price_per_sqm": null, "date_iso": "2021-11-19", "parcelle": "771530000A1680", "addr_num": "11"}}, {"type": "Feature", "geometry": {"type": "Point", "coordinates": [2.693862, 49.054372]}, "properties": {"year": 2021, "valeur_fonciere": 183244.0, "type_local": "Appartement", "surface_reelle_bati": 44.0, "nombre_pieces_principales": 2.0, "adresse_nom_voie": "AV DU MARECHAL LECLERC", "price_per_sqm": 4164.636363636364, "date_iso": "2021-12-03", "parcelle": "77153000AL0329", "addr_num": "63"}}, {"type": "Feature", "geometry": {"type": "Point", "coordinates": [2.693862, 49.054372]}, "properties": {"year": 2021, "valeur_fonciere": 183244.0, "type_local": "Dépendance", "surface_reelle_bati": null, "nombre_pieces_principales": 0.0, "adresse_nom_voie": "AV DU MARECHAL LECLERC", "price_per_sqm": null, "date_iso": "2021-12-03", "parcelle": "77153000AL0329", "addr_num": "63"}}, {"type": "Feature", "geometry": {"type": "Point", "coordinates": [2.691058, 49.056682]}, "properties": {"year": 2021, "valeur_fonciere": 348000.0, "type_local": "Maison", "surface_reelle_bati": 144.0, "nombre_pieces_principales": 7.0, "adresse_nom_voie": "ALL DES DOYENNES", "price_per_sqm": 2416.6666666666665, "date_iso": "2021-12-08", "parcelle": "77153000AL0332", "addr_num": "2"}}, {"type": "Feature", "geometry": {"type": "Point", "coordinates": [2.671366, 49.053394]}, "properties": {"year": 2021, "valeur_fonciere": 329000.0, "type_local": "Maison", "surface_reelle_bati": 104.0, "nombre_pieces_principales": 5.0, "adresse_nom_voie": "AV DE SAINT GUINFORT", "price_per_sqm": 3163.4615384615386, "date_iso": "2021-12-03", "parcelle": "771530000C0541", "addr_num": "32"}}, {"type": "Feature", "geometry": {"type": "Point", "coordinates": [2.693864, 49.057469]}, "properties": {"year": 2021, "valeur_fonciere": 328500.0, "type_local": "Dépendance", "surface_reelle_bati": null, "nombre_pieces_principales": 0.0, "adresse_nom_voie": "AV DU DRAP D OR", "price_per_sqm": null, "date_iso": "2021-12-09", "parcelle": "77153000AL0076", "addr_num": "114"}}, {"type": "Feature", "geometry": {"type": "Point", "coordinates": [2.693864, 49.057469]}, "properties": {"year": 2021, "valeur_fonciere": 328500.0, "type_local": "Dépendance", "surface_reelle_bati": null, "nombre_pieces_principales": 0.0, "adresse_nom_voie": "AV DU DRAP D OR", "price_per_sqm": null, "date_iso": "2021-12-09", "parcelle": "77153000AL0076", "addr_num": "114"}}, {"type": "Feature", "geometry": {"type": "Point", "coordinates": [2.693864, 49.057469]}, "properties": {"year": 2021, "valeur_fonciere": 328500.0, "type_local": "Dépendance", "surface_reelle_bati": null, "nombre_pieces_principales": 0.0, "adresse_nom_voie": "AV DU DRAP D OR", "price_per_sqm": null, "date_iso": "2021-12-09", "parcelle": "77153000AL0076", "addr_num": "114"}}, {"type": "Feature", "geometry": {"type": "Point", "coordinates": [2.693864, 49.057469]}, "properties": {"year": 2021, "valeur_fonciere": 328500.0, "type_local": "Dépendance", "surface_reelle_bati": null, "nombre_pieces_principales": 0.0, "adresse_nom_voie": "AV DU DRAP D OR", "price_per_sqm": null, "date_iso": "2021-12-09", "parcelle": "77153000AL0076", "addr_num": "114"}}, {"type": "Feature", "geometry": {"type": "Point", "coordinates": [2.693864, 49.057469]}, "properties": {"year": 2021, "valeur_fonciere": 328500.0, "type_local": "Maison", "surface_reelle_bati": 132.0, "nombre_pieces_principales": 5.0, "adresse_nom_voie": "AV DU DRAP D OR", "price_per_sqm": 2488.6363636363635, "date_iso": "2021-12-09", "parcelle": "77153000AL0076", "addr_num": "114"}}, {"type": "Feature", "geometry": {"type": "Point", "coordinates": [2.678869, 49.053896]}, "properties": {"year": 2021, "valeur_fonciere": 121100.0, "type_local": "Dépendance", "surface_reelle_bati": null, "nombre_pieces_principales": 0.0, "adresse_nom_voie": "RUE DU GENERAL DE GAULLE", "price_per_sqm": null, "date_iso": "2021-12-08", "parcelle": "77153000AB0115", "addr_num": "90"}}, {"type": "Feature", "geometry": {"type": "Point", "coordinates": [2.678869, 49.053896]}, "properties": {"year": 2021, "valeur_fonciere": 121100.0, "type_local": "Appartement", "surface_reelle_bati": 26.0, "nombre_pieces_principales": 2.0, "adresse_nom_voie": "RUE DU GENERAL DE GAULLE", "price_per_sqm": 4657.692307692308, "date_iso": "2021-12-08", "parcelle": "77153000AB0115", "addr_num": "90"}}, {"type": "Feature", "geometry": {"type": "Point", "coordinates": [2.683383, 49.062896]}, "properties": {"year": 2021, "valeur_fonciere": 292000.0, "type_local": "Dépendance", "surface_reelle_bati": null, "nombre_pieces_principales": 0.0, "adresse_nom_voie": "RUE ETIENNE DE LA BOETIE", "price_per_sqm": null, "date_iso": "2021-12-07", "parcelle": "77153000AO0343", "addr_num": "4"}}, {"type": "Feature", "geometry": {"type": "Point", "coordinates": [2.683383, 49.062896]}, "properties": {"year": 2021, "valeur_fonciere": 292000.0, "type_local": "Dépendance", "surface_reelle_bati": null, "nombre_pieces_principales": 0.0, "adresse_nom_voie": "RUE ETIENNE DE LA BOETIE", "price_per_sqm": null, "date_iso": "2021-12-07", "parcelle": "77153000AO0343", "addr_num": "4"}}, {"type": "Feature", "geometry": {"type": "Point", "coordinates": [2.683383, 49.062896]}, "properties": {"year": 2021, "valeur_fonciere": 292000.0, "type_local": "Maison", "surface_reelle_bati": 89.0, "nombre_pieces_principales": 4.0, "adresse_nom_voie": "RUE ETIENNE DE LA BOETIE", "price_per_sqm": 3280.8988764044943, "date_iso": "2021-12-07", "parcelle": "77153000AO0343", "addr_num": "4"}}, {"type": "Feature", "geometry": {"type": "Point", "coordinates": [2.683118, 49.062856]}, "properties": {"year": 2021, "valeur_fonciere": 292000.0, "type_local": null, "surface_reelle_bati": null, "nombre_pieces_principales": null, "adresse_nom_voie": "AV DE L EUROPE", "price_per_sqm": null, "date_iso": "2021-12-07", "parcelle": "77153000AO0361", "addr_num": ""}}, {"type": "Feature", "geometry": {"type": "Point", "coordinates": [2.68781, 49.053167]}, "properties": {"year": 2021, "valeur_fonciere": 41000.0, "type_local": "Dépendance", "surface_reelle_bati": null, "nombre_pieces_principales": 0.0, "adresse_nom_voie": "AV DES SABLONS", "price_per_sqm": null, "date_iso": "2021-12-10", "parcelle": "77153000AH0455", "addr_num": "1"}}, {"type": "Feature", "geometry": {"type": "Point", "coordinates": [2.68781, 49.053167]}, "properties": {"year": 2021, "valeur_fonciere": 41000.0, "type_local": "Dépendance", "surface_reelle_bati": null, "nombre_pieces_principales": 0.0, "adresse_nom_voie": "AV DES SABLONS", "price_per_sqm": null, "date_iso": "2021-12-10", "parcelle": "77153000AH0455", "addr_num": "1"}}, {"type": "Feature", "geometry": {"type": "Point", "coordinates": [2.678219, 49.064597]}, "properties": {"year": 2021, "valeur_fonciere": 264091.0, "type_local": "Maison", "surface_reelle_bati": 74.0, "nombre_pieces_principales": 4.0, "adresse_nom_voie": "RUE FRANCOISE SAGAN", "price_per_sqm": 3568.7972972972975, "date_iso": "2021-11-27", "parcelle": "771530000A1170", "addr_num": "5"}}, {"type": "Feature", "geometry": {"type": "Point", "coordinates": [2.678309, 49.064612]}, "properties": {"year": 2021, "valeur_fonciere": 264091.0, "type_local": null, "surface_reelle_bati": null, "nombre_pieces_principales": null, "adresse_nom_voie": "LES PRES D OTHIS", "price_per_sqm": null, "date_iso": "2021-11-27", "parcelle": "771530000A1174", "addr_num": ""}}, {"type": "Feature", "geometry": {"type": "Point", "coordinates": [2.677887, 49.054885]}, "properties": {"year": 2021, "valeur_fonciere": 204300.0, "type_local": "Appartement", "surface_reelle_bati": 70.0, "nombre_pieces_principales": 2.0, "adresse_nom_voie": "RUE SAINT JEAN", "price_per_sqm": 2918.5714285714284, "date_iso": "2021-12-10", "parcelle": "77153000AB0256", "addr_num": "10"}}, {"type": "Feature", "geometry": {"type": "Point", "coordinates": [2.677887, 49.054885]}, "properties": {"year": 2021, "valeur_fonciere": 204300.0, "type_local": "Dépendance", "surface_reelle_bati": null, "nombre_pieces_principales": 0.0, "adresse_nom_voie": "RUE SAINT JEAN", "price_per_sqm": null, "date_iso": "2021-12-10", "parcelle": "77153000AB0256", "addr_num": "10"}}, {"type": "Feature", "geometry": {"type": "Point", "coordinates": [2.678055, 49.054861]}, "properties": {"year": 2021, "valeur_fonciere": 204300.0, "type_local": "Dépendance", "surface_reelle_bati": null, "nombre_pieces_principales": 0.0, "adresse_nom_voie": "RUE SAINT JEAN", "price_per_sqm": null, "date_iso": "2021-12-10", "parcelle": "77153000AB0292", "addr_num": "10"}}, {"type": "Feature", "geometry": {"type": "Point", "coordinates": [2.682283, 49.054003]}, "properties": {"year": 2021, "valeur_fonciere": 89000.0, "type_local": "Local industriel. commercial ou assimilé", "surface_reelle_bati": 50.0, "nombre_pieces_principales": 0.0, "adresse_nom_voie": "RUE DU GENERAL DE GAULLE", "price_per_sqm": 1780.0, "date_iso": "2021-12-09", "parcelle": "77153000AC0199", "addr_num": "149"}}, {"type": "Feature", "geometry": {"type": "Point", "coordinates": [2.677085, 49.052069]}, "properties": {"year": 2021, "valeur_fonciere": 1432.0, "type_local": null, "surface_reelle_bati": null, "nombre_pieces_principales": null, "adresse_nom_voie": "LE GUE", "price_per_sqm": null, "date_iso": "2021-12-14", "parcelle": "77153000ZN0179", "addr_num": ""}}, {"type": "Feature", "geometry": {"type": "Point", "coordinates": [2.679944, 49.055402]}, "properties": {"year": 2021, "valeur_fonciere": 480000.0, "type_local": null, "surface_reelle_bati": null, "nombre_pieces_principales": null, "adresse_nom_voie": "GANNEVAL", "price_per_sqm": null, "date_iso": "2021-12-14", "parcelle": "77153000AC0153", "addr_num": ""}}, {"type": "Feature", "geometry": {"type": "Point", "coordinates": [2.679998, 49.055301]}, "properties": {"year": 2021, "valeur_fonciere": 480000.0, "type_local": "Maison", "surface_reelle_bati": 120.0, "nombre_pieces_principales": 6.0, "adresse_nom_voie": "RUE ABEL CHENEVAT", "price_per_sqm": 4000.0, "date_iso": "2021-12-14", "parcelle": "77153000AC0156", "addr_num": "1"}}, {"type": "Feature", "geometry": {"type": "Point", "coordinates": [2.677342, 49.054935]}, "properties": {"year": 2021, "valeur_fonciere": 102000.0, "type_local": "Dépendance", "surface_reelle_bati": null, "nombre_pieces_principales": 0.0, "adresse_nom_voie": "RUE DU JEU D ARC", "price_per_sqm": null, "date_iso": "2021-09-21", "parcelle": "77153000AB0283", "addr_num": "21"}}, {"type": "Feature", "geometry": {"type": "Point", "coordinates": [2.677342, 49.054935]}, "properties": {"year": 2021, "valeur_fonciere": 102000.0, "type_local": "Appartement", "surface_reelle_bati": 39.0, "nombre_pieces_principales": 2.0, "adresse_nom_voie": "RUE DU JEU D ARC", "price_per_sqm": 2615.3846153846152, "date_iso": "2021-09-21", "parcelle": "77153000AB0283", "addr_num": "21"}}, {"type": "Feature", "geometry": {"type": "Point", "coordinates": [2.677342, 49.054935]}, "properties": {"year": 2021, "valeur_fonciere": 102000.0, "type_local": "Dépendance", "surface_reelle_bati": null, "nombre_pieces_principales": 0.0, "adresse_nom_voie": "RUE SAINT JEAN", "price_per_sqm": null, "date_iso": "2021-09-21", "parcelle": "77153000AB0283", "addr_num": "7"}}, {"type": "Feature", "geometry": {"type": "Point", "coordinates": [2.679758, 49.055677]}, "properties": {"year": 2021, "valeur_fonciere": 200000.0, "type_local": "Appartement", "surface_reelle_bati": 59.0, "nombre_pieces_principales": 2.0, "adresse_nom_voie": "RUE ABEL CHENEVAT", "price_per_sqm": 3389.830508474576, "date_iso": "2021-12-22", "parcelle": "77153000AC0028", "addr_num": "1"}}, {"type": "Feature", "geometry": {"type": "Point", "coordinates": [2.679758, 49.055677]}, "properties": {"year": 2021, "valeur_fonciere": 200000.0, "type_local": "Dépendance", "surface_reelle_bati": null, "nombre_pieces_principales": 0.0, "adresse_nom_voie": "RUE ABEL CHENEVAT", "price_per_sqm": null, "date_iso": "2021-12-22", "parcelle": "77153000AC0028", "addr_num": "1"}}, {"type": "Feature", "geometry": {"type": "Point", "coordinates": [2.679758, 49.055677]}, "properties": {"year": 2021, "valeur_fonciere": 200000.0, "type_local": "Dépendance", "surface_reelle_bati": null, "nombre_pieces_principales": 0.0, "adresse_nom_voie": "RUE ABEL CHENEVAT", "price_per_sqm": null, "date_iso": "2021-12-22", "parcelle": "77153000AC0028", "addr_num": "1"}}, {"type": "Feature", "geometry": {"type": "Point", "coordinates": [2.68343, 49.053245]}, "properties": {"year": 2021, "valeur_fonciere": 95000.0, "type_local": "Dépendance", "surface_reelle_bati": null, "nombre_pieces_principales": 0.0, "adresse_nom_voie": "RUE DE MEAUX", "price_per_sqm": null, "date_iso": "2021-12-17", "parcelle": "77153000AD0348", "addr_num": "16"}}, {"type": "Feature", "geometry": {"type": "Point", "coordinates": [2.68343, 49.053245]}, "properties": {"year": 2021, "valeur_fonciere": 95000.0, "type_local": "Appartement", "surface_reelle_bati": 30.0, "nombre_pieces_principales": 1.0, "adresse_nom_voie": "RUE DE MEAUX", "price_per_sqm": 3166.6666666666665, "date_iso": "2021-12-17", "parcelle": "77153000AD0348", "addr_num": "16"}}, {"type": "Feature", "geometry": {"type": "Point", "coordinates": [2.685069, 49.053172]}, "properties": {"year": 2021, "valeur_fonciere": 7200.0, "type_local": "Dépendance", "surface_reelle_bati": null, "nombre_pieces_principales": 0.0, "adresse_nom_voie": "RLE DU BUAT", "price_per_sqm": null, "date_iso": "2021-12-28", "parcelle": "77153000AD0107", "addr_num": "2"}}, {"type": "Feature", "geometry": {"type": "Point", "coordinates": [2.6522, 49.067501]}, "properties": {"year": 2021, "valeur_fonciere": 2000.0, "type_local": null, "surface_reelle_bati": null, "nombre_pieces_principales": null, "adresse_nom_voie": "LA MARE LORILLARD", "price_per_sqm": null, "date_iso": "2021-12-27", "parcelle": "771530000A0013", "addr_num": ""}}, {"type": "Feature", "geometry": {"type": "Point", "coordinates": [2.681184, 49.053839]}, "properties": {"year": 2021, "valeur_fonciere": 134000.0, "type_local": "Dépendance", "surface_reelle_bati": null, "nombre_pieces_principales": 0.0, "adresse_nom_voie": "RUE DU GENERAL DE GAULLE", "price_per_sqm": null, "date_iso": "2021-12-16", "parcelle": "77153000AD0014", "addr_num": "134"}}, {"type": "Feature", "geometry": {"type": "Point", "coordinates": [2.681184, 49.053839]}, "properties": {"year": 2021, "valeur_fonciere": 134000.0, "type_local": "Appartement", "surface_reelle_bati": 61.0, "nombre_pieces_principales": 3.0, "adresse_nom_voie": "RUE DU GENERAL DE GAULLE", "price_per_sqm": 2196.72131147541, "date_iso": "2021-12-16", "parcelle": "77153000AD0014", "addr_num": "134"}}, {"type": "Feature", "geometry": {"type": "Point", "coordinates": [2.681184, 49.053839]}, "properties": {"year": 2021, "valeur_fonciere": 115000.0, "type_local": "Appartement", "surface_reelle_bati": 49.0, "nombre_pieces_principales": 2.0, "adresse_nom_voie": "RUE DU GENERAL DE GAULLE", "price_per_sqm": 2346.938775510204, "date_iso": "2021-12-16", "parcelle": "77153000AD0014", "addr_num": "134"}}, {"type": "Feature", "geometry": {"type": "Point", "coordinates": [2.681184, 49.053839]}, "properties": {"year": 2021, "valeur_fonciere": 115000.0, "type_local": "Dépendance", "surface_reelle_bati": null, "nombre_pieces_principales": 0.0, "adresse_nom_voie": "RUE DU GENERAL DE GAULLE", "price_per_sqm": null, "date_iso": "2021-12-16", "parcelle": "77153000AD0014", "addr_num": "134"}}, {"type": "Feature", "geometry": {"type": "Point", "coordinates": [2.681184, 49.053839]}, "properties": {"year": 2021, "valeur_fonciere": 125000.0, "type_local": "Dépendance", "surface_reelle_bati": null, "nombre_pieces_principales": 0.0, "adresse_nom_voie": "RUE DU GENERAL DE GAULLE", "price_per_sqm": null, "date_iso": "2021-12-16", "parcelle": "77153000AD0014", "addr_num": "134"}}, {"type": "Feature", "geometry": {"type": "Point", "coordinates": [2.681184, 49.053839]}, "properties": {"year": 2021, "valeur_fonciere": 125000.0, "type_local": "Appartement", "surface_reelle_bati": 70.0, "nombre_pieces_principales": 3.0, "adresse_nom_voie": "RUE DU GENERAL DE GAULLE", "price_per_sqm": 1785.7142857142858, "date_iso": "2021-12-16", "parcelle": "77153000AD0014", "addr_num": "134"}}, {"type": "Feature", "geometry": {"type": "Point", "coordinates": [2.686584, 49.051971]}, "properties": {"year": 2021, "valeur_fonciere": 374000.0, "type_local": "Maison", "surface_reelle_bati": 129.0, "nombre_pieces_principales": 5.0, "adresse_nom_voie": "RUE DU GUE DOUY", "price_per_sqm": 2899.2248062015506, "date_iso": "2021-12-28", "parcelle": "77153000AH0499", "addr_num": "16"}}, {"type": "Feature", "geometry": {"type": "Point", "coordinates": [2.686649, 49.051892]}, "properties": {"year": 2021, "valeur_fonciere": 374000.0, "type_local": null, "surface_reelle_bati": null, "nombre_pieces_principales": null, "adresse_nom_voie": "RUE DU GUE DOUY", "price_per_sqm": null, "date_iso": "2021-12-28", "parcelle": "77153000ZH0159", "addr_num": "16"}}, {"type": "Feature", "geometry": {"type": "Point", "coordinates": [2.696908, 49.057179]}, "properties": {"year": 2021, "valeur_fonciere": 162900.0, "type_local": "Appartement", "surface_reelle_bati": 53.0, "nombre_pieces_principales": 2.0, "adresse_nom_voie": "AV DU MARECHAL LECLERC", "price_per_sqm": 3073.5849056603774, "date_iso": "2021-12-28", "parcelle": "77153000AM0114", "addr_num": "71"}}, {"type": "Feature", "geometry": {"type": "Point", "coordinates": [2.696908, 49.057179]}, "properties": {"year": 2021, "valeur_fonciere": 162900.0, "type_local": "Dépendance", "surface_reelle_bati": null, "nombre_pieces_principales": 0.0, "adresse_nom_voie": "AV DU MARECHAL LECLERC", "price_per_sqm": null, "date_iso": "2021-12-28", "parcelle": "77153000AM0114", "addr_num": "71"}}, {"type": "Feature", "geometry": {"type": "Point", "coordinates": [2.696908, 49.057179]}, "properties": {"year": 2021, "valeur_fonciere": 162900.0, "type_local": "Dépendance", "surface_reelle_bati": null, "nombre_pieces_principales": 0.0, "adresse_nom_voie": "AV DU MARECHAL LECLERC", "price_per_sqm": null, "date_iso": "2021-12-28", "parcelle": "77153000AM0114", "addr_num": "71"}}, {"type": "Feature", "geometry": {"type": "Point", "coordinates": [2.679944, 49.055402]}, "properties": {"year": 2021, "valeur_fonciere": 4200146.0, "type_local": null, "surface_reelle_bati": null, "nombre_pieces_principales": null, "adresse_nom_voie": "GANNEVAL", "price_per_sqm": null, "date_iso": "2021-12-23", "parcelle": "77153000AC0153", "addr_num": ""}}, {"type": "Feature", "geometry": {"type": "Point", "coordinates": [2.679998, 49.055301]}, "properties": {"year": 2021, "valeur_fonciere": 4200146.0, "type_local": "Maison", "surface_reelle_bati": 120.0, "nombre_pieces_principales": 6.0, "adresse_nom_voie": "RUE ABEL CHENEVAT", "price_per_sqm": 35001.21666666667, "date_iso": "2021-12-23", "parcelle": "77153000AC0156", "addr_num": "1"}}, {"type": "Feature", "geometry": {"type": "Point", "coordinates": [2.693207, 49.050679]}, "properties": {"year": 2021, "valeur_fonciere": 425000.0, "type_local": "Maison", "surface_reelle_bati": 141.0, "nombre_pieces_principales": 5.0, "adresse_nom_voie": "AV DES SABLONS", "price_per_sqm": 3014.1843971631206, "date_iso": "2021-12-28", "parcelle": "77153000ZE0146", "addr_num": "39"}}, {"type": "Feature", "geometry": {"type": "Point", "coordinates": [2.693207, 49.050679]}, "properties": {"year": 2021, "valeur_fonciere": 425000.0, "type_local": "Maison", "surface_reelle_bati": 141.0, "nombre_pieces_principales": 5.0, "adresse_nom_voie": "AV DES SABLONS", "price_per_sqm": 3014.1843971631206, "date_iso": "2021-12-28", "parcelle": "77153000ZE0146", "addr_num": "39"}}, {"type": "Feature", "geometry": {"type": "Point", "coordinates": [2.684551, 49.053003]}, "properties": {"year": 2021, "valeur_fonciere": 148000.0, "type_local": "Appartement", "surface_reelle_bati": 38.0, "nombre_pieces_principales": 2.0, "adresse_nom_voie": "RUE DE MEAUX", "price_per_sqm": 3894.7368421052633, "date_iso": "2021-12-24", "parcelle": "77153000AD0363", "addr_num": "19"}}, {"type": "Feature", "geometry": {"type": "Point", "coordinates": [2.684551, 49.053003]}, "properties": {"year": 2021, "valeur_fonciere": 148000.0, "type_local": "Dépendance", "surface_reelle_bati": null, "nombre_pieces_principales": 0.0, "adresse_nom_voie": "RUE DE MEAUX", "price_per_sqm": null, "date_iso": "2021-12-24", "parcelle": "77153000AD0363", "addr_num": "19"}}, {"type": "Feature", "geometry": {"type": "Point", "coordinates": [2.685069, 49.053172]}, "properties": {"year": 2021, "valeur_fonciere": 130000.0, "type_local": "Dépendance", "surface_reelle_bati": null, "nombre_pieces_principales": 0.0, "adresse_nom_voie": "RLE DU BUAT", "price_per_sqm": null, "date_iso": "2021-12-30", "parcelle": "77153000AD0107", "addr_num": "2"}}, {"type": "Feature", "geometry": {"type": "Point", "coordinates": [2.685069, 49.053172]}, "properties": {"year": 2021, "valeur_fonciere": 130000.0, "type_local": "Appartement", "surface_reelle_bati": 43.0, "nombre_pieces_principales": 1.0, "adresse_nom_voie": "RUE DE MEAUX", "price_per_sqm": 3023.2558139534885, "date_iso": "2021-12-30", "parcelle": "77153000AD0107", "addr_num": "25"}}, {"type": "Feature", "geometry": {"type": "Point", "coordinates": [2.673676, 49.053114]}, "properties": {"year": 2021, "valeur_fonciere": 245000.0, "type_local": "Maison", "surface_reelle_bati": 65.0, "nombre_pieces_principales": 3.0, "adresse_nom_voie": "RUE DU GENERAL DE GAULLE", "price_per_sqm": 3769.230769230769, "date_iso": "2021-12-30", "parcelle": "771530000C0844", "addr_num": "5"}}, {"type": "Feature", "geometry": {"type": "Point", "coordinates": [2.673676, 49.053114]}, "properties": {"year": 2021, "valeur_fonciere": 245000.0, "type_local": "Dépendance", "surface_reelle_bati": null, "nombre_pieces_principales": 0.0, "adresse_nom_voie": "RUE DU GENERAL DE GAULLE", "price_per_sqm": null, "date_iso": "2021-12-30", "parcelle": "771530000C0844", "addr_num": "5"}}, {"type": "Feature", "geometry": {"type": "Point", "coordinates": [2.681184, 49.053839]}, "properties": {"year": 2022, "valeur_fonciere": 115000.0, "type_local": "Appartement", "surface_reelle_bati": 48.0, "nombre_pieces_principales": 2.0, "adresse_nom_voie": "RUE DU GENERAL DE GAULLE", "price_per_sqm": 2395.8333333333335, "date_iso": "2022-01-04", "parcelle": "77153000AD0014", "addr_num": "134"}}, {"type": "Feature", "geometry": {"type": "Point", "coordinates": [2.681184, 49.053839]}, "properties": {"year": 2022, "valeur_fonciere": 115000.0, "type_local": "Dépendance", "surface_reelle_bati": null, "nombre_pieces_principales": 0.0, "adresse_nom_voie": "RUE DU GENERAL DE GAULLE", "price_per_sqm": null, "date_iso": "2022-01-04", "parcelle": "77153000AD0014", "addr_num": "134"}}, {"type": "Feature", "geometry": {"type": "Point", "coordinates": [2.67974, 49.053631]}, "properties": {"year": 2022, "valeur_fonciere": 193000.0, "type_local": "Dépendance", "surface_reelle_bati": null, "nombre_pieces_principales": 0.0, "adresse_nom_voie": "RUE DE LA LIBERATION", "price_per_sqm": null, "date_iso": "2022-01-12", "parcelle": "77153000AD0023", "addr_num": "7"}}, {"type": "Feature", "geometry": {"type": "Point", "coordinates": [2.67974, 49.053631]}, "properties": {"year": 2022, "valeur_fonciere": 193000.0, "type_local": "Appartement", "surface_reelle_bati": 58.0, "nombre_pieces_principales": 3.0, "adresse_nom_voie": "RUE DE LA LIBERATION", "price_per_sqm": 3327.5862068965516, "date_iso": "2022-01-12", "parcelle": "77153000AD0023", "addr_num": "7"}}, {"type": "Feature", "geometry": {"type": "Point", "coordinates": [2.692308, 49.062279]}, "properties": {"year": 2022, "valeur_fonciere": 233000.0, "type_local": "Dépendance", "surface_reelle_bati": null, "nombre_pieces_principales": 0.0, "adresse_nom_voie": "ALL DE L AUBEPINE", "price_per_sqm": null, "date_iso": "2022-01-14", "parcelle": "77153000AN0058", "addr_num": "1"}}, {"type": "Feature", "geometry": {"type": "Point", "coordinates": [2.692308, 49.062279]}, "properties": {"year": 2022, "valeur_fonciere": 233000.0, "type_local": "Dépendance", "surface_reelle_bati": null, "nombre_pieces_principales": 0.0, "adresse_nom_voie": "ALL DE L AUBEPINE", "price_per_sqm": null, "date_iso": "2022-01-14", "parcelle": "77153000AN0058", "addr_num": "1"}}, {"type": "Feature", "geometry": {"type": "Point", "coordinates": [2.692308, 49.062279]}, "properties": {"year": 2022, "valeur_fonciere": 233000.0, "type_local": "Appartement", "surface_reelle_bati": 62.0, "nombre_pieces_principales": 3.0, "adresse_nom_voie": "ALL DE L AUBEPINE", "price_per_sqm": 3758.064516129032, "date_iso": "2022-01-14", "parcelle": "77153000AN0058", "addr_num": "1"}}, {"type": "Feature", "geometry": {"type": "Point", "coordinates": [2.675322, 49.053245]}, "properties": {"year": 2022, "valeur_fonciere": 102000.0, "type_local": "Appartement", "surface_reelle_bati": 33.0, "nombre_pieces_principales": 1.0, "adresse_nom_voie": "RUE DU GENERAL DE GAULLE", "price_per_sqm": 3090.909090909091, "date_iso": "2022-01-04", "parcelle": "77153000ZN0156", "addr_num": "12"}}, {"type": "Feature", "geometry": {"type": "Point", "coordinates": [2.697031, 49.056942]}, "properties": {"year": 2022, "valeur_fonciere": 185000.0, "type_local": "Appartement", "surface_reelle_bati": 45.0, "nombre_pieces_principales": 2.0, "adresse_nom_voie": "AV DU MARECHAL LECLERC", "price_per_sqm": 4111.111111111111, "date_iso": "2022-01-24", "parcelle": "77153000AM0117", "addr_num": "69"}}, {"type": "Feature", "geometry": {"type": "Point", "coordinates": [2.697031, 49.056942]}, "properties": {"year": 2022, "valeur_fonciere": 185000.0, "type_local": "Dépendance", "surface_reelle_bati": null, "nombre_pieces_principales": 0.0, "adresse_nom_voie": "AV DU MARECHAL LECLERC", "price_per_sqm": null, "date_iso": "2022-01-24", "parcelle": "77153000AM0117", "addr_num": "69"}}, {"type": "Feature", "geometry": {"type": "Point", "coordinates": [2.697031, 49.056942]}, "properties": {"year": 2022, "valeur_fonciere": 185000.0, "type_local": "Dépendance", "surface_reelle_bati": null, "nombre_pieces_principales": 0.0, "adresse_nom_voie": "AV DU MARECHAL LECLERC", "price_per_sqm": null, "date_iso": "2022-01-24", "parcelle": "77153000AM0117", "addr_num": "69"}}, {"type": "Feature", "geometry": {"type": "Point", "coordinates": [2.682557, 49.053729]}, "properties": {"year": 2022, "valeur_fonciere": 170000.0, "type_local": "Appartement", "surface_reelle_bati": 45.0, "nombre_pieces_principales": 2.0, "adresse_nom_voie": "RUE DU GENERAL DE GAULLE", "price_per_sqm": 3777.777777777778, "date_iso": "2022-01-26", "parcelle": "77153000AD0428", "addr_num": "150"}}, {"type": "Feature", "geometry": {"type": "Point", "coordinates": [2.682557, 49.053729]}, "properties": {"year": 2022, "valeur_fonciere": 170000.0, "type_local": "Dépendance", "surface_reelle_bati": null, "nombre_pieces_principales": 0.0, "adresse_nom_voie": "RUE DU GENERAL DE GAULLE", "price_per_sqm": null, "date_iso": "2022-01-26", "parcelle": "77153000AD0428", "addr_num": "150"}}, {"type": "Feature", "geometry": {"type": "Point", "coordinates": [2.682557, 49.053729]}, "properties": {"year": 2022, "valeur_fonciere": 170000.0, "type_local": "Dépendance", "surface_reelle_bati": null, "nombre_pieces_principales": 0.0, "adresse_nom_voie": "RUE DU GENERAL DE GAULLE", "price_per_sqm": null, "date_iso": "2022-01-26", "parcelle": "77153000AD0428", "addr_num": "150"}}, {"type": "Feature", "geometry": {"type": "Point", "coordinates": [2.6952, 49.060408]}, "properties": {"year": 2022, "valeur_fonciere": 357000.0, "type_local": "Maison", "surface_reelle_bati": 109.0, "nombre_pieces_principales": 6.0, "adresse_nom_voie": "RUE DES BLES D'OR", "price_per_sqm": 3275.229357798165, "date_iso": "2022-01-18", "parcelle": "77153000AM0357", "addr_num": "7"}}, {"type": "Feature", "geometry": {"type": "Point", "coordinates": [2.6952, 49.060408]}, "properties": {"year": 2022, "valeur_fonciere": 357000.0, "type_local": "Maison", "surface_reelle_bati": 109.0, "nombre_pieces_principales": 6.0, "adresse_nom_voie": "RUE DES BLES D'OR", "price_per_sqm": 3275.229357798165, "date_iso": "2022-01-18", "parcelle": "77153000AM0357", "addr_num": "7"}}, {"type": "Feature", "geometry": {"type": "Point", "coordinates": [2.678486, 49.064999]}, "properties": {"year": 2022, "valeur_fonciere": 265800.0, "type_local": "Maison", "surface_reelle_bati": 73.0, "nombre_pieces_principales": 4.0, "adresse_nom_voie": "RUE FRANCOISE SAGAN", "price_per_sqm": 3641.095890410959, "date_iso": "2022-01-17", "parcelle": "771530000A1185", "addr_num": "18"}}, {"type": "Feature", "geometry": {"type": "Point", "coordinates": [2.697423, 49.057845]}, "properties": {"year": 2022, "valeur_fonciere": 17000.0, "type_local": "Dépendance", "surface_reelle_bati": null, "nombre_pieces_principales": 0.0, "adresse_nom_voie": "AV DU MARECHAL LECLERC", "price_per_sqm": null, "date_iso": "2022-01-24", "parcelle": "77153000AM0113", "addr_num": "73"}}, {"type": "Feature", "geometry": {"type": "Point", "coordinates": [2.697423, 49.057845]}, "properties": {"year": 2022, "valeur_fonciere": 17000.0, "type_local": "Dépendance", "surface_reelle_bati": null, "nombre_pieces_principales": 0.0, "adresse_nom_voie": "AV DU MARECHAL LECLERC", "price_per_sqm": null, "date_iso": "2022-01-24", "parcelle": "77153000AM0113", "addr_num": "73"}}, {"type": "Feature", "geometry": {"type": "Point", "coordinates": [2.697423, 49.057845]}, "properties": {"year": 2022, "valeur_fonciere": 5000.0, "type_local": "Dépendance", "surface_reelle_bati": null, "nombre_pieces_principales": 0.0, "adresse_nom_voie": "AV DU MARECHAL LECLERC", "price_per_sqm": null, "date_iso": "2022-01-24", "parcelle": "77153000AM0113", "addr_num": "73"}}, {"type": "Feature", "geometry": {"type": "Point", "coordinates": [2.697423, 49.057845]}, "properties": {"year": 2022, "valeur_fonciere": 5000.0, "type_local": "Dépendance", "surface_reelle_bati": null, "nombre_pieces_principales": 0.0, "adresse_nom_voie": "AV DU MARECHAL LECLERC", "price_per_sqm": null, "date_iso": "2022-01-24", "parcelle": "77153000AM0113", "addr_num": "73"}}, {"type": "Feature", "geometry": {"type": "Point", "coordinates": [2.697423, 49.057845]}, "properties": {"year": 2022, "valeur_fonciere": 1.0, "type_local": "Dépendance", "surface_reelle_bati": null, "nombre_pieces_principales": 0.0, "adresse_nom_voie": "AV DU MARECHAL LECLERC", "price_per_sqm": null, "date_iso": "2022-01-24", "parcelle": "77153000AM0113", "addr_num": "73"}}, {"type": "Feature", "geometry": {"type": "Point", "coordinates": [2.697423, 49.057845]}, "properties": {"year": 2022, "valeur_fonciere": 1.0, "type_local": "Dépendance", "surface_reelle_bati": null, "nombre_pieces_principales": 0.0, "adresse_nom_voie": "AV DU MARECHAL LECLERC", "price_per_sqm": null, "date_iso": "2022-01-24", "parcelle": "77153000AM0113", "addr_num": "73"}}, {"type": "Feature", "geometry": {"type": "Point", "coordinates": [2.697423, 49.057845]}, "properties": {"year": 2022, "valeur_fonciere": 1.0, "type_local": "Dépendance", "surface_reelle_bati": null, "nombre_pieces_principales": 0.0, "adresse_nom_voie": "AV DU MARECHAL LECLERC", "price_per_sqm": null, "date_iso": "2022-01-24", "parcelle": "77153000AM0113", "addr_num": "73"}}, {"type": "Feature", "geometry": {"type": "Point", "coordinates": [2.697423, 49.057845]}, "properties": {"year": 2022, "valeur_fonciere": 1.0, "type_local": "Dépendance", "surface_reelle_bati": null, "nombre_pieces_principales": 0.0, "adresse_nom_voie": "AV DU MARECHAL LECLERC", "price_per_sqm": null, "date_iso": "2022-01-24", "parcelle": "77153000AM0113", "addr_num": "73"}}, {"type": "Feature", "geometry": {"type": "Point", "coordinates": [2.697423, 49.057845]}, "properties": {"year": 2022, "valeur_fonciere": 20000.0, "type_local": "Dépendance", "surface_reelle_bati": null, "nombre_pieces_principales": 0.0, "adresse_nom_voie": "AV DU MARECHAL LECLERC", "price_per_sqm": null, "date_iso": "2022-01-24", "parcelle": "77153000AM0113", "addr_num": "73"}}, {"type": "Feature", "geometry": {"type": "Point", "coordinates": [2.697423, 49.057845]}, "properties": {"year": 2022, "valeur_fonciere": 20000.0, "type_local": "Dépendance", "surface_reelle_bati": null, "nombre_pieces_principales": 0.0, "adresse_nom_voie": "AV DU MARECHAL LECLERC", "price_per_sqm": null, "date_iso": "2022-01-24", "parcelle": "77153000AM0113", "addr_num": "73"}}, {"type": "Feature", "geometry": {"type": "Point", "coordinates": [2.697423, 49.057845]}, "properties": {"year": 2022, "valeur_fonciere": 20000.0, "type_local": "Dépendance", "surface_reelle_bati": null, "nombre_pieces_principales": 0.0, "adresse_nom_voie": "AV DU MARECHAL LECLERC", "price_per_sqm": null, "date_iso": "2022-01-24", "parcelle": "77153000AM0113", "addr_num": "73"}}, {"type": "Feature", "geometry": {"type": "Point", "coordinates": [2.697423, 49.057845]}, "properties": {"year": 2022, "valeur_fonciere": 235000.0, "type_local": "Appartement", "surface_reelle_bati": 68.0, "nombre_pieces_principales": 4.0, "adresse_nom_voie": "AV DU MARECHAL LECLERC", "price_per_sqm": 3455.8823529411766, "date_iso": "2022-02-04", "parcelle": "77153000AM0113", "addr_num": "73"}}, {"type": "Feature", "geometry": {"type": "Point", "coordinates": [2.697423, 49.057845]}, "properties": {"year": 2022, "valeur_fonciere": 235000.0, "type_local": "Dépendance", "surface_reelle_bati": null, "nombre_pieces_principales": 0.0, "adresse_nom_voie": "AV DU MARECHAL LECLERC", "price_per_sqm": null, "date_iso": "2022-02-04", "parcelle": "77153000AM0113", "addr_num": "73"}}, {"type": "Feature", "geometry": {"type": "Point", "coordinates": [2.680378, 49.054521]}, "properties": {"year": 2022, "valeur_fonciere": 135000.0, "type_local": "Appartement", "surface_reelle_bati": 64.0, "nombre_pieces_principales": 4.0, "adresse_nom_voie": "PL JEAN PATHUS LABOUR", "price_per_sqm": 2109.375, "date_iso": "2022-02-02", "parcelle": "77153000AC0202", "addr_num": "3"}}, {"type": "Feature", "geometry": {"type": "Point", "coordinates": [2.680378, 49.054521]}, "properties": {"year": 2022, "valeur_fonciere": 135000.0, "type_local": "Dépendance", "surface_reelle_bati": null, "nombre_pieces_principales": 0.0, "adresse_nom_voie": "PL JEAN PATHUS LABOUR", "price_per_sqm": null, "date_iso": "2022-02-02", "parcelle": "77153000AC0202", "addr_num": "3"}}, {"type": "Feature", "geometry": {"type": "Point", "coordinates": [2.680378, 49.054521]}, "properties": {"year": 2022, "valeur_fonciere": 135000.0, "type_local": "Dépendance", "surface_reelle_bati": null, "nombre_pieces_principales": 0.0, "adresse_nom_voie": "PL JEAN PATHUS LABOUR", "price_per_sqm": null, "date_iso": "2022-02-02", "parcelle": "77153000AC0202", "addr_num": "3"}}, {"type": "Feature", "geometry": {"type": "Point", "coordinates": [2.693697, 49.058024]}, "properties": {"year": 2022, "valeur_fonciere": 325000.0, "type_local": "Maison", "surface_reelle_bati": 126.0, "nombre_pieces_principales": 7.0, "adresse_nom_voie": "AV DU DRAP D OR", "price_per_sqm": 2579.3650793650795, "date_iso": "2022-02-04", "parcelle": "77153000AL0018", "addr_num": "73"}}, {"type": "Feature", "geometry": {"type": "Point", "coordinates": [2.693697, 49.058024]}, "properties": {"year": 2022, "valeur_fonciere": 325000.0, "type_local": "Dépendance", "surface_reelle_bati": null, "nombre_pieces_principales": 0.0, "adresse_nom_voie": "AV DU DRAP D OR", "price_per_sqm": null, "date_iso": "2022-02-04", "parcelle": "77153000AL0018", "addr_num": "73"}}, {"type": "Feature", "geometry": {"type": "Point", "coordinates": [2.675363, 49.060269]}, "properties": {"year": 2022, "valeur_fonciere": 199990.0, "type_local": "Dépendance", "surface_reelle_bati": null, "nombre_pieces_principales": 0.0, "adresse_nom_voie": "AV JEAN JAURES", "price_per_sqm": null, "date_iso": "2022-02-08", "parcelle": "771530000A1638", "addr_num": "3"}}, {"type": "Feature", "geometry": {"type": "Point", "coordinates": [2.675363, 49.060269]}, "properties": {"year": 2022, "valeur_fonciere": 199990.0, "type_local": "Dépendance", "surface_reelle_bati": null, "nombre_pieces_principales": 0.0, "adresse_nom_voie": "AV JEAN JAURES", "price_per_sqm": null, "date_iso": "2022-02-08", "parcelle": "771530000A1638", "addr_num": "3"}}, {"type": "Feature", "geometry": {"type": "Point", "coordinates": [2.675363, 49.060269]}, "properties": {"year": 2022, "valeur_fonciere": 199990.0, "type_local": "Appartement", "surface_reelle_bati": 61.0, "nombre_pieces_principales": 3.0, "adresse_nom_voie": "AV JEAN JAURES", "price_per_sqm": 3278.5245901639346, "date_iso": "2022-02-08", "parcelle": "771530000A1638", "addr_num": "3"}}, {"type": "Feature", "geometry": {"type": "Point", "coordinates": [2.676844, 49.053486]}, "properties": {"year": 2022, "valeur_fonciere": 178490.0, "type_local": "Dépendance", "surface_reelle_bati": null, "nombre_pieces_principales": 0.0, "adresse_nom_voie": "RUE DU GENERAL DE GAULLE", "price_per_sqm": null, "date_iso": "2022-02-03", "parcelle": "77153000AB0342", "addr_num": "34"}}, {"type": "Feature", "geometry": {"type": "Point", "coordinates": [2.676844, 49.053486]}, "properties": {"year": 2022, "valeur_fonciere": 178490.0, "type_local": "Appartement", "surface_reelle_bati": 48.0, "nombre_pieces_principales": 3.0, "adresse_nom_voie": "RUE DU GENERAL DE GAULLE", "price_per_sqm": 3718.5416666666665, "date_iso": "2022-02-03", "parcelle": "77153000AB0342", "addr_num": "34"}}, {"type": "Feature", "geometry": {"type": "Point", "coordinates": [2.677438, 49.055308]}, "properties": {"year": 2022, "valeur_fonciere": 302000.0, "type_local": null, "surface_reelle_bati": null, "nombre_pieces_principales": null, "adresse_nom_voie": "RUE DU JEU D ARC", "price_per_sqm": null, "date_iso": "2022-02-04", "parcelle": "77153000AB0311", "addr_num": ""}}, {"type": "Feature", "geometry": {"type": "Point", "coordinates": [2.677405, 49.055276]}, "properties": {"year": 2022, "valeur_fonciere": 302000.0, "type_local": "Dépendance", "surface_reelle_bati": null, "nombre_pieces_principales": 0.0, "adresse_nom_voie": "RUE DU JEU D ARC", "price_per_sqm": null, "date_iso": "2022-02-04", "parcelle": "77153000AB0366", "addr_num": "9003"}}, {"type": "Feature", "geometry": {"type": "Point", "coordinates": [2.677544, 49.055243]}, "properties": {"year": 2022, "valeur_fonciere": 302000.0, "type_local": "Dépendance", "surface_reelle_bati": null, "nombre_pieces_principales": 0.0, "adresse_nom_voie": "RUE SAINT JEAN", "price_per_sqm": null, "date_iso": "2022-02-04", "parcelle": "77153000AB0368", "addr_num": "9"}}, {"type": "Feature", "geometry": {"type": "Point", "coordinates": [2.677544, 49.055243]}, "properties": {"year": 2022, "valeur_fonciere": 302000.0, "type_local": "Maison", "surface_reelle_bati": 100.0, "nombre_pieces_principales": 4.0, "adresse_nom_voie": "RUE SAINT JEAN", "price_per_sqm": 3020.0, "date_iso": "2022-02-04", "parcelle": "77153000AB0368", "addr_num": "9"}}, {"type": "Feature", "geometry": {"type": "Point", "coordinates": [2.682283, 49.054003]}, "properties": {"year": 2022, "valeur_fonciere": 98500.0, "type_local": "Local industriel. commercial ou assimilé", "surface_reelle_bati": 48.0, "nombre_pieces_principales": 0.0, "adresse_nom_voie": "RUE DU GENERAL DE GAULLE", "price_per_sqm": 2052.0833333333335, "date_iso": "2022-02-08", "parcelle": "77153000AC0199", "addr_num": "149"}}, {"type": "Feature", "geometry": {"type": "Point", "coordinates": [2.680119, 49.060076]}, "properties": {"year": 2022, "valeur_fonciere": 348000.0, "type_local": "Maison", "surface_reelle_bati": 99.0, "nombre_pieces_principales": 6.0, "adresse_nom_voie": "RUE DE BOURBON CONDE", "price_per_sqm": 3515.151515151515, "date_iso": "2022-02-11", "parcelle": "77153000AP0043", "addr_num": "12"}}, {"type": "Feature", "geometry": {"type": "Point", "coordinates": [2.680119, 49.060076]}, "properties": {"year": 2022, "valeur_fonciere": 348000.0, "type_local": "Maison", "surface_reelle_bati": 99.0, "nombre_pieces_principales": 6.0, "adresse_nom_voie": "RUE DE BOURBON CONDE", "price_per_sqm": 3515.151515151515, "date_iso": "2022-02-11", "parcelle": "77153000AP0043", "addr_num": "12"}}, {"type": "Feature", "geometry": {"type": "Point", "coordinates": [2.683741, 49.063128]}, "properties": {"year": 2022, "valeur_fonciere": 215000.0, "type_local": "Dépendance", "surface_reelle_bati": null, "nombre_pieces_principales": 0.0, "adresse_nom_voie": "RUE ETIENNE DE LA BOETIE", "price_per_sqm": null, "date_iso": "2022-02-28", "parcelle": "77153000AO0356", "addr_num": "26"}}, {"type": "Feature", "geometry": {"type": "Point", "coordinates": [2.683741, 49.063128]}, "properties": {"year": 2022, "valeur_fonciere": 215000.0, "type_local": "Appartement", "surface_reelle_bati": 74.0, "nombre_pieces_principales": 3.0, "adresse_nom_voie": "RUE ETIENNE DE LA BOETIE", "price_per_sqm": 2905.4054054054054, "date_iso": "2022-02-28", "parcelle": "77153000AO0356", "addr_num": "26"}}, {"type": "Feature", "geometry": {"type": "Point", "coordinates": [2.683741, 49.063128]}, "properties": {"year": 2022, "valeur_fonciere": 215000.0, "type_local": "Dépendance", "surface_reelle_bati": null, "nombre_pieces_principales": 0.0, "adresse_nom_voie": "RUE ETIENNE DE LA BOETIE", "price_per_sqm": null, "date_iso": "2022-02-28", "parcelle": "77153000AO0356", "addr_num": "26"}}, {"type": "Feature", "geometry": {"type": "Point", "coordinates": [2.679758, 49.055677]}, "properties": {"year": 2022, "valeur_fonciere": 145000.0, "type_local": "Appartement", "surface_reelle_bati": 59.0, "nombre_pieces_principales": 2.0, "adresse_nom_voie": "RUE ABEL CHENEVAT", "price_per_sqm": 2457.6271186440677, "date_iso": "2022-02-17", "parcelle": "77153000AC0028", "addr_num": "1"}}, {"type": "Feature", "geometry": {"type": "Point", "coordinates": [2.679758, 49.055677]}, "properties": {"year": 2022, "valeur_fonciere": 145000.0, "type_local": "Dépendance", "surface_reelle_bati": null, "nombre_pieces_principales": 0.0, "adresse_nom_voie": "RUE ABEL CHENEVAT", "price_per_sqm": null, "date_iso": "2022-02-17", "parcelle": "77153000AC0028", "addr_num": "1"}}, {"type": "Feature", "geometry": {"type": "Point", "coordinates": [2.692564, 49.053051]}, "properties": {"year": 2022, "valeur_fonciere": 545000.0, "type_local": "Maison", "surface_reelle_bati": 86.0, "nombre_pieces_principales": 4.0, "adresse_nom_voie": "AV DU MARECHAL LECLERC", "price_per_sqm": 6337.209302325581, "date_iso": "2022-02-18", "parcelle": "77153000ZE0010", "addr_num": "44"}}, {"type": "Feature", "geometry": {"type": "Point", "coordinates": [2.69087, 49.06013]}, "properties": {"year": 2022, "valeur_fonciere": 403000.0, "type_local": "Dépendance", "surface_reelle_bati": null, "nombre_pieces_principales": 0.0, "adresse_nom_voie": "PL EPINE DU MAS", "price_per_sqm": null, "date_iso": "2022-02-16", "parcelle": "77153000AK0092", "addr_num": "2"}}, {"type": "Feature", "geometry": {"type": "Point", "coordinates": [2.69087, 49.06013]}, "properties": {"year": 2022, "valeur_fonciere": 403000.0, "type_local": "Maison", "surface_reelle_bati": 127.0, "nombre_pieces_principales": 5.0, "adresse_nom_voie": "PL EPINE DU MAS", "price_per_sqm": 3173.228346456693, "date_iso": "2022-02-16", "parcelle": "77153000AK0092", "addr_num": "2"}}, {"type": "Feature", "geometry": {"type": "Point", "coordinates": [2.69087, 49.06013]}, "properties": {"year": 2022, "valeur_fonciere": 403000.0, "type_local": "Dépendance", "surface_reelle_bati": null, "nombre_pieces_principales": 0.0, "adresse_nom_voie": "PL EPINE DU MAS", "price_per_sqm": null, "date_iso": "2022-02-16", "parcelle": "77153000AK0092", "addr_num": "2"}}, {"type": "Feature", "geometry": {"type": "Point", "coordinates": [2.692624, 49.06204]}, "properties": {"year": 2022, "valeur_fonciere": 244000.0, "type_local": "Dépendance", "surface_reelle_bati": null, "nombre_pieces_principales": 0.0, "adresse_nom_voie": "ALL DE L AUBEPINE", "price_per_sqm": null, "date_iso": "2022-02-22", "parcelle": "77153000AN0057", "addr_num": "5"}}, {"type": "Feature", "geometry": {"type": "Point", "coordinates": [2.692624, 49.06204]}, "properties": {"year": 2022, "valeur_fonciere": 244000.0, "type_local": "Dépendance", "surface_reelle_bati": null, "nombre_pieces_principales": 0.0, "adresse_nom_voie": "ALL DE L AUBEPINE", "price_per_sqm": null, "date_iso": "2022-02-22", "parcelle": "77153000AN0057", "addr_num": "5"}}, {"type": "Feature", "geometry": {"type": "Point", "coordinates": [2.692624, 49.06204]}, "properties": {"year": 2022, "valeur_fonciere": 244000.0, "type_local": "Appartement", "surface_reelle_bati": 62.0, "nombre_pieces_principales": 3.0, "adresse_nom_voie": "ALL DE L AUBEPINE", "price_per_sqm": 3935.483870967742, "date_iso": "2022-02-22", "parcelle": "77153000AN0057", "addr_num": "5"}}, {"type": "Feature", "geometry": {"type": "Point", "coordinates": [2.674333, 49.064827]}, "properties": {"year": 2022, "valeur_fonciere": 146500.0, "type_local": null, "surface_reelle_bati": null, "nombre_pieces_principales": null, "adresse_nom_voie": "RUE COCO CHANEL", "price_per_sqm": null, "date_iso": "2022-02-28", "parcelle": "771530000A1997", "addr_num": "16"}}, {"type": "Feature", "geometry": {"type": "Point", "coordinates": [2.684126, 49.053904]}, "properties": {"year": 2022, "valeur_fonciere": 96500.0, "type_local": "Appartement", "surface_reelle_bati": 24.0, "nombre_pieces_principales": 2.0, "adresse_nom_voie": "RUE LAVOLLEE", "price_per_sqm": 4020.8333333333335, "date_iso": "2022-02-28", "parcelle": "77153000AC0215", "addr_num": "41"}}, {"type": "Feature", "geometry": {"type": "Point", "coordinates": [2.693862, 49.054372]}, "properties": {"year": 2022, "valeur_fonciere": 224000.0, "type_local": "Appartement", "surface_reelle_bati": 60.0, "nombre_pieces_principales": 3.0, "adresse_nom_voie": "AV DU MARECHAL LECLERC", "price_per_sqm": 3733.3333333333335, "date_iso": "2022-03-14", "parcelle": "77153000AL0329", "addr_num": "63"}}, {"type": "Feature", "geometry": {"type": "Point", "coordinates": [2.693862, 49.054372]}, "properties": {"year": 2022, "valeur_fonciere": 224000.0, "type_local": "Dépendance", "surface_reelle_bati": null, "nombre_pieces_principales": 0.0, "adresse_nom_voie": "AV DU MARECHAL LECLERC", "price_per_sqm": null, "date_iso": "2022-03-14", "parcelle": "77153000AL0329", "addr_num": "63"}}, {"type": "Feature", "geometry": {"type": "Point", "coordinates": [2.673266, 49.054629]}, "properties": {"year": 2022, "valeur_fonciere": 265000.0, "type_local": "Maison", "surface_reelle_bati": 73.0, "nombre_pieces_principales": 4.0, "adresse_nom_voie": "AV DU MOULIN", "price_per_sqm": 3630.1369863013697, "date_iso": "2022-03-07", "parcelle": "771530000C0608", "addr_num": "8"}}, {"type": "Feature", "geometry": {"type": "Point", "coordinates": [2.673266, 49.054629]}, "properties": {"year": 2022, "valeur_fonciere": 265000.0, "type_local": "Dépendance", "surface_reelle_bati": null, "nombre_pieces_principales": 0.0, "adresse_nom_voie": "AV DU MOULIN", "price_per_sqm": null, "date_iso": "2022-03-07", "parcelle": "771530000C0608", "addr_num": "8"}}, {"type": "Feature", "geometry": {"type": "Point", "coordinates": [2.680005, 49.05492]}, "properties": {"year": 2022, "valeur_fonciere": 7750.0, "type_local": "Dépendance", "surface_reelle_bati": null, "nombre_pieces_principales": 0.0, "adresse_nom_voie": "RUE GANNEVAL", "price_per_sqm": null, "date_iso": "2022-03-16", "parcelle": "77153000AC0213", "addr_num": "12"}}, {"type": "Feature", "geometry": {"type": "Point", "coordinates": [2.684728, 49.053366]}, "properties": {"year": 2022, "valeur_fonciere": 109000.0, "type_local": "Appartement", "surface_reelle_bati": 30.0, "nombre_pieces_principales": 2.0, "adresse_nom_voie": "RUE DE MEAUX", "price_per_sqm": 3633.3333333333335, "date_iso": "2022-03-01", "parcelle": "77153000AD0282", "addr_num": "24"}}, {"type": "Feature", "geometry": {"type": "Point", "coordinates": [2.684126, 49.053904]}, "properties": {"year": 2022, "valeur_fonciere": 152000.0, "type_local": "Dépendance", "surface_reelle_bati": null, "nombre_pieces_principales": 0.0, "adresse_nom_voie": "RUE DU GENERAL DE GAULLE", "price_per_sqm": null, "date_iso": "2022-03-09", "parcelle": "77153000AC0215", "addr_num": "169"}}, {"type": "Feature", "geometry": {"type": "Point", "coordinates": [2.684126, 49.053904]}, "properties": {"year": 2022, "valeur_fonciere": 152000.0, "type_local": "Dépendance", "surface_reelle_bati": null, "nombre_pieces_principales": 0.0, "adresse_nom_voie": "RUE DU GENERAL DE GAULLE", "price_per_sqm": null, "date_iso": "2022-03-09", "parcelle": "77153000AC0215", "addr_num": "169"}}, {"type": "Feature", "geometry": {"type": "Point", "coordinates": [2.684126, 49.053904]}, "properties": {"year": 2022, "valeur_fonciere": 152000.0, "type_local": "Appartement", "surface_reelle_bati": 39.0, "nombre_pieces_principales": 2.0, "adresse_nom_voie": "RUE LAVOLLEE", "price_per_sqm": 3897.4358974358975, "date_iso": "2022-03-09", "parcelle": "77153000AC0215", "addr_num": "49"}}, {"type": "Feature", "geometry": {"type": "Point", "coordinates": [2.686341, 49.063882]}, "properties": {"year": 2022, "valeur_fonciere": 300000.0, "type_local": "Maison", "surface_reelle_bati": 88.0, "nombre_pieces_principales": 5.0, "adresse_nom_voie": "RUE JEAN JACQUES ROUSSEAU", "price_per_sqm": 3409.090909090909, "date_iso": "2022-03-10", "parcelle": "77153000AO0160", "addr_num": "9"}}, {"type": "Feature", "geometry": {"type": "Point", "coordinates": [2.686341, 49.063882]}, "properties": {"year": 2022, "valeur_fonciere": 300000.0, "type_local": "Maison", "surface_reelle_bati": 88.0, "nombre_pieces_principales": 5.0, "adresse_nom_voie": "RUE JEAN JACQUES ROUSSEAU", "price_per_sqm": 3409.090909090909, "date_iso": "2022-03-10", "parcelle": "77153000AO0160", "addr_num": "9"}}, {"type": "Feature", "geometry": {"type": "Point", "coordinates": [2.68143, 49.054314]}, "properties": {"year": 2022, "valeur_fonciere": 255000.0, "type_local": "Appartement", "surface_reelle_bati": 94.0, "nombre_pieces_principales": 3.0, "adresse_nom_voie": "RUE DUSSOLIE", "price_per_sqm": 2712.7659574468084, "date_iso": "2022-02-24", "parcelle": "77153000AC0224", "addr_num": "4"}}, {"type": "Feature", "geometry": {"type": "Point", "coordinates": [2.68143, 49.054314]}, "properties": {"year": 2022, "valeur_fonciere": 255000.0, "type_local": "Dépendance", "surface_reelle_bati": null, "nombre_pieces_principales": 0.0, "adresse_nom_voie": "RUE DUSSOLIE", "price_per_sqm": null, "date_iso": "2022-02-24", "parcelle": "77153000AC0224", "addr_num": "4"}}, {"type": "Feature", "geometry": {"type": "Point", "coordinates": [2.68143, 49.054314]}, "properties": {"year": 2022, "valeur_fonciere": 255000.0, "type_local": "Dépendance", "surface_reelle_bati": null, "nombre_pieces_principales": 0.0, "adresse_nom_voie": "RUE DUSSOLIE", "price_per_sqm": null, "date_iso": "2022-02-24", "parcelle": "77153000AC0224", "addr_num": "4"}}, {"type": "Feature", "geometry": {"type": "Point", "coordinates": [2.677709, 49.055429]}, "properties": {"year": 2022, "valeur_fonciere": 172000.0, "type_local": "Appartement", "surface_reelle_bati": 46.0, "nombre_pieces_principales": 3.0, "adresse_nom_voie": "RUE SAINT JEAN", "price_per_sqm": 3739.1304347826085, "date_iso": "2022-03-22", "parcelle": "77153000AB0320", "addr_num": "13"}}, {"type": "Feature", "geometry": {"type": "Point", "coordinates": [2.677709, 49.055429]}, "properties": {"year": 2022, "valeur_fonciere": 172000.0, "type_local": "Dépendance", "surface_reelle_bati": null, "nombre_pieces_principales": 0.0, "adresse_nom_voie": "RUE SAINT JEAN", "price_per_sqm": null, "date_iso": "2022-03-22", "parcelle": "77153000AB0320", "addr_num": "13"}}, {"type": "Feature", "geometry": {"type": "Point", "coordinates": [2.702777, 49.056021]}, "properties": {"year": 2022, "valeur_fonciere": 20000.0, "type_local": null, "surface_reelle_bati": null, "nombre_pieces_principales": null, "adresse_nom_voie": "L EGARE", "price_per_sqm": null, "date_iso": "2022-03-21", "parcelle": "77153000ZE0194", "addr_num": ""}}, {"type": "Feature", "geometry": {"type": "Point", "coordinates": [2.703697, 49.058393]}, "properties": {"year": 2022, "valeur_fonciere": 20000.0, "type_local": null, "surface_reelle_bati": null, "nombre_pieces_principales": null, "adresse_nom_voie": "SENTE DE ROUVRES", "price_per_sqm": null, "date_iso": "2022-03-21", "parcelle": "77153000ZE0210", "addr_num": ""}}, {"type": "Feature", "geometry": {"type": "Point", "coordinates": [2.686715, 49.05266]}, "properties": {"year": 2022, "valeur_fonciere": 356000.0, "type_local": "Maison", "surface_reelle_bati": 144.0, "nombre_pieces_principales": 4.0, "adresse_nom_voie": "RLE DU JARD", "price_per_sqm": 2472.222222222222, "date_iso": "2022-03-25", "parcelle": "77153000AH0210", "addr_num": "9"}}, {"type": "Feature", "geometry": {"type": "Point", "coordinates": [2.70501, 49.054957]}, "properties": {"year": 2022, "valeur_fonciere": 2000.0, "type_local": null, "surface_reelle_bati": null, "nombre_pieces_principales": null, "adresse_nom_voie": "L EGARE", "price_per_sqm": null, "date_iso": "2022-03-18", "parcelle": "77153000ZE0051", "addr_num": ""}}, {"type": "Feature", "geometry": {"type": "Point", "coordinates": [2.681184, 49.053839]}, "properties": {"year": 2022, "valeur_fonciere": 47300.0, "type_local": "Appartement", "surface_reelle_bati": 13.0, "nombre_pieces_principales": 1.0, "adresse_nom_voie": "RUE DU GENERAL DE GAULLE", "price_per_sqm": 3638.4615384615386, "date_iso": "2022-03-15", "parcelle": "77153000AD0014", "addr_num": "134"}}, {"type": "Feature", "geometry": {"type": "Point", "coordinates": [2.681184, 49.053839]}, "properties": {"year": 2022, "valeur_fonciere": 47300.0, "type_local": "Dépendance", "surface_reelle_bati": null, "nombre_pieces_principales": 0.0, "adresse_nom_voie": "RUE DU GENERAL DE GAULLE", "price_per_sqm": null, "date_iso": "2022-03-15", "parcelle": "77153000AD0014", "addr_num": "134"}}, {"type": "Feature", "geometry": {"type": "Point", "coordinates": [2.699461, 49.059097]}, "properties": {"year": 2022, "valeur_fonciere": 290000.0, "type_local": "Maison", "surface_reelle_bati": 76.0, "nombre_pieces_principales": 3.0, "adresse_nom_voie": "RUE DU BRABANT", "price_per_sqm": 3815.7894736842104, "date_iso": "2022-04-01", "parcelle": "77153000AM0166", "addr_num": "6"}}, {"type": "Feature", "geometry": {"type": "Point", "coordinates": [2.699461, 49.059097]}, "properties": {"year": 2022, "valeur_fonciere": 290000.0, "type_local": "Maison", "surface_reelle_bati": 76.0, "nombre_pieces_principales": 3.0, "adresse_nom_voie": "RUE DU BRABANT", "price_per_sqm": 3815.7894736842104, "date_iso": "2022-04-01", "parcelle": "77153000AM0166", "addr_num": "6"}}, {"type": "Feature", "geometry": {"type": "Point", "coordinates": [2.682757, 49.053962]}, "properties": {"year": 2022, "valeur_fonciere": 65000.0, "type_local": "Appartement", "surface_reelle_bati": 15.0, "nombre_pieces_principales": 1.0, "adresse_nom_voie": "RUE DU GENERAL DE GAULLE", "price_per_sqm": 4333.333333333333, "date_iso": "2022-03-21", "parcelle": "77153000AC0173", "addr_num": "159"}}, {"type": "Feature", "geometry": {"type": "Point", "coordinates": [2.68056, 49.062076]}, "properties": {"year": 2022, "valeur_fonciere": 397000.0, "type_local": "Maison", "surface_reelle_bati": 112.0, "nombre_pieces_principales": 7.0, "adresse_nom_voie": "ALL DE FAYEL", "price_per_sqm": 3544.6428571428573, "date_iso": "2022-04-05", "parcelle": "771530000A0323", "addr_num": "4"}}, {"type": "Feature", "geometry": {"type": "Point", "coordinates": [2.681937, 49.054898]}, "properties": {"year": 2022, "valeur_fonciere": 336000.0, "type_local": "Maison", "surface_reelle_bati": 110.0, "nombre_pieces_principales": 6.0, "adresse_nom_voie": "RUE LAVOLLEE", "price_per_sqm": 3054.5454545454545, "date_iso": "2022-03-25", "parcelle": "77153000AC0221", "addr_num": "1"}}, {"type": "Feature", "geometry": {"type": "Point", "coordinates": [2.676844, 49.053486]}, "properties": {"year": 2022, "valeur_fonciere": 187500.0, "type_local": "Appartement", "surface_reelle_bati": 57.0, "nombre_pieces_principales": 3.0, "adresse_nom_voie": "RUE DU GENERAL DE GAULLE", "price_per_sqm": 3289.4736842105262, "date_iso": "2022-03-29", "parcelle": "77153000AB0342", "addr_num": "34"}}, {"type": "Feature", "geometry": {"type": "Point", "coordinates": [2.676844, 49.053486]}, "properties": {"year": 2022, "valeur_fonciere": 187500.0, "type_local": "Dépendance", "surface_reelle_bati": null, "nombre_pieces_principales": 0.0, "adresse_nom_voie": "RUE DU GENERAL DE GAULLE", "price_per_sqm": null, "date_iso": "2022-03-29", "parcelle": "77153000AB0342", "addr_num": "34"}}, {"type": "Feature", "geometry": {"type": "Point", "coordinates": [2.671864, 49.051039]}, "properties": {"year": 2022, "valeur_fonciere": 155000.0, "type_local": "Dépendance", "surface_reelle_bati": null, "nombre_pieces_principales": 0.0, "adresse_nom_voie": "RUE LOUIS BRAILLE", "price_per_sqm": null, "date_iso": "2022-04-13", "parcelle": "77153000ZN0078", "addr_num": "3"}}, {"type": "Feature", "geometry": {"type": "Point", "coordinates": [2.671864, 49.051039]}, "properties": {"year": 2022, "valeur_fonciere": 155000.0, "type_local": "Dépendance", "surface_reelle_bati": null, "nombre_pieces_principales": 0.0, "adresse_nom_voie": "RUE LOUIS BRAILLE", "price_per_sqm": null, "date_iso": "2022-04-13", "parcelle": "77153000ZN0078", "addr_num": "3"}}, {"type": "Feature", "geometry": {"type": "Point", "coordinates": [2.671864, 49.051039]}, "properties": {"year": 2022, "valeur_fonciere": 155000.0, "type_local": "Appartement", "surface_reelle_bati": 40.0, "nombre_pieces_principales": 2.0, "adresse_nom_voie": "RUE LOUIS BRAILLE", "price_per_sqm": 3875.0, "date_iso": "2022-04-13", "parcelle": "77153000ZN0078", "addr_num": "3"}}, {"type": "Feature", "geometry": {"type": "Point", "coordinates": [2.696908, 49.057179]}, "properties": {"year": 2022, "valeur_fonciere": 184000.0, "type_local": "Appartement", "surface_reelle_bati": 53.0, "nombre_pieces_principales": 2.0, "adresse_nom_voie": "AV DU MARECHAL LECLERC", "price_per_sqm": 3471.698113207547, "date_iso": "2022-04-13", "parcelle": "77153000AM0114", "addr_num": "71"}}, {"type": "Feature", "geometry": {"type": "Point", "coordinates": [2.696908, 49.057179]}, "properties": {"year": 2022, "valeur_fonciere": 184000.0, "type_local": "Dépendance", "surface_reelle_bati": null, "nombre_pieces_principales": 0.0, "adresse_nom_voie": "AV DU MARECHAL LECLERC", "price_per_sqm": null, "date_iso": "2022-04-13", "parcelle": "77153000AM0114", "addr_num": "71"}}, {"type": "Feature", "geometry": {"type": "Point", "coordinates": [2.696908, 49.057179]}, "properties": {"year": 2022, "valeur_fonciere": 184000.0, "type_local": "Dépendance", "surface_reelle_bati": null, "nombre_pieces_principales": 0.0, "adresse_nom_voie": "AV DU MARECHAL LECLERC", "price_per_sqm": null, "date_iso": "2022-04-13", "parcelle": "77153000AM0114", "addr_num": "71"}}, {"type": "Feature", "geometry": {"type": "Point", "coordinates": [2.682142, 49.053758]}, "properties": {"year": 2022, "valeur_fonciere": 231400.0, "type_local": "Maison", "surface_reelle_bati": 90.0, "nombre_pieces_principales": 4.0, "adresse_nom_voie": "RUE DU GENERAL DE GAULLE", "price_per_sqm": 2571.1111111111113, "date_iso": "2022-04-19", "parcelle": "77153000AD0274", "addr_num": "146"}}, {"type": "Feature", "geometry": {"type": "Point", "coordinates": [2.684894, 49.05314]}, "properties": {"year": 2022, "valeur_fonciere": 162000.0, "type_local": "Appartement", "surface_reelle_bati": 42.0, "nombre_pieces_principales": 2.0, "adresse_nom_voie": "RUE DE MEAUX", "price_per_sqm": 3857.1428571428573, "date_iso": "2022-04-14", "parcelle": "77153000AD0105", "addr_num": "21"}}, {"type": "Feature", "geometry": {"type": "Point", "coordinates": [2.685069, 49.053172]}, "properties": {"year": 2022, "valeur_fonciere": 162000.0, "type_local": "Dépendance", "surface_reelle_bati": null, "nombre_pieces_principales": 0.0, "adresse_nom_voie": "RLE DU BUAT", "price_per_sqm": null, "date_iso": "2022-04-14", "parcelle": "77153000AD0107", "addr_num": "2"}}, {"type": "Feature", "geometry": {"type": "Point", "coordinates": [2.679061, 49.060668]}, "properties": {"year": 2022, "valeur_fonciere": 448000.0, "type_local": "Maison", "surface_reelle_bati": 148.0, "nombre_pieces_principales": 5.0, "adresse_nom_voie": "AV DE MONTMORENCY", "price_per_sqm": 3027.027027027027, "date_iso": "2022-04-21", "parcelle": "77153000AP0035", "addr_num": "21"}}, {"type": "Feature", "geometry": {"type": "Point", "coordinates": [2.679061, 49.060668]}, "properties": {"year": 2022, "valeur_fonciere": 448000.0, "type_local": "Maison", "surface_reelle_bati": 148.0, "nombre_pieces_principales": 5.0, "adresse_nom_voie": "AV DE MONTMORENCY", "price_per_sqm": 3027.027027027027, "date_iso": "2022-04-21", "parcelle": "77153000AP0035", "addr_num": "21"}}, {"type": "Feature", "geometry": {"type": "Point", "coordinates": [2.697031, 49.056942]}, "properties": {"year": 2022, "valeur_fonciere": 128000.0, "type_local": "Dépendance", "surface_reelle_bati": null, "nombre_pieces_principales": 0.0, "adresse_nom_voie": "AV DU MARECHAL LECLERC", "price_per_sqm": null, "date_iso": "2022-04-14", "parcelle": "77153000AM0117", "addr_num": "69"}}, {"type": "Feature", "geometry": {"type": "Point", "coordinates": [2.697031, 49.056942]}, "properties": {"year": 2022, "valeur_fonciere": 128000.0, "type_local": "Appartement", "surface_reelle_bati": 35.0, "nombre_pieces_principales": 1.0, "adresse_nom_voie": "AV DU MARECHAL LECLERC", "price_per_sqm": 3657.1428571428573, "date_iso": "2022-04-14", "parcelle": "77153000AM0117", "addr_num": "69"}}, {"type": "Feature", "geometry": {"type": "Point", "coordinates": [2.685069, 49.053172]}, "properties": {"year": 2022, "valeur_fonciere": 135000.0, "type_local": "Dépendance", "surface_reelle_bati": null, "nombre_pieces_principales": 0.0, "adresse_nom_voie": "RLE DU BUAT", "price_per_sqm": null, "date_iso": "2022-04-20", "parcelle": "77153000AD0107", "addr_num": "2"}}, {"type": "Feature", "geometry": {"type": "Point", "coordinates": [2.685069, 49.053172]}, "properties": {"year": 2022, "valeur_fonciere": 135000.0, "type_local": "Appartement", "surface_reelle_bati": 37.0, "nombre_pieces_principales": 1.0, "adresse_nom_voie": "RUE DE MEAUX", "price_per_sqm": 3648.6486486486488, "date_iso": "2022-04-20", "parcelle": "77153000AD0107", "addr_num": "25"}}, {"type": "Feature", "geometry": {"type": "Point", "coordinates": [2.685069, 49.053172]}, "properties": {"year": 2022, "valeur_fonciere": 100000.0, "type_local": "Dépendance", "surface_reelle_bati": null, "nombre_pieces_principales": 0.0, "adresse_nom_voie": "RLE DU BUAT", "price_per_sqm": null, "date_iso": "2022-04-26", "parcelle": "77153000AD0107", "addr_num": "2"}}, {"type": "Feature", "geometry": {"type": "Point", "coordinates": [2.685069, 49.053172]}, "properties": {"year": 2022, "valeur_fonciere": 100000.0, "type_local": "Appartement", "surface_reelle_bati": 33.0, "nombre_pieces_principales": 1.0, "adresse_nom_voie": "RUE DE MEAUX", "price_per_sqm": 3030.3030303030305, "date_iso": "2022-04-26", "parcelle": "77153000AD0107", "addr_num": "25"}}, {"type": "Feature", "geometry": {"type": "Point", "coordinates": [2.682282, 49.053019]}, "properties": {"year": 2022, "valeur_fonciere": 157000.0, "type_local": "Appartement", "surface_reelle_bati": 40.0, "nombre_pieces_principales": 2.0, "adresse_nom_voie": "RUE DE MEAUX", "price_per_sqm": 3925.0, "date_iso": "2022-04-28", "parcelle": "77153000AD0371", "addr_num": "1"}}, {"type": "Feature", "geometry": {"type": "Point", "coordinates": [2.682282, 49.053019]}, "properties": {"year": 2022, "valeur_fonciere": 157000.0, "type_local": "Dépendance", "surface_reelle_bati": null, "nombre_pieces_principales": 0.0, "adresse_nom_voie": "RUE DE MEAUX", "price_per_sqm": null, "date_iso": "2022-04-28", "parcelle": "77153000AD0371", "addr_num": "1"}}, {"type": "Feature", "geometry": {"type": "Point", "coordinates": [2.671091, 49.052148]}, "properties": {"year": 2022, "valeur_fonciere": 320000.0, "type_local": "Maison", "surface_reelle_bati": 92.0, "nombre_pieces_principales": 4.0, "adresse_nom_voie": "CR 18 DAMMARTIN A LONGPERRIER", "price_per_sqm": 3478.2608695652175, "date_iso": "2022-04-29", "parcelle": "77153000ZN0044", "addr_num": "1"}}, {"type": "Feature", "geometry": {"type": "Point", "coordinates": [2.671091, 49.052148]}, "properties": {"year": 2022, "valeur_fonciere": 320000.0, "type_local": "Maison", "surface_reelle_bati": 92.0, "nombre_pieces_principales": 4.0, "adresse_nom_voie": "CR 18 DAMMARTIN A LONGPERRIER", "price_per_sqm": 3478.2608695652175, "date_iso": "2022-04-29", "parcelle": "77153000ZN0044", "addr_num": "1"}}, {"type": "Feature", "geometry": {"type": "Point", "coordinates": [2.692861, 49.058443]}, "properties": {"year": 2022, "valeur_fonciere": 285000.0, "type_local": "Maison", "surface_reelle_bati": 92.0, "nombre_pieces_principales": 5.0, "adresse_nom_voie": "AV DU DRAP D OR", "price_per_sqm": 3097.8260869565215, "date_iso": "2022-04-28", "parcelle": "77153000AL0011", "addr_num": "59"}}, {"type": "Feature", "geometry": {"type": "Point", "coordinates": [2.692861, 49.058443]}, "properties": {"year": 2022, "valeur_fonciere": 285000.0, "type_local": "Dépendance", "surface_reelle_bati": null, "nombre_pieces_principales": 0.0, "adresse_nom_voie": "AV DU DRAP D OR", "price_per_sqm": null, "date_iso": "2022-04-28", "parcelle": "77153000AL0011", "addr_num": "59"}}, {"type": "Feature", "geometry": {"type": "Point", "coordinates": [2.678373, 49.059699]}, "properties": {"year": 2022, "valeur_fonciere": 400000.0, "type_local": "Maison", "surface_reelle_bati": 178.0, "nombre_pieces_principales": 8.0, "adresse_nom_voie": "RUE DE BOURBON CONDE", "price_per_sqm": 2247.191011235955, "date_iso": "2022-04-13", "parcelle": "77153000AP0052", "addr_num": "17"}}, {"type": "Feature", "geometry": {"type": "Point", "coordinates": [2.678373, 49.059699]}, "properties": {"year": 2022, "valeur_fonciere": 400000.0, "type_local": "Maison", "surface_reelle_bati": 178.0, "nombre_pieces_principales": 8.0, "adresse_nom_voie": "RUE DE BOURBON CONDE", "price_per_sqm": 2247.191011235955, "date_iso": "2022-04-13", "parcelle": "77153000AP0052", "addr_num": "17"}}, {"type": "Feature", "geometry": {"type": "Point", "coordinates": [2.679381, 49.053752]}, "properties": {"year": 2022, "valeur_fonciere": 115000.0, "type_local": "Appartement", "surface_reelle_bati": 38.0, "nombre_pieces_principales": 2.0, "adresse_nom_voie": "RUE DE LA LIBERATION", "price_per_sqm": 3026.315789473684, "date_iso": "2022-05-03", "parcelle": "77153000AB0096", "addr_num": "2"}}, {"type": "Feature", "geometry": {"type": "Point", "coordinates": [2.670505, 49.052328]}, "properties": {"year": 2022, "valeur_fonciere": 310000.0, "type_local": "Dépendance", "surface_reelle_bati": null, "nombre_pieces_principales": 0.0, "adresse_nom_voie": "AV DE SAINT GUINFORT", "price_per_sqm": null, "date_iso": "2022-04-27", "parcelle": "771530000C0492", "addr_num": "2"}}, {"type": "Feature", "geometry": {"type": "Point", "coordinates": [2.670505, 49.052328]}, "properties": {"year": 2022, "valeur_fonciere": 310000.0, "type_local": "Maison", "surface_reelle_bati": 105.0, "nombre_pieces_principales": 5.0, "adresse_nom_voie": "AV DE SAINT GUINFORT", "price_per_sqm": 2952.3809523809523, "date_iso": "2022-04-27", "parcelle": "771530000C0492", "addr_num": "2"}}, {"type": "Feature", "geometry": {"type": "Point", "coordinates": [2.687195, 49.059493]}, "properties": {"year": 2022, "valeur_fonciere": 283500.0, "type_local": "Maison", "surface_reelle_bati": 83.0, "nombre_pieces_principales": 5.0, "adresse_nom_voie": "RUE BELLE ANGEVINE", "price_per_sqm": 3415.6626506024095, "date_iso": "2022-05-06", "parcelle": "77153000AK0218", "addr_num": "13"}}, {"type": "Feature", "geometry": {"type": "Point", "coordinates": [2.687195, 49.059493]}, "properties": {"year": 2022, "valeur_fonciere": 283500.0, "type_local": "Dépendance", "surface_reelle_bati": null, "nombre_pieces_principales": 0.0, "adresse_nom_voie": "RUE BELLE ANGEVINE", "price_per_sqm": null, "date_iso": "2022-05-06", "parcelle": "77153000AK0218", "addr_num": "13"}}, {"type": "Feature", "geometry": {"type": "Point", "coordinates": [2.668805, 49.05669]}, "properties": {"year": 2022, "valeur_fonciere": 320000.0, "type_local": "Maison", "surface_reelle_bati": 67.0, "nombre_pieces_principales": 3.0, "adresse_nom_voie": "CHE DES JONCS", "price_per_sqm": 4776.119402985075, "date_iso": "2022-04-20", "parcelle": "771530000C0686", "addr_num": "11"}}, {"type": "Feature", "geometry": {"type": "Point", "coordinates": [2.668805, 49.05669]}, "properties": {"year": 2022, "valeur_fonciere": 320000.0, "type_local": "Maison", "surface_reelle_bati": 152.0, "nombre_pieces_principales": 8.0, "adresse_nom_voie": "CHE DES JONCS", "price_per_sqm": 2105.2631578947367, "date_iso": "2022-04-20", "parcelle": "771530000C0686", "addr_num": "11"}}, {"type": "Feature", "geometry": {"type": "Point", "coordinates": [2.668805, 49.05669]}, "properties": {"year": 2022, "valeur_fonciere": 320000.0, "type_local": "Dépendance", "surface_reelle_bati": null, "nombre_pieces_principales": 0.0, "adresse_nom_voie": "CHE DES JONCS", "price_per_sqm": null, "date_iso": "2022-04-20", "parcelle": "771530000C0686", "addr_num": "11"}}, {"type": "Feature", "geometry": {"type": "Point", "coordinates": [2.668805, 49.05669]}, "properties": {"year": 2022, "valeur_fonciere": 320000.0, "type_local": "Dépendance", "surface_reelle_bati": null, "nombre_pieces_principales": 0.0, "adresse_nom_voie": "CHE DES JONCS", "price_per_sqm": null, "date_iso": "2022-04-20", "parcelle": "771530000C0686", "addr_num": "11"}}, {"type": "Feature", "geometry": {"type": "Point", "coordinates": [2.685069, 49.053172]}, "properties": {"year": 2022, "valeur_fonciere": 157000.0, "type_local": "Appartement", "surface_reelle_bati": 42.0, "nombre_pieces_principales": 2.0, "adresse_nom_voie": "RUE DE MEAUX", "price_per_sqm": 3738.095238095238, "date_iso": "2022-05-10", "parcelle": "77153000AD0107", "addr_num": "25"}}, {"type": "Feature", "geometry": {"type": "Point", "coordinates": [2.685069, 49.053172]}, "properties": {"year": 2022, "valeur_fonciere": 157000.0, "type_local": "Dépendance", "surface_reelle_bati": null, "nombre_pieces_principales": 0.0, "adresse_nom_voie": "RLE DU BUAT", "price_per_sqm": null, "date_iso": "2022-05-10", "parcelle": "77153000AD0107", "addr_num": "2"}}, {"type": "Feature", "geometry": {"type": "Point", "coordinates": [2.670157, 49.051984]}, "properties": {"year": 2022, "valeur_fonciere": 460000.0, "type_local": null, "surface_reelle_bati": null, "nombre_pieces_principales": null, "adresse_nom_voie": "RTE DE LONGPERRIER", "price_per_sqm": null, "date_iso": "2022-05-10", "parcelle": "77153000ZN0036", "addr_num": "6"}}, {"type": "Feature", "geometry": {"type": "Point", "coordinates": [2.670438, 49.052016]}, "properties": {"year": 2022, "valeur_fonciere": 460000.0, "type_local": "Maison", "surface_reelle_bati": 149.0, "nombre_pieces_principales": 6.0, "adresse_nom_voie": "RTE DE LONGPERRIER", "price_per_sqm": 3087.248322147651, "date_iso": "2022-05-10", "parcelle": "77153000ZN0037", "addr_num": "6"}}, {"type": "Feature", "geometry": {"type": "Point", "coordinates": [2.670438, 49.052016]}, "properties": {"year": 2022, "valeur_fonciere": 460000.0, "type_local": "Maison", "surface_reelle_bati": 149.0, "nombre_pieces_principales": 6.0, "adresse_nom_voie": "RTE DE LONGPERRIER", "price_per_sqm": 3087.248322147651, "date_iso": "2022-05-10", "parcelle": "77153000ZN0037", "addr_num": "6"}}, {"type": "Feature", "geometry": {"type": "Point", "coordinates": [2.694522, 49.059437]}, "properties": {"year": 2022, "valeur_fonciere": 346000.0, "type_local": "Dépendance", "surface_reelle_bati": null, "nombre_pieces_principales": 0.0, "adresse_nom_voie": "ALL DE LA HERSE D OR", "price_per_sqm": null, "date_iso": "2022-05-11", "parcelle": "77153000AM0204", "addr_num": "18"}}, {"type": "Feature", "geometry": {"type": "Point", "coordinates": [2.694522, 49.059437]}, "properties": {"year": 2022, "valeur_fonciere": 346000.0, "type_local": "Maison", "surface_reelle_bati": 112.0, "nombre_pieces_principales": 5.0, "adresse_nom_voie": "ALL DE LA HERSE D OR", "price_per_sqm": 3089.285714285714, "date_iso": "2022-05-11", "parcelle": "77153000AM0204", "addr_num": "18"}}, {"type": "Feature", "geometry": {"type": "Point", "coordinates": [2.694522, 49.059437]}, "properties": {"year": 2022, "valeur_fonciere": 346000.0, "type_local": "Dépendance", "surface_reelle_bati": null, "nombre_pieces_principales": 0.0, "adresse_nom_voie": "ALL DE LA HERSE D OR", "price_per_sqm": null, "date_iso": "2022-05-11", "parcelle": "77153000AM0204", "addr_num": "18"}}, {"type": "Feature", "geometry": {"type": "Point", "coordinates": [2.694522, 49.059437]}, "properties": {"year": 2022, "valeur_fonciere": 346000.0, "type_local": "Maison", "surface_reelle_bati": 112.0, "nombre_pieces_principales": 5.0, "adresse_nom_voie": "ALL DE LA HERSE D OR", "price_per_sqm": 3089.285714285714, "date_iso": "2022-05-11", "parcelle": "77153000AM0204", "addr_num": "18"}}, {"type": "Feature", "geometry": {"type": "Point", "coordinates": [2.670416, 49.051786]}, "properties": {"year": 2022, "valeur_fonciere": 505000.0, "type_local": null, "surface_reelle_bati": null, "nombre_pieces_principales": null, "adresse_nom_voie": "RTE DE LONGPERRIER", "price_per_sqm": null, "date_iso": "2022-05-10", "parcelle": "77153000ZN0039", "addr_num": ""}}, {"type": "Feature", "geometry": {"type": "Point", "coordinates": [2.670826, 49.05185]}, "properties": {"year": 2022, "valeur_fonciere": 505000.0, "type_local": "Maison", "surface_reelle_bati": 94.0, "nombre_pieces_principales": 4.0, "adresse_nom_voie": "RTE DE LONGPERRIER", "price_per_sqm": 5372.340425531915, "date_iso": "2022-05-10", "parcelle": "77153000ZN0462", "addr_num": "4"}}, {"type": "Feature", "geometry": {"type": "Point", "coordinates": [2.670826, 49.05185]}, "properties": {"year": 2022, "valeur_fonciere": 505000.0, "type_local": "Dépendance", "surface_reelle_bati": null, "nombre_pieces_principales": 0.0, "adresse_nom_voie": "RTE DE LONGPERRIER", "price_per_sqm": null, "date_iso": "2022-05-10", "parcelle": "77153000ZN0462", "addr_num": "4"}}, {"type": "Feature", "geometry": {"type": "Point", "coordinates": [2.670826, 49.05185]}, "properties": {"year": 2022, "valeur_fonciere": 505000.0, "type_local": "Dépendance", "surface_reelle_bati": null, "nombre_pieces_principales": 0.0, "adresse_nom_voie": "RTE DE LONGPERRIER", "price_per_sqm": null, "date_iso": "2022-05-10", "parcelle": "77153000ZN0462", "addr_num": "4"}}, {"type": "Feature", "geometry": {"type": "Point", "coordinates": [2.670826, 49.05185]}, "properties": {"year": 2022, "valeur_fonciere": 505000.0, "type_local": "Maison", "surface_reelle_bati": 94.0, "nombre_pieces_principales": 4.0, "adresse_nom_voie": "RTE DE LONGPERRIER", "price_per_sqm": 5372.340425531915, "date_iso": "2022-05-10", "parcelle": "77153000ZN0462", "addr_num": "4"}}, {"type": "Feature", "geometry": {"type": "Point", "coordinates": [2.674145, 49.063341]}, "properties": {"year": 2022, "valeur_fonciere": 210000.0, "type_local": null, "surface_reelle_bati": null, "nombre_pieces_principales": null, "adresse_nom_voie": "RUE NELSON MANDELA", "price_per_sqm": null, "date_iso": "2022-05-10", "parcelle": "771530000A1547", "addr_num": "33"}}, {"type": "Feature", "geometry": {"type": "Point", "coordinates": [2.673933, 49.063311]}, "properties": {"year": 2022, "valeur_fonciere": 210000.0, "type_local": null, "surface_reelle_bati": null, "nombre_pieces_principales": null, "adresse_nom_voie": "LE GRAND PUITS BLEIN", "price_per_sqm": null, "date_iso": "2022-05-10", "parcelle": "771530000A1976", "addr_num": ""}}, {"type": "Feature", "geometry": {"type": "Point", "coordinates": [2.684551, 49.053003]}, "properties": {"year": 2022, "valeur_fonciere": 153000.0, "type_local": "Dépendance", "surface_reelle_bati": null, "nombre_pieces_principales": 0.0, "adresse_nom_voie": "RUE DE MEAUX", "price_per_sqm": null, "date_iso": "2022-05-09", "parcelle": "77153000AD0363", "addr_num": "19"}}, {"type": "Feature", "geometry": {"type": "Point", "coordinates": [2.684551, 49.053003]}, "properties": {"year": 2022, "valeur_fonciere": 153000.0, "type_local": "Appartement", "surface_reelle_bati": 43.0, "nombre_pieces_principales": 2.0, "adresse_nom_voie": "RUE DE MEAUX", "price_per_sqm": 3558.139534883721, "date_iso": "2022-05-09", "parcelle": "77153000AD0363", "addr_num": "19"}}, {"type": "Feature", "geometry": {"type": "Point", "coordinates": [2.676844, 49.053486]}, "properties": {"year": 2022, "valeur_fonciere": 146000.0, "type_local": "Appartement", "surface_reelle_bati": 40.0, "nombre_pieces_principales": 2.0, "adresse_nom_voie": "RUE DU GENERAL DE GAULLE", "price_per_sqm": 3650.0, "date_iso": "2022-05-03", "parcelle": "77153000AB0342", "addr_num": "34"}}, {"type": "Feature", "geometry": {"type": "Point", "coordinates": [2.676844, 49.053486]}, "properties": {"year": 2022, "valeur_fonciere": 146000.0, "type_local": "Dépendance", "surface_reelle_bati": null, "nombre_pieces_principales": 0.0, "adresse_nom_voie": "RUE DU GENERAL DE GAULLE", "price_per_sqm": null, "date_iso": "2022-05-03", "parcelle": "77153000AB0342", "addr_num": "34"}}, {"type": "Feature", "geometry": {"type": "Point", "coordinates": [2.676844, 49.053486]}, "properties": {"year": 2022, "valeur_fonciere": 146500.0, "type_local": "Appartement", "surface_reelle_bati": 46.0, "nombre_pieces_principales": 2.0, "adresse_nom_voie": "RUE DU GENERAL DE GAULLE", "price_per_sqm": 3184.782608695652, "date_iso": "2022-05-16", "parcelle": "77153000AB0342", "addr_num": "34"}}, {"type": "Feature", "geometry": {"type": "Point", "coordinates": [2.679853, 49.053887]}, "properties": {"year": 2022, "valeur_fonciere": 79167.0, "type_local": "Dépendance", "surface_reelle_bati": null, "nombre_pieces_principales": 0.0, "adresse_nom_voie": "RUE DE LA LIBERATION", "price_per_sqm": null, "date_iso": "2022-05-11", "parcelle": "77153000AD0002", "addr_num": "1"}}, {"type": "Feature", "geometry": {"type": "Point", "coordinates": [2.679853, 49.053887]}, "properties": {"year": 2022, "valeur_fonciere": 79167.0, "type_local": "Appartement", "surface_reelle_bati": 54.0, "nombre_pieces_principales": 2.0, "adresse_nom_voie": "RUE DE LA LIBERATION", "price_per_sqm": 1466.0555555555557, "date_iso": "2022-05-11", "parcelle": "77153000AD0002", "addr_num": "1"}}, {"type": "Feature", "geometry": {"type": "Point", "coordinates": [2.678621, 49.055526]}, "properties": {"year": 2022, "valeur_fonciere": 104500.0, "type_local": "Appartement", "surface_reelle_bati": 28.0, "nombre_pieces_principales": 1.0, "adresse_nom_voie": "RUE GANNEVAL", "price_per_sqm": 3732.1428571428573, "date_iso": "2022-05-18", "parcelle": "77153000AC0208", "addr_num": "30"}}, {"type": "Feature", "geometry": {"type": "Point", "coordinates": [2.678621, 49.055526]}, "properties": {"year": 2022, "valeur_fonciere": 104500.0, "type_local": "Dépendance", "surface_reelle_bati": null, "nombre_pieces_principales": 0.0, "adresse_nom_voie": "RUE GANNEVAL", "price_per_sqm": null, "date_iso": "2022-05-18", "parcelle": "77153000AC0208", "addr_num": "30"}}, {"type": "Feature", "geometry": {"type": "Point", "coordinates": [2.688204, 49.053081]}, "properties": {"year": 2022, "valeur_fonciere": 168000.0, "type_local": "Dépendance", "surface_reelle_bati": null, "nombre_pieces_principales": 0.0, "adresse_nom_voie": "AV DU MARECHAL LECLERC", "price_per_sqm": null, "date_iso": "2022-05-12", "parcelle": "77153000AH0487", "addr_num": "12"}}, {"type": "Feature", "geometry": {"type": "Point", "coordinates": [2.688204, 49.053081]}, "properties": {"year": 2022, "valeur_fonciere": 168000.0, "type_local": "Appartement", "surface_reelle_bati": 40.0, "nombre_pieces_principales": 2.0, "adresse_nom_voie": "AV DU MARECHAL LECLERC", "price_per_sqm": 4200.0, "date_iso": "2022-05-12", "parcelle": "77153000AH0487", "addr_num": "12"}}, {"type": "Feature", "geometry": {"type": "Point", "coordinates": [2.692308, 49.062279]}, "properties": {"year": 2022, "valeur_fonciere": 234000.0, "type_local": "Dépendance", "surface_reelle_bati": null, "nombre_pieces_principales": 0.0, "adresse_nom_voie": "ALL DE L AUBEPINE", "price_per_sqm": null, "date_iso": "2022-05-19", "parcelle": "77153000AN0058", "addr_num": "1"}}, {"type": "Feature", "geometry": {"type": "Point", "coordinates": [2.692308, 49.062279]}, "properties": {"year": 2022, "valeur_fonciere": 234000.0, "type_local": "Appartement", "surface_reelle_bati": 55.0, "nombre_pieces_principales": 3.0, "adresse_nom_voie": "ALL DE L AUBEPINE", "price_per_sqm": 4254.545454545455, "date_iso": "2022-05-19", "parcelle": "77153000AN0058", "addr_num": "3"}}, {"type": "Feature", "geometry": {"type": "Point", "coordinates": [2.692308, 49.062279]}, "properties": {"year": 2022, "valeur_fonciere": 234000.0, "type_local": "Dépendance", "surface_reelle_bati": null, "nombre_pieces_principales": 0.0, "adresse_nom_voie": "ALL DE L AUBEPINE", "price_per_sqm": null, "date_iso": "2022-05-19", "parcelle": "77153000AN0058", "addr_num": "1"}}, {"type": "Feature", "geometry": {"type": "Point", "coordinates": [2.688108, 49.059687]}, "properties": {"year": 2022, "valeur_fonciere": 299000.0, "type_local": "Maison", "surface_reelle_bati": 92.0, "nombre_pieces_principales": 5.0, "adresse_nom_voie": "PL OLIVIER DE SERRES", "price_per_sqm": 3250.0, "date_iso": "2022-05-12", "parcelle": "77153000AK0173", "addr_num": "4"}}, {"type": "Feature", "geometry": {"type": "Point", "coordinates": [2.688108, 49.059687]}, "properties": {"year": 2022, "valeur_fonciere": 299000.0, "type_local": "Dépendance", "surface_reelle_bati": null, "nombre_pieces_principales": 0.0, "adresse_nom_voie": "PL OLIVIER DE SERRES", "price_per_sqm": null, "date_iso": "2022-05-12", "parcelle": "77153000AK0173", "addr_num": "4"}}, {"type": "Feature", "geometry": {"type": "Point", "coordinates": [2.690603, 49.052029]}, "properties": {"year": 2022, "valeur_fonciere": 430000.0, "type_local": "Maison", "surface_reelle_bati": 140.0, "nombre_pieces_principales": 5.0, "adresse_nom_voie": "AV DES SABLONS", "price_per_sqm": 3071.4285714285716, "date_iso": "2022-05-18", "parcelle": "77153000AH0536", "addr_num": "17"}}, {"type": "Feature", "geometry": {"type": "Point", "coordinates": [2.690603, 49.052029]}, "properties": {"year": 2022, "valeur_fonciere": 430000.0, "type_local": "Maison", "surface_reelle_bati": 140.0, "nombre_pieces_principales": 5.0, "adresse_nom_voie": "AV DES SABLONS", "price_per_sqm": 3071.4285714285716, "date_iso": "2022-05-18", "parcelle": "77153000AH0536", "addr_num": "17"}}, {"type": "Feature", "geometry": {"type": "Point", "coordinates": [2.66991, 49.064537]}, "properties": {"year": 2022, "valeur_fonciere": 399000.0, "type_local": "Maison", "surface_reelle_bati": 121.0, "nombre_pieces_principales": 6.0, "adresse_nom_voie": "RUE ROSA PARKS", "price_per_sqm": 3297.5206611570247, "date_iso": "2022-05-19", "parcelle": "771530000A1821", "addr_num": "28"}}, {"type": "Feature", "geometry": {"type": "Point", "coordinates": [2.694738, 49.05429]}, "properties": {"year": 2022, "valeur_fonciere": 1200000.0, "type_local": null, "surface_reelle_bati": null, "nombre_pieces_principales": null, "adresse_nom_voie": "LA MARE A SALE", "price_per_sqm": null, "date_iso": "2022-05-04", "parcelle": "77153000ZE0261", "addr_num": ""}}, {"type": "Feature", "geometry": {"type": "Point", "coordinates": [2.69514, 49.054547]}, "properties": {"year": 2022, "valeur_fonciere": 1200000.0, "type_local": null, "surface_reelle_bati": null, "nombre_pieces_principales": null, "adresse_nom_voie": "LA MARE A SALE", "price_per_sqm": null, "date_iso": "2022-05-04", "parcelle": "77153000ZE0263", "addr_num": ""}}, {"type": "Feature", "geometry": {"type": "Point", "coordinates": [2.679853, 49.053887]}, "properties": {"year": 2022, "valeur_fonciere": 150000.0, "type_local": "Dépendance", "surface_reelle_bati": null, "nombre_pieces_principales": 0.0, "adresse_nom_voie": "RUE DE LA LIBERATION", "price_per_sqm": null, "date_iso": "2022-05-04", "parcelle": "77153000AD0002", "addr_num": "1"}}, {"type": "Feature", "geometry": {"type": "Point", "coordinates": [2.679853, 49.053887]}, "properties": {"year": 2022, "valeur_fonciere": 150000.0, "type_local": "Local industriel. commercial ou assimilé", "surface_reelle_bati": 48.0, "nombre_pieces_principales": 0.0, "adresse_nom_voie": "RUE DE LA LIBERATION", "price_per_sqm": 3125.0, "date_iso": "2022-05-04", "parcelle": "77153000AD0002", "addr_num": "1"}}, {"type": "Feature", "geometry": {"type": "Point", "coordinates": [2.679853, 49.053887]}, "properties": {"year": 2022, "valeur_fonciere": 150000.0, "type_local": "Dépendance", "surface_reelle_bati": null, "nombre_pieces_principales": 0.0, "adresse_nom_voie": "RUE DE LA LIBERATION", "price_per_sqm": null, "date_iso": "2022-05-04", "parcelle": "77153000AD0002", "addr_num": "1"}}, {"type": "Feature", "geometry": {"type": "Point", "coordinates": [2.67974, 49.053631]}, "properties": {"year": 2022, "valeur_fonciere": 12000.0, "type_local": "Dépendance", "surface_reelle_bati": null, "nombre_pieces_principales": 0.0, "adresse_nom_voie": "RUE DE LA LIBERATION", "price_per_sqm": null, "date_iso": "2022-05-18", "parcelle": "77153000AD0023", "addr_num": "7"}}, {"type": "Feature", "geometry": {"type": "Point", "coordinates": [2.690186, 49.059121]}, "properties": {"year": 2022, "valeur_fonciere": 320000.0, "type_local": "Maison", "surface_reelle_bati": 111.0, "nombre_pieces_principales": 6.0, "adresse_nom_voie": "RUE DES BERGAMOTTES", "price_per_sqm": 2882.8828828828828, "date_iso": "2022-05-19", "parcelle": "77153000AK0126", "addr_num": "36"}}, {"type": "Feature", "geometry": {"type": "Point", "coordinates": [2.690186, 49.059121]}, "properties": {"year": 2022, "valeur_fonciere": 320000.0, "type_local": "Dépendance", "surface_reelle_bati": null, "nombre_pieces_principales": 0.0, "adresse_nom_voie": "RUE DES BERGAMOTTES", "price_per_sqm": null, "date_iso": "2022-05-19", "parcelle": "77153000AK0126", "addr_num": "36"}}, {"type": "Feature", "geometry": {"type": "Point", "coordinates": [2.686227, 49.061299]}, "properties": {"year": 2022, "valeur_fonciere": 262000.0, "type_local": "Maison", "surface_reelle_bati": 82.0, "nombre_pieces_principales": 5.0, "adresse_nom_voie": "RTE D EVE", "price_per_sqm": 3195.121951219512, "date_iso": "2022-06-01", "parcelle": "77153000AK0013", "addr_num": "42"}}, {"type": "Feature", "geometry": {"type": "Point", "coordinates": [2.686146, 49.061194]}, "properties": {"year": 2022, "valeur_fonciere": 262000.0, "type_local": "Dépendance", "surface_reelle_bati": null, "nombre_pieces_principales": 0.0, "adresse_nom_voie": "RTE D EVE", "price_per_sqm": null, "date_iso": "2022-06-01", "parcelle": "77153000AK0015", "addr_num": "38"}}, {"type": "Feature", "geometry": {"type": "Point", "coordinates": [2.693468, 49.054099]}, "properties": {"year": 2022, "valeur_fonciere": 330000.0, "type_local": "Maison", "surface_reelle_bati": 95.0, "nombre_pieces_principales": 4.0, "adresse_nom_voie": "AV DU MARECHAL LECLERC", "price_per_sqm": 3473.684210526316, "date_iso": "2022-06-07", "parcelle": "77153000AL0328", "addr_num": "61"}}, {"type": "Feature", "geometry": {"type": "Point", "coordinates": [2.686086, 49.059953]}, "properties": {"year": 2022, "valeur_fonciere": 243200.0, "type_local": "Dépendance", "surface_reelle_bati": null, "nombre_pieces_principales": 0.0, "adresse_nom_voie": "RUE BELLE ANGEVINE", "price_per_sqm": null, "date_iso": "2022-06-01", "parcelle": "77153000AK0287", "addr_num": "6"}}, {"type": "Feature", "geometry": {"type": "Point", "coordinates": [2.686086, 49.059953]}, "properties": {"year": 2022, "valeur_fonciere": 243200.0, "type_local": "Maison", "surface_reelle_bati": 113.0, "nombre_pieces_principales": 6.0, "adresse_nom_voie": "RUE BELLE ANGEVINE", "price_per_sqm": 2152.212389380531, "date_iso": "2022-06-01", "parcelle": "77153000AK0287", "addr_num": "6"}}, {"type": "Feature", "geometry": {"type": "Point", "coordinates": [2.697291, 49.059609]}, "properties": {"year": 2022, "valeur_fonciere": 286000.0, "type_local": "Dépendance", "surface_reelle_bati": null, "nombre_pieces_principales": 0.0, "adresse_nom_voie": "ALL DE LA HERSE D OR", "price_per_sqm": null, "date_iso": "2022-05-31", "parcelle": "77153000AM0321", "addr_num": "69"}}, {"type": "Feature", "geometry": {"type": "Point", "coordinates": [2.697291, 49.059609]}, "properties": {"year": 2022, "valeur_fonciere": 286000.0, "type_local": "Maison", "surface_reelle_bati": 120.0, "nombre_pieces_principales": 6.0, "adresse_nom_voie": "ALL DE LA HERSE D OR", "price_per_sqm": 2383.3333333333335, "date_iso": "2022-05-31", "parcelle": "77153000AM0321", "addr_num": "69"}}, {"type": "Feature", "geometry": {"type": "Point", "coordinates": [2.68343, 49.053245]}, "properties": {"year": 2022, "valeur_fonciere": 90000.0, "type_local": "Appartement", "surface_reelle_bati": 30.0, "nombre_pieces_principales": 1.0, "adresse_nom_voie": "RUE DE MEAUX", "price_per_sqm": 3000.0, "date_iso": "2022-06-10", "parcelle": "77153000AD0348", "addr_num": "16"}}, {"type": "Feature", "geometry": {"type": "Point", "coordinates": [2.68343, 49.053245]}, "properties": {"year": 2022, "valeur_fonciere": 90000.0, "type_local": "Dépendance", "surface_reelle_bati": null, "nombre_pieces_principales": 0.0, "adresse_nom_voie": "RUE DE MEAUX", "price_per_sqm": null, "date_iso": "2022-06-10", "parcelle": "77153000AD0348", "addr_num": "16"}}, {"type": "Feature", "geometry": {"type": "Point", "coordinates": [2.674949, 49.059044]}, "properties": {"year": 2022, "valeur_fonciere": 41435.0, "type_local": null, "surface_reelle_bati": null, "nombre_pieces_principales": null, "adresse_nom_voie": "LE PUITS BLEIN", "price_per_sqm": null, "date_iso": "2022-06-02", "parcelle": "771530000A0649", "addr_num": ""}}, {"type": "Feature", "geometry": {"type": "Point", "coordinates": [2.675998, 49.058532]}, "properties": {"year": 2022, "valeur_fonciere": 41435.0, "type_local": null, "surface_reelle_bati": null, "nombre_pieces_principales": null, "adresse_nom_voie": "LE PUITS BLEIN", "price_per_sqm": null, "date_iso": "2022-06-02", "parcelle": "771530000A0660", "addr_num": ""}}, {"type": "Feature", "geometry": {"type": "Point", "coordinates": [2.673212, 49.057758]}, "properties": {"year": 2022, "valeur_fonciere": 41435.0, "type_local": null, "surface_reelle_bati": null, "nombre_pieces_principales": null, "adresse_nom_voie": "LE PUITS BLEIN", "price_per_sqm": null, "date_iso": "2022-06-02", "parcelle": "771530000A0680", "addr_num": ""}}, {"type": "Feature", "geometry": {"type": "Point", "coordinates": [2.672248, 49.060057]}, "properties": {"year": 2022, "valeur_fonciere": 41435.0, "type_local": null, "surface_reelle_bati": null, "nombre_pieces_principales": null, "adresse_nom_voie": "LE PUITS BLEIN", "price_per_sqm": null, "date_iso": "2022-06-02", "parcelle": "771530000A0718", "addr_num": ""}}, {"type": "Feature", "geometry": {"type": "Point", "coordinates": [2.692308, 49.062279]}, "properties": {"year": 2022, "valeur_fonciere": 41435.0, "type_local": "Dépendance", "surface_reelle_bati": null, "nombre_pieces_principales": 0.0, "adresse_nom_voie": "ALL DE L AUBEPINE", "price_per_sqm": null, "date_iso": "2022-06-02", "parcelle": "77153000AN0058", "addr_num": "1"}}, {"type": "Feature", "geometry": {"type": "Point", "coordinates": [2.692308, 49.062279]}, "properties": {"year": 2022, "valeur_fonciere": 41435.0, "type_local": "Dépendance", "surface_reelle_bati": null, "nombre_pieces_principales": 0.0, "adresse_nom_voie": "ALL DE L AUBEPINE", "price_per_sqm": null, "date_iso": "2022-06-02", "parcelle": "77153000AN0058", "addr_num": "1"}}, {"type": "Feature", "geometry": {"type": "Point", "coordinates": [2.679249, 49.0581]}, "properties": {"year": 2022, "valeur_fonciere": 41435.0, "type_local": null, "surface_reelle_bati": null, "nombre_pieces_principales": null, "adresse_nom_voie": "LA MARE GAUSSERIE", "price_per_sqm": null, "date_iso": "2022-06-02", "parcelle": "77153000AP0151", "addr_num": ""}}, {"type": "Feature", "geometry": {"type": "Point", "coordinates": [2.684051, 49.051405]}, "properties": {"year": 2022, "valeur_fonciere": 41435.0, "type_local": null, "surface_reelle_bati": null, "nombre_pieces_principales": null, "adresse_nom_voie": "LE CLOS RICHARD", "price_per_sqm": null, "date_iso": "2022-06-02", "parcelle": "77153000ZH0058", "addr_num": ""}}, {"type": "Feature", "geometry": {"type": "Point", "coordinates": [2.684315, 49.051413]}, "properties": {"year": 2022, "valeur_fonciere": 41435.0, "type_local": null, "surface_reelle_bati": null, "nombre_pieces_principales": null, "adresse_nom_voie": "LE CLOS RICHARD", "price_per_sqm": null, "date_iso": "2022-06-02", "parcelle": "77153000ZH0059", "addr_num": ""}}, {"type": "Feature", "geometry": {"type": "Point", "coordinates": [2.684494, 49.051296]}, "properties": {"year": 2022, "valeur_fonciere": 41435.0, "type_local": null, "surface_reelle_bati": null, "nombre_pieces_principales": null, "adresse_nom_voie": "LE CLOS RICHARD", "price_per_sqm": null, "date_iso": "2022-06-02", "parcelle": "77153000ZH0062", "addr_num": ""}}, {"type": "Feature", "geometry": {"type": "Point", "coordinates": [2.686179, 49.051026]}, "properties": {"year": 2022, "valeur_fonciere": 41435.0, "type_local": null, "surface_reelle_bati": null, "nombre_pieces_principales": null, "adresse_nom_voie": "LE CLOS RICHARD", "price_per_sqm": null, "date_iso": "2022-06-02", "parcelle": "77153000ZH0066", "addr_num": ""}}, {"type": "Feature", "geometry": {"type": "Point", "coordinates": [2.687663, 49.050875]}, "properties": {"year": 2022, "valeur_fonciere": 41435.0, "type_local": null, "surface_reelle_bati": null, "nombre_pieces_principales": null, "adresse_nom_voie": "LE GUE DOUY", "price_per_sqm": null, "date_iso": "2022-06-02", "parcelle": "77153000ZH0071", "addr_num": ""}}, {"type": "Feature", "geometry": {"type": "Point", "coordinates": [2.683363, 49.050249]}, "properties": {"year": 2022, "valeur_fonciere": 41435.0, "type_local": null, "surface_reelle_bati": null, "nombre_pieces_principales": null, "adresse_nom_voie": "LE CLOS RICHARD", "price_per_sqm": null, "date_iso": "2022-06-02", "parcelle": "77153000ZH0126", "addr_num": ""}}, {"type": "Feature", "geometry": {"type": "Point", "coordinates": [2.686953, 49.050997]}, "properties": {"year": 2022, "valeur_fonciere": 41435.0, "type_local": null, "surface_reelle_bati": null, "nombre_pieces_principales": null, "adresse_nom_voie": "LE GUE DOUY", "price_per_sqm": null, "date_iso": "2022-06-02", "parcelle": "77153000ZH0128", "addr_num": ""}}, {"type": "Feature", "geometry": {"type": "Point", "coordinates": [2.685301, 49.050956]}, "properties": {"year": 2022, "valeur_fonciere": 41435.0, "type_local": null, "surface_reelle_bati": null, "nombre_pieces_principales": null, "adresse_nom_voie": "RUE DU GUE DOUY", "price_per_sqm": null, "date_iso": "2022-06-02", "parcelle": "77153000ZH0171", "addr_num": ""}}, {"type": "Feature", "geometry": {"type": "Point", "coordinates": [2.693218, 49.053987]}, "properties": {"year": 2022, "valeur_fonciere": 325000.0, "type_local": "Dépendance", "surface_reelle_bati": null, "nombre_pieces_principales": 0.0, "adresse_nom_voie": "AV DU MARECHAL LECLERC", "price_per_sqm": null, "date_iso": "2022-06-07", "parcelle": "77153000AL0327", "addr_num": "9021"}}, {"type": "Feature", "geometry": {"type": "Point", "coordinates": [2.693218, 49.053987]}, "properties": {"year": 2022, "valeur_fonciere": 325000.0, "type_local": "Maison", "surface_reelle_bati": 81.0, "nombre_pieces_principales": 5.0, "adresse_nom_voie": "AV DU MARECHAL LECLERC", "price_per_sqm": 4012.3456790123455, "date_iso": "2022-06-07", "parcelle": "77153000AL0327", "addr_num": "9021"}}, {"type": "Feature", "geometry": {"type": "Point", "coordinates": [2.692483, 49.053649]}, "properties": {"year": 2022, "valeur_fonciere": 550000.0, "type_local": "Dépendance", "surface_reelle_bati": null, "nombre_pieces_principales": 0.0, "adresse_nom_voie": "AV DU MARECHAL LECLERC", "price_per_sqm": null, "date_iso": "2022-06-07", "parcelle": "77153000AL0324", "addr_num": "55"}}, {"type": "Feature", "geometry": {"type": "Point", "coordinates": [2.692483, 49.053649]}, "properties": {"year": 2022, "valeur_fonciere": 550000.0, "type_local": "Maison", "surface_reelle_bati": 109.0, "nombre_pieces_principales": 6.0, "adresse_nom_voie": "AV DU MARECHAL LECLERC", "price_per_sqm": 5045.871559633028, "date_iso": "2022-06-07", "parcelle": "77153000AL0324", "addr_num": "55"}}, {"type": "Feature", "geometry": {"type": "Point", "coordinates": [2.693468, 49.054099]}, "properties": {"year": 2022, "valeur_fonciere": 280000.0, "type_local": "Maison", "surface_reelle_bati": 95.0, "nombre_pieces_principales": 4.0, "adresse_nom_voie": "AV DU MARECHAL LECLERC", "price_per_sqm": 2947.3684210526317, "date_iso": "2022-06-07", "parcelle": "77153000AL0328", "addr_num": "61"}}, {"type": "Feature", "geometry": {"type": "Point", "coordinates": [2.690643, 49.060719]}, "properties": {"year": 2022, "valeur_fonciere": 395000.0, "type_local": "Maison", "surface_reelle_bati": 200.0, "nombre_pieces_principales": 6.0, "adresse_nom_voie": "ALL DES MURIERS", "price_per_sqm": 1975.0, "date_iso": "2022-06-07", "parcelle": "77153000AN0122", "addr_num": "7"}}, {"type": "Feature", "geometry": {"type": "Point", "coordinates": [2.690643, 49.060719]}, "properties": {"year": 2022, "valeur_fonciere": 395000.0, "type_local": "Maison", "surface_reelle_bati": 200.0, "nombre_pieces_principales": 6.0, "adresse_nom_voie": "ALL DES MURIERS", "price_per_sqm": 1975.0, "date_iso": "2022-06-07", "parcelle": "77153000AN0122", "addr_num": "7"}}, {"type": "Feature", "geometry": {"type": "Point", "coordinates": [2.69274, 49.053787]}, "properties": {"year": 2022, "valeur_fonciere": 1010100.0, "type_local": "Maison", "surface_reelle_bati": 140.0, "nombre_pieces_principales": 8.0, "adresse_nom_voie": "AV DU MARECHAL LECLERC", "price_per_sqm": 7215.0, "date_iso": "2022-06-07", "parcelle": "77153000AL0325", "addr_num": "57"}}, {"type": "Feature", "geometry": {"type": "Point", "coordinates": [2.693001, 49.053943]}, "properties": {"year": 2022, "valeur_fonciere": 1010100.0, "type_local": "Maison", "surface_reelle_bati": 83.0, "nombre_pieces_principales": 5.0, "adresse_nom_voie": "AV DU MARECHAL LECLERC", "price_per_sqm": 12169.87951807229, "date_iso": "2022-06-07", "parcelle": "77153000AL0326", "addr_num": "59"}}, {"type": "Feature", "geometry": {"type": "Point", "coordinates": [2.669832, 49.057666]}, "properties": {"year": 2022, "valeur_fonciere": 255000.0, "type_local": "Maison", "surface_reelle_bati": 87.0, "nombre_pieces_principales": 4.0, "adresse_nom_voie": "CHE DES JONCS", "price_per_sqm": 2931.0344827586205, "date_iso": "2022-06-09", "parcelle": "771530000A0929", "addr_num": "2"}}, {"type": "Feature", "geometry": {"type": "Point", "coordinates": [2.677446, 49.055078]}, "properties": {"year": 2022, "valeur_fonciere": 184500.0, "type_local": "Dépendance", "surface_reelle_bati": null, "nombre_pieces_principales": 0.0, "adresse_nom_voie": "RUE SAINT JEAN", "price_per_sqm": null, "date_iso": "2022-06-02", "parcelle": "77153000AB0284", "addr_num": "7"}}, {"type": "Feature", "geometry": {"type": "Point", "coordinates": [2.677446, 49.055078]}, "properties": {"year": 2022, "valeur_fonciere": 184500.0, "type_local": "Dépendance", "surface_reelle_bati": null, "nombre_pieces_principales": 0.0, "adresse_nom_voie": "RUE DU JEU D ARC", "price_per_sqm": null, "date_iso": "2022-06-02", "parcelle": "77153000AB0284", "addr_num": "23"}}, {"type": "Feature", "geometry": {"type": "Point", "coordinates": [2.677446, 49.055078]}, "properties": {"year": 2022, "valeur_fonciere": 184500.0, "type_local": "Dépendance", "surface_reelle_bati": null, "nombre_pieces_principales": 0.0, "adresse_nom_voie": "RUE SAINT JEAN", "price_per_sqm": null, "date_iso": "2022-06-02", "parcelle": "77153000AB0284", "addr_num": "7"}}, {"type": "Feature", "geometry": {"type": "Point", "coordinates": [2.677446, 49.055078]}, "properties": {"year": 2022, "valeur_fonciere": 184500.0, "type_local": "Dépendance", "surface_reelle_bati": null, "nombre_pieces_principales": 0.0, "adresse_nom_voie": "RUE SAINT JEAN", "price_per_sqm": null, "date_iso": "2022-06-02", "parcelle": "77153000AB0284", "addr_num": "7"}}, {"type": "Feature", "geometry": {"type": "Point", "coordinates": [2.677446, 49.055078]}, "properties": {"year": 2022, "valeur_fonciere": 184500.0, "type_local": "Appartement", "surface_reelle_bati": 57.0, "nombre_pieces_principales": 3.0, "adresse_nom_voie": "RUE SAINT JEAN", "price_per_sqm": 3236.842105263158, "date_iso": "2022-06-02", "parcelle": "77153000AB0284", "addr_num": "7"}}, {"type": "Feature", "geometry": {"type": "Point", "coordinates": [2.686639, 49.059985]}, "properties": {"year": 2022, "valeur_fonciere": 298500.0, "type_local": "Maison", "surface_reelle_bati": 83.0, "nombre_pieces_principales": 5.0, "adresse_nom_voie": "RUE BELLE ANGEVINE", "price_per_sqm": 3596.385542168675, "date_iso": "2022-06-07", "parcelle": "77153000AK0212", "addr_num": "1"}}, {"type": "Feature", "geometry": {"type": "Point", "coordinates": [2.686639, 49.059985]}, "properties": {"year": 2022, "valeur_fonciere": 298500.0, "type_local": "Dépendance", "surface_reelle_bati": null, "nombre_pieces_principales": 0.0, "adresse_nom_voie": "RUE BELLE ANGEVINE", "price_per_sqm": null, "date_iso": "2022-06-07", "parcelle": "77153000AK0212", "addr_num": "1"}}, {"type": "Feature", "geometry": {"type": "Point", "coordinates": [2.678621, 49.055526]}, "properties": {"year": 2022, "valeur_fonciere": 164000.0, "type_local": "Appartement", "surface_reelle_bati": 25.0, "nombre_pieces_principales": 1.0, "adresse_nom_voie": "RUE GANNEVAL", "price_per_sqm": 6560.0, "date_iso": "2022-06-15", "parcelle": "77153000AC0208", "addr_num": "32"}}, {"type": "Feature", "geometry": {"type": "Point", "coordinates": [2.678621, 49.055526]}, "properties": {"year": 2022, "valeur_fonciere": 164000.0, "type_local": "Dépendance", "surface_reelle_bati": null, "nombre_pieces_principales": 0.0, "adresse_nom_voie": "RUE GANNEVAL", "price_per_sqm": null, "date_iso": "2022-06-15", "parcelle": "77153000AC0208", "addr_num": "30"}}, {"type": "Feature", "geometry": {"type": "Point", "coordinates": [2.678621, 49.055526]}, "properties": {"year": 2022, "valeur_fonciere": 164000.0, "type_local": "Dépendance", "surface_reelle_bati": null, "nombre_pieces_principales": 0.0, "adresse_nom_voie": "RUE GANNEVAL", "price_per_sqm": null, "date_iso": "2022-06-15", "parcelle": "77153000AC0208", "addr_num": "30"}}, {"type": "Feature", "geometry": {"type": "Point", "coordinates": [2.678621, 49.055526]}, "properties": {"year": 2022, "valeur_fonciere": 164000.0, "type_local": "Appartement", "surface_reelle_bati": 36.0, "nombre_pieces_principales": 2.0, "adresse_nom_voie": "RUE GANNEVAL", "price_per_sqm": 4555.555555555556, "date_iso": "2022-06-15", "parcelle": "77153000AC0208", "addr_num": "32"}}, {"type": "Feature", "geometry": {"type": "Point", "coordinates": [2.675363, 49.060269]}, "properties": {"year": 2022, "valeur_fonciere": 182000.0, "type_local": "Dépendance", "surface_reelle_bati": null, "nombre_pieces_principales": 0.0, "adresse_nom_voie": "AV JEAN JAURES", "price_per_sqm": null, "date_iso": "2022-06-01", "parcelle": "771530000A1638", "addr_num": "3"}}, {"type": "Feature", "geometry": {"type": "Point", "coordinates": [2.675363, 49.060269]}, "properties": {"year": 2022, "valeur_fonciere": 182000.0, "type_local": "Appartement", "surface_reelle_bati": 42.0, "nombre_pieces_principales": 2.0, "adresse_nom_voie": "AV JEAN JAURES", "price_per_sqm": 4333.333333333333, "date_iso": "2022-06-01", "parcelle": "771530000A1638", "addr_num": "3"}}, {"type": "Feature", "geometry": {"type": "Point", "coordinates": [2.687196, 49.060007]}, "properties": {"year": 2022, "valeur_fonciere": 272000.0, "type_local": "Maison", "surface_reelle_bati": 92.0, "nombre_pieces_principales": 5.0, "adresse_nom_voie": "AV DU DRAP D OR", "price_per_sqm": 2956.521739130435, "date_iso": "2022-06-03", "parcelle": "77153000AK0206", "addr_num": "18"}}, {"type": "Feature", "geometry": {"type": "Point", "coordinates": [2.687196, 49.060007]}, "properties": {"year": 2022, "valeur_fonciere": 272000.0, "type_local": "Dépendance", "surface_reelle_bati": null, "nombre_pieces_principales": 0.0, "adresse_nom_voie": "AV DU DRAP D OR", "price_per_sqm": null, "date_iso": "2022-06-03", "parcelle": "77153000AK0206", "addr_num": "18"}}, {"type": "Feature", "geometry": {"type": "Point", "coordinates": [2.67929, 49.069509]}, "properties": {"year": 2022, "valeur_fonciere": 23000.0, "type_local": null, "surface_reelle_bati": null, "nombre_pieces_principales": null, "adresse_nom_voie": "LES HUANTS", "price_per_sqm": null, "date_iso": "2022-06-17", "parcelle": "77153000ZD0174", "addr_num": ""}}, {"type": "Feature", "geometry": {"type": "Point", "coordinates": [2.695702, 49.055724]}, "properties": {"year": 2022, "valeur_fonciere": 140000.0, "type_local": null, "surface_reelle_bati": null, "nombre_pieces_principales": null, "adresse_nom_voie": "AV DU MARECHAL LECLERC", "price_per_sqm": null, "date_iso": "2022-06-13", "parcelle": "77153000AL0393", "addr_num": "65"}}, {"type": "Feature", "geometry": {"type": "Point", "coordinates": [2.678565, 49.055809]}, "properties": {"year": 2022, "valeur_fonciere": 95000.0, "type_local": "Dépendance", "surface_reelle_bati": null, "nombre_pieces_principales": 0.0, "adresse_nom_voie": "RUE GANNEVAL", "price_per_sqm": null, "date_iso": "2022-06-16", "parcelle": "77153000AC0010", "addr_num": "36"}}, {"type": "Feature", "geometry": {"type": "Point", "coordinates": [2.678621, 49.055526]}, "properties": {"year": 2022, "valeur_fonciere": 95000.0, "type_local": "Dépendance", "surface_reelle_bati": null, "nombre_pieces_principales": 0.0, "adresse_nom_voie": "RUE GANNEVAL", "price_per_sqm": null, "date_iso": "2022-06-16", "parcelle": "77153000AC0208", "addr_num": "30"}}, {"type": "Feature", "geometry": {"type": "Point", "coordinates": [2.678621, 49.055526]}, "properties": {"year": 2022, "valeur_fonciere": 95000.0, "type_local": "Appartement", "surface_reelle_bati": 53.0, "nombre_pieces_principales": 2.0, "adresse_nom_voie": "RUE GANNEVAL", "price_per_sqm": 1792.4528301886792, "date_iso": "2022-06-16", "parcelle": "77153000AC0208", "addr_num": "32"}}, {"type": "Feature", "geometry": {"type": "Point", "coordinates": [2.693595, 49.056885]}, "properties": {"year": 2022, "valeur_fonciere": 321000.0, "type_local": "Maison", "surface_reelle_bati": 102.0, "nombre_pieces_principales": 5.0, "adresse_nom_voie": "ALL DES DOYENNES", "price_per_sqm": 3147.0588235294117, "date_iso": "2022-06-16", "parcelle": "77153000AL0195", "addr_num": "28"}}, {"type": "Feature", "geometry": {"type": "Point", "coordinates": [2.693595, 49.056885]}, "properties": {"year": 2022, "valeur_fonciere": 321000.0, "type_local": "Dépendance", "surface_reelle_bati": null, "nombre_pieces_principales": 0.0, "adresse_nom_voie": "ALL DES DOYENNES", "price_per_sqm": null, "date_iso": "2022-06-16", "parcelle": "77153000AL0195", "addr_num": "28"}}, {"type": "Feature", "geometry": {"type": "Point", "coordinates": [2.690883, 49.058582]}, "properties": {"year": 2022, "valeur_fonciere": 278120.0, "type_local": "Maison", "surface_reelle_bati": 92.0, "nombre_pieces_principales": 5.0, "adresse_nom_voie": "AV DU DRAP D OR", "price_per_sqm": 3023.0434782608695, "date_iso": "2022-05-30", "parcelle": "77153000AL0096", "addr_num": "74"}}, {"type": "Feature", "geometry": {"type": "Point", "coordinates": [2.690883, 49.058582]}, "properties": {"year": 2022, "valeur_fonciere": 278120.0, "type_local": "Dépendance", "surface_reelle_bati": null, "nombre_pieces_principales": 0.0, "adresse_nom_voie": "AV DU DRAP D OR", "price_per_sqm": null, "date_iso": "2022-05-30", "parcelle": "77153000AL0096", "addr_num": "74"}}, {"type": "Feature", "geometry": {"type": "Point", "coordinates": [2.67913, 49.053595]}, "properties": {"year": 2022, "valeur_fonciere": 115000.0, "type_local": "Appartement", "surface_reelle_bati": 35.0, "nombre_pieces_principales": 1.0, "adresse_nom_voie": "RUE DE LA LIBERATION", "price_per_sqm": 3285.714285714286, "date_iso": "2022-06-13", "parcelle": "77153000AB0102", "addr_num": "6"}}, {"type": "Feature", "geometry": {"type": "Point", "coordinates": [2.685302, 49.063762]}, "properties": {"year": 2022, "valeur_fonciere": 387500.0, "type_local": "Maison", "surface_reelle_bati": 116.0, "nombre_pieces_principales": 6.0, "adresse_nom_voie": "RUE RACINE", "price_per_sqm": 3340.5172413793102, "date_iso": "2022-06-27", "parcelle": "77153000AO0178", "addr_num": "14"}}, {"type": "Feature", "geometry": {"type": "Point", "coordinates": [2.685302, 49.063762]}, "properties": {"year": 2022, "valeur_fonciere": 387500.0, "type_local": "Maison", "surface_reelle_bati": 116.0, "nombre_pieces_principales": 6.0, "adresse_nom_voie": "RUE RACINE", "price_per_sqm": 3340.5172413793102, "date_iso": "2022-06-27", "parcelle": "77153000AO0178", "addr_num": "14"}}, {"type": "Feature", "geometry": {"type": "Point", "coordinates": [2.677446, 49.055078]}, "properties": {"year": 2022, "valeur_fonciere": 168000.0, "type_local": "Appartement", "surface_reelle_bati": 42.0, "nombre_pieces_principales": 2.0, "adresse_nom_voie": "RUE SAINT JEAN", "price_per_sqm": 4000.0, "date_iso": "2022-06-23", "parcelle": "77153000AB0284", "addr_num": "7"}}, {"type": "Feature", "geometry": {"type": "Point", "coordinates": [2.677446, 49.055078]}, "properties": {"year": 2022, "valeur_fonciere": 168000.0, "type_local": "Dépendance", "surface_reelle_bati": null, "nombre_pieces_principales": 0.0, "adresse_nom_voie": "RUE DU JEU D ARC", "price_per_sqm": null, "date_iso": "2022-06-23", "parcelle": "77153000AB0284", "addr_num": "23"}}, {"type": "Feature", "geometry": {"type": "Point", "coordinates": [2.677446, 49.055078]}, "properties": {"year": 2022, "valeur_fonciere": 168000.0, "type_local": "Dépendance", "surface_reelle_bati": null, "nombre_pieces_principales": 0.0, "adresse_nom_voie": "RUE SAINT JEAN", "price_per_sqm": null, "date_iso": "2022-06-23", "parcelle": "77153000AB0284", "addr_num": "7"}}, {"type": "Feature", "geometry": {"type": "Point", "coordinates": [2.697984, 49.05857]}, "properties": {"year": 2022, "valeur_fonciere": 460000.0, "type_local": "Maison", "surface_reelle_bati": 144.0, "nombre_pieces_principales": 5.0, "adresse_nom_voie": "RUE DU BRABANT", "price_per_sqm": 3194.4444444444443, "date_iso": "2022-06-24", "parcelle": "77153000AM0141", "addr_num": "18"}}, {"type": "Feature", "geometry": {"type": "Point", "coordinates": [2.697984, 49.05857]}, "properties": {"year": 2022, "valeur_fonciere": 460000.0, "type_local": "Maison", "surface_reelle_bati": 144.0, "nombre_pieces_principales": 5.0, "adresse_nom_voie": "RUE DU BRABANT", "price_per_sqm": 3194.4444444444443, "date_iso": "2022-06-24", "parcelle": "77153000AM0141", "addr_num": "18"}}, {"type": "Feature", "geometry": {"type": "Point", "coordinates": [2.697984, 49.05857]}, "properties": {"year": 2022, "valeur_fonciere": 460000.0, "type_local": "Dépendance", "surface_reelle_bati": null, "nombre_pieces_principales": 0.0, "adresse_nom_voie": "RUE DU BRABANT", "price_per_sqm": null, "date_iso": "2022-06-24", "parcelle": "77153000AM0141", "addr_num": "18"}}, {"type": "Feature", "geometry": {"type": "Point", "coordinates": [2.697984, 49.05857]}, "properties": {"year": 2022, "valeur_fonciere": 460000.0, "type_local": "Dépendance", "surface_reelle_bati": null, "nombre_pieces_principales": 0.0, "adresse_nom_voie": "RUE DU BRABANT", "price_per_sqm": null, "date_iso": "2022-06-24", "parcelle": "77153000AM0141", "addr_num": "18"}}, {"type": "Feature", "geometry": {"type": "Point", "coordinates": [2.693092, 49.058349]}, "properties": {"year": 2022, "valeur_fonciere": 295000.0, "type_local": "Maison", "surface_reelle_bati": 82.0, "nombre_pieces_principales": 5.0, "adresse_nom_voie": "AV DU DRAP D OR", "price_per_sqm": 3597.560975609756, "date_iso": "2022-06-16", "parcelle": "77153000AL0013", "addr_num": "63"}}, {"type": "Feature", "geometry": {"type": "Point", "coordinates": [2.693092, 49.058349]}, "properties": {"year": 2022, "valeur_fonciere": 295000.0, "type_local": "Dépendance", "surface_reelle_bati": null, "nombre_pieces_principales": 0.0, "adresse_nom_voie": "AV DU DRAP D OR", "price_per_sqm": null, "date_iso": "2022-06-16", "parcelle": "77153000AL0013", "addr_num": "63"}}, {"type": "Feature", "geometry": {"type": "Point", "coordinates": [2.681876, 49.067394]}, "properties": {"year": 2022, "valeur_fonciere": 200000.0, "type_local": null, "surface_reelle_bati": null, "nombre_pieces_principales": null, "adresse_nom_voie": "RUE FRANCOISE DOLTO", "price_per_sqm": null, "date_iso": "2022-06-21", "parcelle": "77153000AO0421", "addr_num": "8"}}, {"type": "Feature", "geometry": {"type": "Point", "coordinates": [2.672066, 49.040483]}, "properties": {"year": 2022, "valeur_fonciere": 13150.0, "type_local": null, "surface_reelle_bati": null, "nombre_pieces_principales": null, "adresse_nom_voie": "LES RUISSEAUX DE THIEUX", "price_per_sqm": null, "date_iso": "2022-06-24", "parcelle": "77153000ZK0010", "addr_num": ""}}, {"type": "Feature", "geometry": {"type": "Point", "coordinates": [2.672794, 49.040746]}, "properties": {"year": 2022, "valeur_fonciere": 13150.0, "type_local": null, "surface_reelle_bati": null, "nombre_pieces_principales": null, "adresse_nom_voie": "LES RUISSEAUX DE THIEUX", "price_per_sqm": null, "date_iso": "2022-06-24", "parcelle": "77153000ZK0011", "addr_num": ""}}, {"type": "Feature", "geometry": {"type": "Point", "coordinates": [2.67289, 49.053164]}, "properties": {"year": 2022, "valeur_fonciere": 347000.0, "type_local": "Maison", "surface_reelle_bati": 101.0, "nombre_pieces_principales": 6.0, "adresse_nom_voie": "AV DE SAINT GUINFORT", "price_per_sqm": 3435.6435643564355, "date_iso": "2022-07-07", "parcelle": "771530000C0506", "addr_num": "45"}}, {"type": "Feature", "geometry": {"type": "Point", "coordinates": [2.679734, 49.06]}, "properties": {"year": 2022, "valeur_fonciere": 139650.0, "type_local": "Maison", "surface_reelle_bati": 89.0, "nombre_pieces_principales": 4.0, "adresse_nom_voie": "RUE DE BOURBON CONDE", "price_per_sqm": 1569.1011235955057, "date_iso": "2022-06-03", "parcelle": "77153000AP0044", "addr_num": "14"}}, {"type": "Feature", "geometry": {"type": "Point", "coordinates": [2.679734, 49.06]}, "properties": {"year": 2022, "valeur_fonciere": 139650.0, "type_local": "Dépendance", "surface_reelle_bati": null, "nombre_pieces_principales": 0.0, "adresse_nom_voie": "RUE DE BOURBON CONDE", "price_per_sqm": null, "date_iso": "2022-06-03", "parcelle": "77153000AP0044", "addr_num": "14"}}, {"type": "Feature", "geometry": {"type": "Point", "coordinates": [2.679734, 49.06]}, "properties": {"year": 2022, "valeur_fonciere": 139650.0, "type_local": "Dépendance", "surface_reelle_bati": null, "nombre_pieces_principales": 0.0, "adresse_nom_voie": "RUE DE BOURBON CONDE", "price_per_sqm": null, "date_iso": "2022-06-03", "parcelle": "77153000AP0044", "addr_num": "14"}}, {"type": "Feature", "geometry": {"type": "Point", "coordinates": [2.679734, 49.06]}, "properties": {"year": 2022, "valeur_fonciere": 139650.0, "type_local": "Maison", "surface_reelle_bati": 89.0, "nombre_pieces_principales": 4.0, "adresse_nom_voie": "RUE DE BOURBON CONDE", "price_per_sqm": 1569.1011235955057, "date_iso": "2022-06-03", "parcelle": "77153000AP0044", "addr_num": "14"}}, {"type": "Feature", "geometry": {"type": "Point", "coordinates": [2.696447, 49.057939]}, "properties": {"year": 2022, "valeur_fonciere": 264300.0, "type_local": "Appartement", "surface_reelle_bati": 75.0, "nombre_pieces_principales": 4.0, "adresse_nom_voie": "AV DU MARECHAL LECLERC", "price_per_sqm": 3524.0, "date_iso": "2022-06-30", "parcelle": "77153000AM0105", "addr_num": "67"}}, {"type": "Feature", "geometry": {"type": "Point", "coordinates": [2.696447, 49.057939]}, "properties": {"year": 2022, "valeur_fonciere": 264300.0, "type_local": "Dépendance", "surface_reelle_bati": null, "nombre_pieces_principales": 0.0, "adresse_nom_voie": "AV DU MARECHAL LECLERC", "price_per_sqm": null, "date_iso": "2022-06-30", "parcelle": "77153000AM0105", "addr_num": "67"}}, {"type": "Feature", "geometry": {"type": "Point", "coordinates": [2.696447, 49.057939]}, "properties": {"year": 2022, "valeur_fonciere": 264300.0, "type_local": "Dépendance", "surface_reelle_bati": null, "nombre_pieces_principales": 0.0, "adresse_nom_voie": "AV DU MARECHAL LECLERC", "price_per_sqm": null, "date_iso": "2022-06-30", "parcelle": "77153000AM0105", "addr_num": "67"}}, {"type": "Feature", "geometry": {"type": "Point", "coordinates": [2.69179, 49.061917]}, "properties": {"year": 2022, "valeur_fonciere": 238000.0, "type_local": null, "surface_reelle_bati": null, "nombre_pieces_principales": null, "adresse_nom_voie": "ALL DES MERISIERS", "price_per_sqm": null, "date_iso": "2022-07-11", "parcelle": "77153000AN0164", "addr_num": "6"}}, {"type": "Feature", "geometry": {"type": "Point", "coordinates": [2.69179, 49.061917]}, "properties": {"year": 2022, "valeur_fonciere": 238000.0, "type_local": "Dépendance", "surface_reelle_bati": null, "nombre_pieces_principales": 0.0, "adresse_nom_voie": "ALL DES MERISIERS", "price_per_sqm": null, "date_iso": "2022-07-11", "parcelle": "77153000AN0164", "addr_num": "6"}}, {"type": "Feature", "geometry": {"type": "Point", "coordinates": [2.69179, 49.061917]}, "properties": {"year": 2022, "valeur_fonciere": 238000.0, "type_local": "Appartement", "surface_reelle_bati": 40.0, "nombre_pieces_principales": 2.0, "adresse_nom_voie": "ALL DES MERISIERS", "price_per_sqm": 5950.0, "date_iso": "2022-07-11", "parcelle": "77153000AN0164", "addr_num": "6"}}, {"type": "Feature", "geometry": {"type": "Point", "coordinates": [2.69179, 49.061917]}, "properties": {"year": 2022, "valeur_fonciere": 238000.0, "type_local": "Dépendance", "surface_reelle_bati": null, "nombre_pieces_principales": 0.0, "adresse_nom_voie": "ALL DES MERISIERS", "price_per_sqm": null, "date_iso": "2022-07-11", "parcelle": "77153000AN0164", "addr_num": "6"}}, {"type": "Feature", "geometry": {"type": "Point", "coordinates": [2.692969, 49.058381]}, "properties": {"year": 2022, "valeur_fonciere": 356347.5, "type_local": "Maison", "surface_reelle_bati": 92.0, "nombre_pieces_principales": 5.0, "adresse_nom_voie": "AV DU DRAP D OR", "price_per_sqm": 3873.342391304348, "date_iso": "2022-07-05", "parcelle": "77153000AL0012", "addr_num": "61"}}, {"type": "Feature", "geometry": {"type": "Point", "coordinates": [2.692969, 49.058381]}, "properties": {"year": 2022, "valeur_fonciere": 356347.5, "type_local": "Dépendance", "surface_reelle_bati": null, "nombre_pieces_principales": 0.0, "adresse_nom_voie": "AV DU DRAP D OR", "price_per_sqm": null, "date_iso": "2022-07-05", "parcelle": "77153000AL0012", "addr_num": "61"}}, {"type": "Feature", "geometry": {"type": "Point", "coordinates": [2.680005, 49.05492]}, "properties": {"year": 2022, "valeur_fonciere": 222000.0, "type_local": "Dépendance", "surface_reelle_bati": null, "nombre_pieces_principales": 0.0, "adresse_nom_voie": "RUE GANNEVAL", "price_per_sqm": null, "date_iso": "2022-06-30", "parcelle": "77153000AC0213", "addr_num": "12"}}, {"type": "Feature", "geometry": {"type": "Point", "coordinates": [2.680005, 49.05492]}, "properties": {"year": 2022, "valeur_fonciere": 222000.0, "type_local": "Dépendance", "surface_reelle_bati": null, "nombre_pieces_principales": 0.0, "adresse_nom_voie": "RUE GANNEVAL", "price_per_sqm": null, "date_iso": "2022-06-30", "parcelle": "77153000AC0213", "addr_num": "12"}}, {"type": "Feature", "geometry": {"type": "Point", "coordinates": [2.680005, 49.05492]}, "properties": {"year": 2022, "valeur_fonciere": 222000.0, "type_local": "Appartement", "surface_reelle_bati": 60.0, "nombre_pieces_principales": 3.0, "adresse_nom_voie": "RUE GANNEVAL", "price_per_sqm": 3700.0, "date_iso": "2022-06-30", "parcelle": "77153000AC0213", "addr_num": "12"}}, {"type": "Feature", "geometry": {"type": "Point", "coordinates": [2.678621, 49.055526]}, "properties": {"year": 2022, "valeur_fonciere": 139000.0, "type_local": "Dépendance", "surface_reelle_bati": null, "nombre_pieces_principales": 0.0, "adresse_nom_voie": "RUE GANNEVAL", "price_per_sqm": null, "date_iso": "2022-07-04", "parcelle": "77153000AC0208", "addr_num": "30"}}, {"type": "Feature", "geometry": {"type": "Point", "coordinates": [2.678621, 49.055526]}, "properties": {"year": 2022, "valeur_fonciere": 139000.0, "type_local": "Appartement", "surface_reelle_bati": 32.0, "nombre_pieces_principales": 2.0, "adresse_nom_voie": "RUE GANNEVAL", "price_per_sqm": 4343.75, "date_iso": "2022-07-04", "parcelle": "77153000AC0208", "addr_num": "30"}}, {"type": "Feature", "geometry": {"type": "Point", "coordinates": [2.678259, 49.054751]}, "properties": {"year": 2022, "valeur_fonciere": 14500.0, "type_local": "Dépendance", "surface_reelle_bati": null, "nombre_pieces_principales": 0.0, "adresse_nom_voie": "RUE DE LA HALLE", "price_per_sqm": null, "date_iso": "2022-06-27", "parcelle": "77153000AB0036", "addr_num": "8"}}, {"type": "Feature", "geometry": {"type": "Point", "coordinates": [2.685441, 49.055092]}, "properties": {"year": 2022, "valeur_fonciere": 387500.0, "type_local": null, "surface_reelle_bati": null, "nombre_pieces_principales": null, "adresse_nom_voie": "RUE DE L ESPLANADE", "price_per_sqm": null, "date_iso": "2022-07-20", "parcelle": "77153000AE0140", "addr_num": ""}}, {"type": "Feature", "geometry": {"type": "Point", "coordinates": [2.685356, 49.05583]}, "properties": {"year": 2022, "valeur_fonciere": 387500.0, "type_local": "Maison", "surface_reelle_bati": 125.0, "nombre_pieces_principales": 5.0, "adresse_nom_voie": "RUE DE L ESPLANADE", "price_per_sqm": 3100.0, "date_iso": "2022-07-20", "parcelle": "77153000AE0153", "addr_num": "10"}}, {"type": "Feature", "geometry": {"type": "Point", "coordinates": [2.685356, 49.05583]}, "properties": {"year": 2022, "valeur_fonciere": 387500.0, "type_local": "Dépendance", "surface_reelle_bati": null, "nombre_pieces_principales": 0.0, "adresse_nom_voie": "RUE DE L ESPLANADE", "price_per_sqm": null, "date_iso": "2022-07-20", "parcelle": "77153000AE0153", "addr_num": "10"}}, {"type": "Feature", "geometry": {"type": "Point", "coordinates": [2.685098, 49.055822]}, "properties": {"year": 2022, "valeur_fonciere": 387500.0, "type_local": null, "surface_reelle_bati": null, "nombre_pieces_principales": null, "adresse_nom_voie": "RUE DE L ESPLANADE", "price_per_sqm": null, "date_iso": "2022-07-20", "parcelle": "77153000AE0155", "addr_num": ""}}, {"type": "Feature", "geometry": {"type": "Point", "coordinates": [2.685582, 49.061248]}, "properties": {"year": 2022, "valeur_fonciere": 317000.0, "type_local": "Maison", "surface_reelle_bati": 89.0, "nombre_pieces_principales": 5.0, "adresse_nom_voie": "RTE D EVE", "price_per_sqm": 3561.7977528089887, "date_iso": "2022-07-11", "parcelle": "77153000AO0413", "addr_num": "31"}}, {"type": "Feature", "geometry": {"type": "Point", "coordinates": [2.671975, 49.054763]}, "properties": {"year": 2022, "valeur_fonciere": 375000.0, "type_local": null, "surface_reelle_bati": null, "nombre_pieces_principales": null, "adresse_nom_voie": "ALL DE LA SOURCE", "price_per_sqm": null, "date_iso": "2022-07-25", "parcelle": "771530000C0736", "addr_num": ""}}, {"type": "Feature", "geometry": {"type": "Point", "coordinates": [2.672134, 49.054633]}, "properties": {"year": 2022, "valeur_fonciere": 375000.0, "type_local": "Maison", "surface_reelle_bati": 124.0, "nombre_pieces_principales": 5.0, "adresse_nom_voie": "ALL DE LA SOURCE", "price_per_sqm": 3024.1935483870966, "date_iso": "2022-07-25", "parcelle": "771530000C0740", "addr_num": "5"}}, {"type": "Feature", "geometry": {"type": "Point", "coordinates": [2.672134, 49.054633]}, "properties": {"year": 2022, "valeur_fonciere": 375000.0, "type_local": "Dépendance", "surface_reelle_bati": null, "nombre_pieces_principales": 0.0, "adresse_nom_voie": "ALL DE LA SOURCE", "price_per_sqm": null, "date_iso": "2022-07-25", "parcelle": "771530000C0740", "addr_num": "5"}}, {"type": "Feature", "geometry": {"type": "Point", "coordinates": [2.672134, 49.054633]}, "properties": {"year": 2022, "valeur_fonciere": 375000.0, "type_local": "Dépendance", "surface_reelle_bati": null, "nombre_pieces_principales": 0.0, "adresse_nom_voie": "ALL DE LA SOURCE", "price_per_sqm": null, "date_iso": "2022-07-25", "parcelle": "771530000C0740", "addr_num": "5"}}, {"type": "Feature", "geometry": {"type": "Point", "coordinates": [2.671938, 49.054797]}, "properties": {"year": 2022, "valeur_fonciere": 375000.0, "type_local": null, "surface_reelle_bati": null, "nombre_pieces_principales": null, "adresse_nom_voie": "L EAU BONNE", "price_per_sqm": null, "date_iso": "2022-07-25", "parcelle": "771530000C0817", "addr_num": ""}}, {"type": "Feature", "geometry": {"type": "Point", "coordinates": [2.686728, 49.06181]}, "properties": {"year": 2022, "valeur_fonciere": 405000.0, "type_local": "Maison", "surface_reelle_bati": 184.0, "nombre_pieces_principales": 8.0, "adresse_nom_voie": "RTE D EVE", "price_per_sqm": 2201.086956521739, "date_iso": "2022-07-18", "parcelle": "77153000AK0007", "addr_num": "52"}}, {"type": "Feature", "geometry": {"type": "Point", "coordinates": [2.686728, 49.06181]}, "properties": {"year": 2022, "valeur_fonciere": 405000.0, "type_local": "Dépendance", "surface_reelle_bati": null, "nombre_pieces_principales": 0.0, "adresse_nom_voie": "RTE D EVE", "price_per_sqm": null, "date_iso": "2022-07-18", "parcelle": "77153000AK0007", "addr_num": "52"}}, {"type": "Feature", "geometry": {"type": "Point", "coordinates": [2.686404, 49.057788]}, "properties": {"year": 2022, "valeur_fonciere": 385000.0, "type_local": "Maison", "surface_reelle_bati": 96.0, "nombre_pieces_principales": 5.0, "adresse_nom_voie": "ALL DES API ROSE", "price_per_sqm": 4010.4166666666665, "date_iso": "2022-08-01", "parcelle": "77153000AK0313", "addr_num": "2"}}, {"type": "Feature", "geometry": {"type": "Point", "coordinates": [2.691632, 49.055059]}, "properties": {"year": 2022, "valeur_fonciere": 316500.0, "type_local": "Maison", "surface_reelle_bati": 102.0, "nombre_pieces_principales": 5.0, "adresse_nom_voie": "RUE DES LOUISE BONNE", "price_per_sqm": 3102.9411764705883, "date_iso": "2022-07-27", "parcelle": "77153000AL0238", "addr_num": "5"}}, {"type": "Feature", "geometry": {"type": "Point", "coordinates": [2.682591, 49.061164]}, "properties": {"year": 2022, "valeur_fonciere": 150000.0, "type_local": null, "surface_reelle_bati": null, "nombre_pieces_principales": null, "adresse_nom_voie": "AV ANTOINE CHABANNES", "price_per_sqm": null, "date_iso": "2022-07-27", "parcelle": "77153000AO0437", "addr_num": "6"}}, {"type": "Feature", "geometry": {"type": "Point", "coordinates": [2.686394, 49.060406]}, "properties": {"year": 2022, "valeur_fonciere": 335000.0, "type_local": "Maison", "surface_reelle_bati": 105.0, "nombre_pieces_principales": 6.0, "adresse_nom_voie": "AV DU DRAP D OR", "price_per_sqm": 3190.4761904761904, "date_iso": "2022-07-18", "parcelle": "77153000AK0290", "addr_num": "10"}}, {"type": "Feature", "geometry": {"type": "Point", "coordinates": [2.675198, 49.061103]}, "properties": {"year": 2022, "valeur_fonciere": 286500.0, "type_local": "Maison", "surface_reelle_bati": 80.0, "nombre_pieces_principales": 4.0, "adresse_nom_voie": "RUE LEONARD DE VINCI", "price_per_sqm": 3581.25, "date_iso": "2022-07-13", "parcelle": "771530000A1582", "addr_num": "48"}}, {"type": "Feature", "geometry": {"type": "Point", "coordinates": [2.674984, 49.061028]}, "properties": {"year": 2022, "valeur_fonciere": 286500.0, "type_local": null, "surface_reelle_bati": null, "nombre_pieces_principales": null, "adresse_nom_voie": "LA FOLLE EMPRINCE", "price_per_sqm": null, "date_iso": "2022-07-13", "parcelle": "771530000A1605", "addr_num": ""}}, {"type": "Feature", "geometry": {"type": "Point", "coordinates": [2.674962, 49.061097]}, "properties": {"year": 2022, "valeur_fonciere": 286500.0, "type_local": null, "surface_reelle_bati": null, "nombre_pieces_principales": null, "adresse_nom_voie": "LA FOLLE EMPRINCE", "price_per_sqm": null, "date_iso": "2022-07-13", "parcelle": "771530000A1622", "addr_num": ""}}, {"type": "Feature", "geometry": {"type": "Point", "coordinates": [2.695472, 49.055823]}, "properties": {"year": 2022, "valeur_fonciere": 395000.0, "type_local": "Maison", "surface_reelle_bati": 140.0, "nombre_pieces_principales": 7.0, "adresse_nom_voie": "PL DES CANADA", "price_per_sqm": 2821.4285714285716, "date_iso": "2022-07-20", "parcelle": "77153000AL0392", "addr_num": "5"}}, {"type": "Feature", "geometry": {"type": "Point", "coordinates": [2.668828, 49.057236]}, "properties": {"year": 2022, "valeur_fonciere": 177298.4, "type_local": "Dépendance", "surface_reelle_bati": null, "nombre_pieces_principales": 0.0, "adresse_nom_voie": "CHE DES JONCS", "price_per_sqm": null, "date_iso": "2022-07-22", "parcelle": "771530000A1762", "addr_num": "10"}}, {"type": "Feature", "geometry": {"type": "Point", "coordinates": [2.668828, 49.057236]}, "properties": {"year": 2022, "valeur_fonciere": 177298.4, "type_local": "Appartement", "surface_reelle_bati": 52.0, "nombre_pieces_principales": 3.0, "adresse_nom_voie": "CHE DES JONCS", "price_per_sqm": 3409.584615384615, "date_iso": "2022-07-22", "parcelle": "771530000A1762", "addr_num": "10"}}, {"type": "Feature", "geometry": {"type": "Point", "coordinates": [2.668828, 49.057236]}, "properties": {"year": 2022, "valeur_fonciere": 177298.4, "type_local": "Dépendance", "surface_reelle_bati": null, "nombre_pieces_principales": 0.0, "adresse_nom_voie": "CHE DES JONCS", "price_per_sqm": null, "date_iso": "2022-07-22", "parcelle": "771530000A1762", "addr_num": "10"}}, {"type": "Feature", "geometry": {"type": "Point", "coordinates": [2.668828, 49.057236]}, "properties": {"year": 2022, "valeur_fonciere": 177298.4, "type_local": "Dépendance", "surface_reelle_bati": null, "nombre_pieces_principales": 0.0, "adresse_nom_voie": "CHE DES JONCS", "price_per_sqm": null, "date_iso": "2022-07-22", "parcelle": "771530000A1762", "addr_num": "10"}}, {"type": "Feature", "geometry": {"type": "Point", "coordinates": [2.67581, 49.061103]}, "properties": {"year": 2022, "valeur_fonciere": 285200.0, "type_local": "Maison", "surface_reelle_bati": 79.0, "nombre_pieces_principales": 4.0, "adresse_nom_voie": "AV JEAN JAURES", "price_per_sqm": 3610.1265822784812, "date_iso": "2022-07-29", "parcelle": "771530000A1593", "addr_num": "6"}}, {"type": "Feature", "geometry": {"type": "Point", "coordinates": [2.675682, 49.061139]}, "properties": {"year": 2022, "valeur_fonciere": 285200.0, "type_local": "Dépendance", "surface_reelle_bati": null, "nombre_pieces_principales": 0.0, "adresse_nom_voie": "AV JEAN JAURES", "price_per_sqm": null, "date_iso": "2022-07-29", "parcelle": "771530000A1614", "addr_num": "6"}}, {"type": "Feature", "geometry": {"type": "Point", "coordinates": [2.675599, 49.061242]}, "properties": {"year": 2022, "valeur_fonciere": 285200.0, "type_local": "Dépendance", "surface_reelle_bati": null, "nombre_pieces_principales": 0.0, "adresse_nom_voie": "AV JEAN JAURES", "price_per_sqm": null, "date_iso": "2022-07-29", "parcelle": "771530000A1628", "addr_num": "6"}}, {"type": "Feature", "geometry": {"type": "Point", "coordinates": [2.674571, 49.063328]}, "properties": {"year": 2022, "valeur_fonciere": 386200.0, "type_local": "Maison", "surface_reelle_bati": 140.0, "nombre_pieces_principales": 5.0, "adresse_nom_voie": "RUE NELSON MANDELA", "price_per_sqm": 2758.5714285714284, "date_iso": "2022-07-29", "parcelle": "771530000A1546", "addr_num": "34"}}, {"type": "Feature", "geometry": {"type": "Point", "coordinates": [2.674571, 49.063328]}, "properties": {"year": 2022, "valeur_fonciere": 386200.0, "type_local": "Maison", "surface_reelle_bati": 140.0, "nombre_pieces_principales": 5.0, "adresse_nom_voie": "RUE NELSON MANDELA", "price_per_sqm": 2758.5714285714284, "date_iso": "2022-07-29", "parcelle": "771530000A1546", "addr_num": "34"}}, {"type": "Feature", "geometry": {"type": "Point", "coordinates": [2.674769, 49.063944]}, "properties": {"year": 2022, "valeur_fonciere": 290000.0, "type_local": "Maison", "surface_reelle_bati": 76.0, "nombre_pieces_principales": 4.0, "adresse_nom_voie": "AV ROBERT BADINTER", "price_per_sqm": 3815.7894736842104, "date_iso": "2022-07-18", "parcelle": "771530000A1723", "addr_num": "24"}}, {"type": "Feature", "geometry": {"type": "Point", "coordinates": [2.674637, 49.064144]}, "properties": {"year": 2022, "valeur_fonciere": 290000.0, "type_local": "Dépendance", "surface_reelle_bati": null, "nombre_pieces_principales": 0.0, "adresse_nom_voie": "AV ROBERT BADINTER", "price_per_sqm": null, "date_iso": "2022-07-18", "parcelle": "771530000A1736", "addr_num": "24"}}, {"type": "Feature", "geometry": {"type": "Point", "coordinates": [2.674637, 49.064144]}, "properties": {"year": 2022, "valeur_fonciere": 290000.0, "type_local": "Dépendance", "surface_reelle_bati": null, "nombre_pieces_principales": 0.0, "adresse_nom_voie": "AV ROBERT BADINTER", "price_per_sqm": null, "date_iso": "2022-07-18", "parcelle": "771530000A1736", "addr_num": "24"}}, {"type": "Feature", "geometry": {"type": "Point", "coordinates": [2.678035, 49.055439]}, "properties": {"year": 2022, "valeur_fonciere": 201000.0, "type_local": "Dépendance", "surface_reelle_bati": null, "nombre_pieces_principales": 0.0, "adresse_nom_voie": "RUE GANNEVAL", "price_per_sqm": null, "date_iso": "2022-07-26", "parcelle": "77153000AB0331", "addr_num": "45"}}, {"type": "Feature", "geometry": {"type": "Point", "coordinates": [2.678035, 49.055439]}, "properties": {"year": 2022, "valeur_fonciere": 201000.0, "type_local": "Dépendance", "surface_reelle_bati": null, "nombre_pieces_principales": 0.0, "adresse_nom_voie": "RUE GANNEVAL", "price_per_sqm": null, "date_iso": "2022-07-26", "parcelle": "77153000AB0331", "addr_num": "45"}}, {"type": "Feature", "geometry": {"type": "Point", "coordinates": [2.678035, 49.055439]}, "properties": {"year": 2022, "valeur_fonciere": 201000.0, "type_local": "Appartement", "surface_reelle_bati": 57.0, "nombre_pieces_principales": 3.0, "adresse_nom_voie": "RUE GANNEVAL", "price_per_sqm": 3526.315789473684, "date_iso": "2022-07-26", "parcelle": "77153000AB0331", "addr_num": "45"}}, {"type": "Feature", "geometry": {"type": "Point", "coordinates": [2.670157, 49.051984]}, "properties": {"year": 2022, "valeur_fonciere": 9504291.0, "type_local": null, "surface_reelle_bati": null, "nombre_pieces_principales": null, "adresse_nom_voie": "RTE DE LONGPERRIER", "price_per_sqm": null, "date_iso": "2022-07-27", "parcelle": "77153000ZN0036", "addr_num": "6"}}, {"type": "Feature", "geometry": {"type": "Point", "coordinates": [2.670438, 49.052016]}, "properties": {"year": 2022, "valeur_fonciere": 9504291.0, "type_local": "Maison", "surface_reelle_bati": 149.0, "nombre_pieces_principales": 6.0, "adresse_nom_voie": "RTE DE LONGPERRIER", "price_per_sqm": 63787.18791946309, "date_iso": "2022-07-27", "parcelle": "77153000ZN0037", "addr_num": "6"}}, {"type": "Feature", "geometry": {"type": "Point", "coordinates": [2.670438, 49.052016]}, "properties": {"year": 2022, "valeur_fonciere": 9504291.0, "type_local": "Maison", "surface_reelle_bati": 149.0, "nombre_pieces_principales": 6.0, "adresse_nom_voie": "RTE DE LONGPERRIER", "price_per_sqm": 63787.18791946309, "date_iso": "2022-07-27", "parcelle": "77153000ZN0037", "addr_num": "6"}}, {"type": "Feature", "geometry": {"type": "Point", "coordinates": [2.670416, 49.051786]}, "properties": {"year": 2022, "valeur_fonciere": 9504291.0, "type_local": null, "surface_reelle_bati": null, "nombre_pieces_principales": null, "adresse_nom_voie": "RTE DE LONGPERRIER", "price_per_sqm": null, "date_iso": "2022-07-27", "parcelle": "77153000ZN0039", "addr_num": ""}}, {"type": "Feature", "geometry": {"type": "Point", "coordinates": [2.670826, 49.05185]}, "properties": {"year": 2022, "valeur_fonciere": 9504291.0, "type_local": "Maison", "surface_reelle_bati": 94.0, "nombre_pieces_principales": 4.0, "adresse_nom_voie": "RTE DE LONGPERRIER", "price_per_sqm": 101109.47872340426, "date_iso": "2022-07-27", "parcelle": "77153000ZN0462", "addr_num": "4"}}, {"type": "Feature", "geometry": {"type": "Point", "coordinates": [2.670826, 49.05185]}, "properties": {"year": 2022, "valeur_fonciere": 9504291.0, "type_local": "Dépendance", "surface_reelle_bati": null, "nombre_pieces_principales": 0.0, "adresse_nom_voie": "RTE DE LONGPERRIER", "price_per_sqm": null, "date_iso": "2022-07-27", "parcelle": "77153000ZN0462", "addr_num": "4"}}, {"type": "Feature", "geometry": {"type": "Point", "coordinates": [2.670826, 49.05185]}, "properties": {"year": 2022, "valeur_fonciere": 9504291.0, "type_local": "Maison", "surface_reelle_bati": 94.0, "nombre_pieces_principales": 4.0, "adresse_nom_voie": "RTE DE LONGPERRIER", "price_per_sqm": 101109.47872340426, "date_iso": "2022-07-27", "parcelle": "77153000ZN0462", "addr_num": "4"}}, {"type": "Feature", "geometry": {"type": "Point", "coordinates": [2.670826, 49.05185]}, "properties": {"year": 2022, "valeur_fonciere": 9504291.0, "type_local": "Dépendance", "surface_reelle_bati": null, "nombre_pieces_principales": 0.0, "adresse_nom_voie": "RTE DE LONGPERRIER", "price_per_sqm": null, "date_iso": "2022-07-27", "parcelle": "77153000ZN0462", "addr_num": "4"}}, {"type": "Feature", "geometry": {"type": "Point", "coordinates": [2.687019, 49.056707]}, "properties": {"year": 2022, "valeur_fonciere": 350000.0, "type_local": "Maison", "surface_reelle_bati": 100.0, "nombre_pieces_principales": 5.0, "adresse_nom_voie": "CHE DE LA GARENNE", "price_per_sqm": 3500.0, "date_iso": "2022-07-29", "parcelle": "771530000B1085", "addr_num": "4"}}, {"type": "Feature", "geometry": {"type": "Point", "coordinates": [2.687019, 49.056707]}, "properties": {"year": 2022, "valeur_fonciere": 350000.0, "type_local": "Maison", "surface_reelle_bati": 100.0, "nombre_pieces_principales": 5.0, "adresse_nom_voie": "CHE DE LA GARENNE", "price_per_sqm": 3500.0, "date_iso": "2022-07-29", "parcelle": "771530000B1085", "addr_num": "4"}}, {"type": "Feature", "geometry": {"type": "Point", "coordinates": [2.679413, 49.050779]}, "properties": {"year": 2022, "valeur_fonciere": 385000.0, "type_local": "Maison", "surface_reelle_bati": 93.0, "nombre_pieces_principales": 4.0, "adresse_nom_voie": "RUE DE LA SAINE FONTAINE", "price_per_sqm": 4139.784946236559, "date_iso": "2022-07-28", "parcelle": "771530000D0515", "addr_num": "39"}}, {"type": "Feature", "geometry": {"type": "Point", "coordinates": [2.679413, 49.050779]}, "properties": {"year": 2022, "valeur_fonciere": 385000.0, "type_local": "Maison", "surface_reelle_bati": 93.0, "nombre_pieces_principales": 4.0, "adresse_nom_voie": "RUE DE LA SAINE FONTAINE", "price_per_sqm": 4139.784946236559, "date_iso": "2022-07-28", "parcelle": "771530000D0515", "addr_num": "39"}}, {"type": "Feature", "geometry": {"type": "Point", "coordinates": [2.692484, 49.059938]}, "properties": {"year": 2022, "valeur_fonciere": 490000.0, "type_local": "Maison", "surface_reelle_bati": 99.0, "nombre_pieces_principales": 6.0, "adresse_nom_voie": "RUE DES SAULES", "price_per_sqm": 4949.49494949495, "date_iso": "2022-08-02", "parcelle": "77153000AM0025", "addr_num": "2"}}, {"type": "Feature", "geometry": {"type": "Point", "coordinates": [2.692484, 49.059938]}, "properties": {"year": 2022, "valeur_fonciere": 490000.0, "type_local": "Maison", "surface_reelle_bati": 99.0, "nombre_pieces_principales": 6.0, "adresse_nom_voie": "RUE DES SAULES", "price_per_sqm": 4949.49494949495, "date_iso": "2022-08-02", "parcelle": "77153000AM0025", "addr_num": "2"}}, {"type": "Feature", "geometry": {"type": "Point", "coordinates": [2.682757, 49.053962]}, "properties": {"year": 2022, "valeur_fonciere": 83000.0, "type_local": "Appartement", "surface_reelle_bati": 24.0, "nombre_pieces_principales": 1.0, "adresse_nom_voie": "RUE DU GENERAL DE GAULLE", "price_per_sqm": 3458.3333333333335, "date_iso": "2022-08-03", "parcelle": "77153000AC0173", "addr_num": "159"}}, {"type": "Feature", "geometry": {"type": "Point", "coordinates": [2.681803, 49.055083]}, "properties": {"year": 2022, "valeur_fonciere": 76000.0, "type_local": "Appartement", "surface_reelle_bati": 25.0, "nombre_pieces_principales": 2.0, "adresse_nom_voie": "RUE DE L HOTEL DIEU", "price_per_sqm": 3040.0, "date_iso": "2022-08-09", "parcelle": "77153000AC0142", "addr_num": "10"}}, {"type": "Feature", "geometry": {"type": "Point", "coordinates": [2.681803, 49.055083]}, "properties": {"year": 2022, "valeur_fonciere": 76000.0, "type_local": "Dépendance", "surface_reelle_bati": null, "nombre_pieces_principales": 0.0, "adresse_nom_voie": "RUE DE L HOTEL DIEU", "price_per_sqm": null, "date_iso": "2022-08-09", "parcelle": "77153000AC0142", "addr_num": "10"}}, {"type": "Feature", "geometry": {"type": "Point", "coordinates": [2.682448, 49.053997]}, "properties": {"year": 2022, "valeur_fonciere": 85000.0, "type_local": "Appartement", "surface_reelle_bati": 35.0, "nombre_pieces_principales": 1.0, "adresse_nom_voie": "RUE DU GENERAL DE GAULLE", "price_per_sqm": 2428.5714285714284, "date_iso": "2022-08-16", "parcelle": "77153000AC0193", "addr_num": "153"}}, {"type": "Feature", "geometry": {"type": "Point", "coordinates": [2.677413, 49.054797]}, "properties": {"year": 2022, "valeur_fonciere": 169000.0, "type_local": "Dépendance", "surface_reelle_bati": null, "nombre_pieces_principales": 0.0, "adresse_nom_voie": "RUE SAINT JEAN", "price_per_sqm": null, "date_iso": "2022-08-03", "parcelle": "77153000AB0021", "addr_num": "5"}}, {"type": "Feature", "geometry": {"type": "Point", "coordinates": [2.677413, 49.054797]}, "properties": {"year": 2022, "valeur_fonciere": 169000.0, "type_local": "Appartement", "surface_reelle_bati": 39.0, "nombre_pieces_principales": 2.0, "adresse_nom_voie": "RUE SAINT JEAN", "price_per_sqm": 4333.333333333333, "date_iso": "2022-08-03", "parcelle": "77153000AB0021", "addr_num": "5"}}, {"type": "Feature", "geometry": {"type": "Point", "coordinates": [2.679816, 49.063364]}, "properties": {"year": 2022, "valeur_fonciere": 140000.0, "type_local": "Maison", "surface_reelle_bati": 87.0, "nombre_pieces_principales": 5.0, "adresse_nom_voie": "RUE DU DOCTEUR CALMETTE", "price_per_sqm": 1609.1954022988505, "date_iso": "2022-07-25", "parcelle": "771530000A0947", "addr_num": "3"}}, {"type": "Feature", "geometry": {"type": "Point", "coordinates": [2.699132, 49.059287]}, "properties": {"year": 2022, "valeur_fonciere": 320000.0, "type_local": "Dépendance", "surface_reelle_bati": null, "nombre_pieces_principales": 0.0, "adresse_nom_voie": "RUE DU DIX NEUF MARS 1962", "price_per_sqm": null, "date_iso": "2022-08-24", "parcelle": "77153000AM0348", "addr_num": "4"}}, {"type": "Feature", "geometry": {"type": "Point", "coordinates": [2.699132, 49.059287]}, "properties": {"year": 2022, "valeur_fonciere": 320000.0, "type_local": "Maison", "surface_reelle_bati": 93.0, "nombre_pieces_principales": 6.0, "adresse_nom_voie": "RUE DU DIX NEUF MARS 1962", "price_per_sqm": 3440.8602150537636, "date_iso": "2022-08-24", "parcelle": "77153000AM0348", "addr_num": "4"}}, {"type": "Feature", "geometry": {"type": "Point", "coordinates": [2.699132, 49.059287]}, "properties": {"year": 2022, "valeur_fonciere": 320000.0, "type_local": "Dépendance", "surface_reelle_bati": null, "nombre_pieces_principales": 0.0, "adresse_nom_voie": "RUE DU DIX NEUF MARS 1962", "price_per_sqm": null, "date_iso": "2022-08-24", "parcelle": "77153000AM0348", "addr_num": "4"}}, {"type": "Feature", "geometry": {"type": "Point", "coordinates": [2.699132, 49.059287]}, "properties": {"year": 2022, "valeur_fonciere": 320000.0, "type_local": "Maison", "surface_reelle_bati": 93.0, "nombre_pieces_principales": 6.0, "adresse_nom_voie": "RUE DU DIX NEUF MARS 1962", "price_per_sqm": 3440.8602150537636, "date_iso": "2022-08-24", "parcelle": "77153000AM0348", "addr_num": "4"}}, {"type": "Feature", "geometry": {"type": "Point", "coordinates": [2.69789, 49.058037]}, "properties": {"year": 2022, "valeur_fonciere": 275000.0, "type_local": "Maison", "surface_reelle_bati": 94.0, "nombre_pieces_principales": 4.0, "adresse_nom_voie": "RUE DU BRABANT", "price_per_sqm": 2925.531914893617, "date_iso": "2022-08-24", "parcelle": "77153000AM0161", "addr_num": "21"}}, {"type": "Feature", "geometry": {"type": "Point", "coordinates": [2.69789, 49.058037]}, "properties": {"year": 2022, "valeur_fonciere": 275000.0, "type_local": "Maison", "surface_reelle_bati": 94.0, "nombre_pieces_principales": 4.0, "adresse_nom_voie": "RUE DU BRABANT", "price_per_sqm": 2925.531914893617, "date_iso": "2022-08-24", "parcelle": "77153000AM0161", "addr_num": "21"}}, {"type": "Feature", "geometry": {"type": "Point", "coordinates": [2.679158, 49.05348]}, "properties": {"year": 2022, "valeur_fonciere": 132000.0, "type_local": "Dépendance", "surface_reelle_bati": null, "nombre_pieces_principales": 0.0, "adresse_nom_voie": "RUE DE LA LIBERATION", "price_per_sqm": null, "date_iso": "2022-08-26", "parcelle": "77153000AB0104", "addr_num": "10"}}, {"type": "Feature", "geometry": {"type": "Point", "coordinates": [2.679158, 49.05348]}, "properties": {"year": 2022, "valeur_fonciere": 132000.0, "type_local": "Appartement", "surface_reelle_bati": 36.0, "nombre_pieces_principales": 2.0, "adresse_nom_voie": "RUE DE LA LIBERATION", "price_per_sqm": 3666.6666666666665, "date_iso": "2022-08-26", "parcelle": "77153000AB0104", "addr_num": "10"}}, {"type": "Feature", "geometry": {"type": "Point", "coordinates": [2.679076, 49.053451]}, "properties": {"year": 2022, "valeur_fonciere": 132000.0, "type_local": null, "surface_reelle_bati": null, "nombre_pieces_principales": null, "adresse_nom_voie": "PARIS", "price_per_sqm": null, "date_iso": "2022-08-26", "parcelle": "77153000AB0105", "addr_num": ""}}, {"type": "Feature", "geometry": {"type": "Point", "coordinates": [2.677446, 49.055078]}, "properties": {"year": 2022, "valeur_fonciere": 154000.0, "type_local": "Dépendance", "surface_reelle_bati": null, "nombre_pieces_principales": 0.0, "adresse_nom_voie": "RUE DU JEU D ARC", "price_per_sqm": null, "date_iso": "2022-08-30", "parcelle": "77153000AB0284", "addr_num": "23"}}, {"type": "Feature", "geometry": {"type": "Point", "coordinates": [2.677446, 49.055078]}, "properties": {"year": 2022, "valeur_fonciere": 154000.0, "type_local": "Appartement", "surface_reelle_bati": 47.0, "nombre_pieces_principales": 3.0, "adresse_nom_voie": "RUE SAINT JEAN", "price_per_sqm": 3276.595744680851, "date_iso": "2022-08-30", "parcelle": "77153000AB0284", "addr_num": "7"}}, {"type": "Feature", "geometry": {"type": "Point", "coordinates": [2.677446, 49.055078]}, "properties": {"year": 2022, "valeur_fonciere": 154000.0, "type_local": "Dépendance", "surface_reelle_bati": null, "nombre_pieces_principales": 0.0, "adresse_nom_voie": "RUE SAINT JEAN", "price_per_sqm": null, "date_iso": "2022-08-30", "parcelle": "77153000AB0284", "addr_num": "7"}}, {"type": "Feature", "geometry": {"type": "Point", "coordinates": [2.677446, 49.055078]}, "properties": {"year": 2022, "valeur_fonciere": 154000.0, "type_local": "Dépendance", "surface_reelle_bati": null, "nombre_pieces_principales": 0.0, "adresse_nom_voie": "RUE SAINT JEAN", "price_per_sqm": null, "date_iso": "2022-08-30", "parcelle": "77153000AB0284", "addr_num": "7"}}, {"type": "Feature", "geometry": {"type": "Point", "coordinates": [2.67974, 49.053631]}, "properties": {"year": 2022, "valeur_fonciere": 293500.0, "type_local": "Appartement", "surface_reelle_bati": 85.0, "nombre_pieces_principales": 4.0, "adresse_nom_voie": "RUE DE LA LIBERATION", "price_per_sqm": 3452.9411764705883, "date_iso": "2022-08-30", "parcelle": "77153000AD0023", "addr_num": "7"}}, {"type": "Feature", "geometry": {"type": "Point", "coordinates": [2.67974, 49.053631]}, "properties": {"year": 2022, "valeur_fonciere": 293500.0, "type_local": "Dépendance", "surface_reelle_bati": null, "nombre_pieces_principales": 0.0, "adresse_nom_voie": "RUE DE LA LIBERATION", "price_per_sqm": null, "date_iso": "2022-08-30", "parcelle": "77153000AD0023", "addr_num": "7"}}, {"type": "Feature", "geometry": {"type": "Point", "coordinates": [2.67974, 49.053631]}, "properties": {"year": 2022, "valeur_fonciere": 293500.0, "type_local": "Dépendance", "surface_reelle_bati": null, "nombre_pieces_principales": 0.0, "adresse_nom_voie": "RUE DE LA LIBERATION", "price_per_sqm": null, "date_iso": "2022-08-30", "parcelle": "77153000AD0023", "addr_num": "7"}}, {"type": "Feature", "geometry": {"type": "Point", "coordinates": [2.669832, 49.057666]}, "properties": {"year": 2022, "valeur_fonciere": 255000.0, "type_local": "Maison", "surface_reelle_bati": 87.0, "nombre_pieces_principales": 4.0, "adresse_nom_voie": "CHE DES JONCS", "price_per_sqm": 2931.0344827586205, "date_iso": "2022-09-02", "parcelle": "771530000A0929", "addr_num": "2"}}, {"type": "Feature", "geometry": {"type": "Point", "coordinates": [2.684551, 49.053003]}, "properties": {"year": 2022, "valeur_fonciere": 178000.0, "type_local": "Dépendance", "surface_reelle_bati": null, "nombre_pieces_principales": 0.0, "adresse_nom_voie": "RUE DE MEAUX", "price_per_sqm": null, "date_iso": "2022-08-30", "parcelle": "77153000AD0363", "addr_num": "19"}}, {"type": "Feature", "geometry": {"type": "Point", "coordinates": [2.684551, 49.053003]}, "properties": {"year": 2022, "valeur_fonciere": 178000.0, "type_local": "Appartement", "surface_reelle_bati": 46.0, "nombre_pieces_principales": 2.0, "adresse_nom_voie": "RUE DE MEAUX", "price_per_sqm": 3869.5652173913045, "date_iso": "2022-08-30", "parcelle": "77153000AD0363", "addr_num": "19"}}, {"type": "Feature", "geometry": {"type": "Point", "coordinates": [2.681411, 49.054193]}, "properties": {"year": 2022, "valeur_fonciere": 139000.0, "type_local": "Dépendance", "surface_reelle_bati": null, "nombre_pieces_principales": 0.0, "adresse_nom_voie": "RUE PORTE AU PAIN", "price_per_sqm": null, "date_iso": "2022-08-31", "parcelle": "77153000AC0098", "addr_num": "6"}}, {"type": "Feature", "geometry": {"type": "Point", "coordinates": [2.681411, 49.054193]}, "properties": {"year": 2022, "valeur_fonciere": 139000.0, "type_local": "Dépendance", "surface_reelle_bati": null, "nombre_pieces_principales": 0.0, "adresse_nom_voie": "RUE PORTE AU PAIN", "price_per_sqm": null, "date_iso": "2022-08-31", "parcelle": "77153000AC0098", "addr_num": "6"}}, {"type": "Feature", "geometry": {"type": "Point", "coordinates": [2.681411, 49.054193]}, "properties": {"year": 2022, "valeur_fonciere": 139000.0, "type_local": "Appartement", "surface_reelle_bati": 43.0, "nombre_pieces_principales": 3.0, "adresse_nom_voie": "RUE PORTE AU PAIN", "price_per_sqm": 3232.5581395348836, "date_iso": "2022-08-31", "parcelle": "77153000AC0098", "addr_num": "6"}}, {"type": "Feature", "geometry": {"type": "Point", "coordinates": [2.688097, 49.06394]}, "properties": {"year": 2022, "valeur_fonciere": 390000.0, "type_local": "Maison", "surface_reelle_bati": 89.0, "nombre_pieces_principales": 5.0, "adresse_nom_voie": "RTE D EVE", "price_per_sqm": 4382.0224719101125, "date_iso": "2022-08-31", "parcelle": "77153000AO0073", "addr_num": "61"}}, {"type": "Feature", "geometry": {"type": "Point", "coordinates": [2.688097, 49.06394]}, "properties": {"year": 2022, "valeur_fonciere": 390000.0, "type_local": "Maison", "surface_reelle_bati": 89.0, "nombre_pieces_principales": 5.0, "adresse_nom_voie": "RTE D EVE", "price_per_sqm": 4382.0224719101125, "date_iso": "2022-08-31", "parcelle": "77153000AO0073", "addr_num": "61"}}, {"type": "Feature", "geometry": {"type": "Point", "coordinates": [2.692882, 49.054071]}, "properties": {"year": 2022, "valeur_fonciere": 385000.0, "type_local": "Maison", "surface_reelle_bati": 154.0, "nombre_pieces_principales": 4.0, "adresse_nom_voie": "PL SAINTE ANNE", "price_per_sqm": 2500.0, "date_iso": "2022-09-02", "parcelle": "77153000AL0292", "addr_num": "8"}}, {"type": "Feature", "geometry": {"type": "Point", "coordinates": [2.692882, 49.054071]}, "properties": {"year": 2022, "valeur_fonciere": 385000.0, "type_local": "Maison", "surface_reelle_bati": 154.0, "nombre_pieces_principales": 4.0, "adresse_nom_voie": "PL SAINTE ANNE", "price_per_sqm": 2500.0, "date_iso": "2022-09-02", "parcelle": "77153000AL0292", "addr_num": "8"}}, {"type": "Feature", "geometry": {"type": "Point", "coordinates": [2.676844, 49.053486]}, "properties": {"year": 2022, "valeur_fonciere": 180000.0, "type_local": "Dépendance", "surface_reelle_bati": null, "nombre_pieces_principales": 0.0, "adresse_nom_voie": "RUE DU GENERAL DE GAULLE", "price_per_sqm": null, "date_iso": "2022-09-09", "parcelle": "77153000AB0342", "addr_num": "34"}}, {"type": "Feature", "geometry": {"type": "Point", "coordinates": [2.676844, 49.053486]}, "properties": {"year": 2022, "valeur_fonciere": 180000.0, "type_local": "Appartement", "surface_reelle_bati": 55.0, "nombre_pieces_principales": 3.0, "adresse_nom_voie": "RUE DU GENERAL DE GAULLE", "price_per_sqm": 3272.7272727272725, "date_iso": "2022-09-09", "parcelle": "77153000AB0342", "addr_num": "34"}}, {"type": "Feature", "geometry": {"type": "Point", "coordinates": [2.675363, 49.060269]}, "properties": {"year": 2022, "valeur_fonciere": 192000.0, "type_local": "Dépendance", "surface_reelle_bati": null, "nombre_pieces_principales": 0.0, "adresse_nom_voie": "AV JEAN JAURES", "price_per_sqm": null, "date_iso": "2022-09-13", "parcelle": "771530000A1638", "addr_num": "3"}}, {"type": "Feature", "geometry": {"type": "Point", "coordinates": [2.675363, 49.060269]}, "properties": {"year": 2022, "valeur_fonciere": 192000.0, "type_local": "Dépendance", "surface_reelle_bati": null, "nombre_pieces_principales": 0.0, "adresse_nom_voie": "AV JEAN JAURES", "price_per_sqm": null, "date_iso": "2022-09-13", "parcelle": "771530000A1638", "addr_num": "3"}}, {"type": "Feature", "geometry": {"type": "Point", "coordinates": [2.675363, 49.060269]}, "properties": {"year": 2022, "valeur_fonciere": 192000.0, "type_local": "Appartement", "surface_reelle_bati": 59.0, "nombre_pieces_principales": 3.0, "adresse_nom_voie": "AV JEAN JAURES", "price_per_sqm": 3254.237288135593, "date_iso": "2022-09-13", "parcelle": "771530000A1638", "addr_num": "3"}}, {"type": "Feature", "geometry": {"type": "Point", "coordinates": [2.688893, 49.051009]}, "properties": {"year": 2022, "valeur_fonciere": 630000.0, "type_local": "Maison", "surface_reelle_bati": 198.0, "nombre_pieces_principales": 6.0, "adresse_nom_voie": "BD DE LA GARE", "price_per_sqm": 3181.818181818182, "date_iso": "2022-08-30", "parcelle": "77153000ZH0177", "addr_num": "16"}}, {"type": "Feature", "geometry": {"type": "Point", "coordinates": [2.688893, 49.051009]}, "properties": {"year": 2022, "valeur_fonciere": 630000.0, "type_local": "Maison", "surface_reelle_bati": 198.0, "nombre_pieces_principales": 6.0, "adresse_nom_voie": "BD DE LA GARE", "price_per_sqm": 3181.818181818182, "date_iso": "2022-08-30", "parcelle": "77153000ZH0177", "addr_num": "16"}}, {"type": "Feature", "geometry": {"type": "Point", "coordinates": [2.692882, 49.054071]}, "properties": {"year": 2022, "valeur_fonciere": 315000.0, "type_local": "Maison", "surface_reelle_bati": 154.0, "nombre_pieces_principales": 4.0, "adresse_nom_voie": "PL SAINTE ANNE", "price_per_sqm": 2045.4545454545455, "date_iso": "2022-09-02", "parcelle": "77153000AL0292", "addr_num": "8"}}, {"type": "Feature", "geometry": {"type": "Point", "coordinates": [2.692882, 49.054071]}, "properties": {"year": 2022, "valeur_fonciere": 315000.0, "type_local": "Maison", "surface_reelle_bati": 154.0, "nombre_pieces_principales": 4.0, "adresse_nom_voie": "PL SAINTE ANNE", "price_per_sqm": 2045.4545454545455, "date_iso": "2022-09-02", "parcelle": "77153000AL0292", "addr_num": "8"}}, {"type": "Feature", "geometry": {"type": "Point", "coordinates": [2.694961, 49.06162]}, "properties": {"year": 2022, "valeur_fonciere": 320000.0, "type_local": "Maison", "surface_reelle_bati": 111.0, "nombre_pieces_principales": 5.0, "adresse_nom_voie": "ALL DE LA HERSE D OR", "price_per_sqm": 2882.8828828828828, "date_iso": "2022-09-08", "parcelle": "77153000AM0066", "addr_num": "7"}}, {"type": "Feature", "geometry": {"type": "Point", "coordinates": [2.694961, 49.06162]}, "properties": {"year": 2022, "valeur_fonciere": 320000.0, "type_local": "Maison", "surface_reelle_bati": 111.0, "nombre_pieces_principales": 5.0, "adresse_nom_voie": "ALL DE LA HERSE D OR", "price_per_sqm": 2882.8828828828828, "date_iso": "2022-09-08", "parcelle": "77153000AM0066", "addr_num": "7"}}, {"type": "Feature", "geometry": {"type": "Point", "coordinates": [2.692614, 49.056492]}, "properties": {"year": 2022, "valeur_fonciere": 324000.0, "type_local": "Maison", "surface_reelle_bati": 102.0, "nombre_pieces_principales": 5.0, "adresse_nom_voie": "AV DES VERGERS", "price_per_sqm": 3176.470588235294, "date_iso": "2022-09-13", "parcelle": "77153000AL0209", "addr_num": "22"}}, {"type": "Feature", "geometry": {"type": "Point", "coordinates": [2.692614, 49.056492]}, "properties": {"year": 2022, "valeur_fonciere": 324000.0, "type_local": "Dépendance", "surface_reelle_bati": null, "nombre_pieces_principales": 0.0, "adresse_nom_voie": "AV DES VERGERS", "price_per_sqm": null, "date_iso": "2022-09-13", "parcelle": "77153000AL0209", "addr_num": "22"}}, {"type": "Feature", "geometry": {"type": "Point", "coordinates": [2.694194, 49.0587]}, "properties": {"year": 2022, "valeur_fonciere": 430000.0, "type_local": "Maison", "surface_reelle_bati": 120.0, "nombre_pieces_principales": 5.0, "adresse_nom_voie": "RUE DES NOYERS", "price_per_sqm": 3583.3333333333335, "date_iso": "2022-09-12", "parcelle": "77153000AM0356", "addr_num": "17"}}, {"type": "Feature", "geometry": {"type": "Point", "coordinates": [2.694194, 49.0587]}, "properties": {"year": 2022, "valeur_fonciere": 430000.0, "type_local": "Maison", "surface_reelle_bati": 120.0, "nombre_pieces_principales": 5.0, "adresse_nom_voie": "RUE DES NOYERS", "price_per_sqm": 3583.3333333333335, "date_iso": "2022-09-12", "parcelle": "77153000AM0356", "addr_num": "17"}}, {"type": "Feature", "geometry": {"type": "Point", "coordinates": [2.678401, 49.054162]}, "properties": {"year": 2022, "valeur_fonciere": 130000.0, "type_local": "Dépendance", "surface_reelle_bati": null, "nombre_pieces_principales": 0.0, "adresse_nom_voie": "RUE DU GENERAL DE GAULLE", "price_per_sqm": null, "date_iso": "2022-09-05", "parcelle": "77153000AB0060", "addr_num": "77"}}, {"type": "Feature", "geometry": {"type": "Point", "coordinates": [2.678401, 49.054162]}, "properties": {"year": 2022, "valeur_fonciere": 130000.0, "type_local": "Appartement", "surface_reelle_bati": 53.0, "nombre_pieces_principales": 3.0, "adresse_nom_voie": "RUE DU GENERAL DE GAULLE", "price_per_sqm": 2452.830188679245, "date_iso": "2022-09-05", "parcelle": "77153000AB0060", "addr_num": "77"}}, {"type": "Feature", "geometry": {"type": "Point", "coordinates": [2.675146, 49.061203]}, "properties": {"year": 2022, "valeur_fonciere": 288000.0, "type_local": "Maison", "surface_reelle_bati": 79.0, "nombre_pieces_principales": 4.0, "adresse_nom_voie": "RUE LEONARD DE VINCI", "price_per_sqm": 3645.5696202531644, "date_iso": "2022-09-23", "parcelle": "771530000A1584", "addr_num": "44"}}, {"type": "Feature", "geometry": {"type": "Point", "coordinates": [2.674981, 49.061171]}, "properties": {"year": 2022, "valeur_fonciere": 288000.0, "type_local": "Dépendance", "surface_reelle_bati": null, "nombre_pieces_principales": 0.0, "adresse_nom_voie": "RUE LEONARD DE VINCI", "price_per_sqm": null, "date_iso": "2022-09-23", "parcelle": "771530000A1608", "addr_num": "44"}}, {"type": "Feature", "geometry": {"type": "Point", "coordinates": [2.674955, 49.061193]}, "properties": {"year": 2022, "valeur_fonciere": 288000.0, "type_local": "Dépendance", "surface_reelle_bati": null, "nombre_pieces_principales": 0.0, "adresse_nom_voie": "RUE LEONARD DE VINCI", "price_per_sqm": null, "date_iso": "2022-09-23", "parcelle": "771530000A1623", "addr_num": "44"}}, {"type": "Feature", "geometry": {"type": "Point", "coordinates": [2.678809, 49.05359]}, "properties": {"year": 2022, "valeur_fonciere": 129990.0, "type_local": null, "surface_reelle_bati": null, "nombre_pieces_principales": null, "adresse_nom_voie": "PARIS", "price_per_sqm": null, "date_iso": "2022-09-20", "parcelle": "77153000AB0117", "addr_num": ""}}, {"type": "Feature", "geometry": {"type": "Point", "coordinates": [2.67866, 49.053817]}, "properties": {"year": 2022, "valeur_fonciere": 129990.0, "type_local": "Appartement", "surface_reelle_bati": 50.0, "nombre_pieces_principales": 2.0, "adresse_nom_voie": "RUE DU GENERAL DE GAULLE", "price_per_sqm": 2599.8, "date_iso": "2022-09-20", "parcelle": "77153000AB0118", "addr_num": "84"}}, {"type": "Feature", "geometry": {"type": "Point", "coordinates": [2.68114, 49.052919]}, "properties": {"year": 2022, "valeur_fonciere": 70000.0, "type_local": null, "surface_reelle_bati": null, "nombre_pieces_principales": null, "adresse_nom_voie": "RLE DU FLOCHET", "price_per_sqm": null, "date_iso": "2022-09-22", "parcelle": "77153000AD0366", "addr_num": ""}}, {"type": "Feature", "geometry": {"type": "Point", "coordinates": [2.689711, 49.061359]}, "properties": {"year": 2022, "valeur_fonciere": 385000.0, "type_local": null, "surface_reelle_bati": null, "nombre_pieces_principales": null, "adresse_nom_voie": "ALL DES MURIERS", "price_per_sqm": null, "date_iso": "2022-09-23", "parcelle": "77153000AK0390", "addr_num": "15"}}, {"type": "Feature", "geometry": {"type": "Point", "coordinates": [2.689895, 49.061415]}, "properties": {"year": 2022, "valeur_fonciere": 385000.0, "type_local": "Maison", "surface_reelle_bati": 90.0, "nombre_pieces_principales": 5.0, "adresse_nom_voie": "ALL DES MURIERS", "price_per_sqm": 4277.777777777777, "date_iso": "2022-09-23", "parcelle": "77153000AN0138", "addr_num": "15"}}, {"type": "Feature", "geometry": {"type": "Point", "coordinates": [2.689895, 49.061415]}, "properties": {"year": 2022, "valeur_fonciere": 385000.0, "type_local": "Dépendance", "surface_reelle_bati": null, "nombre_pieces_principales": 0.0, "adresse_nom_voie": "ALL DES MURIERS", "price_per_sqm": null, "date_iso": "2022-09-23", "parcelle": "77153000AN0138", "addr_num": "15"}}, {"type": "Feature", "geometry": {"type": "Point", "coordinates": [2.689895, 49.061415]}, "properties": {"year": 2022, "valeur_fonciere": 385000.0, "type_local": "Dépendance", "surface_reelle_bati": null, "nombre_pieces_principales": 0.0, "adresse_nom_voie": "ALL DES MURIERS", "price_per_sqm": null, "date_iso": "2022-09-23", "parcelle": "77153000AN0138", "addr_num": "15"}}, {"type": "Feature", "geometry": {"type": "Point", "coordinates": [2.689895, 49.061415]}, "properties": {"year": 2022, "valeur_fonciere": 385000.0, "type_local": "Maison", "surface_reelle_bati": 90.0, "nombre_pieces_principales": 5.0, "adresse_nom_voie": "ALL DES MURIERS", "price_per_sqm": 4277.777777777777, "date_iso": "2022-09-23", "parcelle": "77153000AN0138", "addr_num": "15"}}, {"type": "Feature", "geometry": {"type": "Point", "coordinates": [2.677413, 49.054797]}, "properties": {"year": 2022, "valeur_fonciere": 169000.0, "type_local": "Dépendance", "surface_reelle_bati": null, "nombre_pieces_principales": 0.0, "adresse_nom_voie": "RUE SAINT JEAN", "price_per_sqm": null, "date_iso": "2022-09-12", "parcelle": "77153000AB0021", "addr_num": "5"}}, {"type": "Feature", "geometry": {"type": "Point", "coordinates": [2.677413, 49.054797]}, "properties": {"year": 2022, "valeur_fonciere": 169000.0, "type_local": "Appartement", "surface_reelle_bati": 43.0, "nombre_pieces_principales": 2.0, "adresse_nom_voie": "RUE SAINT JEAN", "price_per_sqm": 3930.232558139535, "date_iso": "2022-09-12", "parcelle": "77153000AB0021", "addr_num": "5"}}, {"type": "Feature", "geometry": {"type": "Point", "coordinates": [2.692574, 49.061539]}, "properties": {"year": 2022, "valeur_fonciere": 210000.0, "type_local": null, "surface_reelle_bati": null, "nombre_pieces_principales": null, "adresse_nom_voie": "ALL DES MERISIERS", "price_per_sqm": null, "date_iso": "2022-09-28", "parcelle": "77153000AN0054", "addr_num": "2"}}, {"type": "Feature", "geometry": {"type": "Point", "coordinates": [2.692574, 49.061539]}, "properties": {"year": 2022, "valeur_fonciere": 210000.0, "type_local": "Appartement", "surface_reelle_bati": 55.0, "nombre_pieces_principales": 3.0, "adresse_nom_voie": "ALL DES MERISIERS", "price_per_sqm": 3818.181818181818, "date_iso": "2022-09-28", "parcelle": "77153000AN0054", "addr_num": "2"}}, {"type": "Feature", "geometry": {"type": "Point", "coordinates": [2.692574, 49.061539]}, "properties": {"year": 2022, "valeur_fonciere": 210000.0, "type_local": "Dépendance", "surface_reelle_bati": null, "nombre_pieces_principales": 0.0, "adresse_nom_voie": "ALL DES MERISIERS", "price_per_sqm": null, "date_iso": "2022-09-28", "parcelle": "77153000AN0054", "addr_num": "2"}}, {"type": "Feature", "geometry": {"type": "Point", "coordinates": [2.692574, 49.061539]}, "properties": {"year": 2022, "valeur_fonciere": 210000.0, "type_local": "Dépendance", "surface_reelle_bati": null, "nombre_pieces_principales": 0.0, "adresse_nom_voie": "ALL DES MERISIERS", "price_per_sqm": null, "date_iso": "2022-09-28", "parcelle": "77153000AN0054", "addr_num": "2"}}, {"type": "Feature", "geometry": {"type": "Point", "coordinates": [2.692574, 49.061539]}, "properties": {"year": 2022, "valeur_fonciere": 210000.0, "type_local": null, "surface_reelle_bati": null, "nombre_pieces_principales": null, "adresse_nom_voie": "ALL DES MERISIERS", "price_per_sqm": null, "date_iso": "2022-09-28", "parcelle": "77153000AN0054", "addr_num": "2"}}, {"type": "Feature", "geometry": {"type": "Point", "coordinates": [2.670775, 49.05474]}, "properties": {"year": 2022, "valeur_fonciere": 400000.0, "type_local": "Maison", "surface_reelle_bati": 93.0, "nombre_pieces_principales": 3.0, "adresse_nom_voie": "CR DIT DES CORBEAUX", "price_per_sqm": 4301.075268817204, "date_iso": "2022-09-29", "parcelle": "771530000C0107", "addr_num": "12"}}, {"type": "Feature", "geometry": {"type": "Point", "coordinates": [2.670775, 49.05474]}, "properties": {"year": 2022, "valeur_fonciere": 400000.0, "type_local": "Maison", "surface_reelle_bati": 93.0, "nombre_pieces_principales": 3.0, "adresse_nom_voie": "CR DIT DES CORBEAUX", "price_per_sqm": 4301.075268817204, "date_iso": "2022-09-29", "parcelle": "771530000C0107", "addr_num": "12"}}, {"type": "Feature", "geometry": {"type": "Point", "coordinates": [2.671305, 49.054443]}, "properties": {"year": 2022, "valeur_fonciere": 400000.0, "type_local": null, "surface_reelle_bati": null, "nombre_pieces_principales": null, "adresse_nom_voie": "CR DIT DES CORBEAUX", "price_per_sqm": null, "date_iso": "2022-09-29", "parcelle": "771530000C0581", "addr_num": "10"}}, {"type": "Feature", "geometry": {"type": "Point", "coordinates": [2.683259, 49.053891]}, "properties": {"year": 2022, "valeur_fonciere": 127000.0, "type_local": "Appartement", "surface_reelle_bati": 42.0, "nombre_pieces_principales": 2.0, "adresse_nom_voie": "RUE DU GENERAL DE GAULLE", "price_per_sqm": 3023.809523809524, "date_iso": "2022-09-30", "parcelle": "77153000AC0152", "addr_num": "161"}}, {"type": "Feature", "geometry": {"type": "Point", "coordinates": [2.678259, 49.054751]}, "properties": {"year": 2022, "valeur_fonciere": 13000.0, "type_local": "Dépendance", "surface_reelle_bati": null, "nombre_pieces_principales": 0.0, "adresse_nom_voie": "RUE DE LA HALLE", "price_per_sqm": null, "date_iso": "2022-09-27", "parcelle": "77153000AB0036", "addr_num": "8"}}, {"type": "Feature", "geometry": {"type": "Point", "coordinates": [2.685069, 49.053172]}, "properties": {"year": 2022, "valeur_fonciere": 149000.0, "type_local": "Local industriel. commercial ou assimilé", "surface_reelle_bati": 63.0, "nombre_pieces_principales": 0.0, "adresse_nom_voie": "RLE DU BUAT", "price_per_sqm": 2365.0793650793653, "date_iso": "2022-09-28", "parcelle": "77153000AD0107", "addr_num": "2"}}, {"type": "Feature", "geometry": {"type": "Point", "coordinates": [2.692624, 49.06204]}, "properties": {"year": 2022, "valeur_fonciere": 247000.0, "type_local": "Appartement", "surface_reelle_bati": 62.0, "nombre_pieces_principales": 3.0, "adresse_nom_voie": "ALL DE L AUBEPINE", "price_per_sqm": 3983.8709677419356, "date_iso": "2022-09-30", "parcelle": "77153000AN0057", "addr_num": "5"}}, {"type": "Feature", "geometry": {"type": "Point", "coordinates": [2.692624, 49.06204]}, "properties": {"year": 2022, "valeur_fonciere": 247000.0, "type_local": "Dépendance", "surface_reelle_bati": null, "nombre_pieces_principales": 0.0, "adresse_nom_voie": "ALL DE L AUBEPINE", "price_per_sqm": null, "date_iso": "2022-09-30", "parcelle": "77153000AN0057", "addr_num": "5"}}, {"type": "Feature", "geometry": {"type": "Point", "coordinates": [2.692624, 49.06204]}, "properties": {"year": 2022, "valeur_fonciere": 247000.0, "type_local": "Dépendance", "surface_reelle_bati": null, "nombre_pieces_principales": 0.0, "adresse_nom_voie": "ALL DE L AUBEPINE", "price_per_sqm": null, "date_iso": "2022-09-30", "parcelle": "77153000AN0057", "addr_num": "5"}}, {"type": "Feature", "geometry": {"type": "Point", "coordinates": [2.692181, 49.056852]}, "properties": {"year": 2022, "valeur_fonciere": 223000.0, "type_local": "Maison", "surface_reelle_bati": 96.0, "nombre_pieces_principales": 5.0, "adresse_nom_voie": "ALL DES DOYENNES", "price_per_sqm": 2322.9166666666665, "date_iso": "2022-09-26", "parcelle": "77153000AL0338", "addr_num": "10"}}, {"type": "Feature", "geometry": {"type": "Point", "coordinates": [2.671607, 49.062175]}, "properties": {"year": 2022, "valeur_fonciere": 373100.0, "type_local": "Maison", "surface_reelle_bati": 122.0, "nombre_pieces_principales": 5.0, "adresse_nom_voie": "RUE CAROLINE AIGLE", "price_per_sqm": 3058.1967213114754, "date_iso": "2022-10-10", "parcelle": "771530000A1885", "addr_num": "6"}}, {"type": "Feature", "geometry": {"type": "Point", "coordinates": [2.677408, 49.05343]}, "properties": {"year": 2022, "valeur_fonciere": 240000.0, "type_local": null, "surface_reelle_bati": null, "nombre_pieces_principales": null, "adresse_nom_voie": "PARIS", "price_per_sqm": null, "date_iso": "2022-10-03", "parcelle": "77153000AB0142", "addr_num": ""}}, {"type": "Feature", "geometry": {"type": "Point", "coordinates": [2.677434, 49.053255]}, "properties": {"year": 2022, "valeur_fonciere": 240000.0, "type_local": null, "surface_reelle_bati": null, "nombre_pieces_principales": null, "adresse_nom_voie": "PARIS", "price_per_sqm": null, "date_iso": "2022-10-03", "parcelle": "77153000AB0227", "addr_num": ""}}, {"type": "Feature", "geometry": {"type": "Point", "coordinates": [2.677413, 49.053649]}, "properties": {"year": 2022, "valeur_fonciere": 240000.0, "type_local": null, "surface_reelle_bati": null, "nombre_pieces_principales": null, "adresse_nom_voie": "PARIS", "price_per_sqm": null, "date_iso": "2022-10-03", "parcelle": "77153000AB0233", "addr_num": ""}}, {"type": "Feature", "geometry": {"type": "Point", "coordinates": [2.677298, 49.053705]}, "properties": {"year": 2022, "valeur_fonciere": 240000.0, "type_local": "Appartement", "surface_reelle_bati": 16.0, "nombre_pieces_principales": 1.0, "adresse_nom_voie": "RUE DU GENERAL DE GAULLE", "price_per_sqm": 15000.0, "date_iso": "2022-10-03", "parcelle": "77153000AB0258", "addr_num": "46"}}, {"type": "Feature", "geometry": {"type": "Point", "coordinates": [2.677298, 49.053705]}, "properties": {"year": 2022, "valeur_fonciere": 240000.0, "type_local": "Appartement", "surface_reelle_bati": 40.0, "nombre_pieces_principales": 3.0, "adresse_nom_voie": "RUE DU GENERAL DE GAULLE", "price_per_sqm": 6000.0, "date_iso": "2022-10-03", "parcelle": "77153000AB0258", "addr_num": "46"}}, {"type": "Feature", "geometry": {"type": "Point", "coordinates": [2.677298, 49.053705]}, "properties": {"year": 2022, "valeur_fonciere": 240000.0, "type_local": "Dépendance", "surface_reelle_bati": null, "nombre_pieces_principales": 0.0, "adresse_nom_voie": "RUE DU GENERAL DE GAULLE", "price_per_sqm": null, "date_iso": "2022-10-03", "parcelle": "77153000AB0258", "addr_num": "46"}}, {"type": "Feature", "geometry": {"type": "Point", "coordinates": [2.677298, 49.053705]}, "properties": {"year": 2022, "valeur_fonciere": 240000.0, "type_local": "Local industriel. commercial ou assimilé", "surface_reelle_bati": 53.0, "nombre_pieces_principales": 0.0, "adresse_nom_voie": "RUE DU GENERAL DE GAULLE", "price_per_sqm": 4528.301886792453, "date_iso": "2022-10-03", "parcelle": "77153000AB0258", "addr_num": "46"}}, {"type": "Feature", "geometry": {"type": "Point", "coordinates": [2.677298, 49.053705]}, "properties": {"year": 2022, "valeur_fonciere": 240000.0, "type_local": "Appartement", "surface_reelle_bati": 24.0, "nombre_pieces_principales": 2.0, "adresse_nom_voie": "RUE DU GENERAL DE GAULLE", "price_per_sqm": 10000.0, "date_iso": "2022-10-03", "parcelle": "77153000AB0258", "addr_num": "46"}}, {"type": "Feature", "geometry": {"type": "Point", "coordinates": [2.673889, 49.064224]}, "properties": {"year": 2022, "valeur_fonciere": 321000.0, "type_local": "Maison", "surface_reelle_bati": 84.0, "nombre_pieces_principales": 6.0, "adresse_nom_voie": "RUE JULIE VICTOIRE DAUBIE", "price_per_sqm": 3821.4285714285716, "date_iso": "2022-10-17", "parcelle": "771530000A2047", "addr_num": "12"}}, {"type": "Feature", "geometry": {"type": "Point", "coordinates": [2.686973, 49.059774]}, "properties": {"year": 2022, "valeur_fonciere": 293000.0, "type_local": "Maison", "surface_reelle_bati": 90.0, "nombre_pieces_principales": 5.0, "adresse_nom_voie": "RUE BELLE ANGEVINE", "price_per_sqm": 3255.5555555555557, "date_iso": "2022-10-07", "parcelle": "77153000AK0215", "addr_num": "7"}}, {"type": "Feature", "geometry": {"type": "Point", "coordinates": [2.686973, 49.059774]}, "properties": {"year": 2022, "valeur_fonciere": 293000.0, "type_local": "Dépendance", "surface_reelle_bati": null, "nombre_pieces_principales": 0.0, "adresse_nom_voie": "RUE BELLE ANGEVINE", "price_per_sqm": null, "date_iso": "2022-10-07", "parcelle": "77153000AK0215", "addr_num": "7"}}, {"type": "Feature", "geometry": {"type": "Point", "coordinates": [2.689138, 49.053811]}, "properties": {"year": 2022, "valeur_fonciere": 910000.0, "type_local": "Local industriel. commercial ou assimilé", "surface_reelle_bati": 453.0, "nombre_pieces_principales": 0.0, "adresse_nom_voie": "AV DU MARECHAL LECLERC", "price_per_sqm": 2008.8300220750552, "date_iso": "2022-09-30", "parcelle": "77153000AE0259", "addr_num": "31"}}, {"type": "Feature", "geometry": {"type": "Point", "coordinates": [2.689005, 49.053391]}, "properties": {"year": 2022, "valeur_fonciere": 910000.0, "type_local": null, "surface_reelle_bati": null, "nombre_pieces_principales": null, "adresse_nom_voie": "AV DU MARECHAL LECLERC", "price_per_sqm": null, "date_iso": "2022-09-30", "parcelle": "77153000AE0260", "addr_num": ""}}, {"type": "Feature", "geometry": {"type": "Point", "coordinates": [2.688852, 49.0538]}, "properties": {"year": 2022, "valeur_fonciere": 910000.0, "type_local": "Local industriel. commercial ou assimilé", "surface_reelle_bati": 538.0, "nombre_pieces_principales": 0.0, "adresse_nom_voie": "AV DU MARECHAL LECLERC", "price_per_sqm": 1691.4498141263941, "date_iso": "2022-09-30", "parcelle": "77153000AE0257", "addr_num": "29"}}, {"type": "Feature", "geometry": {"type": "Point", "coordinates": [2.688852, 49.0538]}, "properties": {"year": 2022, "valeur_fonciere": 910000.0, "type_local": "Maison", "surface_reelle_bati": 96.0, "nombre_pieces_principales": 6.0, "adresse_nom_voie": "AV DU MARECHAL LECLERC", "price_per_sqm": 9479.166666666666, "date_iso": "2022-09-30", "parcelle": "77153000AE0257", "addr_num": "29"}}, {"type": "Feature", "geometry": {"type": "Point", "coordinates": [2.688801, 49.053408]}, "properties": {"year": 2022, "valeur_fonciere": 910000.0, "type_local": null, "surface_reelle_bati": null, "nombre_pieces_principales": null, "adresse_nom_voie": "AV DU MARECHAL LECLERC", "price_per_sqm": null, "date_iso": "2022-09-30", "parcelle": "77153000AE0258", "addr_num": ""}}, {"type": "Feature", "geometry": {"type": "Point", "coordinates": [2.696447, 49.057939]}, "properties": {"year": 2022, "valeur_fonciere": 194000.0, "type_local": "Appartement", "surface_reelle_bati": 41.0, "nombre_pieces_principales": 2.0, "adresse_nom_voie": "AV DU MARECHAL LECLERC", "price_per_sqm": 4731.707317073171, "date_iso": "2022-10-17", "parcelle": "77153000AM0105", "addr_num": "67"}}, {"type": "Feature", "geometry": {"type": "Point", "coordinates": [2.696447, 49.057939]}, "properties": {"year": 2022, "valeur_fonciere": 194000.0, "type_local": "Dépendance", "surface_reelle_bati": null, "nombre_pieces_principales": 0.0, "adresse_nom_voie": "AV DU MARECHAL LECLERC", "price_per_sqm": null, "date_iso": "2022-10-17", "parcelle": "77153000AM0105", "addr_num": "67"}}, {"type": "Feature", "geometry": {"type": "Point", "coordinates": [2.677342, 49.054935]}, "properties": {"year": 2022, "valeur_fonciere": 107000.0, "type_local": "Appartement", "surface_reelle_bati": 35.0, "nombre_pieces_principales": 1.0, "adresse_nom_voie": "RUE SAINT JEAN", "price_per_sqm": 3057.1428571428573, "date_iso": "2022-10-11", "parcelle": "77153000AB0283", "addr_num": "7"}}, {"type": "Feature", "geometry": {"type": "Point", "coordinates": [2.677342, 49.054935]}, "properties": {"year": 2022, "valeur_fonciere": 107000.0, "type_local": "Dépendance", "surface_reelle_bati": null, "nombre_pieces_principales": 0.0, "adresse_nom_voie": "RUE SAINT JEAN", "price_per_sqm": null, "date_iso": "2022-10-11", "parcelle": "77153000AB0283", "addr_num": "7"}}, {"type": "Feature", "geometry": {"type": "Point", "coordinates": [2.67808, 49.055184]}, "properties": {"year": 2022, "valeur_fonciere": 132800.0, "type_local": "Appartement", "surface_reelle_bati": 27.0, "nombre_pieces_principales": 2.0, "adresse_nom_voie": "RUE GANNEVAL", "price_per_sqm": 4918.518518518518, "date_iso": "2022-10-17", "parcelle": "77153000AB0029", "addr_num": "37"}}, {"type": "Feature", "geometry": {"type": "Point", "coordinates": [2.67808, 49.055184]}, "properties": {"year": 2022, "valeur_fonciere": 132800.0, "type_local": "Dépendance", "surface_reelle_bati": null, "nombre_pieces_principales": 0.0, "adresse_nom_voie": "RUE GANNEVAL", "price_per_sqm": null, "date_iso": "2022-10-17", "parcelle": "77153000AB0029", "addr_num": "37"}}, {"type": "Feature", "geometry": {"type": "Point", "coordinates": [2.676844, 49.053486]}, "properties": {"year": 2022, "valeur_fonciere": 142000.0, "type_local": "Dépendance", "surface_reelle_bati": null, "nombre_pieces_principales": 0.0, "adresse_nom_voie": "RUE DU GENERAL DE GAULLE", "price_per_sqm": null, "date_iso": "2022-10-14", "parcelle": "77153000AB0342", "addr_num": "34"}}, {"type": "Feature", "geometry": {"type": "Point", "coordinates": [2.676844, 49.053486]}, "properties": {"year": 2022, "valeur_fonciere": 142000.0, "type_local": "Appartement", "surface_reelle_bati": 40.0, "nombre_pieces_principales": 2.0, "adresse_nom_voie": "RUE DU GENERAL DE GAULLE", "price_per_sqm": 3550.0, "date_iso": "2022-10-14", "parcelle": "77153000AB0342", "addr_num": "34"}}, {"type": "Feature", "geometry": {"type": "Point", "coordinates": [2.688989, 49.062586]}, "properties": {"year": 2022, "valeur_fonciere": 310000.0, "type_local": "Maison", "surface_reelle_bati": 101.0, "nombre_pieces_principales": 5.0, "adresse_nom_voie": "RUE HENRI DUNANT", "price_per_sqm": 3069.3069306930693, "date_iso": "2022-10-28", "parcelle": "77153000AN0150", "addr_num": "10"}}, {"type": "Feature", "geometry": {"type": "Point", "coordinates": [2.682219, 49.053739]}, "properties": {"year": 2022, "valeur_fonciere": 156000.0, "type_local": "Appartement", "surface_reelle_bati": 54.0, "nombre_pieces_principales": 2.0, "adresse_nom_voie": "RUE DU GENERAL DE GAULLE", "price_per_sqm": 2888.8888888888887, "date_iso": "2022-10-19", "parcelle": "77153000AD0070", "addr_num": "148"}}, {"type": "Feature", "geometry": {"type": "Point", "coordinates": [2.677342, 49.054935]}, "properties": {"year": 2022, "valeur_fonciere": 194000.0, "type_local": "Appartement", "surface_reelle_bati": 69.0, "nombre_pieces_principales": 3.0, "adresse_nom_voie": "RUE DU JEU D ARC", "price_per_sqm": 2811.5942028985505, "date_iso": "2022-10-20", "parcelle": "77153000AB0283", "addr_num": "21"}}, {"type": "Feature", "geometry": {"type": "Point", "coordinates": [2.693566, 49.058067]}, "properties": {"year": 2022, "valeur_fonciere": 211000.0, "type_local": "Maison", "surface_reelle_bati": 92.0, "nombre_pieces_principales": 5.0, "adresse_nom_voie": "AV DU DRAP D OR", "price_per_sqm": 2293.478260869565, "date_iso": "2022-11-04", "parcelle": "77153000AL0017", "addr_num": "71"}}, {"type": "Feature", "geometry": {"type": "Point", "coordinates": [2.693566, 49.058067]}, "properties": {"year": 2022, "valeur_fonciere": 211000.0, "type_local": "Dépendance", "surface_reelle_bati": null, "nombre_pieces_principales": 0.0, "adresse_nom_voie": "AV DU DRAP D OR", "price_per_sqm": null, "date_iso": "2022-11-04", "parcelle": "77153000AL0017", "addr_num": "71"}}, {"type": "Feature", "geometry": {"type": "Point", "coordinates": [2.689897, 49.052908]}, "properties": {"year": 2022, "valeur_fonciere": 320000.0, "type_local": "Dépendance", "surface_reelle_bati": null, "nombre_pieces_principales": 0.0, "adresse_nom_voie": "AV DU MARECHAL LECLERC", "price_per_sqm": null, "date_iso": "2022-10-26", "parcelle": "77153000AH0405", "addr_num": "24"}}, {"type": "Feature", "geometry": {"type": "Point", "coordinates": [2.689897, 49.052908]}, "properties": {"year": 2022, "valeur_fonciere": 320000.0, "type_local": "Maison", "surface_reelle_bati": 120.0, "nombre_pieces_principales": 4.0, "adresse_nom_voie": "AV DU MARECHAL LECLERC", "price_per_sqm": 2666.6666666666665, "date_iso": "2022-10-26", "parcelle": "77153000AH0405", "addr_num": "24"}}, {"type": "Feature", "geometry": {"type": "Point", "coordinates": [2.696908, 49.057179]}, "properties": {"year": 2022, "valeur_fonciere": 165000.0, "type_local": "Dépendance", "surface_reelle_bati": null, "nombre_pieces_principales": 0.0, "adresse_nom_voie": "AV DU MARECHAL LECLERC", "price_per_sqm": null, "date_iso": "2022-10-27", "parcelle": "77153000AM0114", "addr_num": "71"}}, {"type": "Feature", "geometry": {"type": "Point", "coordinates": [2.696908, 49.057179]}, "properties": {"year": 2022, "valeur_fonciere": 165000.0, "type_local": "Dépendance", "surface_reelle_bati": null, "nombre_pieces_principales": 0.0, "adresse_nom_voie": "AV DU MARECHAL LECLERC", "price_per_sqm": null, "date_iso": "2022-10-27", "parcelle": "77153000AM0114", "addr_num": "71"}}, {"type": "Feature", "geometry": {"type": "Point", "coordinates": [2.696908, 49.057179]}, "properties": {"year": 2022, "valeur_fonciere": 165000.0, "type_local": "Appartement", "surface_reelle_bati": 46.0, "nombre_pieces_principales": 2.0, "adresse_nom_voie": "AV DU MARECHAL LECLERC", "price_per_sqm": 3586.9565217391305, "date_iso": "2022-10-27", "parcelle": "77153000AM0114", "addr_num": "71"}}, {"type": "Feature", "geometry": {"type": "Point", "coordinates": [2.687655, 49.063552]}, "properties": {"year": 2022, "valeur_fonciere": 213000.0, "type_local": "Appartement", "surface_reelle_bati": 70.0, "nombre_pieces_principales": 4.0, "adresse_nom_voie": "RTE D EVE", "price_per_sqm": 3042.8571428571427, "date_iso": "2022-10-27", "parcelle": "77153000AO0076", "addr_num": "55"}}, {"type": "Feature", "geometry": {"type": "Point", "coordinates": [2.687655, 49.063552]}, "properties": {"year": 2022, "valeur_fonciere": 213000.0, "type_local": "Dépendance", "surface_reelle_bati": null, "nombre_pieces_principales": 0.0, "adresse_nom_voie": "RTE D EVE", "price_per_sqm": null, "date_iso": "2022-10-27", "parcelle": "77153000AO0076", "addr_num": "55"}}, {"type": "Feature", "geometry": {"type": "Point", "coordinates": [2.677342, 49.054935]}, "properties": {"year": 2022, "valeur_fonciere": 107000.0, "type_local": "Dépendance", "surface_reelle_bati": null, "nombre_pieces_principales": 0.0, "adresse_nom_voie": "RUE SAINT JEAN", "price_per_sqm": null, "date_iso": "2022-10-25", "parcelle": "77153000AB0283", "addr_num": "7"}}, {"type": "Feature", "geometry": {"type": "Point", "coordinates": [2.677342, 49.054935]}, "properties": {"year": 2022, "valeur_fonciere": 107000.0, "type_local": "Appartement", "surface_reelle_bati": 27.0, "nombre_pieces_principales": 1.0, "adresse_nom_voie": "RUE SAINT JEAN", "price_per_sqm": 3962.962962962963, "date_iso": "2022-10-25", "parcelle": "77153000AB0283", "addr_num": "7"}}, {"type": "Feature", "geometry": {"type": "Point", "coordinates": [2.677342, 49.054935]}, "properties": {"year": 2022, "valeur_fonciere": 107000.0, "type_local": "Dépendance", "surface_reelle_bati": null, "nombre_pieces_principales": 0.0, "adresse_nom_voie": "RUE SAINT JEAN", "price_per_sqm": null, "date_iso": "2022-10-25", "parcelle": "77153000AB0283", "addr_num": "7"}}, {"type": "Feature", "geometry": {"type": "Point", "coordinates": [2.680005, 49.05492]}, "properties": {"year": 2022, "valeur_fonciere": 158000.0, "type_local": "Dépendance", "surface_reelle_bati": null, "nombre_pieces_principales": 0.0, "adresse_nom_voie": "RUE GANNEVAL", "price_per_sqm": null, "date_iso": "2022-10-28", "parcelle": "77153000AC0213", "addr_num": "12"}}, {"type": "Feature", "geometry": {"type": "Point", "coordinates": [2.680005, 49.05492]}, "properties": {"year": 2022, "valeur_fonciere": 158000.0, "type_local": "Dépendance", "surface_reelle_bati": null, "nombre_pieces_principales": 0.0, "adresse_nom_voie": "RUE GANNEVAL", "price_per_sqm": null, "date_iso": "2022-10-28", "parcelle": "77153000AC0213", "addr_num": "12"}}, {"type": "Feature", "geometry": {"type": "Point", "coordinates": [2.680005, 49.05492]}, "properties": {"year": 2022, "valeur_fonciere": 158000.0, "type_local": "Appartement", "surface_reelle_bati": 37.0, "nombre_pieces_principales": 2.0, "adresse_nom_voie": "RUE ABEL CHENEVAT", "price_per_sqm": 4270.27027027027, "date_iso": "2022-10-28", "parcelle": "77153000AC0213", "addr_num": "4"}}, {"type": "Feature", "geometry": {"type": "Point", "coordinates": [2.679158, 49.05348]}, "properties": {"year": 2022, "valeur_fonciere": 128000.0, "type_local": "Appartement", "surface_reelle_bati": 34.0, "nombre_pieces_principales": 2.0, "adresse_nom_voie": "RUE DE LA LIBERATION", "price_per_sqm": 3764.705882352941, "date_iso": "2022-11-04", "parcelle": "77153000AB0104", "addr_num": "10"}}, {"type": "Feature", "geometry": {"type": "Point", "coordinates": [2.679076, 49.053451]}, "properties": {"year": 2022, "valeur_fonciere": 128000.0, "type_local": null, "surface_reelle_bati": null, "nombre_pieces_principales": null, "adresse_nom_voie": "PARIS", "price_per_sqm": null, "date_iso": "2022-11-04", "parcelle": "77153000AB0105", "addr_num": ""}}, {"type": "Feature", "geometry": {"type": "Point", "coordinates": [2.688264, 49.064426]}, "properties": {"year": 2022, "valeur_fonciere": 337000.0, "type_local": "Maison", "surface_reelle_bati": 107.0, "nombre_pieces_principales": 6.0, "adresse_nom_voie": "RTE D EVE", "price_per_sqm": 3149.532710280374, "date_iso": "2022-11-09", "parcelle": "77153000AO0125", "addr_num": "65"}}, {"type": "Feature", "geometry": {"type": "Point", "coordinates": [2.688264, 49.064426]}, "properties": {"year": 2022, "valeur_fonciere": 337000.0, "type_local": "Maison", "surface_reelle_bati": 107.0, "nombre_pieces_principales": 6.0, "adresse_nom_voie": "RTE D EVE", "price_per_sqm": 3149.532710280374, "date_iso": "2022-11-09", "parcelle": "77153000AO0125", "addr_num": "65"}}, {"type": "Feature", "geometry": {"type": "Point", "coordinates": [2.693862, 49.054372]}, "properties": {"year": 2022, "valeur_fonciere": 208180.0, "type_local": "Dépendance", "surface_reelle_bati": null, "nombre_pieces_principales": 0.0, "adresse_nom_voie": "AV DU MARECHAL LECLERC", "price_per_sqm": null, "date_iso": "2022-11-07", "parcelle": "77153000AL0329", "addr_num": "63"}}, {"type": "Feature", "geometry": {"type": "Point", "coordinates": [2.693862, 49.054372]}, "properties": {"year": 2022, "valeur_fonciere": 208180.0, "type_local": "Appartement", "surface_reelle_bati": 64.0, "nombre_pieces_principales": 3.0, "adresse_nom_voie": "AV DU MARECHAL LECLERC", "price_per_sqm": 3252.8125, "date_iso": "2022-11-07", "parcelle": "77153000AL0329", "addr_num": "63"}}, {"type": "Feature", "geometry": {"type": "Point", "coordinates": [2.680872, 49.054177]}, "properties": {"year": 2022, "valeur_fonciere": 93000.0, "type_local": "Appartement", "surface_reelle_bati": 28.0, "nombre_pieces_principales": 0.0, "adresse_nom_voie": "PL JEAN PATHUS LABOUR", "price_per_sqm": 3321.4285714285716, "date_iso": "2022-11-07", "parcelle": "77153000AC0138", "addr_num": "10"}}, {"type": "Feature", "geometry": {"type": "Point", "coordinates": [2.680005, 49.05492]}, "properties": {"year": 2022, "valeur_fonciere": 185000.0, "type_local": "Dépendance", "surface_reelle_bati": null, "nombre_pieces_principales": 0.0, "adresse_nom_voie": "RUE GANNEVAL", "price_per_sqm": null, "date_iso": "2022-11-07", "parcelle": "77153000AC0213", "addr_num": "12"}}, {"type": "Feature", "geometry": {"type": "Point", "coordinates": [2.680005, 49.05492]}, "properties": {"year": 2022, "valeur_fonciere": 185000.0, "type_local": "Appartement", "surface_reelle_bati": 45.0, "nombre_pieces_principales": 2.0, "adresse_nom_voie": "RUE ABEL CHENEVAT", "price_per_sqm": 4111.111111111111, "date_iso": "2022-11-07", "parcelle": "77153000AC0213", "addr_num": "4"}}, {"type": "Feature", "geometry": {"type": "Point", "coordinates": [2.687382, 49.052189]}, "properties": {"year": 2022, "valeur_fonciere": 370000.0, "type_local": "Maison", "surface_reelle_bati": 113.0, "nombre_pieces_principales": 4.0, "adresse_nom_voie": "RUE DU GUE DOUY", "price_per_sqm": 3274.336283185841, "date_iso": "2022-11-03", "parcelle": "77153000ZH0169", "addr_num": "6"}}, {"type": "Feature", "geometry": {"type": "Point", "coordinates": [2.676844, 49.053486]}, "properties": {"year": 2022, "valeur_fonciere": 149900.0, "type_local": "Appartement", "surface_reelle_bati": 43.0, "nombre_pieces_principales": 2.0, "adresse_nom_voie": "RUE DU GENERAL DE GAULLE", "price_per_sqm": 3486.046511627907, "date_iso": "2022-11-10", "parcelle": "77153000AB0342", "addr_num": "34"}}, {"type": "Feature", "geometry": {"type": "Point", "coordinates": [2.676844, 49.053486]}, "properties": {"year": 2022, "valeur_fonciere": 149900.0, "type_local": "Dépendance", "surface_reelle_bati": null, "nombre_pieces_principales": 0.0, "adresse_nom_voie": "RUE DU GENERAL DE GAULLE", "price_per_sqm": null, "date_iso": "2022-11-10", "parcelle": "77153000AB0342", "addr_num": "34"}}, {"type": "Feature", "geometry": {"type": "Point", "coordinates": [2.687655, 49.063552]}, "properties": {"year": 2022, "valeur_fonciere": 155000.0, "type_local": "Appartement", "surface_reelle_bati": 44.0, "nombre_pieces_principales": 2.0, "adresse_nom_voie": "RTE D EVE", "price_per_sqm": 3522.7272727272725, "date_iso": "2022-11-02", "parcelle": "77153000AO0076", "addr_num": "55"}}, {"type": "Feature", "geometry": {"type": "Point", "coordinates": [2.687655, 49.063552]}, "properties": {"year": 2022, "valeur_fonciere": 155000.0, "type_local": "Dépendance", "surface_reelle_bati": null, "nombre_pieces_principales": 0.0, "adresse_nom_voie": "RTE D EVE", "price_per_sqm": null, "date_iso": "2022-11-02", "parcelle": "77153000AO0076", "addr_num": "55"}}, {"type": "Feature", "geometry": {"type": "Point", "coordinates": [2.6871, 49.057306]}, "properties": {"year": 2022, "valeur_fonciere": 313000.0, "type_local": "Dépendance", "surface_reelle_bati": null, "nombre_pieces_principales": 0.0, "adresse_nom_voie": "AV DES VERGERS", "price_per_sqm": null, "date_iso": "2022-11-08", "parcelle": "77153000AK0242", "addr_num": "31"}}, {"type": "Feature", "geometry": {"type": "Point", "coordinates": [2.6871, 49.057306]}, "properties": {"year": 2022, "valeur_fonciere": 313000.0, "type_local": "Maison", "surface_reelle_bati": 90.0, "nombre_pieces_principales": 5.0, "adresse_nom_voie": "AV DES VERGERS", "price_per_sqm": 3477.777777777778, "date_iso": "2022-11-08", "parcelle": "77153000AK0242", "addr_num": "31"}}, {"type": "Feature", "geometry": {"type": "Point", "coordinates": [2.67907, 49.053355]}, "properties": {"year": 2022, "valeur_fonciere": 1.0, "type_local": "Appartement", "surface_reelle_bati": 35.0, "nombre_pieces_principales": 1.0, "adresse_nom_voie": "RUE DES OULCHES", "price_per_sqm": 0.02857142857142857, "date_iso": "2022-10-26", "parcelle": "77153000AB0334", "addr_num": "2"}}, {"type": "Feature", "geometry": {"type": "Point", "coordinates": [2.67907, 49.053355]}, "properties": {"year": 2022, "valeur_fonciere": 1.0, "type_local": "Appartement", "surface_reelle_bati": 25.0, "nombre_pieces_principales": 1.0, "adresse_nom_voie": "RUE DES OULCHES", "price_per_sqm": 0.04, "date_iso": "2022-10-26", "parcelle": "77153000AB0334", "addr_num": "2"}}, {"type": "Feature", "geometry": {"type": "Point", "coordinates": [2.67907, 49.053355]}, "properties": {"year": 2022, "valeur_fonciere": 1.0, "type_local": "Appartement", "surface_reelle_bati": 20.0, "nombre_pieces_principales": 2.0, "adresse_nom_voie": "RUE DES OULCHES", "price_per_sqm": 0.05, "date_iso": "2022-10-26", "parcelle": "77153000AB0334", "addr_num": "2"}}, {"type": "Feature", "geometry": {"type": "Point", "coordinates": [2.67907, 49.053355]}, "properties": {"year": 2022, "valeur_fonciere": 1.0, "type_local": "Appartement", "surface_reelle_bati": 48.0, "nombre_pieces_principales": 2.0, "adresse_nom_voie": "RUE DES OULCHES", "price_per_sqm": 0.020833333333333332, "date_iso": "2022-10-26", "parcelle": "77153000AB0334", "addr_num": "2"}}, {"type": "Feature", "geometry": {"type": "Point", "coordinates": [2.67907, 49.053355]}, "properties": {"year": 2022, "valeur_fonciere": 1.0, "type_local": "Appartement", "surface_reelle_bati": 23.0, "nombre_pieces_principales": 1.0, "adresse_nom_voie": "RUE DES OULCHES", "price_per_sqm": 0.043478260869565216, "date_iso": "2022-10-26", "parcelle": "77153000AB0334", "addr_num": "2"}}, {"type": "Feature", "geometry": {"type": "Point", "coordinates": [2.67907, 49.053355]}, "properties": {"year": 2022, "valeur_fonciere": 1.0, "type_local": "Appartement", "surface_reelle_bati": 18.0, "nombre_pieces_principales": 2.0, "adresse_nom_voie": "RUE DES OULCHES", "price_per_sqm": 0.05555555555555555, "date_iso": "2022-10-26", "parcelle": "77153000AB0334", "addr_num": "2"}}, {"type": "Feature", "geometry": {"type": "Point", "coordinates": [2.67907, 49.053355]}, "properties": {"year": 2022, "valeur_fonciere": 1.0, "type_local": "Appartement", "surface_reelle_bati": 18.0, "nombre_pieces_principales": 1.0, "adresse_nom_voie": "RUE DES OULCHES", "price_per_sqm": 0.05555555555555555, "date_iso": "2022-10-26", "parcelle": "77153000AB0334", "addr_num": "2"}}, {"type": "Feature", "geometry": {"type": "Point", "coordinates": [2.67907, 49.053355]}, "properties": {"year": 2022, "valeur_fonciere": 1.0, "type_local": "Appartement", "surface_reelle_bati": 24.0, "nombre_pieces_principales": 1.0, "adresse_nom_voie": "RUE DES OULCHES", "price_per_sqm": 0.041666666666666664, "date_iso": "2022-10-26", "parcelle": "77153000AB0334", "addr_num": "2"}}, {"type": "Feature", "geometry": {"type": "Point", "coordinates": [2.67907, 49.053355]}, "properties": {"year": 2022, "valeur_fonciere": 1.0, "type_local": "Appartement", "surface_reelle_bati": 44.0, "nombre_pieces_principales": 2.0, "adresse_nom_voie": "RUE DES OULCHES", "price_per_sqm": 0.022727272727272728, "date_iso": "2022-10-26", "parcelle": "77153000AB0334", "addr_num": "2"}}, {"type": "Feature", "geometry": {"type": "Point", "coordinates": [2.67907, 49.053355]}, "properties": {"year": 2022, "valeur_fonciere": 1.0, "type_local": "Appartement", "surface_reelle_bati": 23.0, "nombre_pieces_principales": 1.0, "adresse_nom_voie": "RUE DES OULCHES", "price_per_sqm": 0.043478260869565216, "date_iso": "2022-10-26", "parcelle": "77153000AB0334", "addr_num": "2"}}, {"type": "Feature", "geometry": {"type": "Point", "coordinates": [2.693862, 49.054372]}, "properties": {"year": 2022, "valeur_fonciere": 228000.0, "type_local": "Appartement", "surface_reelle_bati": 64.0, "nombre_pieces_principales": 3.0, "adresse_nom_voie": "AV DU MARECHAL LECLERC", "price_per_sqm": 3562.5, "date_iso": "2022-11-18", "parcelle": "77153000AL0329", "addr_num": "63"}}, {"type": "Feature", "geometry": {"type": "Point", "coordinates": [2.693862, 49.054372]}, "properties": {"year": 2022, "valeur_fonciere": 228000.0, "type_local": "Dépendance", "surface_reelle_bati": null, "nombre_pieces_principales": 0.0, "adresse_nom_voie": "AV DU MARECHAL LECLERC", "price_per_sqm": null, "date_iso": "2022-11-18", "parcelle": "77153000AL0329", "addr_num": "63"}}, {"type": "Feature", "geometry": {"type": "Point", "coordinates": [2.678621, 49.055526]}, "properties": {"year": 2022, "valeur_fonciere": 128000.0, "type_local": "Appartement", "surface_reelle_bati": 38.0, "nombre_pieces_principales": 2.0, "adresse_nom_voie": "RUE GANNEVAL", "price_per_sqm": 3368.4210526315787, "date_iso": "2022-11-28", "parcelle": "77153000AC0208", "addr_num": "30"}}, {"type": "Feature", "geometry": {"type": "Point", "coordinates": [2.678621, 49.055526]}, "properties": {"year": 2022, "valeur_fonciere": 128000.0, "type_local": "Dépendance", "surface_reelle_bati": null, "nombre_pieces_principales": 0.0, "adresse_nom_voie": "RUE GANNEVAL", "price_per_sqm": null, "date_iso": "2022-11-28", "parcelle": "77153000AC0208", "addr_num": "30"}}, {"type": "Feature", "geometry": {"type": "Point", "coordinates": [2.677799, 49.052497]}, "properties": {"year": 2022, "valeur_fonciere": 620000.0, "type_local": "Maison", "surface_reelle_bati": 172.0, "nombre_pieces_principales": 5.0, "adresse_nom_voie": "RLE DES FILOIRS", "price_per_sqm": 3604.6511627906975, "date_iso": "2022-11-22", "parcelle": "77153000AB0348", "addr_num": "17"}}, {"type": "Feature", "geometry": {"type": "Point", "coordinates": [2.677799, 49.052497]}, "properties": {"year": 2022, "valeur_fonciere": 620000.0, "type_local": "Dépendance", "surface_reelle_bati": null, "nombre_pieces_principales": 0.0, "adresse_nom_voie": "RLE DES FILOIRS", "price_per_sqm": null, "date_iso": "2022-11-22", "parcelle": "77153000AB0348", "addr_num": "17"}}, {"type": "Feature", "geometry": {"type": "Point", "coordinates": [2.677742, 49.052736]}, "properties": {"year": 2022, "valeur_fonciere": 620000.0, "type_local": null, "surface_reelle_bati": null, "nombre_pieces_principales": null, "adresse_nom_voie": "RLE DES FILOIRS", "price_per_sqm": null, "date_iso": "2022-11-22", "parcelle": "77153000AB0389", "addr_num": "17"}}, {"type": "Feature", "geometry": {"type": "Point", "coordinates": [2.677842, 49.052708]}, "properties": {"year": 2022, "valeur_fonciere": 620000.0, "type_local": null, "surface_reelle_bati": null, "nombre_pieces_principales": null, "adresse_nom_voie": "RLE DES FILOIRS", "price_per_sqm": null, "date_iso": "2022-11-22", "parcelle": "77153000AB0391", "addr_num": "17"}}, {"type": "Feature", "geometry": {"type": "Point", "coordinates": [2.677889, 49.052485]}, "properties": {"year": 2022, "valeur_fonciere": 620000.0, "type_local": null, "surface_reelle_bati": null, "nombre_pieces_principales": null, "adresse_nom_voie": "RLE DES FILOIRS", "price_per_sqm": null, "date_iso": "2022-11-22", "parcelle": "77153000AB0393", "addr_num": ""}}, {"type": "Feature", "geometry": {"type": "Point", "coordinates": [2.69153, 49.053858]}, "properties": {"year": 2022, "valeur_fonciere": 395000.0, "type_local": "Maison", "surface_reelle_bati": 143.0, "nombre_pieces_principales": 8.0, "adresse_nom_voie": "ALL SAINT REMY", "price_per_sqm": 2762.237762237762, "date_iso": "2022-11-10", "parcelle": "77153000AL0296", "addr_num": "12"}}, {"type": "Feature", "geometry": {"type": "Point", "coordinates": [2.69153, 49.053858]}, "properties": {"year": 2022, "valeur_fonciere": 395000.0, "type_local": "Dépendance", "surface_reelle_bati": null, "nombre_pieces_principales": 0.0, "adresse_nom_voie": "ALL SAINT REMY", "price_per_sqm": null, "date_iso": "2022-11-10", "parcelle": "77153000AL0296", "addr_num": "12"}}, {"type": "Feature", "geometry": {"type": "Point", "coordinates": [2.69153, 49.053858]}, "properties": {"year": 2022, "valeur_fonciere": 395000.0, "type_local": "Dépendance", "surface_reelle_bati": null, "nombre_pieces_principales": 0.0, "adresse_nom_voie": "ALL SAINT REMY", "price_per_sqm": null, "date_iso": "2022-11-10", "parcelle": "77153000AL0296", "addr_num": "12"}}, {"type": "Feature", "geometry": {"type": "Point", "coordinates": [2.69153, 49.053858]}, "properties": {"year": 2022, "valeur_fonciere": 395000.0, "type_local": "Maison", "surface_reelle_bati": 143.0, "nombre_pieces_principales": 8.0, "adresse_nom_voie": "ALL SAINT REMY", "price_per_sqm": 2762.237762237762, "date_iso": "2022-11-10", "parcelle": "77153000AL0296", "addr_num": "12"}}, {"type": "Feature", "geometry": {"type": "Point", "coordinates": [2.67974, 49.053631]}, "properties": {"year": 2022, "valeur_fonciere": 18000.0, "type_local": "Dépendance", "surface_reelle_bati": null, "nombre_pieces_principales": 0.0, "adresse_nom_voie": "RUE DE LA LIBERATION", "price_per_sqm": null, "date_iso": "2022-11-16", "parcelle": "77153000AD0023", "addr_num": "7"}}, {"type": "Feature", "geometry": {"type": "Point", "coordinates": [2.67974, 49.053631]}, "properties": {"year": 2022, "valeur_fonciere": 18000.0, "type_local": "Dépendance", "surface_reelle_bati": null, "nombre_pieces_principales": 0.0, "adresse_nom_voie": "RUE DE LA LIBERATION", "price_per_sqm": null, "date_iso": "2022-11-16", "parcelle": "77153000AD0023", "addr_num": "7"}}, {"type": "Feature", "geometry": {"type": "Point", "coordinates": [2.666623, 49.060228]}, "properties": {"year": 2022, "valeur_fonciere": 10000.0, "type_local": null, "surface_reelle_bati": null, "nombre_pieces_principales": null, "adresse_nom_voie": "LES GRANDES DUMAINES", "price_per_sqm": null, "date_iso": "2022-12-01", "parcelle": "771530000A0466", "addr_num": ""}}, {"type": "Feature", "geometry": {"type": "Point", "coordinates": [2.682933, 49.05166]}, "properties": {"year": 2022, "valeur_fonciere": 316000.0, "type_local": "Maison", "surface_reelle_bati": 98.0, "nombre_pieces_principales": 4.0, "adresse_nom_voie": "IMP DU GUE DOUY", "price_per_sqm": 3224.4897959183672, "date_iso": "2022-12-02", "parcelle": "77153000AD0562", "addr_num": "5"}}, {"type": "Feature", "geometry": {"type": "Point", "coordinates": [2.682893, 49.051692]}, "properties": {"year": 2022, "valeur_fonciere": 316000.0, "type_local": null, "surface_reelle_bati": null, "nombre_pieces_principales": null, "adresse_nom_voie": "IMP DU GUE DOUY", "price_per_sqm": null, "date_iso": "2022-12-02", "parcelle": "77153000AD0568", "addr_num": "5"}}, {"type": "Feature", "geometry": {"type": "Point", "coordinates": [2.668053, 49.056845]}, "properties": {"year": 2022, "valeur_fonciere": 187000.0, "type_local": "Appartement", "surface_reelle_bati": 43.0, "nombre_pieces_principales": 2.0, "adresse_nom_voie": "CHE DES JONCS", "price_per_sqm": 4348.837209302325, "date_iso": "2022-12-05", "parcelle": "771530000A2141", "addr_num": "14"}}, {"type": "Feature", "geometry": {"type": "Point", "coordinates": [2.668053, 49.056845]}, "properties": {"year": 2022, "valeur_fonciere": 187000.0, "type_local": "Dépendance", "surface_reelle_bati": null, "nombre_pieces_principales": 0.0, "adresse_nom_voie": "CHE DES JONCS", "price_per_sqm": null, "date_iso": "2022-12-05", "parcelle": "771530000A2141", "addr_num": "14"}}, {"type": "Feature", "geometry": {"type": "Point", "coordinates": [2.681551, 49.054011]}, "properties": {"year": 2022, "valeur_fonciere": 300000.0, "type_local": null, "surface_reelle_bati": null, "nombre_pieces_principales": null, "adresse_nom_voie": "RUE DU GENERAL DE GAULLE", "price_per_sqm": null, "date_iso": "2022-11-29", "parcelle": "77153000AC0266", "addr_num": ""}}, {"type": "Feature", "geometry": {"type": "Point", "coordinates": [2.681575, 49.054043]}, "properties": {"year": 2022, "valeur_fonciere": 300000.0, "type_local": "Appartement", "surface_reelle_bati": 55.0, "nombre_pieces_principales": 2.0, "adresse_nom_voie": "RUE DU GENERAL DE GAULLE", "price_per_sqm": 5454.545454545455, "date_iso": "2022-11-29", "parcelle": "77153000AC0269", "addr_num": "143"}}, {"type": "Feature", "geometry": {"type": "Point", "coordinates": [2.681575, 49.054043]}, "properties": {"year": 2022, "valeur_fonciere": 300000.0, "type_local": "Appartement", "surface_reelle_bati": 35.0, "nombre_pieces_principales": 2.0, "adresse_nom_voie": "RUE DU GENERAL DE GAULLE", "price_per_sqm": 8571.42857142857, "date_iso": "2022-11-29", "parcelle": "77153000AC0269", "addr_num": "143"}}, {"type": "Feature", "geometry": {"type": "Point", "coordinates": [2.681575, 49.054043]}, "properties": {"year": 2022, "valeur_fonciere": 300000.0, "type_local": "Appartement", "surface_reelle_bati": 50.0, "nombre_pieces_principales": 2.0, "adresse_nom_voie": "RUE DU GENERAL DE GAULLE", "price_per_sqm": 6000.0, "date_iso": "2022-11-29", "parcelle": "77153000AC0269", "addr_num": "143"}}, {"type": "Feature", "geometry": {"type": "Point", "coordinates": [2.668053, 49.056845]}, "properties": {"year": 2022, "valeur_fonciere": 207700.0, "type_local": "Dépendance", "surface_reelle_bati": null, "nombre_pieces_principales": 0.0, "adresse_nom_voie": "CHE DES JONCS", "price_per_sqm": null, "date_iso": "2022-12-05", "parcelle": "771530000A2141", "addr_num": "14"}}, {"type": "Feature", "geometry": {"type": "Point", "coordinates": [2.668053, 49.056845]}, "properties": {"year": 2022, "valeur_fonciere": 207700.0, "type_local": "Dépendance", "surface_reelle_bati": null, "nombre_pieces_principales": 0.0, "adresse_nom_voie": "CHE DES JONCS", "price_per_sqm": null, "date_iso": "2022-12-05", "parcelle": "771530000A2141", "addr_num": "14"}}, {"type": "Feature", "geometry": {"type": "Point", "coordinates": [2.668053, 49.056845]}, "properties": {"year": 2022, "valeur_fonciere": 207700.0, "type_local": "Appartement", "surface_reelle_bati": 44.0, "nombre_pieces_principales": 3.0, "adresse_nom_voie": "CHE DES JONCS", "price_per_sqm": 4720.454545454545, "date_iso": "2022-12-05", "parcelle": "771530000A2141", "addr_num": "14"}}, {"type": "Feature", "geometry": {"type": "Point", "coordinates": [2.680872, 49.054177]}, "properties": {"year": 2022, "valeur_fonciere": 119000.0, "type_local": "Appartement", "surface_reelle_bati": 36.0, "nombre_pieces_principales": 2.0, "adresse_nom_voie": "PL JEAN PATHUS LABOUR", "price_per_sqm": 3305.5555555555557, "date_iso": "2022-12-13", "parcelle": "77153000AC0138", "addr_num": "10"}}, {"type": "Feature", "geometry": {"type": "Point", "coordinates": [2.677413, 49.054797]}, "properties": {"year": 2022, "valeur_fonciere": 243000.0, "type_local": "Dépendance", "surface_reelle_bati": null, "nombre_pieces_principales": 0.0, "adresse_nom_voie": "RUE SAINT JEAN", "price_per_sqm": null, "date_iso": "2022-12-12", "parcelle": "77153000AB0021", "addr_num": "5"}}, {"type": "Feature", "geometry": {"type": "Point", "coordinates": [2.677413, 49.054797]}, "properties": {"year": 2022, "valeur_fonciere": 243000.0, "type_local": "Appartement", "surface_reelle_bati": 69.0, "nombre_pieces_principales": 4.0, "adresse_nom_voie": "RUE SAINT JEAN", "price_per_sqm": 3521.7391304347825, "date_iso": "2022-12-12", "parcelle": "77153000AB0021", "addr_num": "5"}}, {"type": "Feature", "geometry": {"type": "Point", "coordinates": [2.677446, 49.055078]}, "properties": {"year": 2022, "valeur_fonciere": 160000.0, "type_local": "Dépendance", "surface_reelle_bati": null, "nombre_pieces_principales": 0.0, "adresse_nom_voie": "RUE SAINT JEAN", "price_per_sqm": null, "date_iso": "2022-12-09", "parcelle": "77153000AB0284", "addr_num": "7"}}, {"type": "Feature", "geometry": {"type": "Point", "coordinates": [2.677446, 49.055078]}, "properties": {"year": 2022, "valeur_fonciere": 160000.0, "type_local": "Dépendance", "surface_reelle_bati": null, "nombre_pieces_principales": 0.0, "adresse_nom_voie": "RUE SAINT JEAN", "price_per_sqm": null, "date_iso": "2022-12-09", "parcelle": "77153000AB0284", "addr_num": "7"}}, {"type": "Feature", "geometry": {"type": "Point", "coordinates": [2.677446, 49.055078]}, "properties": {"year": 2022, "valeur_fonciere": 160000.0, "type_local": "Dépendance", "surface_reelle_bati": null, "nombre_pieces_principales": 0.0, "adresse_nom_voie": "RUE DU JEU D ARC", "price_per_sqm": null, "date_iso": "2022-12-09", "parcelle": "77153000AB0284", "addr_num": "23"}}, {"type": "Feature", "geometry": {"type": "Point", "coordinates": [2.677446, 49.055078]}, "properties": {"year": 2022, "valeur_fonciere": 160000.0, "type_local": "Appartement", "surface_reelle_bati": 41.0, "nombre_pieces_principales": 2.0, "adresse_nom_voie": "RUE SAINT JEAN", "price_per_sqm": 3902.439024390244, "date_iso": "2022-12-09", "parcelle": "77153000AB0284", "addr_num": "7"}}, {"type": "Feature", "geometry": {"type": "Point", "coordinates": [2.683692, 49.060489]}, "properties": {"year": 2022, "valeur_fonciere": 182000.0, "type_local": "Dépendance", "surface_reelle_bati": null, "nombre_pieces_principales": 0.0, "adresse_nom_voie": "RUE PHILIPPE LE HUREPEL", "price_per_sqm": null, "date_iso": "2022-12-12", "parcelle": "77153000AK0505", "addr_num": "4"}}, {"type": "Feature", "geometry": {"type": "Point", "coordinates": [2.677938, 49.054798]}, "properties": {"year": 2022, "valeur_fonciere": 139000.0, "type_local": "Appartement", "surface_reelle_bati": 40.0, "nombre_pieces_principales": 1.0, "adresse_nom_voie": "RUE SAINT JEAN", "price_per_sqm": 3475.0, "date_iso": "2022-12-12", "parcelle": "77153000AB0238", "addr_num": "10"}}, {"type": "Feature", "geometry": {"type": "Point", "coordinates": [2.677938, 49.054798]}, "properties": {"year": 2022, "valeur_fonciere": 139000.0, "type_local": "Dépendance", "surface_reelle_bati": null, "nombre_pieces_principales": 0.0, "adresse_nom_voie": "RUE SAINT JEAN", "price_per_sqm": null, "date_iso": "2022-12-12", "parcelle": "77153000AB0238", "addr_num": "10"}}, {"type": "Feature", "geometry": {"type": "Point", "coordinates": [2.693217, 49.054821]}, "properties": {"year": 2022, "valeur_fonciere": 360000.0, "type_local": "Maison", "surface_reelle_bati": 123.0, "nombre_pieces_principales": 6.0, "adresse_nom_voie": "ALL GD ALEXANDRE", "price_per_sqm": 2926.829268292683, "date_iso": "2022-12-09", "parcelle": "77153000AL0274", "addr_num": "13"}}, {"type": "Feature", "geometry": {"type": "Point", "coordinates": [2.669989, 49.06147]}, "properties": {"year": 2022, "valeur_fonciere": 350000.0, "type_local": "Maison", "surface_reelle_bati": 115.0, "nombre_pieces_principales": 4.0, "adresse_nom_voie": "RUE ELISA LEMONNIER", "price_per_sqm": 3043.478260869565, "date_iso": "2022-12-16", "parcelle": "771530000A1906", "addr_num": "12"}}, {"type": "Feature", "geometry": {"type": "Point", "coordinates": [2.673704, 49.061731]}, "properties": {"year": 2022, "valeur_fonciere": 350000.0, "type_local": "Maison", "surface_reelle_bati": 108.0, "nombre_pieces_principales": 6.0, "adresse_nom_voie": "RUE JACQUELINE AURIOL", "price_per_sqm": 3240.740740740741, "date_iso": "2022-12-20", "parcelle": "771530000A1743", "addr_num": "8"}}, {"type": "Feature", "geometry": {"type": "Point", "coordinates": [2.673704, 49.061731]}, "properties": {"year": 2022, "valeur_fonciere": 350000.0, "type_local": "Maison", "surface_reelle_bati": 108.0, "nombre_pieces_principales": 6.0, "adresse_nom_voie": "RUE JACQUELINE AURIOL", "price_per_sqm": 3240.740740740741, "date_iso": "2022-12-20", "parcelle": "771530000A1743", "addr_num": "8"}}, {"type": "Feature", "geometry": {"type": "Point", "coordinates": [2.677785, 49.054106]}, "properties": {"year": 2022, "valeur_fonciere": 165000.0, "type_local": "Dépendance", "surface_reelle_bati": null, "nombre_pieces_principales": 0.0, "adresse_nom_voie": "RUE SAINT JEAN", "price_per_sqm": null, "date_iso": "2022-12-29", "parcelle": "77153000AB0018", "addr_num": "1"}}, {"type": "Feature", "geometry": {"type": "Point", "coordinates": [2.677785, 49.054106]}, "properties": {"year": 2022, "valeur_fonciere": 165000.0, "type_local": "Appartement", "surface_reelle_bati": 42.0, "nombre_pieces_principales": 3.0, "adresse_nom_voie": "RUE SAINT JEAN", "price_per_sqm": 3928.5714285714284, "date_iso": "2022-12-29", "parcelle": "77153000AB0018", "addr_num": "1"}}, {"type": "Feature", "geometry": {"type": "Point", "coordinates": [2.671077, 49.063048]}, "properties": {"year": 2022, "valeur_fonciere": 330000.0, "type_local": "Maison", "surface_reelle_bati": 97.0, "nombre_pieces_principales": 4.0, "adresse_nom_voie": "AV LUCIE AUBRAC", "price_per_sqm": 3402.061855670103, "date_iso": "2022-12-27", "parcelle": "771530000A1874", "addr_num": "6"}}, {"type": "Feature", "geometry": {"type": "Point", "coordinates": [2.681304, 49.059407]}, "properties": {"year": 2022, "valeur_fonciere": 316000.0, "type_local": "Maison", "surface_reelle_bati": 84.0, "nombre_pieces_principales": 5.0, "adresse_nom_voie": "AV DE L EUROPE", "price_per_sqm": 3761.904761904762, "date_iso": "2022-12-29", "parcelle": "77153000AP0187", "addr_num": "17"}}, {"type": "Feature", "geometry": {"type": "Point", "coordinates": [2.681304, 49.059407]}, "properties": {"year": 2022, "valeur_fonciere": 316000.0, "type_local": "Maison", "surface_reelle_bati": 84.0, "nombre_pieces_principales": 5.0, "adresse_nom_voie": "AV DE L EUROPE", "price_per_sqm": 3761.904761904762, "date_iso": "2022-12-29", "parcelle": "77153000AP0187", "addr_num": "17"}}, {"type": "Feature", "geometry": {"type": "Point", "coordinates": [2.681603, 49.059371]}, "properties": {"year": 2022, "valeur_fonciere": 316000.0, "type_local": null, "surface_reelle_bati": null, "nombre_pieces_principales": null, "adresse_nom_voie": "AV DE L EUROPE", "price_per_sqm": null, "date_iso": "2022-12-29", "parcelle": "77153000AP0188", "addr_num": ""}}, {"type": "Feature", "geometry": {"type": "Point", "coordinates": [2.681068, 49.059491]}, "properties": {"year": 2022, "valeur_fonciere": 316000.0, "type_local": null, "surface_reelle_bati": null, "nombre_pieces_principales": null, "adresse_nom_voie": "AV DE L EUROPE", "price_per_sqm": null, "date_iso": "2022-12-29", "parcelle": "77153000AP0195", "addr_num": "17"}}, {"type": "Feature", "geometry": {"type": "Point", "coordinates": [2.699132, 49.059287]}, "properties": {"year": 2022, "valeur_fonciere": 320000.0, "type_local": "Dépendance", "surface_reelle_bati": null, "nombre_pieces_principales": 0.0, "adresse_nom_voie": "RUE DU DIX NEUF MARS 1962", "price_per_sqm": null, "date_iso": "2022-12-30", "parcelle": "77153000AM0348", "addr_num": "4"}}, {"type": "Feature", "geometry": {"type": "Point", "coordinates": [2.699132, 49.059287]}, "properties": {"year": 2022, "valeur_fonciere": 320000.0, "type_local": "Maison", "surface_reelle_bati": 93.0, "nombre_pieces_principales": 6.0, "adresse_nom_voie": "RUE DU DIX NEUF MARS 1962", "price_per_sqm": 3440.8602150537636, "date_iso": "2022-12-30", "parcelle": "77153000AM0348", "addr_num": "4"}}, {"type": "Feature", "geometry": {"type": "Point", "coordinates": [2.699132, 49.059287]}, "properties": {"year": 2022, "valeur_fonciere": 320000.0, "type_local": "Maison", "surface_reelle_bati": 93.0, "nombre_pieces_principales": 6.0, "adresse_nom_voie": "RUE DU DIX NEUF MARS 1962", "price_per_sqm": 3440.8602150537636, "date_iso": "2022-12-30", "parcelle": "77153000AM0348", "addr_num": "4"}}, {"type": "Feature", "geometry": {"type": "Point", "coordinates": [2.699132, 49.059287]}, "properties": {"year": 2022, "valeur_fonciere": 320000.0, "type_local": "Dépendance", "surface_reelle_bati": null, "nombre_pieces_principales": 0.0, "adresse_nom_voie": "RUE DU DIX NEUF MARS 1962", "price_per_sqm": null, "date_iso": "2022-12-30", "parcelle": "77153000AM0348", "addr_num": "4"}}, {"type": "Feature", "geometry": {"type": "Point", "coordinates": [2.696908, 49.057179]}, "properties": {"year": 2022, "valeur_fonciere": 169000.0, "type_local": "Dépendance", "surface_reelle_bati": null, "nombre_pieces_principales": 0.0, "adresse_nom_voie": "AV DU MARECHAL LECLERC", "price_per_sqm": null, "date_iso": "2022-12-28", "parcelle": "77153000AM0114", "addr_num": "71"}}, {"type": "Feature", "geometry": {"type": "Point", "coordinates": [2.696908, 49.057179]}, "properties": {"year": 2022, "valeur_fonciere": 169000.0, "type_local": "Appartement", "surface_reelle_bati": 40.0, "nombre_pieces_principales": 2.0, "adresse_nom_voie": "AV DU MARECHAL LECLERC", "price_per_sqm": 4225.0, "date_iso": "2022-12-28", "parcelle": "77153000AM0114", "addr_num": "71"}}, {"type": "Feature", "geometry": {"type": "Point", "coordinates": [2.693894, 49.053723]}, "properties": {"year": 2022, "valeur_fonciere": 800000.0, "type_local": "Maison", "surface_reelle_bati": 142.0, "nombre_pieces_principales": 7.0, "adresse_nom_voie": "AV DU MARECHAL LECLERC", "price_per_sqm": 5633.802816901409, "date_iso": "2022-12-28", "parcelle": "77153000ZE0241", "addr_num": "48"}}, {"type": "Feature", "geometry": {"type": "Point", "coordinates": [2.693894, 49.053723]}, "properties": {"year": 2022, "valeur_fonciere": 800000.0, "type_local": "Maison", "surface_reelle_bati": 142.0, "nombre_pieces_principales": 7.0, "adresse_nom_voie": "AV DU MARECHAL LECLERC", "price_per_sqm": 5633.802816901409, "date_iso": "2022-12-28", "parcelle": "77153000ZE0241", "addr_num": "48"}}, {"type": "Feature", "geometry": {"type": "Point", "coordinates": [2.677342, 49.054935]}, "properties": {"year": 2022, "valeur_fonciere": 110000.0, "type_local": "Appartement", "surface_reelle_bati": 39.0, "nombre_pieces_principales": 2.0, "adresse_nom_voie": "RUE DU JEU D ARC", "price_per_sqm": 2820.5128205128203, "date_iso": "2022-12-30", "parcelle": "77153000AB0283", "addr_num": "21"}}, {"type": "Feature", "geometry": {"type": "Point", "coordinates": [2.677342, 49.054935]}, "properties": {"year": 2022, "valeur_fonciere": 110000.0, "type_local": "Dépendance", "surface_reelle_bati": null, "nombre_pieces_principales": 0.0, "adresse_nom_voie": "RUE SAINT JEAN", "price_per_sqm": null, "date_iso": "2022-12-30", "parcelle": "77153000AB0283", "addr_num": "7"}}, {"type": "Feature", "geometry": {"type": "Point", "coordinates": [2.674183, 49.06056]}, "properties": {"year": 2022, "valeur_fonciere": 205750.0, "type_local": "Appartement", "surface_reelle_bati": 61.0, "nombre_pieces_principales": 3.0, "adresse_nom_voie": "AV JEAN JAURES", "price_per_sqm": 3372.9508196721313, "date_iso": "2022-12-27", "parcelle": "771530000A1637", "addr_num": "7"}}, {"type": "Feature", "geometry": {"type": "Point", "coordinates": [2.674183, 49.06056]}, "properties": {"year": 2022, "valeur_fonciere": 205750.0, "type_local": "Dépendance", "surface_reelle_bati": null, "nombre_pieces_principales": 0.0, "adresse_nom_voie": "AV JEAN JAURES", "price_per_sqm": null, "date_iso": "2022-12-27", "parcelle": "771530000A1637", "addr_num": "7"}}, {"type": "Feature", "geometry": {"type": "Point", "coordinates": [2.674183, 49.06056]}, "properties": {"year": 2022, "valeur_fonciere": 205750.0, "type_local": "Dépendance", "surface_reelle_bati": null, "nombre_pieces_principales": 0.0, "adresse_nom_voie": "AV JEAN JAURES", "price_per_sqm": null, "date_iso": "2022-12-27", "parcelle": "771530000A1637", "addr_num": "7"}}, {"type": "Feature", "geometry": {"type": "Point", "coordinates": [2.678259, 49.054751]}, "properties": {"year": 2023, "valeur_fonciere": 14000.0, "type_local": "Dépendance", "surface_reelle_bati": null, "nombre_pieces_principales": 0.0, "adresse_nom_voie": "RUE DE LA HALLE", "price_per_sqm": null, "date_iso": "2023-01-10", "parcelle": "77153000AB0036", "addr_num": "8"}}, {"type": "Feature", "geometry": {"type": "Point", "coordinates": [2.696447, 49.057939]}, "properties": {"year": 2023, "valeur_fonciere": 223500.0, "type_local": "Dépendance", "surface_reelle_bati": null, "nombre_pieces_principales": 0.0, "adresse_nom_voie": "AV DU MARECHAL LECLERC", "price_per_sqm": null, "date_iso": "2023-01-09", "parcelle": "77153000AM0105", "addr_num": "67"}}, {"type": "Feature", "geometry": {"type": "Point", "coordinates": [2.696447, 49.057939]}, "properties": {"year": 2023, "valeur_fonciere": 223500.0, "type_local": "Appartement", "surface_reelle_bati": 62.0, "nombre_pieces_principales": 3.0, "adresse_nom_voie": "AV DU MARECHAL LECLERC", "price_per_sqm": 3604.8387096774195, "date_iso": "2023-01-09", "parcelle": "77153000AM0105", "addr_num": "67"}}, {"type": "Feature", "geometry": {"type": "Point", "coordinates": [2.682757, 49.053962]}, "properties": {"year": 2023, "valeur_fonciere": 95500.0, "type_local": "Appartement", "surface_reelle_bati": 26.0, "nombre_pieces_principales": 1.0, "adresse_nom_voie": "RUE DU GENERAL DE GAULLE", "price_per_sqm": 3673.076923076923, "date_iso": "2023-01-17", "parcelle": "77153000AC0173", "addr_num": "159"}}, {"type": "Feature", "geometry": {"type": "Point", "coordinates": [2.696447, 49.057939]}, "properties": {"year": 2023, "valeur_fonciere": 212800.0, "type_local": "Appartement", "surface_reelle_bati": 64.0, "nombre_pieces_principales": 3.0, "adresse_nom_voie": "AV DU MARECHAL LECLERC", "price_per_sqm": 3325.0, "date_iso": "2023-01-10", "parcelle": "77153000AM0105", "addr_num": "67"}}, {"type": "Feature", "geometry": {"type": "Point", "coordinates": [2.696447, 49.057939]}, "properties": {"year": 2023, "valeur_fonciere": 212800.0, "type_local": "Dépendance", "surface_reelle_bati": null, "nombre_pieces_principales": 0.0, "adresse_nom_voie": "AV DU MARECHAL LECLERC", "price_per_sqm": null, "date_iso": "2023-01-10", "parcelle": "77153000AM0105", "addr_num": "67"}}, {"type": "Feature", "geometry": {"type": "Point", "coordinates": [2.696447, 49.057939]}, "properties": {"year": 2023, "valeur_fonciere": 212800.0, "type_local": "Dépendance", "surface_reelle_bati": null, "nombre_pieces_principales": 0.0, "adresse_nom_voie": "AV DU MARECHAL LECLERC", "price_per_sqm": null, "date_iso": "2023-01-10", "parcelle": "77153000AM0105", "addr_num": "67"}}, {"type": "Feature", "geometry": {"type": "Point", "coordinates": [2.680872, 49.054177]}, "properties": {"year": 2023, "valeur_fonciere": 98400.0, "type_local": "Appartement", "surface_reelle_bati": 27.0, "nombre_pieces_principales": 1.0, "adresse_nom_voie": "PL JEAN PATHUS LABOUR", "price_per_sqm": 3644.4444444444443, "date_iso": "2023-01-04", "parcelle": "77153000AC0138", "addr_num": "10"}}, {"type": "Feature", "geometry": {"type": "Point", "coordinates": [2.681933, 49.05897]}, "properties": {"year": 2023, "valeur_fonciere": 413500.0, "type_local": null, "surface_reelle_bati": null, "nombre_pieces_principales": null, "adresse_nom_voie": "AV DE L EUROPE", "price_per_sqm": null, "date_iso": "2023-01-27", "parcelle": "771530000B1088", "addr_num": "26"}}, {"type": "Feature", "geometry": {"type": "Point", "coordinates": [2.682504, 49.058928]}, "properties": {"year": 2023, "valeur_fonciere": 413500.0, "type_local": "Dépendance", "surface_reelle_bati": null, "nombre_pieces_principales": 0.0, "adresse_nom_voie": "AV DE L EUROPE", "price_per_sqm": null, "date_iso": "2023-01-27", "parcelle": "771530000B1089", "addr_num": "32"}}, {"type": "Feature", "geometry": {"type": "Point", "coordinates": [2.682504, 49.058928]}, "properties": {"year": 2023, "valeur_fonciere": 413500.0, "type_local": "Dépendance", "surface_reelle_bati": null, "nombre_pieces_principales": 0.0, "adresse_nom_voie": "AV DE L EUROPE", "price_per_sqm": null, "date_iso": "2023-01-27", "parcelle": "771530000B1089", "addr_num": "32"}}, {"type": "Feature", "geometry": {"type": "Point", "coordinates": [2.682504, 49.058928]}, "properties": {"year": 2023, "valeur_fonciere": 413500.0, "type_local": "Maison", "surface_reelle_bati": 102.0, "nombre_pieces_principales": 7.0, "adresse_nom_voie": "AV DE L EUROPE", "price_per_sqm": 4053.921568627451, "date_iso": "2023-01-27", "parcelle": "771530000B1089", "addr_num": "32"}}, {"type": "Feature", "geometry": {"type": "Point", "coordinates": [2.682504, 49.058928]}, "properties": {"year": 2023, "valeur_fonciere": 413500.0, "type_local": "Maison", "surface_reelle_bati": 102.0, "nombre_pieces_principales": 7.0, "adresse_nom_voie": "AV DE L EUROPE", "price_per_sqm": 4053.921568627451, "date_iso": "2023-01-27", "parcelle": "771530000B1089", "addr_num": "32"}}, {"type": "Feature", "geometry": {"type": "Point", "coordinates": [2.663861, 49.062217]}, "properties": {"year": 2023, "valeur_fonciere": 37000.0, "type_local": null, "surface_reelle_bati": null, "nombre_pieces_principales": null, "adresse_nom_voie": "LA JUSTICE", "price_per_sqm": null, "date_iso": "2023-01-30", "parcelle": "771530000A0350", "addr_num": ""}}, {"type": "Feature", "geometry": {"type": "Point", "coordinates": [2.663861, 49.062217]}, "properties": {"year": 2023, "valeur_fonciere": 37000.0, "type_local": null, "surface_reelle_bati": null, "nombre_pieces_principales": null, "adresse_nom_voie": "LA JUSTICE", "price_per_sqm": null, "date_iso": "2023-01-30", "parcelle": "771530000A0350", "addr_num": ""}}, {"type": "Feature", "geometry": {"type": "Point", "coordinates": [2.696447, 49.057939]}, "properties": {"year": 2023, "valeur_fonciere": 237000.0, "type_local": "Appartement", "surface_reelle_bati": 61.0, "nombre_pieces_principales": 3.0, "adresse_nom_voie": "AV DU MARECHAL LECLERC", "price_per_sqm": 3885.245901639344, "date_iso": "2023-01-17", "parcelle": "77153000AM0105", "addr_num": "67"}}, {"type": "Feature", "geometry": {"type": "Point", "coordinates": [2.696447, 49.057939]}, "properties": {"year": 2023, "valeur_fonciere": 237000.0, "type_local": "Dépendance", "surface_reelle_bati": null, "nombre_pieces_principales": 0.0, "adresse_nom_voie": "AV DU MARECHAL LECLERC", "price_per_sqm": null, "date_iso": "2023-01-17", "parcelle": "77153000AM0105", "addr_num": "67"}}, {"type": "Feature", "geometry": {"type": "Point", "coordinates": [2.696447, 49.057939]}, "properties": {"year": 2023, "valeur_fonciere": 237000.0, "type_local": "Dépendance", "surface_reelle_bati": null, "nombre_pieces_principales": 0.0, "adresse_nom_voie": "AV DU MARECHAL LECLERC", "price_per_sqm": null, "date_iso": "2023-01-17", "parcelle": "77153000AM0105", "addr_num": "67"}}, {"type": "Feature", "geometry": {"type": "Point", "coordinates": [2.673033, 49.053029]}, "properties": {"year": 2023, "valeur_fonciere": 340000.0, "type_local": "Dépendance", "surface_reelle_bati": null, "nombre_pieces_principales": 0.0, "adresse_nom_voie": "AV DE SAINT GUINFORT", "price_per_sqm": null, "date_iso": "2023-01-17", "parcelle": "771530000C0505", "addr_num": "3"}}, {"type": "Feature", "geometry": {"type": "Point", "coordinates": [2.673033, 49.053029]}, "properties": {"year": 2023, "valeur_fonciere": 340000.0, "type_local": "Maison", "surface_reelle_bati": 90.0, "nombre_pieces_principales": 5.0, "adresse_nom_voie": "AV DE SAINT GUINFORT", "price_per_sqm": 3777.777777777778, "date_iso": "2023-01-17", "parcelle": "771530000C0505", "addr_num": "3"}}, {"type": "Feature", "geometry": {"type": "Point", "coordinates": [2.673033, 49.053029]}, "properties": {"year": 2023, "valeur_fonciere": 340000.0, "type_local": "Maison", "surface_reelle_bati": 90.0, "nombre_pieces_principales": 5.0, "adresse_nom_voie": "AV DE SAINT GUINFORT", "price_per_sqm": 3777.777777777778, "date_iso": "2023-01-17", "parcelle": "771530000C0505", "addr_num": "3"}}, {"type": "Feature", "geometry": {"type": "Point", "coordinates": [2.673033, 49.053029]}, "properties": {"year": 2023, "valeur_fonciere": 340000.0, "type_local": "Dépendance", "surface_reelle_bati": null, "nombre_pieces_principales": 0.0, "adresse_nom_voie": "AV DE SAINT GUINFORT", "price_per_sqm": null, "date_iso": "2023-01-17", "parcelle": "771530000C0505", "addr_num": "3"}}, {"type": "Feature", "geometry": {"type": "Point", "coordinates": [2.682757, 49.053962]}, "properties": {"year": 2023, "valeur_fonciere": 83000.0, "type_local": "Appartement", "surface_reelle_bati": 24.0, "nombre_pieces_principales": 1.0, "adresse_nom_voie": "RUE DU GENERAL DE GAULLE", "price_per_sqm": 3458.3333333333335, "date_iso": "2023-01-27", "parcelle": "77153000AC0173", "addr_num": "159"}}, {"type": "Feature", "geometry": {"type": "Point", "coordinates": [2.680971, 49.054104]}, "properties": {"year": 2023, "valeur_fonciere": 125000.0, "type_local": "Appartement", "surface_reelle_bati": 20.0, "nombre_pieces_principales": 1.0, "adresse_nom_voie": "RUE PORTE AU PAIN", "price_per_sqm": 6250.0, "date_iso": "2023-01-20", "parcelle": "77153000AC0073", "addr_num": "3"}}, {"type": "Feature", "geometry": {"type": "Point", "coordinates": [2.679287, 49.053678]}, "properties": {"year": 2023, "valeur_fonciere": 100000.0, "type_local": "Appartement", "surface_reelle_bati": 35.0, "nombre_pieces_principales": 2.0, "adresse_nom_voie": "RUE DE LA LIBERATION", "price_per_sqm": 2857.1428571428573, "date_iso": "2023-01-25", "parcelle": "77153000AB0097", "addr_num": "4"}}, {"type": "Feature", "geometry": {"type": "Point", "coordinates": [2.679287, 49.053678]}, "properties": {"year": 2023, "valeur_fonciere": 100000.0, "type_local": "Dépendance", "surface_reelle_bati": null, "nombre_pieces_principales": 0.0, "adresse_nom_voie": "RUE DE LA LIBERATION", "price_per_sqm": null, "date_iso": "2023-01-25", "parcelle": "77153000AB0097", "addr_num": "4"}}, {"type": "Feature", "geometry": {"type": "Point", "coordinates": [2.689113, 49.063763]}, "properties": {"year": 2023, "valeur_fonciere": 339000.0, "type_local": "Maison", "surface_reelle_bati": 106.0, "nombre_pieces_principales": 6.0, "adresse_nom_voie": "ALL DE LA MARE A DUMEZ", "price_per_sqm": 3198.1132075471696, "date_iso": "2023-01-26", "parcelle": "77153000AN0234", "addr_num": "19"}}, {"type": "Feature", "geometry": {"type": "Point", "coordinates": [2.68535, 49.059524]}, "properties": {"year": 2023, "valeur_fonciere": 519000.0, "type_local": "Maison", "surface_reelle_bati": 207.0, "nombre_pieces_principales": 6.0, "adresse_nom_voie": "RTE D EVE", "price_per_sqm": 2507.246376811594, "date_iso": "2023-02-11", "parcelle": "77153000AK0456", "addr_num": "20"}}, {"type": "Feature", "geometry": {"type": "Point", "coordinates": [2.68535, 49.059524]}, "properties": {"year": 2023, "valeur_fonciere": 519000.0, "type_local": "Maison", "surface_reelle_bati": 207.0, "nombre_pieces_principales": 6.0, "adresse_nom_voie": "RTE D EVE", "price_per_sqm": 2507.246376811594, "date_iso": "2023-02-11", "parcelle": "77153000AK0456", "addr_num": "20"}}, {"type": "Feature", "geometry": {"type": "Point", "coordinates": [2.684908, 49.059652]}, "properties": {"year": 2023, "valeur_fonciere": 519000.0, "type_local": null, "surface_reelle_bati": null, "nombre_pieces_principales": null, "adresse_nom_voie": "RTE D EVE", "price_per_sqm": null, "date_iso": "2023-02-11", "parcelle": "77153000AK0458", "addr_num": ""}}, {"type": "Feature", "geometry": {"type": "Point", "coordinates": [2.684126, 49.053904]}, "properties": {"year": 2023, "valeur_fonciere": 136370.0, "type_local": "Appartement", "surface_reelle_bati": 47.0, "nombre_pieces_principales": 2.0, "adresse_nom_voie": "RUE DU GENERAL DE GAULLE", "price_per_sqm": 2901.4893617021276, "date_iso": "2023-02-06", "parcelle": "77153000AC0215", "addr_num": "169"}}, {"type": "Feature", "geometry": {"type": "Point", "coordinates": [2.682936, 49.060566]}, "properties": {"year": 2023, "valeur_fonciere": 175000.0, "type_local": null, "surface_reelle_bati": null, "nombre_pieces_principales": null, "adresse_nom_voie": "RUE PHILIPPE LE HUREPEL", "price_per_sqm": null, "date_iso": "2023-02-01", "parcelle": "77153000AK0508", "addr_num": "8"}}, {"type": "Feature", "geometry": {"type": "Point", "coordinates": [2.691256, 49.055195]}, "properties": {"year": 2023, "valeur_fonciere": 302935.0, "type_local": "Maison", "surface_reelle_bati": 102.0, "nombre_pieces_principales": 5.0, "adresse_nom_voie": "ALL DES CHATAIGNIERS", "price_per_sqm": 2969.950980392157, "date_iso": "2023-01-25", "parcelle": "77153000AL0231", "addr_num": "19"}}, {"type": "Feature", "geometry": {"type": "Point", "coordinates": [2.687609, 49.060089]}, "properties": {"year": 2023, "valeur_fonciere": 382000.0, "type_local": "Maison", "surface_reelle_bati": 138.0, "nombre_pieces_principales": 6.0, "adresse_nom_voie": "AV DU DRAP D OR", "price_per_sqm": 2768.1159420289855, "date_iso": "2023-01-27", "parcelle": "77153000AK0162", "addr_num": "17"}}, {"type": "Feature", "geometry": {"type": "Point", "coordinates": [2.69108, 49.05289]}, "properties": {"year": 2023, "valeur_fonciere": 316500.0, "type_local": "Maison", "surface_reelle_bati": 59.0, "nombre_pieces_principales": 2.0, "adresse_nom_voie": "AV DU MARECHAL LECLERC", "price_per_sqm": 5364.406779661017, "date_iso": "2023-01-30", "parcelle": "77153000AH0469", "addr_num": "30"}}, {"type": "Feature", "geometry": {"type": "Point", "coordinates": [2.69108, 49.05289]}, "properties": {"year": 2023, "valeur_fonciere": 316500.0, "type_local": "Local industriel. commercial ou assimilé", "surface_reelle_bati": null, "nombre_pieces_principales": 0.0, "adresse_nom_voie": "AV DU MARECHAL LECLERC", "price_per_sqm": null, "date_iso": "2023-01-30", "parcelle": "77153000AH0469", "addr_num": "30"}}, {"type": "Feature", "geometry": {"type": "Point", "coordinates": [2.690965, 49.052879]}, "properties": {"year": 2023, "valeur_fonciere": 316500.0, "type_local": null, "surface_reelle_bati": null, "nombre_pieces_principales": null, "adresse_nom_voie": "AV DU MARECHAL LECLERC", "price_per_sqm": null, "date_iso": "2023-01-30", "parcelle": "77153000AH0470", "addr_num": ""}}, {"type": "Feature", "geometry": {"type": "Point", "coordinates": [2.681184, 49.053839]}, "properties": {"year": 2023, "valeur_fonciere": 164000.0, "type_local": "Appartement", "surface_reelle_bati": 48.0, "nombre_pieces_principales": 2.0, "adresse_nom_voie": "RUE DU GENERAL DE GAULLE", "price_per_sqm": 3416.6666666666665, "date_iso": "2023-01-27", "parcelle": "77153000AD0014", "addr_num": "134"}}, {"type": "Feature", "geometry": {"type": "Point", "coordinates": [2.681184, 49.053839]}, "properties": {"year": 2023, "valeur_fonciere": 164000.0, "type_local": "Dépendance", "surface_reelle_bati": null, "nombre_pieces_principales": 0.0, "adresse_nom_voie": "RUE DU GENERAL DE GAULLE", "price_per_sqm": null, "date_iso": "2023-01-27", "parcelle": "77153000AD0014", "addr_num": "134"}}, {"type": "Feature", "geometry": {"type": "Point", "coordinates": [2.674469, 49.054152]}, "properties": {"year": 2023, "valeur_fonciere": 491700.0, "type_local": "Maison", "surface_reelle_bati": 151.0, "nombre_pieces_principales": 6.0, "adresse_nom_voie": "AV DE SAINT GUINFORT", "price_per_sqm": 3256.291390728477, "date_iso": "2023-02-02", "parcelle": "771530000C0488", "addr_num": "61"}}, {"type": "Feature", "geometry": {"type": "Point", "coordinates": [2.677413, 49.054797]}, "properties": {"year": 2023, "valeur_fonciere": 125000.0, "type_local": "Dépendance", "surface_reelle_bati": null, "nombre_pieces_principales": 0.0, "adresse_nom_voie": "RUE SAINT JEAN", "price_per_sqm": null, "date_iso": "2023-02-10", "parcelle": "77153000AB0021", "addr_num": "5"}}, {"type": "Feature", "geometry": {"type": "Point", "coordinates": [2.677413, 49.054797]}, "properties": {"year": 2023, "valeur_fonciere": 125000.0, "type_local": "Appartement", "surface_reelle_bati": 30.0, "nombre_pieces_principales": 1.0, "adresse_nom_voie": "RUE SAINT JEAN", "price_per_sqm": 4166.666666666667, "date_iso": "2023-02-10", "parcelle": "77153000AB0021", "addr_num": "5"}}, {"type": "Feature", "geometry": {"type": "Point", "coordinates": [2.694738, 49.05429]}, "properties": {"year": 2023, "valeur_fonciere": 5731758.0, "type_local": "Appartement", "surface_reelle_bati": 66.0, "nombre_pieces_principales": 3.0, "adresse_nom_voie": "AV DU MARECHAL LECLERC", "price_per_sqm": 86844.81818181818, "date_iso": "2023-02-06", "parcelle": "77153000ZE0261", "addr_num": "52"}}, {"type": "Feature", "geometry": {"type": "Point", "coordinates": [2.694738, 49.05429]}, "properties": {"year": 2023, "valeur_fonciere": 5731758.0, "type_local": "Appartement", "surface_reelle_bati": 65.0, "nombre_pieces_principales": 3.0, "adresse_nom_voie": "AV DU MARECHAL LECLERC", "price_per_sqm": 88180.89230769231, "date_iso": "2023-02-06", "parcelle": "77153000ZE0261", "addr_num": "52"}}, {"type": "Feature", "geometry": {"type": "Point", "coordinates": [2.694738, 49.05429]}, "properties": {"year": 2023, "valeur_fonciere": 5731758.0, "type_local": "Appartement", "surface_reelle_bati": 63.0, "nombre_pieces_principales": 3.0, "adresse_nom_voie": "AV DU MARECHAL LECLERC", "price_per_sqm": 90980.28571428571, "date_iso": "2023-02-06", "parcelle": "77153000ZE0261", "addr_num": "52"}}, {"type": "Feature", "geometry": {"type": "Point", "coordinates": [2.694738, 49.05429]}, "properties": {"year": 2023, "valeur_fonciere": 5731758.0, "type_local": "Appartement", "surface_reelle_bati": 71.0, "nombre_pieces_principales": 3.0, "adresse_nom_voie": "AV DU MARECHAL LECLERC", "price_per_sqm": 80728.98591549296, "date_iso": "2023-02-06", "parcelle": "77153000ZE0261", "addr_num": "52"}}, {"type": "Feature", "geometry": {"type": "Point", "coordinates": [2.694738, 49.05429]}, "properties": {"year": 2023, "valeur_fonciere": 5731758.0, "type_local": "Appartement", "surface_reelle_bati": 76.0, "nombre_pieces_principales": 3.0, "adresse_nom_voie": "AV DU MARECHAL LECLERC", "price_per_sqm": 75417.86842105263, "date_iso": "2023-02-06", "parcelle": "77153000ZE0261", "addr_num": "52"}}, {"type": "Feature", "geometry": {"type": "Point", "coordinates": [2.694738, 49.05429]}, "properties": {"year": 2023, "valeur_fonciere": 5731758.0, "type_local": "Appartement", "surface_reelle_bati": 65.0, "nombre_pieces_principales": 3.0, "adresse_nom_voie": "AV DU MARECHAL LECLERC", "price_per_sqm": 88180.89230769231, "date_iso": "2023-02-06", "parcelle": "77153000ZE0261", "addr_num": "52"}}, {"type": "Feature", "geometry": {"type": "Point", "coordinates": [2.694738, 49.05429]}, "properties": {"year": 2023, "valeur_fonciere": 5731758.0, "type_local": "Appartement", "surface_reelle_bati": 64.0, "nombre_pieces_principales": 3.0, "adresse_nom_voie": "AV DU MARECHAL LECLERC", "price_per_sqm": 89558.71875, "date_iso": "2023-02-06", "parcelle": "77153000ZE0261", "addr_num": "52"}}, {"type": "Feature", "geometry": {"type": "Point", "coordinates": [2.694738, 49.05429]}, "properties": {"year": 2023, "valeur_fonciere": 5731758.0, "type_local": "Appartement", "surface_reelle_bati": 65.0, "nombre_pieces_principales": 3.0, "adresse_nom_voie": "AV DU MARECHAL LECLERC", "price_per_sqm": 88180.89230769231, "date_iso": "2023-02-06", "parcelle": "77153000ZE0261", "addr_num": "52"}}, {"type": "Feature", "geometry": {"type": "Point", "coordinates": [2.694738, 49.05429]}, "properties": {"year": 2023, "valeur_fonciere": 5731758.0, "type_local": "Appartement", "surface_reelle_bati": 61.0, "nombre_pieces_principales": 3.0, "adresse_nom_voie": "AV DU MARECHAL LECLERC", "price_per_sqm": 93963.24590163934, "date_iso": "2023-02-06", "parcelle": "77153000ZE0261", "addr_num": "52"}}, {"type": "Feature", "geometry": {"type": "Point", "coordinates": [2.694738, 49.05429]}, "properties": {"year": 2023, "valeur_fonciere": 5731758.0, "type_local": "Dépendance", "surface_reelle_bati": null, "nombre_pieces_principales": 0.0, "adresse_nom_voie": "AV DU MARECHAL LECLERC", "price_per_sqm": null, "date_iso": "2023-02-06", "parcelle": "77153000ZE0261", "addr_num": "52"}}, {"type": "Feature", "geometry": {"type": "Point", "coordinates": [2.694738, 49.05429]}, "properties": {"year": 2023, "valeur_fonciere": 5731758.0, "type_local": "Dépendance", "surface_reelle_bati": null, "nombre_pieces_principales": 0.0, "adresse_nom_voie": "AV DU MARECHAL LECLERC", "price_per_sqm": null, "date_iso": "2023-02-06", "parcelle": "77153000ZE0261", "addr_num": "52"}}, {"type": "Feature", "geometry": {"type": "Point", "coordinates": [2.694738, 49.05429]}, "properties": {"year": 2023, "valeur_fonciere": 5731758.0, "type_local": "Dépendance", "surface_reelle_bati": null, "nombre_pieces_principales": 0.0, "adresse_nom_voie": "AV DU MARECHAL LECLERC", "price_per_sqm": null, "date_iso": "2023-02-06", "parcelle": "77153000ZE0261", "addr_num": "52"}}, {"type": "Feature", "geometry": {"type": "Point", "coordinates": [2.694738, 49.05429]}, "properties": {"year": 2023, "valeur_fonciere": 5731758.0, "type_local": "Dépendance", "surface_reelle_bati": null, "nombre_pieces_principales": 0.0, "adresse_nom_voie": "AV DU MARECHAL LECLERC", "price_per_sqm": null, "date_iso": "2023-02-06", "parcelle": "77153000ZE0261", "addr_num": "52"}}, {"type": "Feature", "geometry": {"type": "Point", "coordinates": [2.694738, 49.05429]}, "properties": {"year": 2023, "valeur_fonciere": 5731758.0, "type_local": "Dépendance", "surface_reelle_bati": null, "nombre_pieces_principales": 0.0, "adresse_nom_voie": "AV DU MARECHAL LECLERC", "price_per_sqm": null, "date_iso": "2023-02-06", "parcelle": "77153000ZE0261", "addr_num": "52"}}, {"type": "Feature", "geometry": {"type": "Point", "coordinates": [2.694738, 49.05429]}, "properties": {"year": 2023, "valeur_fonciere": 5731758.0, "type_local": "Appartement", "surface_reelle_bati": 71.0, "nombre_pieces_principales": 3.0, "adresse_nom_voie": "AV DU MARECHAL LECLERC", "price_per_sqm": 80728.98591549296, "date_iso": "2023-02-06", "parcelle": "77153000ZE0261", "addr_num": "52"}}, {"type": "Feature", "geometry": {"type": "Point", "coordinates": [2.694738, 49.05429]}, "properties": {"year": 2023, "valeur_fonciere": 5731758.0, "type_local": "Appartement", "surface_reelle_bati": 62.0, "nombre_pieces_principales": 3.0, "adresse_nom_voie": "AV DU MARECHAL LECLERC", "price_per_sqm": 92447.70967741935, "date_iso": "2023-02-06", "parcelle": "77153000ZE0261", "addr_num": "52"}}, {"type": "Feature", "geometry": {"type": "Point", "coordinates": [2.694738, 49.05429]}, "properties": {"year": 2023, "valeur_fonciere": 5731758.0, "type_local": "Appartement", "surface_reelle_bati": 77.0, "nombre_pieces_principales": 3.0, "adresse_nom_voie": "AV DU MARECHAL LECLERC", "price_per_sqm": 74438.41558441559, "date_iso": "2023-02-06", "parcelle": "77153000ZE0261", "addr_num": "52"}}, {"type": "Feature", "geometry": {"type": "Point", "coordinates": [2.694738, 49.05429]}, "properties": {"year": 2023, "valeur_fonciere": 5731758.0, "type_local": "Appartement", "surface_reelle_bati": 71.0, "nombre_pieces_principales": 3.0, "adresse_nom_voie": "AV DU MARECHAL LECLERC", "price_per_sqm": 80728.98591549296, "date_iso": "2023-02-06", "parcelle": "77153000ZE0261", "addr_num": "52"}}, {"type": "Feature", "geometry": {"type": "Point", "coordinates": [2.694738, 49.05429]}, "properties": {"year": 2023, "valeur_fonciere": 5731758.0, "type_local": "Appartement", "surface_reelle_bati": 51.0, "nombre_pieces_principales": 2.0, "adresse_nom_voie": "AV DU MARECHAL LECLERC", "price_per_sqm": 112387.41176470589, "date_iso": "2023-02-06", "parcelle": "77153000ZE0261", "addr_num": "52"}}, {"type": "Feature", "geometry": {"type": "Point", "coordinates": [2.694738, 49.05429]}, "properties": {"year": 2023, "valeur_fonciere": 5731758.0, "type_local": "Appartement", "surface_reelle_bati": 63.0, "nombre_pieces_principales": 3.0, "adresse_nom_voie": "AV DU MARECHAL LECLERC", "price_per_sqm": 90980.28571428571, "date_iso": "2023-02-06", "parcelle": "77153000ZE0261", "addr_num": "52"}}, {"type": "Feature", "geometry": {"type": "Point", "coordinates": [2.694738, 49.05429]}, "properties": {"year": 2023, "valeur_fonciere": 5731758.0, "type_local": "Appartement", "surface_reelle_bati": 81.0, "nombre_pieces_principales": 4.0, "adresse_nom_voie": "AV DU MARECHAL LECLERC", "price_per_sqm": 70762.44444444444, "date_iso": "2023-02-06", "parcelle": "77153000ZE0261", "addr_num": "52"}}, {"type": "Feature", "geometry": {"type": "Point", "coordinates": [2.694738, 49.05429]}, "properties": {"year": 2023, "valeur_fonciere": 5731758.0, "type_local": "Appartement", "surface_reelle_bati": 50.0, "nombre_pieces_principales": 2.0, "adresse_nom_voie": "AV DU MARECHAL LECLERC", "price_per_sqm": 114635.16, "date_iso": "2023-02-06", "parcelle": "77153000ZE0261", "addr_num": "52"}}, {"type": "Feature", "geometry": {"type": "Point", "coordinates": [2.694738, 49.05429]}, "properties": {"year": 2023, "valeur_fonciere": 5731758.0, "type_local": "Appartement", "surface_reelle_bati": 81.0, "nombre_pieces_principales": 4.0, "adresse_nom_voie": "AV DU MARECHAL LECLERC", "price_per_sqm": 70762.44444444444, "date_iso": "2023-02-06", "parcelle": "77153000ZE0261", "addr_num": "52"}}, {"type": "Feature", "geometry": {"type": "Point", "coordinates": [2.694738, 49.05429]}, "properties": {"year": 2023, "valeur_fonciere": 5731758.0, "type_local": "Appartement", "surface_reelle_bati": 61.0, "nombre_pieces_principales": 3.0, "adresse_nom_voie": "AV DU MARECHAL LECLERC", "price_per_sqm": 93963.24590163934, "date_iso": "2023-02-06", "parcelle": "77153000ZE0261", "addr_num": "52"}}, {"type": "Feature", "geometry": {"type": "Point", "coordinates": [2.694738, 49.05429]}, "properties": {"year": 2023, "valeur_fonciere": 5731758.0, "type_local": "Appartement", "surface_reelle_bati": 73.0, "nombre_pieces_principales": 3.0, "adresse_nom_voie": "AV DU MARECHAL LECLERC", "price_per_sqm": 78517.23287671233, "date_iso": "2023-02-06", "parcelle": "77153000ZE0261", "addr_num": "52"}}, {"type": "Feature", "geometry": {"type": "Point", "coordinates": [2.694738, 49.05429]}, "properties": {"year": 2023, "valeur_fonciere": 5731758.0, "type_local": "Appartement", "surface_reelle_bati": 70.0, "nombre_pieces_principales": 3.0, "adresse_nom_voie": "AV DU MARECHAL LECLERC", "price_per_sqm": 81882.25714285714, "date_iso": "2023-02-06", "parcelle": "77153000ZE0261", "addr_num": "52"}}, {"type": "Feature", "geometry": {"type": "Point", "coordinates": [2.694738, 49.05429]}, "properties": {"year": 2023, "valeur_fonciere": 5731758.0, "type_local": "Dépendance", "surface_reelle_bati": null, "nombre_pieces_principales": 0.0, "adresse_nom_voie": "AV DU MARECHAL LECLERC", "price_per_sqm": null, "date_iso": "2023-02-06", "parcelle": "77153000ZE0261", "addr_num": "52"}}, {"type": "Feature", "geometry": {"type": "Point", "coordinates": [2.694738, 49.05429]}, "properties": {"year": 2023, "valeur_fonciere": 5731758.0, "type_local": "Appartement", "surface_reelle_bati": 49.0, "nombre_pieces_principales": 2.0, "adresse_nom_voie": "AV DU MARECHAL LECLERC", "price_per_sqm": 116974.6530612245, "date_iso": "2023-02-06", "parcelle": "77153000ZE0261", "addr_num": "52"}}, {"type": "Feature", "geometry": {"type": "Point", "coordinates": [2.694738, 49.05429]}, "properties": {"year": 2023, "valeur_fonciere": 5731758.0, "type_local": "Appartement", "surface_reelle_bati": 75.0, "nombre_pieces_principales": 3.0, "adresse_nom_voie": "AV DU MARECHAL LECLERC", "price_per_sqm": 76423.44, "date_iso": "2023-02-06", "parcelle": "77153000ZE0261", "addr_num": "52"}}, {"type": "Feature", "geometry": {"type": "Point", "coordinates": [2.694738, 49.05429]}, "properties": {"year": 2023, "valeur_fonciere": 5731758.0, "type_local": "Appartement", "surface_reelle_bati": 79.0, "nombre_pieces_principales": 4.0, "adresse_nom_voie": "AV DU MARECHAL LECLERC", "price_per_sqm": 72553.89873417722, "date_iso": "2023-02-06", "parcelle": "77153000ZE0261", "addr_num": "52"}}, {"type": "Feature", "geometry": {"type": "Point", "coordinates": [2.694738, 49.05429]}, "properties": {"year": 2023, "valeur_fonciere": 5731758.0, "type_local": "Dépendance", "surface_reelle_bati": null, "nombre_pieces_principales": 0.0, "adresse_nom_voie": "AV DU MARECHAL LECLERC", "price_per_sqm": null, "date_iso": "2023-02-06", "parcelle": "77153000ZE0261", "addr_num": "52"}}, {"type": "Feature", "geometry": {"type": "Point", "coordinates": [2.694738, 49.05429]}, "properties": {"year": 2023, "valeur_fonciere": 5731758.0, "type_local": "Dépendance", "surface_reelle_bati": null, "nombre_pieces_principales": 0.0, "adresse_nom_voie": "AV DU MARECHAL LECLERC", "price_per_sqm": null, "date_iso": "2023-02-06", "parcelle": "77153000ZE0261", "addr_num": "52"}}, {"type": "Feature", "geometry": {"type": "Point", "coordinates": [2.694738, 49.05429]}, "properties": {"year": 2023, "valeur_fonciere": 5731758.0, "type_local": "Dépendance", "surface_reelle_bati": null, "nombre_pieces_principales": 0.0, "adresse_nom_voie": "AV DU MARECHAL LECLERC", "price_per_sqm": null, "date_iso": "2023-02-06", "parcelle": "77153000ZE0261", "addr_num": "52"}}, {"type": "Feature", "geometry": {"type": "Point", "coordinates": [2.694738, 49.05429]}, "properties": {"year": 2023, "valeur_fonciere": 5731758.0, "type_local": "Dépendance", "surface_reelle_bati": null, "nombre_pieces_principales": 0.0, "adresse_nom_voie": "AV DU MARECHAL LECLERC", "price_per_sqm": null, "date_iso": "2023-02-06", "parcelle": "77153000ZE0261", "addr_num": "52"}}, {"type": "Feature", "geometry": {"type": "Point", "coordinates": [2.694738, 49.05429]}, "properties": {"year": 2023, "valeur_fonciere": 5731758.0, "type_local": "Dépendance", "surface_reelle_bati": null, "nombre_pieces_principales": 0.0, "adresse_nom_voie": "AV DU MARECHAL LECLERC", "price_per_sqm": null, "date_iso": "2023-02-06", "parcelle": "77153000ZE0261", "addr_num": "52"}}, {"type": "Feature", "geometry": {"type": "Point", "coordinates": [2.694738, 49.05429]}, "properties": {"year": 2023, "valeur_fonciere": 5731758.0, "type_local": "Dépendance", "surface_reelle_bati": null, "nombre_pieces_principales": 0.0, "adresse_nom_voie": "AV DU MARECHAL LECLERC", "price_per_sqm": null, "date_iso": "2023-02-06", "parcelle": "77153000ZE0261", "addr_num": "52"}}, {"type": "Feature", "geometry": {"type": "Point", "coordinates": [2.694738, 49.05429]}, "properties": {"year": 2023, "valeur_fonciere": 5731758.0, "type_local": "Dépendance", "surface_reelle_bati": null, "nombre_pieces_principales": 0.0, "adresse_nom_voie": "AV DU MARECHAL LECLERC", "price_per_sqm": null, "date_iso": "2023-02-06", "parcelle": "77153000ZE0261", "addr_num": "52"}}, {"type": "Feature", "geometry": {"type": "Point", "coordinates": [2.694738, 49.05429]}, "properties": {"year": 2023, "valeur_fonciere": 5731758.0, "type_local": "Dépendance", "surface_reelle_bati": null, "nombre_pieces_principales": 0.0, "adresse_nom_voie": "AV DU MARECHAL LECLERC", "price_per_sqm": null, "date_iso": "2023-02-06", "parcelle": "77153000ZE0261", "addr_num": "52"}}, {"type": "Feature", "geometry": {"type": "Point", "coordinates": [2.694738, 49.05429]}, "properties": {"year": 2023, "valeur_fonciere": 5731758.0, "type_local": "Dépendance", "surface_reelle_bati": null, "nombre_pieces_principales": 0.0, "adresse_nom_voie": "AV DU MARECHAL LECLERC", "price_per_sqm": null, "date_iso": "2023-02-06", "parcelle": "77153000ZE0261", "addr_num": "52"}}, {"type": "Feature", "geometry": {"type": "Point", "coordinates": [2.694738, 49.05429]}, "properties": {"year": 2023, "valeur_fonciere": 5731758.0, "type_local": "Dépendance", "surface_reelle_bati": null, "nombre_pieces_principales": 0.0, "adresse_nom_voie": "AV DU MARECHAL LECLERC", "price_per_sqm": null, "date_iso": "2023-02-06", "parcelle": "77153000ZE0261", "addr_num": "52"}}, {"type": "Feature", "geometry": {"type": "Point", "coordinates": [2.694738, 49.05429]}, "properties": {"year": 2023, "valeur_fonciere": 5731758.0, "type_local": "Dépendance", "surface_reelle_bati": null, "nombre_pieces_principales": 0.0, "adresse_nom_voie": "AV DU MARECHAL LECLERC", "price_per_sqm": null, "date_iso": "2023-02-06", "parcelle": "77153000ZE0261", "addr_num": "52"}}, {"type": "Feature", "geometry": {"type": "Point", "coordinates": [2.694738, 49.05429]}, "properties": {"year": 2023, "valeur_fonciere": 5731758.0, "type_local": "Dépendance", "surface_reelle_bati": null, "nombre_pieces_principales": 0.0, "adresse_nom_voie": "AV DU MARECHAL LECLERC", "price_per_sqm": null, "date_iso": "2023-02-06", "parcelle": "77153000ZE0261", "addr_num": "52"}}, {"type": "Feature", "geometry": {"type": "Point", "coordinates": [2.694738, 49.05429]}, "properties": {"year": 2023, "valeur_fonciere": 5731758.0, "type_local": "Dépendance", "surface_reelle_bati": null, "nombre_pieces_principales": 0.0, "adresse_nom_voie": "AV DU MARECHAL LECLERC", "price_per_sqm": null, "date_iso": "2023-02-06", "parcelle": "77153000ZE0261", "addr_num": "52"}}, {"type": "Feature", "geometry": {"type": "Point", "coordinates": [2.694738, 49.05429]}, "properties": {"year": 2023, "valeur_fonciere": 5731758.0, "type_local": "Dépendance", "surface_reelle_bati": null, "nombre_pieces_principales": 0.0, "adresse_nom_voie": "AV DU MARECHAL LECLERC", "price_per_sqm": null, "date_iso": "2023-02-06", "parcelle": "77153000ZE0261", "addr_num": "52"}}, {"type": "Feature", "geometry": {"type": "Point", "coordinates": [2.694738, 49.05429]}, "properties": {"year": 2023, "valeur_fonciere": 5731758.0, "type_local": "Dépendance", "surface_reelle_bati": null, "nombre_pieces_principales": 0.0, "adresse_nom_voie": "AV DU MARECHAL LECLERC", "price_per_sqm": null, "date_iso": "2023-02-06", "parcelle": "77153000ZE0261", "addr_num": "52"}}, {"type": "Feature", "geometry": {"type": "Point", "coordinates": [2.694738, 49.05429]}, "properties": {"year": 2023, "valeur_fonciere": 5731758.0, "type_local": "Dépendance", "surface_reelle_bati": null, "nombre_pieces_principales": 0.0, "adresse_nom_voie": "AV DU MARECHAL LECLERC", "price_per_sqm": null, "date_iso": "2023-02-06", "parcelle": "77153000ZE0261", "addr_num": "52"}}, {"type": "Feature", "geometry": {"type": "Point", "coordinates": [2.694738, 49.05429]}, "properties": {"year": 2023, "valeur_fonciere": 5731758.0, "type_local": "Dépendance", "surface_reelle_bati": null, "nombre_pieces_principales": 0.0, "adresse_nom_voie": "AV DU MARECHAL LECLERC", "price_per_sqm": null, "date_iso": "2023-02-06", "parcelle": "77153000ZE0261", "addr_num": "52"}}, {"type": "Feature", "geometry": {"type": "Point", "coordinates": [2.694738, 49.05429]}, "properties": {"year": 2023, "valeur_fonciere": 5731758.0, "type_local": "Dépendance", "surface_reelle_bati": null, "nombre_pieces_principales": 0.0, "adresse_nom_voie": "AV DU MARECHAL LECLERC", "price_per_sqm": null, "date_iso": "2023-02-06", "parcelle": "77153000ZE0261", "addr_num": "52"}}, {"type": "Feature", "geometry": {"type": "Point", "coordinates": [2.694738, 49.05429]}, "properties": {"year": 2023, "valeur_fonciere": 5731758.0, "type_local": "Dépendance", "surface_reelle_bati": null, "nombre_pieces_principales": 0.0, "adresse_nom_voie": "AV DU MARECHAL LECLERC", "price_per_sqm": null, "date_iso": "2023-02-06", "parcelle": "77153000ZE0261", "addr_num": "52"}}, {"type": "Feature", "geometry": {"type": "Point", "coordinates": [2.694738, 49.05429]}, "properties": {"year": 2023, "valeur_fonciere": 5731758.0, "type_local": "Dépendance", "surface_reelle_bati": null, "nombre_pieces_principales": 0.0, "adresse_nom_voie": "AV DU MARECHAL LECLERC", "price_per_sqm": null, "date_iso": "2023-02-06", "parcelle": "77153000ZE0261", "addr_num": "52"}}, {"type": "Feature", "geometry": {"type": "Point", "coordinates": [2.694738, 49.05429]}, "properties": {"year": 2023, "valeur_fonciere": 5731758.0, "type_local": "Dépendance", "surface_reelle_bati": null, "nombre_pieces_principales": 0.0, "adresse_nom_voie": "AV DU MARECHAL LECLERC", "price_per_sqm": null, "date_iso": "2023-02-06", "parcelle": "77153000ZE0261", "addr_num": "52"}}, {"type": "Feature", "geometry": {"type": "Point", "coordinates": [2.694738, 49.05429]}, "properties": {"year": 2023, "valeur_fonciere": 5731758.0, "type_local": "Dépendance", "surface_reelle_bati": null, "nombre_pieces_principales": 0.0, "adresse_nom_voie": "AV DU MARECHAL LECLERC", "price_per_sqm": null, "date_iso": "2023-02-06", "parcelle": "77153000ZE0261", "addr_num": "52"}}, {"type": "Feature", "geometry": {"type": "Point", "coordinates": [2.694738, 49.05429]}, "properties": {"year": 2023, "valeur_fonciere": 5731758.0, "type_local": "Dépendance", "surface_reelle_bati": null, "nombre_pieces_principales": 0.0, "adresse_nom_voie": "AV DU MARECHAL LECLERC", "price_per_sqm": null, "date_iso": "2023-02-06", "parcelle": "77153000ZE0261", "addr_num": "52"}}, {"type": "Feature", "geometry": {"type": "Point", "coordinates": [2.694738, 49.05429]}, "properties": {"year": 2023, "valeur_fonciere": 5731758.0, "type_local": "Dépendance", "surface_reelle_bati": null, "nombre_pieces_principales": 0.0, "adresse_nom_voie": "AV DU MARECHAL LECLERC", "price_per_sqm": null, "date_iso": "2023-02-06", "parcelle": "77153000ZE0261", "addr_num": "52"}}, {"type": "Feature", "geometry": {"type": "Point", "coordinates": [2.694738, 49.05429]}, "properties": {"year": 2023, "valeur_fonciere": 5731758.0, "type_local": "Dépendance", "surface_reelle_bati": null, "nombre_pieces_principales": 0.0, "adresse_nom_voie": "AV DU MARECHAL LECLERC", "price_per_sqm": null, "date_iso": "2023-02-06", "parcelle": "77153000ZE0261", "addr_num": "52"}}, {"type": "Feature", "geometry": {"type": "Point", "coordinates": [2.694738, 49.05429]}, "properties": {"year": 2023, "valeur_fonciere": 5731758.0, "type_local": "Dépendance", "surface_reelle_bati": null, "nombre_pieces_principales": 0.0, "adresse_nom_voie": "AV DU MARECHAL LECLERC", "price_per_sqm": null, "date_iso": "2023-02-06", "parcelle": "77153000ZE0261", "addr_num": "52"}}, {"type": "Feature", "geometry": {"type": "Point", "coordinates": [2.694738, 49.05429]}, "properties": {"year": 2023, "valeur_fonciere": 5731758.0, "type_local": "Dépendance", "surface_reelle_bati": null, "nombre_pieces_principales": 0.0, "adresse_nom_voie": "AV DU MARECHAL LECLERC", "price_per_sqm": null, "date_iso": "2023-02-06", "parcelle": "77153000ZE0261", "addr_num": "52"}}, {"type": "Feature", "geometry": {"type": "Point", "coordinates": [2.694738, 49.05429]}, "properties": {"year": 2023, "valeur_fonciere": 5731758.0, "type_local": "Dépendance", "surface_reelle_bati": null, "nombre_pieces_principales": 0.0, "adresse_nom_voie": "AV DU MARECHAL LECLERC", "price_per_sqm": null, "date_iso": "2023-02-06", "parcelle": "77153000ZE0261", "addr_num": "52"}}, {"type": "Feature", "geometry": {"type": "Point", "coordinates": [2.694738, 49.05429]}, "properties": {"year": 2023, "valeur_fonciere": 5731758.0, "type_local": "Dépendance", "surface_reelle_bati": null, "nombre_pieces_principales": 0.0, "adresse_nom_voie": "AV DU MARECHAL LECLERC", "price_per_sqm": null, "date_iso": "2023-02-06", "parcelle": "77153000ZE0261", "addr_num": "52"}}, {"type": "Feature", "geometry": {"type": "Point", "coordinates": [2.694738, 49.05429]}, "properties": {"year": 2023, "valeur_fonciere": 5731758.0, "type_local": "Dépendance", "surface_reelle_bati": null, "nombre_pieces_principales": 0.0, "adresse_nom_voie": "AV DU MARECHAL LECLERC", "price_per_sqm": null, "date_iso": "2023-02-06", "parcelle": "77153000ZE0261", "addr_num": "52"}}, {"type": "Feature", "geometry": {"type": "Point", "coordinates": [2.694738, 49.05429]}, "properties": {"year": 2023, "valeur_fonciere": 5731758.0, "type_local": "Dépendance", "surface_reelle_bati": null, "nombre_pieces_principales": 0.0, "adresse_nom_voie": "AV DU MARECHAL LECLERC", "price_per_sqm": null, "date_iso": "2023-02-06", "parcelle": "77153000ZE0261", "addr_num": "52"}}, {"type": "Feature", "geometry": {"type": "Point", "coordinates": [2.694738, 49.05429]}, "properties": {"year": 2023, "valeur_fonciere": 5731758.0, "type_local": "Dépendance", "surface_reelle_bati": null, "nombre_pieces_principales": 0.0, "adresse_nom_voie": "AV DU MARECHAL LECLERC", "price_per_sqm": null, "date_iso": "2023-02-06", "parcelle": "77153000ZE0261", "addr_num": "52"}}, {"type": "Feature", "geometry": {"type": "Point", "coordinates": [2.694738, 49.05429]}, "properties": {"year": 2023, "valeur_fonciere": 5731758.0, "type_local": "Dépendance", "surface_reelle_bati": null, "nombre_pieces_principales": 0.0, "adresse_nom_voie": "AV DU MARECHAL LECLERC", "price_per_sqm": null, "date_iso": "2023-02-06", "parcelle": "77153000ZE0261", "addr_num": "52"}}, {"type": "Feature", "geometry": {"type": "Point", "coordinates": [2.694738, 49.05429]}, "properties": {"year": 2023, "valeur_fonciere": 5731758.0, "type_local": "Dépendance", "surface_reelle_bati": null, "nombre_pieces_principales": 0.0, "adresse_nom_voie": "AV DU MARECHAL LECLERC", "price_per_sqm": null, "date_iso": "2023-02-06", "parcelle": "77153000ZE0261", "addr_num": "52"}}, {"type": "Feature", "geometry": {"type": "Point", "coordinates": [2.694738, 49.05429]}, "properties": {"year": 2023, "valeur_fonciere": 5731758.0, "type_local": "Dépendance", "surface_reelle_bati": null, "nombre_pieces_principales": 0.0, "adresse_nom_voie": "AV DU MARECHAL LECLERC", "price_per_sqm": null, "date_iso": "2023-02-06", "parcelle": "77153000ZE0261", "addr_num": "52"}}, {"type": "Feature", "geometry": {"type": "Point", "coordinates": [2.67974, 49.053631]}, "properties": {"year": 2023, "valeur_fonciere": 180000.0, "type_local": "Dépendance", "surface_reelle_bati": null, "nombre_pieces_principales": 0.0, "adresse_nom_voie": "RUE DE LA LIBERATION", "price_per_sqm": null, "date_iso": "2023-02-01", "parcelle": "77153000AD0023", "addr_num": "7"}}, {"type": "Feature", "geometry": {"type": "Point", "coordinates": [2.67974, 49.053631]}, "properties": {"year": 2023, "valeur_fonciere": 180000.0, "type_local": "Dépendance", "surface_reelle_bati": null, "nombre_pieces_principales": 0.0, "adresse_nom_voie": "RUE DE LA LIBERATION", "price_per_sqm": null, "date_iso": "2023-02-01", "parcelle": "77153000AD0023", "addr_num": "7"}}, {"type": "Feature", "geometry": {"type": "Point", "coordinates": [2.67974, 49.053631]}, "properties": {"year": 2023, "valeur_fonciere": 180000.0, "type_local": "Dépendance", "surface_reelle_bati": null, "nombre_pieces_principales": 0.0, "adresse_nom_voie": "RUE DE LA LIBERATION", "price_per_sqm": null, "date_iso": "2023-02-01", "parcelle": "77153000AD0023", "addr_num": "7"}}, {"type": "Feature", "geometry": {"type": "Point", "coordinates": [2.67974, 49.053631]}, "properties": {"year": 2023, "valeur_fonciere": 180000.0, "type_local": "Dépendance", "surface_reelle_bati": null, "nombre_pieces_principales": 0.0, "adresse_nom_voie": "RUE DE LA LIBERATION", "price_per_sqm": null, "date_iso": "2023-02-01", "parcelle": "77153000AD0023", "addr_num": "7"}}, {"type": "Feature", "geometry": {"type": "Point", "coordinates": [2.67974, 49.053631]}, "properties": {"year": 2023, "valeur_fonciere": 180000.0, "type_local": "Dépendance", "surface_reelle_bati": null, "nombre_pieces_principales": 0.0, "adresse_nom_voie": "RUE DE LA LIBERATION", "price_per_sqm": null, "date_iso": "2023-02-01", "parcelle": "77153000AD0023", "addr_num": "7"}}, {"type": "Feature", "geometry": {"type": "Point", "coordinates": [2.67974, 49.053631]}, "properties": {"year": 2023, "valeur_fonciere": 180000.0, "type_local": "Dépendance", "surface_reelle_bati": null, "nombre_pieces_principales": 0.0, "adresse_nom_voie": "RUE DE LA LIBERATION", "price_per_sqm": null, "date_iso": "2023-02-01", "parcelle": "77153000AD0023", "addr_num": "7"}}, {"type": "Feature", "geometry": {"type": "Point", "coordinates": [2.67974, 49.053631]}, "properties": {"year": 2023, "valeur_fonciere": 180000.0, "type_local": "Dépendance", "surface_reelle_bati": null, "nombre_pieces_principales": 0.0, "adresse_nom_voie": "RUE DE LA LIBERATION", "price_per_sqm": null, "date_iso": "2023-02-01", "parcelle": "77153000AD0023", "addr_num": "7"}}, {"type": "Feature", "geometry": {"type": "Point", "coordinates": [2.67974, 49.053631]}, "properties": {"year": 2023, "valeur_fonciere": 180000.0, "type_local": "Dépendance", "surface_reelle_bati": null, "nombre_pieces_principales": 0.0, "adresse_nom_voie": "RUE DE LA LIBERATION", "price_per_sqm": null, "date_iso": "2023-02-01", "parcelle": "77153000AD0023", "addr_num": "7"}}, {"type": "Feature", "geometry": {"type": "Point", "coordinates": [2.67974, 49.053631]}, "properties": {"year": 2023, "valeur_fonciere": 180000.0, "type_local": "Dépendance", "surface_reelle_bati": null, "nombre_pieces_principales": 0.0, "adresse_nom_voie": "RUE DE LA LIBERATION", "price_per_sqm": null, "date_iso": "2023-02-01", "parcelle": "77153000AD0023", "addr_num": "7"}}, {"type": "Feature", "geometry": {"type": "Point", "coordinates": [2.67974, 49.053631]}, "properties": {"year": 2023, "valeur_fonciere": 180000.0, "type_local": "Dépendance", "surface_reelle_bati": null, "nombre_pieces_principales": 0.0, "adresse_nom_voie": "RUE DE LA LIBERATION", "price_per_sqm": null, "date_iso": "2023-02-01", "parcelle": "77153000AD0023", "addr_num": "7"}}, {"type": "Feature", "geometry": {"type": "Point", "coordinates": [2.67974, 49.053631]}, "properties": {"year": 2023, "valeur_fonciere": 180000.0, "type_local": "Dépendance", "surface_reelle_bati": null, "nombre_pieces_principales": 0.0, "adresse_nom_voie": "RUE DE LA LIBERATION", "price_per_sqm": null, "date_iso": "2023-02-01", "parcelle": "77153000AD0023", "addr_num": "7"}}, {"type": "Feature", "geometry": {"type": "Point", "coordinates": [2.67974, 49.053631]}, "properties": {"year": 2023, "valeur_fonciere": 180000.0, "type_local": "Dépendance", "surface_reelle_bati": null, "nombre_pieces_principales": 0.0, "adresse_nom_voie": "RUE DE LA LIBERATION", "price_per_sqm": null, "date_iso": "2023-02-01", "parcelle": "77153000AD0023", "addr_num": "7"}}, {"type": "Feature", "geometry": {"type": "Point", "coordinates": [2.67974, 49.053631]}, "properties": {"year": 2023, "valeur_fonciere": 180000.0, "type_local": "Dépendance", "surface_reelle_bati": null, "nombre_pieces_principales": 0.0, "adresse_nom_voie": "RUE DE LA LIBERATION", "price_per_sqm": null, "date_iso": "2023-02-01", "parcelle": "77153000AD0023", "addr_num": "7"}}, {"type": "Feature", "geometry": {"type": "Point", "coordinates": [2.67974, 49.053631]}, "properties": {"year": 2023, "valeur_fonciere": 180000.0, "type_local": "Dépendance", "surface_reelle_bati": null, "nombre_pieces_principales": 0.0, "adresse_nom_voie": "RUE DE LA LIBERATION", "price_per_sqm": null, "date_iso": "2023-02-01", "parcelle": "77153000AD0023", "addr_num": "7"}}, {"type": "Feature", "geometry": {"type": "Point", "coordinates": [2.67974, 49.053631]}, "properties": {"year": 2023, "valeur_fonciere": 180000.0, "type_local": "Dépendance", "surface_reelle_bati": null, "nombre_pieces_principales": 0.0, "adresse_nom_voie": "RUE DE LA LIBERATION", "price_per_sqm": null, "date_iso": "2023-02-01", "parcelle": "77153000AD0023", "addr_num": "7"}}, {"type": "Feature", "geometry": {"type": "Point", "coordinates": [2.67974, 49.053631]}, "properties": {"year": 2023, "valeur_fonciere": 180000.0, "type_local": "Dépendance", "surface_reelle_bati": null, "nombre_pieces_principales": 0.0, "adresse_nom_voie": "RUE DE LA LIBERATION", "price_per_sqm": null, "date_iso": "2023-02-01", "parcelle": "77153000AD0023", "addr_num": "7"}}, {"type": "Feature", "geometry": {"type": "Point", "coordinates": [2.67974, 49.053631]}, "properties": {"year": 2023, "valeur_fonciere": 180000.0, "type_local": "Dépendance", "surface_reelle_bati": null, "nombre_pieces_principales": 0.0, "adresse_nom_voie": "RUE DE LA LIBERATION", "price_per_sqm": null, "date_iso": "2023-02-01", "parcelle": "77153000AD0023", "addr_num": "7"}}, {"type": "Feature", "geometry": {"type": "Point", "coordinates": [2.67974, 49.053631]}, "properties": {"year": 2023, "valeur_fonciere": 180000.0, "type_local": "Dépendance", "surface_reelle_bati": null, "nombre_pieces_principales": 0.0, "adresse_nom_voie": "RUE DE LA LIBERATION", "price_per_sqm": null, "date_iso": "2023-02-01", "parcelle": "77153000AD0023", "addr_num": "7"}}, {"type": "Feature", "geometry": {"type": "Point", "coordinates": [2.67974, 49.053631]}, "properties": {"year": 2023, "valeur_fonciere": 180000.0, "type_local": "Dépendance", "surface_reelle_bati": null, "nombre_pieces_principales": 0.0, "adresse_nom_voie": "RUE DE LA LIBERATION", "price_per_sqm": null, "date_iso": "2023-02-01", "parcelle": "77153000AD0023", "addr_num": "7"}}, {"type": "Feature", "geometry": {"type": "Point", "coordinates": [2.67974, 49.053631]}, "properties": {"year": 2023, "valeur_fonciere": 180000.0, "type_local": "Dépendance", "surface_reelle_bati": null, "nombre_pieces_principales": 0.0, "adresse_nom_voie": "RUE DE LA LIBERATION", "price_per_sqm": null, "date_iso": "2023-02-01", "parcelle": "77153000AD0023", "addr_num": "7"}}, {"type": "Feature", "geometry": {"type": "Point", "coordinates": [2.684551, 49.053003]}, "properties": {"year": 2023, "valeur_fonciere": 203500.0, "type_local": "Appartement", "surface_reelle_bati": 63.0, "nombre_pieces_principales": 3.0, "adresse_nom_voie": "RUE DE MEAUX", "price_per_sqm": 3230.15873015873, "date_iso": "2023-02-23", "parcelle": "77153000AD0363", "addr_num": "19"}}, {"type": "Feature", "geometry": {"type": "Point", "coordinates": [2.684551, 49.053003]}, "properties": {"year": 2023, "valeur_fonciere": 203500.0, "type_local": "Dépendance", "surface_reelle_bati": null, "nombre_pieces_principales": 0.0, "adresse_nom_voie": "RUE DE MEAUX", "price_per_sqm": null, "date_iso": "2023-02-23", "parcelle": "77153000AD0363", "addr_num": "19"}}, {"type": "Feature", "geometry": {"type": "Point", "coordinates": [2.680005, 49.05492]}, "properties": {"year": 2023, "valeur_fonciere": 245100.0, "type_local": "Dépendance", "surface_reelle_bati": null, "nombre_pieces_principales": 0.0, "adresse_nom_voie": "RUE GANNEVAL", "price_per_sqm": null, "date_iso": "2023-02-24", "parcelle": "77153000AC0213", "addr_num": "12"}}, {"type": "Feature", "geometry": {"type": "Point", "coordinates": [2.680005, 49.05492]}, "properties": {"year": 2023, "valeur_fonciere": 245100.0, "type_local": "Appartement", "surface_reelle_bati": 71.0, "nombre_pieces_principales": 4.0, "adresse_nom_voie": "RUE ABEL CHENEVAT", "price_per_sqm": 3452.112676056338, "date_iso": "2023-02-24", "parcelle": "77153000AC0213", "addr_num": "4"}}, {"type": "Feature", "geometry": {"type": "Point", "coordinates": [2.678809, 49.05359]}, "properties": {"year": 2023, "valeur_fonciere": 175000.0, "type_local": null, "surface_reelle_bati": null, "nombre_pieces_principales": null, "adresse_nom_voie": "PARIS", "price_per_sqm": null, "date_iso": "2023-02-21", "parcelle": "77153000AB0117", "addr_num": ""}}, {"type": "Feature", "geometry": {"type": "Point", "coordinates": [2.678494, 49.053783]}, "properties": {"year": 2023, "valeur_fonciere": 175000.0, "type_local": "Dépendance", "surface_reelle_bati": null, "nombre_pieces_principales": 0.0, "adresse_nom_voie": "RUE DU GENERAL DE GAULLE", "price_per_sqm": null, "date_iso": "2023-02-21", "parcelle": "77153000AB0119", "addr_num": "82"}}, {"type": "Feature", "geometry": {"type": "Point", "coordinates": [2.678494, 49.053783]}, "properties": {"year": 2023, "valeur_fonciere": 175000.0, "type_local": "Appartement", "surface_reelle_bati": 40.0, "nombre_pieces_principales": 1.0, "adresse_nom_voie": "RUE DU GENERAL DE GAULLE", "price_per_sqm": 4375.0, "date_iso": "2023-02-21", "parcelle": "77153000AB0119", "addr_num": "82"}}, {"type": "Feature", "geometry": {"type": "Point", "coordinates": [2.672067, 49.054837]}, "properties": {"year": 2023, "valeur_fonciere": 349900.0, "type_local": null, "surface_reelle_bati": null, "nombre_pieces_principales": null, "adresse_nom_voie": "ALL DE LA SOURCE", "price_per_sqm": null, "date_iso": "2023-02-28", "parcelle": "771530000C0737", "addr_num": ""}}, {"type": "Feature", "geometry": {"type": "Point", "coordinates": [2.672245, 49.054751]}, "properties": {"year": 2023, "valeur_fonciere": 349900.0, "type_local": "Maison", "surface_reelle_bati": 98.0, "nombre_pieces_principales": 6.0, "adresse_nom_voie": "ALL DE LA SOURCE", "price_per_sqm": 3570.408163265306, "date_iso": "2023-02-28", "parcelle": "771530000C0741", "addr_num": "7"}}, {"type": "Feature", "geometry": {"type": "Point", "coordinates": [2.672093, 49.054892]}, "properties": {"year": 2023, "valeur_fonciere": 349900.0, "type_local": null, "surface_reelle_bati": null, "nombre_pieces_principales": null, "adresse_nom_voie": "L EAU BONNE", "price_per_sqm": null, "date_iso": "2023-02-28", "parcelle": "771530000C0816", "addr_num": ""}}, {"type": "Feature", "geometry": {"type": "Point", "coordinates": [2.687962, 49.058246]}, "properties": {"year": 2023, "valeur_fonciere": 263000.0, "type_local": "Maison", "surface_reelle_bati": 83.0, "nombre_pieces_principales": 5.0, "adresse_nom_voie": "RUE BELLE ANGEVINE", "price_per_sqm": 3168.6746987951806, "date_iso": "2023-03-03", "parcelle": "77153000AK0270", "addr_num": "24"}}, {"type": "Feature", "geometry": {"type": "Point", "coordinates": [2.687962, 49.058246]}, "properties": {"year": 2023, "valeur_fonciere": 263000.0, "type_local": "Dépendance", "surface_reelle_bati": null, "nombre_pieces_principales": 0.0, "adresse_nom_voie": "RUE BELLE ANGEVINE", "price_per_sqm": null, "date_iso": "2023-03-03", "parcelle": "77153000AK0270", "addr_num": "24"}}, {"type": "Feature", "geometry": {"type": "Point", "coordinates": [2.690217, 49.053025]}, "properties": {"year": 2023, "valeur_fonciere": 315000.0, "type_local": "Dépendance", "surface_reelle_bati": null, "nombre_pieces_principales": 0.0, "adresse_nom_voie": "AV DU MARECHAL LECLERC", "price_per_sqm": null, "date_iso": "2023-03-06", "parcelle": "77153000AH0406", "addr_num": "26"}}, {"type": "Feature", "geometry": {"type": "Point", "coordinates": [2.690217, 49.053025]}, "properties": {"year": 2023, "valeur_fonciere": 315000.0, "type_local": "Maison", "surface_reelle_bati": 60.0, "nombre_pieces_principales": 3.0, "adresse_nom_voie": "AV DU MARECHAL LECLERC", "price_per_sqm": 5250.0, "date_iso": "2023-03-06", "parcelle": "77153000AH0406", "addr_num": "26"}}, {"type": "Feature", "geometry": {"type": "Point", "coordinates": [2.690217, 49.053025]}, "properties": {"year": 2023, "valeur_fonciere": 315000.0, "type_local": "Dépendance", "surface_reelle_bati": null, "nombre_pieces_principales": 0.0, "adresse_nom_voie": "AV DU MARECHAL LECLERC", "price_per_sqm": null, "date_iso": "2023-03-06", "parcelle": "77153000AH0406", "addr_num": "26"}}, {"type": "Feature", "geometry": {"type": "Point", "coordinates": [2.690193, 49.052964]}, "properties": {"year": 2023, "valeur_fonciere": 315000.0, "type_local": null, "surface_reelle_bati": null, "nombre_pieces_principales": null, "adresse_nom_voie": "AV DU MARECHAL LECLERC", "price_per_sqm": null, "date_iso": "2023-03-06", "parcelle": "77153000AH0411", "addr_num": "26"}}, {"type": "Feature", "geometry": {"type": "Point", "coordinates": [2.687141, 49.055674]}, "properties": {"year": 2023, "valeur_fonciere": 2000.0, "type_local": null, "surface_reelle_bati": null, "nombre_pieces_principales": null, "adresse_nom_voie": "LA GARENNE", "price_per_sqm": null, "date_iso": "2023-02-23", "parcelle": "771530000B1208", "addr_num": ""}}, {"type": "Feature", "geometry": {"type": "Point", "coordinates": [2.687031, 49.055426]}, "properties": {"year": 2023, "valeur_fonciere": 2000.0, "type_local": null, "surface_reelle_bati": null, "nombre_pieces_principales": null, "adresse_nom_voie": "LA GARENNE", "price_per_sqm": null, "date_iso": "2023-02-23", "parcelle": "771530000B1207", "addr_num": ""}}, {"type": "Feature", "geometry": {"type": "Point", "coordinates": [2.686878, 49.055356]}, "properties": {"year": 2023, "valeur_fonciere": 2000.0, "type_local": null, "surface_reelle_bati": null, "nombre_pieces_principales": null, "adresse_nom_voie": "LA GARENNE", "price_per_sqm": null, "date_iso": "2023-02-23", "parcelle": "771530000B1209", "addr_num": ""}}, {"type": "Feature", "geometry": {"type": "Point", "coordinates": [2.676842, 49.052736]}, "properties": {"year": 2023, "valeur_fonciere": 580000.0, "type_local": "Maison", "surface_reelle_bati": 101.0, "nombre_pieces_principales": 6.0, "adresse_nom_voie": "RUE DES OULCHES", "price_per_sqm": 5742.574257425743, "date_iso": "2023-02-23", "parcelle": "77153000AB0174", "addr_num": "21"}}, {"type": "Feature", "geometry": {"type": "Point", "coordinates": [2.676842, 49.052736]}, "properties": {"year": 2023, "valeur_fonciere": 580000.0, "type_local": "Dépendance", "surface_reelle_bati": null, "nombre_pieces_principales": 0.0, "adresse_nom_voie": "RUE DES OULCHES", "price_per_sqm": null, "date_iso": "2023-02-23", "parcelle": "77153000AB0174", "addr_num": "21"}}, {"type": "Feature", "geometry": {"type": "Point", "coordinates": [2.676873, 49.052254]}, "properties": {"year": 2023, "valeur_fonciere": 580000.0, "type_local": null, "surface_reelle_bati": null, "nombre_pieces_principales": null, "adresse_nom_voie": "RLE DES FILOIRS", "price_per_sqm": null, "date_iso": "2023-02-23", "parcelle": "77153000AB0344", "addr_num": ""}}, {"type": "Feature", "geometry": {"type": "Point", "coordinates": [2.676976, 49.052462]}, "properties": {"year": 2023, "valeur_fonciere": 580000.0, "type_local": null, "surface_reelle_bati": null, "nombre_pieces_principales": null, "adresse_nom_voie": "RUE DES OULCHES", "price_per_sqm": null, "date_iso": "2023-02-23", "parcelle": "77153000AB0345", "addr_num": "21"}}, {"type": "Feature", "geometry": {"type": "Point", "coordinates": [2.683296, 49.053027]}, "properties": {"year": 2023, "valeur_fonciere": 95000.0, "type_local": "Maison", "surface_reelle_bati": 56.0, "nombre_pieces_principales": 3.0, "adresse_nom_voie": "RUE DE MEAUX", "price_per_sqm": 1696.4285714285713, "date_iso": "2023-02-23", "parcelle": "77153000AD0165", "addr_num": "15"}}, {"type": "Feature", "geometry": {"type": "Point", "coordinates": [2.683258, 49.05292]}, "properties": {"year": 2023, "valeur_fonciere": 95000.0, "type_local": null, "surface_reelle_bati": null, "nombre_pieces_principales": null, "adresse_nom_voie": "LE BUAT", "price_per_sqm": null, "date_iso": "2023-02-23", "parcelle": "77153000AD0441", "addr_num": ""}}, {"type": "Feature", "geometry": {"type": "Point", "coordinates": [2.676326, 49.052298]}, "properties": {"year": 2023, "valeur_fonciere": 1936000.0, "type_local": "Maison", "surface_reelle_bati": 116.0, "nombre_pieces_principales": 5.0, "adresse_nom_voie": "RLE DES FILOIRS", "price_per_sqm": 16689.655172413793, "date_iso": "2023-02-23", "parcelle": "77153000AB0170", "addr_num": "9003"}}, {"type": "Feature", "geometry": {"type": "Point", "coordinates": [2.676326, 49.052298]}, "properties": {"year": 2023, "valeur_fonciere": 1936000.0, "type_local": "Maison", "surface_reelle_bati": 116.0, "nombre_pieces_principales": 5.0, "adresse_nom_voie": "RLE DES FILOIRS", "price_per_sqm": 16689.655172413793, "date_iso": "2023-02-23", "parcelle": "77153000AB0170", "addr_num": "9003"}}, {"type": "Feature", "geometry": {"type": "Point", "coordinates": [2.67598, 49.052362]}, "properties": {"year": 2023, "valeur_fonciere": 1936000.0, "type_local": null, "surface_reelle_bati": null, "nombre_pieces_principales": null, "adresse_nom_voie": "RLE DES FILOIRS", "price_per_sqm": null, "date_iso": "2023-02-23", "parcelle": "77153000AB0298", "addr_num": ""}}, {"type": "Feature", "geometry": {"type": "Point", "coordinates": [2.676049, 49.052325]}, "properties": {"year": 2023, "valeur_fonciere": 1936000.0, "type_local": "Dépendance", "surface_reelle_bati": null, "nombre_pieces_principales": 0.0, "adresse_nom_voie": "RLE DES FILOIRS", "price_per_sqm": null, "date_iso": "2023-02-23", "parcelle": "77153000AB0376", "addr_num": "9002"}}, {"type": "Feature", "geometry": {"type": "Point", "coordinates": [2.676049, 49.052325]}, "properties": {"year": 2023, "valeur_fonciere": 1936000.0, "type_local": "Dépendance", "surface_reelle_bati": null, "nombre_pieces_principales": 0.0, "adresse_nom_voie": "RLE DES FILOIRS", "price_per_sqm": null, "date_iso": "2023-02-23", "parcelle": "77153000AB0376", "addr_num": "9002"}}, {"type": "Feature", "geometry": {"type": "Point", "coordinates": [2.676049, 49.052325]}, "properties": {"year": 2023, "valeur_fonciere": 1936000.0, "type_local": "Maison", "surface_reelle_bati": 27.0, "nombre_pieces_principales": 2.0, "adresse_nom_voie": "RLE DES FILOIRS", "price_per_sqm": 71703.70370370371, "date_iso": "2023-02-23", "parcelle": "77153000AB0376", "addr_num": "9002"}}, {"type": "Feature", "geometry": {"type": "Point", "coordinates": [2.676762, 49.052185]}, "properties": {"year": 2023, "valeur_fonciere": 1936000.0, "type_local": null, "surface_reelle_bati": null, "nombre_pieces_principales": null, "adresse_nom_voie": "RLE DES FILOIRS", "price_per_sqm": null, "date_iso": "2023-02-23", "parcelle": "77153000AB0377", "addr_num": ""}}, {"type": "Feature", "geometry": {"type": "Point", "coordinates": [2.688204, 49.053081]}, "properties": {"year": 2023, "valeur_fonciere": 168000.0, "type_local": "Dépendance", "surface_reelle_bati": null, "nombre_pieces_principales": 0.0, "adresse_nom_voie": "AV DU MARECHAL LECLERC", "price_per_sqm": null, "date_iso": "2023-03-07", "parcelle": "77153000AH0487", "addr_num": "12"}}, {"type": "Feature", "geometry": {"type": "Point", "coordinates": [2.688204, 49.053081]}, "properties": {"year": 2023, "valeur_fonciere": 168000.0, "type_local": "Appartement", "surface_reelle_bati": 42.0, "nombre_pieces_principales": 2.0, "adresse_nom_voie": "AV DU MARECHAL LECLERC", "price_per_sqm": 4000.0, "date_iso": "2023-03-07", "parcelle": "77153000AH0487", "addr_num": "12"}}, {"type": "Feature", "geometry": {"type": "Point", "coordinates": [2.688204, 49.053081]}, "properties": {"year": 2023, "valeur_fonciere": 168000.0, "type_local": "Dépendance", "surface_reelle_bati": null, "nombre_pieces_principales": 0.0, "adresse_nom_voie": "AV DU MARECHAL LECLERC", "price_per_sqm": null, "date_iso": "2023-03-07", "parcelle": "77153000AH0487", "addr_num": "12"}}, {"type": "Feature", "geometry": {"type": "Point", "coordinates": [2.688204, 49.053081]}, "properties": {"year": 2023, "valeur_fonciere": 168000.0, "type_local": "Dépendance", "surface_reelle_bati": null, "nombre_pieces_principales": 0.0, "adresse_nom_voie": "AV DU MARECHAL LECLERC", "price_per_sqm": null, "date_iso": "2023-03-07", "parcelle": "77153000AH0487", "addr_num": "12"}}, {"type": "Feature", "geometry": {"type": "Point", "coordinates": [2.678045, 49.061927]}, "properties": {"year": 2023, "valeur_fonciere": 329800.0, "type_local": null, "surface_reelle_bati": null, "nombre_pieces_principales": null, "adresse_nom_voie": "RUE MARIA DERAISMES", "price_per_sqm": null, "date_iso": "2023-03-15", "parcelle": "771530000A1276", "addr_num": "12"}}, {"type": "Feature", "geometry": {"type": "Point", "coordinates": [2.678126, 49.062026]}, "properties": {"year": 2023, "valeur_fonciere": 329800.0, "type_local": "Maison", "surface_reelle_bati": 90.0, "nombre_pieces_principales": 4.0, "adresse_nom_voie": "RUE MARIA DERAISMES", "price_per_sqm": 3664.4444444444443, "date_iso": "2023-03-15", "parcelle": "771530000A1295", "addr_num": "12"}}, {"type": "Feature", "geometry": {"type": "Point", "coordinates": [2.696447, 49.057939]}, "properties": {"year": 2023, "valeur_fonciere": 162000.0, "type_local": "Dépendance", "surface_reelle_bati": null, "nombre_pieces_principales": 0.0, "adresse_nom_voie": "AV DU MARECHAL LECLERC", "price_per_sqm": null, "date_iso": "2023-03-09", "parcelle": "77153000AM0105", "addr_num": "67"}}, {"type": "Feature", "geometry": {"type": "Point", "coordinates": [2.696447, 49.057939]}, "properties": {"year": 2023, "valeur_fonciere": 162000.0, "type_local": "Appartement", "surface_reelle_bati": 42.0, "nombre_pieces_principales": 2.0, "adresse_nom_voie": "AV DU MARECHAL LECLERC", "price_per_sqm": 3857.1428571428573, "date_iso": "2023-03-09", "parcelle": "77153000AM0105", "addr_num": "67"}}, {"type": "Feature", "geometry": {"type": "Point", "coordinates": [2.670221, 49.054896]}, "properties": {"year": 2023, "valeur_fonciere": 340000.0, "type_local": null, "surface_reelle_bati": null, "nombre_pieces_principales": null, "adresse_nom_voie": "CR DIT DES CORBEAUX", "price_per_sqm": null, "date_iso": "2023-03-17", "parcelle": "771530000C0834", "addr_num": "14"}}, {"type": "Feature", "geometry": {"type": "Point", "coordinates": [2.670163, 49.054709]}, "properties": {"year": 2023, "valeur_fonciere": 340000.0, "type_local": "Dépendance", "surface_reelle_bati": null, "nombre_pieces_principales": 0.0, "adresse_nom_voie": "CR DIT DES CORBEAUX", "price_per_sqm": null, "date_iso": "2023-03-17", "parcelle": "771530000C0837", "addr_num": "16"}}, {"type": "Feature", "geometry": {"type": "Point", "coordinates": [2.670163, 49.054709]}, "properties": {"year": 2023, "valeur_fonciere": 340000.0, "type_local": "Maison", "surface_reelle_bati": 92.0, "nombre_pieces_principales": 4.0, "adresse_nom_voie": "CR DIT DES CORBEAUX", "price_per_sqm": 3695.6521739130435, "date_iso": "2023-03-17", "parcelle": "771530000C0837", "addr_num": "16"}}, {"type": "Feature", "geometry": {"type": "Point", "coordinates": [2.670163, 49.054709]}, "properties": {"year": 2023, "valeur_fonciere": 340000.0, "type_local": "Dépendance", "surface_reelle_bati": null, "nombre_pieces_principales": 0.0, "adresse_nom_voie": "CR DIT DES CORBEAUX", "price_per_sqm": null, "date_iso": "2023-03-17", "parcelle": "771530000C0837", "addr_num": "16"}}, {"type": "Feature", "geometry": {"type": "Point", "coordinates": [2.670163, 49.054709]}, "properties": {"year": 2023, "valeur_fonciere": 340000.0, "type_local": "Maison", "surface_reelle_bati": 92.0, "nombre_pieces_principales": 4.0, "adresse_nom_voie": "CR DIT DES CORBEAUX", "price_per_sqm": 3695.6521739130435, "date_iso": "2023-03-17", "parcelle": "771530000C0837", "addr_num": "16"}}, {"type": "Feature", "geometry": {"type": "Point", "coordinates": [2.670054, 49.054883]}, "properties": {"year": 2023, "valeur_fonciere": 340000.0, "type_local": null, "surface_reelle_bati": null, "nombre_pieces_principales": null, "adresse_nom_voie": "CR DIT DES CORBEAUX", "price_per_sqm": null, "date_iso": "2023-03-17", "parcelle": "771530000C0838", "addr_num": ""}}, {"type": "Feature", "geometry": {"type": "Point", "coordinates": [2.67974, 49.053631]}, "properties": {"year": 2023, "valeur_fonciere": 169000.0, "type_local": "Appartement", "surface_reelle_bati": 38.0, "nombre_pieces_principales": 2.0, "adresse_nom_voie": "RUE DE LA LIBERATION", "price_per_sqm": 4447.368421052632, "date_iso": "2023-03-16", "parcelle": "77153000AD0023", "addr_num": "7"}}, {"type": "Feature", "geometry": {"type": "Point", "coordinates": [2.67974, 49.053631]}, "properties": {"year": 2023, "valeur_fonciere": 169000.0, "type_local": "Dépendance", "surface_reelle_bati": null, "nombre_pieces_principales": 0.0, "adresse_nom_voie": "RUE DE LA LIBERATION", "price_per_sqm": null, "date_iso": "2023-03-16", "parcelle": "77153000AD0023", "addr_num": "7"}}, {"type": "Feature", "geometry": {"type": "Point", "coordinates": [2.683645, 49.060257]}, "properties": {"year": 2023, "valeur_fonciere": 800000.0, "type_local": null, "surface_reelle_bati": null, "nombre_pieces_principales": null, "adresse_nom_voie": "RUE PHILIPPE LE HUREPEL", "price_per_sqm": null, "date_iso": "2023-03-15", "parcelle": "77153000AK0380", "addr_num": ""}}, {"type": "Feature", "geometry": {"type": "Point", "coordinates": [2.683381, 49.060235]}, "properties": {"year": 2023, "valeur_fonciere": 800000.0, "type_local": null, "surface_reelle_bati": null, "nombre_pieces_principales": null, "adresse_nom_voie": "RUE PHILIPPE LE HUREPEL", "price_per_sqm": null, "date_iso": "2023-03-15", "parcelle": "771530000B1117", "addr_num": ""}}, {"type": "Feature", "geometry": {"type": "Point", "coordinates": [2.683106, 49.059436]}, "properties": {"year": 2023, "valeur_fonciere": 800000.0, "type_local": "Dépendance", "surface_reelle_bati": null, "nombre_pieces_principales": 0.0, "adresse_nom_voie": "RUE PHILIPPE LE HUREPEL", "price_per_sqm": null, "date_iso": "2023-03-15", "parcelle": "771530000B1119", "addr_num": "9"}}, {"type": "Feature", "geometry": {"type": "Point", "coordinates": [2.683106, 49.059436]}, "properties": {"year": 2023, "valeur_fonciere": 800000.0, "type_local": "Maison", "surface_reelle_bati": 200.0, "nombre_pieces_principales": 6.0, "adresse_nom_voie": "RUE PHILIPPE LE HUREPEL", "price_per_sqm": 4000.0, "date_iso": "2023-03-15", "parcelle": "771530000B1119", "addr_num": "9"}}, {"type": "Feature", "geometry": {"type": "Point", "coordinates": [2.683106, 49.059436]}, "properties": {"year": 2023, "valeur_fonciere": 800000.0, "type_local": "Maison", "surface_reelle_bati": 200.0, "nombre_pieces_principales": 6.0, "adresse_nom_voie": "RUE PHILIPPE LE HUREPEL", "price_per_sqm": 4000.0, "date_iso": "2023-03-15", "parcelle": "771530000B1119", "addr_num": "9"}}, {"type": "Feature", "geometry": {"type": "Point", "coordinates": [2.683106, 49.059436]}, "properties": {"year": 2023, "valeur_fonciere": 800000.0, "type_local": "Dépendance", "surface_reelle_bati": null, "nombre_pieces_principales": 0.0, "adresse_nom_voie": "RUE PHILIPPE LE HUREPEL", "price_per_sqm": null, "date_iso": "2023-03-15", "parcelle": "771530000B1119", "addr_num": "9"}}, {"type": "Feature", "geometry": {"type": "Point", "coordinates": [2.683238, 49.059927]}, "properties": {"year": 2023, "valeur_fonciere": 800000.0, "type_local": null, "surface_reelle_bati": null, "nombre_pieces_principales": null, "adresse_nom_voie": "RUE PHILIPPE LE HUREPEL", "price_per_sqm": null, "date_iso": "2023-03-15", "parcelle": "771530000B1129", "addr_num": ""}}, {"type": "Feature", "geometry": {"type": "Point", "coordinates": [2.696246, 49.058461]}, "properties": {"year": 2023, "valeur_fonciere": 450000.0, "type_local": "Maison", "surface_reelle_bati": 118.0, "nombre_pieces_principales": 6.0, "adresse_nom_voie": "ALL DE LA HERSE D OR", "price_per_sqm": 3813.5593220338983, "date_iso": "2023-03-21", "parcelle": "77153000AM0242", "addr_num": "51"}}, {"type": "Feature", "geometry": {"type": "Point", "coordinates": [2.696246, 49.058461]}, "properties": {"year": 2023, "valeur_fonciere": 450000.0, "type_local": "Maison", "surface_reelle_bati": 118.0, "nombre_pieces_principales": 6.0, "adresse_nom_voie": "ALL DE LA HERSE D OR", "price_per_sqm": 3813.5593220338983, "date_iso": "2023-03-21", "parcelle": "77153000AM0242", "addr_num": "51"}}, {"type": "Feature", "geometry": {"type": "Point", "coordinates": [2.681145, 49.053599]}, "properties": {"year": 2023, "valeur_fonciere": 199000.0, "type_local": "Appartement", "surface_reelle_bati": 102.0, "nombre_pieces_principales": 3.0, "adresse_nom_voie": "RUE VICTOR OFFROY", "price_per_sqm": 1950.9803921568628, "date_iso": "2023-03-15", "parcelle": "77153000AD0423", "addr_num": "5"}}, {"type": "Feature", "geometry": {"type": "Point", "coordinates": [2.681145, 49.053599]}, "properties": {"year": 2023, "valeur_fonciere": 199000.0, "type_local": "Dépendance", "surface_reelle_bati": null, "nombre_pieces_principales": 0.0, "adresse_nom_voie": "RUE VICTOR OFFROY", "price_per_sqm": null, "date_iso": "2023-03-15", "parcelle": "77153000AD0423", "addr_num": "5"}}, {"type": "Feature", "geometry": {"type": "Point", "coordinates": [2.67974, 49.053631]}, "properties": {"year": 2023, "valeur_fonciere": 13200.0, "type_local": "Dépendance", "surface_reelle_bati": null, "nombre_pieces_principales": 0.0, "adresse_nom_voie": "RUE DE LA LIBERATION", "price_per_sqm": null, "date_iso": "2023-03-02", "parcelle": "77153000AD0023", "addr_num": "7"}}, {"type": "Feature", "geometry": {"type": "Point", "coordinates": [2.681954, 49.053042]}, "properties": {"year": 2023, "valeur_fonciere": 203000.0, "type_local": "Dépendance", "surface_reelle_bati": null, "nombre_pieces_principales": 0.0, "adresse_nom_voie": "RUE DE LA SAINE FONTAINE", "price_per_sqm": null, "date_iso": "2023-03-20", "parcelle": "77153000AD0226", "addr_num": "1"}}, {"type": "Feature", "geometry": {"type": "Point", "coordinates": [2.681911, 49.052997]}, "properties": {"year": 2023, "valeur_fonciere": 203000.0, "type_local": "Maison", "surface_reelle_bati": 54.0, "nombre_pieces_principales": 2.0, "adresse_nom_voie": "RUE DE LA SAINE FONTAINE", "price_per_sqm": 3759.259259259259, "date_iso": "2023-03-20", "parcelle": "77153000AD0227", "addr_num": "1"}}, {"type": "Feature", "geometry": {"type": "Point", "coordinates": [2.681911, 49.052997]}, "properties": {"year": 2023, "valeur_fonciere": 203000.0, "type_local": "Dépendance", "surface_reelle_bati": null, "nombre_pieces_principales": 0.0, "adresse_nom_voie": "RUE DE LA SAINE FONTAINE", "price_per_sqm": null, "date_iso": "2023-03-20", "parcelle": "77153000AD0227", "addr_num": "1"}}, {"type": "Feature", "geometry": {"type": "Point", "coordinates": [2.680883, 49.053856]}, "properties": {"year": 2023, "valeur_fonciere": 84000.0, "type_local": "Dépendance", "surface_reelle_bati": null, "nombre_pieces_principales": 0.0, "adresse_nom_voie": "RUE DU GENERAL DE GAULLE", "price_per_sqm": null, "date_iso": "2023-03-20", "parcelle": "77153000AD0012", "addr_num": "130"}}, {"type": "Feature", "geometry": {"type": "Point", "coordinates": [2.680883, 49.053856]}, "properties": {"year": 2023, "valeur_fonciere": 84000.0, "type_local": "Dépendance", "surface_reelle_bati": null, "nombre_pieces_principales": 0.0, "adresse_nom_voie": "RUE DU GENERAL DE GAULLE", "price_per_sqm": null, "date_iso": "2023-03-20", "parcelle": "77153000AD0012", "addr_num": "130"}}, {"type": "Feature", "geometry": {"type": "Point", "coordinates": [2.680883, 49.053856]}, "properties": {"year": 2023, "valeur_fonciere": 84000.0, "type_local": "Dépendance", "surface_reelle_bati": null, "nombre_pieces_principales": 0.0, "adresse_nom_voie": "RUE DU GENERAL DE GAULLE", "price_per_sqm": null, "date_iso": "2023-03-20", "parcelle": "77153000AD0012", "addr_num": "130"}}, {"type": "Feature", "geometry": {"type": "Point", "coordinates": [2.68592, 49.052644]}, "properties": {"year": 2023, "valeur_fonciere": 320000.0, "type_local": "Maison", "surface_reelle_bati": 150.0, "nombre_pieces_principales": 5.0, "adresse_nom_voie": "RLE DU BUAT", "price_per_sqm": 2133.3333333333335, "date_iso": "2023-03-28", "parcelle": "77153000AH0552", "addr_num": "8"}}, {"type": "Feature", "geometry": {"type": "Point", "coordinates": [2.685994, 49.052587]}, "properties": {"year": 2023, "valeur_fonciere": 320000.0, "type_local": null, "surface_reelle_bati": null, "nombre_pieces_principales": null, "adresse_nom_voie": "RLE DU BUAT", "price_per_sqm": null, "date_iso": "2023-03-28", "parcelle": "77153000AH0563", "addr_num": "8"}}, {"type": "Feature", "geometry": {"type": "Point", "coordinates": [2.686081, 49.052553]}, "properties": {"year": 2023, "valeur_fonciere": 320000.0, "type_local": null, "surface_reelle_bati": null, "nombre_pieces_principales": null, "adresse_nom_voie": "RLE DU BUAT", "price_per_sqm": null, "date_iso": "2023-03-28", "parcelle": "77153000AH0568", "addr_num": "8"}}, {"type": "Feature", "geometry": {"type": "Point", "coordinates": [2.677349, 49.060247]}, "properties": {"year": 2023, "valeur_fonciere": 367000.0, "type_local": "Maison", "surface_reelle_bati": 128.0, "nombre_pieces_principales": 5.0, "adresse_nom_voie": "IMP CESARIA EVORIA", "price_per_sqm": 2867.1875, "date_iso": "2023-03-28", "parcelle": "77153000AP0247", "addr_num": "2"}}, {"type": "Feature", "geometry": {"type": "Point", "coordinates": [2.677349, 49.060247]}, "properties": {"year": 2023, "valeur_fonciere": 367000.0, "type_local": "Maison", "surface_reelle_bati": 128.0, "nombre_pieces_principales": 5.0, "adresse_nom_voie": "IMP CESARIA EVORIA", "price_per_sqm": 2867.1875, "date_iso": "2023-03-28", "parcelle": "77153000AP0247", "addr_num": "2"}}, {"type": "Feature", "geometry": {"type": "Point", "coordinates": [2.697031, 49.056942]}, "properties": {"year": 2023, "valeur_fonciere": 14500.0, "type_local": "Dépendance", "surface_reelle_bati": null, "nombre_pieces_principales": 0.0, "adresse_nom_voie": "AV DU MARECHAL LECLERC", "price_per_sqm": null, "date_iso": "2023-03-28", "parcelle": "77153000AM0117", "addr_num": "69"}}, {"type": "Feature", "geometry": {"type": "Point", "coordinates": [2.659344, 49.066402]}, "properties": {"year": 2023, "valeur_fonciere": 930.0, "type_local": null, "surface_reelle_bati": null, "nombre_pieces_principales": null, "adresse_nom_voie": "LA MOLLE PATE", "price_per_sqm": null, "date_iso": "2023-03-30", "parcelle": "771530000A0243", "addr_num": ""}}, {"type": "Feature", "geometry": {"type": "Point", "coordinates": [2.659344, 49.066402]}, "properties": {"year": 2023, "valeur_fonciere": 930.0, "type_local": null, "surface_reelle_bati": null, "nombre_pieces_principales": null, "adresse_nom_voie": "LA MOLLE PATE", "price_per_sqm": null, "date_iso": "2023-03-30", "parcelle": "771530000A0243", "addr_num": ""}}, {"type": "Feature", "geometry": {"type": "Point", "coordinates": [2.676919, 49.050164]}, "properties": {"year": 2023, "valeur_fonciere": 930.0, "type_local": null, "surface_reelle_bati": null, "nombre_pieces_principales": null, "adresse_nom_voie": "LES FILOIRS", "price_per_sqm": null, "date_iso": "2023-03-30", "parcelle": "77153000ZN0298", "addr_num": ""}}, {"type": "Feature", "geometry": {"type": "Point", "coordinates": [2.691338, 49.05855]}, "properties": {"year": 2023, "valeur_fonciere": 245000.0, "type_local": "Dépendance", "surface_reelle_bati": null, "nombre_pieces_principales": 0.0, "adresse_nom_voie": "AV DU DRAP D OR", "price_per_sqm": null, "date_iso": "2023-03-31", "parcelle": "77153000AL0093", "addr_num": "80"}}, {"type": "Feature", "geometry": {"type": "Point", "coordinates": [2.691338, 49.05855]}, "properties": {"year": 2023, "valeur_fonciere": 245000.0, "type_local": "Maison", "surface_reelle_bati": 82.0, "nombre_pieces_principales": 5.0, "adresse_nom_voie": "AV DU DRAP D OR", "price_per_sqm": 2987.8048780487807, "date_iso": "2023-03-31", "parcelle": "77153000AL0093", "addr_num": "80"}}, {"type": "Feature", "geometry": {"type": "Point", "coordinates": [2.677413, 49.054797]}, "properties": {"year": 2023, "valeur_fonciere": 115000.0, "type_local": "Appartement", "surface_reelle_bati": 30.0, "nombre_pieces_principales": 1.0, "adresse_nom_voie": "RUE SAINT JEAN", "price_per_sqm": 3833.3333333333335, "date_iso": "2023-04-04", "parcelle": "77153000AB0021", "addr_num": "5"}}, {"type": "Feature", "geometry": {"type": "Point", "coordinates": [2.677413, 49.054797]}, "properties": {"year": 2023, "valeur_fonciere": 115000.0, "type_local": "Dépendance", "surface_reelle_bati": null, "nombre_pieces_principales": 0.0, "adresse_nom_voie": "RUE SAINT JEAN", "price_per_sqm": null, "date_iso": "2023-04-04", "parcelle": "77153000AB0021", "addr_num": "5"}}, {"type": "Feature", "geometry": {"type": "Point", "coordinates": [2.681145, 49.053599]}, "properties": {"year": 2023, "valeur_fonciere": 126500.0, "type_local": "Dépendance", "surface_reelle_bati": null, "nombre_pieces_principales": 0.0, "adresse_nom_voie": "RUE VICTOR OFFROY", "price_per_sqm": null, "date_iso": "2023-04-05", "parcelle": "77153000AD0423", "addr_num": "5"}}, {"type": "Feature", "geometry": {"type": "Point", "coordinates": [2.681145, 49.053599]}, "properties": {"year": 2023, "valeur_fonciere": 126500.0, "type_local": "Appartement", "surface_reelle_bati": 35.0, "nombre_pieces_principales": 2.0, "adresse_nom_voie": "RUE VICTOR OFFROY", "price_per_sqm": 3614.285714285714, "date_iso": "2023-04-05", "parcelle": "77153000AD0423", "addr_num": "5"}}, {"type": "Feature", "geometry": {"type": "Point", "coordinates": [2.679976, 49.05398]}, "properties": {"year": 2023, "valeur_fonciere": 71000.0, "type_local": null, "surface_reelle_bati": null, "nombre_pieces_principales": null, "adresse_nom_voie": "RUE DU GENERAL DE GAULLE", "price_per_sqm": null, "date_iso": "2023-03-27", "parcelle": "77153000AD0004", "addr_num": "116"}}, {"type": "Feature", "geometry": {"type": "Point", "coordinates": [2.684167, 49.061479]}, "properties": {"year": 2023, "valeur_fonciere": 175000.0, "type_local": null, "surface_reelle_bati": null, "nombre_pieces_principales": null, "adresse_nom_voie": "AV ANTOINE CHABANNES", "price_per_sqm": null, "date_iso": "2023-04-07", "parcelle": "77153000AO0439", "addr_num": "15"}}, {"type": "Feature", "geometry": {"type": "Point", "coordinates": [2.677413, 49.054797]}, "properties": {"year": 2023, "valeur_fonciere": 10000.0, "type_local": "Dépendance", "surface_reelle_bati": null, "nombre_pieces_principales": 0.0, "adresse_nom_voie": "RUE SAINT JEAN", "price_per_sqm": null, "date_iso": "2023-03-31", "parcelle": "77153000AB0021", "addr_num": "5"}}, {"type": "Feature", "geometry": {"type": "Point", "coordinates": [2.682282, 49.053019]}, "properties": {"year": 2023, "valeur_fonciere": 132000.0, "type_local": "Local industriel. commercial ou assimilé", "surface_reelle_bati": 3.0, "nombre_pieces_principales": 0.0, "adresse_nom_voie": "RUE DE MEAUX", "price_per_sqm": null, "date_iso": "2023-04-05", "parcelle": "77153000AD0371", "addr_num": "1"}}, {"type": "Feature", "geometry": {"type": "Point", "coordinates": [2.682282, 49.053019]}, "properties": {"year": 2023, "valeur_fonciere": 132000.0, "type_local": "Local industriel. commercial ou assimilé", "surface_reelle_bati": 42.0, "nombre_pieces_principales": 0.0, "adresse_nom_voie": "RUE DE MEAUX", "price_per_sqm": 3142.8571428571427, "date_iso": "2023-04-05", "parcelle": "77153000AD0371", "addr_num": "1"}}, {"type": "Feature", "geometry": {"type": "Point", "coordinates": [2.683259, 49.053891]}, "properties": {"year": 2023, "valeur_fonciere": 130000.0, "type_local": "Appartement", "surface_reelle_bati": 42.0, "nombre_pieces_principales": 2.0, "adresse_nom_voie": "RUE DU GENERAL DE GAULLE", "price_per_sqm": 3095.2380952380954, "date_iso": "2023-04-07", "parcelle": "77153000AC0152", "addr_num": "161"}}, {"type": "Feature", "geometry": {"type": "Point", "coordinates": [2.680005, 49.05492]}, "properties": {"year": 2023, "valeur_fonciere": 173000.0, "type_local": "Dépendance", "surface_reelle_bati": null, "nombre_pieces_principales": 0.0, "adresse_nom_voie": "RUE GANNEVAL", "price_per_sqm": null, "date_iso": "2023-04-07", "parcelle": "77153000AC0213", "addr_num": "12"}}, {"type": "Feature", "geometry": {"type": "Point", "coordinates": [2.680005, 49.05492]}, "properties": {"year": 2023, "valeur_fonciere": 173000.0, "type_local": "Appartement", "surface_reelle_bati": 47.0, "nombre_pieces_principales": 2.0, "adresse_nom_voie": "RUE GANNEVAL", "price_per_sqm": 3680.851063829787, "date_iso": "2023-04-07", "parcelle": "77153000AC0213", "addr_num": "12"}}, {"type": "Feature", "geometry": {"type": "Point", "coordinates": [2.692624, 49.06204]}, "properties": {"year": 2023, "valeur_fonciere": 249000.0, "type_local": "Dépendance", "surface_reelle_bati": null, "nombre_pieces_principales": 0.0, "adresse_nom_voie": "ALL DE L AUBEPINE", "price_per_sqm": null, "date_iso": "2023-04-20", "parcelle": "77153000AN0057", "addr_num": "5"}}, {"type": "Feature", "geometry": {"type": "Point", "coordinates": [2.692624, 49.06204]}, "properties": {"year": 2023, "valeur_fonciere": 249000.0, "type_local": "Appartement", "surface_reelle_bati": 54.0, "nombre_pieces_principales": 3.0, "adresse_nom_voie": "ALL DE L AUBEPINE", "price_per_sqm": 4611.111111111111, "date_iso": "2023-04-20", "parcelle": "77153000AN0057", "addr_num": "5"}}, {"type": "Feature", "geometry": {"type": "Point", "coordinates": [2.692624, 49.06204]}, "properties": {"year": 2023, "valeur_fonciere": 249000.0, "type_local": "Dépendance", "surface_reelle_bati": null, "nombre_pieces_principales": 0.0, "adresse_nom_voie": "ALL DE L AUBEPINE", "price_per_sqm": null, "date_iso": "2023-04-20", "parcelle": "77153000AN0057", "addr_num": "5"}}, {"type": "Feature", "geometry": {"type": "Point", "coordinates": [2.686489, 49.062322]}, "properties": {"year": 2023, "valeur_fonciere": 357000.0, "type_local": "Maison", "surface_reelle_bati": 99.0, "nombre_pieces_principales": 5.0, "adresse_nom_voie": "RTE D EVE", "price_per_sqm": 3606.060606060606, "date_iso": "2023-04-21", "parcelle": "77153000AO0086", "addr_num": "43"}}, {"type": "Feature", "geometry": {"type": "Point", "coordinates": [2.686489, 49.062322]}, "properties": {"year": 2023, "valeur_fonciere": 357000.0, "type_local": "Maison", "surface_reelle_bati": 99.0, "nombre_pieces_principales": 5.0, "adresse_nom_voie": "RTE D EVE", "price_per_sqm": 3606.060606060606, "date_iso": "2023-04-21", "parcelle": "77153000AO0086", "addr_num": "43"}}, {"type": "Feature", "geometry": {"type": "Point", "coordinates": [2.682825, 49.053225]}, "properties": {"year": 2023, "valeur_fonciere": 220000.0, "type_local": "Maison", "surface_reelle_bati": 90.0, "nombre_pieces_principales": 4.0, "adresse_nom_voie": "RUE DE MEAUX", "price_per_sqm": 2444.4444444444443, "date_iso": "2023-04-24", "parcelle": "77153000AD0231", "addr_num": "4"}}, {"type": "Feature", "geometry": {"type": "Point", "coordinates": [2.68343, 49.053245]}, "properties": {"year": 2023, "valeur_fonciere": 95000.0, "type_local": "Dépendance", "surface_reelle_bati": null, "nombre_pieces_principales": 0.0, "adresse_nom_voie": "RUE DE MEAUX", "price_per_sqm": null, "date_iso": "2023-04-27", "parcelle": "77153000AD0348", "addr_num": "16"}}, {"type": "Feature", "geometry": {"type": "Point", "coordinates": [2.68343, 49.053245]}, "properties": {"year": 2023, "valeur_fonciere": 95000.0, "type_local": "Appartement", "surface_reelle_bati": 27.0, "nombre_pieces_principales": 1.0, "adresse_nom_voie": "RUE DE MEAUX", "price_per_sqm": 3518.5185185185187, "date_iso": "2023-04-27", "parcelle": "77153000AD0348", "addr_num": "16"}}, {"type": "Feature", "geometry": {"type": "Point", "coordinates": [2.696647, 49.058107]}, "properties": {"year": 2023, "valeur_fonciere": 363500.0, "type_local": "Maison", "surface_reelle_bati": 157.0, "nombre_pieces_principales": 5.0, "adresse_nom_voie": "ALL DE LA HERSE D OR", "price_per_sqm": 2315.2866242038217, "date_iso": "2023-05-03", "parcelle": "77153000AM0188", "addr_num": "46"}}, {"type": "Feature", "geometry": {"type": "Point", "coordinates": [2.696647, 49.058107]}, "properties": {"year": 2023, "valeur_fonciere": 363500.0, "type_local": "Dépendance", "surface_reelle_bati": null, "nombre_pieces_principales": 0.0, "adresse_nom_voie": "ALL DE LA HERSE D OR", "price_per_sqm": null, "date_iso": "2023-05-03", "parcelle": "77153000AM0188", "addr_num": "46"}}, {"type": "Feature", "geometry": {"type": "Point", "coordinates": [2.696647, 49.058107]}, "properties": {"year": 2023, "valeur_fonciere": 363500.0, "type_local": "Maison", "surface_reelle_bati": 157.0, "nombre_pieces_principales": 5.0, "adresse_nom_voie": "ALL DE LA HERSE D OR", "price_per_sqm": 2315.2866242038217, "date_iso": "2023-05-03", "parcelle": "77153000AM0188", "addr_num": "46"}}, {"type": "Feature", "geometry": {"type": "Point", "coordinates": [2.696647, 49.058107]}, "properties": {"year": 2023, "valeur_fonciere": 363500.0, "type_local": "Dépendance", "surface_reelle_bati": null, "nombre_pieces_principales": 0.0, "adresse_nom_voie": "ALL DE LA HERSE D OR", "price_per_sqm": null, "date_iso": "2023-05-03", "parcelle": "77153000AM0188", "addr_num": "46"}}, {"type": "Feature", "geometry": {"type": "Point", "coordinates": [2.696338, 49.058169]}, "properties": {"year": 2023, "valeur_fonciere": 363500.0, "type_local": null, "surface_reelle_bati": null, "nombre_pieces_principales": null, "adresse_nom_voie": "ALL DE LA HERSE D OR", "price_per_sqm": null, "date_iso": "2023-05-03", "parcelle": "77153000AM0189", "addr_num": ""}}, {"type": "Feature", "geometry": {"type": "Point", "coordinates": [2.669294, 49.054573]}, "properties": {"year": 2023, "valeur_fonciere": 320000.0, "type_local": "Maison", "surface_reelle_bati": 84.0, "nombre_pieces_principales": 4.0, "adresse_nom_voie": "AV DE L'EAU BONNE PROLONGEE", "price_per_sqm": 3809.5238095238096, "date_iso": "2023-04-24", "parcelle": "771530000C0648", "addr_num": "10"}}, {"type": "Feature", "geometry": {"type": "Point", "coordinates": [2.675737, 49.053281]}, "properties": {"year": 2023, "valeur_fonciere": 270000.0, "type_local": "Dépendance", "surface_reelle_bati": null, "nombre_pieces_principales": 0.0, "adresse_nom_voie": "RUE DU GENERAL DE GAULLE", "price_per_sqm": null, "date_iso": "2023-04-20", "parcelle": "77153000AB0164", "addr_num": "14"}}, {"type": "Feature", "geometry": {"type": "Point", "coordinates": [2.675737, 49.053281]}, "properties": {"year": 2023, "valeur_fonciere": 270000.0, "type_local": "Local industriel. commercial ou assimilé", "surface_reelle_bati": 156.0, "nombre_pieces_principales": 0.0, "adresse_nom_voie": "RUE DU GENERAL DE GAULLE", "price_per_sqm": 1730.7692307692307, "date_iso": "2023-04-20", "parcelle": "77153000AB0164", "addr_num": "14"}}, {"type": "Feature", "geometry": {"type": "Point", "coordinates": [2.678772, 49.049125]}, "properties": {"year": 2023, "valeur_fonciere": 512220.0, "type_local": "Maison", "surface_reelle_bati": 131.0, "nombre_pieces_principales": 6.0, "adresse_nom_voie": "RUE DE LA LIBERATION", "price_per_sqm": 3910.0763358778627, "date_iso": "2023-04-28", "parcelle": "771530000D0300", "addr_num": "49"}}, {"type": "Feature", "geometry": {"type": "Point", "coordinates": [2.678772, 49.049125]}, "properties": {"year": 2023, "valeur_fonciere": 512220.0, "type_local": "Maison", "surface_reelle_bati": 131.0, "nombre_pieces_principales": 6.0, "adresse_nom_voie": "RUE DE LA LIBERATION", "price_per_sqm": 3910.0763358778627, "date_iso": "2023-04-28", "parcelle": "771530000D0300", "addr_num": "49"}}, {"type": "Feature", "geometry": {"type": "Point", "coordinates": [2.678772, 49.049125]}, "properties": {"year": 2023, "valeur_fonciere": 512220.0, "type_local": "Dépendance", "surface_reelle_bati": null, "nombre_pieces_principales": 0.0, "adresse_nom_voie": "RUE DE LA LIBERATION", "price_per_sqm": null, "date_iso": "2023-04-28", "parcelle": "771530000D0300", "addr_num": "49"}}, {"type": "Feature", "geometry": {"type": "Point", "coordinates": [2.678772, 49.049125]}, "properties": {"year": 2023, "valeur_fonciere": 512220.0, "type_local": "Dépendance", "surface_reelle_bati": null, "nombre_pieces_principales": 0.0, "adresse_nom_voie": "RUE DE LA LIBERATION", "price_per_sqm": null, "date_iso": "2023-04-28", "parcelle": "771530000D0300", "addr_num": "49"}}, {"type": "Feature", "geometry": {"type": "Point", "coordinates": [2.678772, 49.049125]}, "properties": {"year": 2023, "valeur_fonciere": 512220.0, "type_local": "Dépendance", "surface_reelle_bati": null, "nombre_pieces_principales": 0.0, "adresse_nom_voie": "RUE DE LA LIBERATION", "price_per_sqm": null, "date_iso": "2023-04-28", "parcelle": "771530000D0300", "addr_num": "49"}}, {"type": "Feature", "geometry": {"type": "Point", "coordinates": [2.678772, 49.049125]}, "properties": {"year": 2023, "valeur_fonciere": 512220.0, "type_local": "Dépendance", "surface_reelle_bati": null, "nombre_pieces_principales": 0.0, "adresse_nom_voie": "RUE DE LA LIBERATION", "price_per_sqm": null, "date_iso": "2023-04-28", "parcelle": "771530000D0300", "addr_num": "49"}}, {"type": "Feature", "geometry": {"type": "Point", "coordinates": [2.678732, 49.049255]}, "properties": {"year": 2023, "valeur_fonciere": 512220.0, "type_local": null, "surface_reelle_bati": null, "nombre_pieces_principales": null, "adresse_nom_voie": "RUE DE LA LIBERATION", "price_per_sqm": null, "date_iso": "2023-04-28", "parcelle": "771530000D0301", "addr_num": "49"}}, {"type": "Feature", "geometry": {"type": "Point", "coordinates": [2.678732, 49.049255]}, "properties": {"year": 2023, "valeur_fonciere": 512220.0, "type_local": null, "surface_reelle_bati": null, "nombre_pieces_principales": null, "adresse_nom_voie": "RUE DE LA LIBERATION", "price_per_sqm": null, "date_iso": "2023-04-28", "parcelle": "771530000D0301", "addr_num": "49"}}, {"type": "Feature", "geometry": {"type": "Point", "coordinates": [2.687655, 49.063552]}, "properties": {"year": 2023, "valeur_fonciere": 170000.0, "type_local": "Dépendance", "surface_reelle_bati": null, "nombre_pieces_principales": 0.0, "adresse_nom_voie": "RTE D EVE", "price_per_sqm": null, "date_iso": "2023-04-22", "parcelle": "77153000AO0076", "addr_num": "55"}}, {"type": "Feature", "geometry": {"type": "Point", "coordinates": [2.687655, 49.063552]}, "properties": {"year": 2023, "valeur_fonciere": 170000.0, "type_local": "Appartement", "surface_reelle_bati": 46.0, "nombre_pieces_principales": 2.0, "adresse_nom_voie": "RTE D EVE", "price_per_sqm": 3695.6521739130435, "date_iso": "2023-04-22", "parcelle": "77153000AO0076", "addr_num": "55"}}, {"type": "Feature", "geometry": {"type": "Point", "coordinates": [2.698838, 49.058547]}, "properties": {"year": 2023, "valeur_fonciere": 325000.0, "type_local": "Maison", "surface_reelle_bati": 92.0, "nombre_pieces_principales": 4.0, "adresse_nom_voie": "RUE DU BRABANT", "price_per_sqm": 3532.608695652174, "date_iso": "2023-05-09", "parcelle": "77153000AM0169", "addr_num": "7"}}, {"type": "Feature", "geometry": {"type": "Point", "coordinates": [2.686678, 49.058844]}, "properties": {"year": 2023, "valeur_fonciere": 495000.0, "type_local": "Maison", "surface_reelle_bati": 173.0, "nombre_pieces_principales": 5.0, "adresse_nom_voie": "RUE BELLE ANGEVINE", "price_per_sqm": 2861.271676300578, "date_iso": "2023-04-24", "parcelle": "77153000AK0482", "addr_num": "20"}}, {"type": "Feature", "geometry": {"type": "Point", "coordinates": [2.686965, 49.05884]}, "properties": {"year": 2023, "valeur_fonciere": 495000.0, "type_local": null, "surface_reelle_bati": null, "nombre_pieces_principales": null, "adresse_nom_voie": "RUE BELLE ANGEVINE", "price_per_sqm": null, "date_iso": "2023-04-24", "parcelle": "77153000AK0484", "addr_num": "20"}}, {"type": "Feature", "geometry": {"type": "Point", "coordinates": [2.686965, 49.05884]}, "properties": {"year": 2023, "valeur_fonciere": 495000.0, "type_local": null, "surface_reelle_bati": null, "nombre_pieces_principales": null, "adresse_nom_voie": "RUE BELLE ANGEVINE", "price_per_sqm": null, "date_iso": "2023-04-24", "parcelle": "77153000AK0484", "addr_num": "20"}}, {"type": "Feature", "geometry": {"type": "Point", "coordinates": [2.69167, 49.053006]}, "properties": {"year": 2023, "valeur_fonciere": 550000.0, "type_local": "Maison", "surface_reelle_bati": 197.0, "nombre_pieces_principales": 6.0, "adresse_nom_voie": "AV DU MARECHAL LECLERC", "price_per_sqm": 2791.8781725888325, "date_iso": "2023-05-09", "parcelle": "77153000ZE0243", "addr_num": "32"}}, {"type": "Feature", "geometry": {"type": "Point", "coordinates": [2.69167, 49.053006]}, "properties": {"year": 2023, "valeur_fonciere": 550000.0, "type_local": "Maison", "surface_reelle_bati": 197.0, "nombre_pieces_principales": 6.0, "adresse_nom_voie": "AV DU MARECHAL LECLERC", "price_per_sqm": 2791.8781725888325, "date_iso": "2023-05-09", "parcelle": "77153000ZE0243", "addr_num": "32"}}, {"type": "Feature", "geometry": {"type": "Point", "coordinates": [2.69191, 49.052738]}, "properties": {"year": 2023, "valeur_fonciere": 550000.0, "type_local": null, "surface_reelle_bati": null, "nombre_pieces_principales": null, "adresse_nom_voie": "AV DU MARECHAL LECLERC", "price_per_sqm": null, "date_iso": "2023-05-09", "parcelle": "77153000ZE0244", "addr_num": "32"}}, {"type": "Feature", "geometry": {"type": "Point", "coordinates": [2.675363, 49.060269]}, "properties": {"year": 2023, "valeur_fonciere": 210000.0, "type_local": "Appartement", "surface_reelle_bati": 59.0, "nombre_pieces_principales": 3.0, "adresse_nom_voie": "AV JEAN JAURES", "price_per_sqm": 3559.322033898305, "date_iso": "2023-05-11", "parcelle": "771530000A1638", "addr_num": "3"}}, {"type": "Feature", "geometry": {"type": "Point", "coordinates": [2.675363, 49.060269]}, "properties": {"year": 2023, "valeur_fonciere": 210000.0, "type_local": "Dépendance", "surface_reelle_bati": null, "nombre_pieces_principales": 0.0, "adresse_nom_voie": "AV JEAN JAURES", "price_per_sqm": null, "date_iso": "2023-05-11", "parcelle": "771530000A1638", "addr_num": "3"}}, {"type": "Feature", "geometry": {"type": "Point", "coordinates": [2.675363, 49.060269]}, "properties": {"year": 2023, "valeur_fonciere": 210000.0, "type_local": "Dépendance", "surface_reelle_bati": null, "nombre_pieces_principales": 0.0, "adresse_nom_voie": "AV JEAN JAURES", "price_per_sqm": null, "date_iso": "2023-05-11", "parcelle": "771530000A1638", "addr_num": "3"}}, {"type": "Feature", "geometry": {"type": "Point", "coordinates": [2.681184, 49.053839]}, "properties": {"year": 2023, "valeur_fonciere": 78000.0, "type_local": "Dépendance", "surface_reelle_bati": null, "nombre_pieces_principales": 0.0, "adresse_nom_voie": "RUE DU GENERAL DE GAULLE", "price_per_sqm": null, "date_iso": "2023-05-03", "parcelle": "77153000AD0014", "addr_num": "134"}}, {"type": "Feature", "geometry": {"type": "Point", "coordinates": [2.681184, 49.053839]}, "properties": {"year": 2023, "valeur_fonciere": 78000.0, "type_local": "Appartement", "surface_reelle_bati": 13.0, "nombre_pieces_principales": 1.0, "adresse_nom_voie": "RUE DU GENERAL DE GAULLE", "price_per_sqm": 6000.0, "date_iso": "2023-05-03", "parcelle": "77153000AD0014", "addr_num": "134"}}, {"type": "Feature", "geometry": {"type": "Point", "coordinates": [2.692059, 49.054973]}, "properties": {"year": 2023, "valeur_fonciere": 225000.0, "type_local": "Maison", "surface_reelle_bati": 83.0, "nombre_pieces_principales": 4.0, "adresse_nom_voie": "RUE DES LOUISE BONNE", "price_per_sqm": 2710.843373493976, "date_iso": "2023-05-16", "parcelle": "77153000AL0266", "addr_num": "8"}}, {"type": "Feature", "geometry": {"type": "Point", "coordinates": [2.684551, 49.053003]}, "properties": {"year": 2023, "valeur_fonciere": 104990.0, "type_local": "Appartement", "surface_reelle_bati": 26.0, "nombre_pieces_principales": 1.0, "adresse_nom_voie": "RUE DE MEAUX", "price_per_sqm": 4038.076923076923, "date_iso": "2023-05-25", "parcelle": "77153000AD0363", "addr_num": "19"}}, {"type": "Feature", "geometry": {"type": "Point", "coordinates": [2.684551, 49.053003]}, "properties": {"year": 2023, "valeur_fonciere": 104990.0, "type_local": "Dépendance", "surface_reelle_bati": null, "nombre_pieces_principales": 0.0, "adresse_nom_voie": "RUE DE MEAUX", "price_per_sqm": null, "date_iso": "2023-05-25", "parcelle": "77153000AD0363", "addr_num": "19"}}, {"type": "Feature", "geometry": {"type": "Point", "coordinates": [2.683043, 49.06049]}, "properties": {"year": 2023, "valeur_fonciere": 374500.0, "type_local": "Maison", "surface_reelle_bati": 170.0, "nombre_pieces_principales": 5.0, "adresse_nom_voie": "RUE PHILIPPE LE HUREPEL", "price_per_sqm": 2202.9411764705883, "date_iso": "2023-05-17", "parcelle": "77153000AK0507", "addr_num": "8"}}, {"type": "Feature", "geometry": {"type": "Point", "coordinates": [2.690998, 49.057538]}, "properties": {"year": 2023, "valeur_fonciere": 310000.0, "type_local": "Maison", "surface_reelle_bati": 91.0, "nombre_pieces_principales": 5.0, "adresse_nom_voie": "ALL DES MIRABELLES", "price_per_sqm": 3406.5934065934066, "date_iso": "2023-05-30", "parcelle": "77153000AL0131", "addr_num": "12"}}, {"type": "Feature", "geometry": {"type": "Point", "coordinates": [2.694519, 49.055263]}, "properties": {"year": 2023, "valeur_fonciere": 379000.0, "type_local": "Maison", "surface_reelle_bati": 100.0, "nombre_pieces_principales": 5.0, "adresse_nom_voie": "PL DES BOULEAUX", "price_per_sqm": 3790.0, "date_iso": "2023-05-30", "parcelle": "77153000AL0384", "addr_num": "13"}}, {"type": "Feature", "geometry": {"type": "Point", "coordinates": [2.694629, 49.055184]}, "properties": {"year": 2023, "valeur_fonciere": 379000.0, "type_local": null, "surface_reelle_bati": null, "nombre_pieces_principales": null, "adresse_nom_voie": "PL DES BOULEAUX", "price_per_sqm": null, "date_iso": "2023-05-30", "parcelle": "77153000AL0386", "addr_num": "13"}}, {"type": "Feature", "geometry": {"type": "Point", "coordinates": [2.685069, 49.053172]}, "properties": {"year": 2023, "valeur_fonciere": 460000.0, "type_local": "Local industriel. commercial ou assimilé", "surface_reelle_bati": 259.0, "nombre_pieces_principales": 0.0, "adresse_nom_voie": "RUE DE MEAUX", "price_per_sqm": 1776.061776061776, "date_iso": "2023-06-06", "parcelle": "77153000AD0107", "addr_num": "25"}}, {"type": "Feature", "geometry": {"type": "Point", "coordinates": [2.684996, 49.058191]}, "properties": {"year": 2023, "valeur_fonciere": 159500.0, "type_local": null, "surface_reelle_bati": null, "nombre_pieces_principales": null, "adresse_nom_voie": "AV DES VERGERS", "price_per_sqm": null, "date_iso": "2023-05-25", "parcelle": "77153000AK0501", "addr_num": "43"}}, {"type": "Feature", "geometry": {"type": "Point", "coordinates": [2.684816, 49.057992]}, "properties": {"year": 2023, "valeur_fonciere": 159500.0, "type_local": null, "surface_reelle_bati": null, "nombre_pieces_principales": null, "adresse_nom_voie": "AV DES VERGERS", "price_per_sqm": null, "date_iso": "2023-05-25", "parcelle": "771530000B1203", "addr_num": "43"}}, {"type": "Feature", "geometry": {"type": "Point", "coordinates": [2.684932, 49.058024]}, "properties": {"year": 2023, "valeur_fonciere": 159500.0, "type_local": null, "surface_reelle_bati": null, "nombre_pieces_principales": null, "adresse_nom_voie": "AV DES VERGERS", "price_per_sqm": null, "date_iso": "2023-05-25", "parcelle": "771530000B1206", "addr_num": "43"}}, {"type": "Feature", "geometry": {"type": "Point", "coordinates": [2.67808, 49.055184]}, "properties": {"year": 2023, "valeur_fonciere": 137600.0, "type_local": "Dépendance", "surface_reelle_bati": null, "nombre_pieces_principales": 0.0, "adresse_nom_voie": "RUE GANNEVAL", "price_per_sqm": null, "date_iso": "2023-06-14", "parcelle": "77153000AB0029", "addr_num": "37"}}, {"type": "Feature", "geometry": {"type": "Point", "coordinates": [2.67808, 49.055184]}, "properties": {"year": 2023, "valeur_fonciere": 137600.0, "type_local": "Appartement", "surface_reelle_bati": 33.0, "nombre_pieces_principales": 2.0, "adresse_nom_voie": "RUE GANNEVAL", "price_per_sqm": 4169.69696969697, "date_iso": "2023-06-14", "parcelle": "77153000AB0029", "addr_num": "37"}}, {"type": "Feature", "geometry": {"type": "Point", "coordinates": [2.693872, 49.055202]}, "properties": {"year": 2023, "valeur_fonciere": 465000.0, "type_local": "Maison", "surface_reelle_bati": 128.0, "nombre_pieces_principales": 5.0, "adresse_nom_voie": "ALL GD ALEXANDRE", "price_per_sqm": 3632.8125, "date_iso": "2023-06-13", "parcelle": "77153000AL0045", "addr_num": "18"}}, {"type": "Feature", "geometry": {"type": "Point", "coordinates": [2.693872, 49.055202]}, "properties": {"year": 2023, "valeur_fonciere": 465000.0, "type_local": "Dépendance", "surface_reelle_bati": null, "nombre_pieces_principales": 0.0, "adresse_nom_voie": "ALL GD ALEXANDRE", "price_per_sqm": null, "date_iso": "2023-06-13", "parcelle": "77153000AL0045", "addr_num": "18"}}, {"type": "Feature", "geometry": {"type": "Point", "coordinates": [2.693872, 49.055202]}, "properties": {"year": 2023, "valeur_fonciere": 465000.0, "type_local": "Dépendance", "surface_reelle_bati": null, "nombre_pieces_principales": 0.0, "adresse_nom_voie": "ALL GD ALEXANDRE", "price_per_sqm": null, "date_iso": "2023-06-13", "parcelle": "77153000AL0045", "addr_num": "18"}}, {"type": "Feature", "geometry": {"type": "Point", "coordinates": [2.693872, 49.055202]}, "properties": {"year": 2023, "valeur_fonciere": 465000.0, "type_local": "Dépendance", "surface_reelle_bati": null, "nombre_pieces_principales": 0.0, "adresse_nom_voie": "ALL GD ALEXANDRE", "price_per_sqm": null, "date_iso": "2023-06-13", "parcelle": "77153000AL0045", "addr_num": "18"}}, {"type": "Feature", "geometry": {"type": "Point", "coordinates": [2.693872, 49.055202]}, "properties": {"year": 2023, "valeur_fonciere": 465000.0, "type_local": "Maison", "surface_reelle_bati": 128.0, "nombre_pieces_principales": 5.0, "adresse_nom_voie": "ALL GD ALEXANDRE", "price_per_sqm": 3632.8125, "date_iso": "2023-06-13", "parcelle": "77153000AL0045", "addr_num": "18"}}, {"type": "Feature", "geometry": {"type": "Point", "coordinates": [2.693872, 49.055202]}, "properties": {"year": 2023, "valeur_fonciere": 465000.0, "type_local": "Dépendance", "surface_reelle_bati": null, "nombre_pieces_principales": 0.0, "adresse_nom_voie": "ALL GD ALEXANDRE", "price_per_sqm": null, "date_iso": "2023-06-13", "parcelle": "77153000AL0045", "addr_num": "18"}}, {"type": "Feature", "geometry": {"type": "Point", "coordinates": [2.686878, 49.055356]}, "properties": {"year": 2023, "valeur_fonciere": 200.0, "type_local": null, "surface_reelle_bati": null, "nombre_pieces_principales": null, "adresse_nom_voie": "LA GARENNE", "price_per_sqm": null, "date_iso": "2023-05-24", "parcelle": "771530000B1209", "addr_num": ""}}, {"type": "Feature", "geometry": {"type": "Point", "coordinates": [2.679915, 49.06303]}, "properties": {"year": 2023, "valeur_fonciere": 305000.0, "type_local": "Dépendance", "surface_reelle_bati": null, "nombre_pieces_principales": 0.0, "adresse_nom_voie": "RUE ANNE FRANCK", "price_per_sqm": null, "date_iso": "2023-06-15", "parcelle": "771530000A1414", "addr_num": "18"}}, {"type": "Feature", "geometry": {"type": "Point", "coordinates": [2.680067, 49.06295]}, "properties": {"year": 2023, "valeur_fonciere": 305000.0, "type_local": "Maison", "surface_reelle_bati": 78.0, "nombre_pieces_principales": 4.0, "adresse_nom_voie": "RUE ANNE FRANCK", "price_per_sqm": 3910.25641025641, "date_iso": "2023-06-15", "parcelle": "771530000A1427", "addr_num": "18"}}, {"type": "Feature", "geometry": {"type": "Point", "coordinates": [2.679918, 49.062994]}, "properties": {"year": 2023, "valeur_fonciere": 305000.0, "type_local": "Dépendance", "surface_reelle_bati": null, "nombre_pieces_principales": 0.0, "adresse_nom_voie": "RUE ANNE FRANCK", "price_per_sqm": null, "date_iso": "2023-06-15", "parcelle": "771530000A1438", "addr_num": "18"}}, {"type": "Feature", "geometry": {"type": "Point", "coordinates": [2.677342, 49.054935]}, "properties": {"year": 2023, "valeur_fonciere": 108000.0, "type_local": "Appartement", "surface_reelle_bati": 27.0, "nombre_pieces_principales": 1.0, "adresse_nom_voie": "RUE SAINT JEAN", "price_per_sqm": 4000.0, "date_iso": "2023-05-31", "parcelle": "77153000AB0283", "addr_num": "7"}}, {"type": "Feature", "geometry": {"type": "Point", "coordinates": [2.696447, 49.057939]}, "properties": {"year": 2023, "valeur_fonciere": 165000.0, "type_local": "Appartement", "surface_reelle_bati": 40.0, "nombre_pieces_principales": 2.0, "adresse_nom_voie": "AV DU MARECHAL LECLERC", "price_per_sqm": 4125.0, "date_iso": "2023-06-06", "parcelle": "77153000AM0105", "addr_num": "67"}}, {"type": "Feature", "geometry": {"type": "Point", "coordinates": [2.696447, 49.057939]}, "properties": {"year": 2023, "valeur_fonciere": 165000.0, "type_local": "Dépendance", "surface_reelle_bati": null, "nombre_pieces_principales": 0.0, "adresse_nom_voie": "AV DU MARECHAL LECLERC", "price_per_sqm": null, "date_iso": "2023-06-06", "parcelle": "77153000AM0105", "addr_num": "67"}}, {"type": "Feature", "geometry": {"type": "Point", "coordinates": [2.679758, 49.055677]}, "properties": {"year": 2023, "valeur_fonciere": 150000.0, "type_local": "Appartement", "surface_reelle_bati": 59.0, "nombre_pieces_principales": 2.0, "adresse_nom_voie": "RUE ABEL CHENEVAT", "price_per_sqm": 2542.3728813559323, "date_iso": "2023-06-06", "parcelle": "77153000AC0028", "addr_num": "1"}}, {"type": "Feature", "geometry": {"type": "Point", "coordinates": [2.679758, 49.055677]}, "properties": {"year": 2023, "valeur_fonciere": 150000.0, "type_local": "Dépendance", "surface_reelle_bati": null, "nombre_pieces_principales": 0.0, "adresse_nom_voie": "RUE ABEL CHENEVAT", "price_per_sqm": null, "date_iso": "2023-06-06", "parcelle": "77153000AC0028", "addr_num": "1"}}, {"type": "Feature", "geometry": {"type": "Point", "coordinates": [2.679758, 49.055677]}, "properties": {"year": 2023, "valeur_fonciere": 150000.0, "type_local": "Dépendance", "surface_reelle_bati": null, "nombre_pieces_principales": 0.0, "adresse_nom_voie": "RUE ABEL CHENEVAT", "price_per_sqm": null, "date_iso": "2023-06-06", "parcelle": "77153000AC0028", "addr_num": "1"}}, {"type": "Feature", "geometry": {"type": "Point", "coordinates": [2.697423, 49.057845]}, "properties": {"year": 2023, "valeur_fonciere": 500000.0, "type_local": "Dépendance", "surface_reelle_bati": null, "nombre_pieces_principales": 0.0, "adresse_nom_voie": "AV DU MARECHAL LECLERC", "price_per_sqm": null, "date_iso": "2023-06-27", "parcelle": "77153000AM0113", "addr_num": "73"}}, {"type": "Feature", "geometry": {"type": "Point", "coordinates": [2.697423, 49.057845]}, "properties": {"year": 2023, "valeur_fonciere": 500000.0, "type_local": "Dépendance", "surface_reelle_bati": null, "nombre_pieces_principales": 0.0, "adresse_nom_voie": "AV DU MARECHAL LECLERC", "price_per_sqm": null, "date_iso": "2023-06-27", "parcelle": "77153000AM0113", "addr_num": "73"}}, {"type": "Feature", "geometry": {"type": "Point", "coordinates": [2.697423, 49.057845]}, "properties": {"year": 2023, "valeur_fonciere": 500000.0, "type_local": "Dépendance", "surface_reelle_bati": null, "nombre_pieces_principales": 0.0, "adresse_nom_voie": "AV DU MARECHAL LECLERC", "price_per_sqm": null, "date_iso": "2023-06-27", "parcelle": "77153000AM0113", "addr_num": "73"}}, {"type": "Feature", "geometry": {"type": "Point", "coordinates": [2.697423, 49.057845]}, "properties": {"year": 2023, "valeur_fonciere": 500000.0, "type_local": "Appartement", "surface_reelle_bati": 87.0, "nombre_pieces_principales": 5.0, "adresse_nom_voie": "AV DU MARECHAL LECLERC", "price_per_sqm": 5747.126436781609, "date_iso": "2023-06-27", "parcelle": "77153000AM0113", "addr_num": "73"}}, {"type": "Feature", "geometry": {"type": "Point", "coordinates": [2.697423, 49.057845]}, "properties": {"year": 2023, "valeur_fonciere": 500000.0, "type_local": "Local industriel. commercial ou assimilé", "surface_reelle_bati": 90.0, "nombre_pieces_principales": 0.0, "adresse_nom_voie": "AV DU MARECHAL LECLERC", "price_per_sqm": 5555.555555555556, "date_iso": "2023-06-27", "parcelle": "77153000AM0113", "addr_num": "73"}}, {"type": "Feature", "geometry": {"type": "Point", "coordinates": [2.697423, 49.057845]}, "properties": {"year": 2023, "valeur_fonciere": 500000.0, "type_local": "Appartement", "surface_reelle_bati": 160.0, "nombre_pieces_principales": 6.0, "adresse_nom_voie": "AV DU MARECHAL LECLERC", "price_per_sqm": 3125.0, "date_iso": "2023-06-27", "parcelle": "77153000AM0113", "addr_num": "73"}}, {"type": "Feature", "geometry": {"type": "Point", "coordinates": [2.697423, 49.057845]}, "properties": {"year": 2023, "valeur_fonciere": 500000.0, "type_local": "Dépendance", "surface_reelle_bati": null, "nombre_pieces_principales": 0.0, "adresse_nom_voie": "AV DU MARECHAL LECLERC", "price_per_sqm": null, "date_iso": "2023-06-27", "parcelle": "77153000AM0113", "addr_num": "73"}}, {"type": "Feature", "geometry": {"type": "Point", "coordinates": [2.697423, 49.057845]}, "properties": {"year": 2023, "valeur_fonciere": 500000.0, "type_local": "Dépendance", "surface_reelle_bati": null, "nombre_pieces_principales": 0.0, "adresse_nom_voie": "AV DU MARECHAL LECLERC", "price_per_sqm": null, "date_iso": "2023-06-27", "parcelle": "77153000AM0113", "addr_num": "73"}}, {"type": "Feature", "geometry": {"type": "Point", "coordinates": [2.697423, 49.057845]}, "properties": {"year": 2023, "valeur_fonciere": 500000.0, "type_local": "Dépendance", "surface_reelle_bati": null, "nombre_pieces_principales": 0.0, "adresse_nom_voie": "AV DU MARECHAL LECLERC", "price_per_sqm": null, "date_iso": "2023-06-27", "parcelle": "77153000AM0113", "addr_num": "73"}}, {"type": "Feature", "geometry": {"type": "Point", "coordinates": [2.697423, 49.057845]}, "properties": {"year": 2023, "valeur_fonciere": 500000.0, "type_local": "Dépendance", "surface_reelle_bati": null, "nombre_pieces_principales": 0.0, "adresse_nom_voie": "AV DU MARECHAL LECLERC", "price_per_sqm": null, "date_iso": "2023-06-27", "parcelle": "77153000AM0113", "addr_num": "73"}}, {"type": "Feature", "geometry": {"type": "Point", "coordinates": [2.676012, 49.063093]}, "properties": {"year": 2023, "valeur_fonciere": 290000.0, "type_local": "Maison", "surface_reelle_bati": 86.0, "nombre_pieces_principales": 4.0, "adresse_nom_voie": "IMP GEORGES BRASSENS", "price_per_sqm": 3372.093023255814, "date_iso": "2023-06-30", "parcelle": "771530000A1341", "addr_num": "8"}}, {"type": "Feature", "geometry": {"type": "Point", "coordinates": [2.67614, 49.063112]}, "properties": {"year": 2023, "valeur_fonciere": 290000.0, "type_local": null, "surface_reelle_bati": null, "nombre_pieces_principales": null, "adresse_nom_voie": "IMP GEORGES BRASSENS", "price_per_sqm": null, "date_iso": "2023-06-30", "parcelle": "771530000A1351", "addr_num": "8"}}, {"type": "Feature", "geometry": {"type": "Point", "coordinates": [2.681934, 49.048049]}, "properties": {"year": 2023, "valeur_fonciere": 1300.0, "type_local": null, "surface_reelle_bati": null, "nombre_pieces_principales": null, "adresse_nom_voie": "LES JARDINS NEUFS", "price_per_sqm": null, "date_iso": "2023-06-29", "parcelle": "77153000ZI0028", "addr_num": ""}}, {"type": "Feature", "geometry": {"type": "Point", "coordinates": [2.67808, 49.052193]}, "properties": {"year": 2023, "valeur_fonciere": 254000.0, "type_local": "Maison", "surface_reelle_bati": 102.0, "nombre_pieces_principales": 3.0, "adresse_nom_voie": "RLE DES FILOIRS", "price_per_sqm": 2490.1960784313724, "date_iso": "2023-06-29", "parcelle": "77153000ZN0214", "addr_num": ""}}, {"type": "Feature", "geometry": {"type": "Point", "coordinates": [2.675363, 49.060269]}, "properties": {"year": 2023, "valeur_fonciere": 202500.0, "type_local": "Dépendance", "surface_reelle_bati": null, "nombre_pieces_principales": 0.0, "adresse_nom_voie": "AV JEAN JAURES", "price_per_sqm": null, "date_iso": "2023-06-29", "parcelle": "771530000A1638", "addr_num": "3"}}, {"type": "Feature", "geometry": {"type": "Point", "coordinates": [2.675363, 49.060269]}, "properties": {"year": 2023, "valeur_fonciere": 202500.0, "type_local": "Dépendance", "surface_reelle_bati": null, "nombre_pieces_principales": 0.0, "adresse_nom_voie": "AV JEAN JAURES", "price_per_sqm": null, "date_iso": "2023-06-29", "parcelle": "771530000A1638", "addr_num": "3"}}, {"type": "Feature", "geometry": {"type": "Point", "coordinates": [2.675363, 49.060269]}, "properties": {"year": 2023, "valeur_fonciere": 202500.0, "type_local": "Appartement", "surface_reelle_bati": 61.0, "nombre_pieces_principales": 3.0, "adresse_nom_voie": "AV JEAN JAURES", "price_per_sqm": 3319.6721311475408, "date_iso": "2023-06-29", "parcelle": "771530000A1638", "addr_num": "3"}}, {"type": "Feature", "geometry": {"type": "Point", "coordinates": [2.688425, 49.050937]}, "properties": {"year": 2023, "valeur_fonciere": 370000.0, "type_local": "Dépendance", "surface_reelle_bati": null, "nombre_pieces_principales": 0.0, "adresse_nom_voie": "RUE DU CLOS RICHARD", "price_per_sqm": null, "date_iso": "2023-06-28", "parcelle": "77153000ZH0147", "addr_num": "11"}}, {"type": "Feature", "geometry": {"type": "Point", "coordinates": [2.688425, 49.050937]}, "properties": {"year": 2023, "valeur_fonciere": 370000.0, "type_local": "Dépendance", "surface_reelle_bati": null, "nombre_pieces_principales": 0.0, "adresse_nom_voie": "RUE DU CLOS RICHARD", "price_per_sqm": null, "date_iso": "2023-06-28", "parcelle": "77153000ZH0147", "addr_num": "11"}}, {"type": "Feature", "geometry": {"type": "Point", "coordinates": [2.688425, 49.050937]}, "properties": {"year": 2023, "valeur_fonciere": 370000.0, "type_local": "Maison", "surface_reelle_bati": 112.0, "nombre_pieces_principales": 4.0, "adresse_nom_voie": "RUE DU CLOS RICHARD", "price_per_sqm": 3303.5714285714284, "date_iso": "2023-06-28", "parcelle": "77153000ZH0147", "addr_num": "11"}}, {"type": "Feature", "geometry": {"type": "Point", "coordinates": [2.69587, 49.055857]}, "properties": {"year": 2023, "valeur_fonciere": 145000.0, "type_local": null, "surface_reelle_bati": null, "nombre_pieces_principales": null, "adresse_nom_voie": "AV DU MARECHAL LECLERC", "price_per_sqm": null, "date_iso": "2023-06-13", "parcelle": "77153000AL0396", "addr_num": "65"}}, {"type": "Feature", "geometry": {"type": "Point", "coordinates": [2.678426, 49.045725]}, "properties": {"year": 2023, "valeur_fonciere": 1200.0, "type_local": null, "surface_reelle_bati": null, "nombre_pieces_principales": null, "adresse_nom_voie": "LA PEPINIERE", "price_per_sqm": null, "date_iso": "2023-06-23", "parcelle": "77153000ZI0005", "addr_num": ""}}, {"type": "Feature", "geometry": {"type": "Point", "coordinates": [2.686186, 49.052252]}, "properties": {"year": 2023, "valeur_fonciere": 332400.0, "type_local": "Maison", "surface_reelle_bati": 101.0, "nombre_pieces_principales": 5.0, "adresse_nom_voie": "RLE DU BUAT", "price_per_sqm": 3291.089108910891, "date_iso": "2023-06-30", "parcelle": "77153000AH0222", "addr_num": "6"}}, {"type": "Feature", "geometry": {"type": "Point", "coordinates": [2.686186, 49.052252]}, "properties": {"year": 2023, "valeur_fonciere": 332400.0, "type_local": "Maison", "surface_reelle_bati": 101.0, "nombre_pieces_principales": 5.0, "adresse_nom_voie": "RLE DU BUAT", "price_per_sqm": 3291.089108910891, "date_iso": "2023-06-30", "parcelle": "77153000AH0222", "addr_num": "6"}}, {"type": "Feature", "geometry": {"type": "Point", "coordinates": [2.685918, 49.052791]}, "properties": {"year": 2023, "valeur_fonciere": 332400.0, "type_local": null, "surface_reelle_bati": null, "nombre_pieces_principales": null, "adresse_nom_voie": "RLE DU BUAT", "price_per_sqm": null, "date_iso": "2023-06-30", "parcelle": "77153000AH0560", "addr_num": ""}}, {"type": "Feature", "geometry": {"type": "Point", "coordinates": [2.685843, 49.052806]}, "properties": {"year": 2023, "valeur_fonciere": 332400.0, "type_local": null, "surface_reelle_bati": null, "nombre_pieces_principales": null, "adresse_nom_voie": "RLE DU BUAT", "price_per_sqm": null, "date_iso": "2023-06-30", "parcelle": "77153000AH0561", "addr_num": ""}}, {"type": "Feature", "geometry": {"type": "Point", "coordinates": [2.686045, 49.052725]}, "properties": {"year": 2023, "valeur_fonciere": 332400.0, "type_local": null, "surface_reelle_bati": null, "nombre_pieces_principales": null, "adresse_nom_voie": "RLE DU BUAT", "price_per_sqm": null, "date_iso": "2023-06-30", "parcelle": "77153000AH0562", "addr_num": ""}}, {"type": "Feature", "geometry": {"type": "Point", "coordinates": [2.686124, 49.052686]}, "properties": {"year": 2023, "valeur_fonciere": 332400.0, "type_local": null, "surface_reelle_bati": null, "nombre_pieces_principales": null, "adresse_nom_voie": "RLE DU BUAT", "price_per_sqm": null, "date_iso": "2023-06-30", "parcelle": "77153000AH0567", "addr_num": ""}}, {"type": "Feature", "geometry": {"type": "Point", "coordinates": [2.683151, 49.053056]}, "properties": {"year": 2023, "valeur_fonciere": 225000.0, "type_local": "Maison", "surface_reelle_bati": 135.0, "nombre_pieces_principales": 4.0, "adresse_nom_voie": "RUE DE MEAUX", "price_per_sqm": 1666.6666666666667, "date_iso": "2023-07-04", "parcelle": "77153000AD0171", "addr_num": "13"}}, {"type": "Feature", "geometry": {"type": "Point", "coordinates": [2.683067, 49.05295]}, "properties": {"year": 2023, "valeur_fonciere": 225000.0, "type_local": null, "surface_reelle_bati": null, "nombre_pieces_principales": null, "adresse_nom_voie": "RUE DE MEAUX", "price_per_sqm": null, "date_iso": "2023-07-04", "parcelle": "77153000AD0443", "addr_num": ""}}, {"type": "Feature", "geometry": {"type": "Point", "coordinates": [2.69351, 49.057693]}, "properties": {"year": 2023, "valeur_fonciere": 290000.0, "type_local": "Maison", "surface_reelle_bati": 92.0, "nombre_pieces_principales": 5.0, "adresse_nom_voie": "AV DU DRAP D OR", "price_per_sqm": 3152.1739130434785, "date_iso": "2023-07-04", "parcelle": "77153000AL0079", "addr_num": "108"}}, {"type": "Feature", "geometry": {"type": "Point", "coordinates": [2.69351, 49.057693]}, "properties": {"year": 2023, "valeur_fonciere": 290000.0, "type_local": "Dépendance", "surface_reelle_bati": null, "nombre_pieces_principales": 0.0, "adresse_nom_voie": "AV DU DRAP D OR", "price_per_sqm": null, "date_iso": "2023-07-04", "parcelle": "77153000AL0079", "addr_num": "108"}}, {"type": "Feature", "geometry": {"type": "Point", "coordinates": [2.681766, 49.061189]}, "properties": {"year": 2023, "valeur_fonciere": 352000.0, "type_local": "Maison", "surface_reelle_bati": 112.0, "nombre_pieces_principales": 6.0, "adresse_nom_voie": "AV ANTOINE CHABANNES", "price_per_sqm": 3142.8571428571427, "date_iso": "2023-07-04", "parcelle": "77153000AO0444", "addr_num": "2"}}, {"type": "Feature", "geometry": {"type": "Point", "coordinates": [2.681766, 49.061189]}, "properties": {"year": 2023, "valeur_fonciere": 352000.0, "type_local": "Dépendance", "surface_reelle_bati": null, "nombre_pieces_principales": 0.0, "adresse_nom_voie": "AV ANTOINE CHABANNES", "price_per_sqm": null, "date_iso": "2023-07-04", "parcelle": "77153000AO0444", "addr_num": "2"}}, {"type": "Feature", "geometry": {"type": "Point", "coordinates": [2.681766, 49.061189]}, "properties": {"year": 2023, "valeur_fonciere": 352000.0, "type_local": "Maison", "surface_reelle_bati": 112.0, "nombre_pieces_principales": 6.0, "adresse_nom_voie": "AV ANTOINE CHABANNES", "price_per_sqm": 3142.8571428571427, "date_iso": "2023-07-04", "parcelle": "77153000AO0444", "addr_num": "2"}}, {"type": "Feature", "geometry": {"type": "Point", "coordinates": [2.681766, 49.061189]}, "properties": {"year": 2023, "valeur_fonciere": 352000.0, "type_local": "Dépendance", "surface_reelle_bati": null, "nombre_pieces_principales": 0.0, "adresse_nom_voie": "AV ANTOINE CHABANNES", "price_per_sqm": null, "date_iso": "2023-07-04", "parcelle": "77153000AO0444", "addr_num": "2"}}, {"type": "Feature", "geometry": {"type": "Point", "coordinates": [2.677413, 49.054797]}, "properties": {"year": 2023, "valeur_fonciere": 131000.0, "type_local": "Dépendance", "surface_reelle_bati": null, "nombre_pieces_principales": 0.0, "adresse_nom_voie": "RUE SAINT JEAN", "price_per_sqm": null, "date_iso": "2023-07-04", "parcelle": "77153000AB0021", "addr_num": "5"}}, {"type": "Feature", "geometry": {"type": "Point", "coordinates": [2.677413, 49.054797]}, "properties": {"year": 2023, "valeur_fonciere": 131000.0, "type_local": "Appartement", "surface_reelle_bati": 39.0, "nombre_pieces_principales": 2.0, "adresse_nom_voie": "RUE SAINT JEAN", "price_per_sqm": 3358.974358974359, "date_iso": "2023-07-04", "parcelle": "77153000AB0021", "addr_num": "5"}}, {"type": "Feature", "geometry": {"type": "Point", "coordinates": [2.685632, 49.06449]}, "properties": {"year": 2023, "valeur_fonciere": 299000.0, "type_local": "Maison", "surface_reelle_bati": 85.0, "nombre_pieces_principales": 4.0, "adresse_nom_voie": "RUE JEAN JACQUES ROUSSEAU", "price_per_sqm": 3517.6470588235293, "date_iso": "2023-07-05", "parcelle": "77153000AO0145", "addr_num": "14"}}, {"type": "Feature", "geometry": {"type": "Point", "coordinates": [2.685632, 49.06449]}, "properties": {"year": 2023, "valeur_fonciere": 299000.0, "type_local": "Maison", "surface_reelle_bati": 85.0, "nombre_pieces_principales": 4.0, "adresse_nom_voie": "RUE JEAN JACQUES ROUSSEAU", "price_per_sqm": 3517.6470588235293, "date_iso": "2023-07-05", "parcelle": "77153000AO0145", "addr_num": "14"}}, {"type": "Feature", "geometry": {"type": "Point", "coordinates": [2.683595, 49.053619]}, "properties": {"year": 2023, "valeur_fonciere": 150000.0, "type_local": "Dépendance", "surface_reelle_bati": null, "nombre_pieces_principales": 0.0, "adresse_nom_voie": "RUE DU GENERAL DE GAULLE", "price_per_sqm": null, "date_iso": "2023-07-06", "parcelle": "77153000AD0367", "addr_num": "162"}}, {"type": "Feature", "geometry": {"type": "Point", "coordinates": [2.683595, 49.053619]}, "properties": {"year": 2023, "valeur_fonciere": 150000.0, "type_local": "Dépendance", "surface_reelle_bati": null, "nombre_pieces_principales": 0.0, "adresse_nom_voie": "RUE DU GENERAL DE GAULLE", "price_per_sqm": null, "date_iso": "2023-07-06", "parcelle": "77153000AD0367", "addr_num": "162"}}, {"type": "Feature", "geometry": {"type": "Point", "coordinates": [2.683595, 49.053619]}, "properties": {"year": 2023, "valeur_fonciere": 150000.0, "type_local": "Appartement", "surface_reelle_bati": 42.0, "nombre_pieces_principales": 2.0, "adresse_nom_voie": "RUE DU GENERAL DE GAULLE", "price_per_sqm": 3571.4285714285716, "date_iso": "2023-07-06", "parcelle": "77153000AD0367", "addr_num": "162"}}, {"type": "Feature", "geometry": {"type": "Point", "coordinates": [2.689257, 49.053518]}, "properties": {"year": 2023, "valeur_fonciere": 315000.0, "type_local": "Maison", "surface_reelle_bati": 71.0, "nombre_pieces_principales": 4.0, "adresse_nom_voie": "AV DU MARECHAL LECLERC", "price_per_sqm": 4436.619718309859, "date_iso": "2023-07-08", "parcelle": "77153000AE0143", "addr_num": "33"}}, {"type": "Feature", "geometry": {"type": "Point", "coordinates": [2.688264, 49.064426]}, "properties": {"year": 2023, "valeur_fonciere": 395800.0, "type_local": "Maison", "surface_reelle_bati": 107.0, "nombre_pieces_principales": 6.0, "adresse_nom_voie": "RTE D EVE", "price_per_sqm": 3699.0654205607475, "date_iso": "2023-06-22", "parcelle": "77153000AO0125", "addr_num": "65"}}, {"type": "Feature", "geometry": {"type": "Point", "coordinates": [2.688264, 49.064426]}, "properties": {"year": 2023, "valeur_fonciere": 395800.0, "type_local": "Maison", "surface_reelle_bati": 107.0, "nombre_pieces_principales": 6.0, "adresse_nom_voie": "RTE D EVE", "price_per_sqm": 3699.0654205607475, "date_iso": "2023-06-22", "parcelle": "77153000AO0125", "addr_num": "65"}}, {"type": "Feature", "geometry": {"type": "Point", "coordinates": [2.693279, 49.06098]}, "properties": {"year": 2023, "valeur_fonciere": 349000.0, "type_local": "Maison", "surface_reelle_bati": 124.0, "nombre_pieces_principales": 6.0, "adresse_nom_voie": "ALL DU SEMOIR", "price_per_sqm": 2814.516129032258, "date_iso": "2023-07-18", "parcelle": "77153000AM0387", "addr_num": "7"}}, {"type": "Feature", "geometry": {"type": "Point", "coordinates": [2.69099, 49.051929]}, "properties": {"year": 2023, "valeur_fonciere": 290000.0, "type_local": "Maison", "surface_reelle_bati": 94.0, "nombre_pieces_principales": 5.0, "adresse_nom_voie": "AV DES SABLONS", "price_per_sqm": 3085.1063829787236, "date_iso": "2023-07-06", "parcelle": "77153000AH0422", "addr_num": "19"}}, {"type": "Feature", "geometry": {"type": "Point", "coordinates": [2.69099, 49.051929]}, "properties": {"year": 2023, "valeur_fonciere": 290000.0, "type_local": "Maison", "surface_reelle_bati": 94.0, "nombre_pieces_principales": 5.0, "adresse_nom_voie": "AV DES SABLONS", "price_per_sqm": 3085.1063829787236, "date_iso": "2023-07-06", "parcelle": "77153000AH0422", "addr_num": "19"}}, {"type": "Feature", "geometry": {"type": "Point", "coordinates": [2.69099, 49.051929]}, "properties": {"year": 2023, "valeur_fonciere": 290000.0, "type_local": "Dépendance", "surface_reelle_bati": null, "nombre_pieces_principales": 0.0, "adresse_nom_voie": "AV DES SABLONS", "price_per_sqm": null, "date_iso": "2023-07-06", "parcelle": "77153000AH0422", "addr_num": "19"}}, {"type": "Feature", "geometry": {"type": "Point", "coordinates": [2.69099, 49.051929]}, "properties": {"year": 2023, "valeur_fonciere": 290000.0, "type_local": "Dépendance", "surface_reelle_bati": null, "nombre_pieces_principales": 0.0, "adresse_nom_voie": "AV DES SABLONS", "price_per_sqm": null, "date_iso": "2023-07-06", "parcelle": "77153000AH0422", "addr_num": "19"}}, {"type": "Feature", "geometry": {"type": "Point", "coordinates": [2.69041, 49.059872]}, "properties": {"year": 2023, "valeur_fonciere": 321400.0, "type_local": "Maison", "surface_reelle_bati": 105.0, "nombre_pieces_principales": 6.0, "adresse_nom_voie": "PL EPINE DU MAS", "price_per_sqm": 3060.9523809523807, "date_iso": "2023-06-30", "parcelle": "77153000AK0101", "addr_num": "5"}}, {"type": "Feature", "geometry": {"type": "Point", "coordinates": [2.691467, 49.051521]}, "properties": {"year": 2023, "valeur_fonciere": 334000.0, "type_local": "Dépendance", "surface_reelle_bati": null, "nombre_pieces_principales": 0.0, "adresse_nom_voie": "AV DES SABLONS", "price_per_sqm": null, "date_iso": "2023-07-12", "parcelle": "77153000AH0464", "addr_num": "9004"}}, {"type": "Feature", "geometry": {"type": "Point", "coordinates": [2.691467, 49.051521]}, "properties": {"year": 2023, "valeur_fonciere": 334000.0, "type_local": "Dépendance", "surface_reelle_bati": null, "nombre_pieces_principales": 0.0, "adresse_nom_voie": "AV DES SABLONS", "price_per_sqm": null, "date_iso": "2023-07-12", "parcelle": "77153000AH0464", "addr_num": "9004"}}, {"type": "Feature", "geometry": {"type": "Point", "coordinates": [2.691467, 49.051521]}, "properties": {"year": 2023, "valeur_fonciere": 334000.0, "type_local": "Maison", "surface_reelle_bati": 74.0, "nombre_pieces_principales": 4.0, "adresse_nom_voie": "AV DES SABLONS", "price_per_sqm": 4513.513513513513, "date_iso": "2023-07-12", "parcelle": "77153000AH0464", "addr_num": "9004"}}, {"type": "Feature", "geometry": {"type": "Point", "coordinates": [2.691467, 49.051521]}, "properties": {"year": 2023, "valeur_fonciere": 334000.0, "type_local": "Maison", "surface_reelle_bati": 74.0, "nombre_pieces_principales": 4.0, "adresse_nom_voie": "AV DES SABLONS", "price_per_sqm": 4513.513513513513, "date_iso": "2023-07-12", "parcelle": "77153000AH0464", "addr_num": "9004"}}, {"type": "Feature", "geometry": {"type": "Point", "coordinates": [2.683296, 49.053027]}, "properties": {"year": 2023, "valeur_fonciere": 149000.0, "type_local": "Maison", "surface_reelle_bati": 56.0, "nombre_pieces_principales": 3.0, "adresse_nom_voie": "RUE DE MEAUX", "price_per_sqm": 2660.714285714286, "date_iso": "2023-07-05", "parcelle": "77153000AD0165", "addr_num": "15"}}, {"type": "Feature", "geometry": {"type": "Point", "coordinates": [2.683258, 49.05292]}, "properties": {"year": 2023, "valeur_fonciere": 149000.0, "type_local": null, "surface_reelle_bati": null, "nombre_pieces_principales": null, "adresse_nom_voie": "LE BUAT", "price_per_sqm": null, "date_iso": "2023-07-05", "parcelle": "77153000AD0441", "addr_num": ""}}, {"type": "Feature", "geometry": {"type": "Point", "coordinates": [2.675197, 49.064034]}, "properties": {"year": 2023, "valeur_fonciere": 10500.0, "type_local": null, "surface_reelle_bati": null, "nombre_pieces_principales": null, "adresse_nom_voie": "RUE LEONARD DE VINCI", "price_per_sqm": null, "date_iso": "2023-07-21", "parcelle": "771530000A1738", "addr_num": ""}}, {"type": "Feature", "geometry": {"type": "Point", "coordinates": [2.676326, 49.052298]}, "properties": {"year": 2023, "valeur_fonciere": 14493255.0, "type_local": "Maison", "surface_reelle_bati": 116.0, "nombre_pieces_principales": 5.0, "adresse_nom_voie": "RLE DES FILOIRS", "price_per_sqm": 124941.85344827586, "date_iso": "2023-07-06", "parcelle": "77153000AB0170", "addr_num": "3"}}, {"type": "Feature", "geometry": {"type": "Point", "coordinates": [2.676326, 49.052298]}, "properties": {"year": 2023, "valeur_fonciere": 14493255.0, "type_local": "Maison", "surface_reelle_bati": 116.0, "nombre_pieces_principales": 5.0, "adresse_nom_voie": "RLE DES FILOIRS", "price_per_sqm": 124941.85344827586, "date_iso": "2023-07-06", "parcelle": "77153000AB0170", "addr_num": "3"}}, {"type": "Feature", "geometry": {"type": "Point", "coordinates": [2.676842, 49.052736]}, "properties": {"year": 2023, "valeur_fonciere": 14493255.0, "type_local": "Maison", "surface_reelle_bati": 101.0, "nombre_pieces_principales": 6.0, "adresse_nom_voie": "RUE DES OULCHES", "price_per_sqm": 143497.57425742573, "date_iso": "2023-07-06", "parcelle": "77153000AB0174", "addr_num": "21"}}, {"type": "Feature", "geometry": {"type": "Point", "coordinates": [2.676842, 49.052736]}, "properties": {"year": 2023, "valeur_fonciere": 14493255.0, "type_local": "Dépendance", "surface_reelle_bati": null, "nombre_pieces_principales": 0.0, "adresse_nom_voie": "RUE DES OULCHES", "price_per_sqm": null, "date_iso": "2023-07-06", "parcelle": "77153000AB0174", "addr_num": "21"}}, {"type": "Feature", "geometry": {"type": "Point", "coordinates": [2.67598, 49.052362]}, "properties": {"year": 2023, "valeur_fonciere": 14493255.0, "type_local": null, "surface_reelle_bati": null, "nombre_pieces_principales": null, "adresse_nom_voie": "RLE DES FILOIRS", "price_per_sqm": null, "date_iso": "2023-07-06", "parcelle": "77153000AB0298", "addr_num": ""}}, {"type": "Feature", "geometry": {"type": "Point", "coordinates": [2.676873, 49.052254]}, "properties": {"year": 2023, "valeur_fonciere": 14493255.0, "type_local": null, "surface_reelle_bati": null, "nombre_pieces_principales": null, "adresse_nom_voie": "RLE DES FILOIRS", "price_per_sqm": null, "date_iso": "2023-07-06", "parcelle": "77153000AB0344", "addr_num": "3"}}, {"type": "Feature", "geometry": {"type": "Point", "coordinates": [2.676976, 49.052462]}, "properties": {"year": 2023, "valeur_fonciere": 14493255.0, "type_local": null, "surface_reelle_bati": null, "nombre_pieces_principales": null, "adresse_nom_voie": "RLE DES FILOIRS", "price_per_sqm": null, "date_iso": "2023-07-06", "parcelle": "77153000AB0345", "addr_num": "3"}}, {"type": "Feature", "geometry": {"type": "Point", "coordinates": [2.676049, 49.052325]}, "properties": {"year": 2023, "valeur_fonciere": 14493255.0, "type_local": "Dépendance", "surface_reelle_bati": null, "nombre_pieces_principales": 0.0, "adresse_nom_voie": "RLE DES FILOIRS", "price_per_sqm": null, "date_iso": "2023-07-06", "parcelle": "77153000AB0376", "addr_num": "3"}}, {"type": "Feature", "geometry": {"type": "Point", "coordinates": [2.676049, 49.052325]}, "properties": {"year": 2023, "valeur_fonciere": 14493255.0, "type_local": "Dépendance", "surface_reelle_bati": null, "nombre_pieces_principales": 0.0, "adresse_nom_voie": "RLE DES FILOIRS", "price_per_sqm": null, "date_iso": "2023-07-06", "parcelle": "77153000AB0376", "addr_num": "3"}}, {"type": "Feature", "geometry": {"type": "Point", "coordinates": [2.676049, 49.052325]}, "properties": {"year": 2023, "valeur_fonciere": 14493255.0, "type_local": "Maison", "surface_reelle_bati": 27.0, "nombre_pieces_principales": 2.0, "adresse_nom_voie": "RLE DES FILOIRS", "price_per_sqm": 536787.2222222222, "date_iso": "2023-07-06", "parcelle": "77153000AB0376", "addr_num": "3"}}, {"type": "Feature", "geometry": {"type": "Point", "coordinates": [2.676762, 49.052185]}, "properties": {"year": 2023, "valeur_fonciere": 14493255.0, "type_local": null, "surface_reelle_bati": null, "nombre_pieces_principales": null, "adresse_nom_voie": "RLE DES FILOIRS", "price_per_sqm": null, "date_iso": "2023-07-06", "parcelle": "77153000AB0377", "addr_num": "3"}}, {"type": "Feature", "geometry": {"type": "Point", "coordinates": [2.679548, 49.05303]}, "properties": {"year": 2023, "valeur_fonciere": 230000.0, "type_local": "Dépendance", "surface_reelle_bati": null, "nombre_pieces_principales": 0.0, "adresse_nom_voie": "ALL CLOS DU LOGIS", "price_per_sqm": null, "date_iso": "2023-07-20", "parcelle": "77153000AD0284", "addr_num": "9284"}}, {"type": "Feature", "geometry": {"type": "Point", "coordinates": [2.679485, 49.052911]}, "properties": {"year": 2023, "valeur_fonciere": 230000.0, "type_local": "Maison", "surface_reelle_bati": 65.0, "nombre_pieces_principales": 3.0, "adresse_nom_voie": "ALL CLOS DU LOGIS", "price_per_sqm": 3538.4615384615386, "date_iso": "2023-07-20", "parcelle": "77153000AD0286", "addr_num": "2"}}, {"type": "Feature", "geometry": {"type": "Point", "coordinates": [2.683741, 49.063128]}, "properties": {"year": 2023, "valeur_fonciere": 240600.0, "type_local": "Dépendance", "surface_reelle_bati": null, "nombre_pieces_principales": 0.0, "adresse_nom_voie": "RUE ETIENNE DE LA BOETIE", "price_per_sqm": null, "date_iso": "2023-07-26", "parcelle": "77153000AO0356", "addr_num": "26"}}, {"type": "Feature", "geometry": {"type": "Point", "coordinates": [2.683741, 49.063128]}, "properties": {"year": 2023, "valeur_fonciere": 240600.0, "type_local": "Appartement", "surface_reelle_bati": 74.0, "nombre_pieces_principales": 3.0, "adresse_nom_voie": "RUE ETIENNE DE LA BOETIE", "price_per_sqm": 3251.3513513513512, "date_iso": "2023-07-26", "parcelle": "77153000AO0356", "addr_num": "26"}}, {"type": "Feature", "geometry": {"type": "Point", "coordinates": [2.683741, 49.063128]}, "properties": {"year": 2023, "valeur_fonciere": 240600.0, "type_local": "Dépendance", "surface_reelle_bati": null, "nombre_pieces_principales": 0.0, "adresse_nom_voie": "RUE ETIENNE DE LA BOETIE", "price_per_sqm": null, "date_iso": "2023-07-26", "parcelle": "77153000AO0356", "addr_num": "26"}}, {"type": "Feature", "geometry": {"type": "Point", "coordinates": [2.691778, 49.060546]}, "properties": {"year": 2023, "valeur_fonciere": 349860.0, "type_local": "Maison", "surface_reelle_bati": 99.0, "nombre_pieces_principales": 6.0, "adresse_nom_voie": "ALL DES MURIERS", "price_per_sqm": 3533.939393939394, "date_iso": "2023-07-26", "parcelle": "77153000AN0079", "addr_num": "2"}}, {"type": "Feature", "geometry": {"type": "Point", "coordinates": [2.691778, 49.060546]}, "properties": {"year": 2023, "valeur_fonciere": 349860.0, "type_local": "Maison", "surface_reelle_bati": 99.0, "nombre_pieces_principales": 6.0, "adresse_nom_voie": "ALL DES MURIERS", "price_per_sqm": 3533.939393939394, "date_iso": "2023-07-26", "parcelle": "77153000AN0079", "addr_num": "2"}}, {"type": "Feature", "geometry": {"type": "Point", "coordinates": [2.669815, 49.063814]}, "properties": {"year": 2023, "valeur_fonciere": 320000.0, "type_local": "Maison", "surface_reelle_bati": 86.0, "nombre_pieces_principales": 4.0, "adresse_nom_voie": "RUE ROSA PARKS", "price_per_sqm": 3720.9302325581393, "date_iso": "2023-07-07", "parcelle": "771530000A2089", "addr_num": "52"}}, {"type": "Feature", "geometry": {"type": "Point", "coordinates": [2.6775, 49.053317]}, "properties": {"year": 2023, "valeur_fonciere": 142000.0, "type_local": "Appartement", "surface_reelle_bati": 50.0, "nombre_pieces_principales": 2.0, "adresse_nom_voie": "RUE DES OULCHES", "price_per_sqm": 2840.0, "date_iso": "2023-07-26", "parcelle": "77153000AB0141", "addr_num": "14"}}, {"type": "Feature", "geometry": {"type": "Point", "coordinates": [2.6775, 49.053317]}, "properties": {"year": 2023, "valeur_fonciere": 142000.0, "type_local": "Dépendance", "surface_reelle_bati": null, "nombre_pieces_principales": 0.0, "adresse_nom_voie": "RUE DES OULCHES", "price_per_sqm": null, "date_iso": "2023-07-26", "parcelle": "77153000AB0141", "addr_num": "14"}}, {"type": "Feature", "geometry": {"type": "Point", "coordinates": [2.677342, 49.054935]}, "properties": {"year": 2023, "valeur_fonciere": 116000.0, "type_local": "Appartement", "surface_reelle_bati": 40.0, "nombre_pieces_principales": 1.0, "adresse_nom_voie": "RUE DU JEU D ARC", "price_per_sqm": 2900.0, "date_iso": "2023-07-20", "parcelle": "77153000AB0283", "addr_num": "21"}}, {"type": "Feature", "geometry": {"type": "Point", "coordinates": [2.677342, 49.054935]}, "properties": {"year": 2023, "valeur_fonciere": 116000.0, "type_local": "Dépendance", "surface_reelle_bati": null, "nombre_pieces_principales": 0.0, "adresse_nom_voie": "RUE SAINT JEAN", "price_per_sqm": null, "date_iso": "2023-07-20", "parcelle": "77153000AB0283", "addr_num": "7"}}, {"type": "Feature", "geometry": {"type": "Point", "coordinates": [2.677342, 49.054935]}, "properties": {"year": 2023, "valeur_fonciere": 116000.0, "type_local": "Dépendance", "surface_reelle_bati": null, "nombre_pieces_principales": 0.0, "adresse_nom_voie": "RUE SAINT JEAN", "price_per_sqm": null, "date_iso": "2023-07-20", "parcelle": "77153000AB0283", "addr_num": "7"}}, {"type": "Feature", "geometry": {"type": "Point", "coordinates": [2.687704, 49.059998]}, "properties": {"year": 2023, "valeur_fonciere": 310000.0, "type_local": "Dépendance", "surface_reelle_bati": null, "nombre_pieces_principales": 0.0, "adresse_nom_voie": "AV DU DRAP D OR", "price_per_sqm": null, "date_iso": "2023-07-31", "parcelle": "77153000AK0163", "addr_num": "19"}}, {"type": "Feature", "geometry": {"type": "Point", "coordinates": [2.687704, 49.059998]}, "properties": {"year": 2023, "valeur_fonciere": 310000.0, "type_local": "Maison", "surface_reelle_bati": 105.0, "nombre_pieces_principales": 6.0, "adresse_nom_voie": "AV DU DRAP D OR", "price_per_sqm": 2952.3809523809523, "date_iso": "2023-07-31", "parcelle": "77153000AK0163", "addr_num": "19"}}, {"type": "Feature", "geometry": {"type": "Point", "coordinates": [2.685785, 49.052168]}, "properties": {"year": 2023, "valeur_fonciere": 160000.0, "type_local": null, "surface_reelle_bati": null, "nombre_pieces_principales": null, "adresse_nom_voie": "RLE DU BUAT", "price_per_sqm": null, "date_iso": "2023-08-03", "parcelle": "77153000AH0558", "addr_num": "10"}}, {"type": "Feature", "geometry": {"type": "Point", "coordinates": [2.685689, 49.052154]}, "properties": {"year": 2023, "valeur_fonciere": 160000.0, "type_local": null, "surface_reelle_bati": null, "nombre_pieces_principales": null, "adresse_nom_voie": "RLE DU BUAT", "price_per_sqm": null, "date_iso": "2023-08-03", "parcelle": "77153000AH0559", "addr_num": ""}}, {"type": "Feature", "geometry": {"type": "Point", "coordinates": [2.685866, 49.052116]}, "properties": {"year": 2023, "valeur_fonciere": 160000.0, "type_local": null, "surface_reelle_bati": null, "nombre_pieces_principales": null, "adresse_nom_voie": "RLE DU BUAT", "price_per_sqm": null, "date_iso": "2023-08-03", "parcelle": "77153000AH0566", "addr_num": "10"}}, {"type": "Feature", "geometry": {"type": "Point", "coordinates": [2.685941, 49.052118]}, "properties": {"year": 2023, "valeur_fonciere": 160000.0, "type_local": null, "surface_reelle_bati": null, "nombre_pieces_principales": null, "adresse_nom_voie": "RLE DU BUAT", "price_per_sqm": null, "date_iso": "2023-08-03", "parcelle": "77153000AH0571", "addr_num": "10"}}, {"type": "Feature", "geometry": {"type": "Point", "coordinates": [2.678477, 49.054605]}, "properties": {"year": 2023, "valeur_fonciere": 92000.0, "type_local": "Appartement", "surface_reelle_bati": 26.0, "nombre_pieces_principales": 2.0, "adresse_nom_voie": "RUE DE LA HALLE", "price_per_sqm": 3538.4615384615386, "date_iso": "2023-08-11", "parcelle": "77153000AB0322", "addr_num": "8"}}, {"type": "Feature", "geometry": {"type": "Point", "coordinates": [2.684126, 49.053904]}, "properties": {"year": 2023, "valeur_fonciere": 115000.0, "type_local": "Dépendance", "surface_reelle_bati": null, "nombre_pieces_principales": 0.0, "adresse_nom_voie": "RUE DU GENERAL DE GAULLE", "price_per_sqm": null, "date_iso": "2023-08-08", "parcelle": "77153000AC0215", "addr_num": "169"}}, {"type": "Feature", "geometry": {"type": "Point", "coordinates": [2.684126, 49.053904]}, "properties": {"year": 2023, "valeur_fonciere": 115000.0, "type_local": "Appartement", "surface_reelle_bati": 34.0, "nombre_pieces_principales": 2.0, "adresse_nom_voie": "RUE LAVOLLEE", "price_per_sqm": 3382.3529411764707, "date_iso": "2023-08-08", "parcelle": "77153000AC0215", "addr_num": "49"}}, {"type": "Feature", "geometry": {"type": "Point", "coordinates": [2.685823, 49.052304]}, "properties": {"year": 2023, "valeur_fonciere": 160000.0, "type_local": null, "surface_reelle_bati": null, "nombre_pieces_principales": null, "adresse_nom_voie": "RLE DU BUAT", "price_per_sqm": null, "date_iso": "2023-08-24", "parcelle": "77153000AH0556", "addr_num": "10"}}, {"type": "Feature", "geometry": {"type": "Point", "coordinates": [2.685716, 49.052281]}, "properties": {"year": 2023, "valeur_fonciere": 160000.0, "type_local": null, "surface_reelle_bati": null, "nombre_pieces_principales": null, "adresse_nom_voie": "RLE DU BUAT", "price_per_sqm": null, "date_iso": "2023-08-24", "parcelle": "77153000AH0557", "addr_num": ""}}, {"type": "Feature", "geometry": {"type": "Point", "coordinates": [2.685905, 49.052268]}, "properties": {"year": 2023, "valeur_fonciere": 160000.0, "type_local": null, "surface_reelle_bati": null, "nombre_pieces_principales": null, "adresse_nom_voie": "RLE DU BUAT", "price_per_sqm": null, "date_iso": "2023-08-24", "parcelle": "77153000AH0565", "addr_num": "10"}}, {"type": "Feature", "geometry": {"type": "Point", "coordinates": [2.686013, 49.052284]}, "properties": {"year": 2023, "valeur_fonciere": 160000.0, "type_local": null, "surface_reelle_bati": null, "nombre_pieces_principales": null, "adresse_nom_voie": "RLE DU BUAT", "price_per_sqm": null, "date_iso": "2023-08-24", "parcelle": "77153000AH0570", "addr_num": "10"}}, {"type": "Feature", "geometry": {"type": "Point", "coordinates": [2.690684, 49.057754]}, "properties": {"year": 2023, "valeur_fonciere": 360000.0, "type_local": "Maison", "surface_reelle_bati": 108.0, "nombre_pieces_principales": 6.0, "adresse_nom_voie": "ALL DES MIRABELLES", "price_per_sqm": 3333.3333333333335, "date_iso": "2023-08-31", "parcelle": "77153000AL0147", "addr_num": "13"}}, {"type": "Feature", "geometry": {"type": "Point", "coordinates": [2.690684, 49.057754]}, "properties": {"year": 2023, "valeur_fonciere": 360000.0, "type_local": "Dépendance", "surface_reelle_bati": null, "nombre_pieces_principales": 0.0, "adresse_nom_voie": "ALL DES MIRABELLES", "price_per_sqm": null, "date_iso": "2023-08-31", "parcelle": "77153000AL0147", "addr_num": "13"}}, {"type": "Feature", "geometry": {"type": "Point", "coordinates": [2.696908, 49.057179]}, "properties": {"year": 2023, "valeur_fonciere": 96000.0, "type_local": "Appartement", "surface_reelle_bati": 24.0, "nombre_pieces_principales": 1.0, "adresse_nom_voie": "AV DU MARECHAL LECLERC", "price_per_sqm": 4000.0, "date_iso": "2023-09-08", "parcelle": "77153000AM0114", "addr_num": "71"}}, {"type": "Feature", "geometry": {"type": "Point", "coordinates": [2.696908, 49.057179]}, "properties": {"year": 2023, "valeur_fonciere": 96000.0, "type_local": "Dépendance", "surface_reelle_bati": null, "nombre_pieces_principales": 0.0, "adresse_nom_voie": "AV DU MARECHAL LECLERC", "price_per_sqm": null, "date_iso": "2023-09-08", "parcelle": "77153000AM0114", "addr_num": "71"}}, {"type": "Feature", "geometry": {"type": "Point", "coordinates": [2.687999, 49.053152]}, "properties": {"year": 2023, "valeur_fonciere": 550000.0, "type_local": "Local industriel. commercial ou assimilé", "surface_reelle_bati": 145.0, "nombre_pieces_principales": 0.0, "adresse_nom_voie": "AV DU MARECHAL LECLERC", "price_per_sqm": 3793.103448275862, "date_iso": "2023-09-07", "parcelle": "77153000AH0394", "addr_num": "10"}}, {"type": "Feature", "geometry": {"type": "Point", "coordinates": [2.687999, 49.053152]}, "properties": {"year": 2023, "valeur_fonciere": 550000.0, "type_local": "Maison", "surface_reelle_bati": 144.0, "nombre_pieces_principales": 5.0, "adresse_nom_voie": "AV DU MARECHAL LECLERC", "price_per_sqm": 3819.4444444444443, "date_iso": "2023-09-07", "parcelle": "77153000AH0394", "addr_num": "10"}}, {"type": "Feature", "geometry": {"type": "Point", "coordinates": [2.688119, 49.053139]}, "properties": {"year": 2023, "valeur_fonciere": 550000.0, "type_local": "Local industriel. commercial ou assimilé", "surface_reelle_bati": 60.0, "nombre_pieces_principales": 0.0, "adresse_nom_voie": "AV DU MARECHAL LECLERC", "price_per_sqm": 9166.666666666666, "date_iso": "2023-09-07", "parcelle": "77153000AH0488", "addr_num": "10"}}, {"type": "Feature", "geometry": {"type": "Point", "coordinates": [2.684488, 49.06612]}, "properties": {"year": 2023, "valeur_fonciere": 365000.0, "type_local": "Maison", "surface_reelle_bati": 120.0, "nombre_pieces_principales": 5.0, "adresse_nom_voie": "RUE RONSARD", "price_per_sqm": 3041.6666666666665, "date_iso": "2023-09-05", "parcelle": "77153000AO0304", "addr_num": "28"}}, {"type": "Feature", "geometry": {"type": "Point", "coordinates": [2.684488, 49.06612]}, "properties": {"year": 2023, "valeur_fonciere": 365000.0, "type_local": "Maison", "surface_reelle_bati": 120.0, "nombre_pieces_principales": 5.0, "adresse_nom_voie": "RUE RONSARD", "price_per_sqm": 3041.6666666666665, "date_iso": "2023-09-05", "parcelle": "77153000AO0304", "addr_num": "28"}}, {"type": "Feature", "geometry": {"type": "Point", "coordinates": [2.684439, 49.066195]}, "properties": {"year": 2023, "valeur_fonciere": 365000.0, "type_local": null, "surface_reelle_bati": null, "nombre_pieces_principales": null, "adresse_nom_voie": "RUE RONSARD", "price_per_sqm": null, "date_iso": "2023-09-05", "parcelle": "77153000AO0305", "addr_num": "28"}}, {"type": "Feature", "geometry": {"type": "Point", "coordinates": [2.677413, 49.054797]}, "properties": {"year": 2023, "valeur_fonciere": 115000.0, "type_local": "Dépendance", "surface_reelle_bati": null, "nombre_pieces_principales": 0.0, "adresse_nom_voie": "RUE SAINT JEAN", "price_per_sqm": null, "date_iso": "2023-08-25", "parcelle": "77153000AB0021", "addr_num": "5"}}, {"type": "Feature", "geometry": {"type": "Point", "coordinates": [2.677342, 49.054935]}, "properties": {"year": 2023, "valeur_fonciere": 115000.0, "type_local": "Appartement", "surface_reelle_bati": 33.0, "nombre_pieces_principales": 1.0, "adresse_nom_voie": "RUE SAINT JEAN", "price_per_sqm": 3484.848484848485, "date_iso": "2023-08-25", "parcelle": "77153000AB0283", "addr_num": "7"}}, {"type": "Feature", "geometry": {"type": "Point", "coordinates": [2.669749, 49.05306]}, "properties": {"year": 2023, "valeur_fonciere": 350000.0, "type_local": null, "surface_reelle_bati": null, "nombre_pieces_principales": null, "adresse_nom_voie": "SAINT GUINFORT", "price_per_sqm": null, "date_iso": "2023-09-06", "parcelle": "771530000C0499", "addr_num": ""}}, {"type": "Feature", "geometry": {"type": "Point", "coordinates": [2.669734, 49.053156]}, "properties": {"year": 2023, "valeur_fonciere": 350000.0, "type_local": "Maison", "surface_reelle_bati": 74.0, "nombre_pieces_principales": 4.0, "adresse_nom_voie": "AV DE SAINT GUINFORT", "price_per_sqm": 4729.72972972973, "date_iso": "2023-09-06", "parcelle": "771530000C0532", "addr_num": "16"}}, {"type": "Feature", "geometry": {"type": "Point", "coordinates": [2.688308, 49.057833]}, "properties": {"year": 2023, "valeur_fonciere": 313000.0, "type_local": "Maison", "surface_reelle_bati": 90.0, "nombre_pieces_principales": 5.0, "adresse_nom_voie": "AV DES VERGERS", "price_per_sqm": 3477.777777777778, "date_iso": "2023-09-05", "parcelle": "77153000AK0258", "addr_num": "46"}}, {"type": "Feature", "geometry": {"type": "Point", "coordinates": [2.688308, 49.057833]}, "properties": {"year": 2023, "valeur_fonciere": 313000.0, "type_local": "Dépendance", "surface_reelle_bati": null, "nombre_pieces_principales": 0.0, "adresse_nom_voie": "AV DES VERGERS", "price_per_sqm": null, "date_iso": "2023-09-05", "parcelle": "77153000AK0258", "addr_num": "46"}}, {"type": "Feature", "geometry": {"type": "Point", "coordinates": [2.669832, 49.057666]}, "properties": {"year": 2023, "valeur_fonciere": 252000.0, "type_local": "Maison", "surface_reelle_bati": 87.0, "nombre_pieces_principales": 4.0, "adresse_nom_voie": "CHE DES JONCS", "price_per_sqm": 2896.551724137931, "date_iso": "2023-08-30", "parcelle": "771530000A0929", "addr_num": "2"}}, {"type": "Feature", "geometry": {"type": "Point", "coordinates": [2.687101, 49.056838]}, "properties": {"year": 2023, "valeur_fonciere": 375400.0, "type_local": "Maison", "surface_reelle_bati": 123.0, "nombre_pieces_principales": 6.0, "adresse_nom_voie": "CHE DE LA GARENNE", "price_per_sqm": 3052.032520325203, "date_iso": "2023-09-08", "parcelle": "771530000B1086", "addr_num": "2"}}, {"type": "Feature", "geometry": {"type": "Point", "coordinates": [2.687101, 49.056838]}, "properties": {"year": 2023, "valeur_fonciere": 375400.0, "type_local": "Maison", "surface_reelle_bati": 123.0, "nombre_pieces_principales": 6.0, "adresse_nom_voie": "CHE DE LA GARENNE", "price_per_sqm": 3052.032520325203, "date_iso": "2023-09-08", "parcelle": "771530000B1086", "addr_num": "2"}}, {"type": "Feature", "geometry": {"type": "Point", "coordinates": [2.680534, 49.054175]}, "properties": {"year": 2023, "valeur_fonciere": 26000.0, "type_local": "Local industriel. commercial ou assimilé", "surface_reelle_bati": 163.0, "nombre_pieces_principales": 0.0, "adresse_nom_voie": "RUE DU GENERAL DE GAULLE", "price_per_sqm": 159.50920245398774, "date_iso": "2023-09-22", "parcelle": "77153000AC0200", "addr_num": "119"}}, {"type": "Feature", "geometry": {"type": "Point", "coordinates": [2.675421, 49.063677]}, "properties": {"year": 2023, "valeur_fonciere": 270000.0, "type_local": "Maison", "surface_reelle_bati": 75.0, "nombre_pieces_principales": 4.0, "adresse_nom_voie": "AV ROBERT BADINTER", "price_per_sqm": 3600.0, "date_iso": "2023-09-26", "parcelle": "771530000A1712", "addr_num": "75"}}, {"type": "Feature", "geometry": {"type": "Point", "coordinates": [2.675685, 49.063503]}, "properties": {"year": 2023, "valeur_fonciere": 270000.0, "type_local": "Dépendance", "surface_reelle_bati": null, "nombre_pieces_principales": 0.0, "adresse_nom_voie": "AV ROBERT BADINTER", "price_per_sqm": null, "date_iso": "2023-09-26", "parcelle": "771530000A1715", "addr_num": "75"}}, {"type": "Feature", "geometry": {"type": "Point", "coordinates": [2.675685, 49.063503]}, "properties": {"year": 2023, "valeur_fonciere": 270000.0, "type_local": "Dépendance", "surface_reelle_bati": null, "nombre_pieces_principales": 0.0, "adresse_nom_voie": "AV ROBERT BADINTER", "price_per_sqm": null, "date_iso": "2023-09-26", "parcelle": "771530000A1715", "addr_num": "75"}}, {"type": "Feature", "geometry": {"type": "Point", "coordinates": [2.676844, 49.053486]}, "properties": {"year": 2023, "valeur_fonciere": 25000.0, "type_local": "Dépendance", "surface_reelle_bati": null, "nombre_pieces_principales": 0.0, "adresse_nom_voie": "RUE DU GENERAL DE GAULLE", "price_per_sqm": null, "date_iso": "2023-09-27", "parcelle": "77153000AB0342", "addr_num": "34"}}, {"type": "Feature", "geometry": {"type": "Point", "coordinates": [2.684551, 49.053003]}, "properties": {"year": 2023, "valeur_fonciere": 25000.0, "type_local": "Dépendance", "surface_reelle_bati": null, "nombre_pieces_principales": 0.0, "adresse_nom_voie": "RUE DE MEAUX", "price_per_sqm": null, "date_iso": "2023-09-27", "parcelle": "77153000AD0363", "addr_num": "19"}}, {"type": "Feature", "geometry": {"type": "Point", "coordinates": [2.679871, 49.054452]}, "properties": {"year": 2023, "valeur_fonciere": 149000.0, "type_local": "Maison", "surface_reelle_bati": 50.0, "nombre_pieces_principales": 3.0, "adresse_nom_voie": "RUE GANNEVAL", "price_per_sqm": 2980.0, "date_iso": "2023-09-14", "parcelle": "77153000AB0357", "addr_num": "7"}}, {"type": "Feature", "geometry": {"type": "Point", "coordinates": [2.675914, 49.063497]}, "properties": {"year": 2023, "valeur_fonciere": 305000.0, "type_local": "Maison", "surface_reelle_bati": 98.0, "nombre_pieces_principales": 5.0, "adresse_nom_voie": "IMP EDITH PIAF", "price_per_sqm": 3112.2448979591836, "date_iso": "2023-09-14", "parcelle": "771530000A1355", "addr_num": "2"}}, {"type": "Feature", "geometry": {"type": "Point", "coordinates": [2.675864, 49.063563]}, "properties": {"year": 2023, "valeur_fonciere": 305000.0, "type_local": null, "surface_reelle_bati": null, "nombre_pieces_principales": null, "adresse_nom_voie": "IMP EDITH PIAF", "price_per_sqm": null, "date_iso": "2023-09-14", "parcelle": "771530000A1382", "addr_num": "2"}}, {"type": "Feature", "geometry": {"type": "Point", "coordinates": [2.684663, 49.053459]}, "properties": {"year": 2023, "valeur_fonciere": 500.0, "type_local": null, "surface_reelle_bati": null, "nombre_pieces_principales": null, "adresse_nom_voie": "RUE DU GENERAL DE GAULLE", "price_per_sqm": null, "date_iso": "2023-10-03", "parcelle": "77153000AD0281", "addr_num": "172"}}, {"type": "Feature", "geometry": {"type": "Point", "coordinates": [2.67974, 49.053631]}, "properties": {"year": 2023, "valeur_fonciere": 229000.0, "type_local": "Dépendance", "surface_reelle_bati": null, "nombre_pieces_principales": 0.0, "adresse_nom_voie": "RUE DE LA LIBERATION", "price_per_sqm": null, "date_iso": "2023-10-05", "parcelle": "77153000AD0023", "addr_num": "7"}}, {"type": "Feature", "geometry": {"type": "Point", "coordinates": [2.67974, 49.053631]}, "properties": {"year": 2023, "valeur_fonciere": 229000.0, "type_local": "Appartement", "surface_reelle_bati": 60.0, "nombre_pieces_principales": 3.0, "adresse_nom_voie": "RUE DE LA LIBERATION", "price_per_sqm": 3816.6666666666665, "date_iso": "2023-10-05", "parcelle": "77153000AD0023", "addr_num": "7"}}, {"type": "Feature", "geometry": {"type": "Point", "coordinates": [2.679059, 49.051073]}, "properties": {"year": 2023, "valeur_fonciere": 180000.0, "type_local": null, "surface_reelle_bati": null, "nombre_pieces_principales": null, "adresse_nom_voie": "RUE DE LA SAINE FONTAINE", "price_per_sqm": null, "date_iso": "2023-10-03", "parcelle": "77153000ZN0467", "addr_num": "30"}}, {"type": "Feature", "geometry": {"type": "Point", "coordinates": [2.679005, 49.050954]}, "properties": {"year": 2023, "valeur_fonciere": 180000.0, "type_local": null, "surface_reelle_bati": null, "nombre_pieces_principales": null, "adresse_nom_voie": "RUE DE LA SAINE FONTAINE", "price_per_sqm": null, "date_iso": "2023-10-03", "parcelle": "77153000ZN0468", "addr_num": "32"}}, {"type": "Feature", "geometry": {"type": "Point", "coordinates": [2.686106, 49.06051]}, "properties": {"year": 2023, "valeur_fonciere": 305000.0, "type_local": "Maison", "surface_reelle_bati": 92.0, "nombre_pieces_principales": 5.0, "adresse_nom_voie": "AV DU DRAP D OR", "price_per_sqm": 3315.217391304348, "date_iso": "2023-09-15", "parcelle": "77153000AK0292", "addr_num": "6"}}, {"type": "Feature", "geometry": {"type": "Point", "coordinates": [2.686106, 49.06051]}, "properties": {"year": 2023, "valeur_fonciere": 305000.0, "type_local": "Dépendance", "surface_reelle_bati": null, "nombre_pieces_principales": 0.0, "adresse_nom_voie": "AV DU DRAP D OR", "price_per_sqm": null, "date_iso": "2023-09-15", "parcelle": "77153000AK0292", "addr_num": "6"}}, {"type": "Feature", "geometry": {"type": "Point", "coordinates": [2.696908, 49.057179]}, "properties": {"year": 2023, "valeur_fonciere": 195000.0, "type_local": "Dépendance", "surface_reelle_bati": null, "nombre_pieces_principales": 0.0, "adresse_nom_voie": "AV DU MARECHAL LECLERC", "price_per_sqm": null, "date_iso": "2023-10-12", "parcelle": "77153000AM0114", "addr_num": "71"}}, {"type": "Feature", "geometry": {"type": "Point", "coordinates": [2.696908, 49.057179]}, "properties": {"year": 2023, "valeur_fonciere": 195000.0, "type_local": "Dépendance", "surface_reelle_bati": null, "nombre_pieces_principales": 0.0, "adresse_nom_voie": "AV DU MARECHAL LECLERC", "price_per_sqm": null, "date_iso": "2023-10-12", "parcelle": "77153000AM0114", "addr_num": "71"}}, {"type": "Feature", "geometry": {"type": "Point", "coordinates": [2.696908, 49.057179]}, "properties": {"year": 2023, "valeur_fonciere": 195000.0, "type_local": "Appartement", "surface_reelle_bati": 53.0, "nombre_pieces_principales": 2.0, "adresse_nom_voie": "AV DU MARECHAL LECLERC", "price_per_sqm": 3679.245283018868, "date_iso": "2023-10-12", "parcelle": "77153000AM0114", "addr_num": "71"}}, {"type": "Feature", "geometry": {"type": "Point", "coordinates": [2.675802, 49.053797]}, "properties": {"year": 2023, "valeur_fonciere": 217000.0, "type_local": "Appartement", "surface_reelle_bati": 35.0, "nombre_pieces_principales": 1.0, "adresse_nom_voie": "RUE DU JEU D ARC", "price_per_sqm": 6200.0, "date_iso": "2023-10-17", "parcelle": "77153000AB0315", "addr_num": "5"}}, {"type": "Feature", "geometry": {"type": "Point", "coordinates": [2.675802, 49.053797]}, "properties": {"year": 2023, "valeur_fonciere": 217000.0, "type_local": "Appartement", "surface_reelle_bati": 22.0, "nombre_pieces_principales": 1.0, "adresse_nom_voie": "RUE DU JEU D ARC", "price_per_sqm": 9863.636363636364, "date_iso": "2023-10-17", "parcelle": "77153000AB0315", "addr_num": "5"}}, {"type": "Feature", "geometry": {"type": "Point", "coordinates": [2.675802, 49.053797]}, "properties": {"year": 2023, "valeur_fonciere": 217000.0, "type_local": "Appartement", "surface_reelle_bati": 32.0, "nombre_pieces_principales": 1.0, "adresse_nom_voie": "RUE DU JEU D ARC", "price_per_sqm": 6781.25, "date_iso": "2023-10-17", "parcelle": "77153000AB0315", "addr_num": "5"}}, {"type": "Feature", "geometry": {"type": "Point", "coordinates": [2.675791, 49.053629]}, "properties": {"year": 2023, "valeur_fonciere": 242000.0, "type_local": "Appartement", "surface_reelle_bati": 27.0, "nombre_pieces_principales": 1.0, "adresse_nom_voie": "RUE DU GENERAL DE GAULLE", "price_per_sqm": 8962.962962962964, "date_iso": "2023-10-17", "parcelle": "77153000AB0352", "addr_num": "23"}}, {"type": "Feature", "geometry": {"type": "Point", "coordinates": [2.675791, 49.053629]}, "properties": {"year": 2023, "valeur_fonciere": 242000.0, "type_local": "Appartement", "surface_reelle_bati": 27.0, "nombre_pieces_principales": 1.0, "adresse_nom_voie": "RUE DU GENERAL DE GAULLE", "price_per_sqm": 8962.962962962964, "date_iso": "2023-10-17", "parcelle": "77153000AB0352", "addr_num": "23"}}, {"type": "Feature", "geometry": {"type": "Point", "coordinates": [2.675791, 49.053629]}, "properties": {"year": 2023, "valeur_fonciere": 242000.0, "type_local": "Appartement", "surface_reelle_bati": 27.0, "nombre_pieces_principales": 1.0, "adresse_nom_voie": "RUE DU GENERAL DE GAULLE", "price_per_sqm": 8962.962962962964, "date_iso": "2023-10-17", "parcelle": "77153000AB0352", "addr_num": "23"}}, {"type": "Feature", "geometry": {"type": "Point", "coordinates": [2.682567, 49.059391]}, "properties": {"year": 2023, "valeur_fonciere": 700000.0, "type_local": "Appartement", "surface_reelle_bati": 38.0, "nombre_pieces_principales": 2.0, "adresse_nom_voie": "AV DE L EUROPE", "price_per_sqm": 18421.052631578947, "date_iso": "2023-10-10", "parcelle": "771530000B1183", "addr_num": "38"}}, {"type": "Feature", "geometry": {"type": "Point", "coordinates": [2.682567, 49.059391]}, "properties": {"year": 2023, "valeur_fonciere": 700000.0, "type_local": "Appartement", "surface_reelle_bati": 38.0, "nombre_pieces_principales": 2.0, "adresse_nom_voie": "AV DE L EUROPE", "price_per_sqm": 18421.052631578947, "date_iso": "2023-10-10", "parcelle": "771530000B1183", "addr_num": "38"}}, {"type": "Feature", "geometry": {"type": "Point", "coordinates": [2.682567, 49.059391]}, "properties": {"year": 2023, "valeur_fonciere": 700000.0, "type_local": "Appartement", "surface_reelle_bati": 38.0, "nombre_pieces_principales": 2.0, "adresse_nom_voie": "AV DE L EUROPE", "price_per_sqm": 18421.052631578947, "date_iso": "2023-10-10", "parcelle": "771530000B1183", "addr_num": "38"}}, {"type": "Feature", "geometry": {"type": "Point", "coordinates": [2.682567, 49.059391]}, "properties": {"year": 2023, "valeur_fonciere": 700000.0, "type_local": "Appartement", "surface_reelle_bati": 38.0, "nombre_pieces_principales": 2.0, "adresse_nom_voie": "AV DE L EUROPE", "price_per_sqm": 18421.052631578947, "date_iso": "2023-10-10", "parcelle": "771530000B1183", "addr_num": "38"}}, {"type": "Feature", "geometry": {"type": "Point", "coordinates": [2.682567, 49.059391]}, "properties": {"year": 2023, "valeur_fonciere": 700000.0, "type_local": "Appartement", "surface_reelle_bati": 38.0, "nombre_pieces_principales": 2.0, "adresse_nom_voie": "AV DE L EUROPE", "price_per_sqm": 18421.052631578947, "date_iso": "2023-10-10", "parcelle": "771530000B1183", "addr_num": "38"}}, {"type": "Feature", "geometry": {"type": "Point", "coordinates": [2.682567, 49.059391]}, "properties": {"year": 2023, "valeur_fonciere": 700000.0, "type_local": "Dépendance", "surface_reelle_bati": null, "nombre_pieces_principales": 0.0, "adresse_nom_voie": "AV DE L EUROPE", "price_per_sqm": null, "date_iso": "2023-10-10", "parcelle": "771530000B1183", "addr_num": "38"}}, {"type": "Feature", "geometry": {"type": "Point", "coordinates": [2.682567, 49.059391]}, "properties": {"year": 2023, "valeur_fonciere": 700000.0, "type_local": "Dépendance", "surface_reelle_bati": null, "nombre_pieces_principales": 0.0, "adresse_nom_voie": "AV DE L EUROPE", "price_per_sqm": null, "date_iso": "2023-10-10", "parcelle": "771530000B1183", "addr_num": "38"}}, {"type": "Feature", "geometry": {"type": "Point", "coordinates": [2.682567, 49.059391]}, "properties": {"year": 2023, "valeur_fonciere": 700000.0, "type_local": "Dépendance", "surface_reelle_bati": null, "nombre_pieces_principales": 0.0, "adresse_nom_voie": "AV DE L EUROPE", "price_per_sqm": null, "date_iso": "2023-10-10", "parcelle": "771530000B1183", "addr_num": "38"}}, {"type": "Feature", "geometry": {"type": "Point", "coordinates": [2.682567, 49.059391]}, "properties": {"year": 2023, "valeur_fonciere": 700000.0, "type_local": "Dépendance", "surface_reelle_bati": null, "nombre_pieces_principales": 0.0, "adresse_nom_voie": "AV DE L EUROPE", "price_per_sqm": null, "date_iso": "2023-10-10", "parcelle": "771530000B1183", "addr_num": "38"}}, {"type": "Feature", "geometry": {"type": "Point", "coordinates": [2.682567, 49.059391]}, "properties": {"year": 2023, "valeur_fonciere": 700000.0, "type_local": "Dépendance", "surface_reelle_bati": null, "nombre_pieces_principales": 0.0, "adresse_nom_voie": "AV DE L EUROPE", "price_per_sqm": null, "date_iso": "2023-10-10", "parcelle": "771530000B1183", "addr_num": "38"}}, {"type": "Feature", "geometry": {"type": "Point", "coordinates": [2.682567, 49.059391]}, "properties": {"year": 2023, "valeur_fonciere": 700000.0, "type_local": "Appartement", "surface_reelle_bati": 43.0, "nombre_pieces_principales": 2.0, "adresse_nom_voie": "AV DE L EUROPE", "price_per_sqm": 16279.06976744186, "date_iso": "2023-10-10", "parcelle": "771530000B1183", "addr_num": "38"}}, {"type": "Feature", "geometry": {"type": "Point", "coordinates": [2.682567, 49.059391]}, "properties": {"year": 2023, "valeur_fonciere": 700000.0, "type_local": "Appartement", "surface_reelle_bati": 38.0, "nombre_pieces_principales": 2.0, "adresse_nom_voie": "AV DE L EUROPE", "price_per_sqm": 18421.052631578947, "date_iso": "2023-10-10", "parcelle": "771530000B1183", "addr_num": "38"}}, {"type": "Feature", "geometry": {"type": "Point", "coordinates": [2.682567, 49.059391]}, "properties": {"year": 2023, "valeur_fonciere": 700000.0, "type_local": "Appartement", "surface_reelle_bati": 43.0, "nombre_pieces_principales": 2.0, "adresse_nom_voie": "AV DE L EUROPE", "price_per_sqm": 16279.06976744186, "date_iso": "2023-10-10", "parcelle": "771530000B1183", "addr_num": "38"}}, {"type": "Feature", "geometry": {"type": "Point", "coordinates": [2.682567, 49.059391]}, "properties": {"year": 2023, "valeur_fonciere": 700000.0, "type_local": "Dépendance", "surface_reelle_bati": null, "nombre_pieces_principales": 0.0, "adresse_nom_voie": "AV DE L EUROPE", "price_per_sqm": null, "date_iso": "2023-10-10", "parcelle": "771530000B1183", "addr_num": "38"}}, {"type": "Feature", "geometry": {"type": "Point", "coordinates": [2.682567, 49.059391]}, "properties": {"year": 2023, "valeur_fonciere": 700000.0, "type_local": "Dépendance", "surface_reelle_bati": null, "nombre_pieces_principales": 0.0, "adresse_nom_voie": "AV DE L EUROPE", "price_per_sqm": null, "date_iso": "2023-10-10", "parcelle": "771530000B1183", "addr_num": "38"}}, {"type": "Feature", "geometry": {"type": "Point", "coordinates": [2.682567, 49.059391]}, "properties": {"year": 2023, "valeur_fonciere": 700000.0, "type_local": "Dépendance", "surface_reelle_bati": null, "nombre_pieces_principales": 0.0, "adresse_nom_voie": "AV DE L EUROPE", "price_per_sqm": null, "date_iso": "2023-10-10", "parcelle": "771530000B1183", "addr_num": "38"}}, {"type": "Feature", "geometry": {"type": "Point", "coordinates": [2.682032, 49.059415]}, "properties": {"year": 2023, "valeur_fonciere": 700000.0, "type_local": null, "surface_reelle_bati": null, "nombre_pieces_principales": null, "adresse_nom_voie": "AV DE L EUROPE", "price_per_sqm": null, "date_iso": "2023-10-10", "parcelle": "771530000B1184", "addr_num": ""}}, {"type": "Feature", "geometry": {"type": "Point", "coordinates": [2.681827, 49.05946]}, "properties": {"year": 2023, "valeur_fonciere": 700000.0, "type_local": null, "surface_reelle_bati": null, "nombre_pieces_principales": null, "adresse_nom_voie": "AV DE L EUROPE", "price_per_sqm": null, "date_iso": "2023-10-10", "parcelle": "771530000B1186", "addr_num": ""}}, {"type": "Feature", "geometry": {"type": "Point", "coordinates": [2.68617, 49.062108]}, "properties": {"year": 2023, "valeur_fonciere": 345000.0, "type_local": "Maison", "surface_reelle_bati": 104.0, "nombre_pieces_principales": 6.0, "adresse_nom_voie": "RTE D EVE", "price_per_sqm": 3317.3076923076924, "date_iso": "2023-11-02", "parcelle": "77153000AO0046", "addr_num": "41"}}, {"type": "Feature", "geometry": {"type": "Point", "coordinates": [2.68617, 49.062108]}, "properties": {"year": 2023, "valeur_fonciere": 345000.0, "type_local": "Maison", "surface_reelle_bati": 104.0, "nombre_pieces_principales": 6.0, "adresse_nom_voie": "RTE D EVE", "price_per_sqm": 3317.3076923076924, "date_iso": "2023-11-02", "parcelle": "77153000AO0046", "addr_num": "41"}}, {"type": "Feature", "geometry": {"type": "Point", "coordinates": [2.682447, 49.058192]}, "properties": {"year": 2023, "valeur_fonciere": 276000.0, "type_local": "Maison", "surface_reelle_bati": 67.0, "nombre_pieces_principales": 3.0, "adresse_nom_voie": "AV DE L EUROPE", "price_per_sqm": 4119.4029850746265, "date_iso": "2023-11-06", "parcelle": "771530000B1109", "addr_num": "22"}}, {"type": "Feature", "geometry": {"type": "Point", "coordinates": [2.686756, 49.057094]}, "properties": {"year": 2023, "valeur_fonciere": 140000.0, "type_local": null, "surface_reelle_bati": null, "nombre_pieces_principales": null, "adresse_nom_voie": "CHE DE LA GARENNE", "price_per_sqm": null, "date_iso": "2023-11-08", "parcelle": "77153000AK0510", "addr_num": "15"}}, {"type": "Feature", "geometry": {"type": "Point", "coordinates": [2.697195, 49.058366]}, "properties": {"year": 2023, "valeur_fonciere": 327000.0, "type_local": "Maison", "surface_reelle_bati": 88.0, "nombre_pieces_principales": 5.0, "adresse_nom_voie": "ALL DE LA HERSE D OR", "price_per_sqm": 3715.909090909091, "date_iso": "2023-11-14", "parcelle": "77153000AM0185", "addr_num": "52"}}, {"type": "Feature", "geometry": {"type": "Point", "coordinates": [2.697195, 49.058366]}, "properties": {"year": 2023, "valeur_fonciere": 327000.0, "type_local": "Maison", "surface_reelle_bati": 88.0, "nombre_pieces_principales": 5.0, "adresse_nom_voie": "ALL DE LA HERSE D OR", "price_per_sqm": 3715.909090909091, "date_iso": "2023-11-14", "parcelle": "77153000AM0185", "addr_num": "52"}}, {"type": "Feature", "geometry": {"type": "Point", "coordinates": [2.679853, 49.053887]}, "properties": {"year": 2023, "valeur_fonciere": 104000.0, "type_local": "Appartement", "surface_reelle_bati": 30.0, "nombre_pieces_principales": 2.0, "adresse_nom_voie": "RUE DE LA LIBERATION", "price_per_sqm": 3466.6666666666665, "date_iso": "2023-11-17", "parcelle": "77153000AD0002", "addr_num": "1"}}, {"type": "Feature", "geometry": {"type": "Point", "coordinates": [2.679853, 49.053887]}, "properties": {"year": 2023, "valeur_fonciere": 104000.0, "type_local": "Dépendance", "surface_reelle_bati": null, "nombre_pieces_principales": 0.0, "adresse_nom_voie": "RUE DE LA LIBERATION", "price_per_sqm": null, "date_iso": "2023-11-17", "parcelle": "77153000AD0002", "addr_num": "1"}}, {"type": "Feature", "geometry": {"type": "Point", "coordinates": [2.678079, 49.054141]}, "properties": {"year": 2023, "valeur_fonciere": 240000.0, "type_local": "Appartement", "surface_reelle_bati": 43.0, "nombre_pieces_principales": 2.0, "adresse_nom_voie": "RUE DU GENERAL DE GAULLE", "price_per_sqm": 5581.395348837209, "date_iso": "2023-11-07", "parcelle": "77153000AB0223", "addr_num": "67"}}, {"type": "Feature", "geometry": {"type": "Point", "coordinates": [2.678079, 49.054141]}, "properties": {"year": 2023, "valeur_fonciere": 240000.0, "type_local": "Appartement", "surface_reelle_bati": 54.0, "nombre_pieces_principales": 3.0, "adresse_nom_voie": "RUE DU GENERAL DE GAULLE", "price_per_sqm": 4444.444444444444, "date_iso": "2023-11-07", "parcelle": "77153000AB0223", "addr_num": "67"}}, {"type": "Feature", "geometry": {"type": "Point", "coordinates": [2.678079, 49.054141]}, "properties": {"year": 2023, "valeur_fonciere": 240000.0, "type_local": "Dépendance", "surface_reelle_bati": null, "nombre_pieces_principales": 0.0, "adresse_nom_voie": "RUE DU GENERAL DE GAULLE", "price_per_sqm": null, "date_iso": "2023-11-07", "parcelle": "77153000AB0223", "addr_num": "67"}}, {"type": "Feature", "geometry": {"type": "Point", "coordinates": [2.678079, 49.054141]}, "properties": {"year": 2023, "valeur_fonciere": 240000.0, "type_local": "Dépendance", "surface_reelle_bati": null, "nombre_pieces_principales": 0.0, "adresse_nom_voie": "RUE DU GENERAL DE GAULLE", "price_per_sqm": null, "date_iso": "2023-11-07", "parcelle": "77153000AB0223", "addr_num": "67"}}, {"type": "Feature", "geometry": {"type": "Point", "coordinates": [2.670525, 49.053921]}, "properties": {"year": 2023, "valeur_fonciere": 250000.0, "type_local": "Maison", "surface_reelle_bati": 73.0, "nombre_pieces_principales": 4.0, "adresse_nom_voie": "AV DE L EAU BONNE", "price_per_sqm": 3424.6575342465753, "date_iso": "2023-11-21", "parcelle": "771530000C0559", "addr_num": "18"}}, {"type": "Feature", "geometry": {"type": "Point", "coordinates": [2.695407, 49.05911]}, "properties": {"year": 2023, "valeur_fonciere": 325000.0, "type_local": "Dépendance", "surface_reelle_bati": null, "nombre_pieces_principales": 0.0, "adresse_nom_voie": "RUE DE LA FAUCILLE D'OR", "price_per_sqm": null, "date_iso": "2023-11-28", "parcelle": "77153000AM0258", "addr_num": "8"}}, {"type": "Feature", "geometry": {"type": "Point", "coordinates": [2.695407, 49.05911]}, "properties": {"year": 2023, "valeur_fonciere": 325000.0, "type_local": "Maison", "surface_reelle_bati": 101.0, "nombre_pieces_principales": 5.0, "adresse_nom_voie": "RUE DE LA FAUCILLE D'OR", "price_per_sqm": 3217.8217821782177, "date_iso": "2023-11-28", "parcelle": "77153000AM0258", "addr_num": "8"}}, {"type": "Feature", "geometry": {"type": "Point", "coordinates": [2.695407, 49.05911]}, "properties": {"year": 2023, "valeur_fonciere": 325000.0, "type_local": "Maison", "surface_reelle_bati": 101.0, "nombre_pieces_principales": 5.0, "adresse_nom_voie": "RUE DE LA FAUCILLE D'OR", "price_per_sqm": 3217.8217821782177, "date_iso": "2023-11-28", "parcelle": "77153000AM0258", "addr_num": "8"}}, {"type": "Feature", "geometry": {"type": "Point", "coordinates": [2.695407, 49.05911]}, "properties": {"year": 2023, "valeur_fonciere": 325000.0, "type_local": "Dépendance", "surface_reelle_bati": null, "nombre_pieces_principales": 0.0, "adresse_nom_voie": "RUE DE LA FAUCILLE D'OR", "price_per_sqm": null, "date_iso": "2023-11-28", "parcelle": "77153000AM0258", "addr_num": "8"}}, {"type": "Feature", "geometry": {"type": "Point", "coordinates": [2.681145, 49.053599]}, "properties": {"year": 2023, "valeur_fonciere": 145000.0, "type_local": "Appartement", "surface_reelle_bati": 35.0, "nombre_pieces_principales": 2.0, "adresse_nom_voie": "RUE VICTOR OFFROY", "price_per_sqm": 4142.857142857143, "date_iso": "2023-12-12", "parcelle": "77153000AD0423", "addr_num": "5"}}, {"type": "Feature", "geometry": {"type": "Point", "coordinates": [2.681145, 49.053599]}, "properties": {"year": 2023, "valeur_fonciere": 145000.0, "type_local": "Dépendance", "surface_reelle_bati": null, "nombre_pieces_principales": 0.0, "adresse_nom_voie": "RUE VICTOR OFFROY", "price_per_sqm": null, "date_iso": "2023-12-12", "parcelle": "77153000AD0423", "addr_num": "5"}}, {"type": "Feature", "geometry": {"type": "Point", "coordinates": [2.685069, 49.053172]}, "properties": {"year": 2023, "valeur_fonciere": 19000.0, "type_local": "Dépendance", "surface_reelle_bati": null, "nombre_pieces_principales": 0.0, "adresse_nom_voie": "RLE DU BUAT", "price_per_sqm": null, "date_iso": "2023-11-29", "parcelle": "77153000AD0107", "addr_num": "2"}}, {"type": "Feature", "geometry": {"type": "Point", "coordinates": [2.685069, 49.053172]}, "properties": {"year": 2023, "valeur_fonciere": 19000.0, "type_local": "Dépendance", "surface_reelle_bati": null, "nombre_pieces_principales": 0.0, "adresse_nom_voie": "RLE DU BUAT", "price_per_sqm": null, "date_iso": "2023-11-29", "parcelle": "77153000AD0107", "addr_num": "2"}}, {"type": "Feature", "geometry": {"type": "Point", "coordinates": [2.685069, 49.053172]}, "properties": {"year": 2023, "valeur_fonciere": 19000.0, "type_local": "Dépendance", "surface_reelle_bati": null, "nombre_pieces_principales": 0.0, "adresse_nom_voie": "RLE DU BUAT", "price_per_sqm": null, "date_iso": "2023-11-29", "parcelle": "77153000AD0107", "addr_num": "2"}}, {"type": "Feature", "geometry": {"type": "Point", "coordinates": [2.685069, 49.053172]}, "properties": {"year": 2023, "valeur_fonciere": 19000.0, "type_local": "Dépendance", "surface_reelle_bati": null, "nombre_pieces_principales": 0.0, "adresse_nom_voie": "RLE DU BUAT", "price_per_sqm": null, "date_iso": "2023-11-29", "parcelle": "77153000AD0107", "addr_num": "2"}}, {"type": "Feature", "geometry": {"type": "Point", "coordinates": [2.685069, 49.053172]}, "properties": {"year": 2023, "valeur_fonciere": 19000.0, "type_local": "Dépendance", "surface_reelle_bati": null, "nombre_pieces_principales": 0.0, "adresse_nom_voie": "RLE DU BUAT", "price_per_sqm": null, "date_iso": "2023-11-29", "parcelle": "77153000AD0107", "addr_num": "2"}}, {"type": "Feature", "geometry": {"type": "Point", "coordinates": [2.685069, 49.053172]}, "properties": {"year": 2023, "valeur_fonciere": 19000.0, "type_local": "Dépendance", "surface_reelle_bati": null, "nombre_pieces_principales": 0.0, "adresse_nom_voie": "RLE DU BUAT", "price_per_sqm": null, "date_iso": "2023-11-29", "parcelle": "77153000AD0107", "addr_num": "2"}}, {"type": "Feature", "geometry": {"type": "Point", "coordinates": [2.685069, 49.053172]}, "properties": {"year": 2023, "valeur_fonciere": 19000.0, "type_local": "Dépendance", "surface_reelle_bati": null, "nombre_pieces_principales": 0.0, "adresse_nom_voie": "RLE DU BUAT", "price_per_sqm": null, "date_iso": "2023-11-29", "parcelle": "77153000AD0107", "addr_num": "2"}}, {"type": "Feature", "geometry": {"type": "Point", "coordinates": [2.678768, 49.05391]}, "properties": {"year": 2023, "valeur_fonciere": 320000.0, "type_local": "Maison", "surface_reelle_bati": 75.0, "nombre_pieces_principales": 3.0, "adresse_nom_voie": "RUE DU GENERAL DE GAULLE", "price_per_sqm": 4266.666666666667, "date_iso": "2023-11-20", "parcelle": "77153000AB0116", "addr_num": "88"}}, {"type": "Feature", "geometry": {"type": "Point", "coordinates": [2.678768, 49.05391]}, "properties": {"year": 2023, "valeur_fonciere": 320000.0, "type_local": "Local industriel. commercial ou assimilé", "surface_reelle_bati": 55.0, "nombre_pieces_principales": 0.0, "adresse_nom_voie": "RUE DU GENERAL DE GAULLE", "price_per_sqm": 5818.181818181818, "date_iso": "2023-11-20", "parcelle": "77153000AB0116", "addr_num": "88"}}, {"type": "Feature", "geometry": {"type": "Point", "coordinates": [2.678809, 49.05359]}, "properties": {"year": 2023, "valeur_fonciere": 320000.0, "type_local": null, "surface_reelle_bati": null, "nombre_pieces_principales": null, "adresse_nom_voie": "PARIS", "price_per_sqm": null, "date_iso": "2023-11-20", "parcelle": "77153000AB0117", "addr_num": ""}}, {"type": "Feature", "geometry": {"type": "Point", "coordinates": [2.6779, 49.059998]}, "properties": {"year": 2023, "valeur_fonciere": 352000.0, "type_local": null, "surface_reelle_bati": null, "nombre_pieces_principales": null, "adresse_nom_voie": "RUE DE BOURBON CONDE", "price_per_sqm": null, "date_iso": "2023-12-15", "parcelle": "77153000AP0214", "addr_num": "24"}}, {"type": "Feature", "geometry": {"type": "Point", "coordinates": [2.677582, 49.060055]}, "properties": {"year": 2023, "valeur_fonciere": 352000.0, "type_local": "Maison", "surface_reelle_bati": 63.0, "nombre_pieces_principales": 3.0, "adresse_nom_voie": "RUE DE BOURBON CONDE", "price_per_sqm": 5587.3015873015875, "date_iso": "2023-12-15", "parcelle": "77153000AP0216", "addr_num": "24"}}, {"type": "Feature", "geometry": {"type": "Point", "coordinates": [2.677582, 49.060055]}, "properties": {"year": 2023, "valeur_fonciere": 352000.0, "type_local": "Maison", "surface_reelle_bati": 63.0, "nombre_pieces_principales": 3.0, "adresse_nom_voie": "RUE DE BOURBON CONDE", "price_per_sqm": 5587.3015873015875, "date_iso": "2023-12-15", "parcelle": "77153000AP0216", "addr_num": "24"}}, {"type": "Feature", "geometry": {"type": "Point", "coordinates": [2.671117, 49.052591]}, "properties": {"year": 2023, "valeur_fonciere": 297000.0, "type_local": "Maison", "surface_reelle_bati": 88.0, "nombre_pieces_principales": 5.0, "adresse_nom_voie": "AV DE SAINT GUINFORT", "price_per_sqm": 3375.0, "date_iso": "2023-12-20", "parcelle": "771530000C0523", "addr_num": "11"}}, {"type": "Feature", "geometry": {"type": "Point", "coordinates": [2.669987, 49.063071]}, "properties": {"year": 2023, "valeur_fonciere": 395000.0, "type_local": "Maison", "surface_reelle_bati": 124.0, "nombre_pieces_principales": 6.0, "adresse_nom_voie": "RUE JOSEPHINE BAKER", "price_per_sqm": 3185.483870967742, "date_iso": "2023-12-01", "parcelle": "771530000A1862", "addr_num": "13"}}, {"type": "Feature", "geometry": {"type": "Point", "coordinates": [2.674074, 49.061354]}, "properties": {"year": 2023, "valeur_fonciere": 338000.0, "type_local": "Maison", "surface_reelle_bati": 65.0, "nombre_pieces_principales": 4.0, "adresse_nom_voie": "RUE NELSON MANDELA", "price_per_sqm": 5200.0, "date_iso": "2023-12-22", "parcelle": "771530000A1674", "addr_num": "11"}}, {"type": "Feature", "geometry": {"type": "Point", "coordinates": [2.674249, 49.061408]}, "properties": {"year": 2023, "valeur_fonciere": 338000.0, "type_local": null, "surface_reelle_bati": null, "nombre_pieces_principales": null, "adresse_nom_voie": "RUE NELSON MANDELA", "price_per_sqm": null, "date_iso": "2023-12-22", "parcelle": "771530000A1680", "addr_num": "11"}}, {"type": "Feature", "geometry": {"type": "Point", "coordinates": [2.651807, 49.066651]}, "properties": {"year": 2023, "valeur_fonciere": 2200.0, "type_local": null, "surface_reelle_bati": null, "nombre_pieces_principales": null, "adresse_nom_voie": "LA PETITE MOTTELETTE", "price_per_sqm": null, "date_iso": "2023-12-15", "parcelle": "771530000A0083", "addr_num": ""}}, {"type": "Feature", "geometry": {"type": "Point", "coordinates": [2.650344, 49.065227]}, "properties": {"year": 2023, "valeur_fonciere": 2200.0, "type_local": null, "surface_reelle_bati": null, "nombre_pieces_principales": null, "adresse_nom_voie": "LA PETITE MOTTELETTE", "price_per_sqm": null, "date_iso": "2023-12-15", "parcelle": "771530000A0109", "addr_num": ""}}, {"type": "Feature", "geometry": {"type": "Point", "coordinates": [2.694738, 49.05429]}, "properties": {"year": 2023, "valeur_fonciere": 4402629.0, "type_local": "Dépendance", "surface_reelle_bati": null, "nombre_pieces_principales": 0.0, "adresse_nom_voie": "AV DU MARECHAL LECLERC", "price_per_sqm": null, "date_iso": "2023-12-29", "parcelle": "77153000ZE0261", "addr_num": "52"}}, {"type": "Feature", "geometry": {"type": "Point", "coordinates": [2.694738, 49.05429]}, "properties": {"year": 2023, "valeur_fonciere": 4402629.0, "type_local": "Appartement", "surface_reelle_bati": 58.0, "nombre_pieces_principales": 3.0, "adresse_nom_voie": "AV DU MARECHAL LECLERC", "price_per_sqm": 75907.39655172414, "date_iso": "2023-12-29", "parcelle": "77153000ZE0261", "addr_num": "52"}}, {"type": "Feature", "geometry": {"type": "Point", "coordinates": [2.694738, 49.05429]}, "properties": {"year": 2023, "valeur_fonciere": 4402629.0, "type_local": "Appartement", "surface_reelle_bati": 59.0, "nombre_pieces_principales": 3.0, "adresse_nom_voie": "AV DU MARECHAL LECLERC", "price_per_sqm": 74620.83050847458, "date_iso": "2023-12-29", "parcelle": "77153000ZE0261", "addr_num": "52"}}, {"type": "Feature", "geometry": {"type": "Point", "coordinates": [2.694738, 49.05429]}, "properties": {"year": 2023, "valeur_fonciere": 4402629.0, "type_local": "Appartement", "surface_reelle_bati": 59.0, "nombre_pieces_principales": 3.0, "adresse_nom_voie": "AV DU MARECHAL LECLERC", "price_per_sqm": 74620.83050847458, "date_iso": "2023-12-29", "parcelle": "77153000ZE0261", "addr_num": "52"}}, {"type": "Feature", "geometry": {"type": "Point", "coordinates": [2.694738, 49.05429]}, "properties": {"year": 2023, "valeur_fonciere": 4402629.0, "type_local": "Appartement", "surface_reelle_bati": 62.0, "nombre_pieces_principales": 3.0, "adresse_nom_voie": "AV DU MARECHAL LECLERC", "price_per_sqm": 71010.14516129032, "date_iso": "2023-12-29", "parcelle": "77153000ZE0261", "addr_num": "52"}}, {"type": "Feature", "geometry": {"type": "Point", "coordinates": [2.694738, 49.05429]}, "properties": {"year": 2023, "valeur_fonciere": 4402629.0, "type_local": "Appartement", "surface_reelle_bati": 52.0, "nombre_pieces_principales": 2.0, "adresse_nom_voie": "AV DU MARECHAL LECLERC", "price_per_sqm": 84665.94230769231, "date_iso": "2023-12-29", "parcelle": "77153000ZE0261", "addr_num": "52"}}, {"type": "Feature", "geometry": {"type": "Point", "coordinates": [2.694738, 49.05429]}, "properties": {"year": 2023, "valeur_fonciere": 4402629.0, "type_local": "Appartement", "surface_reelle_bati": 30.0, "nombre_pieces_principales": 1.0, "adresse_nom_voie": "AV DU MARECHAL LECLERC", "price_per_sqm": 146754.3, "date_iso": "2023-12-29", "parcelle": "77153000ZE0261", "addr_num": "52"}}, {"type": "Feature", "geometry": {"type": "Point", "coordinates": [2.694738, 49.05429]}, "properties": {"year": 2023, "valeur_fonciere": 4402629.0, "type_local": "Dépendance", "surface_reelle_bati": null, "nombre_pieces_principales": 0.0, "adresse_nom_voie": "AV DU MARECHAL LECLERC", "price_per_sqm": null, "date_iso": "2023-12-29", "parcelle": "77153000ZE0261", "addr_num": "52"}}, {"type": "Feature", "geometry": {"type": "Point", "coordinates": [2.694738, 49.05429]}, "properties": {"year": 2023, "valeur_fonciere": 4402629.0, "type_local": "Appartement", "surface_reelle_bati": 60.0, "nombre_pieces_principales": 3.0, "adresse_nom_voie": "AV DU MARECHAL LECLERC", "price_per_sqm": 73377.15, "date_iso": "2023-12-29", "parcelle": "77153000ZE0261", "addr_num": "52"}}, {"type": "Feature", "geometry": {"type": "Point", "coordinates": [2.694738, 49.05429]}, "properties": {"year": 2023, "valeur_fonciere": 4402629.0, "type_local": "Dépendance", "surface_reelle_bati": null, "nombre_pieces_principales": 0.0, "adresse_nom_voie": "AV DU MARECHAL LECLERC", "price_per_sqm": null, "date_iso": "2023-12-29", "parcelle": "77153000ZE0261", "addr_num": "52"}}, {"type": "Feature", "geometry": {"type": "Point", "coordinates": [2.694738, 49.05429]}, "properties": {"year": 2023, "valeur_fonciere": 4402629.0, "type_local": "Dépendance", "surface_reelle_bati": null, "nombre_pieces_principales": 0.0, "adresse_nom_voie": "AV DU MARECHAL LECLERC", "price_per_sqm": null, "date_iso": "2023-12-29", "parcelle": "77153000ZE0261", "addr_num": "52"}}, {"type": "Feature", "geometry": {"type": "Point", "coordinates": [2.694738, 49.05429]}, "properties": {"year": 2023, "valeur_fonciere": 4402629.0, "type_local": "Dépendance", "surface_reelle_bati": null, "nombre_pieces_principales": 0.0, "adresse_nom_voie": "AV DU MARECHAL LECLERC", "price_per_sqm": null, "date_iso": "2023-12-29", "parcelle": "77153000ZE0261", "addr_num": "52"}}, {"type": "Feature", "geometry": {"type": "Point", "coordinates": [2.694738, 49.05429]}, "properties": {"year": 2023, "valeur_fonciere": 4402629.0, "type_local": "Dépendance", "surface_reelle_bati": null, "nombre_pieces_principales": 0.0, "adresse_nom_voie": "AV DU MARECHAL LECLERC", "price_per_sqm": null, "date_iso": "2023-12-29", "parcelle": "77153000ZE0261", "addr_num": "52"}}, {"type": "Feature", "geometry": {"type": "Point", "coordinates": [2.694738, 49.05429]}, "properties": {"year": 2023, "valeur_fonciere": 4402629.0, "type_local": "Dépendance", "surface_reelle_bati": null, "nombre_pieces_principales": 0.0, "adresse_nom_voie": "AV DU MARECHAL LECLERC", "price_per_sqm": null, "date_iso": "2023-12-29", "parcelle": "77153000ZE0261", "addr_num": "52"}}, {"type": "Feature", "geometry": {"type": "Point", "coordinates": [2.694738, 49.05429]}, "properties": {"year": 2023, "valeur_fonciere": 4402629.0, "type_local": "Dépendance", "surface_reelle_bati": null, "nombre_pieces_principales": 0.0, "adresse_nom_voie": "AV DU MARECHAL LECLERC", "price_per_sqm": null, "date_iso": "2023-12-29", "parcelle": "77153000ZE0261", "addr_num": "52"}}, {"type": "Feature", "geometry": {"type": "Point", "coordinates": [2.694738, 49.05429]}, "properties": {"year": 2023, "valeur_fonciere": 4402629.0, "type_local": "Dépendance", "surface_reelle_bati": null, "nombre_pieces_principales": 0.0, "adresse_nom_voie": "AV DU MARECHAL LECLERC", "price_per_sqm": null, "date_iso": "2023-12-29", "parcelle": "77153000ZE0261", "addr_num": "52"}}, {"type": "Feature", "geometry": {"type": "Point", "coordinates": [2.694738, 49.05429]}, "properties": {"year": 2023, "valeur_fonciere": 4402629.0, "type_local": "Dépendance", "surface_reelle_bati": null, "nombre_pieces_principales": 0.0, "adresse_nom_voie": "AV DU MARECHAL LECLERC", "price_per_sqm": null, "date_iso": "2023-12-29", "parcelle": "77153000ZE0261", "addr_num": "52"}}, {"type": "Feature", "geometry": {"type": "Point", "coordinates": [2.694738, 49.05429]}, "properties": {"year": 2023, "valeur_fonciere": 4402629.0, "type_local": "Dépendance", "surface_reelle_bati": null, "nombre_pieces_principales": 0.0, "adresse_nom_voie": "AV DU MARECHAL LECLERC", "price_per_sqm": null, "date_iso": "2023-12-29", "parcelle": "77153000ZE0261", "addr_num": "52"}}, {"type": "Feature", "geometry": {"type": "Point", "coordinates": [2.694738, 49.05429]}, "properties": {"year": 2023, "valeur_fonciere": 4402629.0, "type_local": "Dépendance", "surface_reelle_bati": null, "nombre_pieces_principales": 0.0, "adresse_nom_voie": "AV DU MARECHAL LECLERC", "price_per_sqm": null, "date_iso": "2023-12-29", "parcelle": "77153000ZE0261", "addr_num": "52"}}, {"type": "Feature", "geometry": {"type": "Point", "coordinates": [2.694738, 49.05429]}, "properties": {"year": 2023, "valeur_fonciere": 4402629.0, "type_local": "Dépendance", "surface_reelle_bati": null, "nombre_pieces_principales": 0.0, "adresse_nom_voie": "AV DU MARECHAL LECLERC", "price_per_sqm": null, "date_iso": "2023-12-29", "parcelle": "77153000ZE0261", "addr_num": "52"}}, {"type": "Feature", "geometry": {"type": "Point", "coordinates": [2.694738, 49.05429]}, "properties": {"year": 2023, "valeur_fonciere": 4402629.0, "type_local": "Dépendance", "surface_reelle_bati": null, "nombre_pieces_principales": 0.0, "adresse_nom_voie": "AV DU MARECHAL LECLERC", "price_per_sqm": null, "date_iso": "2023-12-29", "parcelle": "77153000ZE0261", "addr_num": "52"}}, {"type": "Feature", "geometry": {"type": "Point", "coordinates": [2.694738, 49.05429]}, "properties": {"year": 2023, "valeur_fonciere": 4402629.0, "type_local": "Dépendance", "surface_reelle_bati": null, "nombre_pieces_principales": 0.0, "adresse_nom_voie": "AV DU MARECHAL LECLERC", "price_per_sqm": null, "date_iso": "2023-12-29", "parcelle": "77153000ZE0261", "addr_num": "52"}}, {"type": "Feature", "geometry": {"type": "Point", "coordinates": [2.694738, 49.05429]}, "properties": {"year": 2023, "valeur_fonciere": 4402629.0, "type_local": "Dépendance", "surface_reelle_bati": null, "nombre_pieces_principales": 0.0, "adresse_nom_voie": "AV DU MARECHAL LECLERC", "price_per_sqm": null, "date_iso": "2023-12-29", "parcelle": "77153000ZE0261", "addr_num": "52"}}, {"type": "Feature", "geometry": {"type": "Point", "coordinates": [2.694738, 49.05429]}, "properties": {"year": 2023, "valeur_fonciere": 4402629.0, "type_local": "Dépendance", "surface_reelle_bati": null, "nombre_pieces_principales": 0.0, "adresse_nom_voie": "AV DU MARECHAL LECLERC", "price_per_sqm": null, "date_iso": "2023-12-29", "parcelle": "77153000ZE0261", "addr_num": "52"}}, {"type": "Feature", "geometry": {"type": "Point", "coordinates": [2.694738, 49.05429]}, "properties": {"year": 2023, "valeur_fonciere": 4402629.0, "type_local": "Dépendance", "surface_reelle_bati": null, "nombre_pieces_principales": 0.0, "adresse_nom_voie": "AV DU MARECHAL LECLERC", "price_per_sqm": null, "date_iso": "2023-12-29", "parcelle": "77153000ZE0261", "addr_num": "52"}}, {"type": "Feature", "geometry": {"type": "Point", "coordinates": [2.694738, 49.05429]}, "properties": {"year": 2023, "valeur_fonciere": 4402629.0, "type_local": "Dépendance", "surface_reelle_bati": null, "nombre_pieces_principales": 0.0, "adresse_nom_voie": "AV DU MARECHAL LECLERC", "price_per_sqm": null, "date_iso": "2023-12-29", "parcelle": "77153000ZE0261", "addr_num": "52"}}, {"type": "Feature", "geometry": {"type": "Point", "coordinates": [2.694738, 49.05429]}, "properties": {"year": 2023, "valeur_fonciere": 4402629.0, "type_local": "Dépendance", "surface_reelle_bati": null, "nombre_pieces_principales": 0.0, "adresse_nom_voie": "AV DU MARECHAL LECLERC", "price_per_sqm": null, "date_iso": "2023-12-29", "parcelle": "77153000ZE0261", "addr_num": "52"}}, {"type": "Feature", "geometry": {"type": "Point", "coordinates": [2.694738, 49.05429]}, "properties": {"year": 2023, "valeur_fonciere": 4402629.0, "type_local": "Dépendance", "surface_reelle_bati": null, "nombre_pieces_principales": 0.0, "adresse_nom_voie": "AV DU MARECHAL LECLERC", "price_per_sqm": null, "date_iso": "2023-12-29", "parcelle": "77153000ZE0261", "addr_num": "52"}}, {"type": "Feature", "geometry": {"type": "Point", "coordinates": [2.694738, 49.05429]}, "properties": {"year": 2023, "valeur_fonciere": 4402629.0, "type_local": "Dépendance", "surface_reelle_bati": null, "nombre_pieces_principales": 0.0, "adresse_nom_voie": "AV DU MARECHAL LECLERC", "price_per_sqm": null, "date_iso": "2023-12-29", "parcelle": "77153000ZE0261", "addr_num": "52"}}, {"type": "Feature", "geometry": {"type": "Point", "coordinates": [2.694738, 49.05429]}, "properties": {"year": 2023, "valeur_fonciere": 4402629.0, "type_local": "Dépendance", "surface_reelle_bati": null, "nombre_pieces_principales": 0.0, "adresse_nom_voie": "AV DU MARECHAL LECLERC", "price_per_sqm": null, "date_iso": "2023-12-29", "parcelle": "77153000ZE0261", "addr_num": "52"}}, {"type": "Feature", "geometry": {"type": "Point", "coordinates": [2.694738, 49.05429]}, "properties": {"year": 2023, "valeur_fonciere": 4402629.0, "type_local": "Dépendance", "surface_reelle_bati": null, "nombre_pieces_principales": 0.0, "adresse_nom_voie": "AV DU MARECHAL LECLERC", "price_per_sqm": null, "date_iso": "2023-12-29", "parcelle": "77153000ZE0261", "addr_num": "52"}}, {"type": "Feature", "geometry": {"type": "Point", "coordinates": [2.694738, 49.05429]}, "properties": {"year": 2023, "valeur_fonciere": 4402629.0, "type_local": "Dépendance", "surface_reelle_bati": null, "nombre_pieces_principales": 0.0, "adresse_nom_voie": "AV DU MARECHAL LECLERC", "price_per_sqm": null, "date_iso": "2023-12-29", "parcelle": "77153000ZE0261", "addr_num": "52"}}, {"type": "Feature", "geometry": {"type": "Point", "coordinates": [2.694738, 49.05429]}, "properties": {"year": 2023, "valeur_fonciere": 4402629.0, "type_local": "Dépendance", "surface_reelle_bati": null, "nombre_pieces_principales": 0.0, "adresse_nom_voie": "AV DU MARECHAL LECLERC", "price_per_sqm": null, "date_iso": "2023-12-29", "parcelle": "77153000ZE0261", "addr_num": "52"}}, {"type": "Feature", "geometry": {"type": "Point", "coordinates": [2.694738, 49.05429]}, "properties": {"year": 2023, "valeur_fonciere": 4402629.0, "type_local": "Dépendance", "surface_reelle_bati": null, "nombre_pieces_principales": 0.0, "adresse_nom_voie": "AV DU MARECHAL LECLERC", "price_per_sqm": null, "date_iso": "2023-12-29", "parcelle": "77153000ZE0261", "addr_num": "52"}}, {"type": "Feature", "geometry": {"type": "Point", "coordinates": [2.694738, 49.05429]}, "properties": {"year": 2023, "valeur_fonciere": 4402629.0, "type_local": "Dépendance", "surface_reelle_bati": null, "nombre_pieces_principales": 0.0, "adresse_nom_voie": "AV DU MARECHAL LECLERC", "price_per_sqm": null, "date_iso": "2023-12-29", "parcelle": "77153000ZE0261", "addr_num": "52"}}, {"type": "Feature", "geometry": {"type": "Point", "coordinates": [2.694738, 49.05429]}, "properties": {"year": 2023, "valeur_fonciere": 4402629.0, "type_local": "Dépendance", "surface_reelle_bati": null, "nombre_pieces_principales": 0.0, "adresse_nom_voie": "AV DU MARECHAL LECLERC", "price_per_sqm": null, "date_iso": "2023-12-29", "parcelle": "77153000ZE0261", "addr_num": "52"}}, {"type": "Feature", "geometry": {"type": "Point", "coordinates": [2.694738, 49.05429]}, "properties": {"year": 2023, "valeur_fonciere": 4402629.0, "type_local": "Dépendance", "surface_reelle_bati": null, "nombre_pieces_principales": 0.0, "adresse_nom_voie": "AV DU MARECHAL LECLERC", "price_per_sqm": null, "date_iso": "2023-12-29", "parcelle": "77153000ZE0261", "addr_num": "52"}}, {"type": "Feature", "geometry": {"type": "Point", "coordinates": [2.694738, 49.05429]}, "properties": {"year": 2023, "valeur_fonciere": 4402629.0, "type_local": "Dépendance", "surface_reelle_bati": null, "nombre_pieces_principales": 0.0, "adresse_nom_voie": "AV DU MARECHAL LECLERC", "price_per_sqm": null, "date_iso": "2023-12-29", "parcelle": "77153000ZE0261", "addr_num": "52"}}, {"type": "Feature", "geometry": {"type": "Point", "coordinates": [2.694738, 49.05429]}, "properties": {"year": 2023, "valeur_fonciere": 4402629.0, "type_local": "Dépendance", "surface_reelle_bati": null, "nombre_pieces_principales": 0.0, "adresse_nom_voie": "AV DU MARECHAL LECLERC", "price_per_sqm": null, "date_iso": "2023-12-29", "parcelle": "77153000ZE0261", "addr_num": "52"}}, {"type": "Feature", "geometry": {"type": "Point", "coordinates": [2.694738, 49.05429]}, "properties": {"year": 2023, "valeur_fonciere": 4402629.0, "type_local": "Dépendance", "surface_reelle_bati": null, "nombre_pieces_principales": 0.0, "adresse_nom_voie": "AV DU MARECHAL LECLERC", "price_per_sqm": null, "date_iso": "2023-12-29", "parcelle": "77153000ZE0261", "addr_num": "52"}}, {"type": "Feature", "geometry": {"type": "Point", "coordinates": [2.694738, 49.05429]}, "properties": {"year": 2023, "valeur_fonciere": 4402629.0, "type_local": "Dépendance", "surface_reelle_bati": null, "nombre_pieces_principales": 0.0, "adresse_nom_voie": "AV DU MARECHAL LECLERC", "price_per_sqm": null, "date_iso": "2023-12-29", "parcelle": "77153000ZE0261", "addr_num": "52"}}, {"type": "Feature", "geometry": {"type": "Point", "coordinates": [2.694738, 49.05429]}, "properties": {"year": 2023, "valeur_fonciere": 4402629.0, "type_local": "Dépendance", "surface_reelle_bati": null, "nombre_pieces_principales": 0.0, "adresse_nom_voie": "AV DU MARECHAL LECLERC", "price_per_sqm": null, "date_iso": "2023-12-29", "parcelle": "77153000ZE0261", "addr_num": "52"}}, {"type": "Feature", "geometry": {"type": "Point", "coordinates": [2.694738, 49.05429]}, "properties": {"year": 2023, "valeur_fonciere": 4402629.0, "type_local": "Dépendance", "surface_reelle_bati": null, "nombre_pieces_principales": 0.0, "adresse_nom_voie": "AV DU MARECHAL LECLERC", "price_per_sqm": null, "date_iso": "2023-12-29", "parcelle": "77153000ZE0261", "addr_num": "52"}}, {"type": "Feature", "geometry": {"type": "Point", "coordinates": [2.694738, 49.05429]}, "properties": {"year": 2023, "valeur_fonciere": 4402629.0, "type_local": "Dépendance", "surface_reelle_bati": null, "nombre_pieces_principales": 0.0, "adresse_nom_voie": "AV DU MARECHAL LECLERC", "price_per_sqm": null, "date_iso": "2023-12-29", "parcelle": "77153000ZE0261", "addr_num": "52"}}, {"type": "Feature", "geometry": {"type": "Point", "coordinates": [2.694738, 49.05429]}, "properties": {"year": 2023, "valeur_fonciere": 4402629.0, "type_local": "Dépendance", "surface_reelle_bati": null, "nombre_pieces_principales": 0.0, "adresse_nom_voie": "AV DU MARECHAL LECLERC", "price_per_sqm": null, "date_iso": "2023-12-29", "parcelle": "77153000ZE0261", "addr_num": "52"}}, {"type": "Feature", "geometry": {"type": "Point", "coordinates": [2.694738, 49.05429]}, "properties": {"year": 2023, "valeur_fonciere": 4402629.0, "type_local": "Appartement", "surface_reelle_bati": 59.0, "nombre_pieces_principales": 3.0, "adresse_nom_voie": "AV DU MARECHAL LECLERC", "price_per_sqm": 74620.83050847458, "date_iso": "2023-12-29", "parcelle": "77153000ZE0261", "addr_num": "52"}}, {"type": "Feature", "geometry": {"type": "Point", "coordinates": [2.694738, 49.05429]}, "properties": {"year": 2023, "valeur_fonciere": 4402629.0, "type_local": "Appartement", "surface_reelle_bati": 67.0, "nombre_pieces_principales": 3.0, "adresse_nom_voie": "AV DU MARECHAL LECLERC", "price_per_sqm": 65710.88059701493, "date_iso": "2023-12-29", "parcelle": "77153000ZE0261", "addr_num": "52"}}, {"type": "Feature", "geometry": {"type": "Point", "coordinates": [2.694738, 49.05429]}, "properties": {"year": 2023, "valeur_fonciere": 4402629.0, "type_local": "Appartement", "surface_reelle_bati": 69.0, "nombre_pieces_principales": 3.0, "adresse_nom_voie": "AV DU MARECHAL LECLERC", "price_per_sqm": 63806.217391304344, "date_iso": "2023-12-29", "parcelle": "77153000ZE0261", "addr_num": "52"}}, {"type": "Feature", "geometry": {"type": "Point", "coordinates": [2.694738, 49.05429]}, "properties": {"year": 2023, "valeur_fonciere": 4402629.0, "type_local": "Appartement", "surface_reelle_bati": 63.0, "nombre_pieces_principales": 3.0, "adresse_nom_voie": "AV DU MARECHAL LECLERC", "price_per_sqm": 69883.0, "date_iso": "2023-12-29", "parcelle": "77153000ZE0261", "addr_num": "52"}}, {"type": "Feature", "geometry": {"type": "Point", "coordinates": [2.694738, 49.05429]}, "properties": {"year": 2023, "valeur_fonciere": 4402629.0, "type_local": "Appartement", "surface_reelle_bati": 57.0, "nombre_pieces_principales": 3.0, "adresse_nom_voie": "AV DU MARECHAL LECLERC", "price_per_sqm": 77239.1052631579, "date_iso": "2023-12-29", "parcelle": "77153000ZE0261", "addr_num": "52"}}, {"type": "Feature", "geometry": {"type": "Point", "coordinates": [2.694738, 49.05429]}, "properties": {"year": 2023, "valeur_fonciere": 4402629.0, "type_local": "Appartement", "surface_reelle_bati": 66.0, "nombre_pieces_principales": 3.0, "adresse_nom_voie": "AV DU MARECHAL LECLERC", "price_per_sqm": 66706.5, "date_iso": "2023-12-29", "parcelle": "77153000ZE0261", "addr_num": "52"}}, {"type": "Feature", "geometry": {"type": "Point", "coordinates": [2.694738, 49.05429]}, "properties": {"year": 2023, "valeur_fonciere": 4402629.0, "type_local": "Appartement", "surface_reelle_bati": 58.0, "nombre_pieces_principales": 3.0, "adresse_nom_voie": "AV DU MARECHAL LECLERC", "price_per_sqm": 75907.39655172414, "date_iso": "2023-12-29", "parcelle": "77153000ZE0261", "addr_num": "52"}}, {"type": "Feature", "geometry": {"type": "Point", "coordinates": [2.694738, 49.05429]}, "properties": {"year": 2023, "valeur_fonciere": 4402629.0, "type_local": "Appartement", "surface_reelle_bati": 59.0, "nombre_pieces_principales": 3.0, "adresse_nom_voie": "AV DU MARECHAL LECLERC", "price_per_sqm": 74620.83050847458, "date_iso": "2023-12-29", "parcelle": "77153000ZE0261", "addr_num": "52"}}, {"type": "Feature", "geometry": {"type": "Point", "coordinates": [2.694738, 49.05429]}, "properties": {"year": 2023, "valeur_fonciere": 4402629.0, "type_local": "Appartement", "surface_reelle_bati": 61.0, "nombre_pieces_principales": 3.0, "adresse_nom_voie": "AV DU MARECHAL LECLERC", "price_per_sqm": 72174.24590163934, "date_iso": "2023-12-29", "parcelle": "77153000ZE0261", "addr_num": "52"}}, {"type": "Feature", "geometry": {"type": "Point", "coordinates": [2.694738, 49.05429]}, "properties": {"year": 2023, "valeur_fonciere": 4402629.0, "type_local": "Appartement", "surface_reelle_bati": 64.0, "nombre_pieces_principales": 3.0, "adresse_nom_voie": "AV DU MARECHAL LECLERC", "price_per_sqm": 68791.078125, "date_iso": "2023-12-29", "parcelle": "77153000ZE0261", "addr_num": "52"}}, {"type": "Feature", "geometry": {"type": "Point", "coordinates": [2.694738, 49.05429]}, "properties": {"year": 2023, "valeur_fonciere": 4402629.0, "type_local": "Appartement", "surface_reelle_bati": 56.0, "nombre_pieces_principales": 3.0, "adresse_nom_voie": "AV DU MARECHAL LECLERC", "price_per_sqm": 78618.375, "date_iso": "2023-12-29", "parcelle": "77153000ZE0261", "addr_num": "52"}}, {"type": "Feature", "geometry": {"type": "Point", "coordinates": [2.694738, 49.05429]}, "properties": {"year": 2023, "valeur_fonciere": 4402629.0, "type_local": "Appartement", "surface_reelle_bati": 65.0, "nombre_pieces_principales": 3.0, "adresse_nom_voie": "AV DU MARECHAL LECLERC", "price_per_sqm": 67732.75384615385, "date_iso": "2023-12-29", "parcelle": "77153000ZE0261", "addr_num": "52"}}, {"type": "Feature", "geometry": {"type": "Point", "coordinates": [2.691436, 49.049897]}, "properties": {"year": 2023, "valeur_fonciere": 660000.0, "type_local": "Dépendance", "surface_reelle_bati": null, "nombre_pieces_principales": 0.0, "adresse_nom_voie": "CHE DU BOIS DE JARRE", "price_per_sqm": null, "date_iso": "2023-12-28", "parcelle": "77153000ZE0269", "addr_num": "9001"}}, {"type": "Feature", "geometry": {"type": "Point", "coordinates": [2.691436, 49.049897]}, "properties": {"year": 2023, "valeur_fonciere": 660000.0, "type_local": "Maison", "surface_reelle_bati": 147.0, "nombre_pieces_principales": 4.0, "adresse_nom_voie": "CHE DU BOIS DE JARRE", "price_per_sqm": 4489.7959183673465, "date_iso": "2023-12-28", "parcelle": "77153000ZE0269", "addr_num": "9001"}}, {"type": "Feature", "geometry": {"type": "Point", "coordinates": [2.691436, 49.049897]}, "properties": {"year": 2023, "valeur_fonciere": 660000.0, "type_local": "Maison", "surface_reelle_bati": 147.0, "nombre_pieces_principales": 4.0, "adresse_nom_voie": "CHE DU BOIS DE JARRE", "price_per_sqm": 4489.7959183673465, "date_iso": "2023-12-28", "parcelle": "77153000ZE0269", "addr_num": "9001"}}, {"type": "Feature", "geometry": {"type": "Point", "coordinates": [2.691436, 49.049897]}, "properties": {"year": 2023, "valeur_fonciere": 660000.0, "type_local": "Dépendance", "surface_reelle_bati": null, "nombre_pieces_principales": 0.0, "adresse_nom_voie": "CHE DU BOIS DE JARRE", "price_per_sqm": null, "date_iso": "2023-12-28", "parcelle": "77153000ZE0269", "addr_num": "9001"}}, {"type": "Feature", "geometry": {"type": "Point", "coordinates": [2.680872, 49.054177]}, "properties": {"year": 2023, "valeur_fonciere": 133000.0, "type_local": "Appartement", "surface_reelle_bati": 51.0, "nombre_pieces_principales": 2.0, "adresse_nom_voie": "PL JEAN PATHUS LABOUR", "price_per_sqm": 2607.843137254902, "date_iso": "2023-12-15", "parcelle": "77153000AC0138", "addr_num": "10"}}, {"type": "Feature", "geometry": {"type": "Point", "coordinates": [2.685069, 49.053172]}, "properties": {"year": 2023, "valeur_fonciere": 119000.0, "type_local": "Local industriel. commercial ou assimilé", "surface_reelle_bati": 62.0, "nombre_pieces_principales": 0.0, "adresse_nom_voie": "RLE DU BUAT", "price_per_sqm": 1919.3548387096773, "date_iso": "2023-12-27", "parcelle": "77153000AD0107", "addr_num": "2"}}, {"type": "Feature", "geometry": {"type": "Point", "coordinates": [2.685069, 49.053172]}, "properties": {"year": 2023, "valeur_fonciere": 119000.0, "type_local": "Dépendance", "surface_reelle_bati": null, "nombre_pieces_principales": 0.0, "adresse_nom_voie": "RLE DU BUAT", "price_per_sqm": null, "date_iso": "2023-12-27", "parcelle": "77153000AD0107", "addr_num": "2"}}, {"type": "Feature", "geometry": {"type": "Point", "coordinates": [2.685069, 49.053172]}, "properties": {"year": 2023, "valeur_fonciere": 119000.0, "type_local": "Dépendance", "surface_reelle_bati": null, "nombre_pieces_principales": 0.0, "adresse_nom_voie": "RLE DU BUAT", "price_per_sqm": null, "date_iso": "2023-12-27", "parcelle": "77153000AD0107", "addr_num": "2"}}, {"type": "Feature", "geometry": {"type": "Point", "coordinates": [2.681145, 49.053599]}, "properties": {"year": 2024, "valeur_fonciere": 121000.0, "type_local": "Appartement", "surface_reelle_bati": 38.0, "nombre_pieces_principales": 2.0, "adresse_nom_voie": "RUE VICTOR OFFROY", "price_per_sqm": 3184.2105263157896, "date_iso": "2024-01-10", "parcelle": "77153000AD0423", "addr_num": "5"}}, {"type": "Feature", "geometry": {"type": "Point", "coordinates": [2.681145, 49.053599]}, "properties": {"year": 2024, "valeur_fonciere": 121000.0, "type_local": "Dépendance", "surface_reelle_bati": null, "nombre_pieces_principales": 0.0, "adresse_nom_voie": "RUE VICTOR OFFROY", "price_per_sqm": null, "date_iso": "2024-01-10", "parcelle": "77153000AD0423", "addr_num": "5"}}, {"type": "Feature", "geometry": {"type": "Point", "coordinates": [2.682603, 49.051782]}, "properties": {"year": 2024, "valeur_fonciere": 1.0, "type_local": null, "surface_reelle_bati": null, "nombre_pieces_principales": null, "adresse_nom_voie": "IMP DU GUE DOUY", "price_per_sqm": null, "date_iso": "2024-01-10", "parcelle": "77153000AD0453", "addr_num": ""}}, {"type": "Feature", "geometry": {"type": "Point", "coordinates": [2.682462, 49.051748]}, "properties": {"year": 2024, "valeur_fonciere": 1.0, "type_local": null, "surface_reelle_bati": null, "nombre_pieces_principales": null, "adresse_nom_voie": "RUE DU GUE DOUY", "price_per_sqm": null, "date_iso": "2024-01-10", "parcelle": "77153000AD0454", "addr_num": ""}}, {"type": "Feature", "geometry": {"type": "Point", "coordinates": [2.682503, 49.051908]}, "properties": {"year": 2024, "valeur_fonciere": 1.0, "type_local": null, "surface_reelle_bati": null, "nombre_pieces_principales": null, "adresse_nom_voie": "RUE DU GUE DOUY", "price_per_sqm": null, "date_iso": "2024-01-10", "parcelle": "77153000AD0457", "addr_num": ""}}, {"type": "Feature", "geometry": {"type": "Point", "coordinates": [2.682431, 49.051676]}, "properties": {"year": 2024, "valeur_fonciere": 1.0, "type_local": null, "surface_reelle_bati": null, "nombre_pieces_principales": null, "adresse_nom_voie": "RUE DU GUE DOUY", "price_per_sqm": null, "date_iso": "2024-01-10", "parcelle": "77153000AD0464", "addr_num": ""}}, {"type": "Feature", "geometry": {"type": "Point", "coordinates": [2.682331, 49.051833]}, "properties": {"year": 2024, "valeur_fonciere": 1.0, "type_local": null, "surface_reelle_bati": null, "nombre_pieces_principales": null, "adresse_nom_voie": "RUE DU GUE DOUY", "price_per_sqm": null, "date_iso": "2024-01-10", "parcelle": "77153000AD0465", "addr_num": ""}}, {"type": "Feature", "geometry": {"type": "Point", "coordinates": [2.682079, 49.051837]}, "properties": {"year": 2024, "valeur_fonciere": 1.0, "type_local": null, "surface_reelle_bati": null, "nombre_pieces_principales": null, "adresse_nom_voie": "RUE DU GUE DOUY", "price_per_sqm": null, "date_iso": "2024-01-10", "parcelle": "77153000AD0471", "addr_num": ""}}, {"type": "Feature", "geometry": {"type": "Point", "coordinates": [2.681826, 49.051857]}, "properties": {"year": 2024, "valeur_fonciere": 1.0, "type_local": null, "surface_reelle_bati": null, "nombre_pieces_principales": null, "adresse_nom_voie": "RUE DU GUE DOUY", "price_per_sqm": null, "date_iso": "2024-01-10", "parcelle": "77153000AD0478", "addr_num": ""}}, {"type": "Feature", "geometry": {"type": "Point", "coordinates": [2.683187, 49.052412]}, "properties": {"year": 2024, "valeur_fonciere": 1.0, "type_local": null, "surface_reelle_bati": null, "nombre_pieces_principales": null, "adresse_nom_voie": "RUE DU GUE DOUY", "price_per_sqm": null, "date_iso": "2024-01-10", "parcelle": "77153000AD0485", "addr_num": ""}}, {"type": "Feature", "geometry": {"type": "Point", "coordinates": [2.683155, 49.052358]}, "properties": {"year": 2024, "valeur_fonciere": 1.0, "type_local": null, "surface_reelle_bati": null, "nombre_pieces_principales": null, "adresse_nom_voie": "RUE DU GUE DOUY", "price_per_sqm": null, "date_iso": "2024-01-10", "parcelle": "77153000AD0486", "addr_num": ""}}, {"type": "Feature", "geometry": {"type": "Point", "coordinates": [2.68277, 49.052339]}, "properties": {"year": 2024, "valeur_fonciere": 1.0, "type_local": null, "surface_reelle_bati": null, "nombre_pieces_principales": null, "adresse_nom_voie": "RUE DU GUE DOUY", "price_per_sqm": null, "date_iso": "2024-01-10", "parcelle": "77153000AD0500", "addr_num": ""}}, {"type": "Feature", "geometry": {"type": "Point", "coordinates": [2.682967, 49.052353]}, "properties": {"year": 2024, "valeur_fonciere": 1.0, "type_local": null, "surface_reelle_bati": null, "nombre_pieces_principales": null, "adresse_nom_voie": "RUE DU GUE DOUY", "price_per_sqm": null, "date_iso": "2024-01-10", "parcelle": "77153000AD0506", "addr_num": ""}}, {"type": "Feature", "geometry": {"type": "Point", "coordinates": [2.682876, 49.052311]}, "properties": {"year": 2024, "valeur_fonciere": 1.0, "type_local": null, "surface_reelle_bati": null, "nombre_pieces_principales": null, "adresse_nom_voie": "RUE DU GUE DOUY", "price_per_sqm": null, "date_iso": "2024-01-10", "parcelle": "77153000AD0513", "addr_num": ""}}, {"type": "Feature", "geometry": {"type": "Point", "coordinates": [2.682594, 49.052214]}, "properties": {"year": 2024, "valeur_fonciere": 1.0, "type_local": null, "surface_reelle_bati": null, "nombre_pieces_principales": null, "adresse_nom_voie": "RUE DU GUE DOUY", "price_per_sqm": null, "date_iso": "2024-01-10", "parcelle": "77153000AD0517", "addr_num": ""}}, {"type": "Feature", "geometry": {"type": "Point", "coordinates": [2.683289, 49.052352]}, "properties": {"year": 2024, "valeur_fonciere": 1.0, "type_local": null, "surface_reelle_bati": null, "nombre_pieces_principales": null, "adresse_nom_voie": "RUE DU GUE DOUY", "price_per_sqm": null, "date_iso": "2024-01-10", "parcelle": "77153000AD0521", "addr_num": ""}}, {"type": "Feature", "geometry": {"type": "Point", "coordinates": [2.683184, 49.05259]}, "properties": {"year": 2024, "valeur_fonciere": 1.0, "type_local": null, "surface_reelle_bati": null, "nombre_pieces_principales": null, "adresse_nom_voie": "RUE DU GUE DOUY", "price_per_sqm": null, "date_iso": "2024-01-10", "parcelle": "77153000AD0526", "addr_num": ""}}, {"type": "Feature", "geometry": {"type": "Point", "coordinates": [2.683191, 49.05264]}, "properties": {"year": 2024, "valeur_fonciere": 1.0, "type_local": null, "surface_reelle_bati": null, "nombre_pieces_principales": null, "adresse_nom_voie": "RUE DU GUE DOUY", "price_per_sqm": null, "date_iso": "2024-01-10", "parcelle": "77153000AD0531", "addr_num": ""}}, {"type": "Feature", "geometry": {"type": "Point", "coordinates": [2.683249, 49.052604]}, "properties": {"year": 2024, "valeur_fonciere": 1.0, "type_local": null, "surface_reelle_bati": null, "nombre_pieces_principales": null, "adresse_nom_voie": "RUE DU GUE DOUY", "price_per_sqm": null, "date_iso": "2024-01-10", "parcelle": "77153000AD0532", "addr_num": ""}}, {"type": "Feature", "geometry": {"type": "Point", "coordinates": [2.68319, 49.052468]}, "properties": {"year": 2024, "valeur_fonciere": 1.0, "type_local": null, "surface_reelle_bati": null, "nombre_pieces_principales": null, "adresse_nom_voie": "RUE DU GUE DOUY", "price_per_sqm": null, "date_iso": "2024-01-10", "parcelle": "77153000AD0533", "addr_num": ""}}, {"type": "Feature", "geometry": {"type": "Point", "coordinates": [2.683759, 49.051747]}, "properties": {"year": 2024, "valeur_fonciere": 1.0, "type_local": null, "surface_reelle_bati": null, "nombre_pieces_principales": null, "adresse_nom_voie": "IMP DU GUE DOUY", "price_per_sqm": null, "date_iso": "2024-01-10", "parcelle": "77153000AD0540", "addr_num": ""}}, {"type": "Feature", "geometry": {"type": "Point", "coordinates": [2.683855, 49.051846]}, "properties": {"year": 2024, "valeur_fonciere": 1.0, "type_local": null, "surface_reelle_bati": null, "nombre_pieces_principales": null, "adresse_nom_voie": "IMP DU GUE DOUY", "price_per_sqm": null, "date_iso": "2024-01-10", "parcelle": "77153000AD0542", "addr_num": ""}}, {"type": "Feature", "geometry": {"type": "Point", "coordinates": [2.683877, 49.051916]}, "properties": {"year": 2024, "valeur_fonciere": 1.0, "type_local": null, "surface_reelle_bati": null, "nombre_pieces_principales": null, "adresse_nom_voie": "IMP DU GUE DOUY", "price_per_sqm": null, "date_iso": "2024-01-10", "parcelle": "77153000AD0544", "addr_num": ""}}, {"type": "Feature", "geometry": {"type": "Point", "coordinates": [2.68312, 49.05184]}, "properties": {"year": 2024, "valeur_fonciere": 1.0, "type_local": null, "surface_reelle_bati": null, "nombre_pieces_principales": null, "adresse_nom_voie": "IMP DU GUE DOUY", "price_per_sqm": null, "date_iso": "2024-01-10", "parcelle": "77153000AD0546", "addr_num": ""}}, {"type": "Feature", "geometry": {"type": "Point", "coordinates": [2.683135, 49.051816]}, "properties": {"year": 2024, "valeur_fonciere": 1.0, "type_local": null, "surface_reelle_bati": null, "nombre_pieces_principales": null, "adresse_nom_voie": "IMP DU GUE DOUY", "price_per_sqm": null, "date_iso": "2024-01-10", "parcelle": "77153000AD0549", "addr_num": ""}}, {"type": "Feature", "geometry": {"type": "Point", "coordinates": [2.683159, 49.05184]}, "properties": {"year": 2024, "valeur_fonciere": 1.0, "type_local": null, "surface_reelle_bati": null, "nombre_pieces_principales": null, "adresse_nom_voie": "IMP DU GUE DOUY", "price_per_sqm": null, "date_iso": "2024-01-10", "parcelle": "77153000AD0553", "addr_num": ""}}, {"type": "Feature", "geometry": {"type": "Point", "coordinates": [2.683265, 49.051856]}, "properties": {"year": 2024, "valeur_fonciere": 1.0, "type_local": null, "surface_reelle_bati": null, "nombre_pieces_principales": null, "adresse_nom_voie": "IMP DU GUE DOUY", "price_per_sqm": null, "date_iso": "2024-01-10", "parcelle": "77153000AD0557", "addr_num": ""}}, {"type": "Feature", "geometry": {"type": "Point", "coordinates": [2.68305, 49.051828]}, "properties": {"year": 2024, "valeur_fonciere": 1.0, "type_local": null, "surface_reelle_bati": null, "nombre_pieces_principales": null, "adresse_nom_voie": "IMP DU GUE DOUY", "price_per_sqm": null, "date_iso": "2024-01-10", "parcelle": "77153000AD0564", "addr_num": ""}}, {"type": "Feature", "geometry": {"type": "Point", "coordinates": [2.682839, 49.051811]}, "properties": {"year": 2024, "valeur_fonciere": 1.0, "type_local": null, "surface_reelle_bati": null, "nombre_pieces_principales": null, "adresse_nom_voie": "IMP DU GUE DOUY", "price_per_sqm": null, "date_iso": "2024-01-10", "parcelle": "77153000AD0569", "addr_num": ""}}, {"type": "Feature", "geometry": {"type": "Point", "coordinates": [2.683424, 49.051863]}, "properties": {"year": 2024, "valeur_fonciere": 1.0, "type_local": null, "surface_reelle_bati": null, "nombre_pieces_principales": null, "adresse_nom_voie": "IMP DU GUE DOUY", "price_per_sqm": null, "date_iso": "2024-01-10", "parcelle": "77153000AD0577", "addr_num": ""}}, {"type": "Feature", "geometry": {"type": "Point", "coordinates": [2.681548, 49.051935]}, "properties": {"year": 2024, "valeur_fonciere": 1.0, "type_local": null, "surface_reelle_bati": null, "nombre_pieces_principales": null, "adresse_nom_voie": "RUE DU GUE DOUY", "price_per_sqm": null, "date_iso": "2024-01-10", "parcelle": "771530000D0534", "addr_num": ""}}, {"type": "Feature", "geometry": {"type": "Point", "coordinates": [2.68067, 49.051961]}, "properties": {"year": 2024, "valeur_fonciere": 1.0, "type_local": null, "surface_reelle_bati": null, "nombre_pieces_principales": null, "adresse_nom_voie": "RUE DE LA SAINE FONTAINE", "price_per_sqm": null, "date_iso": "2024-01-10", "parcelle": "771530000D0536", "addr_num": ""}}, {"type": "Feature", "geometry": {"type": "Point", "coordinates": [2.680788, 49.052034]}, "properties": {"year": 2024, "valeur_fonciere": 1.0, "type_local": null, "surface_reelle_bati": null, "nombre_pieces_principales": null, "adresse_nom_voie": "RUE DE LA SAINE FONTAINE", "price_per_sqm": null, "date_iso": "2024-01-10", "parcelle": "771530000D0542", "addr_num": ""}}, {"type": "Feature", "geometry": {"type": "Point", "coordinates": [2.681064, 49.051984]}, "properties": {"year": 2024, "valeur_fonciere": 1.0, "type_local": null, "surface_reelle_bati": null, "nombre_pieces_principales": null, "adresse_nom_voie": "RUE DU GUE DOUY", "price_per_sqm": null, "date_iso": "2024-01-10", "parcelle": "771530000D0549", "addr_num": ""}}, {"type": "Feature", "geometry": {"type": "Point", "coordinates": [2.681357, 49.051959]}, "properties": {"year": 2024, "valeur_fonciere": 1.0, "type_local": null, "surface_reelle_bati": null, "nombre_pieces_principales": null, "adresse_nom_voie": "RUE DU GUE DOUY", "price_per_sqm": null, "date_iso": "2024-01-10", "parcelle": "771530000D0552", "addr_num": ""}}, {"type": "Feature", "geometry": {"type": "Point", "coordinates": [2.682283, 49.054003]}, "properties": {"year": 2024, "valeur_fonciere": 160000.0, "type_local": "Appartement", "surface_reelle_bati": 60.0, "nombre_pieces_principales": 3.0, "adresse_nom_voie": "RUE DU GENERAL DE GAULLE", "price_per_sqm": 2666.6666666666665, "date_iso": "2024-01-17", "parcelle": "77153000AC0199", "addr_num": "149"}}, {"type": "Feature", "geometry": {"type": "Point", "coordinates": [2.678869, 49.053896]}, "properties": {"year": 2024, "valeur_fonciere": 102000.0, "type_local": "Appartement", "surface_reelle_bati": 30.0, "nombre_pieces_principales": 1.0, "adresse_nom_voie": "RUE DU GENERAL DE GAULLE", "price_per_sqm": 3400.0, "date_iso": "2024-01-16", "parcelle": "77153000AB0115", "addr_num": "90"}}, {"type": "Feature", "geometry": {"type": "Point", "coordinates": [2.678809, 49.05359]}, "properties": {"year": 2024, "valeur_fonciere": 102000.0, "type_local": null, "surface_reelle_bati": null, "nombre_pieces_principales": null, "adresse_nom_voie": "PARIS", "price_per_sqm": null, "date_iso": "2024-01-16", "parcelle": "77153000AB0117", "addr_num": ""}}, {"type": "Feature", "geometry": {"type": "Point", "coordinates": [2.692797, 49.049376]}, "properties": {"year": 2024, "valeur_fonciere": 367900.0, "type_local": "Maison", "surface_reelle_bati": 121.0, "nombre_pieces_principales": 3.0, "adresse_nom_voie": "CHE DES PETITS EBOULIS", "price_per_sqm": 3040.495867768595, "date_iso": "2024-01-24", "parcelle": "77153000ZE0212", "addr_num": "7"}}, {"type": "Feature", "geometry": {"type": "Point", "coordinates": [2.692797, 49.049376]}, "properties": {"year": 2024, "valeur_fonciere": 367900.0, "type_local": "Maison", "surface_reelle_bati": 121.0, "nombre_pieces_principales": 3.0, "adresse_nom_voie": "CHE DES PETITS EBOULIS", "price_per_sqm": 3040.495867768595, "date_iso": "2024-01-24", "parcelle": "77153000ZE0212", "addr_num": "7"}}, {"type": "Feature", "geometry": {"type": "Point", "coordinates": [2.668053, 49.056845]}, "properties": {"year": 2024, "valeur_fonciere": 194000.0, "type_local": "Appartement", "surface_reelle_bati": 43.0, "nombre_pieces_principales": 2.0, "adresse_nom_voie": "CHE DES JONCS", "price_per_sqm": 4511.627906976744, "date_iso": "2024-02-01", "parcelle": "771530000A2141", "addr_num": "14"}}, {"type": "Feature", "geometry": {"type": "Point", "coordinates": [2.668053, 49.056845]}, "properties": {"year": 2024, "valeur_fonciere": 194000.0, "type_local": "Dépendance", "surface_reelle_bati": null, "nombre_pieces_principales": 0.0, "adresse_nom_voie": "CHE DES JONCS", "price_per_sqm": null, "date_iso": "2024-02-01", "parcelle": "771530000A2141", "addr_num": "14"}}, {"type": "Feature", "geometry": {"type": "Point", "coordinates": [2.668053, 49.056845]}, "properties": {"year": 2024, "valeur_fonciere": 194000.0, "type_local": "Dépendance", "surface_reelle_bati": null, "nombre_pieces_principales": 0.0, "adresse_nom_voie": "CHE DES JONCS", "price_per_sqm": null, "date_iso": "2024-02-01", "parcelle": "771530000A2141", "addr_num": "14"}}, {"type": "Feature", "geometry": {"type": "Point", "coordinates": [2.693185, 49.050941]}, "properties": {"year": 2024, "valeur_fonciere": 115000.0, "type_local": null, "surface_reelle_bati": null, "nombre_pieces_principales": null, "adresse_nom_voie": "AV DES SABLONS", "price_per_sqm": null, "date_iso": "2024-01-30", "parcelle": "77153000ZE0253", "addr_num": "37"}}, {"type": "Feature", "geometry": {"type": "Point", "coordinates": [2.692686, 49.05069]}, "properties": {"year": 2024, "valeur_fonciere": 115000.0, "type_local": null, "surface_reelle_bati": null, "nombre_pieces_principales": null, "adresse_nom_voie": "AV DES SABLONS", "price_per_sqm": null, "date_iso": "2024-01-30", "parcelle": "77153000ZE0254", "addr_num": ""}}, {"type": "Feature", "geometry": {"type": "Point", "coordinates": [2.678869, 49.053896]}, "properties": {"year": 2024, "valeur_fonciere": 173700.0, "type_local": "Dépendance", "surface_reelle_bati": null, "nombre_pieces_principales": 0.0, "adresse_nom_voie": "RUE DU GENERAL DE GAULLE", "price_per_sqm": null, "date_iso": "2024-02-02", "parcelle": "77153000AB0115", "addr_num": "90"}}, {"type": "Feature", "geometry": {"type": "Point", "coordinates": [2.678869, 49.053896]}, "properties": {"year": 2024, "valeur_fonciere": 173700.0, "type_local": "Appartement", "surface_reelle_bati": 70.0, "nombre_pieces_principales": 2.0, "adresse_nom_voie": "RUE DU GENERAL DE GAULLE", "price_per_sqm": 2481.4285714285716, "date_iso": "2024-02-02", "parcelle": "77153000AB0115", "addr_num": "90"}}, {"type": "Feature", "geometry": {"type": "Point", "coordinates": [2.678809, 49.05359]}, "properties": {"year": 2024, "valeur_fonciere": 173700.0, "type_local": null, "surface_reelle_bati": null, "nombre_pieces_principales": null, "adresse_nom_voie": "PARIS", "price_per_sqm": null, "date_iso": "2024-02-02", "parcelle": "77153000AB0117", "addr_num": ""}}, {"type": "Feature", "geometry": {"type": "Point", "coordinates": [2.683944, 49.052582]}, "properties": {"year": 2024, "valeur_fonciere": 85000.0, "type_local": null, "surface_reelle_bati": null, "nombre_pieces_principales": null, "adresse_nom_voie": "RUE DU GUE DOUY", "price_per_sqm": null, "date_iso": "2024-02-01", "parcelle": "77153000AD0405", "addr_num": "56"}}, {"type": "Feature", "geometry": {"type": "Point", "coordinates": [2.682034, 49.051998]}, "properties": {"year": 2024, "valeur_fonciere": 360000.0, "type_local": "Maison", "surface_reelle_bati": 107.0, "nombre_pieces_principales": 4.0, "adresse_nom_voie": "SEN DU GUE DOUY", "price_per_sqm": 3364.4859813084113, "date_iso": "2024-02-23", "parcelle": "77153000AD0467", "addr_num": "84"}}, {"type": "Feature", "geometry": {"type": "Point", "coordinates": [2.681968, 49.052061]}, "properties": {"year": 2024, "valeur_fonciere": 360000.0, "type_local": null, "surface_reelle_bati": null, "nombre_pieces_principales": null, "adresse_nom_voie": "RUE DU GUE DOUY", "price_per_sqm": null, "date_iso": "2024-02-23", "parcelle": "77153000AD0474", "addr_num": "84"}}, {"type": "Feature", "geometry": {"type": "Point", "coordinates": [2.678074, 49.054273]}, "properties": {"year": 2024, "valeur_fonciere": 260000.0, "type_local": null, "surface_reelle_bati": null, "nombre_pieces_principales": null, "adresse_nom_voie": "RUE DU GENERAL DE GAULLE", "price_per_sqm": null, "date_iso": "2024-02-28", "parcelle": "77153000AB0222", "addr_num": "69"}}, {"type": "Feature", "geometry": {"type": "Point", "coordinates": [2.677961, 49.054483]}, "properties": {"year": 2024, "valeur_fonciere": 260000.0, "type_local": null, "surface_reelle_bati": null, "nombre_pieces_principales": null, "adresse_nom_voie": "RUE DU GENERAL DE GAULLE", "price_per_sqm": null, "date_iso": "2024-02-28", "parcelle": "77153000AB0275", "addr_num": "69"}}, {"type": "Feature", "geometry": {"type": "Point", "coordinates": [2.678061, 49.054528]}, "properties": {"year": 2024, "valeur_fonciere": 260000.0, "type_local": null, "surface_reelle_bati": null, "nombre_pieces_principales": null, "adresse_nom_voie": "RUE DU GENERAL DE GAULLE", "price_per_sqm": null, "date_iso": "2024-02-28", "parcelle": "77153000AB0276", "addr_num": "69"}}, {"type": "Feature", "geometry": {"type": "Point", "coordinates": [2.678097, 49.054339]}, "properties": {"year": 2024, "valeur_fonciere": 260000.0, "type_local": "Maison", "surface_reelle_bati": 100.0, "nombre_pieces_principales": 4.0, "adresse_nom_voie": "RUE DU GENERAL DE GAULLE", "price_per_sqm": 2600.0, "date_iso": "2024-02-28", "parcelle": "77153000AB0277", "addr_num": "69"}}, {"type": "Feature", "geometry": {"type": "Point", "coordinates": [2.680005, 49.05492]}, "properties": {"year": 2024, "valeur_fonciere": 13300.0, "type_local": "Dépendance", "surface_reelle_bati": null, "nombre_pieces_principales": 0.0, "adresse_nom_voie": "RUE GANNEVAL", "price_per_sqm": null, "date_iso": "2024-02-23", "parcelle": "77153000AC0213", "addr_num": "12"}}, {"type": "Feature", "geometry": {"type": "Point", "coordinates": [2.673676, 49.053114]}, "properties": {"year": 2024, "valeur_fonciere": 211000.0, "type_local": "Maison", "surface_reelle_bati": 63.0, "nombre_pieces_principales": 3.0, "adresse_nom_voie": "RUE DU GENERAL DE GAULLE", "price_per_sqm": 3349.2063492063494, "date_iso": "2024-02-22", "parcelle": "771530000C0844", "addr_num": "5"}}, {"type": "Feature", "geometry": {"type": "Point", "coordinates": [2.673676, 49.053114]}, "properties": {"year": 2024, "valeur_fonciere": 211000.0, "type_local": "Dépendance", "surface_reelle_bati": null, "nombre_pieces_principales": 0.0, "adresse_nom_voie": "RUE DU GENERAL DE GAULLE", "price_per_sqm": null, "date_iso": "2024-02-22", "parcelle": "771530000C0844", "addr_num": "5"}}, {"type": "Feature", "geometry": {"type": "Point", "coordinates": [2.673676, 49.053114]}, "properties": {"year": 2024, "valeur_fonciere": 211000.0, "type_local": "Maison", "surface_reelle_bati": 74.0, "nombre_pieces_principales": 3.0, "adresse_nom_voie": "RUE DU GENERAL DE GAULLE", "price_per_sqm": 2851.3513513513512, "date_iso": "2024-02-22", "parcelle": "771530000C0844", "addr_num": "5"}}, {"type": "Feature", "geometry": {"type": "Point", "coordinates": [2.673676, 49.053114]}, "properties": {"year": 2024, "valeur_fonciere": 211000.0, "type_local": "Dépendance", "surface_reelle_bati": null, "nombre_pieces_principales": 0.0, "adresse_nom_voie": "RUE DU GENERAL DE GAULLE", "price_per_sqm": null, "date_iso": "2024-02-22", "parcelle": "771530000C0844", "addr_num": "5"}}, {"type": "Feature", "geometry": {"type": "Point", "coordinates": [2.685069, 49.053172]}, "properties": {"year": 2024, "valeur_fonciere": 167000.0, "type_local": "Appartement", "surface_reelle_bati": 42.0, "nombre_pieces_principales": 2.0, "adresse_nom_voie": "RUE DE MEAUX", "price_per_sqm": 3976.190476190476, "date_iso": "2024-02-29", "parcelle": "77153000AD0107", "addr_num": "25"}}, {"type": "Feature", "geometry": {"type": "Point", "coordinates": [2.685069, 49.053172]}, "properties": {"year": 2024, "valeur_fonciere": 167000.0, "type_local": "Dépendance", "surface_reelle_bati": null, "nombre_pieces_principales": 0.0, "adresse_nom_voie": "RLE DU BUAT", "price_per_sqm": null, "date_iso": "2024-02-29", "parcelle": "77153000AD0107", "addr_num": "2"}}, {"type": "Feature", "geometry": {"type": "Point", "coordinates": [2.670382, 49.054729]}, "properties": {"year": 2024, "valeur_fonciere": 256500.0, "type_local": null, "surface_reelle_bati": null, "nombre_pieces_principales": null, "adresse_nom_voie": "CR DIT DES CORBEAUX", "price_per_sqm": null, "date_iso": "2024-02-08", "parcelle": "771530000C0835", "addr_num": "14"}}, {"type": "Feature", "geometry": {"type": "Point", "coordinates": [2.670646, 49.05445]}, "properties": {"year": 2024, "valeur_fonciere": 256500.0, "type_local": "Maison", "surface_reelle_bati": 188.0, "nombre_pieces_principales": 6.0, "adresse_nom_voie": "CR DIT DES CORBEAUX", "price_per_sqm": 1364.3617021276596, "date_iso": "2024-02-08", "parcelle": "771530000C0836", "addr_num": "16"}}, {"type": "Feature", "geometry": {"type": "Point", "coordinates": [2.670198, 49.054872]}, "properties": {"year": 2024, "valeur_fonciere": 256500.0, "type_local": null, "surface_reelle_bati": null, "nombre_pieces_principales": null, "adresse_nom_voie": "CR DIT DES CORBEAUX", "price_per_sqm": null, "date_iso": "2024-02-08", "parcelle": "771530000C0839", "addr_num": ""}}, {"type": "Feature", "geometry": {"type": "Point", "coordinates": [2.670493, 49.054303]}, "properties": {"year": 2024, "valeur_fonciere": 256500.0, "type_local": null, "surface_reelle_bati": null, "nombre_pieces_principales": null, "adresse_nom_voie": "CR DIT DES CORBEAUX", "price_per_sqm": null, "date_iso": "2024-02-08", "parcelle": "771530000C0840", "addr_num": ""}}, {"type": "Feature", "geometry": {"type": "Point", "coordinates": [2.670493, 49.054303]}, "properties": {"year": 2024, "valeur_fonciere": 256500.0, "type_local": null, "surface_reelle_bati": null, "nombre_pieces_principales": null, "adresse_nom_voie": "CR DIT DES CORBEAUX", "price_per_sqm": null, "date_iso": "2024-02-08", "parcelle": "771530000C0840", "addr_num": ""}}, {"type": "Feature", "geometry": {"type": "Point", "coordinates": [2.6707, 49.054224]}, "properties": {"year": 2024, "valeur_fonciere": 256500.0, "type_local": null, "surface_reelle_bati": null, "nombre_pieces_principales": null, "adresse_nom_voie": "SAINT GUINFORT", "price_per_sqm": null, "date_iso": "2024-02-08", "parcelle": "771530000C0841", "addr_num": ""}}, {"type": "Feature", "geometry": {"type": "Point", "coordinates": [2.670827, 49.054271]}, "properties": {"year": 2024, "valeur_fonciere": 256500.0, "type_local": null, "surface_reelle_bati": null, "nombre_pieces_principales": null, "adresse_nom_voie": "SAINT GUINFORT", "price_per_sqm": null, "date_iso": "2024-02-08", "parcelle": "771530000C0842", "addr_num": ""}}, {"type": "Feature", "geometry": {"type": "Point", "coordinates": [2.695651, 49.056797]}, "properties": {"year": 2024, "valeur_fonciere": 380000.0, "type_local": "Maison", "surface_reelle_bati": 175.0, "nombre_pieces_principales": 6.0, "adresse_nom_voie": "AV DU DRAP D OR", "price_per_sqm": 2171.4285714285716, "date_iso": "2024-02-22", "parcelle": "77153000AL0029", "addr_num": "95"}}, {"type": "Feature", "geometry": {"type": "Point", "coordinates": [2.695651, 49.056797]}, "properties": {"year": 2024, "valeur_fonciere": 380000.0, "type_local": "Maison", "surface_reelle_bati": 175.0, "nombre_pieces_principales": 6.0, "adresse_nom_voie": "AV DU DRAP D OR", "price_per_sqm": 2171.4285714285716, "date_iso": "2024-02-22", "parcelle": "77153000AL0029", "addr_num": "95"}}, {"type": "Feature", "geometry": {"type": "Point", "coordinates": [2.684551, 49.053003]}, "properties": {"year": 2024, "valeur_fonciere": 176290.0, "type_local": "Appartement", "surface_reelle_bati": 59.0, "nombre_pieces_principales": 2.0, "adresse_nom_voie": "RUE DE MEAUX", "price_per_sqm": 2987.9661016949153, "date_iso": "2024-03-07", "parcelle": "77153000AD0363", "addr_num": "19"}}, {"type": "Feature", "geometry": {"type": "Point", "coordinates": [2.684551, 49.053003]}, "properties": {"year": 2024, "valeur_fonciere": 176290.0, "type_local": "Dépendance", "surface_reelle_bati": null, "nombre_pieces_principales": 0.0, "adresse_nom_voie": "RUE DE MEAUX", "price_per_sqm": null, "date_iso": "2024-03-07", "parcelle": "77153000AD0363", "addr_num": "19"}}, {"type": "Feature", "geometry": {"type": "Point", "coordinates": [2.689549, 49.062661]}, "properties": {"year": 2024, "valeur_fonciere": 363000.0, "type_local": "Maison", "surface_reelle_bati": 121.0, "nombre_pieces_principales": 5.0, "adresse_nom_voie": "ALL DE LA MARE A DUMEZ", "price_per_sqm": 3000.0, "date_iso": "2024-03-01", "parcelle": "77153000AN0204", "addr_num": "18"}}, {"type": "Feature", "geometry": {"type": "Point", "coordinates": [2.673521, 49.052554]}, "properties": {"year": 2024, "valeur_fonciere": 220000.0, "type_local": "Maison", "surface_reelle_bati": 110.0, "nombre_pieces_principales": 4.0, "adresse_nom_voie": "RUE DU GENERAL DE GAULLE", "price_per_sqm": 2000.0, "date_iso": "2024-03-07", "parcelle": "77153000ZN0143", "addr_num": "4"}}, {"type": "Feature", "geometry": {"type": "Point", "coordinates": [2.693127, 49.060931]}, "properties": {"year": 2024, "valeur_fonciere": 158000.0, "type_local": null, "surface_reelle_bati": null, "nombre_pieces_principales": null, "adresse_nom_voie": "ALL DU SEMOIR", "price_per_sqm": null, "date_iso": "2024-03-12", "parcelle": "77153000AM0388", "addr_num": "9"}}, {"type": "Feature", "geometry": {"type": "Point", "coordinates": [2.680872, 49.054177]}, "properties": {"year": 2024, "valeur_fonciere": 130000.0, "type_local": "Appartement", "surface_reelle_bati": 21.0, "nombre_pieces_principales": 1.0, "adresse_nom_voie": "RUE DU GENERAL DE GAULLE", "price_per_sqm": 6190.476190476191, "date_iso": "2024-03-20", "parcelle": "77153000AC0138", "addr_num": "127"}}, {"type": "Feature", "geometry": {"type": "Point", "coordinates": [2.680872, 49.054177]}, "properties": {"year": 2024, "valeur_fonciere": 130000.0, "type_local": "Appartement", "surface_reelle_bati": 27.0, "nombre_pieces_principales": 1.0, "adresse_nom_voie": "RUE DU GENERAL DE GAULLE", "price_per_sqm": 4814.814814814815, "date_iso": "2024-03-20", "parcelle": "77153000AC0138", "addr_num": "127"}}, {"type": "Feature", "geometry": {"type": "Point", "coordinates": [2.685208, 49.058466]}, "properties": {"year": 2024, "valeur_fonciere": 139000.0, "type_local": "Appartement", "surface_reelle_bati": 47.0, "nombre_pieces_principales": 2.0, "adresse_nom_voie": "AV DES VERGERS", "price_per_sqm": 2957.446808510638, "date_iso": "2024-03-21", "parcelle": "77153000AK0432", "addr_num": "86"}}, {"type": "Feature", "geometry": {"type": "Point", "coordinates": [2.685208, 49.058466]}, "properties": {"year": 2024, "valeur_fonciere": 139000.0, "type_local": "Dépendance", "surface_reelle_bati": null, "nombre_pieces_principales": 0.0, "adresse_nom_voie": "AV DES VERGERS", "price_per_sqm": null, "date_iso": "2024-03-21", "parcelle": "77153000AK0432", "addr_num": "86"}}, {"type": "Feature", "geometry": {"type": "Point", "coordinates": [2.686864, 49.051901]}, "properties": {"year": 2024, "valeur_fonciere": 480000.0, "type_local": "Maison", "surface_reelle_bati": 96.0, "nombre_pieces_principales": 5.0, "adresse_nom_voie": "RUE DU GUE DOUY", "price_per_sqm": 5000.0, "date_iso": "2024-02-27", "parcelle": "77153000ZH0160", "addr_num": "14"}}, {"type": "Feature", "geometry": {"type": "Point", "coordinates": [2.686864, 49.051901]}, "properties": {"year": 2024, "valeur_fonciere": 480000.0, "type_local": "Maison", "surface_reelle_bati": 96.0, "nombre_pieces_principales": 5.0, "adresse_nom_voie": "RUE DU GUE DOUY", "price_per_sqm": 5000.0, "date_iso": "2024-02-27", "parcelle": "77153000ZH0160", "addr_num": "14"}}, {"type": "Feature", "geometry": {"type": "Point", "coordinates": [2.686864, 49.051901]}, "properties": {"year": 2024, "valeur_fonciere": 480000.0, "type_local": "Dépendance", "surface_reelle_bati": null, "nombre_pieces_principales": 0.0, "adresse_nom_voie": "RUE DU GUE DOUY", "price_per_sqm": null, "date_iso": "2024-02-27", "parcelle": "77153000ZH0160", "addr_num": "14"}}, {"type": "Feature", "geometry": {"type": "Point", "coordinates": [2.686864, 49.051901]}, "properties": {"year": 2024, "valeur_fonciere": 480000.0, "type_local": "Dépendance", "surface_reelle_bati": null, "nombre_pieces_principales": 0.0, "adresse_nom_voie": "RUE DU GUE DOUY", "price_per_sqm": null, "date_iso": "2024-02-27", "parcelle": "77153000ZH0160", "addr_num": "14"}}, {"type": "Feature", "geometry": {"type": "Point", "coordinates": [2.67974, 49.053631]}, "properties": {"year": 2024, "valeur_fonciere": 164000.0, "type_local": "Appartement", "surface_reelle_bati": 40.0, "nombre_pieces_principales": 2.0, "adresse_nom_voie": "RUE DE LA LIBERATION", "price_per_sqm": 4100.0, "date_iso": "2024-03-21", "parcelle": "77153000AD0023", "addr_num": "7"}}, {"type": "Feature", "geometry": {"type": "Point", "coordinates": [2.67974, 49.053631]}, "properties": {"year": 2024, "valeur_fonciere": 164000.0, "type_local": "Dépendance", "surface_reelle_bati": null, "nombre_pieces_principales": 0.0, "adresse_nom_voie": "RUE DE LA LIBERATION", "price_per_sqm": null, "date_iso": "2024-03-21", "parcelle": "77153000AD0023", "addr_num": "7"}}, {"type": "Feature", "geometry": {"type": "Point", "coordinates": [2.693862, 49.054372]}, "properties": {"year": 2024, "valeur_fonciere": 165000.0, "type_local": "Appartement", "surface_reelle_bati": 44.0, "nombre_pieces_principales": 2.0, "adresse_nom_voie": "AV DU MARECHAL LECLERC", "price_per_sqm": 3750.0, "date_iso": "2024-03-01", "parcelle": "77153000AL0329", "addr_num": "63"}}, {"type": "Feature", "geometry": {"type": "Point", "coordinates": [2.693862, 49.054372]}, "properties": {"year": 2024, "valeur_fonciere": 165000.0, "type_local": "Dépendance", "surface_reelle_bati": null, "nombre_pieces_principales": 0.0, "adresse_nom_voie": "AV DU MARECHAL LECLERC", "price_per_sqm": null, "date_iso": "2024-03-01", "parcelle": "77153000AL0329", "addr_num": "63"}}, {"type": "Feature", "geometry": {"type": "Point", "coordinates": [2.693862, 49.054372]}, "properties": {"year": 2024, "valeur_fonciere": 165000.0, "type_local": "Dépendance", "surface_reelle_bati": null, "nombre_pieces_principales": 0.0, "adresse_nom_voie": "AV DU MARECHAL LECLERC", "price_per_sqm": null, "date_iso": "2024-03-01", "parcelle": "77153000AL0329", "addr_num": "63"}}, {"type": "Feature", "geometry": {"type": "Point", "coordinates": [2.690467, 49.053712]}, "properties": {"year": 2024, "valeur_fonciere": 408000.0, "type_local": null, "surface_reelle_bati": null, "nombre_pieces_principales": null, "adresse_nom_voie": "PL DES CHATAIGNIERS", "price_per_sqm": null, "date_iso": "2024-03-12", "parcelle": "77153000AL0311", "addr_num": "12"}}, {"type": "Feature", "geometry": {"type": "Point", "coordinates": [2.690374, 49.053733]}, "properties": {"year": 2024, "valeur_fonciere": 408000.0, "type_local": null, "surface_reelle_bati": null, "nombre_pieces_principales": null, "adresse_nom_voie": "PL DES CHATAIGNIERS", "price_per_sqm": null, "date_iso": "2024-03-12", "parcelle": "77153000AL0312", "addr_num": "9001"}}, {"type": "Feature", "geometry": {"type": "Point", "coordinates": [2.690162, 49.053975]}, "properties": {"year": 2024, "valeur_fonciere": 408000.0, "type_local": "Maison", "surface_reelle_bati": 147.0, "nombre_pieces_principales": 7.0, "adresse_nom_voie": "PL DES CHATAIGNIERS", "price_per_sqm": 2775.5102040816328, "date_iso": "2024-03-12", "parcelle": "77153000AL0313", "addr_num": "10"}}, {"type": "Feature", "geometry": {"type": "Point", "coordinates": [2.690162, 49.053975]}, "properties": {"year": 2024, "valeur_fonciere": 408000.0, "type_local": "Dépendance", "surface_reelle_bati": null, "nombre_pieces_principales": 0.0, "adresse_nom_voie": "PL DES CHATAIGNIERS", "price_per_sqm": null, "date_iso": "2024-03-12", "parcelle": "77153000AL0313", "addr_num": "10"}}, {"type": "Feature", "geometry": {"type": "Point", "coordinates": [2.690513, 49.053696]}, "properties": {"year": 2024, "valeur_fonciere": 408000.0, "type_local": "Dépendance", "surface_reelle_bati": null, "nombre_pieces_principales": 0.0, "adresse_nom_voie": "PL DES CHATAIGNIERS", "price_per_sqm": null, "date_iso": "2024-03-12", "parcelle": "77153000AL0354", "addr_num": "12"}}, {"type": "Feature", "geometry": {"type": "Point", "coordinates": [2.682757, 49.053962]}, "properties": {"year": 2024, "valeur_fonciere": 92000.0, "type_local": "Appartement", "surface_reelle_bati": 25.0, "nombre_pieces_principales": 1.0, "adresse_nom_voie": "RUE DU GENERAL DE GAULLE", "price_per_sqm": 3680.0, "date_iso": "2024-03-29", "parcelle": "77153000AC0173", "addr_num": "159"}}, {"type": "Feature", "geometry": {"type": "Point", "coordinates": [2.680115, 49.053111]}, "properties": {"year": 2024, "valeur_fonciere": 206000.0, "type_local": "Dépendance", "surface_reelle_bati": null, "nombre_pieces_principales": 0.0, "adresse_nom_voie": "ALL CLOS DU LOGIS", "price_per_sqm": null, "date_iso": "2024-04-11", "parcelle": "77153000AD0313", "addr_num": "9313"}}, {"type": "Feature", "geometry": {"type": "Point", "coordinates": [2.679872, 49.053169]}, "properties": {"year": 2024, "valeur_fonciere": 206000.0, "type_local": "Appartement", "surface_reelle_bati": 65.0, "nombre_pieces_principales": 3.0, "adresse_nom_voie": "ALL CLOS DU LOGIS", "price_per_sqm": 3169.230769230769, "date_iso": "2024-04-11", "parcelle": "77153000AD0325", "addr_num": "5"}}, {"type": "Feature", "geometry": {"type": "Point", "coordinates": [2.679963, 49.053116]}, "properties": {"year": 2024, "valeur_fonciere": 206000.0, "type_local": null, "surface_reelle_bati": null, "nombre_pieces_principales": null, "adresse_nom_voie": "ALL CLOS DU LOGIS", "price_per_sqm": null, "date_iso": "2024-04-11", "parcelle": "77153000AD0333", "addr_num": ""}}, {"type": "Feature", "geometry": {"type": "Point", "coordinates": [2.670679, 49.053348]}, "properties": {"year": 2024, "valeur_fonciere": 34410.0, "type_local": "Maison", "surface_reelle_bati": 73.0, "nombre_pieces_principales": 4.0, "adresse_nom_voie": "AV DE SAINT GUINFORT", "price_per_sqm": 471.36986301369865, "date_iso": "2024-04-16", "parcelle": "771530000C0537", "addr_num": "24"}}, {"type": "Feature", "geometry": {"type": "Point", "coordinates": [2.682283, 49.054003]}, "properties": {"year": 2024, "valeur_fonciere": 96000.0, "type_local": "Local industriel. commercial ou assimilé", "surface_reelle_bati": 48.0, "nombre_pieces_principales": 0.0, "adresse_nom_voie": "RUE DU GENERAL DE GAULLE", "price_per_sqm": 2000.0, "date_iso": "2024-04-22", "parcelle": "77153000AC0199", "addr_num": "149"}}, {"type": "Feature", "geometry": {"type": "Point", "coordinates": [2.692348, 49.054496]}, "properties": {"year": 2024, "valeur_fonciere": 300000.0, "type_local": "Maison", "surface_reelle_bati": 92.0, "nombre_pieces_principales": 5.0, "adresse_nom_voie": "PL SAINTE ANNE", "price_per_sqm": 3260.8695652173915, "date_iso": "2024-04-23", "parcelle": "77153000AL0287", "addr_num": "7"}}, {"type": "Feature", "geometry": {"type": "Point", "coordinates": [2.677342, 49.054935]}, "properties": {"year": 2024, "valeur_fonciere": 135000.0, "type_local": "Appartement", "surface_reelle_bati": 39.0, "nombre_pieces_principales": 2.0, "adresse_nom_voie": "RUE DU JEU D ARC", "price_per_sqm": 3461.5384615384614, "date_iso": "2024-04-24", "parcelle": "77153000AB0283", "addr_num": "21"}}, {"type": "Feature", "geometry": {"type": "Point", "coordinates": [2.677342, 49.054935]}, "properties": {"year": 2024, "valeur_fonciere": 135000.0, "type_local": "Dépendance", "surface_reelle_bati": null, "nombre_pieces_principales": 0.0, "adresse_nom_voie": "RUE SAINT JEAN", "price_per_sqm": null, "date_iso": "2024-04-24", "parcelle": "77153000AB0283", "addr_num": "7"}}, {"type": "Feature", "geometry": {"type": "Point", "coordinates": [2.677342, 49.054935]}, "properties": {"year": 2024, "valeur_fonciere": 135000.0, "type_local": "Dépendance", "surface_reelle_bati": null, "nombre_pieces_principales": 0.0, "adresse_nom_voie": "RUE DU JEU D ARC", "price_per_sqm": null, "date_iso": "2024-04-24", "parcelle": "77153000AB0283", "addr_num": "21"}}, {"type": "Feature", "geometry": {"type": "Point", "coordinates": [2.682757, 49.053962]}, "properties": {"year": 2024, "valeur_fonciere": 92000.0, "type_local": "Appartement", "surface_reelle_bati": 21.0, "nombre_pieces_principales": 1.0, "adresse_nom_voie": "RUE DU GENERAL DE GAULLE", "price_per_sqm": 4380.952380952381, "date_iso": "2024-04-23", "parcelle": "77153000AC0173", "addr_num": "159"}}, {"type": "Feature", "geometry": {"type": "Point", "coordinates": [2.674592, 49.061926]}, "properties": {"year": 2024, "valeur_fonciere": 330000.0, "type_local": "Maison", "surface_reelle_bati": 116.0, "nombre_pieces_principales": 5.0, "adresse_nom_voie": "RUE NELSON MANDELA", "price_per_sqm": 2844.8275862068967, "date_iso": "2024-04-22", "parcelle": "771530000A1689", "addr_num": "20"}}, {"type": "Feature", "geometry": {"type": "Point", "coordinates": [2.674715, 49.062018]}, "properties": {"year": 2024, "valeur_fonciere": 330000.0, "type_local": null, "surface_reelle_bati": null, "nombre_pieces_principales": null, "adresse_nom_voie": "RUE NELSON MANDELA", "price_per_sqm": null, "date_iso": "2024-04-22", "parcelle": "771530000A1690", "addr_num": "20"}}, {"type": "Feature", "geometry": {"type": "Point", "coordinates": [2.698455, 49.059221]}, "properties": {"year": 2024, "valeur_fonciere": 143500.0, "type_local": "Maison", "surface_reelle_bati": 133.0, "nombre_pieces_principales": 7.0, "adresse_nom_voie": "RUE DU DIX NEUF MARS 1962", "price_per_sqm": 1078.9473684210527, "date_iso": "2024-05-03", "parcelle": "77153000AM0286", "addr_num": "3"}}, {"type": "Feature", "geometry": {"type": "Point", "coordinates": [2.685069, 49.053172]}, "properties": {"year": 2024, "valeur_fonciere": 130000.0, "type_local": "Appartement", "surface_reelle_bati": 46.0, "nombre_pieces_principales": 1.0, "adresse_nom_voie": "RUE DE MEAUX", "price_per_sqm": 2826.086956521739, "date_iso": "2024-04-26", "parcelle": "77153000AD0107", "addr_num": "25"}}, {"type": "Feature", "geometry": {"type": "Point", "coordinates": [2.685069, 49.053172]}, "properties": {"year": 2024, "valeur_fonciere": 130000.0, "type_local": "Dépendance", "surface_reelle_bati": null, "nombre_pieces_principales": 0.0, "adresse_nom_voie": "RLE DU BUAT", "price_per_sqm": null, "date_iso": "2024-04-26", "parcelle": "77153000AD0107", "addr_num": "2"}}, {"type": "Feature", "geometry": {"type": "Point", "coordinates": [2.687101, 49.052289]}, "properties": {"year": 2024, "valeur_fonciere": 290000.0, "type_local": "Maison", "surface_reelle_bati": 89.0, "nombre_pieces_principales": 4.0, "adresse_nom_voie": "RLE DU JARD", "price_per_sqm": 3258.4269662921347, "date_iso": "2024-05-07", "parcelle": "77153000AH0267", "addr_num": "17"}}, {"type": "Feature", "geometry": {"type": "Point", "coordinates": [2.687101, 49.052289]}, "properties": {"year": 2024, "valeur_fonciere": 290000.0, "type_local": "Maison", "surface_reelle_bati": 89.0, "nombre_pieces_principales": 4.0, "adresse_nom_voie": "RLE DU JARD", "price_per_sqm": 3258.4269662921347, "date_iso": "2024-05-07", "parcelle": "77153000AH0267", "addr_num": "17"}}, {"type": "Feature", "geometry": {"type": "Point", "coordinates": [2.678621, 49.055526]}, "properties": {"year": 2024, "valeur_fonciere": 95000.0, "type_local": "Dépendance", "surface_reelle_bati": null, "nombre_pieces_principales": 0.0, "adresse_nom_voie": "RUE GANNEVAL", "price_per_sqm": null, "date_iso": "2024-05-22", "parcelle": "77153000AC0208", "addr_num": "32"}}, {"type": "Feature", "geometry": {"type": "Point", "coordinates": [2.678621, 49.055526]}, "properties": {"year": 2024, "valeur_fonciere": 95000.0, "type_local": "Appartement", "surface_reelle_bati": 50.0, "nombre_pieces_principales": 3.0, "adresse_nom_voie": "RUE GANNEVAL", "price_per_sqm": 1900.0, "date_iso": "2024-05-22", "parcelle": "77153000AC0208", "addr_num": "32"}}, {"type": "Feature", "geometry": {"type": "Point", "coordinates": [2.682809, 49.053405]}, "properties": {"year": 2024, "valeur_fonciere": 150000.0, "type_local": "Dépendance", "surface_reelle_bati": null, "nombre_pieces_principales": 0.0, "adresse_nom_voie": "RUE DES VIEILLES BOUCHERIES", "price_per_sqm": null, "date_iso": "2024-05-23", "parcelle": "77153000AD0083", "addr_num": "3"}}, {"type": "Feature", "geometry": {"type": "Point", "coordinates": [2.682809, 49.053405]}, "properties": {"year": 2024, "valeur_fonciere": 150000.0, "type_local": "Dépendance", "surface_reelle_bati": null, "nombre_pieces_principales": 0.0, "adresse_nom_voie": "RUE DES VIEILLES BOUCHERIES", "price_per_sqm": null, "date_iso": "2024-05-23", "parcelle": "77153000AD0083", "addr_num": "3"}}, {"type": "Feature", "geometry": {"type": "Point", "coordinates": [2.682809, 49.053405]}, "properties": {"year": 2024, "valeur_fonciere": 150000.0, "type_local": "Maison", "surface_reelle_bati": 82.0, "nombre_pieces_principales": 3.0, "adresse_nom_voie": "RUE DES VIEILLES BOUCHERIES", "price_per_sqm": 1829.2682926829268, "date_iso": "2024-05-23", "parcelle": "77153000AD0083", "addr_num": "3"}}, {"type": "Feature", "geometry": {"type": "Point", "coordinates": [2.682282, 49.053019]}, "properties": {"year": 2024, "valeur_fonciere": 150000.0, "type_local": "Dépendance", "surface_reelle_bati": null, "nombre_pieces_principales": 0.0, "adresse_nom_voie": "RUE DE MEAUX", "price_per_sqm": null, "date_iso": "2024-05-23", "parcelle": "77153000AD0371", "addr_num": "1"}}, {"type": "Feature", "geometry": {"type": "Point", "coordinates": [2.685069, 49.053172]}, "properties": {"year": 2024, "valeur_fonciere": 128000.0, "type_local": "Dépendance", "surface_reelle_bati": null, "nombre_pieces_principales": 0.0, "adresse_nom_voie": "RLE DU BUAT", "price_per_sqm": null, "date_iso": "2024-05-03", "parcelle": "77153000AD0107", "addr_num": "2"}}, {"type": "Feature", "geometry": {"type": "Point", "coordinates": [2.685069, 49.053172]}, "properties": {"year": 2024, "valeur_fonciere": 128000.0, "type_local": "Appartement", "surface_reelle_bati": 42.0, "nombre_pieces_principales": 1.0, "adresse_nom_voie": "RUE DE MEAUX", "price_per_sqm": 3047.6190476190477, "date_iso": "2024-05-03", "parcelle": "77153000AD0107", "addr_num": "25"}}, {"type": "Feature", "geometry": {"type": "Point", "coordinates": [2.677763, 49.053816]}, "properties": {"year": 2024, "valeur_fonciere": 203000.0, "type_local": "Local industriel. commercial ou assimilé", "surface_reelle_bati": 45.0, "nombre_pieces_principales": 0.0, "adresse_nom_voie": "RUE DU GENERAL DE GAULLE", "price_per_sqm": 4511.111111111111, "date_iso": "2024-05-24", "parcelle": "77153000AB0135", "addr_num": "58"}}, {"type": "Feature", "geometry": {"type": "Point", "coordinates": [2.677763, 49.053816]}, "properties": {"year": 2024, "valeur_fonciere": 203000.0, "type_local": "Maison", "surface_reelle_bati": 60.0, "nombre_pieces_principales": 3.0, "adresse_nom_voie": "RUE DU GENERAL DE GAULLE", "price_per_sqm": 3383.3333333333335, "date_iso": "2024-05-24", "parcelle": "77153000AB0135", "addr_num": "58"}}, {"type": "Feature", "geometry": {"type": "Point", "coordinates": [2.675737, 49.053281]}, "properties": {"year": 2024, "valeur_fonciere": 107500.0, "type_local": "Appartement", "surface_reelle_bati": 43.0, "nombre_pieces_principales": 2.0, "adresse_nom_voie": "RUE DU GENERAL DE GAULLE", "price_per_sqm": 2500.0, "date_iso": "2024-05-28", "parcelle": "77153000AB0164", "addr_num": "14"}}, {"type": "Feature", "geometry": {"type": "Point", "coordinates": [2.684111, 49.059337]}, "properties": {"year": 2024, "valeur_fonciere": 310000.0, "type_local": "Maison", "surface_reelle_bati": 89.0, "nombre_pieces_principales": 4.0, "adresse_nom_voie": "RTE D EVE", "price_per_sqm": 3483.14606741573, "date_iso": "2024-05-28", "parcelle": "77153000AK0375", "addr_num": "13"}}, {"type": "Feature", "geometry": {"type": "Point", "coordinates": [2.684111, 49.059337]}, "properties": {"year": 2024, "valeur_fonciere": 310000.0, "type_local": "Maison", "surface_reelle_bati": 89.0, "nombre_pieces_principales": 4.0, "adresse_nom_voie": "RTE D EVE", "price_per_sqm": 3483.14606741573, "date_iso": "2024-05-28", "parcelle": "77153000AK0375", "addr_num": "13"}}, {"type": "Feature", "geometry": {"type": "Point", "coordinates": [2.690181, 49.054128]}, "properties": {"year": 2024, "valeur_fonciere": 292000.0, "type_local": "Maison", "surface_reelle_bati": 100.0, "nombre_pieces_principales": 5.0, "adresse_nom_voie": "PL DES CHATAIGNIERS", "price_per_sqm": 2920.0, "date_iso": "2024-05-29", "parcelle": "77153000AL0314", "addr_num": "8"}}, {"type": "Feature", "geometry": {"type": "Point", "coordinates": [2.685991, 49.05506]}, "properties": {"year": 2024, "valeur_fonciere": 255000.0, "type_local": "Maison", "surface_reelle_bati": 90.0, "nombre_pieces_principales": 4.0, "adresse_nom_voie": "RUE GUY LESOULT", "price_per_sqm": 2833.3333333333335, "date_iso": "2024-06-04", "parcelle": "771530000B0203", "addr_num": "11"}}, {"type": "Feature", "geometry": {"type": "Point", "coordinates": [2.685991, 49.05506]}, "properties": {"year": 2024, "valeur_fonciere": 255000.0, "type_local": "Maison", "surface_reelle_bati": 90.0, "nombre_pieces_principales": 4.0, "adresse_nom_voie": "RUE GUY LESOULT", "price_per_sqm": 2833.3333333333335, "date_iso": "2024-06-04", "parcelle": "771530000B0203", "addr_num": "11"}}, {"type": "Feature", "geometry": {"type": "Point", "coordinates": [2.669663, 49.053435]}, "properties": {"year": 2024, "valeur_fonciere": 239000.0, "type_local": "Maison", "surface_reelle_bati": 73.0, "nombre_pieces_principales": 4.0, "adresse_nom_voie": "AV DE L EAU BONNE", "price_per_sqm": 3273.972602739726, "date_iso": "2024-05-30", "parcelle": "771530000C0553", "addr_num": "6"}}, {"type": "Feature", "geometry": {"type": "Point", "coordinates": [2.678334, 49.061548]}, "properties": {"year": 2024, "valeur_fonciere": 331400.0, "type_local": "Maison", "surface_reelle_bati": 117.0, "nombre_pieces_principales": 5.0, "adresse_nom_voie": "RUE MARIA DERAISMES", "price_per_sqm": 2832.4786324786323, "date_iso": "2024-06-14", "parcelle": "771530000A1266", "addr_num": "19"}}, {"type": "Feature", "geometry": {"type": "Point", "coordinates": [2.678334, 49.061548]}, "properties": {"year": 2024, "valeur_fonciere": 331400.0, "type_local": "Maison", "surface_reelle_bati": 117.0, "nombre_pieces_principales": 5.0, "adresse_nom_voie": "RUE MARIA DERAISMES", "price_per_sqm": 2832.4786324786323, "date_iso": "2024-06-14", "parcelle": "771530000A1266", "addr_num": "19"}}, {"type": "Feature", "geometry": {"type": "Point", "coordinates": [2.686555, 49.052754]}, "properties": {"year": 2024, "valeur_fonciere": 265000.0, "type_local": "Maison", "surface_reelle_bati": 95.0, "nombre_pieces_principales": 4.0, "adresse_nom_voie": "RLE DU JARD", "price_per_sqm": 2789.4736842105262, "date_iso": "2024-06-14", "parcelle": "77153000AH0211", "addr_num": "7"}}, {"type": "Feature", "geometry": {"type": "Point", "coordinates": [2.691534, 49.055884]}, "properties": {"year": 2024, "valeur_fonciere": 309500.0, "type_local": "Maison", "surface_reelle_bati": 102.0, "nombre_pieces_principales": 5.0, "adresse_nom_voie": "ALL DES CHATAIGNIERS", "price_per_sqm": 3034.3137254901962, "date_iso": "2024-06-20", "parcelle": "77153000AL0225", "addr_num": "9"}}, {"type": "Feature", "geometry": {"type": "Point", "coordinates": [2.675363, 49.060269]}, "properties": {"year": 2024, "valeur_fonciere": 215000.0, "type_local": "Dépendance", "surface_reelle_bati": null, "nombre_pieces_principales": 0.0, "adresse_nom_voie": "AV JEAN JAURES", "price_per_sqm": null, "date_iso": "2024-06-27", "parcelle": "771530000A1638", "addr_num": "3"}}, {"type": "Feature", "geometry": {"type": "Point", "coordinates": [2.675363, 49.060269]}, "properties": {"year": 2024, "valeur_fonciere": 215000.0, "type_local": "Dépendance", "surface_reelle_bati": null, "nombre_pieces_principales": 0.0, "adresse_nom_voie": "AV JEAN JAURES", "price_per_sqm": null, "date_iso": "2024-06-27", "parcelle": "771530000A1638", "addr_num": "3"}}, {"type": "Feature", "geometry": {"type": "Point", "coordinates": [2.675363, 49.060269]}, "properties": {"year": 2024, "valeur_fonciere": 215000.0, "type_local": "Appartement", "surface_reelle_bati": 61.0, "nombre_pieces_principales": 3.0, "adresse_nom_voie": "AV JEAN JAURES", "price_per_sqm": 3524.590163934426, "date_iso": "2024-06-27", "parcelle": "771530000A1638", "addr_num": "3"}}, {"type": "Feature", "geometry": {"type": "Point", "coordinates": [2.677342, 49.054935]}, "properties": {"year": 2024, "valeur_fonciere": 133000.0, "type_local": "Appartement", "surface_reelle_bati": 39.0, "nombre_pieces_principales": 2.0, "adresse_nom_voie": "RUE DU JEU D ARC", "price_per_sqm": 3410.25641025641, "date_iso": "2024-06-14", "parcelle": "77153000AB0283", "addr_num": "21"}}, {"type": "Feature", "geometry": {"type": "Point", "coordinates": [2.677342, 49.054935]}, "properties": {"year": 2024, "valeur_fonciere": 133000.0, "type_local": "Dépendance", "surface_reelle_bati": null, "nombre_pieces_principales": 0.0, "adresse_nom_voie": "RUE SAINT JEAN", "price_per_sqm": null, "date_iso": "2024-06-14", "parcelle": "77153000AB0283", "addr_num": "7"}}, {"type": "Feature", "geometry": {"type": "Point", "coordinates": [2.683296, 49.053027]}, "properties": {"year": 2024, "valeur_fonciere": 190000.0, "type_local": "Maison", "surface_reelle_bati": 56.0, "nombre_pieces_principales": 3.0, "adresse_nom_voie": "RUE DE MEAUX", "price_per_sqm": 3392.8571428571427, "date_iso": "2024-06-18", "parcelle": "77153000AD0165", "addr_num": "15"}}, {"type": "Feature", "geometry": {"type": "Point", "coordinates": [2.683258, 49.05292]}, "properties": {"year": 2024, "valeur_fonciere": 190000.0, "type_local": null, "surface_reelle_bati": null, "nombre_pieces_principales": null, "adresse_nom_voie": "LE BUAT", "price_per_sqm": null, "date_iso": "2024-06-18", "parcelle": "77153000AD0441", "addr_num": ""}}, {"type": "Feature", "geometry": {"type": "Point", "coordinates": [2.678621, 49.055526]}, "properties": {"year": 2024, "valeur_fonciere": 120000.0, "type_local": "Appartement", "surface_reelle_bati": 28.0, "nombre_pieces_principales": 1.0, "adresse_nom_voie": "RUE GANNEVAL", "price_per_sqm": 4285.714285714285, "date_iso": "2024-06-19", "parcelle": "77153000AC0208", "addr_num": "30"}}, {"type": "Feature", "geometry": {"type": "Point", "coordinates": [2.684663, 49.053459]}, "properties": {"year": 2024, "valeur_fonciere": 72000.0, "type_local": "Appartement", "surface_reelle_bati": 24.0, "nombre_pieces_principales": 1.0, "adresse_nom_voie": "PL LAVOLLEE", "price_per_sqm": 3000.0, "date_iso": "2024-06-21", "parcelle": "77153000AD0281", "addr_num": ""}}, {"type": "Feature", "geometry": {"type": "Point", "coordinates": [2.677342, 49.054935]}, "properties": {"year": 2024, "valeur_fonciere": 123000.0, "type_local": "Appartement", "surface_reelle_bati": 39.0, "nombre_pieces_principales": 2.0, "adresse_nom_voie": "RUE DU JEU D ARC", "price_per_sqm": 3153.846153846154, "date_iso": "2024-06-19", "parcelle": "77153000AB0283", "addr_num": "21"}}, {"type": "Feature", "geometry": {"type": "Point", "coordinates": [2.677342, 49.054935]}, "properties": {"year": 2024, "valeur_fonciere": 123000.0, "type_local": "Dépendance", "surface_reelle_bati": null, "nombre_pieces_principales": 0.0, "adresse_nom_voie": "RUE SAINT JEAN", "price_per_sqm": null, "date_iso": "2024-06-19", "parcelle": "77153000AB0283", "addr_num": "7"}}, {"type": "Feature", "geometry": {"type": "Point", "coordinates": [2.677342, 49.054935]}, "properties": {"year": 2024, "valeur_fonciere": 123000.0, "type_local": "Dépendance", "surface_reelle_bati": null, "nombre_pieces_principales": 0.0, "adresse_nom_voie": "RUE DU JEU D ARC", "price_per_sqm": null, "date_iso": "2024-06-19", "parcelle": "77153000AB0283", "addr_num": "21"}}, {"type": "Feature", "geometry": {"type": "Point", "coordinates": [2.696447, 49.057939]}, "properties": {"year": 2024, "valeur_fonciere": 25000.0, "type_local": "Dépendance", "surface_reelle_bati": null, "nombre_pieces_principales": 0.0, "adresse_nom_voie": "AV DU MARECHAL LECLERC", "price_per_sqm": null, "date_iso": "2024-07-04", "parcelle": "77153000AM0105", "addr_num": "67"}}, {"type": "Feature", "geometry": {"type": "Point", "coordinates": [2.680005, 49.05492]}, "properties": {"year": 2024, "valeur_fonciere": 155000.0, "type_local": "Dépendance", "surface_reelle_bati": null, "nombre_pieces_principales": 0.0, "adresse_nom_voie": "RUE GANNEVAL", "price_per_sqm": null, "date_iso": "2024-07-11", "parcelle": "77153000AC0213", "addr_num": "12"}}, {"type": "Feature", "geometry": {"type": "Point", "coordinates": [2.680005, 49.05492]}, "properties": {"year": 2024, "valeur_fonciere": 155000.0, "type_local": "Appartement", "surface_reelle_bati": 45.0, "nombre_pieces_principales": 2.0, "adresse_nom_voie": "RUE ABEL CHENEVAT", "price_per_sqm": 3444.4444444444443, "date_iso": "2024-07-11", "parcelle": "77153000AC0213", "addr_num": "4"}}, {"type": "Feature", "geometry": {"type": "Point", "coordinates": [2.696908, 49.057179]}, "properties": {"year": 2024, "valeur_fonciere": 156000.0, "type_local": "Dépendance", "surface_reelle_bati": null, "nombre_pieces_principales": 0.0, "adresse_nom_voie": "AV DU MARECHAL LECLERC", "price_per_sqm": null, "date_iso": "2024-07-11", "parcelle": "77153000AM0114", "addr_num": "71"}}, {"type": "Feature", "geometry": {"type": "Point", "coordinates": [2.696908, 49.057179]}, "properties": {"year": 2024, "valeur_fonciere": 156000.0, "type_local": "Dépendance", "surface_reelle_bati": null, "nombre_pieces_principales": 0.0, "adresse_nom_voie": "AV DU MARECHAL LECLERC", "price_per_sqm": null, "date_iso": "2024-07-11", "parcelle": "77153000AM0114", "addr_num": "71"}}, {"type": "Feature", "geometry": {"type": "Point", "coordinates": [2.696908, 49.057179]}, "properties": {"year": 2024, "valeur_fonciere": 156000.0, "type_local": "Appartement", "surface_reelle_bati": 49.0, "nombre_pieces_principales": 3.0, "adresse_nom_voie": "AV DU MARECHAL LECLERC", "price_per_sqm": 3183.673469387755, "date_iso": "2024-07-11", "parcelle": "77153000AM0114", "addr_num": "71"}}, {"type": "Feature", "geometry": {"type": "Point", "coordinates": [2.673052, 49.061539]}, "properties": {"year": 2024, "valeur_fonciere": 402000.0, "type_local": "Maison", "surface_reelle_bati": 137.0, "nombre_pieces_principales": 5.0, "adresse_nom_voie": "RUE JACQUELINE AURIOL", "price_per_sqm": 2934.306569343066, "date_iso": "2024-07-12", "parcelle": "771530000A1753", "addr_num": "5"}}, {"type": "Feature", "geometry": {"type": "Point", "coordinates": [2.672929, 49.061496]}, "properties": {"year": 2024, "valeur_fonciere": 402000.0, "type_local": null, "surface_reelle_bati": null, "nombre_pieces_principales": null, "adresse_nom_voie": "RUE JACQUELINE AURIOL", "price_per_sqm": null, "date_iso": "2024-07-12", "parcelle": "771530000A1760", "addr_num": "5"}}, {"type": "Feature", "geometry": {"type": "Point", "coordinates": [2.697423, 49.057845]}, "properties": {"year": 2024, "valeur_fonciere": 180500.0, "type_local": "Appartement", "surface_reelle_bati": 56.0, "nombre_pieces_principales": 3.0, "adresse_nom_voie": "AV DU MARECHAL LECLERC", "price_per_sqm": 3223.214285714286, "date_iso": "2024-07-08", "parcelle": "77153000AM0113", "addr_num": "73"}}, {"type": "Feature", "geometry": {"type": "Point", "coordinates": [2.697423, 49.057845]}, "properties": {"year": 2024, "valeur_fonciere": 180500.0, "type_local": "Dépendance", "surface_reelle_bati": null, "nombre_pieces_principales": 0.0, "adresse_nom_voie": "AV DU MARECHAL LECLERC", "price_per_sqm": null, "date_iso": "2024-07-08", "parcelle": "77153000AM0113", "addr_num": "73"}}, {"type": "Feature", "geometry": {"type": "Point", "coordinates": [2.69119, 49.058525]}, "properties": {"year": 2024, "valeur_fonciere": 267600.0, "type_local": "Maison", "surface_reelle_bati": 82.0, "nombre_pieces_principales": 5.0, "adresse_nom_voie": "AV DU DRAP D OR", "price_per_sqm": 3263.4146341463415, "date_iso": "2024-07-22", "parcelle": "77153000AL0094", "addr_num": "78"}}, {"type": "Feature", "geometry": {"type": "Point", "coordinates": [2.69119, 49.058525]}, "properties": {"year": 2024, "valeur_fonciere": 267600.0, "type_local": "Dépendance", "surface_reelle_bati": null, "nombre_pieces_principales": 0.0, "adresse_nom_voie": "AV DU DRAP D OR", "price_per_sqm": null, "date_iso": "2024-07-22", "parcelle": "77153000AL0094", "addr_num": "78"}}, {"type": "Feature", "geometry": {"type": "Point", "coordinates": [2.68197, 49.054646]}, "properties": {"year": 2024, "valeur_fonciere": 105000.0, "type_local": "Appartement", "surface_reelle_bati": 36.0, "nombre_pieces_principales": 2.0, "adresse_nom_voie": "RUE DUSSOLIE", "price_per_sqm": 2916.6666666666665, "date_iso": "2024-07-26", "parcelle": "77153000AC0089", "addr_num": "11"}}, {"type": "Feature", "geometry": {"type": "Point", "coordinates": [2.692984, 49.063431]}, "properties": {"year": 2024, "valeur_fonciere": 240000.0, "type_local": "Local industriel. commercial ou assimilé", "surface_reelle_bati": 1650.0, "nombre_pieces_principales": 0.0, "adresse_nom_voie": "RUE CLEMENT ADER", "price_per_sqm": 145.45454545454547, "date_iso": "2024-07-18", "parcelle": "77153000ZD0151", "addr_num": "973"}}, {"type": "Feature", "geometry": {"type": "Point", "coordinates": [2.695651, 49.055979]}, "properties": {"year": 2024, "valeur_fonciere": 305000.0, "type_local": "Maison", "surface_reelle_bati": 98.0, "nombre_pieces_principales": 5.0, "adresse_nom_voie": "PL DES CANADA", "price_per_sqm": 3112.2448979591836, "date_iso": "2024-07-23", "parcelle": "77153000AL0395", "addr_num": "3"}}, {"type": "Feature", "geometry": {"type": "Point", "coordinates": [2.680005, 49.05492]}, "properties": {"year": 2024, "valeur_fonciere": 215000.0, "type_local": "Dépendance", "surface_reelle_bati": null, "nombre_pieces_principales": 0.0, "adresse_nom_voie": "RUE GANNEVAL", "price_per_sqm": null, "date_iso": "2024-07-19", "parcelle": "77153000AC0213", "addr_num": "12"}}, {"type": "Feature", "geometry": {"type": "Point", "coordinates": [2.680005, 49.05492]}, "properties": {"year": 2024, "valeur_fonciere": 215000.0, "type_local": "Dépendance", "surface_reelle_bati": null, "nombre_pieces_principales": 0.0, "adresse_nom_voie": "RUE GANNEVAL", "price_per_sqm": null, "date_iso": "2024-07-19", "parcelle": "77153000AC0213", "addr_num": "12"}}, {"type": "Feature", "geometry": {"type": "Point", "coordinates": [2.680005, 49.05492]}, "properties": {"year": 2024, "valeur_fonciere": 215000.0, "type_local": "Appartement", "surface_reelle_bati": 66.0, "nombre_pieces_principales": 3.0, "adresse_nom_voie": "RUE ABEL CHENEVAT", "price_per_sqm": 3257.5757575757575, "date_iso": "2024-07-19", "parcelle": "77153000AC0213", "addr_num": "4"}}, {"type": "Feature", "geometry": {"type": "Point", "coordinates": [2.683741, 49.063128]}, "properties": {"year": 2024, "valeur_fonciere": 216000.0, "type_local": "Dépendance", "surface_reelle_bati": null, "nombre_pieces_principales": 0.0, "adresse_nom_voie": "RUE ETIENNE DE LA BOETIE", "price_per_sqm": null, "date_iso": "2024-07-29", "parcelle": "77153000AO0356", "addr_num": "26"}}, {"type": "Feature", "geometry": {"type": "Point", "coordinates": [2.683741, 49.063128]}, "properties": {"year": 2024, "valeur_fonciere": 216000.0, "type_local": "Dépendance", "surface_reelle_bati": null, "nombre_pieces_principales": 0.0, "adresse_nom_voie": "RUE ETIENNE DE LA BOETIE", "price_per_sqm": null, "date_iso": "2024-07-29", "parcelle": "77153000AO0356", "addr_num": "26"}}, {"type": "Feature", "geometry": {"type": "Point", "coordinates": [2.683741, 49.063128]}, "properties": {"year": 2024, "valeur_fonciere": 216000.0, "type_local": "Appartement", "surface_reelle_bati": 61.0, "nombre_pieces_principales": 3.0, "adresse_nom_voie": "RUE ETIENNE DE LA BOETIE", "price_per_sqm": 3540.9836065573772, "date_iso": "2024-07-29", "parcelle": "77153000AO0356", "addr_num": "28"}}, {"type": "Feature", "geometry": {"type": "Point", "coordinates": [2.681817, 49.05468]}, "properties": {"year": 2024, "valeur_fonciere": 185000.0, "type_local": "Dépendance", "surface_reelle_bati": null, "nombre_pieces_principales": 0.0, "adresse_nom_voie": "RUE DUSSOLIE", "price_per_sqm": null, "date_iso": "2024-08-01", "parcelle": "77153000AC0270", "addr_num": "9"}}, {"type": "Feature", "geometry": {"type": "Point", "coordinates": [2.681817, 49.05468]}, "properties": {"year": 2024, "valeur_fonciere": 185000.0, "type_local": "Appartement", "surface_reelle_bati": 65.0, "nombre_pieces_principales": 2.0, "adresse_nom_voie": "RUE DUSSOLIE", "price_per_sqm": 2846.153846153846, "date_iso": "2024-08-01", "parcelle": "77153000AC0270", "addr_num": "9"}}, {"type": "Feature", "geometry": {"type": "Point", "coordinates": [2.679177, 49.053874]}, "properties": {"year": 2024, "valeur_fonciere": 552000.0, "type_local": "Appartement", "surface_reelle_bati": 65.0, "nombre_pieces_principales": 3.0, "adresse_nom_voie": "RUE DU GENERAL DE GAULLE", "price_per_sqm": 8492.307692307691, "date_iso": "2024-07-31", "parcelle": "77153000AB0098", "addr_num": "100"}}, {"type": "Feature", "geometry": {"type": "Point", "coordinates": [2.679177, 49.053874]}, "properties": {"year": 2024, "valeur_fonciere": 552000.0, "type_local": "Appartement", "surface_reelle_bati": 50.0, "nombre_pieces_principales": 2.0, "adresse_nom_voie": "RUE DU GENERAL DE GAULLE", "price_per_sqm": 11040.0, "date_iso": "2024-07-31", "parcelle": "77153000AB0098", "addr_num": "100"}}, {"type": "Feature", "geometry": {"type": "Point", "coordinates": [2.679177, 49.053874]}, "properties": {"year": 2024, "valeur_fonciere": 552000.0, "type_local": "Local industriel. commercial ou assimilé", "surface_reelle_bati": 60.0, "nombre_pieces_principales": 0.0, "adresse_nom_voie": "RUE DU GENERAL DE GAULLE", "price_per_sqm": 9200.0, "date_iso": "2024-07-31", "parcelle": "77153000AB0098", "addr_num": "100"}}, {"type": "Feature", "geometry": {"type": "Point", "coordinates": [2.679177, 49.053874]}, "properties": {"year": 2024, "valeur_fonciere": 552000.0, "type_local": "Local industriel. commercial ou assimilé", "surface_reelle_bati": 85.0, "nombre_pieces_principales": 0.0, "adresse_nom_voie": "RUE DU GENERAL DE GAULLE", "price_per_sqm": 6494.117647058823, "date_iso": "2024-07-31", "parcelle": "77153000AB0098", "addr_num": "100"}}, {"type": "Feature", "geometry": {"type": "Point", "coordinates": [2.679177, 49.053874]}, "properties": {"year": 2024, "valeur_fonciere": 552000.0, "type_local": "Appartement", "surface_reelle_bati": 65.0, "nombre_pieces_principales": 3.0, "adresse_nom_voie": "RUE DU GENERAL DE GAULLE", "price_per_sqm": 8492.307692307691, "date_iso": "2024-07-31", "parcelle": "77153000AB0098", "addr_num": "100"}}, {"type": "Feature", "geometry": {"type": "Point", "coordinates": [2.67974, 49.053631]}, "properties": {"year": 2024, "valeur_fonciere": 552000.0, "type_local": "Dépendance", "surface_reelle_bati": null, "nombre_pieces_principales": 0.0, "adresse_nom_voie": "RUE DE LA LIBERATION", "price_per_sqm": null, "date_iso": "2024-07-31", "parcelle": "77153000AD0023", "addr_num": "7"}}, {"type": "Feature", "geometry": {"type": "Point", "coordinates": [2.67974, 49.053631]}, "properties": {"year": 2024, "valeur_fonciere": 552000.0, "type_local": "Dépendance", "surface_reelle_bati": null, "nombre_pieces_principales": 0.0, "adresse_nom_voie": "RUE DE LA LIBERATION", "price_per_sqm": null, "date_iso": "2024-07-31", "parcelle": "77153000AD0023", "addr_num": "7"}}, {"type": "Feature", "geometry": {"type": "Point", "coordinates": [2.67974, 49.053631]}, "properties": {"year": 2024, "valeur_fonciere": 552000.0, "type_local": "Dépendance", "surface_reelle_bati": null, "nombre_pieces_principales": 0.0, "adresse_nom_voie": "RUE DE LA LIBERATION", "price_per_sqm": null, "date_iso": "2024-07-31", "parcelle": "77153000AD0023", "addr_num": "7"}}, {"type": "Feature", "geometry": {"type": "Point", "coordinates": [2.69346, 49.05814]}, "properties": {"year": 2024, "valeur_fonciere": 300000.0, "type_local": "Maison", "surface_reelle_bati": 92.0, "nombre_pieces_principales": 5.0, "adresse_nom_voie": "AV DU DRAP D OR", "price_per_sqm": 3260.8695652173915, "date_iso": "2024-07-26", "parcelle": "77153000AL0016", "addr_num": "69"}}, {"type": "Feature", "geometry": {"type": "Point", "coordinates": [2.69346, 49.05814]}, "properties": {"year": 2024, "valeur_fonciere": 300000.0, "type_local": "Dépendance", "surface_reelle_bati": null, "nombre_pieces_principales": 0.0, "adresse_nom_voie": "AV DU DRAP D OR", "price_per_sqm": null, "date_iso": "2024-07-26", "parcelle": "77153000AL0016", "addr_num": "69"}}, {"type": "Feature", "geometry": {"type": "Point", "coordinates": [2.678903, 49.051445]}, "properties": {"year": 2024, "valeur_fonciere": 210000.0, "type_local": "Maison", "surface_reelle_bati": 70.0, "nombre_pieces_principales": 4.0, "adresse_nom_voie": "RUE DE LA LIBERATION", "price_per_sqm": 3000.0, "date_iso": "2024-07-23", "parcelle": "77153000ZN0268", "addr_num": "31"}}, {"type": "Feature", "geometry": {"type": "Point", "coordinates": [2.678903, 49.051445]}, "properties": {"year": 2024, "valeur_fonciere": 210000.0, "type_local": "Dépendance", "surface_reelle_bati": null, "nombre_pieces_principales": 0.0, "adresse_nom_voie": "RUE DE LA LIBERATION", "price_per_sqm": null, "date_iso": "2024-07-23", "parcelle": "77153000ZN0268", "addr_num": "31"}}, {"type": "Feature", "geometry": {"type": "Point", "coordinates": [2.694267, 49.058178]}, "properties": {"year": 2024, "valeur_fonciere": 78000.0, "type_local": "Dépendance", "surface_reelle_bati": null, "nombre_pieces_principales": 0.0, "adresse_nom_voie": "RUE DES NOYERS", "price_per_sqm": null, "date_iso": "2024-07-16", "parcelle": "77153000AM0376", "addr_num": "18"}}, {"type": "Feature", "geometry": {"type": "Point", "coordinates": [2.694267, 49.058178]}, "properties": {"year": 2024, "valeur_fonciere": 78000.0, "type_local": "Dépendance", "surface_reelle_bati": null, "nombre_pieces_principales": 0.0, "adresse_nom_voie": "RUE DES NOYERS", "price_per_sqm": null, "date_iso": "2024-07-16", "parcelle": "77153000AM0376", "addr_num": "18"}}, {"type": "Feature", "geometry": {"type": "Point", "coordinates": [2.694267, 49.058178]}, "properties": {"year": 2024, "valeur_fonciere": 78000.0, "type_local": "Dépendance", "surface_reelle_bati": null, "nombre_pieces_principales": 0.0, "adresse_nom_voie": "RUE DES NOYERS", "price_per_sqm": null, "date_iso": "2024-07-16", "parcelle": "77153000AM0376", "addr_num": "18"}}, {"type": "Feature", "geometry": {"type": "Point", "coordinates": [2.694267, 49.058178]}, "properties": {"year": 2024, "valeur_fonciere": 78000.0, "type_local": "Appartement", "surface_reelle_bati": 20.0, "nombre_pieces_principales": 1.0, "adresse_nom_voie": "RUE DES NOYERS", "price_per_sqm": 3900.0, "date_iso": "2024-07-16", "parcelle": "77153000AM0376", "addr_num": "18"}}, {"type": "Feature", "geometry": {"type": "Point", "coordinates": [2.675708, 49.062207]}, "properties": {"year": 2024, "valeur_fonciere": 335000.0, "type_local": "Maison", "surface_reelle_bati": 100.0, "nombre_pieces_principales": 4.0, "adresse_nom_voie": "RUE LEONARD DE VINCI", "price_per_sqm": 3350.0, "date_iso": "2024-07-30", "parcelle": "771530000A1529", "addr_num": "33"}}, {"type": "Feature", "geometry": {"type": "Point", "coordinates": [2.675708, 49.062207]}, "properties": {"year": 2024, "valeur_fonciere": 335000.0, "type_local": "Maison", "surface_reelle_bati": 100.0, "nombre_pieces_principales": 4.0, "adresse_nom_voie": "RUE LEONARD DE VINCI", "price_per_sqm": 3350.0, "date_iso": "2024-07-30", "parcelle": "771530000A1529", "addr_num": "33"}}, {"type": "Feature", "geometry": {"type": "Point", "coordinates": [2.675708, 49.062207]}, "properties": {"year": 2024, "valeur_fonciere": 335000.0, "type_local": "Dépendance", "surface_reelle_bati": null, "nombre_pieces_principales": 0.0, "adresse_nom_voie": "RUE LEONARD DE VINCI", "price_per_sqm": null, "date_iso": "2024-07-30", "parcelle": "771530000A1529", "addr_num": "33"}}, {"type": "Feature", "geometry": {"type": "Point", "coordinates": [2.675708, 49.062207]}, "properties": {"year": 2024, "valeur_fonciere": 335000.0, "type_local": "Dépendance", "surface_reelle_bati": null, "nombre_pieces_principales": 0.0, "adresse_nom_voie": "RUE LEONARD DE VINCI", "price_per_sqm": null, "date_iso": "2024-07-30", "parcelle": "771530000A1529", "addr_num": "33"}}, {"type": "Feature", "geometry": {"type": "Point", "coordinates": [2.678227, 49.052297]}, "properties": {"year": 2024, "valeur_fonciere": 294190.0, "type_local": "Maison", "surface_reelle_bati": 81.0, "nombre_pieces_principales": 5.0, "adresse_nom_voie": "RLE DES FILOIRS", "price_per_sqm": 3631.9753086419755, "date_iso": "2024-07-30", "parcelle": "77153000ZN0215", "addr_num": "24"}}, {"type": "Feature", "geometry": {"type": "Point", "coordinates": [2.692939, 49.049193]}, "properties": {"year": 2024, "valeur_fonciere": 375000.0, "type_local": "Maison", "surface_reelle_bati": 125.0, "nombre_pieces_principales": 5.0, "adresse_nom_voie": "CHE DES PETITS EBOULIS", "price_per_sqm": 3000.0, "date_iso": "2024-08-19", "parcelle": "77153000ZE0211", "addr_num": "7"}}, {"type": "Feature", "geometry": {"type": "Point", "coordinates": [2.692939, 49.049193]}, "properties": {"year": 2024, "valeur_fonciere": 375000.0, "type_local": "Maison", "surface_reelle_bati": 125.0, "nombre_pieces_principales": 5.0, "adresse_nom_voie": "CHE DES PETITS EBOULIS", "price_per_sqm": 3000.0, "date_iso": "2024-08-19", "parcelle": "77153000ZE0211", "addr_num": "7"}}, {"type": "Feature", "geometry": {"type": "Point", "coordinates": [2.671864, 49.051039]}, "properties": {"year": 2024, "valeur_fonciere": 190000.0, "type_local": "Appartement", "surface_reelle_bati": 52.0, "nombre_pieces_principales": 3.0, "adresse_nom_voie": "RUE LOUIS BRAILLE", "price_per_sqm": 3653.846153846154, "date_iso": "2024-08-20", "parcelle": "77153000ZN0078", "addr_num": "3"}}, {"type": "Feature", "geometry": {"type": "Point", "coordinates": [2.671864, 49.051039]}, "properties": {"year": 2024, "valeur_fonciere": 190000.0, "type_local": "Dépendance", "surface_reelle_bati": null, "nombre_pieces_principales": 0.0, "adresse_nom_voie": "RUE LOUIS BRAILLE", "price_per_sqm": null, "date_iso": "2024-08-20", "parcelle": "77153000ZN0078", "addr_num": "3"}}, {"type": "Feature", "geometry": {"type": "Point", "coordinates": [2.671864, 49.051039]}, "properties": {"year": 2024, "valeur_fonciere": 190000.0, "type_local": "Dépendance", "surface_reelle_bati": null, "nombre_pieces_principales": 0.0, "adresse_nom_voie": "RUE LOUIS BRAILLE", "price_per_sqm": null, "date_iso": "2024-08-20", "parcelle": "77153000ZN0078", "addr_num": "3"}}, {"type": "Feature", "geometry": {"type": "Point", "coordinates": [2.677825, 49.060384]}, "properties": {"year": 2024, "valeur_fonciere": 290000.0, "type_local": null, "surface_reelle_bati": null, "nombre_pieces_principales": null, "adresse_nom_voie": "IMP CESARIA EVORIA", "price_per_sqm": null, "date_iso": "2024-08-27", "parcelle": "77153000AP0244", "addr_num": ""}}, {"type": "Feature", "geometry": {"type": "Point", "coordinates": [2.677776, 49.060303]}, "properties": {"year": 2024, "valeur_fonciere": 290000.0, "type_local": "Maison", "surface_reelle_bati": 90.0, "nombre_pieces_principales": 4.0, "adresse_nom_voie": "IMP CESARIA EVORIA", "price_per_sqm": 3222.222222222222, "date_iso": "2024-08-27", "parcelle": "77153000AP0249", "addr_num": "6"}}, {"type": "Feature", "geometry": {"type": "Point", "coordinates": [2.685442, 49.064509]}, "properties": {"year": 2024, "valeur_fonciere": 358000.0, "type_local": "Dépendance", "surface_reelle_bati": null, "nombre_pieces_principales": 0.0, "adresse_nom_voie": "RUE JEAN JACQUES ROUSSEAU", "price_per_sqm": null, "date_iso": "2024-08-28", "parcelle": "77153000AO0146", "addr_num": "16"}}, {"type": "Feature", "geometry": {"type": "Point", "coordinates": [2.685442, 49.064509]}, "properties": {"year": 2024, "valeur_fonciere": 358000.0, "type_local": "Maison", "surface_reelle_bati": 103.0, "nombre_pieces_principales": 4.0, "adresse_nom_voie": "RUE JEAN JACQUES ROUSSEAU", "price_per_sqm": 3475.7281553398057, "date_iso": "2024-08-28", "parcelle": "77153000AO0146", "addr_num": "16"}}, {"type": "Feature", "geometry": {"type": "Point", "coordinates": [2.685442, 49.064509]}, "properties": {"year": 2024, "valeur_fonciere": 358000.0, "type_local": "Dépendance", "surface_reelle_bati": null, "nombre_pieces_principales": 0.0, "adresse_nom_voie": "RUE JEAN JACQUES ROUSSEAU", "price_per_sqm": null, "date_iso": "2024-08-28", "parcelle": "77153000AO0146", "addr_num": "16"}}, {"type": "Feature", "geometry": {"type": "Point", "coordinates": [2.685442, 49.064509]}, "properties": {"year": 2024, "valeur_fonciere": 358000.0, "type_local": "Maison", "surface_reelle_bati": 103.0, "nombre_pieces_principales": 4.0, "adresse_nom_voie": "RUE JEAN JACQUES ROUSSEAU", "price_per_sqm": 3475.7281553398057, "date_iso": "2024-08-28", "parcelle": "77153000AO0146", "addr_num": "16"}}, {"type": "Feature", "geometry": {"type": "Point", "coordinates": [2.682809, 49.053405]}, "properties": {"year": 2024, "valeur_fonciere": 180000.0, "type_local": "Appartement", "surface_reelle_bati": 47.0, "nombre_pieces_principales": 3.0, "adresse_nom_voie": "RUE DES VIEILLES BOUCHERIES", "price_per_sqm": 3829.7872340425533, "date_iso": "2024-09-04", "parcelle": "77153000AD0083", "addr_num": "3"}}, {"type": "Feature", "geometry": {"type": "Point", "coordinates": [2.682809, 49.053405]}, "properties": {"year": 2024, "valeur_fonciere": 180000.0, "type_local": "Appartement", "surface_reelle_bati": 29.0, "nombre_pieces_principales": 1.0, "adresse_nom_voie": "RUE DES VIEILLES BOUCHERIES", "price_per_sqm": 6206.896551724138, "date_iso": "2024-09-04", "parcelle": "77153000AD0083", "addr_num": "3"}}, {"type": "Feature", "geometry": {"type": "Point", "coordinates": [2.682809, 49.053405]}, "properties": {"year": 2024, "valeur_fonciere": 180000.0, "type_local": "Dépendance", "surface_reelle_bati": null, "nombre_pieces_principales": 0.0, "adresse_nom_voie": "RUE DES VIEILLES BOUCHERIES", "price_per_sqm": null, "date_iso": "2024-09-04", "parcelle": "77153000AD0083", "addr_num": "3"}}, {"type": "Feature", "geometry": {"type": "Point", "coordinates": [2.682809, 49.053405]}, "properties": {"year": 2024, "valeur_fonciere": 180000.0, "type_local": "Dépendance", "surface_reelle_bati": null, "nombre_pieces_principales": 0.0, "adresse_nom_voie": "RUE DES VIEILLES BOUCHERIES", "price_per_sqm": null, "date_iso": "2024-09-04", "parcelle": "77153000AD0083", "addr_num": "3"}}, {"type": "Feature", "geometry": {"type": "Point", "coordinates": [2.682282, 49.053019]}, "properties": {"year": 2024, "valeur_fonciere": 180000.0, "type_local": "Dépendance", "surface_reelle_bati": null, "nombre_pieces_principales": 0.0, "adresse_nom_voie": "RUE DE MEAUX", "price_per_sqm": null, "date_iso": "2024-09-04", "parcelle": "77153000AD0371", "addr_num": "1"}}, {"type": "Feature", "geometry": {"type": "Point", "coordinates": [2.682282, 49.053019]}, "properties": {"year": 2024, "valeur_fonciere": 180000.0, "type_local": "Dépendance", "surface_reelle_bati": null, "nombre_pieces_principales": 0.0, "adresse_nom_voie": "RUE DE MEAUX", "price_per_sqm": null, "date_iso": "2024-09-04", "parcelle": "77153000AD0371", "addr_num": "1"}}, {"type": "Feature", "geometry": {"type": "Point", "coordinates": [2.682282, 49.053019]}, "properties": {"year": 2024, "valeur_fonciere": 180000.0, "type_local": "Dépendance", "surface_reelle_bati": null, "nombre_pieces_principales": 0.0, "adresse_nom_voie": "RUE DE MEAUX", "price_per_sqm": null, "date_iso": "2024-09-04", "parcelle": "77153000AD0371", "addr_num": "1"}}, {"type": "Feature", "geometry": {"type": "Point", "coordinates": [2.682282, 49.053019]}, "properties": {"year": 2024, "valeur_fonciere": 180000.0, "type_local": "Dépendance", "surface_reelle_bati": null, "nombre_pieces_principales": 0.0, "adresse_nom_voie": "RUE DE MEAUX", "price_per_sqm": null, "date_iso": "2024-09-04", "parcelle": "77153000AD0371", "addr_num": "1"}}, {"type": "Feature", "geometry": {"type": "Point", "coordinates": [2.690693, 49.062013]}, "properties": {"year": 2024, "valeur_fonciere": 240000.0, "type_local": "Maison", "surface_reelle_bati": 90.0, "nombre_pieces_principales": 5.0, "adresse_nom_voie": "ALL DES MERISIERS", "price_per_sqm": 2666.6666666666665, "date_iso": "2024-08-12", "parcelle": "77153000AN0070", "addr_num": "15"}}, {"type": "Feature", "geometry": {"type": "Point", "coordinates": [2.690693, 49.062013]}, "properties": {"year": 2024, "valeur_fonciere": 240000.0, "type_local": "Maison", "surface_reelle_bati": 90.0, "nombre_pieces_principales": 5.0, "adresse_nom_voie": "ALL DES MERISIERS", "price_per_sqm": 2666.6666666666665, "date_iso": "2024-08-12", "parcelle": "77153000AN0070", "addr_num": "15"}}, {"type": "Feature", "geometry": {"type": "Point", "coordinates": [2.677695, 49.052093]}, "properties": {"year": 2024, "valeur_fonciere": 30000.0, "type_local": null, "surface_reelle_bati": null, "nombre_pieces_principales": null, "adresse_nom_voie": "RLE DES FILOIRS", "price_per_sqm": null, "date_iso": "2024-08-30", "parcelle": "77153000ZN0460", "addr_num": "18"}}, {"type": "Feature", "geometry": {"type": "Point", "coordinates": [2.68583, 49.061544]}, "properties": {"year": 2024, "valeur_fonciere": 293000.0, "type_local": "Maison", "surface_reelle_bati": 114.0, "nombre_pieces_principales": 6.0, "adresse_nom_voie": "RTE D EVE", "price_per_sqm": 2570.1754385964914, "date_iso": "2024-08-20", "parcelle": "77153000AO0440", "addr_num": "35"}}, {"type": "Feature", "geometry": {"type": "Point", "coordinates": [2.685069, 49.053172]}, "properties": {"year": 2024, "valeur_fonciere": 105000.0, "type_local": "Appartement", "surface_reelle_bati": 38.0, "nombre_pieces_principales": 1.0, "adresse_nom_voie": "RUE DE MEAUX", "price_per_sqm": 2763.157894736842, "date_iso": "2024-08-19", "parcelle": "77153000AD0107", "addr_num": "25"}}, {"type": "Feature", "geometry": {"type": "Point", "coordinates": [2.695111, 49.057162]}, "properties": {"year": 2024, "valeur_fonciere": 375000.0, "type_local": "Dépendance", "surface_reelle_bati": null, "nombre_pieces_principales": 0.0, "adresse_nom_voie": "AV DU DRAP D OR", "price_per_sqm": null, "date_iso": "2024-08-28", "parcelle": "77153000AL0026", "addr_num": "89"}}, {"type": "Feature", "geometry": {"type": "Point", "coordinates": [2.695111, 49.057162]}, "properties": {"year": 2024, "valeur_fonciere": 375000.0, "type_local": "Maison", "surface_reelle_bati": 139.0, "nombre_pieces_principales": 7.0, "adresse_nom_voie": "AV DU DRAP D OR", "price_per_sqm": 2697.8417266187053, "date_iso": "2024-08-28", "parcelle": "77153000AL0026", "addr_num": "89"}}, {"type": "Feature", "geometry": {"type": "Point", "coordinates": [2.682809, 49.053405]}, "properties": {"year": 2024, "valeur_fonciere": 87000.0, "type_local": "Dépendance", "surface_reelle_bati": null, "nombre_pieces_principales": 0.0, "adresse_nom_voie": "RUE DES VIEILLES BOUCHERIES", "price_per_sqm": null, "date_iso": "2024-09-04", "parcelle": "77153000AD0083", "addr_num": "3"}}, {"type": "Feature", "geometry": {"type": "Point", "coordinates": [2.682809, 49.053405]}, "properties": {"year": 2024, "valeur_fonciere": 87000.0, "type_local": "Appartement", "surface_reelle_bati": 47.0, "nombre_pieces_principales": 2.0, "adresse_nom_voie": "RUE DES VIEILLES BOUCHERIES", "price_per_sqm": 1851.063829787234, "date_iso": "2024-09-04", "parcelle": "77153000AD0083", "addr_num": "3"}}, {"type": "Feature", "geometry": {"type": "Point", "coordinates": [2.682282, 49.053019]}, "properties": {"year": 2024, "valeur_fonciere": 87000.0, "type_local": "Dépendance", "surface_reelle_bati": null, "nombre_pieces_principales": 0.0, "adresse_nom_voie": "RUE DE MEAUX", "price_per_sqm": null, "date_iso": "2024-09-04", "parcelle": "77153000AD0371", "addr_num": "1"}}, {"type": "Feature", "geometry": {"type": "Point", "coordinates": [2.691036, 49.058566]}, "properties": {"year": 2024, "valeur_fonciere": 285000.0, "type_local": "Maison", "surface_reelle_bati": 100.0, "nombre_pieces_principales": 5.0, "adresse_nom_voie": "AV DU DRAP D OR", "price_per_sqm": 2850.0, "date_iso": "2024-08-23", "parcelle": "77153000AL0095", "addr_num": "76"}}, {"type": "Feature", "geometry": {"type": "Point", "coordinates": [2.691036, 49.058566]}, "properties": {"year": 2024, "valeur_fonciere": 285000.0, "type_local": "Dépendance", "surface_reelle_bati": null, "nombre_pieces_principales": 0.0, "adresse_nom_voie": "AV DU DRAP D OR", "price_per_sqm": null, "date_iso": "2024-08-23", "parcelle": "77153000AL0095", "addr_num": "76"}}, {"type": "Feature", "geometry": {"type": "Point", "coordinates": [2.677342, 49.054935]}, "properties": {"year": 2024, "valeur_fonciere": 104000.0, "type_local": "Dépendance", "surface_reelle_bati": null, "nombre_pieces_principales": 0.0, "adresse_nom_voie": "RUE DU JEU D ARC", "price_per_sqm": null, "date_iso": "2024-08-27", "parcelle": "77153000AB0283", "addr_num": "21"}}, {"type": "Feature", "geometry": {"type": "Point", "coordinates": [2.677342, 49.054935]}, "properties": {"year": 2024, "valeur_fonciere": 104000.0, "type_local": "Dépendance", "surface_reelle_bati": null, "nombre_pieces_principales": 0.0, "adresse_nom_voie": "RUE SAINT JEAN", "price_per_sqm": null, "date_iso": "2024-08-27", "parcelle": "77153000AB0283", "addr_num": "7"}}, {"type": "Feature", "geometry": {"type": "Point", "coordinates": [2.677342, 49.054935]}, "properties": {"year": 2024, "valeur_fonciere": 104000.0, "type_local": "Appartement", "surface_reelle_bati": 40.0, "nombre_pieces_principales": 1.0, "adresse_nom_voie": "RUE DU JEU D ARC", "price_per_sqm": 2600.0, "date_iso": "2024-08-27", "parcelle": "77153000AB0283", "addr_num": "21"}}, {"type": "Feature", "geometry": {"type": "Point", "coordinates": [2.697659, 49.059054]}, "properties": {"year": 2024, "valeur_fonciere": 336000.0, "type_local": "Maison", "surface_reelle_bati": 88.0, "nombre_pieces_principales": 5.0, "adresse_nom_voie": "ALL DE LA HERSE D OR", "price_per_sqm": 3818.181818181818, "date_iso": "2024-09-11", "parcelle": "77153000AM0180", "addr_num": "60"}}, {"type": "Feature", "geometry": {"type": "Point", "coordinates": [2.693901, 49.057913]}, "properties": {"year": 2024, "valeur_fonciere": 275000.0, "type_local": "Maison", "surface_reelle_bati": 82.0, "nombre_pieces_principales": 5.0, "adresse_nom_voie": "AV DU DRAP D OR", "price_per_sqm": 3353.6585365853657, "date_iso": "2024-09-16", "parcelle": "77153000AL0020", "addr_num": "77"}}, {"type": "Feature", "geometry": {"type": "Point", "coordinates": [2.693901, 49.057913]}, "properties": {"year": 2024, "valeur_fonciere": 275000.0, "type_local": "Dépendance", "surface_reelle_bati": null, "nombre_pieces_principales": 0.0, "adresse_nom_voie": "AV DU DRAP D OR", "price_per_sqm": null, "date_iso": "2024-09-16", "parcelle": "77153000AL0020", "addr_num": "77"}}, {"type": "Feature", "geometry": {"type": "Point", "coordinates": [2.685308, 49.062143]}, "properties": {"year": 2024, "valeur_fonciere": 337400.0, "type_local": "Maison", "surface_reelle_bati": 80.0, "nombre_pieces_principales": 4.0, "adresse_nom_voie": "RUE DOM GANNERON", "price_per_sqm": 4217.5, "date_iso": "2024-09-13", "parcelle": "77153000AO0043", "addr_num": "6"}}, {"type": "Feature", "geometry": {"type": "Point", "coordinates": [2.685308, 49.062143]}, "properties": {"year": 2024, "valeur_fonciere": 337400.0, "type_local": "Maison", "surface_reelle_bati": 80.0, "nombre_pieces_principales": 4.0, "adresse_nom_voie": "RUE DOM GANNERON", "price_per_sqm": 4217.5, "date_iso": "2024-09-13", "parcelle": "77153000AO0043", "addr_num": "6"}}, {"type": "Feature", "geometry": {"type": "Point", "coordinates": [2.683615, 49.062492]}, "properties": {"year": 2024, "valeur_fonciere": 290000.0, "type_local": "Maison", "surface_reelle_bati": 91.0, "nombre_pieces_principales": 4.0, "adresse_nom_voie": "RUE FRANCOIS VILLON", "price_per_sqm": 3186.813186813187, "date_iso": "2024-09-18", "parcelle": "77153000AO0254", "addr_num": "8"}}, {"type": "Feature", "geometry": {"type": "Point", "coordinates": [2.686946, 49.05495]}, "properties": {"year": 2024, "valeur_fonciere": 356000.0, "type_local": "Maison", "surface_reelle_bati": 126.0, "nombre_pieces_principales": 5.0, "adresse_nom_voie": "ALL DES SAPINS", "price_per_sqm": 2825.3968253968255, "date_iso": "2024-09-17", "parcelle": "77153000AE0187", "addr_num": "5"}}, {"type": "Feature", "geometry": {"type": "Point", "coordinates": [2.686946, 49.05495]}, "properties": {"year": 2024, "valeur_fonciere": 356000.0, "type_local": "Maison", "surface_reelle_bati": 126.0, "nombre_pieces_principales": 5.0, "adresse_nom_voie": "ALL DES SAPINS", "price_per_sqm": 2825.3968253968255, "date_iso": "2024-09-17", "parcelle": "77153000AE0187", "addr_num": "5"}}, {"type": "Feature", "geometry": {"type": "Point", "coordinates": [2.687213, 49.054954]}, "properties": {"year": 2024, "valeur_fonciere": 356000.0, "type_local": null, "surface_reelle_bati": null, "nombre_pieces_principales": null, "adresse_nom_voie": "ALL DES SAPINS", "price_per_sqm": null, "date_iso": "2024-09-17", "parcelle": "77153000AE0194", "addr_num": ""}}, {"type": "Feature", "geometry": {"type": "Point", "coordinates": [2.696965, 49.059067]}, "properties": {"year": 2024, "valeur_fonciere": 360000.0, "type_local": "Maison", "surface_reelle_bati": 111.0, "nombre_pieces_principales": 5.0, "adresse_nom_voie": "ALL DE LA HERSE D OR", "price_per_sqm": 3243.2432432432433, "date_iso": "2024-09-19", "parcelle": "77153000AM0247", "addr_num": "61"}}, {"type": "Feature", "geometry": {"type": "Point", "coordinates": [2.677342, 49.054935]}, "properties": {"year": 2024, "valeur_fonciere": 90000.0, "type_local": "Dépendance", "surface_reelle_bati": null, "nombre_pieces_principales": 0.0, "adresse_nom_voie": "RUE SAINT JEAN", "price_per_sqm": null, "date_iso": "2024-09-18", "parcelle": "77153000AB0283", "addr_num": "7"}}, {"type": "Feature", "geometry": {"type": "Point", "coordinates": [2.677342, 49.054935]}, "properties": {"year": 2024, "valeur_fonciere": 90000.0, "type_local": "Appartement", "surface_reelle_bati": 37.0, "nombre_pieces_principales": 1.0, "adresse_nom_voie": "RUE SAINT JEAN", "price_per_sqm": 2432.4324324324325, "date_iso": "2024-09-18", "parcelle": "77153000AB0283", "addr_num": "7"}}, {"type": "Feature", "geometry": {"type": "Point", "coordinates": [2.686074, 49.06196]}, "properties": {"year": 2024, "valeur_fonciere": 300000.0, "type_local": "Maison", "surface_reelle_bati": 89.0, "nombre_pieces_principales": 4.0, "adresse_nom_voie": "RTE D EVE", "price_per_sqm": 3370.7865168539324, "date_iso": "2024-09-24", "parcelle": "77153000AO0047", "addr_num": "39"}}, {"type": "Feature", "geometry": {"type": "Point", "coordinates": [2.686074, 49.06196]}, "properties": {"year": 2024, "valeur_fonciere": 300000.0, "type_local": "Maison", "surface_reelle_bati": 89.0, "nombre_pieces_principales": 4.0, "adresse_nom_voie": "RTE D EVE", "price_per_sqm": 3370.7865168539324, "date_iso": "2024-09-24", "parcelle": "77153000AO0047", "addr_num": "39"}}, {"type": "Feature", "geometry": {"type": "Point", "coordinates": [2.677838, 49.052868]}, "properties": {"year": 2024, "valeur_fonciere": 100000.0, "type_local": null, "surface_reelle_bati": null, "nombre_pieces_principales": null, "adresse_nom_voie": "RUE DES OULCHES", "price_per_sqm": null, "date_iso": "2024-09-19", "parcelle": "77153000AB0390", "addr_num": "15"}}, {"type": "Feature", "geometry": {"type": "Point", "coordinates": [2.677912, 49.05251]}, "properties": {"year": 2024, "valeur_fonciere": 100000.0, "type_local": null, "surface_reelle_bati": null, "nombre_pieces_principales": null, "adresse_nom_voie": "RUE DES OULCHES", "price_per_sqm": null, "date_iso": "2024-09-19", "parcelle": "77153000AB0392", "addr_num": "15"}}, {"type": "Feature", "geometry": {"type": "Point", "coordinates": [2.677759, 49.052879]}, "properties": {"year": 2024, "valeur_fonciere": 100000.0, "type_local": null, "surface_reelle_bati": null, "nombre_pieces_principales": null, "adresse_nom_voie": "RLE DES FILOIRS", "price_per_sqm": null, "date_iso": "2024-09-19", "parcelle": "77153000AB0399", "addr_num": ""}}, {"type": "Feature", "geometry": {"type": "Point", "coordinates": [2.683615, 49.062492]}, "properties": {"year": 2024, "valeur_fonciere": 340607.97, "type_local": "Maison", "surface_reelle_bati": 91.0, "nombre_pieces_principales": 4.0, "adresse_nom_voie": "RUE FRANCOIS VILLON", "price_per_sqm": 3742.944725274725, "date_iso": "2024-09-18", "parcelle": "77153000AO0254", "addr_num": "8"}}, {"type": "Feature", "geometry": {"type": "Point", "coordinates": [2.692484, 49.058629]}, "properties": {"year": 2024, "valeur_fonciere": 455000.0, "type_local": "Dépendance", "surface_reelle_bati": null, "nombre_pieces_principales": 0.0, "adresse_nom_voie": "AV DU DRAP D OR", "price_per_sqm": null, "date_iso": "2024-09-27", "parcelle": "77153000AL0008", "addr_num": "53"}}, {"type": "Feature", "geometry": {"type": "Point", "coordinates": [2.692484, 49.058629]}, "properties": {"year": 2024, "valeur_fonciere": 455000.0, "type_local": "Maison", "surface_reelle_bati": 155.0, "nombre_pieces_principales": 5.0, "adresse_nom_voie": "AV DU DRAP D OR", "price_per_sqm": 2935.483870967742, "date_iso": "2024-09-27", "parcelle": "77153000AL0008", "addr_num": "53"}}, {"type": "Feature", "geometry": {"type": "Point", "coordinates": [2.675363, 49.060269]}, "properties": {"year": 2024, "valeur_fonciere": 137000.0, "type_local": "Appartement", "surface_reelle_bati": 42.0, "nombre_pieces_principales": 2.0, "adresse_nom_voie": "AV JEAN JAURES", "price_per_sqm": 3261.904761904762, "date_iso": "2024-09-20", "parcelle": "771530000A1638", "addr_num": "3"}}, {"type": "Feature", "geometry": {"type": "Point", "coordinates": [2.675363, 49.060269]}, "properties": {"year": 2024, "valeur_fonciere": 137000.0, "type_local": "Dépendance", "surface_reelle_bati": null, "nombre_pieces_principales": 0.0, "adresse_nom_voie": "AV JEAN JAURES", "price_per_sqm": null, "date_iso": "2024-09-20", "parcelle": "771530000A1638", "addr_num": "3"}}, {"type": "Feature", "geometry": {"type": "Point", "coordinates": [2.680005, 49.05492]}, "properties": {"year": 2024, "valeur_fonciere": 165700.0, "type_local": "Dépendance", "surface_reelle_bati": null, "nombre_pieces_principales": 0.0, "adresse_nom_voie": "RUE GANNEVAL", "price_per_sqm": null, "date_iso": "2024-09-20", "parcelle": "77153000AC0213", "addr_num": "12"}}, {"type": "Feature", "geometry": {"type": "Point", "coordinates": [2.680005, 49.05492]}, "properties": {"year": 2024, "valeur_fonciere": 165700.0, "type_local": "Appartement", "surface_reelle_bati": 40.0, "nombre_pieces_principales": 2.0, "adresse_nom_voie": "RUE ABEL CHENEVAT", "price_per_sqm": 4142.5, "date_iso": "2024-09-20", "parcelle": "77153000AC0213", "addr_num": "4"}}, {"type": "Feature", "geometry": {"type": "Point", "coordinates": [2.681021, 49.061484]}, "properties": {"year": 2024, "valeur_fonciere": 285000.0, "type_local": "Maison", "surface_reelle_bati": 102.0, "nombre_pieces_principales": 6.0, "adresse_nom_voie": "AV DE MONTMORENCY", "price_per_sqm": 2794.1176470588234, "date_iso": "2024-10-10", "parcelle": "77153000AP0026", "addr_num": "2"}}, {"type": "Feature", "geometry": {"type": "Point", "coordinates": [2.681021, 49.061484]}, "properties": {"year": 2024, "valeur_fonciere": 285000.0, "type_local": "Maison", "surface_reelle_bati": 102.0, "nombre_pieces_principales": 6.0, "adresse_nom_voie": "AV DE MONTMORENCY", "price_per_sqm": 2794.1176470588234, "date_iso": "2024-10-10", "parcelle": "77153000AP0026", "addr_num": "2"}}, {"type": "Feature", "geometry": {"type": "Point", "coordinates": [2.690883, 49.058582]}, "properties": {"year": 2024, "valeur_fonciere": 272000.0, "type_local": "Maison", "surface_reelle_bati": 92.0, "nombre_pieces_principales": 5.0, "adresse_nom_voie": "AV DU DRAP D OR", "price_per_sqm": 2956.521739130435, "date_iso": "2024-10-11", "parcelle": "77153000AL0096", "addr_num": "74"}}, {"type": "Feature", "geometry": {"type": "Point", "coordinates": [2.690883, 49.058582]}, "properties": {"year": 2024, "valeur_fonciere": 272000.0, "type_local": "Dépendance", "surface_reelle_bati": null, "nombre_pieces_principales": 0.0, "adresse_nom_voie": "AV DU DRAP D OR", "price_per_sqm": null, "date_iso": "2024-10-11", "parcelle": "77153000AL0096", "addr_num": "74"}}, {"type": "Feature", "geometry": {"type": "Point", "coordinates": [2.686509, 49.052118]}, "properties": {"year": 2024, "valeur_fonciere": 546950.0, "type_local": "Maison", "surface_reelle_bati": 230.0, "nombre_pieces_principales": 6.0, "adresse_nom_voie": "RUE DU GUE DOUY", "price_per_sqm": 2378.0434782608695, "date_iso": "2024-10-15", "parcelle": "77153000AH0498", "addr_num": "18"}}, {"type": "Feature", "geometry": {"type": "Point", "coordinates": [2.686509, 49.052118]}, "properties": {"year": 2024, "valeur_fonciere": 546950.0, "type_local": "Dépendance", "surface_reelle_bati": null, "nombre_pieces_principales": 0.0, "adresse_nom_voie": "RUE DU GUE DOUY", "price_per_sqm": null, "date_iso": "2024-10-15", "parcelle": "77153000AH0498", "addr_num": "18"}}, {"type": "Feature", "geometry": {"type": "Point", "coordinates": [2.686509, 49.052118]}, "properties": {"year": 2024, "valeur_fonciere": 546950.0, "type_local": "Maison", "surface_reelle_bati": 230.0, "nombre_pieces_principales": 6.0, "adresse_nom_voie": "RUE DU GUE DOUY", "price_per_sqm": 2378.0434782608695, "date_iso": "2024-10-15", "parcelle": "77153000AH0498", "addr_num": "18"}}, {"type": "Feature", "geometry": {"type": "Point", "coordinates": [2.686509, 49.052118]}, "properties": {"year": 2024, "valeur_fonciere": 546950.0, "type_local": "Dépendance", "surface_reelle_bati": null, "nombre_pieces_principales": 0.0, "adresse_nom_voie": "RUE DU GUE DOUY", "price_per_sqm": null, "date_iso": "2024-10-15", "parcelle": "77153000AH0498", "addr_num": "18"}}, {"type": "Feature", "geometry": {"type": "Point", "coordinates": [2.69179, 49.061917]}, "properties": {"year": 2024, "valeur_fonciere": 48750.0, "type_local": "Appartement", "surface_reelle_bati": 40.0, "nombre_pieces_principales": 2.0, "adresse_nom_voie": "ALL DES MERISIERS", "price_per_sqm": 1218.75, "date_iso": "2024-10-14", "parcelle": "77153000AN0164", "addr_num": "6"}}, {"type": "Feature", "geometry": {"type": "Point", "coordinates": [2.69179, 49.061917]}, "properties": {"year": 2024, "valeur_fonciere": 48750.0, "type_local": null, "surface_reelle_bati": null, "nombre_pieces_principales": null, "adresse_nom_voie": "ALL DES MERISIERS", "price_per_sqm": null, "date_iso": "2024-10-14", "parcelle": "77153000AN0164", "addr_num": "6"}}, {"type": "Feature", "geometry": {"type": "Point", "coordinates": [2.69179, 49.061917]}, "properties": {"year": 2024, "valeur_fonciere": 48750.0, "type_local": null, "surface_reelle_bati": null, "nombre_pieces_principales": null, "adresse_nom_voie": "ALL DES MERISIERS", "price_per_sqm": null, "date_iso": "2024-10-14", "parcelle": "77153000AN0164", "addr_num": "6"}}, {"type": "Feature", "geometry": {"type": "Point", "coordinates": [2.69179, 49.061917]}, "properties": {"year": 2024, "valeur_fonciere": 48750.0, "type_local": "Dépendance", "surface_reelle_bati": null, "nombre_pieces_principales": 0.0, "adresse_nom_voie": "ALL DES MERISIERS", "price_per_sqm": null, "date_iso": "2024-10-14", "parcelle": "77153000AN0164", "addr_num": "6"}}, {"type": "Feature", "geometry": {"type": "Point", "coordinates": [2.69179, 49.061917]}, "properties": {"year": 2024, "valeur_fonciere": 48750.0, "type_local": "Dépendance", "surface_reelle_bati": null, "nombre_pieces_principales": 0.0, "adresse_nom_voie": "ALL DES MERISIERS", "price_per_sqm": null, "date_iso": "2024-10-14", "parcelle": "77153000AN0164", "addr_num": "6"}}, {"type": "Feature", "geometry": {"type": "Point", "coordinates": [2.679076, 49.053451]}, "properties": {"year": 2024, "valeur_fonciere": 30000.0, "type_local": null, "surface_reelle_bati": null, "nombre_pieces_principales": null, "adresse_nom_voie": "PARIS", "price_per_sqm": null, "date_iso": "2024-10-17", "parcelle": "77153000AB0105", "addr_num": ""}}, {"type": "Feature", "geometry": {"type": "Point", "coordinates": [2.679157, 49.053403]}, "properties": {"year": 2024, "valeur_fonciere": 30000.0, "type_local": null, "surface_reelle_bati": null, "nombre_pieces_principales": null, "adresse_nom_voie": "PARIS", "price_per_sqm": null, "date_iso": "2024-10-17", "parcelle": "77153000AB0106", "addr_num": ""}}, {"type": "Feature", "geometry": {"type": "Point", "coordinates": [2.679026, 49.053407]}, "properties": {"year": 2024, "valeur_fonciere": 30000.0, "type_local": null, "surface_reelle_bati": null, "nombre_pieces_principales": null, "adresse_nom_voie": "RUE DE LA LIBERATION", "price_per_sqm": null, "date_iso": "2024-10-17", "parcelle": "77153000AB0312", "addr_num": ""}}, {"type": "Feature", "geometry": {"type": "Point", "coordinates": [2.688174, 49.064122]}, "properties": {"year": 2024, "valeur_fonciere": 314000.0, "type_local": "Maison", "surface_reelle_bati": 99.0, "nombre_pieces_principales": 4.0, "adresse_nom_voie": "RTE D EVE", "price_per_sqm": 3171.717171717172, "date_iso": "2024-10-25", "parcelle": "77153000AO0072", "addr_num": "63"}}, {"type": "Feature", "geometry": {"type": "Point", "coordinates": [2.688174, 49.064122]}, "properties": {"year": 2024, "valeur_fonciere": 314000.0, "type_local": "Maison", "surface_reelle_bati": 99.0, "nombre_pieces_principales": 4.0, "adresse_nom_voie": "RTE D EVE", "price_per_sqm": 3171.717171717172, "date_iso": "2024-10-25", "parcelle": "77153000AO0072", "addr_num": "63"}}, {"type": "Feature", "geometry": {"type": "Point", "coordinates": [2.685069, 49.053172]}, "properties": {"year": 2024, "valeur_fonciere": 8350.0, "type_local": "Dépendance", "surface_reelle_bati": null, "nombre_pieces_principales": 0.0, "adresse_nom_voie": "RLE DU BUAT", "price_per_sqm": null, "date_iso": "2024-10-25", "parcelle": "77153000AD0107", "addr_num": "2"}}, {"type": "Feature", "geometry": {"type": "Point", "coordinates": [2.682912, 49.052531]}, "properties": {"year": 2024, "valeur_fonciere": 324400.0, "type_local": null, "surface_reelle_bati": null, "nombre_pieces_principales": null, "adresse_nom_voie": "RUE DU GUE DOUY", "price_per_sqm": null, "date_iso": "2024-10-15", "parcelle": "77153000AD0488", "addr_num": "74"}}, {"type": "Feature", "geometry": {"type": "Point", "coordinates": [2.682832, 49.052596]}, "properties": {"year": 2024, "valeur_fonciere": 324400.0, "type_local": null, "surface_reelle_bati": null, "nombre_pieces_principales": null, "adresse_nom_voie": "RUE DU GUE DOUY", "price_per_sqm": null, "date_iso": "2024-10-15", "parcelle": "77153000AD0494", "addr_num": "74"}}, {"type": "Feature", "geometry": {"type": "Point", "coordinates": [2.682797, 49.052479]}, "properties": {"year": 2024, "valeur_fonciere": 324400.0, "type_local": "Maison", "surface_reelle_bati": 87.0, "nombre_pieces_principales": 4.0, "adresse_nom_voie": "RUE DU GUE DOUY", "price_per_sqm": 3728.735632183908, "date_iso": "2024-10-15", "parcelle": "77153000AD0495", "addr_num": "74"}}, {"type": "Feature", "geometry": {"type": "Point", "coordinates": [2.68289, 49.052415]}, "properties": {"year": 2024, "valeur_fonciere": 324400.0, "type_local": null, "surface_reelle_bati": null, "nombre_pieces_principales": null, "adresse_nom_voie": "RUE DU GUE DOUY", "price_per_sqm": null, "date_iso": "2024-10-15", "parcelle": "77153000AD0502", "addr_num": "74"}}, {"type": "Feature", "geometry": {"type": "Point", "coordinates": [2.697423, 49.057845]}, "properties": {"year": 2024, "valeur_fonciere": 5000.0, "type_local": "Dépendance", "surface_reelle_bati": null, "nombre_pieces_principales": 0.0, "adresse_nom_voie": "AV DU MARECHAL LECLERC", "price_per_sqm": null, "date_iso": "2024-10-18", "parcelle": "77153000AM0113", "addr_num": "73"}}, {"type": "Feature", "geometry": {"type": "Point", "coordinates": [2.673204, 49.054963]}, "properties": {"year": 2024, "valeur_fonciere": 295000.0, "type_local": "Maison", "surface_reelle_bati": 69.0, "nombre_pieces_principales": 4.0, "adresse_nom_voie": "AV DU MOULIN", "price_per_sqm": 4275.36231884058, "date_iso": "2024-10-23", "parcelle": "771530000C0590", "addr_num": "10"}}, {"type": "Feature", "geometry": {"type": "Point", "coordinates": [2.697423, 49.057845]}, "properties": {"year": 2024, "valeur_fonciere": 13000.0, "type_local": "Dépendance", "surface_reelle_bati": null, "nombre_pieces_principales": 0.0, "adresse_nom_voie": "AV DU MARECHAL LECLERC", "price_per_sqm": null, "date_iso": "2024-10-18", "parcelle": "77153000AM0113", "addr_num": "73"}}, {"type": "Feature", "geometry": {"type": "Point", "coordinates": [2.676206, 49.049832]}, "properties": {"year": 2024, "valeur_fonciere": 4000.0, "type_local": null, "surface_reelle_bati": null, "nombre_pieces_principales": null, "adresse_nom_voie": "LES BAS FILOIRS", "price_per_sqm": null, "date_iso": "2024-10-15", "parcelle": "77153000ZN0340", "addr_num": ""}}, {"type": "Feature", "geometry": {"type": "Point", "coordinates": [2.676206, 49.049832]}, "properties": {"year": 2024, "valeur_fonciere": 4000.0, "type_local": null, "surface_reelle_bati": null, "nombre_pieces_principales": null, "adresse_nom_voie": "LES BAS FILOIRS", "price_per_sqm": null, "date_iso": "2024-10-15", "parcelle": "77153000ZN0340", "addr_num": ""}}, {"type": "Feature", "geometry": {"type": "Point", "coordinates": [2.677403, 49.049631]}, "properties": {"year": 2024, "valeur_fonciere": 4000.0, "type_local": null, "surface_reelle_bati": null, "nombre_pieces_principales": null, "adresse_nom_voie": "LES BAS FILOIRS", "price_per_sqm": null, "date_iso": "2024-10-15", "parcelle": "77153000ZN0347", "addr_num": ""}}, {"type": "Feature", "geometry": {"type": "Point", "coordinates": [2.678565, 49.055809]}, "properties": {"year": 2024, "valeur_fonciere": 7000.0, "type_local": "Dépendance", "surface_reelle_bati": null, "nombre_pieces_principales": 0.0, "adresse_nom_voie": "RUE GANNEVAL", "price_per_sqm": null, "date_iso": "2024-10-28", "parcelle": "77153000AC0010", "addr_num": "36"}}, {"type": "Feature", "geometry": {"type": "Point", "coordinates": [2.678565, 49.055809]}, "properties": {"year": 2024, "valeur_fonciere": 7000.0, "type_local": "Dépendance", "surface_reelle_bati": null, "nombre_pieces_principales": 0.0, "adresse_nom_voie": "RUE GANNEVAL", "price_per_sqm": null, "date_iso": "2024-10-28", "parcelle": "77153000AC0010", "addr_num": "36"}}, {"type": "Feature", "geometry": {"type": "Point", "coordinates": [2.677342, 49.054935]}, "properties": {"year": 2024, "valeur_fonciere": 89000.0, "type_local": "Appartement", "surface_reelle_bati": 27.0, "nombre_pieces_principales": 1.0, "adresse_nom_voie": "RUE SAINT JEAN", "price_per_sqm": 3296.296296296296, "date_iso": "2024-10-31", "parcelle": "77153000AB0283", "addr_num": "7"}}, {"type": "Feature", "geometry": {"type": "Point", "coordinates": [2.680971, 49.054104]}, "properties": {"year": 2024, "valeur_fonciere": 90000.0, "type_local": "Appartement", "surface_reelle_bati": 27.0, "nombre_pieces_principales": 1.0, "adresse_nom_voie": "RUE PORTE AU PAIN", "price_per_sqm": 3333.3333333333335, "date_iso": "2024-10-21", "parcelle": "77153000AC0073", "addr_num": "3"}}, {"type": "Feature", "geometry": {"type": "Point", "coordinates": [2.685069, 49.053172]}, "properties": {"year": 2024, "valeur_fonciere": 10000.0, "type_local": "Dépendance", "surface_reelle_bati": null, "nombre_pieces_principales": 0.0, "adresse_nom_voie": "RLE DU BUAT", "price_per_sqm": null, "date_iso": "2024-10-24", "parcelle": "77153000AD0107", "addr_num": "2"}}, {"type": "Feature", "geometry": {"type": "Point", "coordinates": [2.67974, 49.053631]}, "properties": {"year": 2024, "valeur_fonciere": 240000.0, "type_local": "Appartement", "surface_reelle_bati": 62.0, "nombre_pieces_principales": 3.0, "adresse_nom_voie": "RUE DE LA LIBERATION", "price_per_sqm": 3870.967741935484, "date_iso": "2024-11-06", "parcelle": "77153000AD0023", "addr_num": "7"}}, {"type": "Feature", "geometry": {"type": "Point", "coordinates": [2.67974, 49.053631]}, "properties": {"year": 2024, "valeur_fonciere": 240000.0, "type_local": "Dépendance", "surface_reelle_bati": null, "nombre_pieces_principales": 0.0, "adresse_nom_voie": "RUE DE LA LIBERATION", "price_per_sqm": null, "date_iso": "2024-11-06", "parcelle": "77153000AD0023", "addr_num": "7"}}, {"type": "Feature", "geometry": {"type": "Point", "coordinates": [2.683665, 49.066418]}, "properties": {"year": 2024, "valeur_fonciere": 300000.0, "type_local": "Maison", "surface_reelle_bati": 77.0, "nombre_pieces_principales": 4.0, "adresse_nom_voie": "RUE RONSARD", "price_per_sqm": 3896.103896103896, "date_iso": "2024-10-29", "parcelle": "77153000AO0310", "addr_num": "38"}}, {"type": "Feature", "geometry": {"type": "Point", "coordinates": [2.683665, 49.066418]}, "properties": {"year": 2024, "valeur_fonciere": 300000.0, "type_local": "Dépendance", "surface_reelle_bati": null, "nombre_pieces_principales": 0.0, "adresse_nom_voie": "RUE RONSARD", "price_per_sqm": null, "date_iso": "2024-10-29", "parcelle": "77153000AO0310", "addr_num": "38"}}, {"type": "Feature", "geometry": {"type": "Point", "coordinates": [2.688, 49.051403]}, "properties": {"year": 2024, "valeur_fonciere": 354000.0, "type_local": "Maison", "surface_reelle_bati": 99.0, "nombre_pieces_principales": 5.0, "adresse_nom_voie": "RUE DU CLOS RICHARD", "price_per_sqm": 3575.757575757576, "date_iso": "2024-11-05", "parcelle": "77153000ZH0143", "addr_num": "3"}}, {"type": "Feature", "geometry": {"type": "Point", "coordinates": [2.685069, 49.053172]}, "properties": {"year": 2024, "valeur_fonciere": 145000.0, "type_local": "Appartement", "surface_reelle_bati": 42.0, "nombre_pieces_principales": 2.0, "adresse_nom_voie": "RUE DE MEAUX", "price_per_sqm": 3452.3809523809523, "date_iso": "2024-11-05", "parcelle": "77153000AD0107", "addr_num": "25"}}, {"type": "Feature", "geometry": {"type": "Point", "coordinates": [2.685069, 49.053172]}, "properties": {"year": 2024, "valeur_fonciere": 145000.0, "type_local": "Dépendance", "surface_reelle_bati": null, "nombre_pieces_principales": 0.0, "adresse_nom_voie": "RLE DU BUAT", "price_per_sqm": null, "date_iso": "2024-11-05", "parcelle": "77153000AD0107", "addr_num": "2"}}, {"type": "Feature", "geometry": {"type": "Point", "coordinates": [2.68041, 49.05949]}, "properties": {"year": 2024, "valeur_fonciere": 255000.0, "type_local": "Maison", "surface_reelle_bati": 61.0, "nombre_pieces_principales": 3.0, "adresse_nom_voie": "RUE ALBERIC", "price_per_sqm": 4180.327868852459, "date_iso": "2024-10-31", "parcelle": "77153000AP0204", "addr_num": "1"}}, {"type": "Feature", "geometry": {"type": "Point", "coordinates": [2.690262, 49.057058]}, "properties": {"year": 2024, "valeur_fonciere": 266490.0, "type_local": "Maison", "surface_reelle_bati": 90.0, "nombre_pieces_principales": 5.0, "adresse_nom_voie": "ALL DES MIRABELLES", "price_per_sqm": 2961.0, "date_iso": "2024-11-05", "parcelle": "77153000AL0140", "addr_num": "2"}}, {"type": "Feature", "geometry": {"type": "Point", "coordinates": [2.690262, 49.057058]}, "properties": {"year": 2024, "valeur_fonciere": 266490.0, "type_local": "Dépendance", "surface_reelle_bati": null, "nombre_pieces_principales": 0.0, "adresse_nom_voie": "ALL DES MIRABELLES", "price_per_sqm": null, "date_iso": "2024-11-05", "parcelle": "77153000AL0140", "addr_num": "2"}}, {"type": "Feature", "geometry": {"type": "Point", "coordinates": [2.680458, 49.0554]}, "properties": {"year": 2024, "valeur_fonciere": 140000.0, "type_local": "Appartement", "surface_reelle_bati": 48.0, "nombre_pieces_principales": 2.0, "adresse_nom_voie": "RUE ABEL CHENEVAT", "price_per_sqm": 2916.6666666666665, "date_iso": "2024-11-14", "parcelle": "77153000AC0275", "addr_num": "3"}}, {"type": "Feature", "geometry": {"type": "Point", "coordinates": [2.680458, 49.0554]}, "properties": {"year": 2024, "valeur_fonciere": 140000.0, "type_local": "Dépendance", "surface_reelle_bati": null, "nombre_pieces_principales": 0.0, "adresse_nom_voie": "RUE ABEL CHENEVAT", "price_per_sqm": null, "date_iso": "2024-11-14", "parcelle": "77153000AC0275", "addr_num": "3"}}, {"type": "Feature", "geometry": {"type": "Point", "coordinates": [2.676844, 49.053486]}, "properties": {"year": 2024, "valeur_fonciere": 152500.0, "type_local": "Appartement", "surface_reelle_bati": 44.0, "nombre_pieces_principales": 2.0, "adresse_nom_voie": "RUE DU GENERAL DE GAULLE", "price_per_sqm": 3465.909090909091, "date_iso": "2024-11-15", "parcelle": "77153000AB0342", "addr_num": "34"}}, {"type": "Feature", "geometry": {"type": "Point", "coordinates": [2.676844, 49.053486]}, "properties": {"year": 2024, "valeur_fonciere": 152500.0, "type_local": "Dépendance", "surface_reelle_bati": null, "nombre_pieces_principales": 0.0, "adresse_nom_voie": "RUE DU GENERAL DE GAULLE", "price_per_sqm": null, "date_iso": "2024-11-15", "parcelle": "77153000AB0342", "addr_num": "34"}}, {"type": "Feature", "geometry": {"type": "Point", "coordinates": [2.680005, 49.05492]}, "properties": {"year": 2024, "valeur_fonciere": 156000.0, "type_local": "Dépendance", "surface_reelle_bati": null, "nombre_pieces_principales": 0.0, "adresse_nom_voie": "RUE GANNEVAL", "price_per_sqm": null, "date_iso": "2024-11-19", "parcelle": "77153000AC0213", "addr_num": "12"}}, {"type": "Feature", "geometry": {"type": "Point", "coordinates": [2.680005, 49.05492]}, "properties": {"year": 2024, "valeur_fonciere": 156000.0, "type_local": "Appartement", "surface_reelle_bati": 37.0, "nombre_pieces_principales": 2.0, "adresse_nom_voie": "RUE ABEL CHENEVAT", "price_per_sqm": 4216.216216216216, "date_iso": "2024-11-19", "parcelle": "77153000AC0213", "addr_num": "4"}}, {"type": "Feature", "geometry": {"type": "Point", "coordinates": [2.672125, 49.05337]}, "properties": {"year": 2024, "valeur_fonciere": 285000.0, "type_local": "Maison", "surface_reelle_bati": 101.0, "nombre_pieces_principales": 6.0, "adresse_nom_voie": "AV DE SAINT GUINFORT", "price_per_sqm": 2821.7821782178216, "date_iso": "2024-11-15", "parcelle": "771530000C0545", "addr_num": "40"}}, {"type": "Feature", "geometry": {"type": "Point", "coordinates": [2.680418, 49.051617]}, "properties": {"year": 2024, "valeur_fonciere": 285000.0, "type_local": "Maison", "surface_reelle_bati": 100.0, "nombre_pieces_principales": 3.0, "adresse_nom_voie": "RUE DE LA SAINE FONTAINE", "price_per_sqm": 2850.0, "date_iso": "2024-12-09", "parcelle": "771530000D0003", "addr_num": "27"}}, {"type": "Feature", "geometry": {"type": "Point", "coordinates": [2.686941, 49.061417]}, "properties": {"year": 2024, "valeur_fonciere": 180000.0, "type_local": "Dépendance", "surface_reelle_bati": null, "nombre_pieces_principales": 0.0, "adresse_nom_voie": "ALL MESSIRE JEAN", "price_per_sqm": null, "date_iso": "2024-12-05", "parcelle": "77153000AK0031", "addr_num": "9"}}, {"type": "Feature", "geometry": {"type": "Point", "coordinates": [2.687089, 49.061588]}, "properties": {"year": 2024, "valeur_fonciere": 180000.0, "type_local": "Maison", "surface_reelle_bati": 82.0, "nombre_pieces_principales": 5.0, "adresse_nom_voie": "ALL MESSIRE JEAN", "price_per_sqm": 2195.121951219512, "date_iso": "2024-12-05", "parcelle": "77153000AK0035", "addr_num": "13"}}, {"type": "Feature", "geometry": {"type": "Point", "coordinates": [2.683576, 49.058311]}, "properties": {"year": 2024, "valeur_fonciere": 373000.0, "type_local": null, "surface_reelle_bati": null, "nombre_pieces_principales": null, "adresse_nom_voie": "RTE D EVE", "price_per_sqm": null, "date_iso": "2024-12-04", "parcelle": "771530000B1196", "addr_num": ""}}, {"type": "Feature", "geometry": {"type": "Point", "coordinates": [2.683088, 49.05837]}, "properties": {"year": 2024, "valeur_fonciere": 373000.0, "type_local": "Maison", "surface_reelle_bati": 114.0, "nombre_pieces_principales": 5.0, "adresse_nom_voie": "RTE D EVE", "price_per_sqm": 3271.9298245614036, "date_iso": "2024-12-04", "parcelle": "771530000B1199", "addr_num": "3"}}, {"type": "Feature", "geometry": {"type": "Point", "coordinates": [2.683088, 49.05837]}, "properties": {"year": 2024, "valeur_fonciere": 373000.0, "type_local": "Dépendance", "surface_reelle_bati": null, "nombre_pieces_principales": 0.0, "adresse_nom_voie": "RTE D EVE", "price_per_sqm": null, "date_iso": "2024-12-04", "parcelle": "771530000B1199", "addr_num": "3"}}, {"type": "Feature", "geometry": {"type": "Point", "coordinates": [2.683088, 49.05837]}, "properties": {"year": 2024, "valeur_fonciere": 373000.0, "type_local": "Maison", "surface_reelle_bati": 114.0, "nombre_pieces_principales": 5.0, "adresse_nom_voie": "RTE D EVE", "price_per_sqm": 3271.9298245614036, "date_iso": "2024-12-04", "parcelle": "771530000B1199", "addr_num": "3"}}, {"type": "Feature", "geometry": {"type": "Point", "coordinates": [2.683088, 49.05837]}, "properties": {"year": 2024, "valeur_fonciere": 373000.0, "type_local": "Dépendance", "surface_reelle_bati": null, "nombre_pieces_principales": 0.0, "adresse_nom_voie": "RTE D EVE", "price_per_sqm": null, "date_iso": "2024-12-04", "parcelle": "771530000B1199", "addr_num": "3"}}, {"type": "Feature", "geometry": {"type": "Point", "coordinates": [2.686911, 49.057127]}, "properties": {"year": 2024, "valeur_fonciere": 140000.0, "type_local": null, "surface_reelle_bati": null, "nombre_pieces_principales": null, "adresse_nom_voie": "CHE DE LA GARENNE", "price_per_sqm": null, "date_iso": "2024-12-11", "parcelle": "77153000AK0509", "addr_num": "15"}}, {"type": "Feature", "geometry": {"type": "Point", "coordinates": [2.690706, 49.056849]}, "properties": {"year": 2024, "valeur_fonciere": 313500.0, "type_local": "Maison", "surface_reelle_bati": 140.0, "nombre_pieces_principales": 7.0, "adresse_nom_voie": "ALL DES DOYENNES", "price_per_sqm": 2239.285714285714, "date_iso": "2024-12-16", "parcelle": "77153000AL0138", "addr_num": "1"}}, {"type": "Feature", "geometry": {"type": "Point", "coordinates": [2.696908, 49.057179]}, "properties": {"year": 2024, "valeur_fonciere": 155000.0, "type_local": "Dépendance", "surface_reelle_bati": null, "nombre_pieces_principales": 0.0, "adresse_nom_voie": "AV DU MARECHAL LECLERC", "price_per_sqm": null, "date_iso": "2024-12-18", "parcelle": "77153000AM0114", "addr_num": "71"}}, {"type": "Feature", "geometry": {"type": "Point", "coordinates": [2.696908, 49.057179]}, "properties": {"year": 2024, "valeur_fonciere": 155000.0, "type_local": "Dépendance", "surface_reelle_bati": null, "nombre_pieces_principales": 0.0, "adresse_nom_voie": "AV DU MARECHAL LECLERC", "price_per_sqm": null, "date_iso": "2024-12-18", "parcelle": "77153000AM0114", "addr_num": "71"}}, {"type": "Feature", "geometry": {"type": "Point", "coordinates": [2.696908, 49.057179]}, "properties": {"year": 2024, "valeur_fonciere": 155000.0, "type_local": "Appartement", "surface_reelle_bati": 53.0, "nombre_pieces_principales": 2.0, "adresse_nom_voie": "AV DU MARECHAL LECLERC", "price_per_sqm": 2924.5283018867926, "date_iso": "2024-12-18", "parcelle": "77153000AM0114", "addr_num": "71"}}, {"type": "Feature", "geometry": {"type": "Point", "coordinates": [2.691556, 49.055649]}, "properties": {"year": 2024, "valeur_fonciere": 225000.0, "type_local": "Maison", "surface_reelle_bati": 97.0, "nombre_pieces_principales": 4.0, "adresse_nom_voie": "ALL DES CHATAIGNIERS", "price_per_sqm": 2319.5876288659792, "date_iso": "2024-12-16", "parcelle": "77153000AL0368", "addr_num": "11"}}, {"type": "Feature", "geometry": {"type": "Point", "coordinates": [2.691556, 49.055649]}, "properties": {"year": 2024, "valeur_fonciere": 225000.0, "type_local": "Maison", "surface_reelle_bati": 97.0, "nombre_pieces_principales": 4.0, "adresse_nom_voie": "ALL DES CHATAIGNIERS", "price_per_sqm": 2319.5876288659792, "date_iso": "2024-12-16", "parcelle": "77153000AL0368", "addr_num": "11"}}, {"type": "Feature", "geometry": {"type": "Point", "coordinates": [2.679985, 49.063786]}, "properties": {"year": 2024, "valeur_fonciere": 279000.0, "type_local": "Maison", "surface_reelle_bati": 79.0, "nombre_pieces_principales": 4.0, "adresse_nom_voie": "AV ROBERT BADINTER", "price_per_sqm": 3531.6455696202534, "date_iso": "2024-12-16", "parcelle": "771530000A0932", "addr_num": "11"}}, {"type": "Feature", "geometry": {"type": "Point", "coordinates": [2.679774, 49.063534]}, "properties": {"year": 2024, "valeur_fonciere": 279000.0, "type_local": "Dépendance", "surface_reelle_bati": null, "nombre_pieces_principales": 0.0, "adresse_nom_voie": "AV ROBERT BADINTER", "price_per_sqm": null, "date_iso": "2024-12-16", "parcelle": "771530000A0949", "addr_num": "11"}}, {"type": "Feature", "geometry": {"type": "Point", "coordinates": [2.679774, 49.063534]}, "properties": {"year": 2024, "valeur_fonciere": 279000.0, "type_local": "Dépendance", "surface_reelle_bati": null, "nombre_pieces_principales": 0.0, "adresse_nom_voie": "AV ROBERT BADINTER", "price_per_sqm": null, "date_iso": "2024-12-16", "parcelle": "771530000A0949", "addr_num": "11"}}, {"type": "Feature", "geometry": {"type": "Point", "coordinates": [2.684126, 49.053904]}, "properties": {"year": 2024, "valeur_fonciere": 18000.0, "type_local": "Dépendance", "surface_reelle_bati": null, "nombre_pieces_principales": 0.0, "adresse_nom_voie": "RUE DU GENERAL DE GAULLE", "price_per_sqm": null, "date_iso": "2024-12-19", "parcelle": "77153000AC0215", "addr_num": "169"}}, {"type": "Feature", "geometry": {"type": "Point", "coordinates": [2.696447, 49.057939]}, "properties": {"year": 2024, "valeur_fonciere": 213000.0, "type_local": "Dépendance", "surface_reelle_bati": null, "nombre_pieces_principales": 0.0, "adresse_nom_voie": "AV DU MARECHAL LECLERC", "price_per_sqm": null, "date_iso": "2024-12-19", "parcelle": "77153000AM0105", "addr_num": "67"}}, {"type": "Feature", "geometry": {"type": "Point", "coordinates": [2.696447, 49.057939]}, "properties": {"year": 2024, "valeur_fonciere": 213000.0, "type_local": "Appartement", "surface_reelle_bati": 63.0, "nombre_pieces_principales": 3.0, "adresse_nom_voie": "AV DU MARECHAL LECLERC", "price_per_sqm": 3380.9523809523807, "date_iso": "2024-12-19", "parcelle": "77153000AM0105", "addr_num": "67"}}, {"type": "Feature", "geometry": {"type": "Point", "coordinates": [2.693507, 49.059596]}, "properties": {"year": 2024, "valeur_fonciere": 350000.0, "type_local": "Maison", "surface_reelle_bati": 129.0, "nombre_pieces_principales": 5.0, "adresse_nom_voie": "ALL POMMERAIE", "price_per_sqm": 2713.1782945736436, "date_iso": "2024-12-13", "parcelle": "77153000AM0029", "addr_num": "3"}}, {"type": "Feature", "geometry": {"type": "Point", "coordinates": [2.68665, 49.06147]}, "properties": {"year": 2024, "valeur_fonciere": 300000.0, "type_local": "Dépendance", "surface_reelle_bati": null, "nombre_pieces_principales": 0.0, "adresse_nom_voie": "RTE D EVE", "price_per_sqm": null, "date_iso": "2024-12-27", "parcelle": "77153000AK0009", "addr_num": "48"}}, {"type": "Feature", "geometry": {"type": "Point", "coordinates": [2.68665, 49.06147]}, "properties": {"year": 2024, "valeur_fonciere": 300000.0, "type_local": "Maison", "surface_reelle_bati": 139.0, "nombre_pieces_principales": 7.0, "adresse_nom_voie": "RTE D EVE", "price_per_sqm": 2158.273381294964, "date_iso": "2024-12-27", "parcelle": "77153000AK0009", "addr_num": "48"}}, {"type": "Feature", "geometry": {"type": "Point", "coordinates": [2.685069, 49.053172]}, "properties": {"year": 2024, "valeur_fonciere": 105000.0, "type_local": "Dépendance", "surface_reelle_bati": null, "nombre_pieces_principales": 0.0, "adresse_nom_voie": "RLE DU BUAT", "price_per_sqm": null, "date_iso": "2024-12-30", "parcelle": "77153000AD0107", "addr_num": "2"}}, {"type": "Feature", "geometry": {"type": "Point", "coordinates": [2.685069, 49.053172]}, "properties": {"year": 2024, "valeur_fonciere": 105000.0, "type_local": "Appartement", "surface_reelle_bati": 35.0, "nombre_pieces_principales": 1.0, "adresse_nom_voie": "RUE DE MEAUX", "price_per_sqm": 3000.0, "date_iso": "2024-12-30", "parcelle": "77153000AD0107", "addr_num": "25"}}, {"type": "Feature", "geometry": {"type": "Point", "coordinates": [2.685069, 49.053172]}, "properties": {"year": 2024, "valeur_fonciere": 132000.0, "type_local": "Dépendance", "surface_reelle_bati": null, "nombre_pieces_principales": 0.0, "adresse_nom_voie": "RLE DU BUAT", "price_per_sqm": null, "date_iso": "2024-12-30", "parcelle": "77153000AD0107", "addr_num": "2"}}, {"type": "Feature", "geometry": {"type": "Point", "coordinates": [2.685069, 49.053172]}, "properties": {"year": 2024, "valeur_fonciere": 132000.0, "type_local": "Appartement", "surface_reelle_bati": 49.0, "nombre_pieces_principales": 2.0, "adresse_nom_voie": "RUE DE MEAUX", "price_per_sqm": 2693.877551020408, "date_iso": "2024-12-30", "parcelle": "77153000AD0107", "addr_num": "25"}}, {"type": "Feature", "geometry": {"type": "Point", "coordinates": [2.678869, 49.053896]}, "properties": {"year": 2024, "valeur_fonciere": 69000.0, "type_local": "Dépendance", "surface_reelle_bati": null, "nombre_pieces_principales": 0.0, "adresse_nom_voie": "RUE DU GENERAL DE GAULLE", "price_per_sqm": null, "date_iso": "2024-12-27", "parcelle": "77153000AB0115", "addr_num": "90"}}, {"type": "Feature", "geometry": {"type": "Point", "coordinates": [2.678869, 49.053896]}, "properties": {"year": 2024, "valeur_fonciere": 69000.0, "type_local": "Dépendance", "surface_reelle_bati": null, "nombre_pieces_principales": 0.0, "adresse_nom_voie": "RUE DU GENERAL DE GAULLE", "price_per_sqm": null, "date_iso": "2024-12-27", "parcelle": "77153000AB0115", "addr_num": "90"}}, {"type": "Feature", "geometry": {"type": "Point", "coordinates": [2.678869, 49.053896]}, "properties": {"year": 2024, "valeur_fonciere": 69000.0, "type_local": "Local industriel. commercial ou assimilé", "surface_reelle_bati": 27.0, "nombre_pieces_principales": 0.0, "adresse_nom_voie": "RUE DU GENERAL DE GAULLE", "price_per_sqm": 2555.5555555555557, "date_iso": "2024-12-27", "parcelle": "77153000AB0115", "addr_num": "90"}}, {"type": "Feature", "geometry": {"type": "Point", "coordinates": [2.682533, 49.053974]}, "properties": {"year": 2024, "valeur_fonciere": 173000.0, "type_local": "Maison", "surface_reelle_bati": 80.0, "nombre_pieces_principales": 3.0, "adresse_nom_voie": "RUE DU GENERAL DE GAULLE", "price_per_sqm": 2162.5, "date_iso": "2024-12-20", "parcelle": "77153000AC0111", "addr_num": "155"}}, {"type": "Feature", "geometry": {"type": "Point", "coordinates": [2.677587, 49.054089]}, "properties": {"year": 2024, "valeur_fonciere": 2522000.0, "type_local": "Appartement", "surface_reelle_bati": 40.0, "nombre_pieces_principales": 3.0, "adresse_nom_voie": "RUE DU GENERAL DE GAULLE", "price_per_sqm": 63050.0, "date_iso": "2024-12-27", "parcelle": "77153000AB0015", "addr_num": "55"}}, {"type": "Feature", "geometry": {"type": "Point", "coordinates": [2.677587, 49.054089]}, "properties": {"year": 2024, "valeur_fonciere": 2522000.0, "type_local": "Appartement", "surface_reelle_bati": 40.0, "nombre_pieces_principales": 3.0, "adresse_nom_voie": "RUE DU GENERAL DE GAULLE", "price_per_sqm": 63050.0, "date_iso": "2024-12-27", "parcelle": "77153000AB0015", "addr_num": "55"}}, {"type": "Feature", "geometry": {"type": "Point", "coordinates": [2.677587, 49.054089]}, "properties": {"year": 2024, "valeur_fonciere": 2522000.0, "type_local": "Appartement", "surface_reelle_bati": 40.0, "nombre_pieces_principales": 3.0, "adresse_nom_voie": "RUE DU GENERAL DE GAULLE", "price_per_sqm": 63050.0, "date_iso": "2024-12-27", "parcelle": "77153000AB0015", "addr_num": "55"}}, {"type": "Feature", "geometry": {"type": "Point", "coordinates": [2.677587, 49.054089]}, "properties": {"year": 2024, "valeur_fonciere": 2522000.0, "type_local": "Local industriel. commercial ou assimilé", "surface_reelle_bati": 56.0, "nombre_pieces_principales": 0.0, "adresse_nom_voie": "RUE DU GENERAL DE GAULLE", "price_per_sqm": 45035.71428571428, "date_iso": "2024-12-27", "parcelle": "77153000AB0015", "addr_num": "55"}}, {"type": "Feature", "geometry": {"type": "Point", "coordinates": [2.67602, 49.053698]}, "properties": {"year": 2024, "valeur_fonciere": 2522000.0, "type_local": "Appartement", "surface_reelle_bati": 30.0, "nombre_pieces_principales": 1.0, "adresse_nom_voie": "RUE DU GENERAL DE GAULLE", "price_per_sqm": 84066.66666666667, "date_iso": "2024-12-27", "parcelle": "77153000AB0337", "addr_num": "31"}}, {"type": "Feature", "geometry": {"type": "Point", "coordinates": [2.67602, 49.053698]}, "properties": {"year": 2024, "valeur_fonciere": 2522000.0, "type_local": "Appartement", "surface_reelle_bati": 30.0, "nombre_pieces_principales": 1.0, "adresse_nom_voie": "RUE DU GENERAL DE GAULLE", "price_per_sqm": 84066.66666666667, "date_iso": "2024-12-27", "parcelle": "77153000AB0337", "addr_num": "31"}}, {"type": "Feature", "geometry": {"type": "Point", "coordinates": [2.67602, 49.053698]}, "properties": {"year": 2024, "valeur_fonciere": 2522000.0, "type_local": "Appartement", "surface_reelle_bati": 30.0, "nombre_pieces_principales": 1.0, "adresse_nom_voie": "RUE DU GENERAL DE GAULLE", "price_per_sqm": 84066.66666666667, "date_iso": "2024-12-27", "parcelle": "77153000AB0337", "addr_num": "31"}}, {"type": "Feature", "geometry": {"type": "Point", "coordinates": [2.67602, 49.053698]}, "properties": {"year": 2024, "valeur_fonciere": 2522000.0, "type_local": "Appartement", "surface_reelle_bati": 30.0, "nombre_pieces_principales": 1.0, "adresse_nom_voie": "RUE DU GENERAL DE GAULLE", "price_per_sqm": 84066.66666666667, "date_iso": "2024-12-27", "parcelle": "77153000AB0337", "addr_num": "31"}}, {"type": "Feature", "geometry": {"type": "Point", "coordinates": [2.67602, 49.053698]}, "properties": {"year": 2024, "valeur_fonciere": 2522000.0, "type_local": "Appartement", "surface_reelle_bati": 30.0, "nombre_pieces_principales": 1.0, "adresse_nom_voie": "RUE DU GENERAL DE GAULLE", "price_per_sqm": 84066.66666666667, "date_iso": "2024-12-27", "parcelle": "77153000AB0337", "addr_num": "31"}}, {"type": "Feature", "geometry": {"type": "Point", "coordinates": [2.67602, 49.053698]}, "properties": {"year": 2024, "valeur_fonciere": 2522000.0, "type_local": "Maison", "surface_reelle_bati": 107.0, "nombre_pieces_principales": 4.0, "adresse_nom_voie": "RUE DU GENERAL DE GAULLE", "price_per_sqm": 23570.093457943924, "date_iso": "2024-12-27", "parcelle": "77153000AB0337", "addr_num": "31"}}, {"type": "Feature", "geometry": {"type": "Point", "coordinates": [2.680739, 49.054177]}, "properties": {"year": 2024, "valeur_fonciere": 2522000.0, "type_local": "Local industriel. commercial ou assimilé", "surface_reelle_bati": 100.0, "nombre_pieces_principales": 0.0, "adresse_nom_voie": "RUE DU GENERAL DE GAULLE", "price_per_sqm": 25220.0, "date_iso": "2024-12-27", "parcelle": "77153000AC0069", "addr_num": "123"}}, {"type": "Feature", "geometry": {"type": "Point", "coordinates": [2.684728, 49.053366]}, "properties": {"year": 2024, "valeur_fonciere": 2522000.0, "type_local": "Appartement", "surface_reelle_bati": 60.0, "nombre_pieces_principales": 4.0, "adresse_nom_voie": "RUE DE MEAUX", "price_per_sqm": 42033.333333333336, "date_iso": "2024-12-27", "parcelle": "77153000AD0282", "addr_num": "24"}}, {"type": "Feature", "geometry": {"type": "Point", "coordinates": [2.684728, 49.053366]}, "properties": {"year": 2024, "valeur_fonciere": 2522000.0, "type_local": "Local industriel. commercial ou assimilé", "surface_reelle_bati": 50.0, "nombre_pieces_principales": 0.0, "adresse_nom_voie": "RUE DE MEAUX", "price_per_sqm": 50440.0, "date_iso": "2024-12-27", "parcelle": "77153000AD0282", "addr_num": "24"}}, {"type": "Feature", "geometry": {"type": "Point", "coordinates": [2.684551, 49.053003]}, "properties": {"year": 2024, "valeur_fonciere": 2522000.0, "type_local": "Dépendance", "surface_reelle_bati": null, "nombre_pieces_principales": 0.0, "adresse_nom_voie": "RUE DE MEAUX", "price_per_sqm": null, "date_iso": "2024-12-27", "parcelle": "77153000AD0363", "addr_num": "19"}}, {"type": "Feature", "geometry": {"type": "Point", "coordinates": [2.670331, 49.049733]}, "properties": {"year": 2024, "valeur_fonciere": 2522000.0, "type_local": "Dépendance", "surface_reelle_bati": null, "nombre_pieces_principales": 0.0, "adresse_nom_voie": "RUE MARYSE BASTIE", "price_per_sqm": null, "date_iso": "2024-12-27", "parcelle": "77153000ZN0019", "addr_num": "4"}}, {"type": "Feature", "geometry": {"type": "Point", "coordinates": [2.670331, 49.049733]}, "properties": {"year": 2024, "valeur_fonciere": 2522000.0, "type_local": "Appartement", "surface_reelle_bati": 62.0, "nombre_pieces_principales": 3.0, "adresse_nom_voie": "RUE MARYSE BASTIE", "price_per_sqm": 40677.41935483871, "date_iso": "2024-12-27", "parcelle": "77153000ZN0019", "addr_num": "4"}}, {"type": "Feature", "geometry": {"type": "Point", "coordinates": [2.670331, 49.049733]}, "properties": {"year": 2024, "valeur_fonciere": 2522000.0, "type_local": "Appartement", "surface_reelle_bati": 40.0, "nombre_pieces_principales": 2.0, "adresse_nom_voie": "RUE MARYSE BASTIE", "price_per_sqm": 63050.0, "date_iso": "2024-12-27", "parcelle": "77153000ZN0019", "addr_num": "4"}}, {"type": "Feature", "geometry": {"type": "Point", "coordinates": [2.670331, 49.049733]}, "properties": {"year": 2024, "valeur_fonciere": 2522000.0, "type_local": "Appartement", "surface_reelle_bati": 40.0, "nombre_pieces_principales": 2.0, "adresse_nom_voie": "RUE MARYSE BASTIE", "price_per_sqm": 63050.0, "date_iso": "2024-12-27", "parcelle": "77153000ZN0019", "addr_num": "4"}}, {"type": "Feature", "geometry": {"type": "Point", "coordinates": [2.670331, 49.049733]}, "properties": {"year": 2024, "valeur_fonciere": 2522000.0, "type_local": "Appartement", "surface_reelle_bati": 77.0, "nombre_pieces_principales": 4.0, "adresse_nom_voie": "RUE MARYSE BASTIE", "price_per_sqm": 32753.246753246753, "date_iso": "2024-12-27", "parcelle": "77153000ZN0019", "addr_num": "4"}}, {"type": "Feature", "geometry": {"type": "Point", "coordinates": [2.670331, 49.049733]}, "properties": {"year": 2024, "valeur_fonciere": 2522000.0, "type_local": "Appartement", "surface_reelle_bati": 40.0, "nombre_pieces_principales": 2.0, "adresse_nom_voie": "RUE MARYSE BASTIE", "price_per_sqm": 63050.0, "date_iso": "2024-12-27", "parcelle": "77153000ZN0019", "addr_num": "4"}}, {"type": "Feature", "geometry": {"type": "Point", "coordinates": [2.670331, 49.049733]}, "properties": {"year": 2024, "valeur_fonciere": 2522000.0, "type_local": "Dépendance", "surface_reelle_bati": null, "nombre_pieces_principales": 0.0, "adresse_nom_voie": "RUE MARYSE BASTIE", "price_per_sqm": null, "date_iso": "2024-12-27", "parcelle": "77153000ZN0019", "addr_num": "4"}}, {"type": "Feature", "geometry": {"type": "Point", "coordinates": [2.670331, 49.049733]}, "properties": {"year": 2024, "valeur_fonciere": 2522000.0, "type_local": "Dépendance", "surface_reelle_bati": null, "nombre_pieces_principales": 0.0, "adresse_nom_voie": "RUE MARYSE BASTIE", "price_per_sqm": null, "date_iso": "2024-12-27", "parcelle": "77153000ZN0019", "addr_num": "4"}}, {"type": "Feature", "geometry": {"type": "Point", "coordinates": [2.670331, 49.049733]}, "properties": {"year": 2024, "valeur_fonciere": 2522000.0, "type_local": "Dépendance", "surface_reelle_bati": null, "nombre_pieces_principales": 0.0, "adresse_nom_voie": "RUE MARYSE BASTIE", "price_per_sqm": null, "date_iso": "2024-12-27", "parcelle": "77153000ZN0019", "addr_num": "4"}}, {"type": "Feature", "geometry": {"type": "Point", "coordinates": [2.670331, 49.049733]}, "properties": {"year": 2024, "valeur_fonciere": 2522000.0, "type_local": "Local industriel. commercial ou assimilé", "surface_reelle_bati": 76.0, "nombre_pieces_principales": 0.0, "adresse_nom_voie": "RUE MARYSE BASTIE", "price_per_sqm": 33184.21052631579, "date_iso": "2024-12-27", "parcelle": "77153000ZN0019", "addr_num": "4"}}, {"type": "Feature", "geometry": {"type": "Point", "coordinates": [2.670331, 49.049733]}, "properties": {"year": 2024, "valeur_fonciere": 2522000.0, "type_local": "Local industriel. commercial ou assimilé", "surface_reelle_bati": 58.0, "nombre_pieces_principales": 0.0, "adresse_nom_voie": "RUE MARYSE BASTIE", "price_per_sqm": 43482.75862068965, "date_iso": "2024-12-27", "parcelle": "77153000ZN0019", "addr_num": "4"}}, {"type": "Feature", "geometry": {"type": "Point", "coordinates": [2.670331, 49.049733]}, "properties": {"year": 2024, "valeur_fonciere": 2522000.0, "type_local": "Dépendance", "surface_reelle_bati": null, "nombre_pieces_principales": 0.0, "adresse_nom_voie": "RUE MARYSE BASTIE", "price_per_sqm": null, "date_iso": "2024-12-27", "parcelle": "77153000ZN0019", "addr_num": "4"}}, {"type": "Feature", "geometry": {"type": "Point", "coordinates": [2.670331, 49.049733]}, "properties": {"year": 2024, "valeur_fonciere": 2522000.0, "type_local": "Dépendance", "surface_reelle_bati": null, "nombre_pieces_principales": 0.0, "adresse_nom_voie": "RUE MARYSE BASTIE", "price_per_sqm": null, "date_iso": "2024-12-27", "parcelle": "77153000ZN0019", "addr_num": "4"}}, {"type": "Feature", "geometry": {"type": "Point", "coordinates": [2.670331, 49.049733]}, "properties": {"year": 2024, "valeur_fonciere": 2522000.0, "type_local": "Dépendance", "surface_reelle_bati": null, "nombre_pieces_principales": 0.0, "adresse_nom_voie": "RUE MARYSE BASTIE", "price_per_sqm": null, "date_iso": "2024-12-27", "parcelle": "77153000ZN0019", "addr_num": "4"}}, {"type": "Feature", "geometry": {"type": "Point", "coordinates": [2.670331, 49.049733]}, "properties": {"year": 2024, "valeur_fonciere": 2522000.0, "type_local": "Appartement", "surface_reelle_bati": 57.0, "nombre_pieces_principales": 3.0, "adresse_nom_voie": "RUE MARYSE BASTIE", "price_per_sqm": 44245.61403508772, "date_iso": "2024-12-27", "parcelle": "77153000ZN0019", "addr_num": "4"}}, {"type": "Feature", "geometry": {"type": "Point", "coordinates": [2.670116, 49.049748]}, "properties": {"year": 2024, "valeur_fonciere": 2522000.0, "type_local": null, "surface_reelle_bati": null, "nombre_pieces_principales": null, "adresse_nom_voie": "RUE MARYSE BASTIE", "price_per_sqm": null, "date_iso": "2024-12-27", "parcelle": "77153000ZN0020", "addr_num": "4"}}, {"type": "Feature", "geometry": {"type": "Point", "coordinates": [2.66989, 49.049785]}, "properties": {"year": 2024, "valeur_fonciere": 2522000.0, "type_local": null, "surface_reelle_bati": null, "nombre_pieces_principales": null, "adresse_nom_voie": "RUE MARYSE BASTIE", "price_per_sqm": null, "date_iso": "2024-12-27", "parcelle": "77153000ZN0021", "addr_num": "4"}}, {"type": "Feature", "geometry": {"type": "Point", "coordinates": [2.678548, 49.064793]}, "properties": {"year": 2025, "valeur_fonciere": 255000.0, "type_local": "Maison", "surface_reelle_bati": 87.0, "nombre_pieces_principales": 5.0, "adresse_nom_voie": "RUE FRANCOISE SAGAN", "price_per_sqm": 2931.0344827586205, "date_iso": "2025-01-02", "parcelle": "771530000A1182", "addr_num": "12"}}, {"type": "Feature", "geometry": {"type": "Point", "coordinates": [2.692658, 49.058574]}, "properties": {"year": 2025, "valeur_fonciere": 310000.0, "type_local": "Maison", "surface_reelle_bati": 108.0, "nombre_pieces_principales": 6.0, "adresse_nom_voie": "AV DU DRAP D OR", "price_per_sqm": 2870.3703703703704, "date_iso": "2025-01-02", "parcelle": "77153000AL0009", "addr_num": "55"}}, {"type": "Feature", "geometry": {"type": "Point", "coordinates": [2.669294, 49.054573]}, "properties": {"year": 2025, "valeur_fonciere": 331513.44, "type_local": "Maison", "surface_reelle_bati": 84.0, "nombre_pieces_principales": 4.0, "adresse_nom_voie": "AV DE L'EAU BONNE PROLONGEE", "price_per_sqm": 3946.5885714285714, "date_iso": "2025-01-07", "parcelle": "771530000C0648", "addr_num": "10"}}, {"type": "Feature", "geometry": {"type": "Point", "coordinates": [2.678565, 49.055809]}, "properties": {"year": 2025, "valeur_fonciere": 195000.0, "type_local": "Dépendance", "surface_reelle_bati": null, "nombre_pieces_principales": 0.0, "adresse_nom_voie": "RUE GANNEVAL", "price_per_sqm": null, "date_iso": "2025-01-22", "parcelle": "77153000AC0010", "addr_num": "36"}}, {"type": "Feature", "geometry": {"type": "Point", "coordinates": [2.678621, 49.055526]}, "properties": {"year": 2025, "valeur_fonciere": 195000.0, "type_local": "Appartement", "surface_reelle_bati": 53.0, "nombre_pieces_principales": 2.0, "adresse_nom_voie": "RUE GANNEVAL", "price_per_sqm": 3679.245283018868, "date_iso": "2025-01-22", "parcelle": "77153000AC0208", "addr_num": "32"}}, {"type": "Feature", "geometry": {"type": "Point", "coordinates": [2.678621, 49.055526]}, "properties": {"year": 2025, "valeur_fonciere": 195000.0, "type_local": "Dépendance", "surface_reelle_bati": null, "nombre_pieces_principales": 0.0, "adresse_nom_voie": "RUE GANNEVAL", "price_per_sqm": null, "date_iso": "2025-01-22", "parcelle": "77153000AC0208", "addr_num": "30"}}, {"type": "Feature", "geometry": {"type": "Point", "coordinates": [2.674674, 49.061177]}, "properties": {"year": 2025, "valeur_fonciere": 280000.0, "type_local": "Maison", "surface_reelle_bati": 93.0, "nombre_pieces_principales": 5.0, "adresse_nom_voie": "RUE NELSON MANDELA", "price_per_sqm": 3010.7526881720432, "date_iso": "2025-01-17", "parcelle": "771530000A1575", "addr_num": "10"}}, {"type": "Feature", "geometry": {"type": "Point", "coordinates": [2.67479, 49.061167]}, "properties": {"year": 2025, "valeur_fonciere": 280000.0, "type_local": "Dépendance", "surface_reelle_bati": null, "nombre_pieces_principales": 0.0, "adresse_nom_voie": "RUE NELSON MANDELA", "price_per_sqm": null, "date_iso": "2025-01-17", "parcelle": "771530000A1599", "addr_num": "10"}}, {"type": "Feature", "geometry": {"type": "Point", "coordinates": [2.674804, 49.061189]}, "properties": {"year": 2025, "valeur_fonciere": 280000.0, "type_local": "Dépendance", "surface_reelle_bati": null, "nombre_pieces_principales": 0.0, "adresse_nom_voie": "RUE NELSON MANDELA", "price_per_sqm": null, "date_iso": "2025-01-17", "parcelle": "771530000A1616", "addr_num": "10"}}, {"type": "Feature", "geometry": {"type": "Point", "coordinates": [2.684303, 49.056104]}, "properties": {"year": 2025, "valeur_fonciere": 274000.0, "type_local": "Maison", "surface_reelle_bati": 85.0, "nombre_pieces_principales": 4.0, "adresse_nom_voie": "RUE LE PATIS", "price_per_sqm": 3223.529411764706, "date_iso": "2025-01-28", "parcelle": "77153000AE0117", "addr_num": "13"}}, {"type": "Feature", "geometry": {"type": "Point", "coordinates": [2.67974, 49.053631]}, "properties": {"year": 2025, "valeur_fonciere": 210000.0, "type_local": "Appartement", "surface_reelle_bati": 58.0, "nombre_pieces_principales": 3.0, "adresse_nom_voie": "RUE DE LA LIBERATION", "price_per_sqm": 3620.689655172414, "date_iso": "2025-01-24", "parcelle": "77153000AD0023", "addr_num": "7"}}, {"type": "Feature", "geometry": {"type": "Point", "coordinates": [2.67974, 49.053631]}, "properties": {"year": 2025, "valeur_fonciere": 210000.0, "type_local": "Dépendance", "surface_reelle_bati": null, "nombre_pieces_principales": 0.0, "adresse_nom_voie": "RUE DE LA LIBERATION", "price_per_sqm": null, "date_iso": "2025-01-24", "parcelle": "77153000AD0023", "addr_num": "7"}}, {"type": "Feature", "geometry": {"type": "Point", "coordinates": [2.689397, 49.064664]}, "properties": {"year": 2025, "valeur_fonciere": 2680.0, "type_local": null, "surface_reelle_bati": null, "nombre_pieces_principales": null, "adresse_nom_voie": "LA MARE A DUMEZ", "price_per_sqm": null, "date_iso": "2025-01-30", "parcelle": "77153000ZD0138", "addr_num": ""}}, {"type": "Feature", "geometry": {"type": "Point", "coordinates": [2.669832, 49.057666]}, "properties": {"year": 2025, "valeur_fonciere": 250000.0, "type_local": "Maison", "surface_reelle_bati": 87.0, "nombre_pieces_principales": 4.0, "adresse_nom_voie": "CHE DES JONCS", "price_per_sqm": 2873.5632183908046, "date_iso": "2025-01-22", "parcelle": "771530000A0929", "addr_num": "2"}}, {"type": "Feature", "geometry": {"type": "Point", "coordinates": [2.68915, 49.05856]}, "properties": {"year": 2025, "valeur_fonciere": 108331.0, "type_local": "Maison", "surface_reelle_bati": 123.0, "nombre_pieces_principales": 7.0, "adresse_nom_voie": "AV DU DRAP D OR", "price_per_sqm": 880.739837398374, "date_iso": "2025-02-03", "parcelle": "77153000AK0187", "addr_num": "56"}}, {"type": "Feature", "geometry": {"type": "Point", "coordinates": [2.68915, 49.05856]}, "properties": {"year": 2025, "valeur_fonciere": 108331.0, "type_local": "Dépendance", "surface_reelle_bati": null, "nombre_pieces_principales": 0.0, "adresse_nom_voie": "AV DU DRAP D OR", "price_per_sqm": null, "date_iso": "2025-02-03", "parcelle": "77153000AK0187", "addr_num": "56"}}, {"type": "Feature", "geometry": {"type": "Point", "coordinates": [2.687053, 49.057974]}, "properties": {"year": 2025, "valeur_fonciere": 350000.0, "type_local": "Maison", "surface_reelle_bati": 119.0, "nombre_pieces_principales": 6.0, "adresse_nom_voie": "ALL DES API ROSE", "price_per_sqm": 2941.176470588235, "date_iso": "2025-01-29", "parcelle": "77153000AK0308", "addr_num": "12"}}, {"type": "Feature", "geometry": {"type": "Point", "coordinates": [2.687053, 49.057974]}, "properties": {"year": 2025, "valeur_fonciere": 350000.0, "type_local": "Maison", "surface_reelle_bati": 119.0, "nombre_pieces_principales": 6.0, "adresse_nom_voie": "ALL DES API ROSE", "price_per_sqm": 2941.176470588235, "date_iso": "2025-01-29", "parcelle": "77153000AK0308", "addr_num": "12"}}, {"type": "Feature", "geometry": {"type": "Point", "coordinates": [2.680005, 49.05492]}, "properties": {"year": 2025, "valeur_fonciere": 165000.0, "type_local": "Appartement", "surface_reelle_bati": 45.0, "nombre_pieces_principales": 2.0, "adresse_nom_voie": "RUE ABEL CHENEVAT", "price_per_sqm": 3666.6666666666665, "date_iso": "2025-02-04", "parcelle": "77153000AC0213", "addr_num": "4"}}, {"type": "Feature", "geometry": {"type": "Point", "coordinates": [2.680005, 49.05492]}, "properties": {"year": 2025, "valeur_fonciere": 165000.0, "type_local": "Dépendance", "surface_reelle_bati": null, "nombre_pieces_principales": 0.0, "adresse_nom_voie": "RUE GANNEVAL", "price_per_sqm": null, "date_iso": "2025-02-04", "parcelle": "77153000AC0213", "addr_num": "12"}}, {"type": "Feature", "geometry": {"type": "Point", "coordinates": [2.669832, 49.057666]}, "properties": {"year": 2025, "valeur_fonciere": 250000.0, "type_local": "Maison", "surface_reelle_bati": 87.0, "nombre_pieces_principales": 4.0, "adresse_nom_voie": "CHE DES JONCS", "price_per_sqm": 2873.5632183908046, "date_iso": "2025-02-03", "parcelle": "771530000A0929", "addr_num": "2"}}, {"type": "Feature", "geometry": {"type": "Point", "coordinates": [2.682282, 49.053019]}, "properties": {"year": 2025, "valeur_fonciere": 144000.0, "type_local": "Appartement", "surface_reelle_bati": 40.0, "nombre_pieces_principales": 2.0, "adresse_nom_voie": "RUE DE MEAUX", "price_per_sqm": 3600.0, "date_iso": "2025-01-18", "parcelle": "77153000AD0371", "addr_num": "1"}}, {"type": "Feature", "geometry": {"type": "Point", "coordinates": [2.682282, 49.053019]}, "properties": {"year": 2025, "valeur_fonciere": 144000.0, "type_local": "Dépendance", "surface_reelle_bati": null, "nombre_pieces_principales": 0.0, "adresse_nom_voie": "RUE DE MEAUX", "price_per_sqm": null, "date_iso": "2025-01-18", "parcelle": "77153000AD0371", "addr_num": "1"}}, {"type": "Feature", "geometry": {"type": "Point", "coordinates": [2.688354, 49.060384]}, "properties": {"year": 2025, "valeur_fonciere": 260000.0, "type_local": "Dépendance", "surface_reelle_bati": null, "nombre_pieces_principales": 0.0, "adresse_nom_voie": "RUE DES BERGAMOTTES", "price_per_sqm": null, "date_iso": "2025-02-14", "parcelle": "77153000AK0147", "addr_num": "18"}}, {"type": "Feature", "geometry": {"type": "Point", "coordinates": [2.688354, 49.060384]}, "properties": {"year": 2025, "valeur_fonciere": 260000.0, "type_local": "Maison", "surface_reelle_bati": 92.0, "nombre_pieces_principales": 5.0, "adresse_nom_voie": "RUE DES BERGAMOTTES", "price_per_sqm": 2826.086956521739, "date_iso": "2025-02-14", "parcelle": "77153000AK0147", "addr_num": "18"}}, {"type": "Feature", "geometry": {"type": "Point", "coordinates": [2.678621, 49.055526]}, "properties": {"year": 2025, "valeur_fonciere": 132750.0, "type_local": "Appartement", "surface_reelle_bati": 40.0, "nombre_pieces_principales": 2.0, "adresse_nom_voie": "RUE GANNEVAL", "price_per_sqm": 3318.75, "date_iso": "2025-02-19", "parcelle": "77153000AC0208", "addr_num": "30"}}, {"type": "Feature", "geometry": {"type": "Point", "coordinates": [2.678621, 49.055526]}, "properties": {"year": 2025, "valeur_fonciere": 132750.0, "type_local": "Dépendance", "surface_reelle_bati": null, "nombre_pieces_principales": 0.0, "adresse_nom_voie": "RUE GANNEVAL", "price_per_sqm": null, "date_iso": "2025-02-19", "parcelle": "77153000AC0208", "addr_num": "30"}}, {"type": "Feature", "geometry": {"type": "Point", "coordinates": [2.698605, 49.05847]}, "properties": {"year": 2025, "valeur_fonciere": 304000.0, "type_local": "Maison", "surface_reelle_bati": 90.0, "nombre_pieces_principales": 4.0, "adresse_nom_voie": "RUE DU BRABANT", "price_per_sqm": 3377.777777777778, "date_iso": "2025-02-21", "parcelle": "77153000AM0172", "addr_num": "9"}}, {"type": "Feature", "geometry": {"type": "Point", "coordinates": [2.679518, 49.061963]}, "properties": {"year": 2025, "valeur_fonciere": 345000.0, "type_local": "Maison", "surface_reelle_bati": 106.0, "nombre_pieces_principales": 4.0, "adresse_nom_voie": "RUE MARIA DERAISMES", "price_per_sqm": 3254.7169811320755, "date_iso": "2025-02-19", "parcelle": "771530000A1290", "addr_num": "5"}}, {"type": "Feature", "geometry": {"type": "Point", "coordinates": [2.679518, 49.061963]}, "properties": {"year": 2025, "valeur_fonciere": 345000.0, "type_local": "Maison", "surface_reelle_bati": 106.0, "nombre_pieces_principales": 4.0, "adresse_nom_voie": "RUE MARIA DERAISMES", "price_per_sqm": 3254.7169811320755, "date_iso": "2025-02-19", "parcelle": "771530000A1290", "addr_num": "5"}}, {"type": "Feature", "geometry": {"type": "Point", "coordinates": [2.679645, 49.054334]}, "properties": {"year": 2025, "valeur_fonciere": 283000.0, "type_local": "Dépendance", "surface_reelle_bati": null, "nombre_pieces_principales": 0.0, "adresse_nom_voie": "RUE DU GENERAL DE GAULLE", "price_per_sqm": null, "date_iso": "2025-02-20", "parcelle": "77153000AB0091", "addr_num": "103"}}, {"type": "Feature", "geometry": {"type": "Point", "coordinates": [2.679645, 49.054334]}, "properties": {"year": 2025, "valeur_fonciere": 283000.0, "type_local": "Local industriel. commercial ou assimilé", "surface_reelle_bati": 200.0, "nombre_pieces_principales": 0.0, "adresse_nom_voie": "RUE DU GENERAL DE GAULLE", "price_per_sqm": 1415.0, "date_iso": "2025-02-20", "parcelle": "77153000AB0091", "addr_num": "103"}}, {"type": "Feature", "geometry": {"type": "Point", "coordinates": [2.678736, 49.060773]}, "properties": {"year": 2025, "valeur_fonciere": 302600.0, "type_local": "Maison", "surface_reelle_bati": 84.0, "nombre_pieces_principales": 4.0, "adresse_nom_voie": "AV DE MONTMORENCY", "price_per_sqm": 3602.3809523809523, "date_iso": "2025-02-14", "parcelle": "77153000AP0059", "addr_num": "25"}}, {"type": "Feature", "geometry": {"type": "Point", "coordinates": [2.678736, 49.060773]}, "properties": {"year": 2025, "valeur_fonciere": 302600.0, "type_local": "Maison", "surface_reelle_bati": 84.0, "nombre_pieces_principales": 4.0, "adresse_nom_voie": "AV DE MONTMORENCY", "price_per_sqm": 3602.3809523809523, "date_iso": "2025-02-14", "parcelle": "77153000AP0059", "addr_num": "25"}}, {"type": "Feature", "geometry": {"type": "Point", "coordinates": [2.678685, 49.052773]}, "properties": {"year": 2025, "valeur_fonciere": 2000.0, "type_local": null, "surface_reelle_bati": null, "nombre_pieces_principales": null, "adresse_nom_voie": "RUE DES OULCHES", "price_per_sqm": null, "date_iso": "2025-03-05", "parcelle": "77153000AB0397", "addr_num": "5"}}, {"type": "Feature", "geometry": {"type": "Point", "coordinates": [2.677413, 49.054797]}, "properties": {"year": 2025, "valeur_fonciere": 25000.0, "type_local": "Dépendance", "surface_reelle_bati": null, "nombre_pieces_principales": 0.0, "adresse_nom_voie": "RUE SAINT JEAN", "price_per_sqm": null, "date_iso": "2025-02-07", "parcelle": "77153000AB0021", "addr_num": "5"}}, {"type": "Feature", "geometry": {"type": "Point", "coordinates": [2.677413, 49.054797]}, "properties": {"year": 2025, "valeur_fonciere": 25000.0, "type_local": "Dépendance", "surface_reelle_bati": null, "nombre_pieces_principales": 0.0, "adresse_nom_voie": "RUE SAINT JEAN", "price_per_sqm": null, "date_iso": "2025-02-07", "parcelle": "77153000AB0021", "addr_num": "5"}}, {"type": "Feature", "geometry": {"type": "Point", "coordinates": [2.677413, 49.054797]}, "properties": {"year": 2025, "valeur_fonciere": 25000.0, "type_local": "Dépendance", "surface_reelle_bati": null, "nombre_pieces_principales": 0.0, "adresse_nom_voie": "RUE SAINT JEAN", "price_per_sqm": null, "date_iso": "2025-02-07", "parcelle": "77153000AB0021", "addr_num": "5"}}, {"type": "Feature", "geometry": {"type": "Point", "coordinates": [2.677413, 49.054797]}, "properties": {"year": 2025, "valeur_fonciere": 25000.0, "type_local": "Dépendance", "surface_reelle_bati": null, "nombre_pieces_principales": 0.0, "adresse_nom_voie": "RUE SAINT JEAN", "price_per_sqm": null, "date_iso": "2025-02-07", "parcelle": "77153000AB0021", "addr_num": "5"}}, {"type": "Feature", "geometry": {"type": "Point", "coordinates": [2.704299, 49.052686]}, "properties": {"year": 2025, "valeur_fonciere": 29952.0, "type_local": null, "surface_reelle_bati": null, "nombre_pieces_principales": null, "adresse_nom_voie": "LES BONS HOMMES", "price_per_sqm": null, "date_iso": "2025-02-19", "parcelle": "77153000ZE0063", "addr_num": ""}}, {"type": "Feature", "geometry": {"type": "Point", "coordinates": [2.684551, 49.053003]}, "properties": {"year": 2025, "valeur_fonciere": 131000.0, "type_local": "Appartement", "surface_reelle_bati": 38.0, "nombre_pieces_principales": 2.0, "adresse_nom_voie": "RUE DE MEAUX", "price_per_sqm": 3447.3684210526317, "date_iso": "2025-02-18", "parcelle": "77153000AD0363", "addr_num": "19"}}, {"type": "Feature", "geometry": {"type": "Point", "coordinates": [2.684551, 49.053003]}, "properties": {"year": 2025, "valeur_fonciere": 131000.0, "type_local": "Dépendance", "surface_reelle_bati": null, "nombre_pieces_principales": 0.0, "adresse_nom_voie": "RUE DE MEAUX", "price_per_sqm": null, "date_iso": "2025-02-18", "parcelle": "77153000AD0363", "addr_num": "19"}}, {"type": "Feature", "geometry": {"type": "Point", "coordinates": [2.682134, 49.057521]}, "properties": {"year": 2025, "valeur_fonciere": 170000.0, "type_local": null, "surface_reelle_bati": null, "nombre_pieces_principales": null, "adresse_nom_voie": "CHE D OTHIS", "price_per_sqm": null, "date_iso": "2025-03-05", "parcelle": "77153000AP0263", "addr_num": ""}}, {"type": "Feature", "geometry": {"type": "Point", "coordinates": [2.682074, 49.057635]}, "properties": {"year": 2025, "valeur_fonciere": 170000.0, "type_local": null, "surface_reelle_bati": null, "nombre_pieces_principales": null, "adresse_nom_voie": "CHE D OTHIS", "price_per_sqm": null, "date_iso": "2025-03-05", "parcelle": "77153000AP0265", "addr_num": ""}}, {"type": "Feature", "geometry": {"type": "Point", "coordinates": [2.696447, 49.057939]}, "properties": {"year": 2025, "valeur_fonciere": 154000.0, "type_local": "Dépendance", "surface_reelle_bati": null, "nombre_pieces_principales": 0.0, "adresse_nom_voie": "AV DU MARECHAL LECLERC", "price_per_sqm": null, "date_iso": "2025-03-18", "parcelle": "77153000AM0105", "addr_num": "67"}}, {"type": "Feature", "geometry": {"type": "Point", "coordinates": [2.696447, 49.057939]}, "properties": {"year": 2025, "valeur_fonciere": 154000.0, "type_local": "Appartement", "surface_reelle_bati": 41.0, "nombre_pieces_principales": 2.0, "adresse_nom_voie": "AV DU MARECHAL LECLERC", "price_per_sqm": 3756.0975609756097, "date_iso": "2025-03-18", "parcelle": "77153000AM0105", "addr_num": "67"}}, {"type": "Feature", "geometry": {"type": "Point", "coordinates": [2.696447, 49.057939]}, "properties": {"year": 2025, "valeur_fonciere": 154000.0, "type_local": "Dépendance", "surface_reelle_bati": null, "nombre_pieces_principales": 0.0, "adresse_nom_voie": "AV DU MARECHAL LECLERC", "price_per_sqm": null, "date_iso": "2025-03-18", "parcelle": "77153000AM0105", "addr_num": "67"}}, {"type": "Feature", "geometry": {"type": "Point", "coordinates": [2.675737, 49.053281]}, "properties": {"year": 2025, "valeur_fonciere": 104000.0, "type_local": "Appartement", "surface_reelle_bati": 51.0, "nombre_pieces_principales": 2.0, "adresse_nom_voie": "RUE DU GENERAL DE GAULLE", "price_per_sqm": 2039.2156862745098, "date_iso": "2025-03-14", "parcelle": "77153000AB0164", "addr_num": "14"}}, {"type": "Feature", "geometry": {"type": "Point", "coordinates": [2.669325, 49.054157]}, "properties": {"year": 2025, "valeur_fonciere": 310000.0, "type_local": "Maison", "surface_reelle_bati": 60.0, "nombre_pieces_principales": 3.0, "adresse_nom_voie": "AV DE L'EAU BONNE PROLONGEE", "price_per_sqm": 5166.666666666667, "date_iso": "2025-03-14", "parcelle": "771530000C0809", "addr_num": "8"}}, {"type": "Feature", "geometry": {"type": "Point", "coordinates": [2.681693, 49.057627]}, "properties": {"year": 2025, "valeur_fonciere": 15000.0, "type_local": null, "surface_reelle_bati": null, "nombre_pieces_principales": null, "adresse_nom_voie": "LA MARE GAUSSERIE", "price_per_sqm": null, "date_iso": "2025-03-14", "parcelle": "77153000AP0134", "addr_num": ""}}, {"type": "Feature", "geometry": {"type": "Point", "coordinates": [2.68827, 49.059341]}, "properties": {"year": 2025, "valeur_fonciere": 115000.0, "type_local": null, "surface_reelle_bati": null, "nombre_pieces_principales": null, "adresse_nom_voie": "AV DU DRAP D OR", "price_per_sqm": null, "date_iso": "2025-02-28", "parcelle": "77153000AK0513", "addr_num": "23"}}, {"type": "Feature", "geometry": {"type": "Point", "coordinates": [2.688124, 49.059307]}, "properties": {"year": 2025, "valeur_fonciere": 115000.0, "type_local": null, "surface_reelle_bati": null, "nombre_pieces_principales": null, "adresse_nom_voie": "AV DU DRAP D OR", "price_per_sqm": null, "date_iso": "2025-02-28", "parcelle": "77153000AK0514", "addr_num": ""}}, {"type": "Feature", "geometry": {"type": "Point", "coordinates": [2.679853, 49.053887]}, "properties": {"year": 2025, "valeur_fonciere": 145800.0, "type_local": "Local industriel. commercial ou assimilé", "surface_reelle_bati": 50.0, "nombre_pieces_principales": 0.0, "adresse_nom_voie": "RUE DE LA LIBERATION", "price_per_sqm": 2916.0, "date_iso": "2025-03-25", "parcelle": "77153000AD0002", "addr_num": "1"}}, {"type": "Feature", "geometry": {"type": "Point", "coordinates": [2.681803, 49.055083]}, "properties": {"year": 2025, "valeur_fonciere": 105000.0, "type_local": "Dépendance", "surface_reelle_bati": null, "nombre_pieces_principales": 0.0, "adresse_nom_voie": "RUE DE L HOTEL DIEU", "price_per_sqm": null, "date_iso": "2025-03-21", "parcelle": "77153000AC0142", "addr_num": "10"}}, {"type": "Feature", "geometry": {"type": "Point", "coordinates": [2.681803, 49.055083]}, "properties": {"year": 2025, "valeur_fonciere": 105000.0, "type_local": "Dépendance", "surface_reelle_bati": null, "nombre_pieces_principales": 0.0, "adresse_nom_voie": "RUE DE L HOTEL DIEU", "price_per_sqm": null, "date_iso": "2025-03-21", "parcelle": "77153000AC0142", "addr_num": "10"}}, {"type": "Feature", "geometry": {"type": "Point", "coordinates": [2.681803, 49.055083]}, "properties": {"year": 2025, "valeur_fonciere": 105000.0, "type_local": "Appartement", "surface_reelle_bati": 31.0, "nombre_pieces_principales": 1.0, "adresse_nom_voie": "RUE DE L HOTEL DIEU", "price_per_sqm": 3387.0967741935483, "date_iso": "2025-03-21", "parcelle": "77153000AC0142", "addr_num": "10"}}, {"type": "Feature", "geometry": {"type": "Point", "coordinates": [2.689944, 49.058855]}, "properties": {"year": 2025, "valeur_fonciere": 240000.0, "type_local": "Dépendance", "surface_reelle_bati": null, "nombre_pieces_principales": 0.0, "adresse_nom_voie": "AV DU DRAP D OR", "price_per_sqm": null, "date_iso": "2025-03-27", "parcelle": "77153000AK0129", "addr_num": "43"}}, {"type": "Feature", "geometry": {"type": "Point", "coordinates": [2.689944, 49.058855]}, "properties": {"year": 2025, "valeur_fonciere": 240000.0, "type_local": "Maison", "surface_reelle_bati": 91.0, "nombre_pieces_principales": 5.0, "adresse_nom_voie": "AV DU DRAP D OR", "price_per_sqm": 2637.3626373626375, "date_iso": "2025-03-27", "parcelle": "77153000AK0129", "addr_num": "43"}}, {"type": "Feature", "geometry": {"type": "Point", "coordinates": [2.690833, 49.064811]}, "properties": {"year": 2025, "valeur_fonciere": 248000.0, "type_local": null, "surface_reelle_bati": null, "nombre_pieces_principales": null, "adresse_nom_voie": "LA MARE A DUMEZ", "price_per_sqm": null, "date_iso": "2025-03-31", "parcelle": "77153000ZD0133", "addr_num": ""}}, {"type": "Feature", "geometry": {"type": "Point", "coordinates": [2.689595, 49.064976]}, "properties": {"year": 2025, "valeur_fonciere": 248000.0, "type_local": null, "surface_reelle_bati": null, "nombre_pieces_principales": null, "adresse_nom_voie": "LA MARE A DUMEZ", "price_per_sqm": null, "date_iso": "2025-03-31", "parcelle": "77153000ZD0134", "addr_num": ""}}, {"type": "Feature", "geometry": {"type": "Point", "coordinates": [2.67798, 49.054039]}, "properties": {"year": 2025, "valeur_fonciere": 137100.0, "type_local": "Local industriel. commercial ou assimilé", "surface_reelle_bati": 35.0, "nombre_pieces_principales": 0.0, "adresse_nom_voie": "RUE SAINT JEAN", "price_per_sqm": 3917.1428571428573, "date_iso": "2025-03-27", "parcelle": "77153000AB0054", "addr_num": "2"}}, {"type": "Feature", "geometry": {"type": "Point", "coordinates": [2.682282, 49.053019]}, "properties": {"year": 2025, "valeur_fonciere": 149000.0, "type_local": "Appartement", "surface_reelle_bati": 42.0, "nombre_pieces_principales": 2.0, "adresse_nom_voie": "RUE DE MEAUX", "price_per_sqm": 3547.6190476190477, "date_iso": "2025-03-28", "parcelle": "77153000AD0371", "addr_num": "1"}}, {"type": "Feature", "geometry": {"type": "Point", "coordinates": [2.682282, 49.053019]}, "properties": {"year": 2025, "valeur_fonciere": 149000.0, "type_local": "Dépendance", "surface_reelle_bati": null, "nombre_pieces_principales": 0.0, "adresse_nom_voie": "RUE DE MEAUX", "price_per_sqm": null, "date_iso": "2025-03-28", "parcelle": "77153000AD0371", "addr_num": "1"}}, {"type": "Feature", "geometry": {"type": "Point", "coordinates": [2.682004, 49.054748]}, "properties": {"year": 2025, "valeur_fonciere": 100000.0, "type_local": "Appartement", "surface_reelle_bati": 26.0, "nombre_pieces_principales": 2.0, "adresse_nom_voie": "RUE LAVOLLEE", "price_per_sqm": 3846.153846153846, "date_iso": "2025-04-04", "parcelle": "77153000AC0087", "addr_num": "5"}}, {"type": "Feature", "geometry": {"type": "Point", "coordinates": [2.674183, 49.06056]}, "properties": {"year": 2025, "valeur_fonciere": 209235.0, "type_local": "Appartement", "surface_reelle_bati": 61.0, "nombre_pieces_principales": 3.0, "adresse_nom_voie": "AV JEAN JAURES", "price_per_sqm": 3430.0819672131147, "date_iso": "2025-04-04", "parcelle": "771530000A1637", "addr_num": "5"}}, {"type": "Feature", "geometry": {"type": "Point", "coordinates": [2.674183, 49.06056]}, "properties": {"year": 2025, "valeur_fonciere": 209235.0, "type_local": "Dépendance", "surface_reelle_bati": null, "nombre_pieces_principales": 0.0, "adresse_nom_voie": "AV JEAN JAURES", "price_per_sqm": null, "date_iso": "2025-04-04", "parcelle": "771530000A1637", "addr_num": "5"}}, {"type": "Feature", "geometry": {"type": "Point", "coordinates": [2.674183, 49.06056]}, "properties": {"year": 2025, "valeur_fonciere": 209235.0, "type_local": "Dépendance", "surface_reelle_bati": null, "nombre_pieces_principales": 0.0, "adresse_nom_voie": "AV JEAN JAURES", "price_per_sqm": null, "date_iso": "2025-04-04", "parcelle": "771530000A1637", "addr_num": "5"}}, {"type": "Feature", "geometry": {"type": "Point", "coordinates": [2.681704, 49.054773]}, "properties": {"year": 2025, "valeur_fonciere": 130000.0, "type_local": "Appartement", "surface_reelle_bati": 39.0, "nombre_pieces_principales": 2.0, "adresse_nom_voie": "RUE DUSSOLIE", "price_per_sqm": 3333.3333333333335, "date_iso": "2025-04-03", "parcelle": "77153000AC0084", "addr_num": "5"}}, {"type": "Feature", "geometry": {"type": "Point", "coordinates": [2.679583, 49.062343]}, "properties": {"year": 2025, "valeur_fonciere": 415000.0, "type_local": "Maison", "surface_reelle_bati": 131.0, "nombre_pieces_principales": 6.0, "adresse_nom_voie": "RUE MARIA DERAISMES", "price_per_sqm": 3167.93893129771, "date_iso": "2025-04-14", "parcelle": "771530000A1309", "addr_num": "1"}}, {"type": "Feature", "geometry": {"type": "Point", "coordinates": [2.679583, 49.062343]}, "properties": {"year": 2025, "valeur_fonciere": 415000.0, "type_local": "Maison", "surface_reelle_bati": 131.0, "nombre_pieces_principales": 6.0, "adresse_nom_voie": "RUE MARIA DERAISMES", "price_per_sqm": 3167.93893129771, "date_iso": "2025-04-14", "parcelle": "771530000A1309", "addr_num": "1"}}, {"type": "Feature", "geometry": {"type": "Point", "coordinates": [2.677851, 49.052151]}, "properties": {"year": 2025, "valeur_fonciere": 304000.0, "type_local": "Maison", "surface_reelle_bati": 71.0, "nombre_pieces_principales": 3.0, "adresse_nom_voie": "RLE DES FILOIRS", "price_per_sqm": 4281.69014084507, "date_iso": "2025-04-17", "parcelle": "77153000ZN0213", "addr_num": "20"}}, {"type": "Feature", "geometry": {"type": "Point", "coordinates": [2.697031, 49.056942]}, "properties": {"year": 2025, "valeur_fonciere": 203000.0, "type_local": "Dépendance", "surface_reelle_bati": null, "nombre_pieces_principales": 0.0, "adresse_nom_voie": "AV DU MARECHAL LECLERC", "price_per_sqm": null, "date_iso": "2025-04-08", "parcelle": "77153000AM0117", "addr_num": "69"}}, {"type": "Feature", "geometry": {"type": "Point", "coordinates": [2.697031, 49.056942]}, "properties": {"year": 2025, "valeur_fonciere": 203000.0, "type_local": "Appartement", "surface_reelle_bati": 64.0, "nombre_pieces_principales": 3.0, "adresse_nom_voie": "AV DU MARECHAL LECLERC", "price_per_sqm": 3171.875, "date_iso": "2025-04-08", "parcelle": "77153000AM0117", "addr_num": "69"}}, {"type": "Feature", "geometry": {"type": "Point", "coordinates": [2.697031, 49.056942]}, "properties": {"year": 2025, "valeur_fonciere": 203000.0, "type_local": "Dépendance", "surface_reelle_bati": null, "nombre_pieces_principales": 0.0, "adresse_nom_voie": "AV DU MARECHAL LECLERC", "price_per_sqm": null, "date_iso": "2025-04-08", "parcelle": "77153000AM0117", "addr_num": "69"}}, {"type": "Feature", "geometry": {"type": "Point", "coordinates": [2.687776, 49.055323]}, "properties": {"year": 2025, "valeur_fonciere": 530000.0, "type_local": "Maison", "surface_reelle_bati": 173.0, "nombre_pieces_principales": 5.0, "adresse_nom_voie": "CHE DES POSTES", "price_per_sqm": 3063.583815028902, "date_iso": "2025-04-18", "parcelle": "771530000B1102", "addr_num": "2"}}, {"type": "Feature", "geometry": {"type": "Point", "coordinates": [2.687776, 49.055323]}, "properties": {"year": 2025, "valeur_fonciere": 530000.0, "type_local": "Maison", "surface_reelle_bati": 173.0, "nombre_pieces_principales": 5.0, "adresse_nom_voie": "CHE DES POSTES", "price_per_sqm": 3063.583815028902, "date_iso": "2025-04-18", "parcelle": "771530000B1102", "addr_num": "2"}}, {"type": "Feature", "geometry": {"type": "Point", "coordinates": [2.686752, 49.06194]}, "properties": {"year": 2025, "valeur_fonciere": 293000.0, "type_local": "Maison", "surface_reelle_bati": 144.0, "nombre_pieces_principales": 6.0, "adresse_nom_voie": "RTE D EVE", "price_per_sqm": 2034.7222222222222, "date_iso": "2025-04-23", "parcelle": "77153000AK0006", "addr_num": "54"}}, {"type": "Feature", "geometry": {"type": "Point", "coordinates": [2.678259, 49.054751]}, "properties": {"year": 2025, "valeur_fonciere": 16000.0, "type_local": "Dépendance", "surface_reelle_bati": null, "nombre_pieces_principales": 0.0, "adresse_nom_voie": "RUE DE LA HALLE", "price_per_sqm": null, "date_iso": "2025-04-18", "parcelle": "77153000AB0036", "addr_num": "8"}}, {"type": "Feature", "geometry": {"type": "Point", "coordinates": [2.683052, 49.061847]}, "properties": {"year": 2025, "valeur_fonciere": 336500.0, "type_local": "Dépendance", "surface_reelle_bati": null, "nombre_pieces_principales": 0.0, "adresse_nom_voie": "RUE DOM GANNERON", "price_per_sqm": null, "date_iso": "2025-04-09", "parcelle": "77153000AO0446", "addr_num": "19"}}, {"type": "Feature", "geometry": {"type": "Point", "coordinates": [2.683052, 49.061847]}, "properties": {"year": 2025, "valeur_fonciere": 336500.0, "type_local": "Maison", "surface_reelle_bati": 124.0, "nombre_pieces_principales": 6.0, "adresse_nom_voie": "RUE DOM GANNERON", "price_per_sqm": 2713.7096774193546, "date_iso": "2025-04-09", "parcelle": "77153000AO0446", "addr_num": "19"}}, {"type": "Feature", "geometry": {"type": "Point", "coordinates": [2.678621, 49.055526]}, "properties": {"year": 2025, "valeur_fonciere": 168000.0, "type_local": "Dépendance", "surface_reelle_bati": null, "nombre_pieces_principales": 0.0, "adresse_nom_voie": "RUE GANNEVAL", "price_per_sqm": null, "date_iso": "2025-04-29", "parcelle": "77153000AC0208", "addr_num": "30"}}, {"type": "Feature", "geometry": {"type": "Point", "coordinates": [2.678621, 49.055526]}, "properties": {"year": 2025, "valeur_fonciere": 168000.0, "type_local": "Appartement", "surface_reelle_bati": 43.0, "nombre_pieces_principales": 2.0, "adresse_nom_voie": "RUE GANNEVAL", "price_per_sqm": 3906.9767441860463, "date_iso": "2025-04-29", "parcelle": "77153000AC0208", "addr_num": "30"}}, {"type": "Feature", "geometry": {"type": "Point", "coordinates": [2.677413, 49.054797]}, "properties": {"year": 2025, "valeur_fonciere": 15000.0, "type_local": "Dépendance", "surface_reelle_bati": null, "nombre_pieces_principales": 0.0, "adresse_nom_voie": "RUE SAINT JEAN", "price_per_sqm": null, "date_iso": "2025-05-02", "parcelle": "77153000AB0021", "addr_num": "5"}}, {"type": "Feature", "geometry": {"type": "Point", "coordinates": [2.680005, 49.05492]}, "properties": {"year": 2025, "valeur_fonciere": 12500.0, "type_local": "Dépendance", "surface_reelle_bati": null, "nombre_pieces_principales": 0.0, "adresse_nom_voie": "RUE GANNEVAL", "price_per_sqm": null, "date_iso": "2025-04-30", "parcelle": "77153000AC0213", "addr_num": "12"}}, {"type": "Feature", "geometry": {"type": "Point", "coordinates": [2.680883, 49.053856]}, "properties": {"year": 2025, "valeur_fonciere": 200000.0, "type_local": "Dépendance", "surface_reelle_bati": null, "nombre_pieces_principales": 0.0, "adresse_nom_voie": "RUE DU GENERAL DE GAULLE", "price_per_sqm": null, "date_iso": "2025-04-29", "parcelle": "77153000AD0012", "addr_num": "130"}}, {"type": "Feature", "geometry": {"type": "Point", "coordinates": [2.680883, 49.053856]}, "properties": {"year": 2025, "valeur_fonciere": 200000.0, "type_local": "Appartement", "surface_reelle_bati": 73.0, "nombre_pieces_principales": 4.0, "adresse_nom_voie": "RUE DU GENERAL DE GAULLE", "price_per_sqm": 2739.72602739726, "date_iso": "2025-04-29", "parcelle": "77153000AD0012", "addr_num": "130"}}, {"type": "Feature", "geometry": {"type": "Point", "coordinates": [2.673676, 49.053114]}, "properties": {"year": 2025, "valeur_fonciere": 189000.0, "type_local": "Maison", "surface_reelle_bati": 74.0, "nombre_pieces_principales": 3.0, "adresse_nom_voie": "RUE DU GENERAL DE GAULLE", "price_per_sqm": 2554.054054054054, "date_iso": "2025-04-30", "parcelle": "771530000C0844", "addr_num": "5"}}, {"type": "Feature", "geometry": {"type": "Point", "coordinates": [2.673676, 49.053114]}, "properties": {"year": 2025, "valeur_fonciere": 189000.0, "type_local": "Dépendance", "surface_reelle_bati": null, "nombre_pieces_principales": 0.0, "adresse_nom_voie": "RUE DU GENERAL DE GAULLE", "price_per_sqm": null, "date_iso": "2025-04-30", "parcelle": "771530000C0844", "addr_num": "5"}}, {"type": "Feature", "geometry": {"type": "Point", "coordinates": [2.692308, 49.062279]}, "properties": {"year": 2025, "valeur_fonciere": 218000.0, "type_local": "Dépendance", "surface_reelle_bati": null, "nombre_pieces_principales": 0.0, "adresse_nom_voie": "ALL DE L AUBEPINE", "price_per_sqm": null, "date_iso": "2025-05-12", "parcelle": "77153000AN0058", "addr_num": "1"}}, {"type": "Feature", "geometry": {"type": "Point", "coordinates": [2.692308, 49.062279]}, "properties": {"year": 2025, "valeur_fonciere": 218000.0, "type_local": "Appartement", "surface_reelle_bati": 55.0, "nombre_pieces_principales": 3.0, "adresse_nom_voie": "ALL DE L AUBEPINE", "price_per_sqm": 3963.6363636363635, "date_iso": "2025-05-12", "parcelle": "77153000AN0058", "addr_num": "1"}}, {"type": "Feature", "geometry": {"type": "Point", "coordinates": [2.692308, 49.062279]}, "properties": {"year": 2025, "valeur_fonciere": 218000.0, "type_local": "Dépendance", "surface_reelle_bati": null, "nombre_pieces_principales": 0.0, "adresse_nom_voie": "ALL DE L AUBEPINE", "price_per_sqm": null, "date_iso": "2025-05-12", "parcelle": "77153000AN0058", "addr_num": "1"}}, {"type": "Feature", "geometry": {"type": "Point", "coordinates": [2.666212, 49.058119]}, "properties": {"year": 2025, "valeur_fonciere": 233000.0, "type_local": "Maison", "surface_reelle_bati": 67.0, "nombre_pieces_principales": 3.0, "adresse_nom_voie": "CHE DU BOIS TRONZET", "price_per_sqm": 3477.6119402985073, "date_iso": "2025-05-16", "parcelle": "771530000A0899", "addr_num": "3"}}, {"type": "Feature", "geometry": {"type": "Point", "coordinates": [2.666212, 49.058119]}, "properties": {"year": 2025, "valeur_fonciere": 233000.0, "type_local": "Dépendance", "surface_reelle_bati": null, "nombre_pieces_principales": 0.0, "adresse_nom_voie": "CHE DU BOIS TRONZET", "price_per_sqm": null, "date_iso": "2025-05-16", "parcelle": "771530000A0899", "addr_num": "3"}}, {"type": "Feature", "geometry": {"type": "Point", "coordinates": [2.673461, 49.054374]}, "properties": {"year": 2025, "valeur_fonciere": 285000.0, "type_local": "Maison", "surface_reelle_bati": 78.0, "nombre_pieces_principales": 4.0, "adresse_nom_voie": "AV DU MOULIN", "price_per_sqm": 3653.846153846154, "date_iso": "2025-05-13", "parcelle": "771530000C0606", "addr_num": "4"}}, {"type": "Feature", "geometry": {"type": "Point", "coordinates": [2.680426, 49.063722]}, "properties": {"year": 2025, "valeur_fonciere": 275000.0, "type_local": "Maison", "surface_reelle_bati": 80.0, "nombre_pieces_principales": 4.0, "adresse_nom_voie": "AV ROBERT BADINTER", "price_per_sqm": 3437.5, "date_iso": "2025-05-21", "parcelle": "771530000A0937", "addr_num": "1"}}, {"type": "Feature", "geometry": {"type": "Point", "coordinates": [2.680039, 49.063496]}, "properties": {"year": 2025, "valeur_fonciere": 275000.0, "type_local": "Dépendance", "surface_reelle_bati": null, "nombre_pieces_principales": 0.0, "adresse_nom_voie": "AV ROBERT BADINTER", "price_per_sqm": null, "date_iso": "2025-05-21", "parcelle": "771530000A0955", "addr_num": "1"}}, {"type": "Feature", "geometry": {"type": "Point", "coordinates": [2.680039, 49.063496]}, "properties": {"year": 2025, "valeur_fonciere": 275000.0, "type_local": "Dépendance", "surface_reelle_bati": null, "nombre_pieces_principales": 0.0, "adresse_nom_voie": "AV ROBERT BADINTER", "price_per_sqm": null, "date_iso": "2025-05-21", "parcelle": "771530000A0955", "addr_num": "1"}}, {"type": "Feature", "geometry": {"type": "Point", "coordinates": [2.676844, 49.053486]}, "properties": {"year": 2025, "valeur_fonciere": 125000.0, "type_local": "Appartement", "surface_reelle_bati": 40.0, "nombre_pieces_principales": 2.0, "adresse_nom_voie": "RUE DU GENERAL DE GAULLE", "price_per_sqm": 3125.0, "date_iso": "2025-05-23", "parcelle": "77153000AB0342", "addr_num": "34"}}, {"type": "Feature", "geometry": {"type": "Point", "coordinates": [2.676844, 49.053486]}, "properties": {"year": 2025, "valeur_fonciere": 125000.0, "type_local": "Dépendance", "surface_reelle_bati": null, "nombre_pieces_principales": 0.0, "adresse_nom_voie": "RUE DU GENERAL DE GAULLE", "price_per_sqm": null, "date_iso": "2025-05-23", "parcelle": "77153000AB0342", "addr_num": "34"}}, {"type": "Feature", "geometry": {"type": "Point", "coordinates": [2.677785, 49.054106]}, "properties": {"year": 2025, "valeur_fonciere": 160000.0, "type_local": "Dépendance", "surface_reelle_bati": null, "nombre_pieces_principales": 0.0, "adresse_nom_voie": "RUE SAINT JEAN", "price_per_sqm": null, "date_iso": "2025-05-14", "parcelle": "77153000AB0018", "addr_num": "1"}}, {"type": "Feature", "geometry": {"type": "Point", "coordinates": [2.677785, 49.054106]}, "properties": {"year": 2025, "valeur_fonciere": 160000.0, "type_local": "Local industriel. commercial ou assimilé", "surface_reelle_bati": 62.0, "nombre_pieces_principales": 0.0, "adresse_nom_voie": "RUE SAINT JEAN", "price_per_sqm": 2580.6451612903224, "date_iso": "2025-05-14", "parcelle": "77153000AB0018", "addr_num": "1"}}, {"type": "Feature", "geometry": {"type": "Point", "coordinates": [2.677785, 49.054106]}, "properties": {"year": 2025, "valeur_fonciere": 160000.0, "type_local": "Dépendance", "surface_reelle_bati": null, "nombre_pieces_principales": 0.0, "adresse_nom_voie": "RUE SAINT JEAN", "price_per_sqm": null, "date_iso": "2025-05-14", "parcelle": "77153000AB0018", "addr_num": "1"}}, {"type": "Feature", "geometry": {"type": "Point", "coordinates": [2.677785, 49.054106]}, "properties": {"year": 2025, "valeur_fonciere": 160000.0, "type_local": "Dépendance", "surface_reelle_bati": null, "nombre_pieces_principales": 0.0, "adresse_nom_voie": "RUE SAINT JEAN", "price_per_sqm": null, "date_iso": "2025-05-14", "parcelle": "77153000AB0018", "addr_num": "1"}}, {"type": "Feature", "geometry": {"type": "Point", "coordinates": [2.676053, 49.062984]}, "properties": {"year": 2025, "valeur_fonciere": 285000.0, "type_local": "Maison", "surface_reelle_bati": 98.0, "nombre_pieces_principales": 5.0, "adresse_nom_voie": "IMP GEORGES BRASSENS", "price_per_sqm": 2908.1632653061224, "date_iso": "2025-05-23", "parcelle": "771530000A1340", "addr_num": "10"}}, {"type": "Feature", "geometry": {"type": "Point", "coordinates": [2.681145, 49.053599]}, "properties": {"year": 2025, "valeur_fonciere": 145000.0, "type_local": "Appartement", "surface_reelle_bati": 36.0, "nombre_pieces_principales": 2.0, "adresse_nom_voie": "RUE VICTOR OFFROY", "price_per_sqm": 4027.777777777778, "date_iso": "2025-05-28", "parcelle": "77153000AD0423", "addr_num": "5"}}, {"type": "Feature", "geometry": {"type": "Point", "coordinates": [2.681145, 49.053599]}, "properties": {"year": 2025, "valeur_fonciere": 145000.0, "type_local": "Dépendance", "surface_reelle_bati": null, "nombre_pieces_principales": 0.0, "adresse_nom_voie": "RUE VICTOR OFFROY", "price_per_sqm": null, "date_iso": "2025-05-28", "parcelle": "77153000AD0423", "addr_num": "5"}}, {"type": "Feature", "geometry": {"type": "Point", "coordinates": [2.697423, 49.057845]}, "properties": {"year": 2025, "valeur_fonciere": 215000.0, "type_local": "Appartement", "surface_reelle_bati": 59.0, "nombre_pieces_principales": 3.0, "adresse_nom_voie": "AV DU MARECHAL LECLERC", "price_per_sqm": 3644.0677966101694, "date_iso": "2025-05-28", "parcelle": "77153000AM0113", "addr_num": "73"}}, {"type": "Feature", "geometry": {"type": "Point", "coordinates": [2.697423, 49.057845]}, "properties": {"year": 2025, "valeur_fonciere": 215000.0, "type_local": "Dépendance", "surface_reelle_bati": null, "nombre_pieces_principales": 0.0, "adresse_nom_voie": "AV DU MARECHAL LECLERC", "price_per_sqm": null, "date_iso": "2025-05-28", "parcelle": "77153000AM0113", "addr_num": "73"}}, {"type": "Feature", "geometry": {"type": "Point", "coordinates": [2.675363, 49.060269]}, "properties": {"year": 2025, "valeur_fonciere": 212000.0, "type_local": "Dépendance", "surface_reelle_bati": null, "nombre_pieces_principales": 0.0, "adresse_nom_voie": "AV JEAN JAURES", "price_per_sqm": null, "date_iso": "2025-05-27", "parcelle": "771530000A1638", "addr_num": "3"}}, {"type": "Feature", "geometry": {"type": "Point", "coordinates": [2.675363, 49.060269]}, "properties": {"year": 2025, "valeur_fonciere": 212000.0, "type_local": "Appartement", "surface_reelle_bati": 61.0, "nombre_pieces_principales": 3.0, "adresse_nom_voie": "AV JEAN JAURES", "price_per_sqm": 3475.409836065574, "date_iso": "2025-05-27", "parcelle": "771530000A1638", "addr_num": "3"}}, {"type": "Feature", "geometry": {"type": "Point", "coordinates": [2.675363, 49.060269]}, "properties": {"year": 2025, "valeur_fonciere": 212000.0, "type_local": "Dépendance", "surface_reelle_bati": null, "nombre_pieces_principales": 0.0, "adresse_nom_voie": "AV JEAN JAURES", "price_per_sqm": null, "date_iso": "2025-05-27", "parcelle": "771530000A1638", "addr_num": "3"}}, {"type": "Feature", "geometry": {"type": "Point", "coordinates": [2.688258, 49.058899]}, "properties": {"year": 2025, "valeur_fonciere": 250000.0, "type_local": "Maison", "surface_reelle_bati": 81.0, "nombre_pieces_principales": 5.0, "adresse_nom_voie": "AV DU DRAP D OR", "price_per_sqm": 3086.41975308642, "date_iso": "2025-06-02", "parcelle": "77153000AK0194", "addr_num": "42"}}, {"type": "Feature", "geometry": {"type": "Point", "coordinates": [2.688258, 49.058899]}, "properties": {"year": 2025, "valeur_fonciere": 250000.0, "type_local": "Dépendance", "surface_reelle_bati": null, "nombre_pieces_principales": 0.0, "adresse_nom_voie": "AV DU DRAP D OR", "price_per_sqm": null, "date_iso": "2025-06-02", "parcelle": "77153000AK0194", "addr_num": "42"}}, {"type": "Feature", "geometry": {"type": "Point", "coordinates": [2.682526, 49.053636]}, "properties": {"year": 2025, "valeur_fonciere": 190000.0, "type_local": "Dépendance", "surface_reelle_bati": null, "nombre_pieces_principales": 0.0, "adresse_nom_voie": "RUE LETESSIER", "price_per_sqm": null, "date_iso": "2025-06-03", "parcelle": "77153000AD0073", "addr_num": "13"}}, {"type": "Feature", "geometry": {"type": "Point", "coordinates": [2.682526, 49.053636]}, "properties": {"year": 2025, "valeur_fonciere": 190000.0, "type_local": "Maison", "surface_reelle_bati": 57.0, "nombre_pieces_principales": 3.0, "adresse_nom_voie": "RUE LETESSIER", "price_per_sqm": 3333.3333333333335, "date_iso": "2025-06-03", "parcelle": "77153000AD0073", "addr_num": "13"}}, {"type": "Feature", "geometry": {"type": "Point", "coordinates": [2.681411, 49.054193]}, "properties": {"year": 2025, "valeur_fonciere": 134000.0, "type_local": "Dépendance", "surface_reelle_bati": null, "nombre_pieces_principales": 0.0, "adresse_nom_voie": "RUE PORTE AU PAIN", "price_per_sqm": null, "date_iso": "2025-05-21", "parcelle": "77153000AC0098", "addr_num": "6"}}, {"type": "Feature", "geometry": {"type": "Point", "coordinates": [2.681411, 49.054193]}, "properties": {"year": 2025, "valeur_fonciere": 134000.0, "type_local": "Dépendance", "surface_reelle_bati": null, "nombre_pieces_principales": 0.0, "adresse_nom_voie": "RUE PORTE AU PAIN", "price_per_sqm": null, "date_iso": "2025-05-21", "parcelle": "77153000AC0098", "addr_num": "6"}}, {"type": "Feature", "geometry": {"type": "Point", "coordinates": [2.681411, 49.054193]}, "properties": {"year": 2025, "valeur_fonciere": 134000.0, "type_local": "Dépendance", "surface_reelle_bati": null, "nombre_pieces_principales": 0.0, "adresse_nom_voie": "RUE PORTE AU PAIN", "price_per_sqm": null, "date_iso": "2025-05-21", "parcelle": "77153000AC0098", "addr_num": "6"}}, {"type": "Feature", "geometry": {"type": "Point", "coordinates": [2.681411, 49.054193]}, "properties": {"year": 2025, "valeur_fonciere": 134000.0, "type_local": "Appartement", "surface_reelle_bati": 43.0, "nombre_pieces_principales": 2.0, "adresse_nom_voie": "RUE PORTE AU PAIN", "price_per_sqm": 3116.279069767442, "date_iso": "2025-05-21", "parcelle": "77153000AC0098", "addr_num": "6"}}, {"type": "Feature", "geometry": {"type": "Point", "coordinates": [2.680396, 49.053188]}, "properties": {"year": 2025, "valeur_fonciere": 15000.0, "type_local": "Dépendance", "surface_reelle_bati": null, "nombre_pieces_principales": 0.0, "adresse_nom_voie": "ALL CLOS DU LOGIS", "price_per_sqm": null, "date_iso": "2025-06-06", "parcelle": "77153000AD0304", "addr_num": "9304"}}, {"type": "Feature", "geometry": {"type": "Point", "coordinates": [2.688705, 49.052767]}, "properties": {"year": 2025, "valeur_fonciere": 319000.0, "type_local": "Dépendance", "surface_reelle_bati": null, "nombre_pieces_principales": 0.0, "adresse_nom_voie": "AV DES SABLONS", "price_per_sqm": null, "date_iso": "2025-06-18", "parcelle": "77153000AH0508", "addr_num": "3"}}, {"type": "Feature", "geometry": {"type": "Point", "coordinates": [2.688705, 49.052767]}, "properties": {"year": 2025, "valeur_fonciere": 319000.0, "type_local": "Maison", "surface_reelle_bati": 89.0, "nombre_pieces_principales": 5.0, "adresse_nom_voie": "AV DES SABLONS", "price_per_sqm": 3584.2696629213483, "date_iso": "2025-06-18", "parcelle": "77153000AH0508", "addr_num": "3"}}, {"type": "Feature", "geometry": {"type": "Point", "coordinates": [2.698421, 49.059783]}, "properties": {"year": 2025, "valeur_fonciere": 253000.0, "type_local": "Dépendance", "surface_reelle_bati": null, "nombre_pieces_principales": 0.0, "adresse_nom_voie": "RUE DU DIX NEUF MARS 1962", "price_per_sqm": null, "date_iso": "2025-06-17", "parcelle": "77153000AM0308", "addr_num": "14"}}, {"type": "Feature", "geometry": {"type": "Point", "coordinates": [2.698421, 49.059783]}, "properties": {"year": 2025, "valeur_fonciere": 253000.0, "type_local": "Dépendance", "surface_reelle_bati": null, "nombre_pieces_principales": 0.0, "adresse_nom_voie": "RUE DU DIX NEUF MARS 1962", "price_per_sqm": null, "date_iso": "2025-06-17", "parcelle": "77153000AM0308", "addr_num": "14"}}, {"type": "Feature", "geometry": {"type": "Point", "coordinates": [2.698421, 49.059783]}, "properties": {"year": 2025, "valeur_fonciere": 253000.0, "type_local": "Maison", "surface_reelle_bati": 75.0, "nombre_pieces_principales": 4.0, "adresse_nom_voie": "RUE DU DIX NEUF MARS 1962", "price_per_sqm": 3373.3333333333335, "date_iso": "2025-06-17", "parcelle": "77153000AM0308", "addr_num": "14"}}, {"type": "Feature", "geometry": {"type": "Point", "coordinates": [2.698421, 49.059783]}, "properties": {"year": 2025, "valeur_fonciere": 253000.0, "type_local": "Dépendance", "surface_reelle_bati": null, "nombre_pieces_principales": 0.0, "adresse_nom_voie": "RUE DU DIX NEUF MARS 1962", "price_per_sqm": null, "date_iso": "2025-06-17", "parcelle": "77153000AM0308", "addr_num": "14"}}, {"type": "Feature", "geometry": {"type": "Point", "coordinates": [2.698421, 49.059783]}, "properties": {"year": 2025, "valeur_fonciere": 253000.0, "type_local": "Maison", "surface_reelle_bati": 75.0, "nombre_pieces_principales": 4.0, "adresse_nom_voie": "RUE DU DIX NEUF MARS 1962", "price_per_sqm": 3373.3333333333335, "date_iso": "2025-06-17", "parcelle": "77153000AM0308", "addr_num": "14"}}, {"type": "Feature", "geometry": {"type": "Point", "coordinates": [2.698421, 49.059783]}, "properties": {"year": 2025, "valeur_fonciere": 253000.0, "type_local": "Dépendance", "surface_reelle_bati": null, "nombre_pieces_principales": 0.0, "adresse_nom_voie": "RUE DU DIX NEUF MARS 1962", "price_per_sqm": null, "date_iso": "2025-06-17", "parcelle": "77153000AM0308", "addr_num": "14"}}, {"type": "Feature", "geometry": {"type": "Point", "coordinates": [2.677526, 49.055328]}, "properties": {"year": 2025, "valeur_fonciere": 130000.0, "type_local": "Appartement", "surface_reelle_bati": 36.0, "nombre_pieces_principales": 2.0, "adresse_nom_voie": "RUE SAINT JEAN", "price_per_sqm": 3611.1111111111113, "date_iso": "2025-06-16", "parcelle": "77153000AB0295", "addr_num": "11"}}, {"type": "Feature", "geometry": {"type": "Point", "coordinates": [2.677526, 49.055328]}, "properties": {"year": 2025, "valeur_fonciere": 130000.0, "type_local": "Dépendance", "surface_reelle_bati": null, "nombre_pieces_principales": 0.0, "adresse_nom_voie": "RUE SAINT JEAN", "price_per_sqm": null, "date_iso": "2025-06-16", "parcelle": "77153000AB0295", "addr_num": "11"}}, {"type": "Feature", "geometry": {"type": "Point", "coordinates": [2.680121, 49.063184]}, "properties": {"year": 2025, "valeur_fonciere": 269900.0, "type_local": "Maison", "surface_reelle_bati": 78.0, "nombre_pieces_principales": 4.0, "adresse_nom_voie": "RUE ANNE FRANCK", "price_per_sqm": 3460.25641025641, "date_iso": "2025-05-27", "parcelle": "771530000A0943", "addr_num": "12"}}, {"type": "Feature", "geometry": {"type": "Point", "coordinates": [2.679969, 49.063167]}, "properties": {"year": 2025, "valeur_fonciere": 269900.0, "type_local": "Dépendance", "surface_reelle_bati": null, "nombre_pieces_principales": 0.0, "adresse_nom_voie": "RUE ANNE FRANCK", "price_per_sqm": null, "date_iso": "2025-05-27", "parcelle": "771530000A0972", "addr_num": "12"}}, {"type": "Feature", "geometry": {"type": "Point", "coordinates": [2.679969, 49.063167]}, "properties": {"year": 2025, "valeur_fonciere": 269900.0, "type_local": "Dépendance", "surface_reelle_bati": null, "nombre_pieces_principales": 0.0, "adresse_nom_voie": "RUE ANNE FRANCK", "price_per_sqm": null, "date_iso": "2025-05-27", "parcelle": "771530000A0972", "addr_num": "12"}}, {"type": "Feature", "geometry": {"type": "Point", "coordinates": [2.677413, 49.054797]}, "properties": {"year": 2025, "valeur_fonciere": 185000.0, "type_local": "Appartement", "surface_reelle_bati": 69.0, "nombre_pieces_principales": 4.0, "adresse_nom_voie": "RUE SAINT JEAN", "price_per_sqm": 2681.159420289855, "date_iso": "2025-05-26", "parcelle": "77153000AB0021", "addr_num": "5"}}, {"type": "Feature", "geometry": {"type": "Point", "coordinates": [2.677413, 49.054797]}, "properties": {"year": 2025, "valeur_fonciere": 185000.0, "type_local": "Dépendance", "surface_reelle_bati": null, "nombre_pieces_principales": 0.0, "adresse_nom_voie": "RUE SAINT JEAN", "price_per_sqm": null, "date_iso": "2025-05-26", "parcelle": "77153000AB0021", "addr_num": "5"}}, {"type": "Feature", "geometry": {"type": "Point", "coordinates": [2.677413, 49.054797]}, "properties": {"year": 2025, "valeur_fonciere": 185000.0, "type_local": "Dépendance", "surface_reelle_bati": null, "nombre_pieces_principales": 0.0, "adresse_nom_voie": "RUE SAINT JEAN", "price_per_sqm": null, "date_iso": "2025-05-26", "parcelle": "77153000AB0021", "addr_num": "5"}}, {"type": "Feature", "geometry": {"type": "Point", "coordinates": [2.690851, 49.054409]}, "properties": {"year": 2025, "valeur_fonciere": 273000.0, "type_local": "Maison", "surface_reelle_bati": 92.0, "nombre_pieces_principales": 5.0, "adresse_nom_voie": "PL DES CHATAIGNIERS", "price_per_sqm": 2967.391304347826, "date_iso": "2025-06-20", "parcelle": "77153000AL0304", "addr_num": "3"}}, {"type": "Feature", "geometry": {"type": "Point", "coordinates": [2.683913, 49.063848]}, "properties": {"year": 2025, "valeur_fonciere": 282400.0, "type_local": "Maison", "surface_reelle_bati": 89.0, "nombre_pieces_principales": 4.0, "adresse_nom_voie": "RUE RACINE", "price_per_sqm": 3173.0337078651687, "date_iso": "2025-06-23", "parcelle": "77153000AO0348", "addr_num": "24"}}, {"type": "Feature", "geometry": {"type": "Point", "coordinates": [2.676844, 49.053486]}, "properties": {"year": 2025, "valeur_fonciere": 150000.0, "type_local": "Dépendance", "surface_reelle_bati": null, "nombre_pieces_principales": 0.0, "adresse_nom_voie": "RUE DU GENERAL DE GAULLE", "price_per_sqm": null, "date_iso": "2025-06-30", "parcelle": "77153000AB0342", "addr_num": "34"}}, {"type": "Feature", "geometry": {"type": "Point", "coordinates": [2.676844, 49.053486]}, "properties": {"year": 2025, "valeur_fonciere": 150000.0, "type_local": "Appartement", "surface_reelle_bati": 43.0, "nombre_pieces_principales": 2.0, "adresse_nom_voie": "RUE DU GENERAL DE GAULLE", "price_per_sqm": 3488.3720930232557, "date_iso": "2025-06-30", "parcelle": "77153000AB0342", "addr_num": "34"}}, {"type": "Feature", "geometry": {"type": "Point", "coordinates": [2.676844, 49.053486]}, "properties": {"year": 2025, "valeur_fonciere": 150000.0, "type_local": "Dépendance", "surface_reelle_bati": null, "nombre_pieces_principales": 0.0, "adresse_nom_voie": "RUE DU GENERAL DE GAULLE", "price_per_sqm": null, "date_iso": "2025-06-30", "parcelle": "77153000AB0342", "addr_num": "34"}}, {"type": "Feature", "geometry": {"type": "Point", "coordinates": [2.675899, 49.053792]}, "properties": {"year": 2025, "valeur_fonciere": 200000.0, "type_local": "Maison", "surface_reelle_bati": 70.0, "nombre_pieces_principales": 4.0, "adresse_nom_voie": "RUE DU JEU D ARC", "price_per_sqm": 2857.1428571428573, "date_iso": "2025-06-26", "parcelle": "77153000AB0338", "addr_num": "7"}}, {"type": "Feature", "geometry": {"type": "Point", "coordinates": [2.690006, 49.05962]}, "properties": {"year": 2025, "valeur_fonciere": 335000.0, "type_local": "Maison", "surface_reelle_bati": 105.0, "nombre_pieces_principales": 6.0, "adresse_nom_voie": "RUE DES BERGAMOTTES", "price_per_sqm": 3190.4761904761904, "date_iso": "2025-06-26", "parcelle": "77153000AK0111", "addr_num": "39"}}, {"type": "Feature", "geometry": {"type": "Point", "coordinates": [2.690006, 49.05962]}, "properties": {"year": 2025, "valeur_fonciere": 335000.0, "type_local": "Dépendance", "surface_reelle_bati": null, "nombre_pieces_principales": 0.0, "adresse_nom_voie": "RUE DES BERGAMOTTES", "price_per_sqm": null, "date_iso": "2025-06-26", "parcelle": "77153000AK0111", "addr_num": "39"}}, {"type": "Feature", "geometry": {"type": "Point", "coordinates": [2.688872, 49.063881]}, "properties": {"year": 2025, "valeur_fonciere": 354000.0, "type_local": "Maison", "surface_reelle_bati": 98.0, "nombre_pieces_principales": 4.0, "adresse_nom_voie": "ALL DE LA MARE A DUMEZ", "price_per_sqm": 3612.2448979591836, "date_iso": "2025-06-25", "parcelle": "77153000AN0233", "addr_num": "42"}}, {"type": "Feature", "geometry": {"type": "Point", "coordinates": [2.679853, 49.053887]}, "properties": {"year": 2025, "valeur_fonciere": 145000.0, "type_local": "Appartement", "surface_reelle_bati": 51.0, "nombre_pieces_principales": 2.0, "adresse_nom_voie": "RUE DE LA LIBERATION", "price_per_sqm": 2843.1372549019607, "date_iso": "2025-06-13", "parcelle": "77153000AD0002", "addr_num": "1"}}, {"type": "Feature", "geometry": {"type": "Point", "coordinates": [2.679853, 49.053887]}, "properties": {"year": 2025, "valeur_fonciere": 145000.0, "type_local": "Dépendance", "surface_reelle_bati": null, "nombre_pieces_principales": 0.0, "adresse_nom_voie": "RUE DE LA LIBERATION", "price_per_sqm": null, "date_iso": "2025-06-13", "parcelle": "77153000AD0002", "addr_num": "1"}}, {"type": "Feature", "geometry": {"type": "Point", "coordinates": [2.684255, 49.061697]}, "properties": {"year": 2025, "valeur_fonciere": 400000.0, "type_local": "Maison", "surface_reelle_bati": 95.0, "nombre_pieces_principales": 5.0, "adresse_nom_voie": "RUE DOM GANNERON", "price_per_sqm": 4210.526315789473, "date_iso": "2025-07-04", "parcelle": "77153000AO0438", "addr_num": "9"}}, {"type": "Feature", "geometry": {"type": "Point", "coordinates": [2.684255, 49.061697]}, "properties": {"year": 2025, "valeur_fonciere": 400000.0, "type_local": "Maison", "surface_reelle_bati": 95.0, "nombre_pieces_principales": 5.0, "adresse_nom_voie": "RUE DOM GANNERON", "price_per_sqm": 4210.526315789473, "date_iso": "2025-07-04", "parcelle": "77153000AO0438", "addr_num": "9"}}, {"type": "Feature", "geometry": {"type": "Point", "coordinates": [2.690704, 49.058575]}, "properties": {"year": 2025, "valeur_fonciere": 327000.0, "type_local": "Dépendance", "surface_reelle_bati": null, "nombre_pieces_principales": 0.0, "adresse_nom_voie": "AV DU DRAP D OR", "price_per_sqm": null, "date_iso": "2025-06-23", "parcelle": "77153000AL0097", "addr_num": "72"}}, {"type": "Feature", "geometry": {"type": "Point", "coordinates": [2.690704, 49.058575]}, "properties": {"year": 2025, "valeur_fonciere": 327000.0, "type_local": "Maison", "surface_reelle_bati": 140.0, "nombre_pieces_principales": 7.0, "adresse_nom_voie": "AV DU DRAP D OR", "price_per_sqm": 2335.714285714286, "date_iso": "2025-06-23", "parcelle": "77153000AL0097", "addr_num": "72"}}, {"type": "Feature", "geometry": {"type": "Point", "coordinates": [2.677706, 49.054121]}, "properties": {"year": 2025, "valeur_fonciere": 115000.0, "type_local": "Dépendance", "surface_reelle_bati": null, "nombre_pieces_principales": 0.0, "adresse_nom_voie": "RUE DU GENERAL DE GAULLE", "price_per_sqm": null, "date_iso": "2025-07-09", "parcelle": "77153000AB0016", "addr_num": "57"}}, {"type": "Feature", "geometry": {"type": "Point", "coordinates": [2.677706, 49.054121]}, "properties": {"year": 2025, "valeur_fonciere": 115000.0, "type_local": "Dépendance", "surface_reelle_bati": null, "nombre_pieces_principales": 0.0, "adresse_nom_voie": "RUE DU GENERAL DE GAULLE", "price_per_sqm": null, "date_iso": "2025-07-09", "parcelle": "77153000AB0016", "addr_num": "57"}}, {"type": "Feature", "geometry": {"type": "Point", "coordinates": [2.677706, 49.054121]}, "properties": {"year": 2025, "valeur_fonciere": 115000.0, "type_local": "Appartement", "surface_reelle_bati": 60.0, "nombre_pieces_principales": 3.0, "adresse_nom_voie": "RUE DU GENERAL DE GAULLE", "price_per_sqm": 1916.6666666666667, "date_iso": "2025-07-09", "parcelle": "77153000AB0016", "addr_num": "57"}}, {"type": "Feature", "geometry": {"type": "Point", "coordinates": [2.672757, 49.053583]}, "properties": {"year": 2025, "valeur_fonciere": 290000.0, "type_local": "Maison", "surface_reelle_bati": 120.0, "nombre_pieces_principales": 7.0, "adresse_nom_voie": "AV DE SAINT GUINFORT", "price_per_sqm": 2416.6666666666665, "date_iso": "2025-06-23", "parcelle": "771530000C0501", "addr_num": "51"}}, {"type": "Feature", "geometry": {"type": "Point", "coordinates": [2.672757, 49.053583]}, "properties": {"year": 2025, "valeur_fonciere": 290000.0, "type_local": "Maison", "surface_reelle_bati": 120.0, "nombre_pieces_principales": 7.0, "adresse_nom_voie": "AV DE SAINT GUINFORT", "price_per_sqm": 2416.6666666666665, "date_iso": "2025-06-23", "parcelle": "771530000C0501", "addr_num": "51"}}, {"type": "Feature", "geometry": {"type": "Point", "coordinates": [2.672591, 49.061005]}, "properties": {"year": 2025, "valeur_fonciere": 61859.55, "type_local": null, "surface_reelle_bati": null, "nombre_pieces_principales": null, "adresse_nom_voie": "LA FOLLE EMPRINCE", "price_per_sqm": null, "date_iso": "2025-07-09", "parcelle": "771530000A0521", "addr_num": ""}}, {"type": "Feature", "geometry": {"type": "Point", "coordinates": [2.67256, 49.060744]}, "properties": {"year": 2025, "valeur_fonciere": 61859.55, "type_local": null, "surface_reelle_bati": null, "nombre_pieces_principales": null, "adresse_nom_voie": "LA FOLLE EMPRINCE", "price_per_sqm": null, "date_iso": "2025-07-09", "parcelle": "771530000A0523", "addr_num": ""}}, {"type": "Feature", "geometry": {"type": "Point", "coordinates": [2.6728, 49.060814]}, "properties": {"year": 2025, "valeur_fonciere": 61859.55, "type_local": null, "surface_reelle_bati": null, "nombre_pieces_principales": null, "adresse_nom_voie": "LA FOLLE EMPRINCE", "price_per_sqm": null, "date_iso": "2025-07-09", "parcelle": "771530000A0524", "addr_num": ""}}, {"type": "Feature", "geometry": {"type": "Point", "coordinates": [2.673708, 49.060757]}, "properties": {"year": 2025, "valeur_fonciere": 61859.55, "type_local": null, "surface_reelle_bati": null, "nombre_pieces_principales": null, "adresse_nom_voie": "LA FOLLE EMPRINCE", "price_per_sqm": null, "date_iso": "2025-07-09", "parcelle": "771530000A0527", "addr_num": ""}}, {"type": "Feature", "geometry": {"type": "Point", "coordinates": [2.673424, 49.060503]}, "properties": {"year": 2025, "valeur_fonciere": 61859.55, "type_local": null, "surface_reelle_bati": null, "nombre_pieces_principales": null, "adresse_nom_voie": "LA FOLLE EMPRINCE", "price_per_sqm": null, "date_iso": "2025-07-09", "parcelle": "771530000A0528", "addr_num": ""}}, {"type": "Feature", "geometry": {"type": "Point", "coordinates": [2.676918, 49.05885]}, "properties": {"year": 2025, "valeur_fonciere": 61859.55, "type_local": null, "surface_reelle_bati": null, "nombre_pieces_principales": null, "adresse_nom_voie": "LE PUITS BLEIN", "price_per_sqm": null, "date_iso": "2025-07-09", "parcelle": "771530000A0638", "addr_num": ""}}, {"type": "Feature", "geometry": {"type": "Point", "coordinates": [2.677122, 49.059019]}, "properties": {"year": 2025, "valeur_fonciere": 61859.55, "type_local": null, "surface_reelle_bati": null, "nombre_pieces_principales": null, "adresse_nom_voie": "LE PUITS BLEIN", "price_per_sqm": null, "date_iso": "2025-07-09", "parcelle": "771530000A0639", "addr_num": ""}}, {"type": "Feature", "geometry": {"type": "Point", "coordinates": [2.677095, 49.059311]}, "properties": {"year": 2025, "valeur_fonciere": 61859.55, "type_local": null, "surface_reelle_bati": null, "nombre_pieces_principales": null, "adresse_nom_voie": "LE PUITS BLEIN", "price_per_sqm": null, "date_iso": "2025-07-09", "parcelle": "771530000A0640", "addr_num": ""}}, {"type": "Feature", "geometry": {"type": "Point", "coordinates": [2.676747, 49.05901]}, "properties": {"year": 2025, "valeur_fonciere": 61859.55, "type_local": null, "surface_reelle_bati": null, "nombre_pieces_principales": null, "adresse_nom_voie": "LE PUITS BLEIN", "price_per_sqm": null, "date_iso": "2025-07-09", "parcelle": "771530000A0641", "addr_num": ""}}, {"type": "Feature", "geometry": {"type": "Point", "coordinates": [2.676613, 49.058702]}, "properties": {"year": 2025, "valeur_fonciere": 61859.55, "type_local": null, "surface_reelle_bati": null, "nombre_pieces_principales": null, "adresse_nom_voie": "LE PUITS BLEIN", "price_per_sqm": null, "date_iso": "2025-07-09", "parcelle": "771530000A0658", "addr_num": ""}}, {"type": "Feature", "geometry": {"type": "Point", "coordinates": [2.676613, 49.058702]}, "properties": {"year": 2025, "valeur_fonciere": 61859.55, "type_local": null, "surface_reelle_bati": null, "nombre_pieces_principales": null, "adresse_nom_voie": "LE PUITS BLEIN", "price_per_sqm": null, "date_iso": "2025-07-09", "parcelle": "771530000A0658", "addr_num": ""}}, {"type": "Feature", "geometry": {"type": "Point", "coordinates": [2.672109, 49.060354]}, "properties": {"year": 2025, "valeur_fonciere": 61859.55, "type_local": null, "surface_reelle_bati": null, "nombre_pieces_principales": null, "adresse_nom_voie": "LE PUITS BLEIN", "price_per_sqm": null, "date_iso": "2025-07-09", "parcelle": "771530000A0717", "addr_num": ""}}, {"type": "Feature", "geometry": {"type": "Point", "coordinates": [2.670597, 49.057942]}, "properties": {"year": 2025, "valeur_fonciere": 61859.55, "type_local": null, "surface_reelle_bati": null, "nombre_pieces_principales": null, "adresse_nom_voie": "CHE DE SAINT LADRE PROLONGE", "price_per_sqm": null, "date_iso": "2025-07-09", "parcelle": "771530000A0904", "addr_num": ""}}, {"type": "Feature", "geometry": {"type": "Point", "coordinates": [2.670633, 49.058666]}, "properties": {"year": 2025, "valeur_fonciere": 61859.55, "type_local": null, "surface_reelle_bati": null, "nombre_pieces_principales": null, "adresse_nom_voie": "LES PETITES DUMAINES", "price_per_sqm": null, "date_iso": "2025-07-09", "parcelle": "771530000A0905", "addr_num": ""}}, {"type": "Feature", "geometry": {"type": "Point", "coordinates": [2.676327, 49.060045]}, "properties": {"year": 2025, "valeur_fonciere": 61859.55, "type_local": null, "surface_reelle_bati": null, "nombre_pieces_principales": null, "adresse_nom_voie": "LA FOLLE EMPRINCE", "price_per_sqm": null, "date_iso": "2025-07-09", "parcelle": "771530000A1453", "addr_num": ""}}, {"type": "Feature", "geometry": {"type": "Point", "coordinates": [2.676626, 49.059559]}, "properties": {"year": 2025, "valeur_fonciere": 61859.55, "type_local": null, "surface_reelle_bati": null, "nombre_pieces_principales": null, "adresse_nom_voie": "LA FOLLE EMPRINCE", "price_per_sqm": null, "date_iso": "2025-07-09", "parcelle": "771530000A1456", "addr_num": ""}}, {"type": "Feature", "geometry": {"type": "Point", "coordinates": [2.674901, 49.06506]}, "properties": {"year": 2025, "valeur_fonciere": 61859.55, "type_local": null, "surface_reelle_bati": null, "nombre_pieces_principales": null, "adresse_nom_voie": "AV AIME CESAIRE", "price_per_sqm": null, "date_iso": "2025-07-09", "parcelle": "771530000A1458", "addr_num": ""}}, {"type": "Feature", "geometry": {"type": "Point", "coordinates": [2.675278, 49.064996]}, "properties": {"year": 2025, "valeur_fonciere": 61859.55, "type_local": null, "surface_reelle_bati": null, "nombre_pieces_principales": null, "adresse_nom_voie": "AV AIME CESAIRE", "price_per_sqm": null, "date_iso": "2025-07-09", "parcelle": "771530000A1460", "addr_num": ""}}, {"type": "Feature", "geometry": {"type": "Point", "coordinates": [2.676881, 49.065332]}, "properties": {"year": 2025, "valeur_fonciere": 61859.55, "type_local": null, "surface_reelle_bati": null, "nombre_pieces_principales": null, "adresse_nom_voie": "LE GRAND PUITS BLEIN", "price_per_sqm": null, "date_iso": "2025-07-09", "parcelle": "771530000A1466", "addr_num": ""}}, {"type": "Feature", "geometry": {"type": "Point", "coordinates": [2.676685, 49.064952]}, "properties": {"year": 2025, "valeur_fonciere": 61859.55, "type_local": null, "surface_reelle_bati": null, "nombre_pieces_principales": null, "adresse_nom_voie": "LE GRAND PUITS BLEIN", "price_per_sqm": null, "date_iso": "2025-07-09", "parcelle": "771530000A1468", "addr_num": ""}}, {"type": "Feature", "geometry": {"type": "Point", "coordinates": [2.67526, 49.064307]}, "properties": {"year": 2025, "valeur_fonciere": 61859.55, "type_local": null, "surface_reelle_bati": null, "nombre_pieces_principales": null, "adresse_nom_voie": "RUE LEONARD DE VINCI", "price_per_sqm": null, "date_iso": "2025-07-09", "parcelle": "771530000A1480", "addr_num": ""}}, {"type": "Feature", "geometry": {"type": "Point", "coordinates": [2.675365, 49.063247]}, "properties": {"year": 2025, "valeur_fonciere": 61859.55, "type_local": null, "surface_reelle_bati": null, "nombre_pieces_principales": null, "adresse_nom_voie": "RUE LEONARD DE VINCI", "price_per_sqm": null, "date_iso": "2025-07-09", "parcelle": "771530000A1484", "addr_num": ""}}, {"type": "Feature", "geometry": {"type": "Point", "coordinates": [2.675347, 49.062516]}, "properties": {"year": 2025, "valeur_fonciere": 61859.55, "type_local": null, "surface_reelle_bati": null, "nombre_pieces_principales": null, "adresse_nom_voie": "RUE LEONARD DE VINCI", "price_per_sqm": null, "date_iso": "2025-07-09", "parcelle": "771530000A1506", "addr_num": ""}}, {"type": "Feature", "geometry": {"type": "Point", "coordinates": [2.675421, 49.062638]}, "properties": {"year": 2025, "valeur_fonciere": 61859.55, "type_local": null, "surface_reelle_bati": null, "nombre_pieces_principales": null, "adresse_nom_voie": "LES PRES D OTHIS", "price_per_sqm": null, "date_iso": "2025-07-09", "parcelle": "771530000A1507", "addr_num": ""}}, {"type": "Feature", "geometry": {"type": "Point", "coordinates": [2.674383, 49.062505]}, "properties": {"year": 2025, "valeur_fonciere": 61859.55, "type_local": null, "surface_reelle_bati": null, "nombre_pieces_principales": null, "adresse_nom_voie": "RUE NELSON MANDELA", "price_per_sqm": null, "date_iso": "2025-07-09", "parcelle": "771530000A1555", "addr_num": ""}}, {"type": "Feature", "geometry": {"type": "Point", "coordinates": [2.674951, 49.062378]}, "properties": {"year": 2025, "valeur_fonciere": 61859.55, "type_local": null, "surface_reelle_bati": null, "nombre_pieces_principales": null, "adresse_nom_voie": "RUE LEONARD DE VINCI", "price_per_sqm": null, "date_iso": "2025-07-09", "parcelle": "771530000A1556", "addr_num": ""}}, {"type": "Feature", "geometry": {"type": "Point", "coordinates": [2.675529, 49.062448]}, "properties": {"year": 2025, "valeur_fonciere": 61859.55, "type_local": null, "surface_reelle_bati": null, "nombre_pieces_principales": null, "adresse_nom_voie": "RUE LEONARD DE VINCI", "price_per_sqm": null, "date_iso": "2025-07-09", "parcelle": "771530000A1557", "addr_num": ""}}, {"type": "Feature", "geometry": {"type": "Point", "coordinates": [2.6754, 49.062097]}, "properties": {"year": 2025, "valeur_fonciere": 61859.55, "type_local": null, "surface_reelle_bati": null, "nombre_pieces_principales": null, "adresse_nom_voie": "RUE LEONARD DE VINCI", "price_per_sqm": null, "date_iso": "2025-07-09", "parcelle": "771530000A1558", "addr_num": ""}}, {"type": "Feature", "geometry": {"type": "Point", "coordinates": [2.67439, 49.061173]}, "properties": {"year": 2025, "valeur_fonciere": 61859.55, "type_local": null, "surface_reelle_bati": null, "nombre_pieces_principales": null, "adresse_nom_voie": "RUE NELSON MANDELA", "price_per_sqm": null, "date_iso": "2025-07-09", "parcelle": "771530000A1572", "addr_num": ""}}, {"type": "Feature", "geometry": {"type": "Point", "coordinates": [2.675376, 49.061296]}, "properties": {"year": 2025, "valeur_fonciere": 61859.55, "type_local": null, "surface_reelle_bati": null, "nombre_pieces_principales": null, "adresse_nom_voie": "RUE LEONARD DE VINCI", "price_per_sqm": null, "date_iso": "2025-07-09", "parcelle": "771530000A1573", "addr_num": ""}}, {"type": "Feature", "geometry": {"type": "Point", "coordinates": [2.675072, 49.060901]}, "properties": {"year": 2025, "valeur_fonciere": 61859.55, "type_local": null, "surface_reelle_bati": null, "nombre_pieces_principales": null, "adresse_nom_voie": "LA FOLLE EMPRINCE", "price_per_sqm": null, "date_iso": "2025-07-09", "parcelle": "771530000A1574", "addr_num": ""}}, {"type": "Feature", "geometry": {"type": "Point", "coordinates": [2.674265, 49.06086]}, "properties": {"year": 2025, "valeur_fonciere": 61859.55, "type_local": null, "surface_reelle_bati": null, "nombre_pieces_principales": null, "adresse_nom_voie": "LA FOLLE EMPRINCE", "price_per_sqm": null, "date_iso": "2025-07-09", "parcelle": "771530000A1641", "addr_num": ""}}, {"type": "Feature", "geometry": {"type": "Point", "coordinates": [2.675808, 49.060504]}, "properties": {"year": 2025, "valeur_fonciere": 61859.55, "type_local": null, "surface_reelle_bati": null, "nombre_pieces_principales": null, "adresse_nom_voie": "LA FOLLE EMPRINCE", "price_per_sqm": null, "date_iso": "2025-07-09", "parcelle": "771530000A1648", "addr_num": ""}}, {"type": "Feature", "geometry": {"type": "Point", "coordinates": [2.675861, 49.060367]}, "properties": {"year": 2025, "valeur_fonciere": 61859.55, "type_local": null, "surface_reelle_bati": null, "nombre_pieces_principales": null, "adresse_nom_voie": "LA FOLLE EMPRINCE", "price_per_sqm": null, "date_iso": "2025-07-09", "parcelle": "771530000A1649", "addr_num": ""}}, {"type": "Feature", "geometry": {"type": "Point", "coordinates": [2.674161, 49.060829]}, "properties": {"year": 2025, "valeur_fonciere": 61859.55, "type_local": null, "surface_reelle_bati": null, "nombre_pieces_principales": null, "adresse_nom_voie": "LA FOLLE EMPRINCE", "price_per_sqm": null, "date_iso": "2025-07-09", "parcelle": "771530000A1650", "addr_num": ""}}, {"type": "Feature", "geometry": {"type": "Point", "coordinates": [2.67383, 49.06046]}, "properties": {"year": 2025, "valeur_fonciere": 61859.55, "type_local": null, "surface_reelle_bati": null, "nombre_pieces_principales": null, "adresse_nom_voie": "LA FOLLE EMPRINCE", "price_per_sqm": null, "date_iso": "2025-07-09", "parcelle": "771530000A1651", "addr_num": ""}}, {"type": "Feature", "geometry": {"type": "Point", "coordinates": [2.678744, 49.066297]}, "properties": {"year": 2025, "valeur_fonciere": 61859.55, "type_local": null, "surface_reelle_bati": null, "nombre_pieces_principales": null, "adresse_nom_voie": "LES PRES D OTHIS", "price_per_sqm": null, "date_iso": "2025-07-09", "parcelle": "771530000A1698", "addr_num": ""}}, {"type": "Feature", "geometry": {"type": "Point", "coordinates": [2.677049, 49.059522]}, "properties": {"year": 2025, "valeur_fonciere": 61859.55, "type_local": null, "surface_reelle_bati": null, "nombre_pieces_principales": null, "adresse_nom_voie": "LA FOLLE EMPRINCE", "price_per_sqm": null, "date_iso": "2025-07-09", "parcelle": "771530000A1700", "addr_num": ""}}, {"type": "Feature", "geometry": {"type": "Point", "coordinates": [2.680748, 49.062505]}, "properties": {"year": 2025, "valeur_fonciere": 61859.55, "type_local": null, "surface_reelle_bati": null, "nombre_pieces_principales": null, "adresse_nom_voie": "AV DE L EUROPE", "price_per_sqm": null, "date_iso": "2025-07-09", "parcelle": "771530000A1702", "addr_num": ""}}, {"type": "Feature", "geometry": {"type": "Point", "coordinates": [2.676579, 49.062738]}, "properties": {"year": 2025, "valeur_fonciere": 61859.55, "type_local": null, "surface_reelle_bati": null, "nombre_pieces_principales": null, "adresse_nom_voie": "LES PRES D OTHIS", "price_per_sqm": null, "date_iso": "2025-07-09", "parcelle": "771530000A1704", "addr_num": ""}}, {"type": "Feature", "geometry": {"type": "Point", "coordinates": [2.676146, 49.062618]}, "properties": {"year": 2025, "valeur_fonciere": 61859.55, "type_local": null, "surface_reelle_bati": null, "nombre_pieces_principales": null, "adresse_nom_voie": "LES PRES D OTHIS", "price_per_sqm": null, "date_iso": "2025-07-09", "parcelle": "771530000A1706", "addr_num": ""}}, {"type": "Feature", "geometry": {"type": "Point", "coordinates": [2.673388, 49.061494]}, "properties": {"year": 2025, "valeur_fonciere": 61859.55, "type_local": null, "surface_reelle_bati": null, "nombre_pieces_principales": null, "adresse_nom_voie": "RUE JACQUELINE AURIOL", "price_per_sqm": null, "date_iso": "2025-07-09", "parcelle": "771530000A1748", "addr_num": ""}}, {"type": "Feature", "geometry": {"type": "Point", "coordinates": [2.673299, 49.061054]}, "properties": {"year": 2025, "valeur_fonciere": 61859.55, "type_local": null, "surface_reelle_bati": null, "nombre_pieces_principales": null, "adresse_nom_voie": "RUE JACQUELINE AURIOL", "price_per_sqm": null, "date_iso": "2025-07-09", "parcelle": "771530000A1771", "addr_num": ""}}, {"type": "Feature", "geometry": {"type": "Point", "coordinates": [2.675848, 49.065417]}, "properties": {"year": 2025, "valeur_fonciere": 61859.55, "type_local": null, "surface_reelle_bati": null, "nombre_pieces_principales": null, "adresse_nom_voie": "RUE JACQUELINE AURIOL", "price_per_sqm": null, "date_iso": "2025-07-09", "parcelle": "771530000A1779", "addr_num": "13"}}, {"type": "Feature", "geometry": {"type": "Point", "coordinates": [2.674891, 49.065078]}, "properties": {"year": 2025, "valeur_fonciere": 61859.55, "type_local": null, "surface_reelle_bati": null, "nombre_pieces_principales": null, "adresse_nom_voie": "LE GRAND PUITS BLEIN", "price_per_sqm": null, "date_iso": "2025-07-09", "parcelle": "771530000A1780", "addr_num": ""}}, {"type": "Feature", "geometry": {"type": "Point", "coordinates": [2.674841, 49.065289]}, "properties": {"year": 2025, "valeur_fonciere": 61859.55, "type_local": null, "surface_reelle_bati": null, "nombre_pieces_principales": null, "adresse_nom_voie": "LE GRAND PUITS BLEIN", "price_per_sqm": null, "date_iso": "2025-07-09", "parcelle": "771530000A1784", "addr_num": ""}}, {"type": "Feature", "geometry": {"type": "Point", "coordinates": [2.675075, 49.065001]}, "properties": {"year": 2025, "valeur_fonciere": 61859.55, "type_local": null, "surface_reelle_bati": null, "nombre_pieces_principales": null, "adresse_nom_voie": "AV AIME CESAIRE", "price_per_sqm": null, "date_iso": "2025-07-09", "parcelle": "771530000A1785", "addr_num": ""}}, {"type": "Feature", "geometry": {"type": "Point", "coordinates": [2.67582, 49.064935]}, "properties": {"year": 2025, "valeur_fonciere": 61859.55, "type_local": null, "surface_reelle_bati": null, "nombre_pieces_principales": null, "adresse_nom_voie": "RUE COCO CHANEL", "price_per_sqm": null, "date_iso": "2025-07-09", "parcelle": "771530000A1788", "addr_num": "13"}}, {"type": "Feature", "geometry": {"type": "Point", "coordinates": [2.675123, 49.063839]}, "properties": {"year": 2025, "valeur_fonciere": 61859.55, "type_local": null, "surface_reelle_bati": null, "nombre_pieces_principales": null, "adresse_nom_voie": "LE GRAND PUITS BLEIN", "price_per_sqm": null, "date_iso": "2025-07-09", "parcelle": "771530000A1790", "addr_num": ""}}, {"type": "Feature", "geometry": {"type": "Point", "coordinates": [2.674257, 49.063448]}, "properties": {"year": 2025, "valeur_fonciere": 61859.55, "type_local": "Local industriel. commercial ou assimilé", "surface_reelle_bati": null, "nombre_pieces_principales": 0.0, "adresse_nom_voie": "RUE NELSON MANDELA", "price_per_sqm": null, "date_iso": "2025-07-09", "parcelle": "771530000A1792", "addr_num": "33"}}, {"type": "Feature", "geometry": {"type": "Point", "coordinates": [2.673499, 49.062068]}, "properties": {"year": 2025, "valeur_fonciere": 61859.55, "type_local": null, "surface_reelle_bati": null, "nombre_pieces_principales": null, "adresse_nom_voie": "RUE JACQUELINE AURIOL", "price_per_sqm": null, "date_iso": "2025-07-09", "parcelle": "771530000A1794", "addr_num": ""}}, {"type": "Feature", "geometry": {"type": "Point", "coordinates": [2.671736, 49.063849]}, "properties": {"year": 2025, "valeur_fonciere": 61859.55, "type_local": "Local industriel. commercial ou assimilé", "surface_reelle_bati": null, "nombre_pieces_principales": 0.0, "adresse_nom_voie": "LA FOLLE EMPRINCE", "price_per_sqm": null, "date_iso": "2025-07-09", "parcelle": "771530000A1851", "addr_num": "9001"}}, {"type": "Feature", "geometry": {"type": "Point", "coordinates": [2.670148, 49.064193]}, "properties": {"year": 2025, "valeur_fonciere": 61859.55, "type_local": null, "surface_reelle_bati": null, "nombre_pieces_principales": null, "adresse_nom_voie": "RUE ROSA PARKS", "price_per_sqm": null, "date_iso": "2025-07-09", "parcelle": "771530000A1853", "addr_num": ""}}, {"type": "Feature", "geometry": {"type": "Point", "coordinates": [2.671782, 49.061784]}, "properties": {"year": 2025, "valeur_fonciere": 61859.55, "type_local": null, "surface_reelle_bati": null, "nombre_pieces_principales": null, "adresse_nom_voie": "LE GRAND PUITS BLEIN", "price_per_sqm": null, "date_iso": "2025-07-09", "parcelle": "771530000A1937", "addr_num": ""}}, {"type": "Feature", "geometry": {"type": "Point", "coordinates": [2.671927, 49.062752]}, "properties": {"year": 2025, "valeur_fonciere": 61859.55, "type_local": null, "surface_reelle_bati": null, "nombre_pieces_principales": null, "adresse_nom_voie": "LE GRAND PUITS BLEIN", "price_per_sqm": null, "date_iso": "2025-07-09", "parcelle": "771530000A1938", "addr_num": ""}}, {"type": "Feature", "geometry": {"type": "Point", "coordinates": [2.669442, 49.063146]}, "properties": {"year": 2025, "valeur_fonciere": 61859.55, "type_local": null, "surface_reelle_bati": null, "nombre_pieces_principales": null, "adresse_nom_voie": "LE GRAND PUITS BLEIN", "price_per_sqm": null, "date_iso": "2025-07-09", "parcelle": "771530000A1939", "addr_num": ""}}, {"type": "Feature", "geometry": {"type": "Point", "coordinates": [2.669611, 49.062665]}, "properties": {"year": 2025, "valeur_fonciere": 61859.55, "type_local": null, "surface_reelle_bati": null, "nombre_pieces_principales": null, "adresse_nom_voie": "LE GRAND PUITS BLEIN", "price_per_sqm": null, "date_iso": "2025-07-09", "parcelle": "771530000A1940", "addr_num": ""}}, {"type": "Feature", "geometry": {"type": "Point", "coordinates": [2.672545, 49.062262]}, "properties": {"year": 2025, "valeur_fonciere": 61859.55, "type_local": null, "surface_reelle_bati": null, "nombre_pieces_principales": null, "adresse_nom_voie": "RUE SIMONE VEIL", "price_per_sqm": null, "date_iso": "2025-07-09", "parcelle": "771530000A1973", "addr_num": ""}}, {"type": "Feature", "geometry": {"type": "Point", "coordinates": [2.674442, 49.064043]}, "properties": {"year": 2025, "valeur_fonciere": 61859.55, "type_local": null, "surface_reelle_bati": null, "nombre_pieces_principales": null, "adresse_nom_voie": "LE GRAND PUITS BLEIN", "price_per_sqm": null, "date_iso": "2025-07-09", "parcelle": "771530000A2006", "addr_num": ""}}, {"type": "Feature", "geometry": {"type": "Point", "coordinates": [2.674881, 49.064741]}, "properties": {"year": 2025, "valeur_fonciere": 61859.55, "type_local": null, "surface_reelle_bati": null, "nombre_pieces_principales": null, "adresse_nom_voie": "LE GRAND PUITS BLEIN", "price_per_sqm": null, "date_iso": "2025-07-09", "parcelle": "771530000A2007", "addr_num": ""}}, {"type": "Feature", "geometry": {"type": "Point", "coordinates": [2.674537, 49.065257]}, "properties": {"year": 2025, "valeur_fonciere": 61859.55, "type_local": null, "surface_reelle_bati": null, "nombre_pieces_principales": null, "adresse_nom_voie": "LE GRAND PUITS BLEIN", "price_per_sqm": null, "date_iso": "2025-07-09", "parcelle": "771530000A2008", "addr_num": ""}}, {"type": "Feature", "geometry": {"type": "Point", "coordinates": [2.670891, 49.062158]}, "properties": {"year": 2025, "valeur_fonciere": 61859.55, "type_local": null, "surface_reelle_bati": null, "nombre_pieces_principales": null, "adresse_nom_voie": "LE GRAND PUITS BLEIN", "price_per_sqm": null, "date_iso": "2025-07-09", "parcelle": "771530000A2135", "addr_num": ""}}, {"type": "Feature", "geometry": {"type": "Point", "coordinates": [2.671846, 49.062793]}, "properties": {"year": 2025, "valeur_fonciere": 61859.55, "type_local": "Local industriel. commercial ou assimilé", "surface_reelle_bati": null, "nombre_pieces_principales": 0.0, "adresse_nom_voie": "LE GRAND PUITS BLEIN", "price_per_sqm": null, "date_iso": "2025-07-09", "parcelle": "771530000A2136", "addr_num": "9001"}}, {"type": "Feature", "geometry": {"type": "Point", "coordinates": [2.690391, 49.063459]}, "properties": {"year": 2025, "valeur_fonciere": 61859.55, "type_local": null, "surface_reelle_bati": null, "nombre_pieces_principales": null, "adresse_nom_voie": "ALL DE LA MARE A DUMEZ", "price_per_sqm": null, "date_iso": "2025-07-09", "parcelle": "77153000AN0197", "addr_num": ""}}, {"type": "Feature", "geometry": {"type": "Point", "coordinates": [2.690322, 49.063502]}, "properties": {"year": 2025, "valeur_fonciere": 61859.55, "type_local": null, "surface_reelle_bati": null, "nombre_pieces_principales": null, "adresse_nom_voie": "ALL DE LA MARE A DUMEZ", "price_per_sqm": null, "date_iso": "2025-07-09", "parcelle": "77153000AN0198", "addr_num": ""}}, {"type": "Feature", "geometry": {"type": "Point", "coordinates": [2.689665, 49.06315]}, "properties": {"year": 2025, "valeur_fonciere": 61859.55, "type_local": null, "surface_reelle_bati": null, "nombre_pieces_principales": null, "adresse_nom_voie": "ALL DE LA MARE A DUMEZ", "price_per_sqm": null, "date_iso": "2025-07-09", "parcelle": "77153000AN0210", "addr_num": ""}}, {"type": "Feature", "geometry": {"type": "Point", "coordinates": [2.687977, 49.063344]}, "properties": {"year": 2025, "valeur_fonciere": 61859.55, "type_local": null, "surface_reelle_bati": null, "nombre_pieces_principales": null, "adresse_nom_voie": "RTE D EVE", "price_per_sqm": null, "date_iso": "2025-07-09", "parcelle": "77153000AN0215", "addr_num": ""}}, {"type": "Feature", "geometry": {"type": "Point", "coordinates": [2.689882, 49.062707]}, "properties": {"year": 2025, "valeur_fonciere": 61859.55, "type_local": null, "surface_reelle_bati": null, "nombre_pieces_principales": null, "adresse_nom_voie": "ALL DE LA MARE A DUMEZ", "price_per_sqm": null, "date_iso": "2025-07-09", "parcelle": "77153000AN0219", "addr_num": ""}}, {"type": "Feature", "geometry": {"type": "Point", "coordinates": [2.68987, 49.062924]}, "properties": {"year": 2025, "valeur_fonciere": 61859.55, "type_local": null, "surface_reelle_bati": null, "nombre_pieces_principales": null, "adresse_nom_voie": "ALL DE LA MARE A DUMEZ", "price_per_sqm": null, "date_iso": "2025-07-09", "parcelle": "77153000AN0220", "addr_num": ""}}, {"type": "Feature", "geometry": {"type": "Point", "coordinates": [2.690365, 49.063792]}, "properties": {"year": 2025, "valeur_fonciere": 61859.55, "type_local": null, "surface_reelle_bati": null, "nombre_pieces_principales": null, "adresse_nom_voie": "ALL DE LA MARE A DUMEZ", "price_per_sqm": null, "date_iso": "2025-07-09", "parcelle": "77153000AN0247", "addr_num": "26"}}, {"type": "Feature", "geometry": {"type": "Point", "coordinates": [2.688538, 49.063893]}, "properties": {"year": 2025, "valeur_fonciere": 61859.55, "type_local": null, "surface_reelle_bati": null, "nombre_pieces_principales": null, "adresse_nom_voie": "RTE D EVE", "price_per_sqm": null, "date_iso": "2025-07-09", "parcelle": "77153000AN0248", "addr_num": ""}}, {"type": "Feature", "geometry": {"type": "Point", "coordinates": [2.689103, 49.063571]}, "properties": {"year": 2025, "valeur_fonciere": 61859.55, "type_local": null, "surface_reelle_bati": null, "nombre_pieces_principales": null, "adresse_nom_voie": "ALL DE LA MARE A DUMEZ", "price_per_sqm": null, "date_iso": "2025-07-09", "parcelle": "77153000AN0249", "addr_num": ""}}, {"type": "Feature", "geometry": {"type": "Point", "coordinates": [2.688128, 49.063487]}, "properties": {"year": 2025, "valeur_fonciere": 61859.55, "type_local": null, "surface_reelle_bati": null, "nombre_pieces_principales": null, "adresse_nom_voie": "RTE D EVE", "price_per_sqm": null, "date_iso": "2025-07-09", "parcelle": "77153000AN0254", "addr_num": ""}}, {"type": "Feature", "geometry": {"type": "Point", "coordinates": [2.688467, 49.063382]}, "properties": {"year": 2025, "valeur_fonciere": 61859.55, "type_local": null, "surface_reelle_bati": null, "nombre_pieces_principales": null, "adresse_nom_voie": "ALL DE LA MARE A DUMEZ", "price_per_sqm": null, "date_iso": "2025-07-09", "parcelle": "77153000AN0255", "addr_num": ""}}, {"type": "Feature", "geometry": {"type": "Point", "coordinates": [2.690257, 49.063506]}, "properties": {"year": 2025, "valeur_fonciere": 61859.55, "type_local": null, "surface_reelle_bati": null, "nombre_pieces_principales": null, "adresse_nom_voie": "ALL DE LA MARE A DUMEZ", "price_per_sqm": null, "date_iso": "2025-07-09", "parcelle": "77153000AN0258", "addr_num": ""}}, {"type": "Feature", "geometry": {"type": "Point", "coordinates": [2.690343, 49.063663]}, "properties": {"year": 2025, "valeur_fonciere": 61859.55, "type_local": null, "surface_reelle_bati": null, "nombre_pieces_principales": null, "adresse_nom_voie": "ALL DE LA MARE A DUMEZ", "price_per_sqm": null, "date_iso": "2025-07-09", "parcelle": "77153000AN0259", "addr_num": "26"}}, {"type": "Feature", "geometry": {"type": "Point", "coordinates": [2.690167, 49.063491]}, "properties": {"year": 2025, "valeur_fonciere": 61859.55, "type_local": null, "surface_reelle_bati": null, "nombre_pieces_principales": null, "adresse_nom_voie": "ALL DE LA MARE A DUMEZ", "price_per_sqm": null, "date_iso": "2025-07-09", "parcelle": "77153000AN0260", "addr_num": ""}}, {"type": "Feature", "geometry": {"type": "Point", "coordinates": [2.679131, 49.05917]}, "properties": {"year": 2025, "valeur_fonciere": 61859.55, "type_local": null, "surface_reelle_bati": null, "nombre_pieces_principales": null, "adresse_nom_voie": "SUR LES PRES D OTHIS", "price_per_sqm": null, "date_iso": "2025-07-09", "parcelle": "77153000AP0081", "addr_num": ""}}, {"type": "Feature", "geometry": {"type": "Point", "coordinates": [2.67817, 49.059187]}, "properties": {"year": 2025, "valeur_fonciere": 61859.55, "type_local": null, "surface_reelle_bati": null, "nombre_pieces_principales": null, "adresse_nom_voie": "SUR LES PRES D OTHIS", "price_per_sqm": null, "date_iso": "2025-07-09", "parcelle": "77153000AP0082", "addr_num": ""}}, {"type": "Feature", "geometry": {"type": "Point", "coordinates": [2.678827, 49.058676]}, "properties": {"year": 2025, "valeur_fonciere": 61859.55, "type_local": null, "surface_reelle_bati": null, "nombre_pieces_principales": null, "adresse_nom_voie": "SUR LES PRES D OTHIS", "price_per_sqm": null, "date_iso": "2025-07-09", "parcelle": "77153000AP0085", "addr_num": ""}}, {"type": "Feature", "geometry": {"type": "Point", "coordinates": [2.677729, 49.059023]}, "properties": {"year": 2025, "valeur_fonciere": 61859.55, "type_local": null, "surface_reelle_bati": null, "nombre_pieces_principales": null, "adresse_nom_voie": "SUR LES PRES D OTHIS", "price_per_sqm": null, "date_iso": "2025-07-09", "parcelle": "77153000AP0086", "addr_num": ""}}, {"type": "Feature", "geometry": {"type": "Point", "coordinates": [2.678128, 49.058738]}, "properties": {"year": 2025, "valeur_fonciere": 61859.55, "type_local": null, "surface_reelle_bati": null, "nombre_pieces_principales": null, "adresse_nom_voie": "SUR LES PRES D OTHIS", "price_per_sqm": null, "date_iso": "2025-07-09", "parcelle": "77153000AP0088", "addr_num": ""}}, {"type": "Feature", "geometry": {"type": "Point", "coordinates": [2.67882, 49.058481]}, "properties": {"year": 2025, "valeur_fonciere": 61859.55, "type_local": null, "surface_reelle_bati": null, "nombre_pieces_principales": null, "adresse_nom_voie": "SUR LES PRES D OTHIS", "price_per_sqm": null, "date_iso": "2025-07-09", "parcelle": "77153000AP0089", "addr_num": ""}}, {"type": "Feature", "geometry": {"type": "Point", "coordinates": [2.678061, 49.058534]}, "properties": {"year": 2025, "valeur_fonciere": 61859.55, "type_local": null, "surface_reelle_bati": null, "nombre_pieces_principales": null, "adresse_nom_voie": "SUR LES PRES D OTHIS", "price_per_sqm": null, "date_iso": "2025-07-09", "parcelle": "77153000AP0090", "addr_num": ""}}, {"type": "Feature", "geometry": {"type": "Point", "coordinates": [2.677291, 49.058546]}, "properties": {"year": 2025, "valeur_fonciere": 61859.55, "type_local": null, "surface_reelle_bati": null, "nombre_pieces_principales": null, "adresse_nom_voie": "LE PETIT PUITS", "price_per_sqm": null, "date_iso": "2025-07-09", "parcelle": "77153000AP0091", "addr_num": ""}}, {"type": "Feature", "geometry": {"type": "Point", "coordinates": [2.677861, 49.058395]}, "properties": {"year": 2025, "valeur_fonciere": 61859.55, "type_local": null, "surface_reelle_bati": null, "nombre_pieces_principales": null, "adresse_nom_voie": "LE PETIT PUITS", "price_per_sqm": null, "date_iso": "2025-07-09", "parcelle": "77153000AP0092", "addr_num": ""}}, {"type": "Feature", "geometry": {"type": "Point", "coordinates": [2.677536, 49.05828]}, "properties": {"year": 2025, "valeur_fonciere": 61859.55, "type_local": null, "surface_reelle_bati": null, "nombre_pieces_principales": null, "adresse_nom_voie": "LE PETIT PUITS", "price_per_sqm": null, "date_iso": "2025-07-09", "parcelle": "77153000AP0093", "addr_num": ""}}, {"type": "Feature", "geometry": {"type": "Point", "coordinates": [2.678109, 49.05827]}, "properties": {"year": 2025, "valeur_fonciere": 61859.55, "type_local": null, "surface_reelle_bati": null, "nombre_pieces_principales": null, "adresse_nom_voie": "LE PETIT PUITS", "price_per_sqm": null, "date_iso": "2025-07-09", "parcelle": "77153000AP0099", "addr_num": ""}}, {"type": "Feature", "geometry": {"type": "Point", "coordinates": [2.68122, 49.068858]}, "properties": {"year": 2025, "valeur_fonciere": 61859.55, "type_local": null, "surface_reelle_bati": null, "nombre_pieces_principales": null, "adresse_nom_voie": "LES HUANTS", "price_per_sqm": null, "date_iso": "2025-07-09", "parcelle": "77153000ZD0156", "addr_num": ""}}, {"type": "Feature", "geometry": {"type": "Point", "coordinates": [2.682161, 49.069374]}, "properties": {"year": 2025, "valeur_fonciere": 61859.55, "type_local": null, "surface_reelle_bati": null, "nombre_pieces_principales": null, "adresse_nom_voie": "LES HUANTS", "price_per_sqm": null, "date_iso": "2025-07-09", "parcelle": "77153000ZD0159", "addr_num": ""}}, {"type": "Feature", "geometry": {"type": "Point", "coordinates": [2.682391, 49.069478]}, "properties": {"year": 2025, "valeur_fonciere": 61859.55, "type_local": null, "surface_reelle_bati": null, "nombre_pieces_principales": null, "adresse_nom_voie": "LES HUANTS", "price_per_sqm": null, "date_iso": "2025-07-09", "parcelle": "77153000ZD0161", "addr_num": ""}}, {"type": "Feature", "geometry": {"type": "Point", "coordinates": [2.681107, 49.055373]}, "properties": {"year": 2025, "valeur_fonciere": 4024.0, "type_local": null, "surface_reelle_bati": null, "nombre_pieces_principales": null, "adresse_nom_voie": "RUE DE L HOTEL DIEU", "price_per_sqm": null, "date_iso": "2025-07-09", "parcelle": "77153000AE0228", "addr_num": ""}}, {"type": "Feature", "geometry": {"type": "Point", "coordinates": [2.681428, 49.055457]}, "properties": {"year": 2025, "valeur_fonciere": 4024.0, "type_local": null, "surface_reelle_bati": null, "nombre_pieces_principales": null, "adresse_nom_voie": "RUE DE L HOTEL DIEU", "price_per_sqm": null, "date_iso": "2025-07-09", "parcelle": "77153000AE0229", "addr_num": ""}}, {"type": "Feature", "geometry": {"type": "Point", "coordinates": [2.680827, 49.055329]}, "properties": {"year": 2025, "valeur_fonciere": 4024.0, "type_local": null, "surface_reelle_bati": null, "nombre_pieces_principales": null, "adresse_nom_voie": "RUE DE L HOTEL DIEU", "price_per_sqm": null, "date_iso": "2025-07-09", "parcelle": "77153000AE0234", "addr_num": ""}}, {"type": "Feature", "geometry": {"type": "Point", "coordinates": [2.681302, 49.055315]}, "properties": {"year": 2025, "valeur_fonciere": 4024.0, "type_local": "Appartement", "surface_reelle_bati": 50.0, "nombre_pieces_principales": 3.0, "adresse_nom_voie": "RUE DE L HOTEL DIEU", "price_per_sqm": 80.48, "date_iso": "2025-07-09", "parcelle": "77153000AE0235", "addr_num": "9001"}}, {"type": "Feature", "geometry": {"type": "Point", "coordinates": [2.681302, 49.055315]}, "properties": {"year": 2025, "valeur_fonciere": 4024.0, "type_local": "Appartement", "surface_reelle_bati": 36.0, "nombre_pieces_principales": 1.0, "adresse_nom_voie": "RUE DE L HOTEL DIEU", "price_per_sqm": 111.77777777777777, "date_iso": "2025-07-09", "parcelle": "77153000AE0235", "addr_num": "9001"}}, {"type": "Feature", "geometry": {"type": "Point", "coordinates": [2.681248, 49.055394]}, "properties": {"year": 2025, "valeur_fonciere": 4024.0, "type_local": null, "surface_reelle_bati": null, "nombre_pieces_principales": null, "adresse_nom_voie": "RUE DE L HOTEL DIEU", "price_per_sqm": null, "date_iso": "2025-07-09", "parcelle": "77153000AE0237", "addr_num": ""}}, {"type": "Feature", "geometry": {"type": "Point", "coordinates": [2.681263, 49.055195]}, "properties": {"year": 2025, "valeur_fonciere": 4024.0, "type_local": null, "surface_reelle_bati": null, "nombre_pieces_principales": null, "adresse_nom_voie": "RUE DE L HOTEL DIEU", "price_per_sqm": null, "date_iso": "2025-07-09", "parcelle": "77153000AE0247", "addr_num": ""}}, {"type": "Feature", "geometry": {"type": "Point", "coordinates": [2.68161, 49.055382]}, "properties": {"year": 2025, "valeur_fonciere": 4024.0, "type_local": null, "surface_reelle_bati": null, "nombre_pieces_principales": null, "adresse_nom_voie": "RUE DE L HOTEL DIEU", "price_per_sqm": null, "date_iso": "2025-07-09", "parcelle": "77153000AE0249", "addr_num": ""}}, {"type": "Feature", "geometry": {"type": "Point", "coordinates": [2.681497, 49.055486]}, "properties": {"year": 2025, "valeur_fonciere": 4024.0, "type_local": null, "surface_reelle_bati": null, "nombre_pieces_principales": null, "adresse_nom_voie": "RUE DE L HOTEL DIEU", "price_per_sqm": null, "date_iso": "2025-07-09", "parcelle": "77153000AE0251", "addr_num": ""}}, {"type": "Feature", "geometry": {"type": "Point", "coordinates": [2.666893, 49.056775]}, "properties": {"year": 2025, "valeur_fonciere": 412000.0, "type_local": "Maison", "surface_reelle_bati": 114.0, "nombre_pieces_principales": 5.0, "adresse_nom_voie": "ALL DES GENETS", "price_per_sqm": 3614.035087719298, "date_iso": "2025-07-08", "parcelle": "771530000A0855", "addr_num": "7"}}, {"type": "Feature", "geometry": {"type": "Point", "coordinates": [2.666893, 49.056775]}, "properties": {"year": 2025, "valeur_fonciere": 412000.0, "type_local": "Maison", "surface_reelle_bati": 114.0, "nombre_pieces_principales": 5.0, "adresse_nom_voie": "ALL DES GENETS", "price_per_sqm": 3614.035087719298, "date_iso": "2025-07-08", "parcelle": "771530000A0855", "addr_num": "7"}}, {"type": "Feature", "geometry": {"type": "Point", "coordinates": [2.696447, 49.057939]}, "properties": {"year": 2025, "valeur_fonciere": 225000.0, "type_local": "Dépendance", "surface_reelle_bati": null, "nombre_pieces_principales": 0.0, "adresse_nom_voie": "AV DU MARECHAL LECLERC", "price_per_sqm": null, "date_iso": "2025-07-09", "parcelle": "77153000AM0105", "addr_num": "67"}}, {"type": "Feature", "geometry": {"type": "Point", "coordinates": [2.696447, 49.057939]}, "properties": {"year": 2025, "valeur_fonciere": 225000.0, "type_local": "Appartement", "surface_reelle_bati": 68.0, "nombre_pieces_principales": 3.0, "adresse_nom_voie": "AV DU MARECHAL LECLERC", "price_per_sqm": 3308.823529411765, "date_iso": "2025-07-09", "parcelle": "77153000AM0105", "addr_num": "67"}}, {"type": "Feature", "geometry": {"type": "Point", "coordinates": [2.678565, 49.055809]}, "properties": {"year": 2025, "valeur_fonciere": 220000.0, "type_local": "Dépendance", "surface_reelle_bati": null, "nombre_pieces_principales": 0.0, "adresse_nom_voie": "RUE GANNEVAL", "price_per_sqm": null, "date_iso": "2025-07-11", "parcelle": "77153000AC0010", "addr_num": "36"}}, {"type": "Feature", "geometry": {"type": "Point", "coordinates": [2.678416, 49.055591]}, "properties": {"year": 2025, "valeur_fonciere": 220000.0, "type_local": "Appartement", "surface_reelle_bati": 33.0, "nombre_pieces_principales": 2.0, "adresse_nom_voie": "RUE GANNEVAL", "price_per_sqm": 6666.666666666667, "date_iso": "2025-07-11", "parcelle": "77153000AC0227", "addr_num": "36"}}, {"type": "Feature", "geometry": {"type": "Point", "coordinates": [2.678416, 49.055591]}, "properties": {"year": 2025, "valeur_fonciere": 220000.0, "type_local": "Appartement", "surface_reelle_bati": 43.0, "nombre_pieces_principales": 2.0, "adresse_nom_voie": "RUE GANNEVAL", "price_per_sqm": 5116.279069767442, "date_iso": "2025-07-11", "parcelle": "77153000AC0227", "addr_num": "36"}}, {"type": "Feature", "geometry": {"type": "Point", "coordinates": [2.678416, 49.055591]}, "properties": {"year": 2025, "valeur_fonciere": 220000.0, "type_local": "Dépendance", "surface_reelle_bati": null, "nombre_pieces_principales": 0.0, "adresse_nom_voie": "RUE GANNEVAL", "price_per_sqm": null, "date_iso": "2025-07-11", "parcelle": "77153000AC0227", "addr_num": "36"}}, {"type": "Feature", "geometry": {"type": "Point", "coordinates": [2.678416, 49.055591]}, "properties": {"year": 2025, "valeur_fonciere": 220000.0, "type_local": "Appartement", "surface_reelle_bati": 19.0, "nombre_pieces_principales": 1.0, "adresse_nom_voie": "RUE GANNEVAL", "price_per_sqm": 11578.947368421053, "date_iso": "2025-07-11", "parcelle": "77153000AC0227", "addr_num": "36"}}, {"type": "Feature", "geometry": {"type": "Point", "coordinates": [2.678416, 49.055591]}, "properties": {"year": 2025, "valeur_fonciere": 220000.0, "type_local": "Dépendance", "surface_reelle_bati": null, "nombre_pieces_principales": 0.0, "adresse_nom_voie": "RUE GANNEVAL", "price_per_sqm": null, "date_iso": "2025-07-11", "parcelle": "77153000AC0227", "addr_num": "36"}}, {"type": "Feature", "geometry": {"type": "Point", "coordinates": [2.682004, 49.054748]}, "properties": {"year": 2025, "valeur_fonciere": 120000.0, "type_local": "Appartement", "surface_reelle_bati": 30.0, "nombre_pieces_principales": 2.0, "adresse_nom_voie": "RUE LAVOLLEE", "price_per_sqm": 4000.0, "date_iso": "2025-07-02", "parcelle": "77153000AC0087", "addr_num": "5"}}, {"type": "Feature", "geometry": {"type": "Point", "coordinates": [2.682004, 49.054748]}, "properties": {"year": 2025, "valeur_fonciere": 120000.0, "type_local": "Dépendance", "surface_reelle_bati": null, "nombre_pieces_principales": 0.0, "adresse_nom_voie": "RUE LAVOLLEE", "price_per_sqm": null, "date_iso": "2025-07-02", "parcelle": "77153000AC0087", "addr_num": "5"}}, {"type": "Feature", "geometry": {"type": "Point", "coordinates": [2.688965, 49.0634]}, "properties": {"year": 2025, "valeur_fonciere": 315000.0, "type_local": "Maison", "surface_reelle_bati": 86.0, "nombre_pieces_principales": 4.0, "adresse_nom_voie": "LA MARE A DUMEZ", "price_per_sqm": 3662.7906976744184, "date_iso": "2025-07-03", "parcelle": "77153000AN0229", "addr_num": "3"}}, {"type": "Feature", "geometry": {"type": "Point", "coordinates": [2.696476, 49.058957]}, "properties": {"year": 2025, "valeur_fonciere": 389500.0, "type_local": "Maison", "surface_reelle_bati": 130.0, "nombre_pieces_principales": 6.0, "adresse_nom_voie": "RUE DE LA FAUCILLE D'OR", "price_per_sqm": 2996.153846153846, "date_iso": "2025-07-10", "parcelle": "77153000AM0253", "addr_num": "17"}}, {"type": "Feature", "geometry": {"type": "Point", "coordinates": [2.696476, 49.058957]}, "properties": {"year": 2025, "valeur_fonciere": 389500.0, "type_local": "Maison", "surface_reelle_bati": 130.0, "nombre_pieces_principales": 6.0, "adresse_nom_voie": "RUE DE LA FAUCILLE D'OR", "price_per_sqm": 2996.153846153846, "date_iso": "2025-07-10", "parcelle": "77153000AM0253", "addr_num": "17"}}, {"type": "Feature", "geometry": {"type": "Point", "coordinates": [2.688458, 49.06357]}, "properties": {"year": 2025, "valeur_fonciere": 335500.0, "type_local": "Maison", "surface_reelle_bati": 108.0, "nombre_pieces_principales": 5.0, "adresse_nom_voie": "ALL DE LA MARE A DUMEZ", "price_per_sqm": 3106.4814814814813, "date_iso": "2025-07-10", "parcelle": "77153000AN0231", "addr_num": "46"}}, {"type": "Feature", "geometry": {"type": "Point", "coordinates": [2.688458, 49.06357]}, "properties": {"year": 2025, "valeur_fonciere": 335500.0, "type_local": "Maison", "surface_reelle_bati": 108.0, "nombre_pieces_principales": 5.0, "adresse_nom_voie": "ALL DE LA MARE A DUMEZ", "price_per_sqm": 3106.4814814814813, "date_iso": "2025-07-10", "parcelle": "77153000AN0231", "addr_num": "46"}}, {"type": "Feature", "geometry": {"type": "Point", "coordinates": [2.693862, 49.054372]}, "properties": {"year": 2025, "valeur_fonciere": 155000.0, "type_local": "Appartement", "surface_reelle_bati": 44.0, "nombre_pieces_principales": 2.0, "adresse_nom_voie": "AV DU MARECHAL LECLERC", "price_per_sqm": 3522.7272727272725, "date_iso": "2025-07-03", "parcelle": "77153000AL0329", "addr_num": "63"}}, {"type": "Feature", "geometry": {"type": "Point", "coordinates": [2.693862, 49.054372]}, "properties": {"year": 2025, "valeur_fonciere": 155000.0, "type_local": "Dépendance", "surface_reelle_bati": null, "nombre_pieces_principales": 0.0, "adresse_nom_voie": "AV DU MARECHAL LECLERC", "price_per_sqm": null, "date_iso": "2025-07-03", "parcelle": "77153000AL0329", "addr_num": "63"}}, {"type": "Feature", "geometry": {"type": "Point", "coordinates": [2.696908, 49.057179]}, "properties": {"year": 2025, "valeur_fonciere": 140000.0, "type_local": "Appartement", "surface_reelle_bati": 41.0, "nombre_pieces_principales": 2.0, "adresse_nom_voie": "AV DU MARECHAL LECLERC", "price_per_sqm": 3414.6341463414633, "date_iso": "2025-07-10", "parcelle": "77153000AM0114", "addr_num": "71"}}, {"type": "Feature", "geometry": {"type": "Point", "coordinates": [2.696908, 49.057179]}, "properties": {"year": 2025, "valeur_fonciere": 140000.0, "type_local": "Dépendance", "surface_reelle_bati": null, "nombre_pieces_principales": 0.0, "adresse_nom_voie": "AV DU MARECHAL LECLERC", "price_per_sqm": null, "date_iso": "2025-07-10", "parcelle": "77153000AM0114", "addr_num": "71"}}, {"type": "Feature", "geometry": {"type": "Point", "coordinates": [2.696908, 49.057179]}, "properties": {"year": 2025, "valeur_fonciere": 140000.0, "type_local": "Dépendance", "surface_reelle_bati": null, "nombre_pieces_principales": 0.0, "adresse_nom_voie": "AV DU MARECHAL LECLERC", "price_per_sqm": null, "date_iso": "2025-07-10", "parcelle": "77153000AM0114", "addr_num": "71"}}, {"type": "Feature", "geometry": {"type": "Point", "coordinates": [2.679121, 49.055458]}, "properties": {"year": 2025, "valeur_fonciere": 260000.0, "type_local": "Maison", "surface_reelle_bati": 100.0, "nombre_pieces_principales": 3.0, "adresse_nom_voie": "RUE GANNEVAL", "price_per_sqm": 2600.0, "date_iso": "2025-06-25", "parcelle": "77153000AC0024", "addr_num": "24"}}, {"type": "Feature", "geometry": {"type": "Point", "coordinates": [2.67996, 49.05298]}, "properties": {"year": 2025, "valeur_fonciere": 224000.0, "type_local": "Dépendance", "surface_reelle_bati": null, "nombre_pieces_principales": 0.0, "adresse_nom_voie": "ALL CLOS DU LOGIS", "price_per_sqm": null, "date_iso": "2025-07-15", "parcelle": "77153000AD0295", "addr_num": "9295"}}, {"type": "Feature", "geometry": {"type": "Point", "coordinates": [2.680003, 49.052977]}, "properties": {"year": 2025, "valeur_fonciere": 224000.0, "type_local": "Maison", "surface_reelle_bati": 65.0, "nombre_pieces_principales": 3.0, "adresse_nom_voie": "ALL CLOS DU LOGIS", "price_per_sqm": 3446.153846153846, "date_iso": "2025-07-15", "parcelle": "77153000AD0297", "addr_num": "14"}}, {"type": "Feature", "geometry": {"type": "Point", "coordinates": [2.679963, 49.053116]}, "properties": {"year": 2025, "valeur_fonciere": 224000.0, "type_local": null, "surface_reelle_bati": null, "nombre_pieces_principales": null, "adresse_nom_voie": "ALL CLOS DU LOGIS", "price_per_sqm": null, "date_iso": "2025-07-15", "parcelle": "77153000AD0333", "addr_num": ""}}, {"type": "Feature", "geometry": {"type": "Point", "coordinates": [2.683942, 49.0615]}, "properties": {"year": 2025, "valeur_fonciere": 90000.0, "type_local": null, "surface_reelle_bati": null, "nombre_pieces_principales": null, "adresse_nom_voie": "AV ANTOINE CHABANNES", "price_per_sqm": null, "date_iso": "2025-06-25", "parcelle": "77153000AO0443", "addr_num": "13"}}, {"type": "Feature", "geometry": {"type": "Point", "coordinates": [2.685208, 49.058466]}, "properties": {"year": 2025, "valeur_fonciere": 125000.0, "type_local": "Appartement", "surface_reelle_bati": 47.0, "nombre_pieces_principales": 2.0, "adresse_nom_voie": "AV DES VERGERS", "price_per_sqm": 2659.574468085106, "date_iso": "2025-07-17", "parcelle": "77153000AK0432", "addr_num": "86"}}, {"type": "Feature", "geometry": {"type": "Point", "coordinates": [2.685208, 49.058466]}, "properties": {"year": 2025, "valeur_fonciere": 125000.0, "type_local": "Dépendance", "surface_reelle_bati": null, "nombre_pieces_principales": 0.0, "adresse_nom_voie": "AV DES VERGERS", "price_per_sqm": null, "date_iso": "2025-07-17", "parcelle": "77153000AK0432", "addr_num": "86"}}, {"type": "Feature", "geometry": {"type": "Point", "coordinates": [2.685208, 49.058466]}, "properties": {"year": 2025, "valeur_fonciere": 125000.0, "type_local": "Dépendance", "surface_reelle_bati": null, "nombre_pieces_principales": 0.0, "adresse_nom_voie": "AV DES VERGERS", "price_per_sqm": null, "date_iso": "2025-07-17", "parcelle": "77153000AK0432", "addr_num": "86"}}, {"type": "Feature", "geometry": {"type": "Point", "coordinates": [2.677342, 49.054935]}, "properties": {"year": 2025, "valeur_fonciere": 190000.0, "type_local": "Appartement", "surface_reelle_bati": 69.0, "nombre_pieces_principales": 3.0, "adresse_nom_voie": "RUE DU JEU D ARC", "price_per_sqm": 2753.623188405797, "date_iso": "2025-07-10", "parcelle": "77153000AB0283", "addr_num": "21"}}, {"type": "Feature", "geometry": {"type": "Point", "coordinates": [2.685069, 49.053172]}, "properties": {"year": 2025, "valeur_fonciere": 137800.0, "type_local": "Appartement", "surface_reelle_bati": 46.0, "nombre_pieces_principales": 2.0, "adresse_nom_voie": "RUE DE MEAUX", "price_per_sqm": 2995.6521739130435, "date_iso": "2025-07-09", "parcelle": "77153000AD0107", "addr_num": "25"}}, {"type": "Feature", "geometry": {"type": "Point", "coordinates": [2.685069, 49.053172]}, "properties": {"year": 2025, "valeur_fonciere": 137800.0, "type_local": "Dépendance", "surface_reelle_bati": null, "nombre_pieces_principales": 0.0, "adresse_nom_voie": "RLE DU BUAT", "price_per_sqm": null, "date_iso": "2025-07-09", "parcelle": "77153000AD0107", "addr_num": "2"}}, {"type": "Feature", "geometry": {"type": "Point", "coordinates": [2.676491, 49.063781]}, "properties": {"year": 2025, "valeur_fonciere": 285000.0, "type_local": "Maison", "surface_reelle_bati": 103.0, "nombre_pieces_principales": 5.0, "adresse_nom_voie": "AV OLYMPE DE GOUGES", "price_per_sqm": 2766.990291262136, "date_iso": "2025-06-30", "parcelle": "771530000A1362", "addr_num": "6"}}, {"type": "Feature", "geometry": {"type": "Point", "coordinates": [2.681984, 49.0545]}, "properties": {"year": 2025, "valeur_fonciere": 131000.0, "type_local": "Appartement", "surface_reelle_bati": 32.0, "nombre_pieces_principales": 2.0, "adresse_nom_voie": "RUE DUSSOLIE", "price_per_sqm": 4093.75, "date_iso": "2025-07-18", "parcelle": "77153000AC0091", "addr_num": "12"}}, {"type": "Feature", "geometry": {"type": "Point", "coordinates": [2.696447, 49.057939]}, "properties": {"year": 2025, "valeur_fonciere": 152000.0, "type_local": "Dépendance", "surface_reelle_bati": null, "nombre_pieces_principales": 0.0, "adresse_nom_voie": "AV DU MARECHAL LECLERC", "price_per_sqm": null, "date_iso": "2025-07-23", "parcelle": "77153000AM0105", "addr_num": "67"}}, {"type": "Feature", "geometry": {"type": "Point", "coordinates": [2.696447, 49.057939]}, "properties": {"year": 2025, "valeur_fonciere": 152000.0, "type_local": "Appartement", "surface_reelle_bati": 40.0, "nombre_pieces_principales": 2.0, "adresse_nom_voie": "AV DU MARECHAL LECLERC", "price_per_sqm": 3800.0, "date_iso": "2025-07-23", "parcelle": "77153000AM0105", "addr_num": "67"}}, {"type": "Feature", "geometry": {"type": "Point", "coordinates": [2.691166, 49.048768]}, "properties": {"year": 2025, "valeur_fonciere": 450000.0, "type_local": "Maison", "surface_reelle_bati": 157.0, "nombre_pieces_principales": 6.0, "adresse_nom_voie": "BD DE LA GARE", "price_per_sqm": 2866.2420382165606, "date_iso": "2025-07-10", "parcelle": "77153000ZH0116", "addr_num": "42"}}, {"type": "Feature", "geometry": {"type": "Point", "coordinates": [2.691166, 49.048768]}, "properties": {"year": 2025, "valeur_fonciere": 450000.0, "type_local": "Maison", "surface_reelle_bati": 157.0, "nombre_pieces_principales": 6.0, "adresse_nom_voie": "BD DE LA GARE", "price_per_sqm": 2866.2420382165606, "date_iso": "2025-07-10", "parcelle": "77153000ZH0116", "addr_num": "42"}}, {"type": "Feature", "geometry": {"type": "Point", "coordinates": [2.666737, 49.057572]}, "properties": {"year": 2025, "valeur_fonciere": 340000.0, "type_local": "Maison", "surface_reelle_bati": 81.0, "nombre_pieces_principales": 3.0, "adresse_nom_voie": "ALL DES GENETS", "price_per_sqm": 4197.530864197531, "date_iso": "2025-07-24", "parcelle": "771530000A0844", "addr_num": "10"}}, {"type": "Feature", "geometry": {"type": "Point", "coordinates": [2.670095, 49.050805]}, "properties": {"year": 2025, "valeur_fonciere": 280000.0, "type_local": "Dépendance", "surface_reelle_bati": null, "nombre_pieces_principales": 0.0, "adresse_nom_voie": "RLE A DUGUE", "price_per_sqm": null, "date_iso": "2025-07-25", "parcelle": "77153000ZN0027", "addr_num": "37"}}, {"type": "Feature", "geometry": {"type": "Point", "coordinates": [2.670095, 49.050805]}, "properties": {"year": 2025, "valeur_fonciere": 280000.0, "type_local": "Maison", "surface_reelle_bati": 80.0, "nombre_pieces_principales": 5.0, "adresse_nom_voie": "RLE A DUGUE", "price_per_sqm": 3500.0, "date_iso": "2025-07-25", "parcelle": "77153000ZN0027", "addr_num": "37"}}, {"type": "Feature", "geometry": {"type": "Point", "coordinates": [2.670095, 49.050805]}, "properties": {"year": 2025, "valeur_fonciere": 280000.0, "type_local": "Dépendance", "surface_reelle_bati": null, "nombre_pieces_principales": 0.0, "adresse_nom_voie": "RLE A DUGUE", "price_per_sqm": null, "date_iso": "2025-07-25", "parcelle": "77153000ZN0027", "addr_num": "37"}}, {"type": "Feature", "geometry": {"type": "Point", "coordinates": [2.670095, 49.050805]}, "properties": {"year": 2025, "valeur_fonciere": 280000.0, "type_local": "Maison", "surface_reelle_bati": 80.0, "nombre_pieces_principales": 5.0, "adresse_nom_voie": "RLE A DUGUE", "price_per_sqm": 3500.0, "date_iso": "2025-07-25", "parcelle": "77153000ZN0027", "addr_num": "37"}}, {"type": "Feature", "geometry": {"type": "Point", "coordinates": [2.677915, 49.064434]}, "properties": {"year": 2025, "valeur_fonciere": 1.0, "type_local": null, "surface_reelle_bati": null, "nombre_pieces_principales": null, "adresse_nom_voie": "LES PRES D OTHIS", "price_per_sqm": null, "date_iso": "2025-07-25", "parcelle": "771530000A1167", "addr_num": ""}}, {"type": "Feature", "geometry": {"type": "Point", "coordinates": [2.67817, 49.064388]}, "properties": {"year": 2025, "valeur_fonciere": 1.0, "type_local": null, "surface_reelle_bati": null, "nombre_pieces_principales": null, "adresse_nom_voie": "LES PRES D OTHIS", "price_per_sqm": null, "date_iso": "2025-07-25", "parcelle": "771530000A1168", "addr_num": ""}}, {"type": "Feature", "geometry": {"type": "Point", "coordinates": [2.67846, 49.065719]}, "properties": {"year": 2025, "valeur_fonciere": 1.0, "type_local": null, "surface_reelle_bati": null, "nombre_pieces_principales": null, "adresse_nom_voie": "LES PRES D OTHIS", "price_per_sqm": null, "date_iso": "2025-07-25", "parcelle": "771530000A1195", "addr_num": ""}}, {"type": "Feature", "geometry": {"type": "Point", "coordinates": [2.678152, 49.065932]}, "properties": {"year": 2025, "valeur_fonciere": 1.0, "type_local": null, "surface_reelle_bati": null, "nombre_pieces_principales": null, "adresse_nom_voie": "LES PRES D OTHIS", "price_per_sqm": null, "date_iso": "2025-07-25", "parcelle": "771530000A1198", "addr_num": ""}}, {"type": "Feature", "geometry": {"type": "Point", "coordinates": [2.678048, 49.065272]}, "properties": {"year": 2025, "valeur_fonciere": 1.0, "type_local": null, "surface_reelle_bati": null, "nombre_pieces_principales": null, "adresse_nom_voie": "LES PRES D OTHIS", "price_per_sqm": null, "date_iso": "2025-07-25", "parcelle": "771530000A1205", "addr_num": ""}}, {"type": "Feature", "geometry": {"type": "Point", "coordinates": [2.677935, 49.064818]}, "properties": {"year": 2025, "valeur_fonciere": 1.0, "type_local": null, "surface_reelle_bati": null, "nombre_pieces_principales": null, "adresse_nom_voie": "LES PRES D OTHIS", "price_per_sqm": null, "date_iso": "2025-07-25", "parcelle": "771530000A1212", "addr_num": ""}}, {"type": "Feature", "geometry": {"type": "Point", "coordinates": [2.694603, 49.05704]}, "properties": {"year": 2025, "valeur_fonciere": 34780.0, "type_local": null, "surface_reelle_bati": null, "nombre_pieces_principales": null, "adresse_nom_voie": "ALL DES DOYENNES", "price_per_sqm": null, "date_iso": "2025-07-25", "parcelle": "77153000AL0399", "addr_num": ""}}, {"type": "Feature", "geometry": {"type": "Point", "coordinates": [2.694916, 49.056755]}, "properties": {"year": 2025, "valeur_fonciere": 34780.0, "type_local": null, "surface_reelle_bati": null, "nombre_pieces_principales": null, "adresse_nom_voie": "ALL DES DOYENNES", "price_per_sqm": null, "date_iso": "2025-07-25", "parcelle": "77153000AL0400", "addr_num": ""}}, {"type": "Feature", "geometry": {"type": "Point", "coordinates": [2.694672, 49.05668]}, "properties": {"year": 2025, "valeur_fonciere": 34780.0, "type_local": null, "surface_reelle_bati": null, "nombre_pieces_principales": null, "adresse_nom_voie": "ALL DES DOYENNES", "price_per_sqm": null, "date_iso": "2025-07-25", "parcelle": "77153000AL0401", "addr_num": ""}}, {"type": "Feature", "geometry": {"type": "Point", "coordinates": [2.693729, 49.056261]}, "properties": {"year": 2025, "valeur_fonciere": 34780.0, "type_local": null, "surface_reelle_bati": null, "nombre_pieces_principales": null, "adresse_nom_voie": "ALL DES DOYENNES", "price_per_sqm": null, "date_iso": "2025-07-25", "parcelle": "77153000AL0402", "addr_num": ""}}, {"type": "Feature", "geometry": {"type": "Point", "coordinates": [2.690951, 49.05672]}, "properties": {"year": 2025, "valeur_fonciere": 34780.0, "type_local": null, "surface_reelle_bati": null, "nombre_pieces_principales": null, "adresse_nom_voie": "ALL DES DOYENNES", "price_per_sqm": null, "date_iso": "2025-07-25", "parcelle": "77153000AL0403", "addr_num": ""}}, {"type": "Feature", "geometry": {"type": "Point", "coordinates": [2.693101, 49.05675]}, "properties": {"year": 2025, "valeur_fonciere": 34780.0, "type_local": null, "surface_reelle_bati": null, "nombre_pieces_principales": null, "adresse_nom_voie": "ALL DES DOYENNES", "price_per_sqm": null, "date_iso": "2025-07-25", "parcelle": "77153000AL0404", "addr_num": ""}}, {"type": "Feature", "geometry": {"type": "Point", "coordinates": [2.676844, 49.053486]}, "properties": {"year": 2025, "valeur_fonciere": 163000.0, "type_local": "Appartement", "surface_reelle_bati": 48.0, "nombre_pieces_principales": 3.0, "adresse_nom_voie": "RUE DU GENERAL DE GAULLE", "price_per_sqm": 3395.8333333333335, "date_iso": "2025-07-15", "parcelle": "77153000AB0342", "addr_num": "34"}}, {"type": "Feature", "geometry": {"type": "Point", "coordinates": [2.676844, 49.053486]}, "properties": {"year": 2025, "valeur_fonciere": 163000.0, "type_local": "Dépendance", "surface_reelle_bati": null, "nombre_pieces_principales": 0.0, "adresse_nom_voie": "RUE DU GENERAL DE GAULLE", "price_per_sqm": null, "date_iso": "2025-07-15", "parcelle": "77153000AB0342", "addr_num": "34"}}, {"type": "Feature", "geometry": {"type": "Point", "coordinates": [2.681411, 49.054193]}, "properties": {"year": 2025, "valeur_fonciere": 128000.0, "type_local": "Dépendance", "surface_reelle_bati": null, "nombre_pieces_principales": 0.0, "adresse_nom_voie": "RUE PORTE AU PAIN", "price_per_sqm": null, "date_iso": "2025-07-16", "parcelle": "77153000AC0098", "addr_num": "6"}}, {"type": "Feature", "geometry": {"type": "Point", "coordinates": [2.681411, 49.054193]}, "properties": {"year": 2025, "valeur_fonciere": 128000.0, "type_local": "Dépendance", "surface_reelle_bati": null, "nombre_pieces_principales": 0.0, "adresse_nom_voie": "RUE PORTE AU PAIN", "price_per_sqm": null, "date_iso": "2025-07-16", "parcelle": "77153000AC0098", "addr_num": "6"}}, {"type": "Feature", "geometry": {"type": "Point", "coordinates": [2.681411, 49.054193]}, "properties": {"year": 2025, "valeur_fonciere": 128000.0, "type_local": "Appartement", "surface_reelle_bati": 43.0, "nombre_pieces_principales": 2.0, "adresse_nom_voie": "RUE PORTE AU PAIN", "price_per_sqm": 2976.7441860465115, "date_iso": "2025-07-16", "parcelle": "77153000AC0098", "addr_num": "6"}}, {"type": "Feature", "geometry": {"type": "Point", "coordinates": [2.680458, 49.0554]}, "properties": {"year": 2025, "valeur_fonciere": 20000.0, "type_local": "Dépendance", "surface_reelle_bati": null, "nombre_pieces_principales": 0.0, "adresse_nom_voie": "RUE ABEL CHENEVAT", "price_per_sqm": null, "date_iso": "2025-08-04", "parcelle": "77153000AC0275", "addr_num": "3"}}, {"type": "Feature", "geometry": {"type": "Point", "coordinates": [2.670022, 49.063347]}, "properties": {"year": 2025, "valeur_fonciere": 293700.0, "type_local": "Maison", "surface_reelle_bati": 85.0, "nombre_pieces_principales": 4.0, "adresse_nom_voie": "RUE JOSEPHINE BAKER", "price_per_sqm": 3455.294117647059, "date_iso": "2025-07-15", "parcelle": "771530000A2100", "addr_num": "12"}}, {"type": "Feature", "geometry": {"type": "Point", "coordinates": [2.686727, 49.05727]}, "properties": {"year": 2025, "valeur_fonciere": 256000.0, "type_local": "Dépendance", "surface_reelle_bati": null, "nombre_pieces_principales": 0.0, "adresse_nom_voie": "AV DES VERGERS", "price_per_sqm": null, "date_iso": "2025-08-04", "parcelle": "77153000AK0499", "addr_num": "35"}}, {"type": "Feature", "geometry": {"type": "Point", "coordinates": [2.686727, 49.05727]}, "properties": {"year": 2025, "valeur_fonciere": 256000.0, "type_local": "Maison", "surface_reelle_bati": 71.0, "nombre_pieces_principales": 4.0, "adresse_nom_voie": "AV DES VERGERS", "price_per_sqm": 3605.6338028169016, "date_iso": "2025-08-04", "parcelle": "77153000AK0499", "addr_num": "35"}}, {"type": "Feature", "geometry": {"type": "Point", "coordinates": [2.684126, 49.053904]}, "properties": {"year": 2025, "valeur_fonciere": 250000.0, "type_local": "Local industriel. commercial ou assimilé", "surface_reelle_bati": 92.0, "nombre_pieces_principales": 0.0, "adresse_nom_voie": "RUE DU GENERAL DE GAULLE", "price_per_sqm": 2717.391304347826, "date_iso": "2025-07-30", "parcelle": "77153000AC0215", "addr_num": "171"}}, {"type": "Feature", "geometry": {"type": "Point", "coordinates": [2.684126, 49.053904]}, "properties": {"year": 2025, "valeur_fonciere": 250000.0, "type_local": "Local industriel. commercial ou assimilé", "surface_reelle_bati": 12.0, "nombre_pieces_principales": 0.0, "adresse_nom_voie": "RUE DU GENERAL DE GAULLE", "price_per_sqm": 20833.333333333332, "date_iso": "2025-07-30", "parcelle": "77153000AC0215", "addr_num": "169"}}, {"type": "Feature", "geometry": {"type": "Point", "coordinates": [2.684126, 49.053904]}, "properties": {"year": 2025, "valeur_fonciere": 250000.0, "type_local": "Local industriel. commercial ou assimilé", "surface_reelle_bati": 12.0, "nombre_pieces_principales": 0.0, "adresse_nom_voie": "RUE DU GENERAL DE GAULLE", "price_per_sqm": 20833.333333333332, "date_iso": "2025-07-30", "parcelle": "77153000AC0215", "addr_num": "169"}}, {"type": "Feature", "geometry": {"type": "Point", "coordinates": [2.684126, 49.053904]}, "properties": {"year": 2025, "valeur_fonciere": 250000.0, "type_local": "Local industriel. commercial ou assimilé", "surface_reelle_bati": 15.0, "nombre_pieces_principales": 0.0, "adresse_nom_voie": "RUE DU GENERAL DE GAULLE", "price_per_sqm": 16666.666666666668, "date_iso": "2025-07-30", "parcelle": "77153000AC0215", "addr_num": "169"}}, {"type": "Feature", "geometry": {"type": "Point", "coordinates": [2.684126, 49.053904]}, "properties": {"year": 2025, "valeur_fonciere": 250000.0, "type_local": "Local industriel. commercial ou assimilé", "surface_reelle_bati": 12.0, "nombre_pieces_principales": 0.0, "adresse_nom_voie": "RUE DU GENERAL DE GAULLE", "price_per_sqm": 20833.333333333332, "date_iso": "2025-07-30", "parcelle": "77153000AC0215", "addr_num": "169"}}, {"type": "Feature", "geometry": {"type": "Point", "coordinates": [2.684126, 49.053904]}, "properties": {"year": 2025, "valeur_fonciere": 250000.0, "type_local": "Dépendance", "surface_reelle_bati": null, "nombre_pieces_principales": 0.0, "adresse_nom_voie": "RUE DU GENERAL DE GAULLE", "price_per_sqm": null, "date_iso": "2025-07-30", "parcelle": "77153000AC0215", "addr_num": "169"}}, {"type": "Feature", "geometry": {"type": "Point", "coordinates": [2.684126, 49.053904]}, "properties": {"year": 2025, "valeur_fonciere": 250000.0, "type_local": "Local industriel. commercial ou assimilé", "surface_reelle_bati": 12.0, "nombre_pieces_principales": 0.0, "adresse_nom_voie": "RUE DU GENERAL DE GAULLE", "price_per_sqm": 20833.333333333332, "date_iso": "2025-07-30", "parcelle": "77153000AC0215", "addr_num": "169"}}, {"type": "Feature", "geometry": {"type": "Point", "coordinates": [2.684778, 49.052191]}, "properties": {"year": 2025, "valeur_fonciere": 299000.0, "type_local": "Maison", "surface_reelle_bati": 98.0, "nombre_pieces_principales": 4.0, "adresse_nom_voie": "RUE DU GUE DOUY", "price_per_sqm": 3051.0204081632655, "date_iso": "2025-07-31", "parcelle": "77153000AD0400", "addr_num": "48"}}, {"type": "Feature", "geometry": {"type": "Point", "coordinates": [2.684778, 49.052191]}, "properties": {"year": 2025, "valeur_fonciere": 299000.0, "type_local": "Maison", "surface_reelle_bati": 98.0, "nombre_pieces_principales": 4.0, "adresse_nom_voie": "RUE DU GUE DOUY", "price_per_sqm": 3051.0204081632655, "date_iso": "2025-07-31", "parcelle": "77153000AD0400", "addr_num": "48"}}, {"type": "Feature", "geometry": {"type": "Point", "coordinates": [2.682892, 49.06641]}, "properties": {"year": 2025, "valeur_fonciere": 320000.0, "type_local": "Maison", "surface_reelle_bati": 100.0, "nombre_pieces_principales": 5.0, "adresse_nom_voie": "RUE MONTAIGNE", "price_per_sqm": 3200.0, "date_iso": "2025-08-05", "parcelle": "77153000AO0315", "addr_num": "22"}}, {"type": "Feature", "geometry": {"type": "Point", "coordinates": [2.681174, 49.060317]}, "properties": {"year": 2025, "valeur_fonciere": 390000.0, "type_local": "Dépendance", "surface_reelle_bati": null, "nombre_pieces_principales": 0.0, "adresse_nom_voie": "RUE DE BOURBON CONDE", "price_per_sqm": null, "date_iso": "2025-08-20", "parcelle": "77153000AP0039", "addr_num": "2"}}, {"type": "Feature", "geometry": {"type": "Point", "coordinates": [2.681174, 49.060317]}, "properties": {"year": 2025, "valeur_fonciere": 390000.0, "type_local": "Dépendance", "surface_reelle_bati": null, "nombre_pieces_principales": 0.0, "adresse_nom_voie": "RUE DE BOURBON CONDE", "price_per_sqm": null, "date_iso": "2025-08-20", "parcelle": "77153000AP0039", "addr_num": "2"}}, {"type": "Feature", "geometry": {"type": "Point", "coordinates": [2.681174, 49.060317]}, "properties": {"year": 2025, "valeur_fonciere": 390000.0, "type_local": "Dépendance", "surface_reelle_bati": null, "nombre_pieces_principales": 0.0, "adresse_nom_voie": "RUE DE BOURBON CONDE", "price_per_sqm": null, "date_iso": "2025-08-20", "parcelle": "77153000AP0039", "addr_num": "2"}}, {"type": "Feature", "geometry": {"type": "Point", "coordinates": [2.681174, 49.060317]}, "properties": {"year": 2025, "valeur_fonciere": 390000.0, "type_local": "Dépendance", "surface_reelle_bati": null, "nombre_pieces_principales": 0.0, "adresse_nom_voie": "RUE DE BOURBON CONDE", "price_per_sqm": null, "date_iso": "2025-08-20", "parcelle": "77153000AP0039", "addr_num": "2"}}, {"type": "Feature", "geometry": {"type": "Point", "coordinates": [2.681174, 49.060317]}, "properties": {"year": 2025, "valeur_fonciere": 390000.0, "type_local": "Maison", "surface_reelle_bati": 118.0, "nombre_pieces_principales": 5.0, "adresse_nom_voie": "RUE DE BOURBON CONDE", "price_per_sqm": 3305.084745762712, "date_iso": "2025-08-20", "parcelle": "77153000AP0039", "addr_num": "2"}}, {"type": "Feature", "geometry": {"type": "Point", "coordinates": [2.681174, 49.060317]}, "properties": {"year": 2025, "valeur_fonciere": 390000.0, "type_local": "Dépendance", "surface_reelle_bati": null, "nombre_pieces_principales": 0.0, "adresse_nom_voie": "RUE DE BOURBON CONDE", "price_per_sqm": null, "date_iso": "2025-08-20", "parcelle": "77153000AP0039", "addr_num": "2"}}, {"type": "Feature", "geometry": {"type": "Point", "coordinates": [2.681174, 49.060317]}, "properties": {"year": 2025, "valeur_fonciere": 390000.0, "type_local": "Dépendance", "surface_reelle_bati": null, "nombre_pieces_principales": 0.0, "adresse_nom_voie": "RUE DE BOURBON CONDE", "price_per_sqm": null, "date_iso": "2025-08-20", "parcelle": "77153000AP0039", "addr_num": "2"}}, {"type": "Feature", "geometry": {"type": "Point", "coordinates": [2.681174, 49.060317]}, "properties": {"year": 2025, "valeur_fonciere": 390000.0, "type_local": "Maison", "surface_reelle_bati": 118.0, "nombre_pieces_principales": 5.0, "adresse_nom_voie": "RUE DE BOURBON CONDE", "price_per_sqm": 3305.084745762712, "date_iso": "2025-08-20", "parcelle": "77153000AP0039", "addr_num": "2"}}, {"type": "Feature", "geometry": {"type": "Point", "coordinates": [2.688959, 49.057608]}, "properties": {"year": 2025, "valeur_fonciere": 358700.0, "type_local": "Maison", "surface_reelle_bati": 140.0, "nombre_pieces_principales": 7.0, "adresse_nom_voie": "RUE DES GRIOTTES", "price_per_sqm": 2562.1428571428573, "date_iso": "2025-08-19", "parcelle": "77153000AL0161", "addr_num": "5"}}, {"type": "Feature", "geometry": {"type": "Point", "coordinates": [2.668828, 49.057236]}, "properties": {"year": 2025, "valeur_fonciere": 152000.0, "type_local": "Dépendance", "surface_reelle_bati": null, "nombre_pieces_principales": 0.0, "adresse_nom_voie": "CHE DES JONCS", "price_per_sqm": null, "date_iso": "2025-08-08", "parcelle": "771530000A1762", "addr_num": "10"}}, {"type": "Feature", "geometry": {"type": "Point", "coordinates": [2.668828, 49.057236]}, "properties": {"year": 2025, "valeur_fonciere": 152000.0, "type_local": "Dépendance", "surface_reelle_bati": null, "nombre_pieces_principales": 0.0, "adresse_nom_voie": "CHE DES JONCS", "price_per_sqm": null, "date_iso": "2025-08-08", "parcelle": "771530000A1762", "addr_num": "10"}}, {"type": "Feature", "geometry": {"type": "Point", "coordinates": [2.668828, 49.057236]}, "properties": {"year": 2025, "valeur_fonciere": 152000.0, "type_local": "Appartement", "surface_reelle_bati": 42.0, "nombre_pieces_principales": 2.0, "adresse_nom_voie": "CHE DES JONCS", "price_per_sqm": 3619.0476190476193, "date_iso": "2025-08-08", "parcelle": "771530000A1762", "addr_num": "10"}}, {"type": "Feature", "geometry": {"type": "Point", "coordinates": [2.668828, 49.057236]}, "properties": {"year": 2025, "valeur_fonciere": 152000.0, "type_local": "Dépendance", "surface_reelle_bati": null, "nombre_pieces_principales": 0.0, "adresse_nom_voie": "CHE DES JONCS", "price_per_sqm": null, "date_iso": "2025-08-08", "parcelle": "771530000A1762", "addr_num": "10"}}, {"type": "Feature", "geometry": {"type": "Point", "coordinates": [2.680005, 49.05492]}, "properties": {"year": 2025, "valeur_fonciere": 236000.0, "type_local": "Appartement", "surface_reelle_bati": 71.0, "nombre_pieces_principales": 3.0, "adresse_nom_voie": "RUE GANNEVAL", "price_per_sqm": 3323.943661971831, "date_iso": "2025-08-28", "parcelle": "77153000AC0213", "addr_num": "12"}}, {"type": "Feature", "geometry": {"type": "Point", "coordinates": [2.680005, 49.05492]}, "properties": {"year": 2025, "valeur_fonciere": 236000.0, "type_local": "Dépendance", "surface_reelle_bati": null, "nombre_pieces_principales": 0.0, "adresse_nom_voie": "RUE GANNEVAL", "price_per_sqm": null, "date_iso": "2025-08-28", "parcelle": "77153000AC0213", "addr_num": "12"}}, {"type": "Feature", "geometry": {"type": "Point", "coordinates": [2.6952, 49.060408]}, "properties": {"year": 2025, "valeur_fonciere": 344000.0, "type_local": "Maison", "surface_reelle_bati": 109.0, "nombre_pieces_principales": 6.0, "adresse_nom_voie": "RUE DES BLES D'OR", "price_per_sqm": 3155.9633027522937, "date_iso": "2025-08-19", "parcelle": "77153000AM0357", "addr_num": "7"}}, {"type": "Feature", "geometry": {"type": "Point", "coordinates": [2.6952, 49.060408]}, "properties": {"year": 2025, "valeur_fonciere": 344000.0, "type_local": "Maison", "surface_reelle_bati": 109.0, "nombre_pieces_principales": 6.0, "adresse_nom_voie": "RUE DES BLES D'OR", "price_per_sqm": 3155.9633027522937, "date_iso": "2025-08-19", "parcelle": "77153000AM0357", "addr_num": "7"}}, {"type": "Feature", "geometry": {"type": "Point", "coordinates": [2.674678, 49.062143]}, "properties": {"year": 2025, "valeur_fonciere": 343440.0, "type_local": "Maison", "surface_reelle_bati": 105.0, "nombre_pieces_principales": 5.0, "adresse_nom_voie": "RUE NELSON MANDELA", "price_per_sqm": 3270.8571428571427, "date_iso": "2025-08-29", "parcelle": "771530000A1691", "addr_num": "22"}}, {"type": "Feature", "geometry": {"type": "Point", "coordinates": [2.674678, 49.062143]}, "properties": {"year": 2025, "valeur_fonciere": 343440.0, "type_local": "Maison", "surface_reelle_bati": 105.0, "nombre_pieces_principales": 5.0, "adresse_nom_voie": "RUE NELSON MANDELA", "price_per_sqm": 3270.8571428571427, "date_iso": "2025-08-29", "parcelle": "771530000A1691", "addr_num": "22"}}, {"type": "Feature", "geometry": {"type": "Point", "coordinates": [2.680643, 49.054212]}, "properties": {"year": 2025, "valeur_fonciere": 212000.0, "type_local": "Dépendance", "surface_reelle_bati": null, "nombre_pieces_principales": 0.0, "adresse_nom_voie": "PL JEAN PATHUS LABOUR", "price_per_sqm": null, "date_iso": "2025-08-27", "parcelle": "77153000AC0254", "addr_num": "4"}}, {"type": "Feature", "geometry": {"type": "Point", "coordinates": [2.680643, 49.054212]}, "properties": {"year": 2025, "valeur_fonciere": 212000.0, "type_local": "Maison", "surface_reelle_bati": 74.0, "nombre_pieces_principales": 4.0, "adresse_nom_voie": "PL JEAN PATHUS LABOUR", "price_per_sqm": 2864.864864864865, "date_iso": "2025-08-27", "parcelle": "77153000AC0254", "addr_num": "4"}}, {"type": "Feature", "geometry": {"type": "Point", "coordinates": [2.680643, 49.054212]}, "properties": {"year": 2025, "valeur_fonciere": 212000.0, "type_local": "Dépendance", "surface_reelle_bati": null, "nombre_pieces_principales": 0.0, "adresse_nom_voie": "PL JEAN PATHUS LABOUR", "price_per_sqm": null, "date_iso": "2025-08-27", "parcelle": "77153000AC0254", "addr_num": "4"}}, {"type": "Feature", "geometry": {"type": "Point", "coordinates": [2.680696, 49.054218]}, "properties": {"year": 2025, "valeur_fonciere": 212000.0, "type_local": null, "surface_reelle_bati": null, "nombre_pieces_principales": null, "adresse_nom_voie": "PL JEAN PATHUS LABOUR", "price_per_sqm": null, "date_iso": "2025-08-27", "parcelle": "77153000AC0256", "addr_num": "4"}}, {"type": "Feature", "geometry": {"type": "Point", "coordinates": [2.668949, 49.056725]}, "properties": {"year": 2025, "valeur_fonciere": 410000.0, "type_local": "Dépendance", "surface_reelle_bati": null, "nombre_pieces_principales": 0.0, "adresse_nom_voie": "CHE DES JONCS", "price_per_sqm": null, "date_iso": "2025-09-05", "parcelle": "771530000C0685", "addr_num": "9"}}, {"type": "Feature", "geometry": {"type": "Point", "coordinates": [2.668949, 49.056725]}, "properties": {"year": 2025, "valeur_fonciere": 410000.0, "type_local": "Maison", "surface_reelle_bati": 160.0, "nombre_pieces_principales": 7.0, "adresse_nom_voie": "CHE DES JONCS", "price_per_sqm": 2562.5, "date_iso": "2025-09-05", "parcelle": "771530000C0685", "addr_num": "9"}}, {"type": "Feature", "geometry": {"type": "Point", "coordinates": [2.668949, 49.056725]}, "properties": {"year": 2025, "valeur_fonciere": 410000.0, "type_local": "Maison", "surface_reelle_bati": 160.0, "nombre_pieces_principales": 7.0, "adresse_nom_voie": "CHE DES JONCS", "price_per_sqm": 2562.5, "date_iso": "2025-09-05", "parcelle": "771530000C0685", "addr_num": "9"}}, {"type": "Feature", "geometry": {"type": "Point", "coordinates": [2.668949, 49.056725]}, "properties": {"year": 2025, "valeur_fonciere": 410000.0, "type_local": "Dépendance", "surface_reelle_bati": null, "nombre_pieces_principales": 0.0, "adresse_nom_voie": "CHE DES JONCS", "price_per_sqm": null, "date_iso": "2025-09-05", "parcelle": "771530000C0685", "addr_num": "9"}}, {"type": "Feature", "geometry": {"type": "Point", "coordinates": [2.67585, 49.060994]}, "properties": {"year": 2025, "valeur_fonciere": 235000.0, "type_local": "Maison", "surface_reelle_bati": 60.0, "nombre_pieces_principales": 3.0, "adresse_nom_voie": "AV JEAN JAURES", "price_per_sqm": 3916.6666666666665, "date_iso": "2025-09-04", "parcelle": "771530000A1591", "addr_num": "10"}}, {"type": "Feature", "geometry": {"type": "Point", "coordinates": [2.675531, 49.06114]}, "properties": {"year": 2025, "valeur_fonciere": 235000.0, "type_local": "Dépendance", "surface_reelle_bati": null, "nombre_pieces_principales": 0.0, "adresse_nom_voie": "AV JEAN JAURES", "price_per_sqm": null, "date_iso": "2025-09-04", "parcelle": "771530000A1610", "addr_num": "10"}}, {"type": "Feature", "geometry": {"type": "Point", "coordinates": [2.675517, 49.06124]}, "properties": {"year": 2025, "valeur_fonciere": 235000.0, "type_local": "Dépendance", "surface_reelle_bati": null, "nombre_pieces_principales": 0.0, "adresse_nom_voie": "AV JEAN JAURES", "price_per_sqm": null, "date_iso": "2025-09-04", "parcelle": "771530000A1626", "addr_num": "10"}}, {"type": "Feature", "geometry": {"type": "Point", "coordinates": [2.681704, 49.054773]}, "properties": {"year": 2025, "valeur_fonciere": 164500.0, "type_local": "Appartement", "surface_reelle_bati": 49.0, "nombre_pieces_principales": 2.0, "adresse_nom_voie": "RUE DUSSOLIE", "price_per_sqm": 3357.1428571428573, "date_iso": "2025-09-01", "parcelle": "77153000AC0084", "addr_num": "5"}}, {"type": "Feature", "geometry": {"type": "Point", "coordinates": [2.681704, 49.054773]}, "properties": {"year": 2025, "valeur_fonciere": 164500.0, "type_local": "Dépendance", "surface_reelle_bati": null, "nombre_pieces_principales": 0.0, "adresse_nom_voie": "RUE DUSSOLIE", "price_per_sqm": null, "date_iso": "2025-09-01", "parcelle": "77153000AC0084", "addr_num": "5"}}, {"type": "Feature", "geometry": {"type": "Point", "coordinates": [2.681704, 49.054773]}, "properties": {"year": 2025, "valeur_fonciere": 164500.0, "type_local": "Dépendance", "surface_reelle_bati": null, "nombre_pieces_principales": 0.0, "adresse_nom_voie": "RUE DUSSOLIE", "price_per_sqm": null, "date_iso": "2025-09-01", "parcelle": "77153000AC0084", "addr_num": "5"}}, {"type": "Feature", "geometry": {"type": "Point", "coordinates": [2.681704, 49.054773]}, "properties": {"year": 2025, "valeur_fonciere": 164500.0, "type_local": "Dépendance", "surface_reelle_bati": null, "nombre_pieces_principales": 0.0, "adresse_nom_voie": "RUE DUSSOLIE", "price_per_sqm": null, "date_iso": "2025-09-01", "parcelle": "77153000AC0084", "addr_num": "5"}}, {"type": "Feature", "geometry": {"type": "Point", "coordinates": [2.677228, 49.053604]}, "properties": {"year": 2025, "valeur_fonciere": 135000.0, "type_local": "Appartement", "surface_reelle_bati": 53.0, "nombre_pieces_principales": 2.0, "adresse_nom_voie": "RUE DU GENERAL DE GAULLE", "price_per_sqm": 2547.169811320755, "date_iso": "2025-09-09", "parcelle": "77153000AB0332", "addr_num": "46"}}, {"type": "Feature", "geometry": {"type": "Point", "coordinates": [2.680872, 49.054177]}, "properties": {"year": 2025, "valeur_fonciere": 55000.0, "type_local": "Dépendance", "surface_reelle_bati": null, "nombre_pieces_principales": 0.0, "adresse_nom_voie": "PL JEAN PATHUS LABOUR", "price_per_sqm": null, "date_iso": "2025-09-09", "parcelle": "77153000AC0138", "addr_num": "10"}}, {"type": "Feature", "geometry": {"type": "Point", "coordinates": [2.680872, 49.054177]}, "properties": {"year": 2025, "valeur_fonciere": 55000.0, "type_local": "Dépendance", "surface_reelle_bati": null, "nombre_pieces_principales": 0.0, "adresse_nom_voie": "RUE DU GENERAL DE GAULLE", "price_per_sqm": null, "date_iso": "2025-09-09", "parcelle": "77153000AC0138", "addr_num": "127"}}, {"type": "Feature", "geometry": {"type": "Point", "coordinates": [2.680872, 49.054177]}, "properties": {"year": 2025, "valeur_fonciere": 55000.0, "type_local": "Dépendance", "surface_reelle_bati": null, "nombre_pieces_principales": 0.0, "adresse_nom_voie": "RUE DU GENERAL DE GAULLE", "price_per_sqm": null, "date_iso": "2025-09-09", "parcelle": "77153000AC0138", "addr_num": "127"}}, {"type": "Feature", "geometry": {"type": "Point", "coordinates": [2.680872, 49.054177]}, "properties": {"year": 2025, "valeur_fonciere": 55000.0, "type_local": "Appartement", "surface_reelle_bati": 19.0, "nombre_pieces_principales": 2.0, "adresse_nom_voie": "RUE DU GENERAL DE GAULLE", "price_per_sqm": 2894.7368421052633, "date_iso": "2025-09-09", "parcelle": "77153000AC0138", "addr_num": "127"}}, {"type": "Feature", "geometry": {"type": "Point", "coordinates": [2.681965, 49.061259]}, "properties": {"year": 2025, "valeur_fonciere": 115000.0, "type_local": null, "surface_reelle_bati": null, "nombre_pieces_principales": null, "adresse_nom_voie": "AV ANTOINE CHABANNES", "price_per_sqm": null, "date_iso": "2025-09-10", "parcelle": "77153000AO0445", "addr_num": "2"}}, {"type": "Feature", "geometry": {"type": "Point", "coordinates": [2.697941, 49.059528]}, "properties": {"year": 2025, "valeur_fonciere": 340000.0, "type_local": "Maison", "surface_reelle_bati": 107.0, "nombre_pieces_principales": 5.0, "adresse_nom_voie": "RUE DU DIX NEUF MARS 1962", "price_per_sqm": 3177.570093457944, "date_iso": "2025-09-11", "parcelle": "77153000AM0289", "addr_num": "9"}}, {"type": "Feature", "geometry": {"type": "Point", "coordinates": [2.697941, 49.059528]}, "properties": {"year": 2025, "valeur_fonciere": 340000.0, "type_local": "Dépendance", "surface_reelle_bati": null, "nombre_pieces_principales": 0.0, "adresse_nom_voie": "RUE DU DIX NEUF MARS 1962", "price_per_sqm": null, "date_iso": "2025-09-11", "parcelle": "77153000AM0289", "addr_num": "9"}}, {"type": "Feature", "geometry": {"type": "Point", "coordinates": [2.673736, 49.051907]}, "properties": {"year": 2025, "valeur_fonciere": 500.0, "type_local": null, "surface_reelle_bati": null, "nombre_pieces_principales": null, "adresse_nom_voie": "SAINTE-MARIE", "price_per_sqm": null, "date_iso": "2025-09-16", "parcelle": "77153000ZN0126", "addr_num": ""}}, {"type": "Feature", "geometry": {"type": "Point", "coordinates": [2.674431, 49.052302]}, "properties": {"year": 2025, "valeur_fonciere": 500.0, "type_local": null, "surface_reelle_bati": null, "nombre_pieces_principales": null, "adresse_nom_voie": "SAINTE-MARIE", "price_per_sqm": null, "date_iso": "2025-09-16", "parcelle": "77153000ZN0127", "addr_num": ""}}, {"type": "Feature", "geometry": {"type": "Point", "coordinates": [2.687458, 49.051728]}, "properties": {"year": 2025, "valeur_fonciere": 365000.0, "type_local": "Maison", "surface_reelle_bati": 105.0, "nombre_pieces_principales": 3.0, "adresse_nom_voie": "RUE DU GUE DOUY", "price_per_sqm": 3476.190476190476, "date_iso": "2025-09-04", "parcelle": "77153000ZH0163", "addr_num": "8"}}, {"type": "Feature", "geometry": {"type": "Point", "coordinates": [2.687458, 49.051728]}, "properties": {"year": 2025, "valeur_fonciere": 365000.0, "type_local": "Maison", "surface_reelle_bati": 105.0, "nombre_pieces_principales": 3.0, "adresse_nom_voie": "RUE DU GUE DOUY", "price_per_sqm": 3476.190476190476, "date_iso": "2025-09-04", "parcelle": "77153000ZH0163", "addr_num": "8"}}, {"type": "Feature", "geometry": {"type": "Point", "coordinates": [2.678716, 49.063858]}, "properties": {"year": 2025, "valeur_fonciere": 280000.0, "type_local": "Maison", "surface_reelle_bati": 80.0, "nombre_pieces_principales": 4.0, "adresse_nom_voie": "AV ROBERT BADINTER", "price_per_sqm": 3500.0, "date_iso": "2025-09-16", "parcelle": "771530000A0990", "addr_num": "33"}}, {"type": "Feature", "geometry": {"type": "Point", "coordinates": [2.678739, 49.063623]}, "properties": {"year": 2025, "valeur_fonciere": 280000.0, "type_local": "Dépendance", "surface_reelle_bati": null, "nombre_pieces_principales": 0.0, "adresse_nom_voie": "AV ROBERT BADINTER", "price_per_sqm": null, "date_iso": "2025-09-16", "parcelle": "771530000A1021", "addr_num": "1021"}}, {"type": "Feature", "geometry": {"type": "Point", "coordinates": [2.678728, 49.063715]}, "properties": {"year": 2025, "valeur_fonciere": 280000.0, "type_local": "Dépendance", "surface_reelle_bati": null, "nombre_pieces_principales": 0.0, "adresse_nom_voie": "AV ROBERT BADINTER", "price_per_sqm": null, "date_iso": "2025-09-16", "parcelle": "771530000A1024", "addr_num": "1024"}}, {"type": "Feature", "geometry": {"type": "Point", "coordinates": [2.690424, 49.064272]}, "properties": {"year": 2025, "valeur_fonciere": 300000.0, "type_local": null, "surface_reelle_bati": null, "nombre_pieces_principales": null, "adresse_nom_voie": "LA MARE A DUMEZ", "price_per_sqm": null, "date_iso": "2025-09-19", "parcelle": "77153000ZD0137", "addr_num": ""}}, {"type": "Feature", "geometry": {"type": "Point", "coordinates": [2.677304, 49.05334]}, "properties": {"year": 2025, "valeur_fonciere": 257000.0, "type_local": "Dépendance", "surface_reelle_bati": null, "nombre_pieces_principales": 0.0, "adresse_nom_voie": "RUE DES OULCHES", "price_per_sqm": null, "date_iso": "2025-08-22", "parcelle": "77153000AB0226", "addr_num": "16"}}, {"type": "Feature", "geometry": {"type": "Point", "coordinates": [2.677304, 49.05334]}, "properties": {"year": 2025, "valeur_fonciere": 257000.0, "type_local": "Dépendance", "surface_reelle_bati": null, "nombre_pieces_principales": 0.0, "adresse_nom_voie": "RUE DES OULCHES", "price_per_sqm": null, "date_iso": "2025-08-22", "parcelle": "77153000AB0226", "addr_num": "16"}}, {"type": "Feature", "geometry": {"type": "Point", "coordinates": [2.677304, 49.05334]}, "properties": {"year": 2025, "valeur_fonciere": 257000.0, "type_local": "Maison", "surface_reelle_bati": 128.0, "nombre_pieces_principales": 4.0, "adresse_nom_voie": "RUE DES OULCHES", "price_per_sqm": 2007.8125, "date_iso": "2025-08-22", "parcelle": "77153000AB0226", "addr_num": "16"}}, {"type": "Feature", "geometry": {"type": "Point", "coordinates": [2.691112, 49.05407]}, "properties": {"year": 2025, "valeur_fonciere": 290000.0, "type_local": "Maison", "surface_reelle_bati": 92.0, "nombre_pieces_principales": 5.0, "adresse_nom_voie": "ALL SAINT REMY", "price_per_sqm": 3152.1739130434785, "date_iso": "2025-09-08", "parcelle": "77153000AL0299", "addr_num": "8"}}, {"type": "Feature", "geometry": {"type": "Point", "coordinates": [2.684126, 49.053904]}, "properties": {"year": 2025, "valeur_fonciere": 87000.0, "type_local": "Appartement", "surface_reelle_bati": 27.0, "nombre_pieces_principales": 2.0, "adresse_nom_voie": "RUE LAVOLLEE", "price_per_sqm": 3222.222222222222, "date_iso": "2025-09-12", "parcelle": "77153000AC0215", "addr_num": "47"}}, {"type": "Feature", "geometry": {"type": "Point", "coordinates": [2.683651, 49.062357]}, "properties": {"year": 2025, "valeur_fonciere": 345000.0, "type_local": "Maison", "surface_reelle_bati": 122.0, "nombre_pieces_principales": 5.0, "adresse_nom_voie": "RUE FRANCOIS VILLON", "price_per_sqm": 2827.8688524590166, "date_iso": "2025-09-23", "parcelle": "77153000AO0255", "addr_num": "6"}}, {"type": "Feature", "geometry": {"type": "Point", "coordinates": [2.683651, 49.062357]}, "properties": {"year": 2025, "valeur_fonciere": 345000.0, "type_local": "Dépendance", "surface_reelle_bati": null, "nombre_pieces_principales": 0.0, "adresse_nom_voie": "RUE FRANCOIS VILLON", "price_per_sqm": null, "date_iso": "2025-09-23", "parcelle": "77153000AO0255", "addr_num": "6"}}, {"type": "Feature", "geometry": {"type": "Point", "coordinates": [2.683651, 49.062357]}, "properties": {"year": 2025, "valeur_fonciere": 345000.0, "type_local": "Dépendance", "surface_reelle_bati": null, "nombre_pieces_principales": 0.0, "adresse_nom_voie": "RUE FRANCOIS VILLON", "price_per_sqm": null, "date_iso": "2025-09-23", "parcelle": "77153000AO0255", "addr_num": "6"}}, {"type": "Feature", "geometry": {"type": "Point", "coordinates": [2.68419, 49.063053]}, "properties": {"year": 2025, "valeur_fonciere": 328300.0, "type_local": "Dépendance", "surface_reelle_bati": null, "nombre_pieces_principales": 0.0, "adresse_nom_voie": "RUE DE L ORIGAN", "price_per_sqm": null, "date_iso": "2025-09-26", "parcelle": "77153000AO0096", "addr_num": "16"}}, {"type": "Feature", "geometry": {"type": "Point", "coordinates": [2.68419, 49.063053]}, "properties": {"year": 2025, "valeur_fonciere": 328300.0, "type_local": "Maison", "surface_reelle_bati": 86.0, "nombre_pieces_principales": 4.0, "adresse_nom_voie": "RUE DE L ORIGAN", "price_per_sqm": 3817.4418604651164, "date_iso": "2025-09-26", "parcelle": "77153000AO0096", "addr_num": "16"}}, {"type": "Feature", "geometry": {"type": "Point", "coordinates": [2.68419, 49.063053]}, "properties": {"year": 2025, "valeur_fonciere": 328300.0, "type_local": "Maison", "surface_reelle_bati": 86.0, "nombre_pieces_principales": 4.0, "adresse_nom_voie": "RUE DE L ORIGAN", "price_per_sqm": 3817.4418604651164, "date_iso": "2025-09-26", "parcelle": "77153000AO0096", "addr_num": "16"}}, {"type": "Feature", "geometry": {"type": "Point", "coordinates": [2.68419, 49.063053]}, "properties": {"year": 2025, "valeur_fonciere": 328300.0, "type_local": "Dépendance", "surface_reelle_bati": null, "nombre_pieces_principales": 0.0, "adresse_nom_voie": "RUE DE L ORIGAN", "price_per_sqm": null, "date_iso": "2025-09-26", "parcelle": "77153000AO0096", "addr_num": "16"}}, {"type": "Feature", "geometry": {"type": "Point", "coordinates": [2.681098, 49.051786]}, "properties": {"year": 2025, "valeur_fonciere": 345000.0, "type_local": "Maison", "surface_reelle_bati": 91.0, "nombre_pieces_principales": 4.0, "adresse_nom_voie": "RUE DU GUE DOUY", "price_per_sqm": 3791.2087912087914, "date_iso": "2025-09-19", "parcelle": "771530000D0538", "addr_num": "51"}}, {"type": "Feature", "geometry": {"type": "Point", "coordinates": [2.681164, 49.051931]}, "properties": {"year": 2025, "valeur_fonciere": 345000.0, "type_local": null, "surface_reelle_bati": null, "nombre_pieces_principales": null, "adresse_nom_voie": "RUE DU GUE DOUY", "price_per_sqm": null, "date_iso": "2025-09-19", "parcelle": "771530000D0545", "addr_num": "51"}}, {"type": "Feature", "geometry": {"type": "Point", "coordinates": [2.676844, 49.053486]}, "properties": {"year": 2025, "valeur_fonciere": 148000.0, "type_local": "Appartement", "surface_reelle_bati": 46.0, "nombre_pieces_principales": 2.0, "adresse_nom_voie": "RUE DU GENERAL DE GAULLE", "price_per_sqm": 3217.391304347826, "date_iso": "2025-10-03", "parcelle": "77153000AB0342", "addr_num": "34"}}, {"type": "Feature", "geometry": {"type": "Point", "coordinates": [2.682326, 49.053639]}, "properties": {"year": 2025, "valeur_fonciere": 315000.0, "type_local": "Appartement", "surface_reelle_bati": 26.0, "nombre_pieces_principales": 2.0, "adresse_nom_voie": "RUE LETESSIER", "price_per_sqm": 12115.384615384615, "date_iso": "2025-09-26", "parcelle": "77153000AD0072", "addr_num": "11"}}, {"type": "Feature", "geometry": {"type": "Point", "coordinates": [2.682326, 49.053639]}, "properties": {"year": 2025, "valeur_fonciere": 315000.0, "type_local": "Appartement", "surface_reelle_bati": 44.0, "nombre_pieces_principales": 3.0, "adresse_nom_voie": "RUE LETESSIER", "price_per_sqm": 7159.090909090909, "date_iso": "2025-09-26", "parcelle": "77153000AD0072", "addr_num": "11"}}, {"type": "Feature", "geometry": {"type": "Point", "coordinates": [2.682326, 49.053639]}, "properties": {"year": 2025, "valeur_fonciere": 315000.0, "type_local": "Appartement", "surface_reelle_bati": 33.0, "nombre_pieces_principales": 1.0, "adresse_nom_voie": "RUE LETESSIER", "price_per_sqm": 9545.454545454546, "date_iso": "2025-09-26", "parcelle": "77153000AD0072", "addr_num": "11"}}, {"type": "Feature", "geometry": {"type": "Point", "coordinates": [2.683829, 49.064672]}, "properties": {"year": 2025, "valeur_fonciere": 290000.0, "type_local": "Maison", "surface_reelle_bati": 77.0, "nombre_pieces_principales": 4.0, "adresse_nom_voie": "RUE RONSARD", "price_per_sqm": 3766.2337662337663, "date_iso": "2025-10-15", "parcelle": "77153000AO0282", "addr_num": "7"}}, {"type": "Feature", "geometry": {"type": "Point", "coordinates": [2.677342, 49.054935]}, "properties": {"year": 2025, "valeur_fonciere": 145100.0, "type_local": "Appartement", "surface_reelle_bati": 38.0, "nombre_pieces_principales": 2.0, "adresse_nom_voie": "RUE DU JEU D ARC", "price_per_sqm": 3818.4210526315787, "date_iso": "2025-09-25", "parcelle": "77153000AB0283", "addr_num": "21"}}, {"type": "Feature", "geometry": {"type": "Point", "coordinates": [2.677342, 49.054935]}, "properties": {"year": 2025, "valeur_fonciere": 145100.0, "type_local": "Dépendance", "surface_reelle_bati": null, "nombre_pieces_principales": 0.0, "adresse_nom_voie": "RUE SAINT JEAN", "price_per_sqm": null, "date_iso": "2025-09-25", "parcelle": "77153000AB0283", "addr_num": "7"}}, {"type": "Feature", "geometry": {"type": "Point", "coordinates": [2.679811, 49.061536]}, "properties": {"year": 2025, "valeur_fonciere": 290000.0, "type_local": "Maison", "surface_reelle_bati": 89.0, "nombre_pieces_principales": 5.0, "adresse_nom_voie": "ALL DE FAYEL", "price_per_sqm": 3258.4269662921347, "date_iso": "2025-09-26", "parcelle": "77153000AP0030", "addr_num": "9"}}, {"type": "Feature", "geometry": {"type": "Point", "coordinates": [2.679811, 49.061536]}, "properties": {"year": 2025, "valeur_fonciere": 290000.0, "type_local": "Maison", "surface_reelle_bati": 89.0, "nombre_pieces_principales": 5.0, "adresse_nom_voie": "ALL DE FAYEL", "price_per_sqm": 3258.4269662921347, "date_iso": "2025-09-26", "parcelle": "77153000AP0030", "addr_num": "9"}}, {"type": "Feature", "geometry": {"type": "Point", "coordinates": [2.689786, 49.058838]}, "properties": {"year": 2025, "valeur_fonciere": 311000.0, "type_local": "Maison", "surface_reelle_bati": 126.0, "nombre_pieces_principales": 6.0, "adresse_nom_voie": "AV DU DRAP D OR", "price_per_sqm": 2468.253968253968, "date_iso": "2025-10-08", "parcelle": "77153000AK0184", "addr_num": "41"}}, {"type": "Feature", "geometry": {"type": "Point", "coordinates": [2.693609, 49.059693]}, "properties": {"year": 2025, "valeur_fonciere": 324000.0, "type_local": "Maison", "surface_reelle_bati": 103.0, "nombre_pieces_principales": 5.0, "adresse_nom_voie": "ALL POMMERAIE", "price_per_sqm": 3145.631067961165, "date_iso": "2025-10-14", "parcelle": "77153000AM0389", "addr_num": "1"}}, {"type": "Feature", "geometry": {"type": "Point", "coordinates": [2.689786, 49.058838]}, "properties": {"year": 2025, "valeur_fonciere": 395878.65, "type_local": "Maison", "surface_reelle_bati": 126.0, "nombre_pieces_principales": 6.0, "adresse_nom_voie": "AV DU DRAP D OR", "price_per_sqm": 3141.894047619048, "date_iso": "2025-10-13", "parcelle": "77153000AK0184", "addr_num": "41"}}, {"type": "Feature", "geometry": {"type": "Point", "coordinates": [2.692093, 49.061718]}, "properties": {"year": 2025, "valeur_fonciere": 232000.0, "type_local": "Dépendance", "surface_reelle_bati": null, "nombre_pieces_principales": 0.0, "adresse_nom_voie": "ALL DES MERISIERS", "price_per_sqm": null, "date_iso": "2025-10-03", "parcelle": "77153000AN0055", "addr_num": "4"}}, {"type": "Feature", "geometry": {"type": "Point", "coordinates": [2.692093, 49.061718]}, "properties": {"year": 2025, "valeur_fonciere": 232000.0, "type_local": "Dépendance", "surface_reelle_bati": null, "nombre_pieces_principales": 0.0, "adresse_nom_voie": "ALL DES MERISIERS", "price_per_sqm": null, "date_iso": "2025-10-03", "parcelle": "77153000AN0055", "addr_num": "4"}}, {"type": "Feature", "geometry": {"type": "Point", "coordinates": [2.692093, 49.061718]}, "properties": {"year": 2025, "valeur_fonciere": 232000.0, "type_local": null, "surface_reelle_bati": null, "nombre_pieces_principales": null, "adresse_nom_voie": "ALL DES MERISIERS", "price_per_sqm": null, "date_iso": "2025-10-03", "parcelle": "77153000AN0055", "addr_num": "4"}}, {"type": "Feature", "geometry": {"type": "Point", "coordinates": [2.692093, 49.061718]}, "properties": {"year": 2025, "valeur_fonciere": 232000.0, "type_local": "Appartement", "surface_reelle_bati": 40.0, "nombre_pieces_principales": 2.0, "adresse_nom_voie": "ALL DES MERISIERS", "price_per_sqm": 5800.0, "date_iso": "2025-10-03", "parcelle": "77153000AN0055", "addr_num": "4"}}, {"type": "Feature", "geometry": {"type": "Point", "coordinates": [2.69166, 49.053468]}, "properties": {"year": 2025, "valeur_fonciere": 680000.0, "type_local": "Maison", "surface_reelle_bati": 113.0, "nombre_pieces_principales": 6.0, "adresse_nom_voie": "AV DU MARECHAL LECLERC", "price_per_sqm": 6017.699115044248, "date_iso": "2025-10-29", "parcelle": "77153000AE0104", "addr_num": "9020"}}, {"type": "Feature", "geometry": {"type": "Point", "coordinates": [2.692283, 49.053648]}, "properties": {"year": 2025, "valeur_fonciere": 680000.0, "type_local": "Maison", "surface_reelle_bati": 140.0, "nombre_pieces_principales": 6.0, "adresse_nom_voie": "AV DU MARECHAL LECLERC", "price_per_sqm": 4857.142857142857, "date_iso": "2025-10-29", "parcelle": "77153000AL0340", "addr_num": "53"}}, {"type": "Feature", "geometry": {"type": "Point", "coordinates": [2.691993, 49.05348]}, "properties": {"year": 2025, "valeur_fonciere": 680000.0, "type_local": "Maison", "surface_reelle_bati": 96.0, "nombre_pieces_principales": 5.0, "adresse_nom_voie": "AV DU MARECHAL LECLERC", "price_per_sqm": 7083.333333333333, "date_iso": "2025-10-29", "parcelle": "77153000AL0339", "addr_num": "53"}}, {"type": "Feature", "geometry": {"type": "Point", "coordinates": [2.692413, 49.054991]}, "properties": {"year": 2025, "valeur_fonciere": 280000.0, "type_local": "Maison", "surface_reelle_bati": 83.0, "nombre_pieces_principales": 4.0, "adresse_nom_voie": "ALL GRAND ALEXANDRE", "price_per_sqm": 3373.4939759036147, "date_iso": "2025-10-15", "parcelle": "77153000AL0269", "addr_num": "3"}}, {"type": "Feature", "geometry": {"type": "Point", "coordinates": [2.666888, 49.061602]}, "properties": {"year": 2025, "valeur_fonciere": 28200.0, "type_local": null, "surface_reelle_bati": null, "nombre_pieces_principales": null, "adresse_nom_voie": "LES GRANDES DUMAINES", "price_per_sqm": null, "date_iso": "2025-10-17", "parcelle": "771530000A0429", "addr_num": ""}}, {"type": "Feature", "geometry": {"type": "Point", "coordinates": [2.666743, 49.061675]}, "properties": {"year": 2025, "valeur_fonciere": 28200.0, "type_local": null, "surface_reelle_bati": null, "nombre_pieces_principales": null, "adresse_nom_voie": "LES GRANDES DUMAINES", "price_per_sqm": null, "date_iso": "2025-10-17", "parcelle": "771530000A0437", "addr_num": ""}}, {"type": "Feature", "geometry": {"type": "Point", "coordinates": [2.665565, 49.061254]}, "properties": {"year": 2025, "valeur_fonciere": 28200.0, "type_local": null, "surface_reelle_bati": null, "nombre_pieces_principales": null, "adresse_nom_voie": "LES GRANDES DUMAINES", "price_per_sqm": null, "date_iso": "2025-10-17", "parcelle": "771530000A0456", "addr_num": ""}}, {"type": "Feature", "geometry": {"type": "Point", "coordinates": [2.666084, 49.0612]}, "properties": {"year": 2025, "valeur_fonciere": 28200.0, "type_local": null, "surface_reelle_bati": null, "nombre_pieces_principales": null, "adresse_nom_voie": "LES GRANDES DUMAINES", "price_per_sqm": null, "date_iso": "2025-10-17", "parcelle": "771530000A0457", "addr_num": ""}}, {"type": "Feature", "geometry": {"type": "Point", "coordinates": [2.665932, 49.061157]}, "properties": {"year": 2025, "valeur_fonciere": 28200.0, "type_local": null, "surface_reelle_bati": null, "nombre_pieces_principales": null, "adresse_nom_voie": "LES GRANDES DUMAINES", "price_per_sqm": null, "date_iso": "2025-10-17", "parcelle": "771530000A0458", "addr_num": ""}}, {"type": "Feature", "geometry": {"type": "Point", "coordinates": [2.682948, 49.061625]}, "properties": {"year": 2025, "valeur_fonciere": 119000.0, "type_local": null, "surface_reelle_bati": null, "nombre_pieces_principales": null, "adresse_nom_voie": "AV ANTOINE CHABANNES", "price_per_sqm": null, "date_iso": "2025-10-28", "parcelle": "77153000AO0447", "addr_num": "7"}}, {"type": "Feature", "geometry": {"type": "Point", "coordinates": [2.678621, 49.055526]}, "properties": {"year": 2025, "valeur_fonciere": 147000.0, "type_local": "Dépendance", "surface_reelle_bati": null, "nombre_pieces_principales": 0.0, "adresse_nom_voie": "RUE GANNEVAL", "price_per_sqm": null, "date_iso": "2025-10-28", "parcelle": "77153000AC0208", "addr_num": "30"}}, {"type": "Feature", "geometry": {"type": "Point", "coordinates": [2.678621, 49.055526]}, "properties": {"year": 2025, "valeur_fonciere": 147000.0, "type_local": "Appartement", "surface_reelle_bati": 46.0, "nombre_pieces_principales": 2.0, "adresse_nom_voie": "RUE GANNEVAL", "price_per_sqm": 3195.6521739130435, "date_iso": "2025-10-28", "parcelle": "77153000AC0208", "addr_num": "30"}}, {"type": "Feature", "geometry": {"type": "Point", "coordinates": [2.696447, 49.057939]}, "properties": {"year": 2025, "valeur_fonciere": 183400.0, "type_local": "Dépendance", "surface_reelle_bati": null, "nombre_pieces_principales": 0.0, "adresse_nom_voie": "AV DU MARECHAL LECLERC", "price_per_sqm": null, "date_iso": "2025-10-27", "parcelle": "77153000AM0105", "addr_num": "67"}}, {"type": "Feature", "geometry": {"type": "Point", "coordinates": [2.696447, 49.057939]}, "properties": {"year": 2025, "valeur_fonciere": 183400.0, "type_local": "Appartement", "surface_reelle_bati": 41.0, "nombre_pieces_principales": 2.0, "adresse_nom_voie": "AV DU MARECHAL LECLERC", "price_per_sqm": 4473.170731707317, "date_iso": "2025-10-27", "parcelle": "77153000AM0105", "addr_num": "67"}}, {"type": "Feature", "geometry": {"type": "Point", "coordinates": [2.677526, 49.055328]}, "properties": {"year": 2025, "valeur_fonciere": 190000.0, "type_local": "Dépendance", "surface_reelle_bati": null, "nombre_pieces_principales": 0.0, "adresse_nom_voie": "RUE SAINT JEAN", "price_per_sqm": null, "date_iso": "2025-10-30", "parcelle": "77153000AB0295", "addr_num": "11"}}, {"type": "Feature", "geometry": {"type": "Point", "coordinates": [2.677526, 49.055328]}, "properties": {"year": 2025, "valeur_fonciere": 190000.0, "type_local": "Appartement", "surface_reelle_bati": 56.0, "nombre_pieces_principales": 2.0, "adresse_nom_voie": "RUE SAINT JEAN", "price_per_sqm": 3392.8571428571427, "date_iso": "2025-10-30", "parcelle": "77153000AB0295", "addr_num": "11"}}, {"type": "Feature", "geometry": {"type": "Point", "coordinates": [2.678259, 49.054751]}, "properties": {"year": 2025, "valeur_fonciere": 130000.0, "type_local": "Dépendance", "surface_reelle_bati": null, "nombre_pieces_principales": 0.0, "adresse_nom_voie": "RUE DE LA HALLE", "price_per_sqm": null, "date_iso": "2025-11-03", "parcelle": "77153000AB0036", "addr_num": "8"}}, {"type": "Feature", "geometry": {"type": "Point", "coordinates": [2.680593, 49.054228]}, "properties": {"year": 2025, "valeur_fonciere": 130000.0, "type_local": "Maison", "surface_reelle_bati": 61.0, "nombre_pieces_principales": 3.0, "adresse_nom_voie": "PL JEAN PATHUS LABOUR", "price_per_sqm": 2131.1475409836066, "date_iso": "2025-11-03", "parcelle": "77153000AC0067", "addr_num": "2"}}, {"type": "Feature", "geometry": {"type": "Point", "coordinates": [2.668111, 49.05726]}, "properties": {"year": 2025, "valeur_fonciere": 310000.0, "type_local": null, "surface_reelle_bati": null, "nombre_pieces_principales": null, "adresse_nom_voie": "CHE DES JONCS", "price_per_sqm": null, "date_iso": "2025-10-28", "parcelle": "771530000A1522", "addr_num": "12"}}, {"type": "Feature", "geometry": {"type": "Point", "coordinates": [2.66753, 49.05738]}, "properties": {"year": 2025, "valeur_fonciere": 310000.0, "type_local": "Maison", "surface_reelle_bati": 119.0, "nombre_pieces_principales": 6.0, "adresse_nom_voie": "CHE DES JONCS", "price_per_sqm": 2605.0420168067226, "date_iso": "2025-10-28", "parcelle": "771530000A2084", "addr_num": "12"}}, {"type": "Feature", "geometry": {"type": "Point", "coordinates": [2.66753, 49.05738]}, "properties": {"year": 2025, "valeur_fonciere": 310000.0, "type_local": "Maison", "surface_reelle_bati": 119.0, "nombre_pieces_principales": 6.0, "adresse_nom_voie": "CHE DES JONCS", "price_per_sqm": 2605.0420168067226, "date_iso": "2025-10-28", "parcelle": "771530000A2084", "addr_num": "12"}}, {"type": "Feature", "geometry": {"type": "Point", "coordinates": [2.679853, 49.053887]}, "properties": {"year": 2025, "valeur_fonciere": 164000.0, "type_local": "Local industriel. commercial ou assimilé", "surface_reelle_bati": 48.0, "nombre_pieces_principales": 0.0, "adresse_nom_voie": "RUE DE LA LIBERATION", "price_per_sqm": 3416.6666666666665, "date_iso": "2025-11-05", "parcelle": "77153000AD0002", "addr_num": "1"}}, {"type": "Feature", "geometry": {"type": "Point", "coordinates": [2.679853, 49.053887]}, "properties": {"year": 2025, "valeur_fonciere": 164000.0, "type_local": "Dépendance", "surface_reelle_bati": null, "nombre_pieces_principales": 0.0, "adresse_nom_voie": "RUE DE LA LIBERATION", "price_per_sqm": null, "date_iso": "2025-11-05", "parcelle": "77153000AD0002", "addr_num": "1"}}, {"type": "Feature", "geometry": {"type": "Point", "coordinates": [2.679853, 49.053887]}, "properties": {"year": 2025, "valeur_fonciere": 164000.0, "type_local": "Dépendance", "surface_reelle_bati": null, "nombre_pieces_principales": 0.0, "adresse_nom_voie": "RUE DE LA LIBERATION", "price_per_sqm": null, "date_iso": "2025-11-05", "parcelle": "77153000AD0002", "addr_num": "1"}}, {"type": "Feature", "geometry": {"type": "Point", "coordinates": [2.696447, 49.057939]}, "properties": {"year": 2025, "valeur_fonciere": 158000.0, "type_local": "Dépendance", "surface_reelle_bati": null, "nombre_pieces_principales": 0.0, "adresse_nom_voie": "AV DU MARECHAL LECLERC", "price_per_sqm": null, "date_iso": "2025-11-19", "parcelle": "77153000AM0105", "addr_num": "67"}}, {"type": "Feature", "geometry": {"type": "Point", "coordinates": [2.696447, 49.057939]}, "properties": {"year": 2025, "valeur_fonciere": 158000.0, "type_local": "Appartement", "surface_reelle_bati": 41.0, "nombre_pieces_principales": 2.0, "adresse_nom_voie": "AV DU MARECHAL LECLERC", "price_per_sqm": 3853.6585365853657, "date_iso": "2025-11-19", "parcelle": "77153000AM0105", "addr_num": "67"}}, {"type": "Feature", "geometry": {"type": "Point", "coordinates": [2.685069, 49.053172]}, "properties": {"year": 2025, "valeur_fonciere": 108000.0, "type_local": "Appartement", "surface_reelle_bati": 33.0, "nombre_pieces_principales": 1.0, "adresse_nom_voie": "RUE DE MEAUX", "price_per_sqm": 3272.7272727272725, "date_iso": "2025-11-04", "parcelle": "77153000AD0107", "addr_num": "25"}}, {"type": "Feature", "geometry": {"type": "Point", "coordinates": [2.685069, 49.053172]}, "properties": {"year": 2025, "valeur_fonciere": 108000.0, "type_local": "Dépendance", "surface_reelle_bati": null, "nombre_pieces_principales": 0.0, "adresse_nom_voie": "RLE DU BUAT", "price_per_sqm": null, "date_iso": "2025-11-04", "parcelle": "77153000AD0107", "addr_num": "2"}}, {"type": "Feature", "geometry": {"type": "Point", "coordinates": [2.687704, 49.059998]}, "properties": {"year": 2025, "valeur_fonciere": 305000.0, "type_local": "Maison", "surface_reelle_bati": 105.0, "nombre_pieces_principales": 6.0, "adresse_nom_voie": "AV DU DRAP D OR", "price_per_sqm": 2904.7619047619046, "date_iso": "2025-11-21", "parcelle": "77153000AK0163", "addr_num": "19"}}, {"type": "Feature", "geometry": {"type": "Point", "coordinates": [2.687704, 49.059998]}, "properties": {"year": 2025, "valeur_fonciere": 305000.0, "type_local": "Dépendance", "surface_reelle_bati": null, "nombre_pieces_principales": 0.0, "adresse_nom_voie": "AV DU DRAP D OR", "price_per_sqm": null, "date_iso": "2025-11-21", "parcelle": "77153000AK0163", "addr_num": "19"}}, {"type": "Feature", "geometry": {"type": "Point", "coordinates": [2.695216, 49.057641]}, "properties": {"year": 2025, "valeur_fonciere": 512000.0, "type_local": "Maison", "surface_reelle_bati": 165.0, "nombre_pieces_principales": 5.0, "adresse_nom_voie": "RUE DES NOYERS", "price_per_sqm": 3103.030303030303, "date_iso": "2025-11-14", "parcelle": "77153000AM0270", "addr_num": "22"}}, {"type": "Feature", "geometry": {"type": "Point", "coordinates": [2.695216, 49.057641]}, "properties": {"year": 2025, "valeur_fonciere": 512000.0, "type_local": "Maison", "surface_reelle_bati": 165.0, "nombre_pieces_principales": 5.0, "adresse_nom_voie": "RUE DES NOYERS", "price_per_sqm": 3103.030303030303, "date_iso": "2025-11-14", "parcelle": "77153000AM0270", "addr_num": "22"}}, {"type": "Feature", "geometry": {"type": "Point", "coordinates": [2.694569, 49.058202]}, "properties": {"year": 2025, "valeur_fonciere": 512000.0, "type_local": null, "surface_reelle_bati": null, "nombre_pieces_principales": null, "adresse_nom_voie": "RUE DES NOYERS", "price_per_sqm": null, "date_iso": "2025-11-14", "parcelle": "77153000AM0271", "addr_num": ""}}, {"type": "Feature", "geometry": {"type": "Point", "coordinates": [2.689268, 49.063269]}, "properties": {"year": 2025, "valeur_fonciere": 325000.0, "type_local": "Maison", "surface_reelle_bati": 80.0, "nombre_pieces_principales": 4.0, "adresse_nom_voie": "ALL DE LA MARE A DUMEZ", "price_per_sqm": 4062.5, "date_iso": "2025-11-25", "parcelle": "77153000AN0227", "addr_num": "7"}}, {"type": "Feature", "geometry": {"type": "Point", "coordinates": [2.677342, 49.054935]}, "properties": {"year": 2025, "valeur_fonciere": 196100.0, "type_local": "Dépendance", "surface_reelle_bati": null, "nombre_pieces_principales": 0.0, "adresse_nom_voie": "RUE SAINT JEAN", "price_per_sqm": null, "date_iso": "2025-11-28", "parcelle": "77153000AB0283", "addr_num": "7"}}, {"type": "Feature", "geometry": {"type": "Point", "coordinates": [2.677342, 49.054935]}, "properties": {"year": 2025, "valeur_fonciere": 196100.0, "type_local": "Appartement", "surface_reelle_bati": 67.0, "nombre_pieces_principales": 3.0, "adresse_nom_voie": "RUE DU JEU D ARC", "price_per_sqm": 2926.865671641791, "date_iso": "2025-11-28", "parcelle": "77153000AB0283", "addr_num": "21"}}, {"type": "Feature", "geometry": {"type": "Point", "coordinates": [2.683259, 49.053891]}, "properties": {"year": 2025, "valeur_fonciere": 220000.0, "type_local": "Local industriel. commercial ou assimilé", "surface_reelle_bati": 67.0, "nombre_pieces_principales": 0.0, "adresse_nom_voie": "RUE DU GENERAL DE GAULLE", "price_per_sqm": 3283.582089552239, "date_iso": "2025-11-21", "parcelle": "77153000AC0152", "addr_num": "161"}}, {"type": "Feature", "geometry": {"type": "Point", "coordinates": [2.68343, 49.053245]}, "properties": {"year": 2025, "valeur_fonciere": 117000.0, "type_local": "Dépendance", "surface_reelle_bati": null, "nombre_pieces_principales": 0.0, "adresse_nom_voie": "RUE DE MEAUX", "price_per_sqm": null, "date_iso": "2025-11-25", "parcelle": "77153000AD0348", "addr_num": "16"}}, {"type": "Feature", "geometry": {"type": "Point", "coordinates": [2.68343, 49.053245]}, "properties": {"year": 2025, "valeur_fonciere": 117000.0, "type_local": "Appartement", "surface_reelle_bati": 33.0, "nombre_pieces_principales": 1.0, "adresse_nom_voie": "RUE DE MEAUX", "price_per_sqm": 3545.4545454545455, "date_iso": "2025-11-25", "parcelle": "77153000AD0348", "addr_num": "16"}}, {"type": "Feature", "geometry": {"type": "Point", "coordinates": [2.689997, 49.061871]}, "properties": {"year": 2025, "valeur_fonciere": 257500.0, "type_local": "Maison", "surface_reelle_bati": 89.0, "nombre_pieces_principales": 5.0, "adresse_nom_voie": "ALL DES MURIERS", "price_per_sqm": 2893.258426966292, "date_iso": "2025-11-13", "parcelle": "77153000AN0159", "addr_num": "18"}}, {"type": "Feature", "geometry": {"type": "Point", "coordinates": [2.6784, 49.053751]}, "properties": {"year": 2025, "valeur_fonciere": 224000.0, "type_local": "Maison", "surface_reelle_bati": 110.0, "nombre_pieces_principales": 6.0, "adresse_nom_voie": "RUE DU GENERAL DE GAULLE", "price_per_sqm": 2036.3636363636363, "date_iso": "2025-11-20", "parcelle": "77153000AB0301", "addr_num": "78"}}, {"type": "Feature", "geometry": {"type": "Point", "coordinates": [2.687876, 49.064506]}, "properties": {"year": 2025, "valeur_fonciere": 329000.0, "type_local": "Maison", "surface_reelle_bati": 101.0, "nombre_pieces_principales": 5.0, "adresse_nom_voie": "RUE MOLIERE", "price_per_sqm": 3257.4257425742576, "date_iso": "2025-12-08", "parcelle": "77153000AO0124", "addr_num": "6"}}, {"type": "Feature", "geometry": {"type": "Point", "coordinates": [2.687876, 49.064506]}, "properties": {"year": 2025, "valeur_fonciere": 329000.0, "type_local": "Maison", "surface_reelle_bati": 101.0, "nombre_pieces_principales": 5.0, "adresse_nom_voie": "RUE MOLIERE", "price_per_sqm": 3257.4257425742576, "date_iso": "2025-12-08", "parcelle": "77153000AO0124", "addr_num": "6"}}, {"type": "Feature", "geometry": {"type": "Point", "coordinates": [2.691369, 49.05482]}, "properties": {"year": 2025, "valeur_fonciere": 100000.0, "type_local": null, "surface_reelle_bati": null, "nombre_pieces_principales": null, "adresse_nom_voie": "ALL SAINT REMY", "price_per_sqm": null, "date_iso": "2025-12-03", "parcelle": "77153000AL0398", "addr_num": ""}}, {"type": "Feature", "geometry": {"type": "Point", "coordinates": [2.691622, 49.054784]}, "properties": {"year": 2025, "valeur_fonciere": 230000.0, "type_local": "Maison", "surface_reelle_bati": 102.0, "nombre_pieces_principales": 5.0, "adresse_nom_voie": "RUE DES LOUISE BONNE", "price_per_sqm": 2254.901960784314, "date_iso": "2025-12-03", "parcelle": "77153000AL0397", "addr_num": "1"}}, {"type": "Feature", "geometry": {"type": "Point", "coordinates": [2.677342, 49.054935]}, "properties": {"year": 2025, "valeur_fonciere": 150000.0, "type_local": "Dépendance", "surface_reelle_bati": null, "nombre_pieces_principales": 0.0, "adresse_nom_voie": "RUE SAINT JEAN", "price_per_sqm": null, "date_iso": "2025-12-09", "parcelle": "77153000AB0283", "addr_num": "7"}}, {"type": "Feature", "geometry": {"type": "Point", "coordinates": [2.677342, 49.054935]}, "properties": {"year": 2025, "valeur_fonciere": 150000.0, "type_local": "Appartement", "surface_reelle_bati": 40.0, "nombre_pieces_principales": 1.0, "adresse_nom_voie": "RUE SAINT JEAN", "price_per_sqm": 3750.0, "date_iso": "2025-12-09", "parcelle": "77153000AB0283", "addr_num": "7"}}, {"type": "Feature", "geometry": {"type": "Point", "coordinates": [2.687112, 49.061106]}, "properties": {"year": 2025, "valeur_fonciere": 340000.0, "type_local": "Dépendance", "surface_reelle_bati": null, "nombre_pieces_principales": 0.0, "adresse_nom_voie": "ALL MESSIRE JEAN", "price_per_sqm": null, "date_iso": "2025-12-04", "parcelle": "77153000AK0069", "addr_num": "6"}}, {"type": "Feature", "geometry": {"type": "Point", "coordinates": [2.687112, 49.061106]}, "properties": {"year": 2025, "valeur_fonciere": 340000.0, "type_local": "Maison", "surface_reelle_bati": 140.0, "nombre_pieces_principales": 5.0, "adresse_nom_voie": "ALL MESSIRE JEAN", "price_per_sqm": 2428.5714285714284, "date_iso": "2025-12-04", "parcelle": "77153000AK0069", "addr_num": "6"}}, {"type": "Feature", "geometry": {"type": "Point", "coordinates": [2.694114, 49.059385]}, "properties": {"year": 2025, "valeur_fonciere": 280000.0, "type_local": "Maison", "surface_reelle_bati": 83.0, "nombre_pieces_principales": 5.0, "adresse_nom_voie": "ALL DE LA HERSE D OR", "price_per_sqm": 3373.4939759036147, "date_iso": "2025-11-19", "parcelle": "77153000AM0203", "addr_num": "20"}}, {"type": "Feature", "geometry": {"type": "Point", "coordinates": [2.694114, 49.059385]}, "properties": {"year": 2025, "valeur_fonciere": 280000.0, "type_local": "Maison", "surface_reelle_bati": 83.0, "nombre_pieces_principales": 5.0, "adresse_nom_voie": "ALL DE LA HERSE D OR", "price_per_sqm": 3373.4939759036147, "date_iso": "2025-11-19", "parcelle": "77153000AM0203", "addr_num": "20"}}, {"type": "Feature", "geometry": {"type": "Point", "coordinates": [2.693028, 49.061273]}, "properties": {"year": 2025, "valeur_fonciere": 300000.0, "type_local": "Maison", "surface_reelle_bati": 100.0, "nombre_pieces_principales": 4.0, "adresse_nom_voie": "CHE D ORCHEUX", "price_per_sqm": 3000.0, "date_iso": "2025-12-04", "parcelle": "77153000AM0381", "addr_num": "7"}}, {"type": "Feature", "geometry": {"type": "Point", "coordinates": [2.683423, 49.056134]}, "properties": {"year": 2025, "valeur_fonciere": 272000.0, "type_local": "Maison", "surface_reelle_bati": 85.0, "nombre_pieces_principales": 4.0, "adresse_nom_voie": "RUE LE PATIS", "price_per_sqm": 3200.0, "date_iso": "2025-12-12", "parcelle": "77153000AE0092", "addr_num": "1"}}, {"type": "Feature", "geometry": {"type": "Point", "coordinates": [2.681971, 49.054377]}, "properties": {"year": 2025, "valeur_fonciere": 253000.0, "type_local": "Maison", "surface_reelle_bati": 77.0, "nombre_pieces_principales": 4.0, "adresse_nom_voie": "RUE DUSSOLIE", "price_per_sqm": 3285.714285714286, "date_iso": "2025-12-12", "parcelle": "77153000AC0211", "addr_num": "14"}}, {"type": "Feature", "geometry": {"type": "Point", "coordinates": [2.679758, 49.055677]}, "properties": {"year": 2025, "valeur_fonciere": 170500.0, "type_local": "Dépendance", "surface_reelle_bati": null, "nombre_pieces_principales": 0.0, "adresse_nom_voie": "RUE ABEL CHENEVAT", "price_per_sqm": null, "date_iso": "2025-12-19", "parcelle": "77153000AC0028", "addr_num": "1"}}, {"type": "Feature", "geometry": {"type": "Point", "coordinates": [2.679758, 49.055677]}, "properties": {"year": 2025, "valeur_fonciere": 170500.0, "type_local": "Appartement", "surface_reelle_bati": 71.0, "nombre_pieces_principales": 3.0, "adresse_nom_voie": "RUE ABEL CHENEVAT", "price_per_sqm": 2401.4084507042253, "date_iso": "2025-12-19", "parcelle": "77153000AC0028", "addr_num": "1"}}, {"type": "Feature", "geometry": {"type": "Point", "coordinates": [2.679758, 49.055677]}, "properties": {"year": 2025, "valeur_fonciere": 170500.0, "type_local": "Dépendance", "surface_reelle_bati": null, "nombre_pieces_principales": 0.0, "adresse_nom_voie": "RUE ABEL CHENEVAT", "price_per_sqm": null, "date_iso": "2025-12-19", "parcelle": "77153000AC0028", "addr_num": "1"}}, {"type": "Feature", "geometry": {"type": "Point", "coordinates": [2.670059, 49.058178]}, "properties": {"year": 2025, "valeur_fonciere": 590000.0, "type_local": "Maison", "surface_reelle_bati": 82.0, "nombre_pieces_principales": 4.0, "adresse_nom_voie": "CHE DE SAINT LADRE PROLONGE", "price_per_sqm": 7195.121951219512, "date_iso": "2025-12-17", "parcelle": "771530000A0762", "addr_num": "4"}}, {"type": "Feature", "geometry": {"type": "Point", "coordinates": [2.670164, 49.05813]}, "properties": {"year": 2025, "valeur_fonciere": 590000.0, "type_local": null, "surface_reelle_bati": null, "nombre_pieces_principales": null, "adresse_nom_voie": "CHE DE SAINT LADRE PROLONGE", "price_per_sqm": null, "date_iso": "2025-12-17", "parcelle": "771530000A0923", "addr_num": "4"}}, {"type": "Feature", "geometry": {"type": "Point", "coordinates": [2.670482, 49.05799]}, "properties": {"year": 2025, "valeur_fonciere": 640000.0, "type_local": "Maison", "surface_reelle_bati": 137.0, "nombre_pieces_principales": 6.0, "adresse_nom_voie": "CHE DE SAINT LADRE PROLONGE", "price_per_sqm": 4671.532846715329, "date_iso": "2025-12-17", "parcelle": "771530000A0903", "addr_num": "2"}}, {"type": "Feature", "geometry": {"type": "Point", "coordinates": [2.670482, 49.05799]}, "properties": {"year": 2025, "valeur_fonciere": 640000.0, "type_local": "Maison", "surface_reelle_bati": 137.0, "nombre_pieces_principales": 6.0, "adresse_nom_voie": "CHE DE SAINT LADRE PROLONGE", "price_per_sqm": 4671.532846715329, "date_iso": "2025-12-17", "parcelle": "771530000A0903", "addr_num": "2"}}, {"type": "Feature", "geometry": {"type": "Point", "coordinates": [2.670272, 49.058013]}, "properties": {"year": 2025, "valeur_fonciere": 502000.0, "type_local": "Maison", "surface_reelle_bati": 126.0, "nombre_pieces_principales": 6.0, "adresse_nom_voie": "CHE DE SAINT LADRE PROLONGE", "price_per_sqm": 3984.126984126984, "date_iso": "2025-12-17", "parcelle": "771530000A0884", "addr_num": "4"}}, {"type": "Feature", "geometry": {"type": "Point", "coordinates": [2.670272, 49.058013]}, "properties": {"year": 2025, "valeur_fonciere": 502000.0, "type_local": "Maison", "surface_reelle_bati": 126.0, "nombre_pieces_principales": 6.0, "adresse_nom_voie": "CHE DE SAINT LADRE PROLONGE", "price_per_sqm": 3984.126984126984, "date_iso": "2025-12-17", "parcelle": "771530000A0884", "addr_num": "4"}}, {"type": "Feature", "geometry": {"type": "Point", "coordinates": [2.670171, 49.058023]}, "properties": {"year": 2025, "valeur_fonciere": 502000.0, "type_local": null, "surface_reelle_bati": null, "nombre_pieces_principales": null, "adresse_nom_voie": "CHE DE SAINT LADRE PROLONGE", "price_per_sqm": null, "date_iso": "2025-12-17", "parcelle": "771530000A0924", "addr_num": "4"}}, {"type": "Feature", "geometry": {"type": "Point", "coordinates": [2.67974, 49.053631]}, "properties": {"year": 2025, "valeur_fonciere": 115000.0, "type_local": "Dépendance", "surface_reelle_bati": null, "nombre_pieces_principales": 0.0, "adresse_nom_voie": "RUE DE LA LIBERATION", "price_per_sqm": null, "date_iso": "2025-12-18", "parcelle": "77153000AD0023", "addr_num": "7"}}, {"type": "Feature", "geometry": {"type": "Point", "coordinates": [2.67974, 49.053631]}, "properties": {"year": 2025, "valeur_fonciere": 115000.0, "type_local": "Appartement", "surface_reelle_bati": 26.0, "nombre_pieces_principales": 1.0, "adresse_nom_voie": "RUE DE LA LIBERATION", "price_per_sqm": 4423.076923076923, "date_iso": "2025-12-18", "parcelle": "77153000AD0023", "addr_num": "7"}}, {"type": "Feature", "geometry": {"type": "Point", "coordinates": [2.688744, 49.059037]}, "properties": {"year": 2025, "valeur_fonciere": 302895.0, "type_local": "Maison", "surface_reelle_bati": 119.0, "nombre_pieces_principales": 6.0, "adresse_nom_voie": "AV DU DRAP D OR", "price_per_sqm": 2545.3361344537816, "date_iso": "2025-12-19", "parcelle": "77153000AK0179", "addr_num": "31"}}, {"type": "Feature", "geometry": {"type": "Point", "coordinates": [2.678621, 49.055526]}, "properties": {"year": 2025, "valeur_fonciere": 150000.0, "type_local": "Dépendance", "surface_reelle_bati": null, "nombre_pieces_principales": 0.0, "adresse_nom_voie": "RUE GANNEVAL", "price_per_sqm": null, "date_iso": "2025-12-18", "parcelle": "77153000AC0208", "addr_num": "30"}}, {"type": "Feature", "geometry": {"type": "Point", "coordinates": [2.678621, 49.055526]}, "properties": {"year": 2025, "valeur_fonciere": 150000.0, "type_local": "Appartement", "surface_reelle_bati": 41.0, "nombre_pieces_principales": 2.0, "adresse_nom_voie": "RUE GANNEVAL", "price_per_sqm": 3658.5365853658536, "date_iso": "2025-12-18", "parcelle": "77153000AC0208", "addr_num": "30"}}, {"type": "Feature", "geometry": {"type": "Point", "coordinates": [2.678621, 49.055526]}, "properties": {"year": 2025, "valeur_fonciere": 150000.0, "type_local": "Dépendance", "surface_reelle_bati": null, "nombre_pieces_principales": 0.0, "adresse_nom_voie": "RUE GANNEVAL", "price_per_sqm": null, "date_iso": "2025-12-18", "parcelle": "77153000AC0208", "addr_num": "30"}}, {"type": "Feature", "geometry": {"type": "Point", "coordinates": [2.677446, 49.055078]}, "properties": {"year": 2025, "valeur_fonciere": 158000.0, "type_local": "Dépendance", "surface_reelle_bati": null, "nombre_pieces_principales": 0.0, "adresse_nom_voie": "RUE SAINT JEAN", "price_per_sqm": null, "date_iso": "2025-12-23", "parcelle": "77153000AB0284", "addr_num": "7"}}, {"type": "Feature", "geometry": {"type": "Point", "coordinates": [2.677446, 49.055078]}, "properties": {"year": 2025, "valeur_fonciere": 158000.0, "type_local": "Dépendance", "surface_reelle_bati": null, "nombre_pieces_principales": 0.0, "adresse_nom_voie": "RUE SAINT JEAN", "price_per_sqm": null, "date_iso": "2025-12-23", "parcelle": "77153000AB0284", "addr_num": "7"}}, {"type": "Feature", "geometry": {"type": "Point", "coordinates": [2.677446, 49.055078]}, "properties": {"year": 2025, "valeur_fonciere": 158000.0, "type_local": "Appartement", "surface_reelle_bati": 57.0, "nombre_pieces_principales": 3.0, "adresse_nom_voie": "RUE SAINT JEAN", "price_per_sqm": 2771.9298245614036, "date_iso": "2025-12-23", "parcelle": "77153000AB0284", "addr_num": "7"}}, {"type": "Feature", "geometry": {"type": "Point", "coordinates": [2.677446, 49.055078]}, "properties": {"year": 2025, "valeur_fonciere": 158000.0, "type_local": "Dépendance", "surface_reelle_bati": null, "nombre_pieces_principales": 0.0, "adresse_nom_voie": "RUE DU JEU D ARC", "price_per_sqm": null, "date_iso": "2025-12-23", "parcelle": "77153000AB0284", "addr_num": "23"}}, {"type": "Feature", "geometry": {"type": "Point", "coordinates": [2.677446, 49.055078]}, "properties": {"year": 2025, "valeur_fonciere": 158000.0, "type_local": "Dépendance", "surface_reelle_bati": null, "nombre_pieces_principales": 0.0, "adresse_nom_voie": "RUE SAINT JEAN", "price_per_sqm": null, "date_iso": "2025-12-23", "parcelle": "77153000AB0284", "addr_num": "7"}}, {"type": "Feature", "geometry": {"type": "Point", "coordinates": [2.6887, 49.053875]}, "properties": {"year": 2025, "valeur_fonciere": 555000.0, "type_local": "Maison", "surface_reelle_bati": 119.0, "nombre_pieces_principales": 7.0, "adresse_nom_voie": "AV DU MARECHAL LECLERC", "price_per_sqm": 4663.865546218487, "date_iso": "2025-12-19", "parcelle": "77153000AE0179", "addr_num": "27"}}, {"type": "Feature", "geometry": {"type": "Point", "coordinates": [2.6887, 49.053875]}, "properties": {"year": 2025, "valeur_fonciere": 555000.0, "type_local": "Dépendance", "surface_reelle_bati": null, "nombre_pieces_principales": 0.0, "adresse_nom_voie": "AV DU MARECHAL LECLERC", "price_per_sqm": null, "date_iso": "2025-12-19", "parcelle": "77153000AE0179", "addr_num": "27"}}, {"type": "Feature", "geometry": {"type": "Point", "coordinates": [2.688628, 49.05356]}, "properties": {"year": 2025, "valeur_fonciere": 550000.0, "type_local": "Maison", "surface_reelle_bati": 56.0, "nombre_pieces_principales": 3.0, "adresse_nom_voie": "AV DU MARECHAL LECLERC", "price_per_sqm": 9821.42857142857, "date_iso": "2025-12-19", "parcelle": "77153000AE0180", "addr_num": "27"}}, {"type": "Feature", "geometry": {"type": "Point", "coordinates": [2.688709, 49.053499]}, "properties": {"year": 2025, "valeur_fonciere": 550000.0, "type_local": null, "surface_reelle_bati": null, "nombre_pieces_principales": null, "adresse_nom_voie": "AV DU MARECHAL LECLERC", "price_per_sqm": null, "date_iso": "2025-12-19", "parcelle": "77153000AE0181", "addr_num": ""}}, {"type": "Feature", "geometry": {"type": "Point", "coordinates": [2.682282, 49.053019]}, "properties": {"year": 2025, "valeur_fonciere": 107000.0, "type_local": "Dépendance", "surface_reelle_bati": null, "nombre_pieces_principales": 0.0, "adresse_nom_voie": "RUE DE MEAUX", "price_per_sqm": null, "date_iso": "2025-12-24", "parcelle": "77153000AD0371", "addr_num": "1"}}, {"type": "Feature", "geometry": {"type": "Point", "coordinates": [2.682282, 49.053019]}, "properties": {"year": 2025, "valeur_fonciere": 107000.0, "type_local": "Appartement", "surface_reelle_bati": 41.0, "nombre_pieces_principales": 2.0, "adresse_nom_voie": "RUE DE MEAUX", "price_per_sqm": 2609.756097560976, "date_iso": "2025-12-24", "parcelle": "77153000AD0371", "addr_num": "1"}}, {"type": "Feature", "geometry": {"type": "Point", "coordinates": [2.688511, 49.053988]}, "properties": {"year": 2025, "valeur_fonciere": 1465000.0, "type_local": null, "surface_reelle_bati": null, "nombre_pieces_principales": null, "adresse_nom_voie": "AV DU MARECHAL LECLERC", "price_per_sqm": null, "date_iso": "2025-12-19", "parcelle": "77153000AE0059", "addr_num": "25"}}, {"type": "Feature", "geometry": {"type": "Point", "coordinates": [2.68847, 49.053664]}, "properties": {"year": 2025, "valeur_fonciere": 1465000.0, "type_local": "Local industriel. commercial ou assimilé", "surface_reelle_bati": 844.0, "nombre_pieces_principales": 0.0, "adresse_nom_voie": "AV DU MARECHAL LECLERC", "price_per_sqm": 1735.781990521327, "date_iso": "2025-12-19", "parcelle": "77153000AE0060", "addr_num": "25"}}, {"type": "Feature", "geometry": {"type": "Point", "coordinates": [2.678076, 49.065203]}, "properties": {"year": 2025, "valeur_fonciere": 279000.0, "type_local": "Maison", "surface_reelle_bati": 86.0, "nombre_pieces_principales": 5.0, "adresse_nom_voie": "RUE FRANCOISE SAGAN", "price_per_sqm": 3244.186046511628, "date_iso": "2025-12-29", "parcelle": "771530000A1206", "addr_num": "17"}}, {"type": "Feature", "geometry": {"type": "Point", "coordinates": [2.682757, 49.053962]}, "properties": {"year": 2025, "valeur_fonciere": 86500.0, "type_local": "Appartement", "surface_reelle_bati": 22.0, "nombre_pieces_principales": 1.0, "adresse_nom_voie": "RUE DU GENERAL DE GAULLE", "price_per_sqm": 3931.818181818182, "date_iso": "2025-12-30", "parcelle": "77153000AC0173", "addr_num": "159"}}, {"type": "Feature", "geometry": {"type": "Point", "coordinates": [2.676596, 49.062848]}, "properties": {"year": 2025, "valeur_fonciere": 245000.0, "type_local": "Maison", "surface_reelle_bati": 86.0, "nombre_pieces_principales": 4.0, "adresse_nom_voie": "IMP GEORGES BRASSENS", "price_per_sqm": 2848.8372093023254, "date_iso": "2025-12-17", "parcelle": "771530000A1335", "addr_num": "1"}}, {"type": "Feature", "geometry": {"type": "Point", "coordinates": [2.688337, 49.053924]}, "properties": {"year": 2025, "valeur_fonciere": 770000.0, "type_local": "Maison", "surface_reelle_bati": 150.0, "nombre_pieces_principales": 6.0, "adresse_nom_voie": "AV DU MARECHAL LECLERC", "price_per_sqm": 5133.333333333333, "date_iso": "2025-12-19", "parcelle": "77153000AE0058", "addr_num": "23"}}, {"type": "Feature", "geometry": {"type": "Point", "coordinates": [2.688337, 49.053924]}, "properties": {"year": 2025, "valeur_fonciere": 770000.0, "type_local": "Maison", "surface_reelle_bati": 150.0, "nombre_pieces_principales": 6.0, "adresse_nom_voie": "AV DU MARECHAL LECLERC", "price_per_sqm": 5133.333333333333, "date_iso": "2025-12-19", "parcelle": "77153000AE0058", "addr_num": "23"}}, {"type": "Feature", "geometry": {"type": "Point", "coordinates": [2.685205, 49.065027]}, "properties": {"year": 2025, "valeur_fonciere": 330000.0, "type_local": "Dépendance", "surface_reelle_bati": null, "nombre_pieces_principales": 0.0, "adresse_nom_voie": "RUE MOLIERE", "price_per_sqm": null, "date_iso": "2025-12-29", "parcelle": "77153000AO0135", "addr_num": "15"}}, {"type": "Feature", "geometry": {"type": "Point", "coordinates": [2.685205, 49.065027]}, "properties": {"year": 2025, "valeur_fonciere": 330000.0, "type_local": "Maison", "surface_reelle_bati": 96.0, "nombre_pieces_principales": 5.0, "adresse_nom_voie": "RUE MOLIERE", "price_per_sqm": 3437.5, "date_iso": "2025-12-29", "parcelle": "77153000AO0135", "addr_num": "15"}}, {"type": "Feature", "geometry": {"type": "Point", "coordinates": [2.677342, 49.054935]}, "properties": {"year": 2025, "valeur_fonciere": 91000.0, "type_local": "Appartement", "surface_reelle_bati": 35.0, "nombre_pieces_principales": 1.0, "adresse_nom_voie": "RUE SAINT JEAN", "price_per_sqm": 2600.0, "date_iso": "2025-12-22", "parcelle": "77153000AB0283", "addr_num": "7"}}, {"type": "Feature", "geometry": {"type": "Point", "coordinates": [2.673653, 49.063517]}, "properties": {"year": 2025, "valeur_fonciere": 82500.0, "type_local": "Maison", "surface_reelle_bati": 93.0, "nombre_pieces_principales": 5.0, "adresse_nom_voie": "AV ROBERT BADINTER", "price_per_sqm": 887.0967741935484, "date_iso": "2025-12-30", "parcelle": "771530000A2076", "addr_num": "101"}}, {"type": "Feature", "geometry": {"type": "Point", "coordinates": [2.673653, 49.063517]}, "properties": {"year": 2025, "valeur_fonciere": 82500.0, "type_local": "Dépendance", "surface_reelle_bati": null, "nombre_pieces_principales": 0.0, "adresse_nom_voie": "AV ROBERT BADINTER", "price_per_sqm": null, "date_iso": "2025-12-30", "parcelle": "771530000A2076", "addr_num": "101"}}, {"type": "Feature", "geometry": {"type": "Point", "coordinates": [2.679758, 49.055677]}, "properties": {"year": 2025, "valeur_fonciere": 165000.0, "type_local": "Dépendance", "surface_reelle_bati": null, "nombre_pieces_principales": 0.0, "adresse_nom_voie": "RUE ABEL CHENEVAT", "price_per_sqm": null, "date_iso": "2025-12-30", "parcelle": "77153000AC0028", "addr_num": "1"}}, {"type": "Feature", "geometry": {"type": "Point", "coordinates": [2.679758, 49.055677]}, "properties": {"year": 2025, "valeur_fonciere": 165000.0, "type_local": "Appartement", "surface_reelle_bati": 71.0, "nombre_pieces_principales": 3.0, "adresse_nom_voie": "RUE ABEL CHENEVAT", "price_per_sqm": 2323.943661971831, "date_iso": "2025-12-30", "parcelle": "77153000AC0028", "addr_num": "1"}}, {"type": "Feature", "geometry": {"type": "Point", "coordinates": [2.679758, 49.055677]}, "properties": {"year": 2025, "valeur_fonciere": 165000.0, "type_local": "Dépendance", "surface_reelle_bati": null, "nombre_pieces_principales": 0.0, "adresse_nom_voie": "RUE ABEL CHENEVAT", "price_per_sqm": null, "date_iso": "2025-12-30", "parcelle": "77153000AC0028", "addr_num": "1"}}]}