{"type": "FeatureCollection", "features": [{"type": "Feature", "geometry": {"type": "Point", "coordinates": [2.594993, 49.018537]}, "properties": {"year": 2021, "valeur_fonciere": 164000.0, "type_local": null, "surface_reelle_bati": null, "nombre_pieces_principales": null, "adresse_nom_voie": "GUIVRY", "price_per_sqm": null, "date_iso": "2021-01-28", "parcelle": "77291000AL0083", "addr_num": ""}}, {"type": "Feature", "geometry": {"type": "Point", "coordinates": [2.595354, 49.018482]}, "properties": {"year": 2021, "valeur_fonciere": 164000.0, "type_local": null, "surface_reelle_bati": null, "nombre_pieces_principales": null, "adresse_nom_voie": "GUIVRY", "price_per_sqm": null, "date_iso": "2021-01-28", "parcelle": "77291000AL0095", "addr_num": ""}}, {"type": "Feature", "geometry": {"type": "Point", "coordinates": [2.600718, 49.019359]}, "properties": {"year": 2021, "valeur_fonciere": 34660.0, "type_local": null, "surface_reelle_bati": null, "nombre_pieces_principales": null, "adresse_nom_voie": "LA PIECE DU GUE", "price_per_sqm": null, "date_iso": "2021-05-21", "parcelle": "77291000AH0016", "addr_num": ""}}, {"type": "Feature", "geometry": {"type": "Point", "coordinates": [2.606689, 49.018708]}, "properties": {"year": 2021, "valeur_fonciere": 105000.0, "type_local": null, "surface_reelle_bati": null, "nombre_pieces_principales": null, "adresse_nom_voie": "LE HAUT DE LA GRANDEBORNE", "price_per_sqm": null, "date_iso": "2021-05-21", "parcelle": "77291000AH0052", "addr_num": ""}}, {"type": "Feature", "geometry": {"type": "Point", "coordinates": [2.601383, 49.018434]}, "properties": {"year": 2021, "valeur_fonciere": 105000.0, "type_local": null, "surface_reelle_bati": null, "nombre_pieces_principales": null, "adresse_nom_voie": "LES GRANDS PRES", "price_per_sqm": null, "date_iso": "2021-05-21", "parcelle": "77291000AH0147", "addr_num": ""}}, {"type": "Feature", "geometry": {"type": "Point", "coordinates": [2.585933, 49.019925]}, "properties": {"year": 2021, "valeur_fonciere": 60.0, "type_local": null, "surface_reelle_bati": null, "nombre_pieces_principales": null, "adresse_nom_voie": "RUE DE PARIS", "price_per_sqm": null, "date_iso": "2021-06-18", "parcelle": "77291000AK0766", "addr_num": ""}}, {"type": "Feature", "geometry": {"type": "Point", "coordinates": [2.598948, 49.026644]}, "properties": {"year": 2021, "valeur_fonciere": 732666.44, "type_local": null, "surface_reelle_bati": null, "nombre_pieces_principales": null, "adresse_nom_voie": "L ENTREE DES TOUCHES", "price_per_sqm": null, "date_iso": "2021-07-02", "parcelle": "77291000AB0046", "addr_num": ""}}, {"type": "Feature", "geometry": {"type": "Point", "coordinates": [2.605292, 49.028753]}, "properties": {"year": 2021, "valeur_fonciere": 732666.44, "type_local": null, "surface_reelle_bati": null, "nombre_pieces_principales": null, "adresse_nom_voie": "L ECLANCHE", "price_per_sqm": null, "date_iso": "2021-07-02", "parcelle": "77291000AB0197", "addr_num": ""}}, {"type": "Feature", "geometry": {"type": "Point", "coordinates": [2.609644, 49.028342]}, "properties": {"year": 2021, "valeur_fonciere": 732666.44, "type_local": null, "surface_reelle_bati": null, "nombre_pieces_principales": null, "adresse_nom_voie": "L ECLANCHE", "price_per_sqm": null, "date_iso": "2021-07-02", "parcelle": "77291000AB0209", "addr_num": ""}}, {"type": "Feature", "geometry": {"type": "Point", "coordinates": [2.608019, 49.027582]}, "properties": {"year": 2021, "valeur_fonciere": 732666.44, "type_local": null, "surface_reelle_bati": null, "nombre_pieces_principales": null, "adresse_nom_voie": "L ECLANCHE", "price_per_sqm": null, "date_iso": "2021-07-02", "parcelle": "77291000AB0228", "addr_num": ""}}, {"type": "Feature", "geometry": {"type": "Point", "coordinates": [2.606856, 49.027986]}, "properties": {"year": 2021, "valeur_fonciere": 732666.44, "type_local": null, "surface_reelle_bati": null, "nombre_pieces_principales": null, "adresse_nom_voie": "L ECLANCHE", "price_per_sqm": null, "date_iso": "2021-07-02", "parcelle": "77291000AB0232", "addr_num": ""}}, {"type": "Feature", "geometry": {"type": "Point", "coordinates": [2.595279, 49.017023]}, "properties": {"year": 2021, "valeur_fonciere": 210000.0, "type_local": "Maison", "surface_reelle_bati": 110.0, "nombre_pieces_principales": 4.0, "adresse_nom_voie": "RUE DES BOUTONS D'OR", "price_per_sqm": 1909.090909090909, "date_iso": "2021-09-03", "parcelle": "77291000AL0305", "addr_num": "1"}}, {"type": "Feature", "geometry": {"type": "Point", "coordinates": [2.602151, 49.019616]}, "properties": {"year": 2021, "valeur_fonciere": 281006.6, "type_local": null, "surface_reelle_bati": null, "nombre_pieces_principales": null, "adresse_nom_voie": "LA PIECE DU GUE", "price_per_sqm": null, "date_iso": "2021-10-06", "parcelle": "77291000AH0029", "addr_num": ""}}, {"type": "Feature", "geometry": {"type": "Point", "coordinates": [2.605215, 49.019193]}, "properties": {"year": 2021, "valeur_fonciere": 281006.6, "type_local": null, "surface_reelle_bati": null, "nombre_pieces_principales": null, "adresse_nom_voie": "LE HAUT DE LA GRANDEBORNE", "price_per_sqm": null, "date_iso": "2021-10-06", "parcelle": "77291000AH0042", "addr_num": ""}}, {"type": "Feature", "geometry": {"type": "Point", "coordinates": [2.605733, 49.017947]}, "properties": {"year": 2021, "valeur_fonciere": 281006.6, "type_local": null, "surface_reelle_bati": null, "nombre_pieces_principales": null, "adresse_nom_voie": "LE HAUT DE LA GRANDEBORNE", "price_per_sqm": null, "date_iso": "2021-10-06", "parcelle": "77291000AH0051", "addr_num": ""}}, {"type": "Feature", "geometry": {"type": "Point", "coordinates": [2.606165, 49.018754]}, "properties": {"year": 2021, "valeur_fonciere": 281006.6, "type_local": null, "surface_reelle_bati": null, "nombre_pieces_principales": null, "adresse_nom_voie": "LE HAUT DE LA GRANDEBORNE", "price_per_sqm": null, "date_iso": "2021-10-06", "parcelle": "77291000AH0053", "addr_num": ""}}, {"type": "Feature", "geometry": {"type": "Point", "coordinates": [2.605864, 49.017632]}, "properties": {"year": 2021, "valeur_fonciere": 281006.6, "type_local": null, "surface_reelle_bati": null, "nombre_pieces_principales": null, "adresse_nom_voie": "LE HAUT DE LA GRANDEBORNE", "price_per_sqm": null, "date_iso": "2021-10-06", "parcelle": "77291000AH0061", "addr_num": ""}}, {"type": "Feature", "geometry": {"type": "Point", "coordinates": [2.593506, 49.017021]}, "properties": {"year": 2021, "valeur_fonciere": 218000.0, "type_local": "Maison", "surface_reelle_bati": 71.0, "nombre_pieces_principales": 3.0, "adresse_nom_voie": "RUE DU BOSNIER", "price_per_sqm": 3070.4225352112676, "date_iso": "2021-10-26", "parcelle": "77291000AL0171", "addr_num": "6"}}, {"type": "Feature", "geometry": {"type": "Point", "coordinates": [2.601705, 49.02489]}, "properties": {"year": 2021, "valeur_fonciere": 644869.0, "type_local": null, "surface_reelle_bati": null, "nombre_pieces_principales": null, "adresse_nom_voie": "LAVANDIERE", "price_per_sqm": null, "date_iso": "2021-10-26", "parcelle": "77291000AB0295", "addr_num": ""}}, {"type": "Feature", "geometry": {"type": "Point", "coordinates": [2.594712, 49.018564]}, "properties": {"year": 2021, "valeur_fonciere": 152600.0, "type_local": "Maison", "surface_reelle_bati": 70.0, "nombre_pieces_principales": 3.0, "adresse_nom_voie": "RUE DE GUIVRY", "price_per_sqm": 2180.0, "date_iso": "2021-12-10", "parcelle": "77291000AK0610", "addr_num": "19"}}, {"type": "Feature", "geometry": {"type": "Point", "coordinates": [2.602364, 49.025058]}, "properties": {"year": 2021, "valeur_fonciere": 693553.7, "type_local": null, "surface_reelle_bati": null, "nombre_pieces_principales": null, "adresse_nom_voie": "LAVANDIERE", "price_per_sqm": null, "date_iso": "2021-12-28", "parcelle": "77291000AB0294", "addr_num": ""}}, {"type": "Feature", "geometry": {"type": "Point", "coordinates": [2.59184, 49.016582]}, "properties": {"year": 2022, "valeur_fonciere": 1.0, "type_local": null, "surface_reelle_bati": null, "nombre_pieces_principales": null, "adresse_nom_voie": "L EGLISE", "price_per_sqm": null, "date_iso": "2022-02-02", "parcelle": "77291000AK0711", "addr_num": ""}}, {"type": "Feature", "geometry": {"type": "Point", "coordinates": [2.591634, 49.016482]}, "properties": {"year": 2022, "valeur_fonciere": 1.0, "type_local": null, "surface_reelle_bati": null, "nombre_pieces_principales": null, "adresse_nom_voie": "L EGLISE", "price_per_sqm": null, "date_iso": "2022-02-02", "parcelle": "77291000AK0713", "addr_num": ""}}, {"type": "Feature", "geometry": {"type": "Point", "coordinates": [2.588636, 49.018612]}, "properties": {"year": 2022, "valeur_fonciere": 100000.0, "type_local": null, "surface_reelle_bati": null, "nombre_pieces_principales": null, "adresse_nom_voie": "LE LION D OR", "price_per_sqm": null, "date_iso": "2022-02-23", "parcelle": "77291000AK0248", "addr_num": ""}}, {"type": "Feature", "geometry": {"type": "Point", "coordinates": [2.595454, 49.017171]}, "properties": {"year": 2022, "valeur_fonciere": 290000.0, "type_local": "Maison", "surface_reelle_bati": 119.0, "nombre_pieces_principales": 5.0, "adresse_nom_voie": "RUE DES BOUTONS D'OR", "price_per_sqm": 2436.9747899159665, "date_iso": "2022-02-23", "parcelle": "77291000AL0202", "addr_num": "3"}}, {"type": "Feature", "geometry": {"type": "Point", "coordinates": [2.593592, 49.017066]}, "properties": {"year": 2022, "valeur_fonciere": 872150.0, "type_local": null, "surface_reelle_bati": null, "nombre_pieces_principales": null, "adresse_nom_voie": "RUE DU BOSNIER", "price_per_sqm": null, "date_iso": "2022-03-11", "parcelle": "77291000AL0172", "addr_num": ""}}, {"type": "Feature", "geometry": {"type": "Point", "coordinates": [2.593669, 49.017181]}, "properties": {"year": 2022, "valeur_fonciere": 872150.0, "type_local": "Maison", "surface_reelle_bati": 81.0, "nombre_pieces_principales": 4.0, "adresse_nom_voie": "RUE DU BOSNIER", "price_per_sqm": 10767.283950617284, "date_iso": "2022-03-11", "parcelle": "77291000AL0349", "addr_num": "2"}}, {"type": "Feature", "geometry": {"type": "Point", "coordinates": [2.593669, 49.017181]}, "properties": {"year": 2022, "valeur_fonciere": 872150.0, "type_local": "Local industriel. commercial ou assimilé", "surface_reelle_bati": 119.0, "nombre_pieces_principales": 0.0, "adresse_nom_voie": "RUE DU BOSNIER", "price_per_sqm": 7328.991596638655, "date_iso": "2022-03-11", "parcelle": "77291000AL0349", "addr_num": "2"}}, {"type": "Feature", "geometry": {"type": "Point", "coordinates": [2.593712, 49.017145]}, "properties": {"year": 2022, "valeur_fonciere": 872150.0, "type_local": null, "surface_reelle_bati": null, "nombre_pieces_principales": null, "adresse_nom_voie": "RUE DE CLAYE", "price_per_sqm": null, "date_iso": "2022-03-11", "parcelle": "77291000AL0350", "addr_num": "64"}}, {"type": "Feature", "geometry": {"type": "Point", "coordinates": [2.604476, 49.015634]}, "properties": {"year": 2022, "valeur_fonciere": 154140.0, "type_local": null, "surface_reelle_bati": null, "nombre_pieces_principales": null, "adresse_nom_voie": "LE BAS DE LA GRANDE BORNE", "price_per_sqm": null, "date_iso": "2022-03-10", "parcelle": "77291000AH0114", "addr_num": ""}}, {"type": "Feature", "geometry": {"type": "Point", "coordinates": [2.604181, 49.015827]}, "properties": {"year": 2022, "valeur_fonciere": 154140.0, "type_local": null, "surface_reelle_bati": null, "nombre_pieces_principales": null, "adresse_nom_voie": "LE BAS DE LA GRANDE BORNE", "price_per_sqm": null, "date_iso": "2022-03-10", "parcelle": "77291000AH0116", "addr_num": ""}}, {"type": "Feature", "geometry": {"type": "Point", "coordinates": [2.605462, 49.015343]}, "properties": {"year": 2022, "valeur_fonciere": 154140.0, "type_local": null, "surface_reelle_bati": null, "nombre_pieces_principales": null, "adresse_nom_voie": "LE BAS DE LA GRANDE BORNE", "price_per_sqm": null, "date_iso": "2022-03-10", "parcelle": "77291000AH0282", "addr_num": ""}}, {"type": "Feature", "geometry": {"type": "Point", "coordinates": [2.58952, 49.019255]}, "properties": {"year": 2022, "valeur_fonciere": 280000.0, "type_local": "Maison", "surface_reelle_bati": 84.0, "nombre_pieces_principales": 4.0, "adresse_nom_voie": "RUE DE CLAYE", "price_per_sqm": 3333.3333333333335, "date_iso": "2022-04-15", "parcelle": "77291000AK0064", "addr_num": "7"}}, {"type": "Feature", "geometry": {"type": "Point", "coordinates": [2.58952, 49.019255]}, "properties": {"year": 2022, "valeur_fonciere": 280000.0, "type_local": "Dépendance", "surface_reelle_bati": null, "nombre_pieces_principales": 0.0, "adresse_nom_voie": "RUE DE CLAYE", "price_per_sqm": null, "date_iso": "2022-04-15", "parcelle": "77291000AK0064", "addr_num": "7"}}, {"type": "Feature", "geometry": {"type": "Point", "coordinates": [2.58952, 49.019255]}, "properties": {"year": 2022, "valeur_fonciere": 280000.0, "type_local": "Dépendance", "surface_reelle_bati": null, "nombre_pieces_principales": 0.0, "adresse_nom_voie": "RUE DE CLAYE", "price_per_sqm": null, "date_iso": "2022-04-15", "parcelle": "77291000AK0064", "addr_num": "7"}}, {"type": "Feature", "geometry": {"type": "Point", "coordinates": [2.595916, 49.017637]}, "properties": {"year": 2022, "valeur_fonciere": 348500.0, "type_local": null, "surface_reelle_bati": null, "nombre_pieces_principales": null, "adresse_nom_voie": "SEN DES PRES", "price_per_sqm": null, "date_iso": "2022-05-05", "parcelle": "77291000AL0241", "addr_num": "10"}}, {"type": "Feature", "geometry": {"type": "Point", "coordinates": [2.595658, 49.017478]}, "properties": {"year": 2022, "valeur_fonciere": 348500.0, "type_local": null, "surface_reelle_bati": null, "nombre_pieces_principales": null, "adresse_nom_voie": "SEN DES PRES", "price_per_sqm": null, "date_iso": "2022-05-05", "parcelle": "77291000AL0299", "addr_num": ""}}, {"type": "Feature", "geometry": {"type": "Point", "coordinates": [2.595686, 49.017563]}, "properties": {"year": 2022, "valeur_fonciere": 348500.0, "type_local": "Maison", "surface_reelle_bati": 120.0, "nombre_pieces_principales": 6.0, "adresse_nom_voie": "SEN DES PRES", "price_per_sqm": 2904.1666666666665, "date_iso": "2022-05-05", "parcelle": "77291000AL0303", "addr_num": "10"}}, {"type": "Feature", "geometry": {"type": "Point", "coordinates": [2.588264, 49.019172]}, "properties": {"year": 2022, "valeur_fonciere": 5000.0, "type_local": null, "surface_reelle_bati": null, "nombre_pieces_principales": null, "adresse_nom_voie": "RUE DE CLAYE", "price_per_sqm": null, "date_iso": "2022-05-24", "parcelle": "77291000AK0719", "addr_num": "18"}}, {"type": "Feature", "geometry": {"type": "Point", "coordinates": [2.590059, 49.018696]}, "properties": {"year": 2022, "valeur_fonciere": 325000.0, "type_local": "Maison", "surface_reelle_bati": 86.0, "nombre_pieces_principales": 3.0, "adresse_nom_voie": "RUE DE CLAYE", "price_per_sqm": 3779.0697674418607, "date_iso": "2022-06-14", "parcelle": "77291000AK0077", "addr_num": "13"}}, {"type": "Feature", "geometry": {"type": "Point", "coordinates": [2.611333, 49.023613]}, "properties": {"year": 2022, "valeur_fonciere": 90450.0, "type_local": null, "surface_reelle_bati": null, "nombre_pieces_principales": null, "adresse_nom_voie": "LE BOULAY", "price_per_sqm": null, "date_iso": "2022-06-07", "parcelle": "77291000AC0109", "addr_num": ""}}, {"type": "Feature", "geometry": {"type": "Point", "coordinates": [2.588168, 49.019112]}, "properties": {"year": 2022, "valeur_fonciere": 38000.0, "type_local": null, "surface_reelle_bati": null, "nombre_pieces_principales": null, "adresse_nom_voie": "LE LION D OR", "price_per_sqm": null, "date_iso": "2022-07-01", "parcelle": "77291000AK0728", "addr_num": ""}}, {"type": "Feature", "geometry": {"type": "Point", "coordinates": [2.594429, 49.018437]}, "properties": {"year": 2022, "valeur_fonciere": 387000.0, "type_local": "Maison", "surface_reelle_bati": 155.0, "nombre_pieces_principales": 6.0, "adresse_nom_voie": "RUE DE GUIVRY", "price_per_sqm": 2496.7741935483873, "date_iso": "2022-07-19", "parcelle": "77291000AK0612", "addr_num": "15"}}, {"type": "Feature", "geometry": {"type": "Point", "coordinates": [2.594429, 49.018437]}, "properties": {"year": 2022, "valeur_fonciere": 387000.0, "type_local": "Dépendance", "surface_reelle_bati": null, "nombre_pieces_principales": 0.0, "adresse_nom_voie": "RUE DE GUIVRY", "price_per_sqm": null, "date_iso": "2022-07-19", "parcelle": "77291000AK0612", "addr_num": "15"}}, {"type": "Feature", "geometry": {"type": "Point", "coordinates": [2.594429, 49.018437]}, "properties": {"year": 2022, "valeur_fonciere": 387000.0, "type_local": "Dépendance", "surface_reelle_bati": null, "nombre_pieces_principales": 0.0, "adresse_nom_voie": "RUE DE GUIVRY", "price_per_sqm": null, "date_iso": "2022-07-19", "parcelle": "77291000AK0612", "addr_num": "15"}}, {"type": "Feature", "geometry": {"type": "Point", "coordinates": [2.590496, 49.017802]}, "properties": {"year": 2022, "valeur_fonciere": 200000.0, "type_local": null, "surface_reelle_bati": null, "nombre_pieces_principales": null, "adresse_nom_voie": "RUE DE CLAYE", "price_per_sqm": null, "date_iso": "2022-06-30", "parcelle": "77291000AK0211", "addr_num": ""}}, {"type": "Feature", "geometry": {"type": "Point", "coordinates": [2.590332, 49.017798]}, "properties": {"year": 2022, "valeur_fonciere": 200000.0, "type_local": "Maison", "surface_reelle_bati": 50.0, "nombre_pieces_principales": 2.0, "adresse_nom_voie": "IMP DU GOBINET", "price_per_sqm": 4000.0, "date_iso": "2022-06-30", "parcelle": "77291000AK0214", "addr_num": "2"}}, {"type": "Feature", "geometry": {"type": "Point", "coordinates": [2.590355, 49.017735]}, "properties": {"year": 2022, "valeur_fonciere": 200000.0, "type_local": "Dépendance", "surface_reelle_bati": null, "nombre_pieces_principales": 0.0, "adresse_nom_voie": "IMP DU GOBINET", "price_per_sqm": null, "date_iso": "2022-06-30", "parcelle": "77291000AK0217", "addr_num": "9003"}}, {"type": "Feature", "geometry": {"type": "Point", "coordinates": [2.590355, 49.017735]}, "properties": {"year": 2022, "valeur_fonciere": 200000.0, "type_local": "Appartement", "surface_reelle_bati": 16.0, "nombre_pieces_principales": 1.0, "adresse_nom_voie": "IMP DU GOBINET", "price_per_sqm": 12500.0, "date_iso": "2022-06-30", "parcelle": "77291000AK0217", "addr_num": "9003"}}, {"type": "Feature", "geometry": {"type": "Point", "coordinates": [2.594673, 49.0172]}, "properties": {"year": 2022, "valeur_fonciere": 430000.0, "type_local": null, "surface_reelle_bati": null, "nombre_pieces_principales": null, "adresse_nom_voie": "RUE DE CLAYE", "price_per_sqm": null, "date_iso": "2022-07-20", "parcelle": "77291000AL0227", "addr_num": "61"}}, {"type": "Feature", "geometry": {"type": "Point", "coordinates": [2.594772, 49.017188]}, "properties": {"year": 2022, "valeur_fonciere": 430000.0, "type_local": null, "surface_reelle_bati": null, "nombre_pieces_principales": null, "adresse_nom_voie": "RUE DE CLAYE", "price_per_sqm": null, "date_iso": "2022-07-20", "parcelle": "77291000AL0229", "addr_num": "61"}}, {"type": "Feature", "geometry": {"type": "Point", "coordinates": [2.595045, 49.017377]}, "properties": {"year": 2022, "valeur_fonciere": 430000.0, "type_local": "Maison", "surface_reelle_bati": 85.0, "nombre_pieces_principales": 4.0, "adresse_nom_voie": "RUE DE CLAYE", "price_per_sqm": 5058.823529411765, "date_iso": "2022-07-20", "parcelle": "77291000AL0290", "addr_num": "61"}}, {"type": "Feature", "geometry": {"type": "Point", "coordinates": [2.595045, 49.017377]}, "properties": {"year": 2022, "valeur_fonciere": 430000.0, "type_local": "Dépendance", "surface_reelle_bati": null, "nombre_pieces_principales": 0.0, "adresse_nom_voie": "RUE DE CLAYE", "price_per_sqm": null, "date_iso": "2022-07-20", "parcelle": "77291000AL0290", "addr_num": "61"}}, {"type": "Feature", "geometry": {"type": "Point", "coordinates": [2.594739, 49.017255]}, "properties": {"year": 2022, "valeur_fonciere": 430000.0, "type_local": null, "surface_reelle_bati": null, "nombre_pieces_principales": null, "adresse_nom_voie": "RUE DE CLAYE", "price_per_sqm": null, "date_iso": "2022-07-20", "parcelle": "77291000AL0344", "addr_num": "59"}}, {"type": "Feature", "geometry": {"type": "Point", "coordinates": [2.595041, 49.017479]}, "properties": {"year": 2022, "valeur_fonciere": 430000.0, "type_local": null, "surface_reelle_bati": null, "nombre_pieces_principales": null, "adresse_nom_voie": "RUE DE CLAYE", "price_per_sqm": null, "date_iso": "2022-07-20", "parcelle": "77291000AL0345", "addr_num": ""}}, {"type": "Feature", "geometry": {"type": "Point", "coordinates": [2.595419, 49.018605]}, "properties": {"year": 2022, "valeur_fonciere": 80000.0, "type_local": "Maison", "surface_reelle_bati": 56.0, "nombre_pieces_principales": 2.0, "adresse_nom_voie": "RUE DE GUIVRY", "price_per_sqm": 1428.5714285714287, "date_iso": "2022-09-08", "parcelle": "77291000AL0101", "addr_num": "24"}}, {"type": "Feature", "geometry": {"type": "Point", "coordinates": [2.595419, 49.018605]}, "properties": {"year": 2022, "valeur_fonciere": 80000.0, "type_local": "Dépendance", "surface_reelle_bati": null, "nombre_pieces_principales": 0.0, "adresse_nom_voie": "RUE DE GUIVRY", "price_per_sqm": null, "date_iso": "2022-09-08", "parcelle": "77291000AL0101", "addr_num": "24"}}, {"type": "Feature", "geometry": {"type": "Point", "coordinates": [2.595252, 49.018722]}, "properties": {"year": 2022, "valeur_fonciere": 80000.0, "type_local": "Maison", "surface_reelle_bati": 56.0, "nombre_pieces_principales": 3.0, "adresse_nom_voie": "RUE DE GUIVRY", "price_per_sqm": 1428.5714285714287, "date_iso": "2022-09-08", "parcelle": "77291000AL0102", "addr_num": "24"}}, {"type": "Feature", "geometry": {"type": "Point", "coordinates": [2.595456, 49.018685]}, "properties": {"year": 2022, "valeur_fonciere": 80000.0, "type_local": null, "surface_reelle_bati": null, "nombre_pieces_principales": null, "adresse_nom_voie": "GUIVRY", "price_per_sqm": null, "date_iso": "2022-09-08", "parcelle": "77291000AL0103", "addr_num": ""}}, {"type": "Feature", "geometry": {"type": "Point", "coordinates": [2.595552, 49.01862]}, "properties": {"year": 2022, "valeur_fonciere": 80000.0, "type_local": null, "surface_reelle_bati": null, "nombre_pieces_principales": null, "adresse_nom_voie": "GUIVRY", "price_per_sqm": null, "date_iso": "2022-09-08", "parcelle": "77291000AL0104", "addr_num": ""}}, {"type": "Feature", "geometry": {"type": "Point", "coordinates": [2.595811, 49.018551]}, "properties": {"year": 2022, "valeur_fonciere": 80000.0, "type_local": null, "surface_reelle_bati": null, "nombre_pieces_principales": null, "adresse_nom_voie": "GUIVRY", "price_per_sqm": null, "date_iso": "2022-09-08", "parcelle": "77291000AL0108", "addr_num": ""}}, {"type": "Feature", "geometry": {"type": "Point", "coordinates": [2.602999, 49.025498]}, "properties": {"year": 2022, "valeur_fonciere": 577910.0, "type_local": null, "surface_reelle_bati": null, "nombre_pieces_principales": null, "adresse_nom_voie": "LAVANDIERE", "price_per_sqm": null, "date_iso": "2022-09-28", "parcelle": "77291000AB0291", "addr_num": ""}}, {"type": "Feature", "geometry": {"type": "Point", "coordinates": [2.592296, 49.015778]}, "properties": {"year": 2022, "valeur_fonciere": 290000.0, "type_local": "Maison", "surface_reelle_bati": 81.0, "nombre_pieces_principales": 4.0, "adresse_nom_voie": "RUE DU BOSNIER", "price_per_sqm": 3580.246913580247, "date_iso": "2022-10-10", "parcelle": "77291000AK0768", "addr_num": "5"}}, {"type": "Feature", "geometry": {"type": "Point", "coordinates": [2.604527, 49.028043]}, "properties": {"year": 2022, "valeur_fonciere": 313733.0, "type_local": null, "surface_reelle_bati": null, "nombre_pieces_principales": null, "adresse_nom_voie": "L ECLANCHE", "price_per_sqm": null, "date_iso": "2022-11-07", "parcelle": "77291000AB0196", "addr_num": ""}}, {"type": "Feature", "geometry": {"type": "Point", "coordinates": [2.604729, 49.027211]}, "properties": {"year": 2022, "valeur_fonciere": 313733.0, "type_local": null, "surface_reelle_bati": null, "nombre_pieces_principales": null, "adresse_nom_voie": "L ECLANCHE", "price_per_sqm": null, "date_iso": "2022-11-07", "parcelle": "77291000AB0239", "addr_num": ""}}, {"type": "Feature", "geometry": {"type": "Point", "coordinates": [2.60376, 49.02707]}, "properties": {"year": 2022, "valeur_fonciere": 313733.0, "type_local": null, "surface_reelle_bati": null, "nombre_pieces_principales": null, "adresse_nom_voie": "L ECLANCHE", "price_per_sqm": null, "date_iso": "2022-11-07", "parcelle": "77291000AB0243", "addr_num": ""}}, {"type": "Feature", "geometry": {"type": "Point", "coordinates": [2.610501, 49.02232]}, "properties": {"year": 2022, "valeur_fonciere": 313733.0, "type_local": null, "surface_reelle_bati": null, "nombre_pieces_principales": null, "adresse_nom_voie": "LE GOUBRON", "price_per_sqm": null, "date_iso": "2022-11-07", "parcelle": "77291000AC0059", "addr_num": ""}}, {"type": "Feature", "geometry": {"type": "Point", "coordinates": [2.593623, 49.016627]}, "properties": {"year": 2022, "valeur_fonciere": 250000.0, "type_local": "Maison", "surface_reelle_bati": 111.0, "nombre_pieces_principales": 4.0, "adresse_nom_voie": "RUE DU BOSNIER", "price_per_sqm": 2252.252252252252, "date_iso": "2022-11-03", "parcelle": "77291000AL0188", "addr_num": "12"}}, {"type": "Feature", "geometry": {"type": "Point", "coordinates": [2.585245, 49.018076]}, "properties": {"year": 2022, "valeur_fonciere": 1116841.0, "type_local": null, "surface_reelle_bati": null, "nombre_pieces_principales": null, "adresse_nom_voie": "RUE DU STADE SAUVANET", "price_per_sqm": null, "date_iso": "2022-11-25", "parcelle": "77291000AI0319", "addr_num": ""}}, {"type": "Feature", "geometry": {"type": "Point", "coordinates": [2.586296, 49.018744]}, "properties": {"year": 2022, "valeur_fonciere": 1116841.0, "type_local": null, "surface_reelle_bati": null, "nombre_pieces_principales": null, "adresse_nom_voie": "RUE DU STADE SAUVANET", "price_per_sqm": null, "date_iso": "2022-11-25", "parcelle": "77291000AI0322", "addr_num": ""}}, {"type": "Feature", "geometry": {"type": "Point", "coordinates": [2.586379, 49.016675]}, "properties": {"year": 2022, "valeur_fonciere": 1116841.0, "type_local": null, "surface_reelle_bati": null, "nombre_pieces_principales": null, "adresse_nom_voie": "RUE DU STADE SAUVANET", "price_per_sqm": null, "date_iso": "2022-11-25", "parcelle": "77291000AI0327", "addr_num": ""}}, {"type": "Feature", "geometry": {"type": "Point", "coordinates": [2.587135, 49.018205]}, "properties": {"year": 2022, "valeur_fonciere": 1116841.0, "type_local": null, "surface_reelle_bati": null, "nombre_pieces_principales": null, "adresse_nom_voie": "RUE DU STADE SAUVANET", "price_per_sqm": null, "date_iso": "2022-11-25", "parcelle": "77291000AI0328", "addr_num": ""}}, {"type": "Feature", "geometry": {"type": "Point", "coordinates": [2.588516, 49.017316]}, "properties": {"year": 2022, "valeur_fonciere": 1116841.0, "type_local": null, "surface_reelle_bati": null, "nombre_pieces_principales": null, "adresse_nom_voie": "RUE DU STADE SAUVANET", "price_per_sqm": null, "date_iso": "2022-11-25", "parcelle": "77291000AI0333", "addr_num": ""}}, {"type": "Feature", "geometry": {"type": "Point", "coordinates": [2.588671, 49.017234]}, "properties": {"year": 2022, "valeur_fonciere": 1116841.0, "type_local": null, "surface_reelle_bati": null, "nombre_pieces_principales": null, "adresse_nom_voie": "RUE DU STADE SAUVANET", "price_per_sqm": null, "date_iso": "2022-11-25", "parcelle": "77291000AI0335", "addr_num": ""}}, {"type": "Feature", "geometry": {"type": "Point", "coordinates": [2.588807, 49.017145]}, "properties": {"year": 2022, "valeur_fonciere": 1116841.0, "type_local": null, "surface_reelle_bati": null, "nombre_pieces_principales": null, "adresse_nom_voie": "RUE DU STADE SAUVANET", "price_per_sqm": null, "date_iso": "2022-11-25", "parcelle": "77291000AI0337", "addr_num": ""}}, {"type": "Feature", "geometry": {"type": "Point", "coordinates": [2.589301, 49.01693]}, "properties": {"year": 2022, "valeur_fonciere": 1116841.0, "type_local": null, "surface_reelle_bati": null, "nombre_pieces_principales": null, "adresse_nom_voie": "RUE DU STADE SAUVANET", "price_per_sqm": null, "date_iso": "2022-11-25", "parcelle": "77291000AI0339", "addr_num": ""}}, {"type": "Feature", "geometry": {"type": "Point", "coordinates": [2.586834, 49.016363]}, "properties": {"year": 2022, "valeur_fonciere": 1116841.0, "type_local": null, "surface_reelle_bati": null, "nombre_pieces_principales": null, "adresse_nom_voie": "RUE DU STADE SAUVANET", "price_per_sqm": null, "date_iso": "2022-11-25", "parcelle": "77291000AI0342", "addr_num": ""}}, {"type": "Feature", "geometry": {"type": "Point", "coordinates": [2.586952, 49.016274]}, "properties": {"year": 2022, "valeur_fonciere": 1116841.0, "type_local": null, "surface_reelle_bati": null, "nombre_pieces_principales": null, "adresse_nom_voie": "RUE DU STADE SAUVANET", "price_per_sqm": null, "date_iso": "2022-11-25", "parcelle": "77291000AI0345", "addr_num": ""}}, {"type": "Feature", "geometry": {"type": "Point", "coordinates": [2.603316, 49.024977]}, "properties": {"year": 2022, "valeur_fonciere": 584000.0, "type_local": null, "surface_reelle_bati": null, "nombre_pieces_principales": null, "adresse_nom_voie": "LAVANDIERE", "price_per_sqm": null, "date_iso": "2022-11-30", "parcelle": "77291000AB0293", "addr_num": ""}}, {"type": "Feature", "geometry": {"type": "Point", "coordinates": [2.599601, 49.026217]}, "properties": {"year": 2022, "valeur_fonciere": 225210.0, "type_local": null, "surface_reelle_bati": null, "nombre_pieces_principales": null, "adresse_nom_voie": "L ENTREE DES TOUCHES", "price_per_sqm": null, "date_iso": "2022-12-08", "parcelle": "77291000AB0047", "addr_num": ""}}, {"type": "Feature", "geometry": {"type": "Point", "coordinates": [2.599601, 49.026217]}, "properties": {"year": 2022, "valeur_fonciere": 22521.0, "type_local": null, "surface_reelle_bati": null, "nombre_pieces_principales": null, "adresse_nom_voie": "L ENTREE DES TOUCHES", "price_per_sqm": null, "date_iso": "2022-12-08", "parcelle": "77291000AB0047", "addr_num": ""}}, {"type": "Feature", "geometry": {"type": "Point", "coordinates": [2.591051, 49.018764]}, "properties": {"year": 2022, "valeur_fonciere": 3500000.0, "type_local": null, "surface_reelle_bati": null, "nombre_pieces_principales": null, "adresse_nom_voie": "GRANDE COUR", "price_per_sqm": null, "date_iso": "2022-12-30", "parcelle": "77291000AK0079", "addr_num": ""}}, {"type": "Feature", "geometry": {"type": "Point", "coordinates": [2.590692, 49.018892]}, "properties": {"year": 2022, "valeur_fonciere": 3500000.0, "type_local": "Local industriel. commercial ou assimilé", "surface_reelle_bati": 305.0, "nombre_pieces_principales": 0.0, "adresse_nom_voie": "RUE DE CLAYE", "price_per_sqm": 11475.409836065573, "date_iso": "2022-12-30", "parcelle": "77291000AK0637", "addr_num": "13"}}, {"type": "Feature", "geometry": {"type": "Point", "coordinates": [2.590703, 49.018589]}, "properties": {"year": 2022, "valeur_fonciere": 3500000.0, "type_local": null, "surface_reelle_bati": null, "nombre_pieces_principales": null, "adresse_nom_voie": "RUE GEORGES POMPIDOU", "price_per_sqm": null, "date_iso": "2022-12-30", "parcelle": "77291000AK0640", "addr_num": ""}}, {"type": "Feature", "geometry": {"type": "Point", "coordinates": [2.591464, 49.019049]}, "properties": {"year": 2022, "valeur_fonciere": 3500000.0, "type_local": "Local industriel. commercial ou assimilé", "surface_reelle_bati": 4229.0, "nombre_pieces_principales": 0.0, "adresse_nom_voie": "RUE GEORGES POMPIDOU", "price_per_sqm": 827.6188224166469, "date_iso": "2022-12-30", "parcelle": "77291000AK0702", "addr_num": "2"}}, {"type": "Feature", "geometry": {"type": "Point", "coordinates": [2.59685, 49.016192]}, "properties": {"year": 2022, "valeur_fonciere": 27000.0, "type_local": null, "surface_reelle_bati": null, "nombre_pieces_principales": null, "adresse_nom_voie": "LES GRANDS PRES", "price_per_sqm": null, "date_iso": "2022-12-28", "parcelle": "77291000AH0129", "addr_num": ""}}, {"type": "Feature", "geometry": {"type": "Point", "coordinates": [2.613021, 49.02394]}, "properties": {"year": 2023, "valeur_fonciere": 80000.0, "type_local": null, "surface_reelle_bati": null, "nombre_pieces_principales": null, "adresse_nom_voie": "LE GOUBRON", "price_per_sqm": null, "date_iso": "2023-01-26", "parcelle": "77291000AC0063", "addr_num": ""}}, {"type": "Feature", "geometry": {"type": "Point", "coordinates": [2.600532, 49.01942]}, "properties": {"year": 2023, "valeur_fonciere": 80000.0, "type_local": null, "surface_reelle_bati": null, "nombre_pieces_principales": null, "adresse_nom_voie": "LA PIECE DU GUE", "price_per_sqm": null, "date_iso": "2023-01-26", "parcelle": "77291000AH0015", "addr_num": ""}}, {"type": "Feature", "geometry": {"type": "Point", "coordinates": [2.597835, 49.014388]}, "properties": {"year": 2023, "valeur_fonciere": 80000.0, "type_local": null, "surface_reelle_bati": null, "nombre_pieces_principales": null, "adresse_nom_voie": "LA HAYE GAROU", "price_per_sqm": null, "date_iso": "2023-01-26", "parcelle": "77291000AL0131", "addr_num": ""}}, {"type": "Feature", "geometry": {"type": "Point", "coordinates": [2.597271, 49.014649]}, "properties": {"year": 2023, "valeur_fonciere": 80000.0, "type_local": null, "surface_reelle_bati": null, "nombre_pieces_principales": null, "adresse_nom_voie": "LA HAYE GAROU", "price_per_sqm": null, "date_iso": "2023-01-26", "parcelle": "77291000AL0133", "addr_num": ""}}, {"type": "Feature", "geometry": {"type": "Point", "coordinates": [2.596567, 49.014785]}, "properties": {"year": 2023, "valeur_fonciere": 80000.0, "type_local": null, "surface_reelle_bati": null, "nombre_pieces_principales": null, "adresse_nom_voie": "LA HAYE GAROU", "price_per_sqm": null, "date_iso": "2023-01-26", "parcelle": "77291000AL0279", "addr_num": ""}}, {"type": "Feature", "geometry": {"type": "Point", "coordinates": [2.603113, 49.025219]}, "properties": {"year": 2023, "valeur_fonciere": 600000.0, "type_local": null, "surface_reelle_bati": null, "nombre_pieces_principales": null, "adresse_nom_voie": "RUE HENRI FOSSE", "price_per_sqm": null, "date_iso": "2023-03-30", "parcelle": "77291000AB0292", "addr_num": "3"}}, {"type": "Feature", "geometry": {"type": "Point", "coordinates": [2.591637, 49.018539]}, "properties": {"year": 2023, "valeur_fonciere": 270000.0, "type_local": null, "surface_reelle_bati": null, "nombre_pieces_principales": null, "adresse_nom_voie": "RUE DE BROUET", "price_per_sqm": null, "date_iso": "2023-05-03", "parcelle": "77291000AK0338", "addr_num": ""}}, {"type": "Feature", "geometry": {"type": "Point", "coordinates": [2.591498, 49.018529]}, "properties": {"year": 2023, "valeur_fonciere": 270000.0, "type_local": "Maison", "surface_reelle_bati": 86.0, "nombre_pieces_principales": 2.0, "adresse_nom_voie": "RUE DE BROUET", "price_per_sqm": 3139.5348837209303, "date_iso": "2023-05-03", "parcelle": "77291000AK0339", "addr_num": "11"}}, {"type": "Feature", "geometry": {"type": "Point", "coordinates": [2.588644, 49.018513]}, "properties": {"year": 2023, "valeur_fonciere": 85000.0, "type_local": null, "surface_reelle_bati": null, "nombre_pieces_principales": null, "adresse_nom_voie": "LE LION D OR", "price_per_sqm": null, "date_iso": "2023-05-09", "parcelle": "77291000AK0247", "addr_num": ""}}, {"type": "Feature", "geometry": {"type": "Point", "coordinates": [2.59965, 49.026642]}, "properties": {"year": 2023, "valeur_fonciere": 853000.0, "type_local": null, "surface_reelle_bati": null, "nombre_pieces_principales": null, "adresse_nom_voie": "L ENTREE DES TOUCHES", "price_per_sqm": null, "date_iso": "2023-05-22", "parcelle": "77291000AB0045", "addr_num": ""}}, {"type": "Feature", "geometry": {"type": "Point", "coordinates": [2.608108, 49.028799]}, "properties": {"year": 2023, "valeur_fonciere": 853000.0, "type_local": null, "surface_reelle_bati": null, "nombre_pieces_principales": null, "adresse_nom_voie": "L ECLANCHE", "price_per_sqm": null, "date_iso": "2023-05-22", "parcelle": "77291000AB0206", "addr_num": ""}}, {"type": "Feature", "geometry": {"type": "Point", "coordinates": [2.609097, 49.027604]}, "properties": {"year": 2023, "valeur_fonciere": 853000.0, "type_local": null, "surface_reelle_bati": null, "nombre_pieces_principales": null, "adresse_nom_voie": "L ECLANCHE", "price_per_sqm": null, "date_iso": "2023-05-22", "parcelle": "77291000AB0226", "addr_num": ""}}, {"type": "Feature", "geometry": {"type": "Point", "coordinates": [2.608217, 49.027599]}, "properties": {"year": 2023, "valeur_fonciere": 853000.0, "type_local": null, "surface_reelle_bati": null, "nombre_pieces_principales": null, "adresse_nom_voie": "L ECLANCHE", "price_per_sqm": null, "date_iso": "2023-05-22", "parcelle": "77291000AB0227", "addr_num": ""}}, {"type": "Feature", "geometry": {"type": "Point", "coordinates": [2.606919, 49.027116]}, "properties": {"year": 2023, "valeur_fonciere": 853000.0, "type_local": null, "surface_reelle_bati": null, "nombre_pieces_principales": null, "adresse_nom_voie": "L ECLANCHE", "price_per_sqm": null, "date_iso": "2023-05-22", "parcelle": "77291000AB0231", "addr_num": ""}}, {"type": "Feature", "geometry": {"type": "Point", "coordinates": [2.60574, 49.027245]}, "properties": {"year": 2023, "valeur_fonciere": 853000.0, "type_local": null, "surface_reelle_bati": null, "nombre_pieces_principales": null, "adresse_nom_voie": "L ECLANCHE", "price_per_sqm": null, "date_iso": "2023-05-22", "parcelle": "77291000AB0235", "addr_num": ""}}, {"type": "Feature", "geometry": {"type": "Point", "coordinates": [2.605441, 49.027935]}, "properties": {"year": 2023, "valeur_fonciere": 853000.0, "type_local": null, "surface_reelle_bati": null, "nombre_pieces_principales": null, "adresse_nom_voie": "L ECLANCHE", "price_per_sqm": null, "date_iso": "2023-05-22", "parcelle": "77291000AB0237", "addr_num": ""}}, {"type": "Feature", "geometry": {"type": "Point", "coordinates": [2.604635, 49.027822]}, "properties": {"year": 2023, "valeur_fonciere": 853000.0, "type_local": null, "surface_reelle_bati": null, "nombre_pieces_principales": null, "adresse_nom_voie": "L ECLANCHE", "price_per_sqm": null, "date_iso": "2023-05-22", "parcelle": "77291000AB0240", "addr_num": ""}}, {"type": "Feature", "geometry": {"type": "Point", "coordinates": [2.604085, 49.027069]}, "properties": {"year": 2023, "valeur_fonciere": 853000.0, "type_local": null, "surface_reelle_bati": null, "nombre_pieces_principales": null, "adresse_nom_voie": "L ECLANCHE", "price_per_sqm": null, "date_iso": "2023-05-22", "parcelle": "77291000AB0242", "addr_num": ""}}, {"type": "Feature", "geometry": {"type": "Point", "coordinates": [2.603537, 49.027071]}, "properties": {"year": 2023, "valeur_fonciere": 853000.0, "type_local": null, "surface_reelle_bati": null, "nombre_pieces_principales": null, "adresse_nom_voie": "L ECLANCHE", "price_per_sqm": null, "date_iso": "2023-05-22", "parcelle": "77291000AB0244", "addr_num": ""}}, {"type": "Feature", "geometry": {"type": "Point", "coordinates": [2.608607, 49.026983]}, "properties": {"year": 2023, "valeur_fonciere": 853000.0, "type_local": null, "surface_reelle_bati": null, "nombre_pieces_principales": null, "adresse_nom_voie": "LAVANDIERE", "price_per_sqm": null, "date_iso": "2023-05-22", "parcelle": "77291000AB0258", "addr_num": ""}}, {"type": "Feature", "geometry": {"type": "Point", "coordinates": [2.609081, 49.026906]}, "properties": {"year": 2023, "valeur_fonciere": 853000.0, "type_local": null, "surface_reelle_bati": null, "nombre_pieces_principales": null, "adresse_nom_voie": "LAVANDIERE", "price_per_sqm": null, "date_iso": "2023-05-22", "parcelle": "77291000AB0260", "addr_num": ""}}, {"type": "Feature", "geometry": {"type": "Point", "coordinates": [2.605906, 49.027246]}, "properties": {"year": 2023, "valeur_fonciere": 853000.0, "type_local": null, "surface_reelle_bati": null, "nombre_pieces_principales": null, "adresse_nom_voie": "L ECLANCHE", "price_per_sqm": null, "date_iso": "2023-05-22", "parcelle": "77291000AB0271", "addr_num": ""}}, {"type": "Feature", "geometry": {"type": "Point", "coordinates": [2.603944, 49.027068]}, "properties": {"year": 2023, "valeur_fonciere": 853000.0, "type_local": null, "surface_reelle_bati": null, "nombre_pieces_principales": null, "adresse_nom_voie": "L ECLANCHE", "price_per_sqm": null, "date_iso": "2023-05-22", "parcelle": "77291000AB0272", "addr_num": ""}}, {"type": "Feature", "geometry": {"type": "Point", "coordinates": [2.592174, 49.015937]}, "properties": {"year": 2023, "valeur_fonciere": 120000.0, "type_local": null, "surface_reelle_bati": null, "nombre_pieces_principales": null, "adresse_nom_voie": "RUE DU BOSNIER", "price_per_sqm": null, "date_iso": "2023-06-20", "parcelle": "77291000AK0769", "addr_num": ""}}, {"type": "Feature", "geometry": {"type": "Point", "coordinates": [2.593778, 49.025232]}, "properties": {"year": 2023, "valeur_fonciere": 75312.7, "type_local": null, "surface_reelle_bati": null, "nombre_pieces_principales": null, "adresse_nom_voie": "LA MALADRERIE", "price_per_sqm": null, "date_iso": "2023-06-16", "parcelle": "77291000AI0100", "addr_num": ""}}, {"type": "Feature", "geometry": {"type": "Point", "coordinates": [2.587794, 49.01915]}, "properties": {"year": 2023, "valeur_fonciere": 400000.0, "type_local": null, "surface_reelle_bati": null, "nombre_pieces_principales": null, "adresse_nom_voie": "LE LION D OR", "price_per_sqm": null, "date_iso": "2023-07-06", "parcelle": "77291000AK0266", "addr_num": ""}}, {"type": "Feature", "geometry": {"type": "Point", "coordinates": [2.591264, 49.01847]}, "properties": {"year": 2023, "valeur_fonciere": 246000.0, "type_local": "Maison", "surface_reelle_bati": 38.0, "nombre_pieces_principales": 3.0, "adresse_nom_voie": "RUE DE BROUET", "price_per_sqm": 6473.684210526316, "date_iso": "2023-07-19", "parcelle": "77291000AK0097", "addr_num": "9"}}, {"type": "Feature", "geometry": {"type": "Point", "coordinates": [2.591264, 49.01847]}, "properties": {"year": 2023, "valeur_fonciere": 246000.0, "type_local": "Dépendance", "surface_reelle_bati": null, "nombre_pieces_principales": 0.0, "adresse_nom_voie": "RUE DE BROUET", "price_per_sqm": null, "date_iso": "2023-07-19", "parcelle": "77291000AK0097", "addr_num": "9"}}, {"type": "Feature", "geometry": {"type": "Point", "coordinates": [2.599871, 49.02174]}, "properties": {"year": 2023, "valeur_fonciere": 16000000.0, "type_local": "Local industriel. commercial ou assimilé", "surface_reelle_bati": null, "nombre_pieces_principales": 0.0, "adresse_nom_voie": "RUE DE LA GRANDE BORNE", "price_per_sqm": null, "date_iso": "2023-07-31", "parcelle": "77291000AH0187", "addr_num": "1"}}, {"type": "Feature", "geometry": {"type": "Point", "coordinates": [2.599871, 49.02174]}, "properties": {"year": 2023, "valeur_fonciere": 16000000.0, "type_local": "Local industriel. commercial ou assimilé", "surface_reelle_bati": 13924.0, "nombre_pieces_principales": 0.0, "adresse_nom_voie": "RUE DE LA GRANDE BORNE", "price_per_sqm": 1149.0950876185004, "date_iso": "2023-07-31", "parcelle": "77291000AH0187", "addr_num": "1"}}, {"type": "Feature", "geometry": {"type": "Point", "coordinates": [2.599871, 49.02174]}, "properties": {"year": 2023, "valeur_fonciere": 16000000.0, "type_local": "Local industriel. commercial ou assimilé", "surface_reelle_bati": null, "nombre_pieces_principales": 0.0, "adresse_nom_voie": "RUE DE LA GRANDE BORNE", "price_per_sqm": null, "date_iso": "2023-07-31", "parcelle": "77291000AH0187", "addr_num": "1"}}, {"type": "Feature", "geometry": {"type": "Point", "coordinates": [2.60013, 49.022309]}, "properties": {"year": 2023, "valeur_fonciere": 16000000.0, "type_local": null, "surface_reelle_bati": null, "nombre_pieces_principales": null, "adresse_nom_voie": "RUE DE LA GRANDE BORNE", "price_per_sqm": null, "date_iso": "2023-07-31", "parcelle": "77291000AH0188", "addr_num": "1"}}, {"type": "Feature", "geometry": {"type": "Point", "coordinates": [2.590301, 49.022627]}, "properties": {"year": 2023, "valeur_fonciere": 169940.0, "type_local": null, "surface_reelle_bati": null, "nombre_pieces_principales": null, "adresse_nom_voie": "LA MALADRERIE", "price_per_sqm": null, "date_iso": "2023-08-02", "parcelle": "77291000AI0203", "addr_num": ""}}, {"type": "Feature", "geometry": {"type": "Point", "coordinates": [2.592557, 49.023675]}, "properties": {"year": 2023, "valeur_fonciere": 169940.0, "type_local": null, "surface_reelle_bati": null, "nombre_pieces_principales": null, "adresse_nom_voie": "LA MALADRERIE", "price_per_sqm": null, "date_iso": "2023-08-02", "parcelle": "77291000AI0399", "addr_num": ""}}, {"type": "Feature", "geometry": {"type": "Point", "coordinates": [2.590009, 49.022858]}, "properties": {"year": 2023, "valeur_fonciere": 169940.0, "type_local": null, "surface_reelle_bati": null, "nombre_pieces_principales": null, "adresse_nom_voie": "LA CROIX CHARON", "price_per_sqm": null, "date_iso": "2023-08-02", "parcelle": "77291000AI0401", "addr_num": ""}}, {"type": "Feature", "geometry": {"type": "Point", "coordinates": [2.588431, 49.022616]}, "properties": {"year": 2023, "valeur_fonciere": 205616.7, "type_local": null, "surface_reelle_bati": null, "nombre_pieces_principales": null, "adresse_nom_voie": "LA CROIX CHARON", "price_per_sqm": null, "date_iso": "2023-08-09", "parcelle": "77291000AI0393", "addr_num": ""}}, {"type": "Feature", "geometry": {"type": "Point", "coordinates": [2.588038, 49.021975]}, "properties": {"year": 2023, "valeur_fonciere": 205616.7, "type_local": null, "surface_reelle_bati": null, "nombre_pieces_principales": null, "adresse_nom_voie": "LA CROIX CHARON", "price_per_sqm": null, "date_iso": "2023-08-09", "parcelle": "77291000AI0394", "addr_num": ""}}, {"type": "Feature", "geometry": {"type": "Point", "coordinates": [2.599328, 49.026909]}, "properties": {"year": 2023, "valeur_fonciere": 783200.0, "type_local": null, "surface_reelle_bati": null, "nombre_pieces_principales": null, "adresse_nom_voie": "L ENTREE DES TOUCHES", "price_per_sqm": null, "date_iso": "2023-08-21", "parcelle": "77291000AB0044", "addr_num": ""}}, {"type": "Feature", "geometry": {"type": "Point", "coordinates": [2.597262, 49.027016]}, "properties": {"year": 2023, "valeur_fonciere": 783200.0, "type_local": null, "surface_reelle_bati": null, "nombre_pieces_principales": null, "adresse_nom_voie": "L ENTREE DES TOUCHES", "price_per_sqm": null, "date_iso": "2023-08-21", "parcelle": "77291000AB0048", "addr_num": ""}}, {"type": "Feature", "geometry": {"type": "Point", "coordinates": [2.604949, 49.026976]}, "properties": {"year": 2023, "valeur_fonciere": 783200.0, "type_local": null, "surface_reelle_bati": null, "nombre_pieces_principales": null, "adresse_nom_voie": "L ECLANCHE", "price_per_sqm": null, "date_iso": "2023-08-21", "parcelle": "77291000AB0238", "addr_num": ""}}, {"type": "Feature", "geometry": {"type": "Point", "coordinates": [2.603324, 49.027409]}, "properties": {"year": 2023, "valeur_fonciere": 783200.0, "type_local": null, "surface_reelle_bati": null, "nombre_pieces_principales": null, "adresse_nom_voie": "L ECLANCHE", "price_per_sqm": null, "date_iso": "2023-08-21", "parcelle": "77291000AB0246", "addr_num": ""}}, {"type": "Feature", "geometry": {"type": "Point", "coordinates": [2.595227, 49.018658]}, "properties": {"year": 2023, "valeur_fonciere": 30000.0, "type_local": "Maison", "surface_reelle_bati": 113.0, "nombre_pieces_principales": 4.0, "adresse_nom_voie": "RUE DE GUIVRY", "price_per_sqm": 265.4867256637168, "date_iso": "2023-09-09", "parcelle": "77291000AL0098", "addr_num": "22"}}, {"type": "Feature", "geometry": {"type": "Point", "coordinates": [2.587782, 49.022509]}, "properties": {"year": 2023, "valeur_fonciere": 116098.0, "type_local": null, "surface_reelle_bati": null, "nombre_pieces_principales": null, "adresse_nom_voie": "LA CROIX CHARON", "price_per_sqm": null, "date_iso": "2023-09-20", "parcelle": "77291000AI0377", "addr_num": ""}}, {"type": "Feature", "geometry": {"type": "Point", "coordinates": [2.58994, 49.023756]}, "properties": {"year": 2023, "valeur_fonciere": 116098.0, "type_local": null, "surface_reelle_bati": null, "nombre_pieces_principales": null, "adresse_nom_voie": "LA CROIX CHARON", "price_per_sqm": null, "date_iso": "2023-09-20", "parcelle": "77291000AI0379", "addr_num": ""}}, {"type": "Feature", "geometry": {"type": "Point", "coordinates": [2.588882, 49.022515]}, "properties": {"year": 2023, "valeur_fonciere": 116098.0, "type_local": null, "surface_reelle_bati": null, "nombre_pieces_principales": null, "adresse_nom_voie": "LA CROIX CHARON", "price_per_sqm": null, "date_iso": "2023-09-20", "parcelle": "77291000AI0381", "addr_num": ""}}, {"type": "Feature", "geometry": {"type": "Point", "coordinates": [2.58927, 49.022272]}, "properties": {"year": 2023, "valeur_fonciere": 116098.0, "type_local": null, "surface_reelle_bati": null, "nombre_pieces_principales": null, "adresse_nom_voie": "LA CROIX CHARON", "price_per_sqm": null, "date_iso": "2023-09-20", "parcelle": "77291000AI0382", "addr_num": ""}}, {"type": "Feature", "geometry": {"type": "Point", "coordinates": [2.594292, 49.018226]}, "properties": {"year": 2023, "valeur_fonciere": 170000.0, "type_local": "Appartement", "surface_reelle_bati": 65.0, "nombre_pieces_principales": 3.0, "adresse_nom_voie": "RUE DE GUIVRY", "price_per_sqm": 2615.3846153846152, "date_iso": "2023-09-21", "parcelle": "77291000AK0134", "addr_num": "11"}}, {"type": "Feature", "geometry": {"type": "Point", "coordinates": [2.594292, 49.018226]}, "properties": {"year": 2023, "valeur_fonciere": 170000.0, "type_local": "Appartement", "surface_reelle_bati": 45.0, "nombre_pieces_principales": 1.0, "adresse_nom_voie": "RUE DE GUIVRY", "price_per_sqm": 3777.777777777778, "date_iso": "2023-09-21", "parcelle": "77291000AK0134", "addr_num": "11"}}, {"type": "Feature", "geometry": {"type": "Point", "coordinates": [2.594292, 49.018226]}, "properties": {"year": 2023, "valeur_fonciere": 170000.0, "type_local": "Dépendance", "surface_reelle_bati": null, "nombre_pieces_principales": 0.0, "adresse_nom_voie": "RUE DE GUIVRY", "price_per_sqm": null, "date_iso": "2023-09-21", "parcelle": "77291000AK0134", "addr_num": "11"}}, {"type": "Feature", "geometry": {"type": "Point", "coordinates": [2.594292, 49.018226]}, "properties": {"year": 2023, "valeur_fonciere": 170000.0, "type_local": "Dépendance", "surface_reelle_bati": null, "nombre_pieces_principales": 0.0, "adresse_nom_voie": "RUE DE GUIVRY", "price_per_sqm": null, "date_iso": "2023-09-21", "parcelle": "77291000AK0134", "addr_num": "11"}}, {"type": "Feature", "geometry": {"type": "Point", "coordinates": [2.594176, 49.018164]}, "properties": {"year": 2023, "valeur_fonciere": 170000.0, "type_local": null, "surface_reelle_bati": null, "nombre_pieces_principales": null, "adresse_nom_voie": "LE CORNET", "price_per_sqm": null, "date_iso": "2023-09-21", "parcelle": "77291000AK0137", "addr_num": ""}}, {"type": "Feature", "geometry": {"type": "Point", "coordinates": [2.587341, 49.021686]}, "properties": {"year": 2023, "valeur_fonciere": 6585.0, "type_local": null, "surface_reelle_bati": null, "nombre_pieces_principales": null, "adresse_nom_voie": "LA CROIX CHARON", "price_per_sqm": null, "date_iso": "2023-10-16", "parcelle": "77291000AI0366", "addr_num": ""}}, {"type": "Feature", "geometry": {"type": "Point", "coordinates": [2.587276, 49.02186]}, "properties": {"year": 2023, "valeur_fonciere": 342616.2, "type_local": null, "surface_reelle_bati": null, "nombre_pieces_principales": null, "adresse_nom_voie": "LA CROIX CHARON", "price_per_sqm": null, "date_iso": "2023-10-16", "parcelle": "77291000AI0365", "addr_num": ""}}, {"type": "Feature", "geometry": {"type": "Point", "coordinates": [2.589646, 49.023588]}, "properties": {"year": 2023, "valeur_fonciere": 342616.2, "type_local": null, "surface_reelle_bati": null, "nombre_pieces_principales": null, "adresse_nom_voie": "LA CROIX CHARON", "price_per_sqm": null, "date_iso": "2023-10-16", "parcelle": "77291000AI0367", "addr_num": ""}}, {"type": "Feature", "geometry": {"type": "Point", "coordinates": [2.590878, 49.023889]}, "properties": {"year": 2023, "valeur_fonciere": 342616.2, "type_local": null, "surface_reelle_bati": null, "nombre_pieces_principales": null, "adresse_nom_voie": "LA MALADRERIE", "price_per_sqm": null, "date_iso": "2023-10-16", "parcelle": "77291000AI0369", "addr_num": ""}}, {"type": "Feature", "geometry": {"type": "Point", "coordinates": [2.601102, 49.025364]}, "properties": {"year": 2023, "valeur_fonciere": 100.0, "type_local": null, "surface_reelle_bati": null, "nombre_pieces_principales": null, "adresse_nom_voie": "RUE HENRI FOSSE", "price_per_sqm": null, "date_iso": "2023-11-24", "parcelle": "77291000AB0311", "addr_num": ""}}, {"type": "Feature", "geometry": {"type": "Point", "coordinates": [2.587405, 49.022543]}, "properties": {"year": 2023, "valeur_fonciere": 166264.1, "type_local": null, "surface_reelle_bati": null, "nombre_pieces_principales": null, "adresse_nom_voie": "LA CROIX CHARON", "price_per_sqm": null, "date_iso": "2023-11-16", "parcelle": "77291000AI0371", "addr_num": ""}}, {"type": "Feature", "geometry": {"type": "Point", "coordinates": [2.594562, 49.025044]}, "properties": {"year": 2023, "valeur_fonciere": 166264.1, "type_local": null, "surface_reelle_bati": null, "nombre_pieces_principales": null, "adresse_nom_voie": "LA MALADRERIE", "price_per_sqm": null, "date_iso": "2023-11-16", "parcelle": "77291000AI0373", "addr_num": ""}}, {"type": "Feature", "geometry": {"type": "Point", "coordinates": [2.598653, 49.027244]}, "properties": {"year": 2023, "valeur_fonciere": 43470.0, "type_local": null, "surface_reelle_bati": null, "nombre_pieces_principales": null, "adresse_nom_voie": "L ENTREE DES TOUCHES", "price_per_sqm": null, "date_iso": "2023-11-23", "parcelle": "77291000AB0042", "addr_num": ""}}, {"type": "Feature", "geometry": {"type": "Point", "coordinates": [2.587721, 49.021631]}, "properties": {"year": 2023, "valeur_fonciere": 2545.0, "type_local": null, "surface_reelle_bati": null, "nombre_pieces_principales": null, "adresse_nom_voie": "LA CROIX CHARON", "price_per_sqm": null, "date_iso": "2023-11-21", "parcelle": "77291000AI0026", "addr_num": ""}}, {"type": "Feature", "geometry": {"type": "Point", "coordinates": [2.594513, 49.02492]}, "properties": {"year": 2023, "valeur_fonciere": 4263.0, "type_local": null, "surface_reelle_bati": null, "nombre_pieces_principales": null, "adresse_nom_voie": "LA MALADRERIE", "price_per_sqm": null, "date_iso": "2023-11-16", "parcelle": "77291000AI0374", "addr_num": ""}}, {"type": "Feature", "geometry": {"type": "Point", "coordinates": [2.594512, 49.024842]}, "properties": {"year": 2023, "valeur_fonciere": 13041.0, "type_local": null, "surface_reelle_bati": null, "nombre_pieces_principales": null, "adresse_nom_voie": "LA MALADRERIE", "price_per_sqm": null, "date_iso": "2023-11-21", "parcelle": "77291000AI0390", "addr_num": ""}}, {"type": "Feature", "geometry": {"type": "Point", "coordinates": [2.595043, 49.025195]}, "properties": {"year": 2023, "valeur_fonciere": 8509.3, "type_local": null, "surface_reelle_bati": null, "nombre_pieces_principales": null, "adresse_nom_voie": "LA MALADRERIE", "price_per_sqm": null, "date_iso": "2023-11-21", "parcelle": "77291000AI0389", "addr_num": ""}}, {"type": "Feature", "geometry": {"type": "Point", "coordinates": [2.589472, 49.017295]}, "properties": {"year": 2023, "valeur_fonciere": 237500.0, "type_local": "Maison", "surface_reelle_bati": 210.0, "nombre_pieces_principales": 9.0, "adresse_nom_voie": "IMP DU GOBINET", "price_per_sqm": 1130.952380952381, "date_iso": "2023-11-28", "parcelle": "77291000AK0629", "addr_num": "19"}}, {"type": "Feature", "geometry": {"type": "Point", "coordinates": [2.589937, 49.017552]}, "properties": {"year": 2024, "valeur_fonciere": 290000.0, "type_local": "Maison", "surface_reelle_bati": 120.0, "nombre_pieces_principales": 4.0, "adresse_nom_voie": "IMP DU GOBINET", "price_per_sqm": 2416.6666666666665, "date_iso": "2024-01-10", "parcelle": "77291000AK0721", "addr_num": "9"}}, {"type": "Feature", "geometry": {"type": "Point", "coordinates": [2.589361, 49.023428]}, "properties": {"year": 2024, "valeur_fonciere": 22483.0, "type_local": null, "surface_reelle_bati": null, "nombre_pieces_principales": null, "adresse_nom_voie": "LA CROIX CHARON", "price_per_sqm": null, "date_iso": "2024-01-12", "parcelle": "77291000AI0391", "addr_num": ""}}, {"type": "Feature", "geometry": {"type": "Point", "coordinates": [2.594063, 49.018832]}, "properties": {"year": 2024, "valeur_fonciere": 310000.0, "type_local": "Maison", "surface_reelle_bati": 74.0, "nombre_pieces_principales": 5.0, "adresse_nom_voie": "RUE DU CORNET", "price_per_sqm": 4189.189189189189, "date_iso": "2024-01-26", "parcelle": "77291000AK0385", "addr_num": "11"}}, {"type": "Feature", "geometry": {"type": "Point", "coordinates": [2.590661, 49.017824]}, "properties": {"year": 2024, "valeur_fonciere": 170000.0, "type_local": "Maison", "surface_reelle_bati": 40.0, "nombre_pieces_principales": 3.0, "adresse_nom_voie": "RUE DE CLAYE", "price_per_sqm": 4250.0, "date_iso": "2024-02-06", "parcelle": "77291000AK0209", "addr_num": "40"}}, {"type": "Feature", "geometry": {"type": "Point", "coordinates": [2.590496, 49.017802]}, "properties": {"year": 2024, "valeur_fonciere": 170000.0, "type_local": null, "surface_reelle_bati": null, "nombre_pieces_principales": null, "adresse_nom_voie": "RUE DE CLAYE", "price_per_sqm": null, "date_iso": "2024-02-06", "parcelle": "77291000AK0211", "addr_num": ""}}, {"type": "Feature", "geometry": {"type": "Point", "coordinates": [2.590421, 49.017701]}, "properties": {"year": 2024, "valeur_fonciere": 170000.0, "type_local": "Dépendance", "surface_reelle_bati": null, "nombre_pieces_principales": 0.0, "adresse_nom_voie": "IMP DU GOBINET", "price_per_sqm": null, "date_iso": "2024-02-06", "parcelle": "77291000AK0218", "addr_num": "9004"}}, {"type": "Feature", "geometry": {"type": "Point", "coordinates": [2.593687, 49.018531]}, "properties": {"year": 2024, "valeur_fonciere": 200000.0, "type_local": null, "surface_reelle_bati": null, "nombre_pieces_principales": null, "adresse_nom_voie": "RUE DU CORNET", "price_per_sqm": null, "date_iso": "2024-04-05", "parcelle": "77291000AK0777", "addr_num": "7"}}, {"type": "Feature", "geometry": {"type": "Point", "coordinates": [2.598084, 49.018922]}, "properties": {"year": 2024, "valeur_fonciere": 2.0, "type_local": "Local industriel. commercial ou assimilé", "surface_reelle_bati": 3441.0, "nombre_pieces_principales": 0.0, "adresse_nom_voie": "RUE DE LA GRANDE BORNE", "price_per_sqm": 0.0005812263876780006, "date_iso": "2024-05-27", "parcelle": "77291000AH0195", "addr_num": "13"}}, {"type": "Feature", "geometry": {"type": "Point", "coordinates": [2.598377, 49.019075]}, "properties": {"year": 2024, "valeur_fonciere": 2.0, "type_local": null, "surface_reelle_bati": null, "nombre_pieces_principales": null, "adresse_nom_voie": "RUE DE LA GRANDE BORNE", "price_per_sqm": null, "date_iso": "2024-05-27", "parcelle": "77291000AH0202", "addr_num": "13"}}, {"type": "Feature", "geometry": {"type": "Point", "coordinates": [2.597819, 49.025412]}, "properties": {"year": 2024, "valeur_fonciere": 78166.0, "type_local": null, "surface_reelle_bati": null, "nombre_pieces_principales": null, "adresse_nom_voie": "L ENTREE DES TOUCHES", "price_per_sqm": null, "date_iso": "2024-05-21", "parcelle": "77291000AB0315", "addr_num": ""}}, {"type": "Feature", "geometry": {"type": "Point", "coordinates": [2.595239, 49.026046]}, "properties": {"year": 2024, "valeur_fonciere": 78166.0, "type_local": null, "surface_reelle_bati": null, "nombre_pieces_principales": null, "adresse_nom_voie": "L ENTREE DES TOUCHES", "price_per_sqm": null, "date_iso": "2024-05-21", "parcelle": "77291000AB0317", "addr_num": ""}}, {"type": "Feature", "geometry": {"type": "Point", "coordinates": [2.596168, 49.026414]}, "properties": {"year": 2024, "valeur_fonciere": 78166.0, "type_local": null, "surface_reelle_bati": null, "nombre_pieces_principales": null, "adresse_nom_voie": "L ENTREE DES TOUCHES", "price_per_sqm": null, "date_iso": "2024-05-21", "parcelle": "77291000AB0319", "addr_num": ""}}, {"type": "Feature", "geometry": {"type": "Point", "coordinates": [2.596833, 49.026098]}, "properties": {"year": 2024, "valeur_fonciere": 78166.0, "type_local": null, "surface_reelle_bati": null, "nombre_pieces_principales": null, "adresse_nom_voie": "L ENTREE DES TOUCHES", "price_per_sqm": null, "date_iso": "2024-05-21", "parcelle": "77291000AB0321", "addr_num": ""}}, {"type": "Feature", "geometry": {"type": "Point", "coordinates": [2.597113, 49.024406]}, "properties": {"year": 2024, "valeur_fonciere": 82075.4, "type_local": null, "surface_reelle_bati": null, "nombre_pieces_principales": null, "adresse_nom_voie": "L ENTREE DES TOUCHES", "price_per_sqm": null, "date_iso": "2024-05-21", "parcelle": "77291000AB0309", "addr_num": ""}}, {"type": "Feature", "geometry": {"type": "Point", "coordinates": [2.596285, 49.024809]}, "properties": {"year": 2024, "valeur_fonciere": 82075.4, "type_local": null, "surface_reelle_bati": null, "nombre_pieces_principales": null, "adresse_nom_voie": "LA MALADRERIE", "price_per_sqm": null, "date_iso": "2024-05-21", "parcelle": "77291000AI0403", "addr_num": ""}}, {"type": "Feature", "geometry": {"type": "Point", "coordinates": [2.591971, 49.018556]}, "properties": {"year": 2024, "valeur_fonciere": 220000.0, "type_local": "Maison", "surface_reelle_bati": 67.0, "nombre_pieces_principales": 3.0, "adresse_nom_voie": "RUE DE BROUET", "price_per_sqm": 3283.582089552239, "date_iso": "2024-05-27", "parcelle": "77291000AK0739", "addr_num": "2"}}, {"type": "Feature", "geometry": {"type": "Point", "coordinates": [2.568939, 49.012259]}, "properties": {"year": 2024, "valeur_fonciere": 652342.8, "type_local": null, "surface_reelle_bati": null, "nombre_pieces_principales": null, "adresse_nom_voie": "LE PONT DE PARIS", "price_per_sqm": null, "date_iso": "2024-06-19", "parcelle": "77291000AO0009", "addr_num": ""}}, {"type": "Feature", "geometry": {"type": "Point", "coordinates": [2.588166, 49.018455]}, "properties": {"year": 2024, "valeur_fonciere": 688006.6, "type_local": null, "surface_reelle_bati": null, "nombre_pieces_principales": null, "adresse_nom_voie": "LE LION D OR", "price_per_sqm": null, "date_iso": "2024-06-25", "parcelle": "77291000AK0260", "addr_num": ""}}, {"type": "Feature", "geometry": {"type": "Point", "coordinates": [2.589075, 49.017497]}, "properties": {"year": 2024, "valeur_fonciere": 688006.6, "type_local": null, "surface_reelle_bati": null, "nombre_pieces_principales": null, "adresse_nom_voie": "GOBINET", "price_per_sqm": null, "date_iso": "2024-06-25", "parcelle": "77291000AK0311", "addr_num": ""}}, {"type": "Feature", "geometry": {"type": "Point", "coordinates": [2.589539, 49.018705]}, "properties": {"year": 2024, "valeur_fonciere": 280000.0, "type_local": null, "surface_reelle_bati": null, "nombre_pieces_principales": null, "adresse_nom_voie": "GOBINET", "price_per_sqm": null, "date_iso": "2024-06-25", "parcelle": "77291000AK0238", "addr_num": ""}}, {"type": "Feature", "geometry": {"type": "Point", "coordinates": [2.58919, 49.018633]}, "properties": {"year": 2024, "valeur_fonciere": 280000.0, "type_local": "Dépendance", "surface_reelle_bati": null, "nombre_pieces_principales": 0.0, "adresse_nom_voie": "COUR DES BOULANGERS", "price_per_sqm": null, "date_iso": "2024-06-25", "parcelle": "77291000AK0244", "addr_num": "12"}}, {"type": "Feature", "geometry": {"type": "Point", "coordinates": [2.58919, 49.018633]}, "properties": {"year": 2024, "valeur_fonciere": 280000.0, "type_local": "Dépendance", "surface_reelle_bati": null, "nombre_pieces_principales": 0.0, "adresse_nom_voie": "COUR DES BOULANGERS", "price_per_sqm": null, "date_iso": "2024-06-25", "parcelle": "77291000AK0244", "addr_num": "12"}}, {"type": "Feature", "geometry": {"type": "Point", "coordinates": [2.58919, 49.018633]}, "properties": {"year": 2024, "valeur_fonciere": 280000.0, "type_local": "Dépendance", "surface_reelle_bati": null, "nombre_pieces_principales": 0.0, "adresse_nom_voie": "COUR DES BOULANGERS", "price_per_sqm": null, "date_iso": "2024-06-25", "parcelle": "77291000AK0244", "addr_num": "12"}}, {"type": "Feature", "geometry": {"type": "Point", "coordinates": [2.58919, 49.018633]}, "properties": {"year": 2024, "valeur_fonciere": 280000.0, "type_local": "Maison", "surface_reelle_bati": 115.0, "nombre_pieces_principales": 4.0, "adresse_nom_voie": "COUR DES BOULANGERS", "price_per_sqm": 2434.782608695652, "date_iso": "2024-06-25", "parcelle": "77291000AK0244", "addr_num": "12"}}, {"type": "Feature", "geometry": {"type": "Point", "coordinates": [2.592753, 49.011574]}, "properties": {"year": 2024, "valeur_fonciere": 5170000.0, "type_local": "Local industriel. commercial ou assimilé", "surface_reelle_bati": null, "nombre_pieces_principales": null, "adresse_nom_voie": "LA HAUTE RONCE", "price_per_sqm": null, "date_iso": "2024-07-17", "parcelle": "77291000AM0072", "addr_num": "6430"}}, {"type": "Feature", "geometry": {"type": "Point", "coordinates": [2.59119, 49.018329]}, "properties": {"year": 2024, "valeur_fonciere": 105000.0, "type_local": null, "surface_reelle_bati": null, "nombre_pieces_principales": null, "adresse_nom_voie": "RUE DE BROUET", "price_per_sqm": null, "date_iso": "2024-09-11", "parcelle": "77291000AK0089", "addr_num": ""}}, {"type": "Feature", "geometry": {"type": "Point", "coordinates": [2.591326, 49.018284]}, "properties": {"year": 2024, "valeur_fonciere": 105000.0, "type_local": "Maison", "surface_reelle_bati": 45.0, "nombre_pieces_principales": 1.0, "adresse_nom_voie": "RUE DE BROUET", "price_per_sqm": 2333.3333333333335, "date_iso": "2024-09-11", "parcelle": "77291000AK0090", "addr_num": "5"}}, {"type": "Feature", "geometry": {"type": "Point", "coordinates": [2.587806, 49.019309]}, "properties": {"year": 2024, "valeur_fonciere": 120000.0, "type_local": "Dépendance", "surface_reelle_bati": null, "nombre_pieces_principales": 0.0, "adresse_nom_voie": "RUE DE CLAYE", "price_per_sqm": null, "date_iso": "2024-09-12", "parcelle": "77291000AK0729", "addr_num": "16"}}, {"type": "Feature", "geometry": {"type": "Point", "coordinates": [2.587806, 49.019309]}, "properties": {"year": 2024, "valeur_fonciere": 120000.0, "type_local": "Maison", "surface_reelle_bati": 68.0, "nombre_pieces_principales": 4.0, "adresse_nom_voie": "RUE DE CLAYE", "price_per_sqm": 1764.7058823529412, "date_iso": "2024-09-12", "parcelle": "77291000AK0729", "addr_num": "16"}}, {"type": "Feature", "geometry": {"type": "Point", "coordinates": [2.590533, 49.018273]}, "properties": {"year": 2024, "valeur_fonciere": 17000.0, "type_local": "Dépendance", "surface_reelle_bati": null, "nombre_pieces_principales": 0.0, "adresse_nom_voie": "RUE DE CLAYE", "price_per_sqm": null, "date_iso": "2024-11-04", "parcelle": "77291000AK0647", "addr_num": "15"}}, {"type": "Feature", "geometry": {"type": "Point", "coordinates": [2.610501, 49.02232]}, "properties": {"year": 2024, "valeur_fonciere": 50840.0, "type_local": null, "surface_reelle_bati": null, "nombre_pieces_principales": null, "adresse_nom_voie": "LE GOUBRON", "price_per_sqm": null, "date_iso": "2024-11-13", "parcelle": "77291000AC0059", "addr_num": ""}}, {"type": "Feature", "geometry": {"type": "Point", "coordinates": [2.60728, 49.028821]}, "properties": {"year": 2024, "valeur_fonciere": 210320.0, "type_local": null, "surface_reelle_bati": null, "nombre_pieces_principales": null, "adresse_nom_voie": "L ECLANCHE", "price_per_sqm": null, "date_iso": "2024-11-19", "parcelle": "77291000AB0205", "addr_num": ""}}, {"type": "Feature", "geometry": {"type": "Point", "coordinates": [2.593455, 49.01701]}, "properties": {"year": 2024, "valeur_fonciere": 70000.0, "type_local": "Maison", "surface_reelle_bati": 35.0, "nombre_pieces_principales": 3.0, "adresse_nom_voie": "RUE DU BOSNIER", "price_per_sqm": 2000.0, "date_iso": "2024-11-29", "parcelle": "77291000AL0170", "addr_num": "4"}}, {"type": "Feature", "geometry": {"type": "Point", "coordinates": [2.605973, 49.027754]}, "properties": {"year": 2024, "valeur_fonciere": 298760.0, "type_local": null, "surface_reelle_bati": null, "nombre_pieces_principales": null, "adresse_nom_voie": "L ECLANCHE", "price_per_sqm": null, "date_iso": "2024-12-11", "parcelle": "77291000AB0312", "addr_num": ""}}, {"type": "Feature", "geometry": {"type": "Point", "coordinates": [2.590225, 49.019417]}, "properties": {"year": 2024, "valeur_fonciere": 1000.0, "type_local": null, "surface_reelle_bati": null, "nombre_pieces_principales": null, "adresse_nom_voie": "LA ROSE", "price_per_sqm": null, "date_iso": "2024-12-19", "parcelle": "77291000AK0773", "addr_num": ""}}, {"type": "Feature", "geometry": {"type": "Point", "coordinates": [2.590159, 49.019445]}, "properties": {"year": 2024, "valeur_fonciere": 1000.0, "type_local": null, "surface_reelle_bati": null, "nombre_pieces_principales": null, "adresse_nom_voie": "LA ROSE", "price_per_sqm": null, "date_iso": "2024-12-19", "parcelle": "77291000AK0775", "addr_num": ""}}, {"type": "Feature", "geometry": {"type": "Point", "coordinates": [2.597557, 49.01927]}, "properties": {"year": 2025, "valeur_fonciere": 2900000.0, "type_local": null, "surface_reelle_bati": null, "nombre_pieces_principales": null, "adresse_nom_voie": "RUE DE GUIVRY", "price_per_sqm": null, "date_iso": "2025-01-29", "parcelle": "77291000AH0239", "addr_num": "34"}}, {"type": "Feature", "geometry": {"type": "Point", "coordinates": [2.596663, 49.018915]}, "properties": {"year": 2025, "valeur_fonciere": 2900000.0, "type_local": "Local industriel. commercial ou assimilé", "surface_reelle_bati": 215.0, "nombre_pieces_principales": 0.0, "adresse_nom_voie": "RUE DE GUIVRY", "price_per_sqm": 13488.372093023256, "date_iso": "2025-01-29", "parcelle": "77291000AH0241", "addr_num": "34"}}, {"type": "Feature", "geometry": {"type": "Point", "coordinates": [2.596663, 49.018915]}, "properties": {"year": 2025, "valeur_fonciere": 2900000.0, "type_local": "Local industriel. commercial ou assimilé", "surface_reelle_bati": 3415.0, "nombre_pieces_principales": 0.0, "adresse_nom_voie": "RUE DE GUIVRY", "price_per_sqm": 849.194729136164, "date_iso": "2025-01-29", "parcelle": "77291000AH0241", "addr_num": "34"}}, {"type": "Feature", "geometry": {"type": "Point", "coordinates": [2.59679, 49.018088]}, "properties": {"year": 2025, "valeur_fonciere": 2900000.0, "type_local": null, "surface_reelle_bati": null, "nombre_pieces_principales": null, "adresse_nom_voie": "GUIVRY", "price_per_sqm": null, "date_iso": "2025-01-29", "parcelle": "77291000AL0118", "addr_num": ""}}, {"type": "Feature", "geometry": {"type": "Point", "coordinates": [2.596583, 49.018391]}, "properties": {"year": 2025, "valeur_fonciere": 2900000.0, "type_local": null, "surface_reelle_bati": null, "nombre_pieces_principales": null, "adresse_nom_voie": "RUE DE GUIVRY", "price_per_sqm": null, "date_iso": "2025-01-29", "parcelle": "77291000AL0169", "addr_num": ""}}, {"type": "Feature", "geometry": {"type": "Point", "coordinates": [2.589849, 49.0219]}, "properties": {"year": 2025, "valeur_fonciere": 6000000.0, "type_local": null, "surface_reelle_bati": null, "nombre_pieces_principales": null, "adresse_nom_voie": "LA CROIX CHARON", "price_per_sqm": null, "date_iso": "2025-02-14", "parcelle": "77291000AI0207", "addr_num": ""}}, {"type": "Feature", "geometry": {"type": "Point", "coordinates": [2.588664, 49.020928]}, "properties": {"year": 2025, "valeur_fonciere": 6000000.0, "type_local": null, "surface_reelle_bati": null, "nombre_pieces_principales": null, "adresse_nom_voie": "LA CROIX CHARON", "price_per_sqm": null, "date_iso": "2025-02-14", "parcelle": "77291000AK0525", "addr_num": ""}}, {"type": "Feature", "geometry": {"type": "Point", "coordinates": [2.589405, 49.021282]}, "properties": {"year": 2025, "valeur_fonciere": 6000000.0, "type_local": "Local industriel. commercial ou assimilé", "surface_reelle_bati": 1275.0, "nombre_pieces_principales": 0.0, "adresse_nom_voie": "RUE DE PARIS", "price_per_sqm": 4705.882352941177, "date_iso": "2025-02-14", "parcelle": "77291000AK0703", "addr_num": "18"}}, {"type": "Feature", "geometry": {"type": "Point", "coordinates": [2.589405, 49.021282]}, "properties": {"year": 2025, "valeur_fonciere": 6000000.0, "type_local": "Maison", "surface_reelle_bati": 130.0, "nombre_pieces_principales": 4.0, "adresse_nom_voie": "RUE DE PARIS", "price_per_sqm": 46153.846153846156, "date_iso": "2025-02-14", "parcelle": "77291000AK0703", "addr_num": "18"}}, {"type": "Feature", "geometry": {"type": "Point", "coordinates": [2.589405, 49.021282]}, "properties": {"year": 2025, "valeur_fonciere": 6000000.0, "type_local": "Local industriel. commercial ou assimilé", "surface_reelle_bati": 1275.0, "nombre_pieces_principales": 0.0, "adresse_nom_voie": "RUE DE PARIS", "price_per_sqm": 4705.882352941177, "date_iso": "2025-02-14", "parcelle": "77291000AK0703", "addr_num": "18"}}, {"type": "Feature", "geometry": {"type": "Point", "coordinates": [2.589405, 49.021282]}, "properties": {"year": 2025, "valeur_fonciere": 6000000.0, "type_local": "Maison", "surface_reelle_bati": 130.0, "nombre_pieces_principales": 4.0, "adresse_nom_voie": "RUE DE PARIS", "price_per_sqm": 46153.846153846156, "date_iso": "2025-02-14", "parcelle": "77291000AK0703", "addr_num": "18"}}, {"type": "Feature", "geometry": {"type": "Point", "coordinates": [2.589405, 49.021282]}, "properties": {"year": 2025, "valeur_fonciere": 6000000.0, "type_local": "Local industriel. commercial ou assimilé", "surface_reelle_bati": 1275.0, "nombre_pieces_principales": 0.0, "adresse_nom_voie": "RUE DE PARIS", "price_per_sqm": 4705.882352941177, "date_iso": "2025-02-14", "parcelle": "77291000AK0703", "addr_num": "18"}}, {"type": "Feature", "geometry": {"type": "Point", "coordinates": [2.589405, 49.021282]}, "properties": {"year": 2025, "valeur_fonciere": 6000000.0, "type_local": "Maison", "surface_reelle_bati": 130.0, "nombre_pieces_principales": 4.0, "adresse_nom_voie": "RUE DE PARIS", "price_per_sqm": 46153.846153846156, "date_iso": "2025-02-14", "parcelle": "77291000AK0703", "addr_num": "18"}}, {"type": "Feature", "geometry": {"type": "Point", "coordinates": [2.606064, 49.027244]}, "properties": {"year": 2025, "valeur_fonciere": 221600.0, "type_local": null, "surface_reelle_bati": null, "nombre_pieces_principales": null, "adresse_nom_voie": "L ECLANCHE", "price_per_sqm": null, "date_iso": "2025-03-26", "parcelle": "77291000AB0234", "addr_num": ""}}, {"type": "Feature", "geometry": {"type": "Point", "coordinates": [2.606997, 49.02655]}, "properties": {"year": 2025, "valeur_fonciere": 221600.0, "type_local": null, "surface_reelle_bati": null, "nombre_pieces_principales": null, "adresse_nom_voie": "LAVANDIERE", "price_per_sqm": null, "date_iso": "2025-03-26", "parcelle": "77291000AB0281", "addr_num": ""}}, {"type": "Feature", "geometry": {"type": "Point", "coordinates": [2.596295, 49.017664]}, "properties": {"year": 2025, "valeur_fonciere": 335000.0, "type_local": "Maison", "surface_reelle_bati": 92.0, "nombre_pieces_principales": 5.0, "adresse_nom_voie": "SEN DES PRES", "price_per_sqm": 3641.304347826087, "date_iso": "2025-04-07", "parcelle": "77291000AL0347", "addr_num": "5"}}, {"type": "Feature", "geometry": {"type": "Point", "coordinates": [2.596295, 49.017664]}, "properties": {"year": 2025, "valeur_fonciere": 335000.0, "type_local": "Maison", "surface_reelle_bati": 92.0, "nombre_pieces_principales": 5.0, "adresse_nom_voie": "SEN DES PRES", "price_per_sqm": 3641.304347826087, "date_iso": "2025-04-07", "parcelle": "77291000AL0347", "addr_num": "5"}}, {"type": "Feature", "geometry": {"type": "Point", "coordinates": [2.601336, 49.018375]}, "properties": {"year": 2025, "valeur_fonciere": 3686526.0, "type_local": null, "surface_reelle_bati": null, "nombre_pieces_principales": null, "adresse_nom_voie": "LES GRANDS PRES", "price_per_sqm": null, "date_iso": "2025-04-09", "parcelle": "77291000AH0146", "addr_num": ""}}, {"type": "Feature", "geometry": {"type": "Point", "coordinates": [2.601383, 49.018434]}, "properties": {"year": 2025, "valeur_fonciere": 3686526.0, "type_local": null, "surface_reelle_bati": null, "nombre_pieces_principales": null, "adresse_nom_voie": "LES GRANDS PRES", "price_per_sqm": null, "date_iso": "2025-04-09", "parcelle": "77291000AH0147", "addr_num": ""}}, {"type": "Feature", "geometry": {"type": "Point", "coordinates": [2.601428, 49.018491]}, "properties": {"year": 2025, "valeur_fonciere": 3686526.0, "type_local": null, "surface_reelle_bati": null, "nombre_pieces_principales": null, "adresse_nom_voie": "LES GRANDS PRES", "price_per_sqm": null, "date_iso": "2025-04-09", "parcelle": "77291000AH0148", "addr_num": ""}}, {"type": "Feature", "geometry": {"type": "Point", "coordinates": [2.601627, 49.018639]}, "properties": {"year": 2025, "valeur_fonciere": 3686526.0, "type_local": null, "surface_reelle_bati": null, "nombre_pieces_principales": null, "adresse_nom_voie": "LES GRANDS PRES", "price_per_sqm": null, "date_iso": "2025-04-09", "parcelle": "77291000AH0149", "addr_num": ""}}, {"type": "Feature", "geometry": {"type": "Point", "coordinates": [2.601291, 49.018319]}, "properties": {"year": 2025, "valeur_fonciere": 3686526.0, "type_local": null, "surface_reelle_bati": null, "nombre_pieces_principales": null, "adresse_nom_voie": "LES GRANDS PRES", "price_per_sqm": null, "date_iso": "2025-04-09", "parcelle": "77291000AH0173", "addr_num": ""}}, {"type": "Feature", "geometry": {"type": "Point", "coordinates": [2.601284, 49.018904]}, "properties": {"year": 2025, "valeur_fonciere": 3686526.0, "type_local": null, "surface_reelle_bati": null, "nombre_pieces_principales": null, "adresse_nom_voie": "LA PIECE DU GUE", "price_per_sqm": null, "date_iso": "2025-04-09", "parcelle": "77291000AH0284", "addr_num": ""}}, {"type": "Feature", "geometry": {"type": "Point", "coordinates": [2.601503, 49.018835]}, "properties": {"year": 2025, "valeur_fonciere": 3686526.0, "type_local": null, "surface_reelle_bati": null, "nombre_pieces_principales": null, "adresse_nom_voie": "LA PIECE DU GUE", "price_per_sqm": null, "date_iso": "2025-04-09", "parcelle": "77291000AH0286", "addr_num": ""}}, {"type": "Feature", "geometry": {"type": "Point", "coordinates": [2.601779, 49.018748]}, "properties": {"year": 2025, "valeur_fonciere": 3686526.0, "type_local": null, "surface_reelle_bati": null, "nombre_pieces_principales": null, "adresse_nom_voie": "LA PIECE DU GUE", "price_per_sqm": null, "date_iso": "2025-04-09", "parcelle": "77291000AH0288", "addr_num": ""}}, {"type": "Feature", "geometry": {"type": "Point", "coordinates": [2.60212, 49.018639]}, "properties": {"year": 2025, "valeur_fonciere": 3686526.0, "type_local": null, "surface_reelle_bati": null, "nombre_pieces_principales": null, "adresse_nom_voie": "LA PIECE DU GUE", "price_per_sqm": null, "date_iso": "2025-04-09", "parcelle": "77291000AH0290", "addr_num": ""}}, {"type": "Feature", "geometry": {"type": "Point", "coordinates": [2.602335, 49.018559]}, "properties": {"year": 2025, "valeur_fonciere": 3686526.0, "type_local": null, "surface_reelle_bati": null, "nombre_pieces_principales": null, "adresse_nom_voie": "LA PIECE DU GUE", "price_per_sqm": null, "date_iso": "2025-04-09", "parcelle": "77291000AH0292", "addr_num": ""}}, {"type": "Feature", "geometry": {"type": "Point", "coordinates": [2.602815, 49.018419]}, "properties": {"year": 2025, "valeur_fonciere": 3686526.0, "type_local": null, "surface_reelle_bati": null, "nombre_pieces_principales": null, "adresse_nom_voie": "LA PIECE DU GUE", "price_per_sqm": null, "date_iso": "2025-04-09", "parcelle": "77291000AH0294", "addr_num": ""}}, {"type": "Feature", "geometry": {"type": "Point", "coordinates": [2.60409, 49.018074]}, "properties": {"year": 2025, "valeur_fonciere": 3686526.0, "type_local": null, "surface_reelle_bati": null, "nombre_pieces_principales": null, "adresse_nom_voie": "LE HAUT DE LA GRANDEBORNE", "price_per_sqm": null, "date_iso": "2025-04-09", "parcelle": "77291000AH0296", "addr_num": ""}}, {"type": "Feature", "geometry": {"type": "Point", "coordinates": [2.603789, 49.017767]}, "properties": {"year": 2025, "valeur_fonciere": 3686526.0, "type_local": null, "surface_reelle_bati": null, "nombre_pieces_principales": null, "adresse_nom_voie": "LE HAUT DE LA GRANDEBORNE", "price_per_sqm": null, "date_iso": "2025-04-09", "parcelle": "77291000AH0298", "addr_num": ""}}, {"type": "Feature", "geometry": {"type": "Point", "coordinates": [2.602579, 49.018181]}, "properties": {"year": 2025, "valeur_fonciere": 3686526.0, "type_local": null, "surface_reelle_bati": null, "nombre_pieces_principales": null, "adresse_nom_voie": "LES GRANDS PRES", "price_per_sqm": null, "date_iso": "2025-04-09", "parcelle": "77291000AH0300", "addr_num": ""}}, {"type": "Feature", "geometry": {"type": "Point", "coordinates": [2.606167, 49.017255]}, "properties": {"year": 2025, "valeur_fonciere": 53843.0, "type_local": null, "surface_reelle_bati": null, "nombre_pieces_principales": null, "adresse_nom_voie": "LE HAUT DE LA GRANDEBORNE", "price_per_sqm": null, "date_iso": "2025-05-13", "parcelle": "77291000AH0062", "addr_num": ""}}, {"type": "Feature", "geometry": {"type": "Point", "coordinates": [2.592213, 49.018502]}, "properties": {"year": 2025, "valeur_fonciere": 135000.0, "type_local": "Local industriel. commercial ou assimilé", "surface_reelle_bati": 135.0, "nombre_pieces_principales": 0.0, "adresse_nom_voie": "RUE DE BROUET", "price_per_sqm": 1000.0, "date_iso": "2025-09-18", "parcelle": "77291000AK0103", "addr_num": "2"}}, {"type": "Feature", "geometry": {"type": "Point", "coordinates": [2.604535, 49.021873]}, "properties": {"year": 2025, "valeur_fonciere": 11143864.8, "type_local": null, "surface_reelle_bati": null, "nombre_pieces_principales": null, "adresse_nom_voie": "LA CHAPELLE DE GUIVRY", "price_per_sqm": null, "date_iso": "2025-10-16", "parcelle": "77291000AC0006", "addr_num": ""}}, {"type": "Feature", "geometry": {"type": "Point", "coordinates": [2.602764, 49.021739]}, "properties": {"year": 2025, "valeur_fonciere": 11143864.8, "type_local": null, "surface_reelle_bati": null, "nombre_pieces_principales": null, "adresse_nom_voie": "LA CHAPELLE DE GUIVRY", "price_per_sqm": null, "date_iso": "2025-10-16", "parcelle": "77291000AC0143", "addr_num": ""}}, {"type": "Feature", "geometry": {"type": "Point", "coordinates": [2.604105, 49.021368]}, "properties": {"year": 2025, "valeur_fonciere": 11143864.8, "type_local": null, "surface_reelle_bati": null, "nombre_pieces_principales": null, "adresse_nom_voie": "LA CHAPELLE DE GUIVRY", "price_per_sqm": null, "date_iso": "2025-10-16", "parcelle": "77291000AC0145", "addr_num": ""}}, {"type": "Feature", "geometry": {"type": "Point", "coordinates": [2.60506, 49.021604]}, "properties": {"year": 2025, "valeur_fonciere": 11143864.8, "type_local": null, "surface_reelle_bati": null, "nombre_pieces_principales": null, "adresse_nom_voie": "LE BOULAY", "price_per_sqm": null, "date_iso": "2025-10-16", "parcelle": "77291000AC0157", "addr_num": ""}}, {"type": "Feature", "geometry": {"type": "Point", "coordinates": [2.602928, 49.022883]}, "properties": {"year": 2025, "valeur_fonciere": 11143864.8, "type_local": null, "surface_reelle_bati": null, "nombre_pieces_principales": null, "adresse_nom_voie": "LA CHAPELLE DE GUIVRY", "price_per_sqm": null, "date_iso": "2025-10-16", "parcelle": "77291000AC0163", "addr_num": ""}}, {"type": "Feature", "geometry": {"type": "Point", "coordinates": [2.610087, 49.022016]}, "properties": {"year": 2025, "valeur_fonciere": 9574176.0, "type_local": null, "surface_reelle_bati": null, "nombre_pieces_principales": null, "adresse_nom_voie": "LE GOUBRON", "price_per_sqm": null, "date_iso": "2025-10-16", "parcelle": "77291000AC0054", "addr_num": ""}}, {"type": "Feature", "geometry": {"type": "Point", "coordinates": [2.610501, 49.02232]}, "properties": {"year": 2025, "valeur_fonciere": 9574176.0, "type_local": null, "surface_reelle_bati": null, "nombre_pieces_principales": null, "adresse_nom_voie": "LE GOUBRON", "price_per_sqm": null, "date_iso": "2025-10-16", "parcelle": "77291000AC0059", "addr_num": ""}}, {"type": "Feature", "geometry": {"type": "Point", "coordinates": [2.60847, 49.022615]}, "properties": {"year": 2025, "valeur_fonciere": 9574176.0, "type_local": null, "surface_reelle_bati": null, "nombre_pieces_principales": null, "adresse_nom_voie": "LE BOULAY", "price_per_sqm": null, "date_iso": "2025-10-16", "parcelle": "77291000AC0147", "addr_num": ""}}, {"type": "Feature", "geometry": {"type": "Point", "coordinates": [2.609458, 49.022894]}, "properties": {"year": 2025, "valeur_fonciere": 9574176.0, "type_local": null, "surface_reelle_bati": null, "nombre_pieces_principales": null, "adresse_nom_voie": "LE BOULAY", "price_per_sqm": null, "date_iso": "2025-10-16", "parcelle": "77291000AC0150", "addr_num": ""}}, {"type": "Feature", "geometry": {"type": "Point", "coordinates": [2.609634, 49.022739]}, "properties": {"year": 2025, "valeur_fonciere": 9574176.0, "type_local": null, "surface_reelle_bati": null, "nombre_pieces_principales": null, "adresse_nom_voie": "LE BOULAY", "price_per_sqm": null, "date_iso": "2025-10-16", "parcelle": "77291000AC0151", "addr_num": ""}}, {"type": "Feature", "geometry": {"type": "Point", "coordinates": [2.609951, 49.02265]}, "properties": {"year": 2025, "valeur_fonciere": 9574176.0, "type_local": null, "surface_reelle_bati": null, "nombre_pieces_principales": null, "adresse_nom_voie": "LE BOULAY", "price_per_sqm": null, "date_iso": "2025-10-16", "parcelle": "77291000AC0153", "addr_num": ""}}, {"type": "Feature", "geometry": {"type": "Point", "coordinates": [2.609243, 49.022455]}, "properties": {"year": 2025, "valeur_fonciere": 9574176.0, "type_local": null, "surface_reelle_bati": null, "nombre_pieces_principales": null, "adresse_nom_voie": "LE BOULAY", "price_per_sqm": null, "date_iso": "2025-10-16", "parcelle": "77291000AC0155", "addr_num": ""}}, {"type": "Feature", "geometry": {"type": "Point", "coordinates": [2.60768, 49.021379]}, "properties": {"year": 2025, "valeur_fonciere": 9574176.0, "type_local": null, "surface_reelle_bati": null, "nombre_pieces_principales": null, "adresse_nom_voie": "LE BOULAY", "price_per_sqm": null, "date_iso": "2025-10-16", "parcelle": "77291000AC0159", "addr_num": ""}}, {"type": "Feature", "geometry": {"type": "Point", "coordinates": [2.610046, 49.022388]}, "properties": {"year": 2025, "valeur_fonciere": 9574176.0, "type_local": null, "surface_reelle_bati": null, "nombre_pieces_principales": null, "adresse_nom_voie": "LE BOULAY", "price_per_sqm": null, "date_iso": "2025-10-16", "parcelle": "77291000AC0161", "addr_num": ""}}, {"type": "Feature", "geometry": {"type": "Point", "coordinates": [2.610743, 49.021634]}, "properties": {"year": 2025, "valeur_fonciere": 9574176.0, "type_local": null, "surface_reelle_bati": null, "nombre_pieces_principales": null, "adresse_nom_voie": "LE GOUBRON", "price_per_sqm": null, "date_iso": "2025-10-16", "parcelle": "77291000AC0165", "addr_num": ""}}, {"type": "Feature", "geometry": {"type": "Point", "coordinates": [2.611006, 49.022]}, "properties": {"year": 2025, "valeur_fonciere": 9574176.0, "type_local": null, "surface_reelle_bati": null, "nombre_pieces_principales": null, "adresse_nom_voie": "LE GOUBRON", "price_per_sqm": null, "date_iso": "2025-10-16", "parcelle": "77291000AC0167", "addr_num": ""}}, {"type": "Feature", "geometry": {"type": "Point", "coordinates": [2.608997, 49.020995]}, "properties": {"year": 2025, "valeur_fonciere": 9574176.0, "type_local": null, "surface_reelle_bati": null, "nombre_pieces_principales": null, "adresse_nom_voie": "LE BOULAY", "price_per_sqm": null, "date_iso": "2025-10-16", "parcelle": "77291000AC0169", "addr_num": ""}}, {"type": "Feature", "geometry": {"type": "Point", "coordinates": [2.610843, 49.021894]}, "properties": {"year": 2025, "valeur_fonciere": 9574176.0, "type_local": null, "surface_reelle_bati": null, "nombre_pieces_principales": null, "adresse_nom_voie": "LE GOUBRON", "price_per_sqm": null, "date_iso": "2025-10-16", "parcelle": "77291000AC0171", "addr_num": ""}}, {"type": "Feature", "geometry": {"type": "Point", "coordinates": [2.611079, 49.02216]}, "properties": {"year": 2025, "valeur_fonciere": 9574176.0, "type_local": null, "surface_reelle_bati": null, "nombre_pieces_principales": null, "adresse_nom_voie": "LE GOUBRON", "price_per_sqm": null, "date_iso": "2025-10-16", "parcelle": "77291000AC0173", "addr_num": ""}}, {"type": "Feature", "geometry": {"type": "Point", "coordinates": [2.610545, 49.022608]}, "properties": {"year": 2025, "valeur_fonciere": 9574176.0, "type_local": null, "surface_reelle_bati": null, "nombre_pieces_principales": null, "adresse_nom_voie": "LE GOUBRON", "price_per_sqm": null, "date_iso": "2025-10-16", "parcelle": "77291000AC0175", "addr_num": ""}}, {"type": "Feature", "geometry": {"type": "Point", "coordinates": [2.611056, 49.022377]}, "properties": {"year": 2025, "valeur_fonciere": 9574176.0, "type_local": null, "surface_reelle_bati": null, "nombre_pieces_principales": null, "adresse_nom_voie": "LE GOUBRON", "price_per_sqm": null, "date_iso": "2025-10-16", "parcelle": "77291000AC0177", "addr_num": ""}}, {"type": "Feature", "geometry": {"type": "Point", "coordinates": [2.593466, 49.017651]}, "properties": {"year": 2025, "valeur_fonciere": 240000.0, "type_local": "Dépendance", "surface_reelle_bati": null, "nombre_pieces_principales": 0.0, "adresse_nom_voie": "RUE DE CLAYE", "price_per_sqm": null, "date_iso": "2025-10-28", "parcelle": "77291000AK0144", "addr_num": "51"}}, {"type": "Feature", "geometry": {"type": "Point", "coordinates": [2.593466, 49.017651]}, "properties": {"year": 2025, "valeur_fonciere": 240000.0, "type_local": "Maison", "surface_reelle_bati": 60.0, "nombre_pieces_principales": 3.0, "adresse_nom_voie": "RUE DE CLAYE", "price_per_sqm": 4000.0, "date_iso": "2025-10-28", "parcelle": "77291000AK0144", "addr_num": "51"}}, {"type": "Feature", "geometry": {"type": "Point", "coordinates": [2.594639, 49.017253]}, "properties": {"year": 2025, "valeur_fonciere": 198000.0, "type_local": "Dépendance", "surface_reelle_bati": null, "nombre_pieces_principales": 0.0, "adresse_nom_voie": "RUE DE CLAYE", "price_per_sqm": null, "date_iso": "2025-11-05", "parcelle": "77291000AL0048", "addr_num": "55"}}, {"type": "Feature", "geometry": {"type": "Point", "coordinates": [2.594639, 49.017253]}, "properties": {"year": 2025, "valeur_fonciere": 198000.0, "type_local": "Maison", "surface_reelle_bati": 40.0, "nombre_pieces_principales": 3.0, "adresse_nom_voie": "RUE DE CLAYE", "price_per_sqm": 4950.0, "date_iso": "2025-11-05", "parcelle": "77291000AL0048", "addr_num": "55"}}, {"type": "Feature", "geometry": {"type": "Point", "coordinates": [2.597226, 49.017229]}, "properties": {"year": 2025, "valeur_fonciere": 5917.1, "type_local": null, "surface_reelle_bati": null, "nombre_pieces_principales": null, "adresse_nom_voie": "LES GRANDS PRES", "price_per_sqm": null, "date_iso": "2025-12-02", "parcelle": "77291000AH0132", "addr_num": ""}}, {"type": "Feature", "geometry": {"type": "Point", "coordinates": [2.591863, 49.017348]}, "properties": {"year": 2025, "valeur_fonciere": 310000.0, "type_local": "Dépendance", "surface_reelle_bati": null, "nombre_pieces_principales": 0.0, "adresse_nom_voie": "RUE DE CLAYE", "price_per_sqm": null, "date_iso": "2025-12-23", "parcelle": "77291000AK0618", "addr_num": "52"}}, {"type": "Feature", "geometry": {"type": "Point", "coordinates": [2.591863, 49.017348]}, "properties": {"year": 2025, "valeur_fonciere": 310000.0, "type_local": "Maison", "surface_reelle_bati": 136.0, "nombre_pieces_principales": 5.0, "adresse_nom_voie": "RUE DE CLAYE", "price_per_sqm": 2279.4117647058824, "date_iso": "2025-12-23", "parcelle": "77291000AK0618", "addr_num": "52"}}, {"type": "Feature", "geometry": {"type": "Point", "coordinates": [2.591863, 49.017348]}, "properties": {"year": 2025, "valeur_fonciere": 310000.0, "type_local": "Dépendance", "surface_reelle_bati": null, "nombre_pieces_principales": 0.0, "adresse_nom_voie": "RUE DE CLAYE", "price_per_sqm": null, "date_iso": "2025-12-23", "parcelle": "77291000AK0618", "addr_num": "52"}}, {"type": "Feature", "geometry": {"type": "Point", "coordinates": [2.591863, 49.017348]}, "properties": {"year": 2025, "valeur_fonciere": 310000.0, "type_local": "Dépendance", "surface_reelle_bati": null, "nombre_pieces_principales": 0.0, "adresse_nom_voie": "RUE DE CLAYE", "price_per_sqm": null, "date_iso": "2025-12-23", "parcelle": "77291000AK0618", "addr_num": "52"}}, {"type": "Feature", "geometry": {"type": "Point", "coordinates": [2.595082, 49.020207]}, "properties": {"year": 2025, "valeur_fonciere": 5020899.0, "type_local": "Dépendance", "surface_reelle_bati": null, "nombre_pieces_principales": 0.0, "adresse_nom_voie": "RUE DE GUIVRY", "price_per_sqm": null, "date_iso": "2025-10-15", "parcelle": "77291000AI0193", "addr_num": "29"}}, {"type": "Feature", "geometry": {"type": "Point", "coordinates": [2.595082, 49.020207]}, "properties": {"year": 2025, "valeur_fonciere": 5020899.0, "type_local": "Appartement", "surface_reelle_bati": 29.0, "nombre_pieces_principales": 1.0, "adresse_nom_voie": "RUE DE GUIVRY", "price_per_sqm": 173134.44827586206, "date_iso": "2025-10-15", "parcelle": "77291000AI0193", "addr_num": "29"}}, {"type": "Feature", "geometry": {"type": "Point", "coordinates": [2.595082, 49.020207]}, "properties": {"year": 2025, "valeur_fonciere": 5020899.0, "type_local": "Dépendance", "surface_reelle_bati": null, "nombre_pieces_principales": 0.0, "adresse_nom_voie": "RUE DE GUIVRY", "price_per_sqm": null, "date_iso": "2025-10-15", "parcelle": "77291000AI0193", "addr_num": "29"}}, {"type": "Feature", "geometry": {"type": "Point", "coordinates": [2.595082, 49.020207]}, "properties": {"year": 2025, "valeur_fonciere": 5020899.0, "type_local": "Dépendance", "surface_reelle_bati": null, "nombre_pieces_principales": 0.0, "adresse_nom_voie": "RUE DE GUIVRY", "price_per_sqm": null, "date_iso": "2025-10-15", "parcelle": "77291000AI0193", "addr_num": "29"}}, {"type": "Feature", "geometry": {"type": "Point", "coordinates": [2.595082, 49.020207]}, "properties": {"year": 2025, "valeur_fonciere": 5020899.0, "type_local": "Appartement", "surface_reelle_bati": 47.0, "nombre_pieces_principales": 2.0, "adresse_nom_voie": "RUE DE GUIVRY", "price_per_sqm": 106827.63829787234, "date_iso": "2025-10-15", "parcelle": "77291000AI0193", "addr_num": "29"}}, {"type": "Feature", "geometry": {"type": "Point", "coordinates": [2.595082, 49.020207]}, "properties": {"year": 2025, "valeur_fonciere": 5020899.0, "type_local": "Dépendance", "surface_reelle_bati": null, "nombre_pieces_principales": 0.0, "adresse_nom_voie": "RUE DE GUIVRY", "price_per_sqm": null, "date_iso": "2025-10-15", "parcelle": "77291000AI0193", "addr_num": "29"}}, {"type": "Feature", "geometry": {"type": "Point", "coordinates": [2.595082, 49.020207]}, "properties": {"year": 2025, "valeur_fonciere": 5020899.0, "type_local": "Dépendance", "surface_reelle_bati": null, "nombre_pieces_principales": 0.0, "adresse_nom_voie": "RUE DE GUIVRY", "price_per_sqm": null, "date_iso": "2025-10-15", "parcelle": "77291000AI0193", "addr_num": "29"}}, {"type": "Feature", "geometry": {"type": "Point", "coordinates": [2.595082, 49.020207]}, "properties": {"year": 2025, "valeur_fonciere": 5020899.0, "type_local": "Appartement", "surface_reelle_bati": 47.0, "nombre_pieces_principales": 2.0, "adresse_nom_voie": "RUE DE GUIVRY", "price_per_sqm": 106827.63829787234, "date_iso": "2025-10-15", "parcelle": "77291000AI0193", "addr_num": "29"}}, {"type": "Feature", "geometry": {"type": "Point", "coordinates": [2.595082, 49.020207]}, "properties": {"year": 2025, "valeur_fonciere": 5020899.0, "type_local": "Dépendance", "surface_reelle_bati": null, "nombre_pieces_principales": 0.0, "adresse_nom_voie": "RUE DE GUIVRY", "price_per_sqm": null, "date_iso": "2025-10-15", "parcelle": "77291000AI0193", "addr_num": "29"}}, {"type": "Feature", "geometry": {"type": "Point", "coordinates": [2.595082, 49.020207]}, "properties": {"year": 2025, "valeur_fonciere": 5020899.0, "type_local": "Appartement", "surface_reelle_bati": 51.0, "nombre_pieces_principales": 2.0, "adresse_nom_voie": "RUE DE GUIVRY", "price_per_sqm": 98449.0, "date_iso": "2025-10-15", "parcelle": "77291000AI0193", "addr_num": "29"}}, {"type": "Feature", "geometry": {"type": "Point", "coordinates": [2.595082, 49.020207]}, "properties": {"year": 2025, "valeur_fonciere": 5020899.0, "type_local": "Dépendance", "surface_reelle_bati": null, "nombre_pieces_principales": 0.0, "adresse_nom_voie": "RUE DE GUIVRY", "price_per_sqm": null, "date_iso": "2025-10-15", "parcelle": "77291000AI0193", "addr_num": "29"}}, {"type": "Feature", "geometry": {"type": "Point", "coordinates": [2.595082, 49.020207]}, "properties": {"year": 2025, "valeur_fonciere": 5020899.0, "type_local": "Dépendance", "surface_reelle_bati": null, "nombre_pieces_principales": 0.0, "adresse_nom_voie": "RUE DE GUIVRY", "price_per_sqm": null, "date_iso": "2025-10-15", "parcelle": "77291000AI0193", "addr_num": "29"}}, {"type": "Feature", "geometry": {"type": "Point", "coordinates": [2.595082, 49.020207]}, "properties": {"year": 2025, "valeur_fonciere": 5020899.0, "type_local": "Dépendance", "surface_reelle_bati": null, "nombre_pieces_principales": 0.0, "adresse_nom_voie": "RUE DE GUIVRY", "price_per_sqm": null, "date_iso": "2025-10-15", "parcelle": "77291000AI0193", "addr_num": "29"}}, {"type": "Feature", "geometry": {"type": "Point", "coordinates": [2.595082, 49.020207]}, "properties": {"year": 2025, "valeur_fonciere": 5020899.0, "type_local": "Dépendance", "surface_reelle_bati": null, "nombre_pieces_principales": 0.0, "adresse_nom_voie": "RUE DE GUIVRY", "price_per_sqm": null, "date_iso": "2025-10-15", "parcelle": "77291000AI0193", "addr_num": "29"}}, {"type": "Feature", "geometry": {"type": "Point", "coordinates": [2.595082, 49.020207]}, "properties": {"year": 2025, "valeur_fonciere": 5020899.0, "type_local": "Dépendance", "surface_reelle_bati": null, "nombre_pieces_principales": 0.0, "adresse_nom_voie": "RUE DE GUIVRY", "price_per_sqm": null, "date_iso": "2025-10-15", "parcelle": "77291000AI0193", "addr_num": "29"}}, {"type": "Feature", "geometry": {"type": "Point", "coordinates": [2.595082, 49.020207]}, "properties": {"year": 2025, "valeur_fonciere": 5020899.0, "type_local": "Dépendance", "surface_reelle_bati": null, "nombre_pieces_principales": 0.0, "adresse_nom_voie": "RUE DE GUIVRY", "price_per_sqm": null, "date_iso": "2025-10-15", "parcelle": "77291000AI0193", "addr_num": "29"}}, {"type": "Feature", "geometry": {"type": "Point", "coordinates": [2.595082, 49.020207]}, "properties": {"year": 2025, "valeur_fonciere": 5020899.0, "type_local": "Dépendance", "surface_reelle_bati": null, "nombre_pieces_principales": 0.0, "adresse_nom_voie": "RUE DE GUIVRY", "price_per_sqm": null, "date_iso": "2025-10-15", "parcelle": "77291000AI0193", "addr_num": "29"}}, {"type": "Feature", "geometry": {"type": "Point", "coordinates": [2.595082, 49.020207]}, "properties": {"year": 2025, "valeur_fonciere": 5020899.0, "type_local": "Dépendance", "surface_reelle_bati": null, "nombre_pieces_principales": 0.0, "adresse_nom_voie": "RUE DE GUIVRY", "price_per_sqm": null, "date_iso": "2025-10-15", "parcelle": "77291000AI0193", "addr_num": "29"}}, {"type": "Feature", "geometry": {"type": "Point", "coordinates": [2.595082, 49.020207]}, "properties": {"year": 2025, "valeur_fonciere": 5020899.0, "type_local": "Dépendance", "surface_reelle_bati": null, "nombre_pieces_principales": 0.0, "adresse_nom_voie": "RUE DE GUIVRY", "price_per_sqm": null, "date_iso": "2025-10-15", "parcelle": "77291000AI0193", "addr_num": "29"}}, {"type": "Feature", "geometry": {"type": "Point", "coordinates": [2.595082, 49.020207]}, "properties": {"year": 2025, "valeur_fonciere": 5020899.0, "type_local": "Dépendance", "surface_reelle_bati": null, "nombre_pieces_principales": 0.0, "adresse_nom_voie": "RUE DE GUIVRY", "price_per_sqm": null, "date_iso": "2025-10-15", "parcelle": "77291000AI0193", "addr_num": "29"}}, {"type": "Feature", "geometry": {"type": "Point", "coordinates": [2.595082, 49.020207]}, "properties": {"year": 2025, "valeur_fonciere": 5020899.0, "type_local": "Dépendance", "surface_reelle_bati": null, "nombre_pieces_principales": 0.0, "adresse_nom_voie": "RUE DE GUIVRY", "price_per_sqm": null, "date_iso": "2025-10-15", "parcelle": "77291000AI0193", "addr_num": "29"}}, {"type": "Feature", "geometry": {"type": "Point", "coordinates": [2.595082, 49.020207]}, "properties": {"year": 2025, "valeur_fonciere": 5020899.0, "type_local": "Dépendance", "surface_reelle_bati": null, "nombre_pieces_principales": 0.0, "adresse_nom_voie": "RUE DE GUIVRY", "price_per_sqm": null, "date_iso": "2025-10-15", "parcelle": "77291000AI0193", "addr_num": "29"}}, {"type": "Feature", "geometry": {"type": "Point", "coordinates": [2.595082, 49.020207]}, "properties": {"year": 2025, "valeur_fonciere": 5020899.0, "type_local": "Dépendance", "surface_reelle_bati": null, "nombre_pieces_principales": 0.0, "adresse_nom_voie": "RUE DE GUIVRY", "price_per_sqm": null, "date_iso": "2025-10-15", "parcelle": "77291000AI0193", "addr_num": "29"}}, {"type": "Feature", "geometry": {"type": "Point", "coordinates": [2.595082, 49.020207]}, "properties": {"year": 2025, "valeur_fonciere": 5020899.0, "type_local": "Dépendance", "surface_reelle_bati": null, "nombre_pieces_principales": 0.0, "adresse_nom_voie": "RUE DE GUIVRY", "price_per_sqm": null, "date_iso": "2025-10-15", "parcelle": "77291000AI0193", "addr_num": "29"}}, {"type": "Feature", "geometry": {"type": "Point", "coordinates": [2.595082, 49.020207]}, "properties": {"year": 2025, "valeur_fonciere": 5020899.0, "type_local": "Dépendance", "surface_reelle_bati": null, "nombre_pieces_principales": 0.0, "adresse_nom_voie": "RUE DE GUIVRY", "price_per_sqm": null, "date_iso": "2025-10-15", "parcelle": "77291000AI0193", "addr_num": "29"}}, {"type": "Feature", "geometry": {"type": "Point", "coordinates": [2.595082, 49.020207]}, "properties": {"year": 2025, "valeur_fonciere": 5020899.0, "type_local": "Dépendance", "surface_reelle_bati": null, "nombre_pieces_principales": 0.0, "adresse_nom_voie": "RUE DE GUIVRY", "price_per_sqm": null, "date_iso": "2025-10-15", "parcelle": "77291000AI0193", "addr_num": "29"}}, {"type": "Feature", "geometry": {"type": "Point", "coordinates": [2.595082, 49.020207]}, "properties": {"year": 2025, "valeur_fonciere": 5020899.0, "type_local": "Appartement", "surface_reelle_bati": 47.0, "nombre_pieces_principales": 2.0, "adresse_nom_voie": "RUE DE GUIVRY", "price_per_sqm": 106827.63829787234, "date_iso": "2025-10-15", "parcelle": "77291000AI0193", "addr_num": "29"}}, {"type": "Feature", "geometry": {"type": "Point", "coordinates": [2.595082, 49.020207]}, "properties": {"year": 2025, "valeur_fonciere": 5020899.0, "type_local": "Dépendance", "surface_reelle_bati": null, "nombre_pieces_principales": 0.0, "adresse_nom_voie": "RUE DE GUIVRY", "price_per_sqm": null, "date_iso": "2025-10-15", "parcelle": "77291000AI0193", "addr_num": "29"}}, {"type": "Feature", "geometry": {"type": "Point", "coordinates": [2.595082, 49.020207]}, "properties": {"year": 2025, "valeur_fonciere": 5020899.0, "type_local": "Dépendance", "surface_reelle_bati": null, "nombre_pieces_principales": 0.0, "adresse_nom_voie": "RUE DE GUIVRY", "price_per_sqm": null, "date_iso": "2025-10-15", "parcelle": "77291000AI0193", "addr_num": "29"}}, {"type": "Feature", "geometry": {"type": "Point", "coordinates": [2.595082, 49.020207]}, "properties": {"year": 2025, "valeur_fonciere": 5020899.0, "type_local": "Dépendance", "surface_reelle_bati": null, "nombre_pieces_principales": 0.0, "adresse_nom_voie": "RUE DE GUIVRY", "price_per_sqm": null, "date_iso": "2025-10-15", "parcelle": "77291000AI0193", "addr_num": "29"}}, {"type": "Feature", "geometry": {"type": "Point", "coordinates": [2.595082, 49.020207]}, "properties": {"year": 2025, "valeur_fonciere": 5020899.0, "type_local": "Dépendance", "surface_reelle_bati": null, "nombre_pieces_principales": 0.0, "adresse_nom_voie": "RUE DE GUIVRY", "price_per_sqm": null, "date_iso": "2025-10-15", "parcelle": "77291000AI0193", "addr_num": "29"}}, {"type": "Feature", "geometry": {"type": "Point", "coordinates": [2.595082, 49.020207]}, "properties": {"year": 2025, "valeur_fonciere": 5020899.0, "type_local": "Appartement", "surface_reelle_bati": 50.0, "nombre_pieces_principales": 2.0, "adresse_nom_voie": "RUE DE GUIVRY", "price_per_sqm": 100417.98, "date_iso": "2025-10-15", "parcelle": "77291000AI0193", "addr_num": "29"}}, {"type": "Feature", "geometry": {"type": "Point", "coordinates": [2.595082, 49.020207]}, "properties": {"year": 2025, "valeur_fonciere": 5020899.0, "type_local": "Dépendance", "surface_reelle_bati": null, "nombre_pieces_principales": 0.0, "adresse_nom_voie": "RUE DE GUIVRY", "price_per_sqm": null, "date_iso": "2025-10-15", "parcelle": "77291000AI0193", "addr_num": "29"}}, {"type": "Feature", "geometry": {"type": "Point", "coordinates": [2.595082, 49.020207]}, "properties": {"year": 2025, "valeur_fonciere": 5020899.0, "type_local": "Dépendance", "surface_reelle_bati": null, "nombre_pieces_principales": 0.0, "adresse_nom_voie": "RUE DE GUIVRY", "price_per_sqm": null, "date_iso": "2025-10-15", "parcelle": "77291000AI0193", "addr_num": "29"}}, {"type": "Feature", "geometry": {"type": "Point", "coordinates": [2.595082, 49.020207]}, "properties": {"year": 2025, "valeur_fonciere": 5020899.0, "type_local": "Appartement", "surface_reelle_bati": 48.0, "nombre_pieces_principales": 2.0, "adresse_nom_voie": "RUE DE GUIVRY", "price_per_sqm": 104602.0625, "date_iso": "2025-10-15", "parcelle": "77291000AI0193", "addr_num": "29"}}, {"type": "Feature", "geometry": {"type": "Point", "coordinates": [2.595082, 49.020207]}, "properties": {"year": 2025, "valeur_fonciere": 5020899.0, "type_local": "Appartement", "surface_reelle_bati": 48.0, "nombre_pieces_principales": 2.0, "adresse_nom_voie": "RUE DE GUIVRY", "price_per_sqm": 104602.0625, "date_iso": "2025-10-15", "parcelle": "77291000AI0193", "addr_num": "29"}}, {"type": "Feature", "geometry": {"type": "Point", "coordinates": [2.595082, 49.020207]}, "properties": {"year": 2025, "valeur_fonciere": 5020899.0, "type_local": "Dépendance", "surface_reelle_bati": null, "nombre_pieces_principales": 0.0, "adresse_nom_voie": "RUE DE GUIVRY", "price_per_sqm": null, "date_iso": "2025-10-15", "parcelle": "77291000AI0193", "addr_num": "29"}}, {"type": "Feature", "geometry": {"type": "Point", "coordinates": [2.595082, 49.020207]}, "properties": {"year": 2025, "valeur_fonciere": 5020899.0, "type_local": "Appartement", "surface_reelle_bati": 78.0, "nombre_pieces_principales": 4.0, "adresse_nom_voie": "RUE DE GUIVRY", "price_per_sqm": 64370.5, "date_iso": "2025-10-15", "parcelle": "77291000AI0193", "addr_num": "29"}}, {"type": "Feature", "geometry": {"type": "Point", "coordinates": [2.595082, 49.020207]}, "properties": {"year": 2025, "valeur_fonciere": 5020899.0, "type_local": "Dépendance", "surface_reelle_bati": null, "nombre_pieces_principales": 0.0, "adresse_nom_voie": "RUE DE GUIVRY", "price_per_sqm": null, "date_iso": "2025-10-15", "parcelle": "77291000AI0193", "addr_num": "29"}}, {"type": "Feature", "geometry": {"type": "Point", "coordinates": [2.595082, 49.020207]}, "properties": {"year": 2025, "valeur_fonciere": 5020899.0, "type_local": "Dépendance", "surface_reelle_bati": null, "nombre_pieces_principales": 0.0, "adresse_nom_voie": "RUE DE GUIVRY", "price_per_sqm": null, "date_iso": "2025-10-15", "parcelle": "77291000AI0193", "addr_num": "29"}}, {"type": "Feature", "geometry": {"type": "Point", "coordinates": [2.595082, 49.020207]}, "properties": {"year": 2025, "valeur_fonciere": 5020899.0, "type_local": "Appartement", "surface_reelle_bati": 64.0, "nombre_pieces_principales": 3.0, "adresse_nom_voie": "RUE DE GUIVRY", "price_per_sqm": 78451.546875, "date_iso": "2025-10-15", "parcelle": "77291000AI0193", "addr_num": "29"}}, {"type": "Feature", "geometry": {"type": "Point", "coordinates": [2.595082, 49.020207]}, "properties": {"year": 2025, "valeur_fonciere": 5020899.0, "type_local": "Dépendance", "surface_reelle_bati": null, "nombre_pieces_principales": 0.0, "adresse_nom_voie": "RUE DE GUIVRY", "price_per_sqm": null, "date_iso": "2025-10-15", "parcelle": "77291000AI0193", "addr_num": "29"}}, {"type": "Feature", "geometry": {"type": "Point", "coordinates": [2.595082, 49.020207]}, "properties": {"year": 2025, "valeur_fonciere": 5020899.0, "type_local": "Appartement", "surface_reelle_bati": 64.0, "nombre_pieces_principales": 3.0, "adresse_nom_voie": "RUE DE GUIVRY", "price_per_sqm": 78451.546875, "date_iso": "2025-10-15", "parcelle": "77291000AI0193", "addr_num": "29"}}, {"type": "Feature", "geometry": {"type": "Point", "coordinates": [2.595082, 49.020207]}, "properties": {"year": 2025, "valeur_fonciere": 5020899.0, "type_local": "Dépendance", "surface_reelle_bati": null, "nombre_pieces_principales": 0.0, "adresse_nom_voie": "RUE DE GUIVRY", "price_per_sqm": null, "date_iso": "2025-10-15", "parcelle": "77291000AI0193", "addr_num": "29"}}, {"type": "Feature", "geometry": {"type": "Point", "coordinates": [2.595082, 49.020207]}, "properties": {"year": 2025, "valeur_fonciere": 5020899.0, "type_local": "Appartement", "surface_reelle_bati": 52.0, "nombre_pieces_principales": 2.0, "adresse_nom_voie": "RUE DE GUIVRY", "price_per_sqm": 96555.75, "date_iso": "2025-10-15", "parcelle": "77291000AI0193", "addr_num": "29"}}, {"type": "Feature", "geometry": {"type": "Point", "coordinates": [2.595082, 49.020207]}, "properties": {"year": 2025, "valeur_fonciere": 5020899.0, "type_local": "Dépendance", "surface_reelle_bati": null, "nombre_pieces_principales": 0.0, "adresse_nom_voie": "RUE DE GUIVRY", "price_per_sqm": null, "date_iso": "2025-10-15", "parcelle": "77291000AI0193", "addr_num": "29"}}, {"type": "Feature", "geometry": {"type": "Point", "coordinates": [2.595082, 49.020207]}, "properties": {"year": 2025, "valeur_fonciere": 5020899.0, "type_local": "Appartement", "surface_reelle_bati": 64.0, "nombre_pieces_principales": 3.0, "adresse_nom_voie": "RUE DE GUIVRY", "price_per_sqm": 78451.546875, "date_iso": "2025-10-15", "parcelle": "77291000AI0193", "addr_num": "29"}}, {"type": "Feature", "geometry": {"type": "Point", "coordinates": [2.595082, 49.020207]}, "properties": {"year": 2025, "valeur_fonciere": 5020899.0, "type_local": "Dépendance", "surface_reelle_bati": null, "nombre_pieces_principales": 0.0, "adresse_nom_voie": "RUE DE GUIVRY", "price_per_sqm": null, "date_iso": "2025-10-15", "parcelle": "77291000AI0193", "addr_num": "29"}}, {"type": "Feature", "geometry": {"type": "Point", "coordinates": [2.595082, 49.020207]}, "properties": {"year": 2025, "valeur_fonciere": 5020899.0, "type_local": "Dépendance", "surface_reelle_bati": null, "nombre_pieces_principales": 0.0, "adresse_nom_voie": "RUE DE GUIVRY", "price_per_sqm": null, "date_iso": "2025-10-15", "parcelle": "77291000AI0193", "addr_num": "29"}}, {"type": "Feature", "geometry": {"type": "Point", "coordinates": [2.595082, 49.020207]}, "properties": {"year": 2025, "valeur_fonciere": 5020899.0, "type_local": "Dépendance", "surface_reelle_bati": null, "nombre_pieces_principales": 0.0, "adresse_nom_voie": "RUE DE GUIVRY", "price_per_sqm": null, "date_iso": "2025-10-15", "parcelle": "77291000AI0193", "addr_num": "29"}}, {"type": "Feature", "geometry": {"type": "Point", "coordinates": [2.595082, 49.020207]}, "properties": {"year": 2025, "valeur_fonciere": 5020899.0, "type_local": "Appartement", "surface_reelle_bati": 64.0, "nombre_pieces_principales": 3.0, "adresse_nom_voie": "RUE DE GUIVRY", "price_per_sqm": 78451.546875, "date_iso": "2025-10-15", "parcelle": "77291000AI0193", "addr_num": "29"}}, {"type": "Feature", "geometry": {"type": "Point", "coordinates": [2.595082, 49.020207]}, "properties": {"year": 2025, "valeur_fonciere": 5020899.0, "type_local": "Appartement", "surface_reelle_bati": 34.0, "nombre_pieces_principales": 1.0, "adresse_nom_voie": "RUE DE GUIVRY", "price_per_sqm": 147673.5, "date_iso": "2025-10-15", "parcelle": "77291000AI0193", "addr_num": "29"}}, {"type": "Feature", "geometry": {"type": "Point", "coordinates": [2.595082, 49.020207]}, "properties": {"year": 2025, "valeur_fonciere": 5020899.0, "type_local": "Dépendance", "surface_reelle_bati": null, "nombre_pieces_principales": 0.0, "adresse_nom_voie": "RUE DE GUIVRY", "price_per_sqm": null, "date_iso": "2025-10-15", "parcelle": "77291000AI0193", "addr_num": "29"}}, {"type": "Feature", "geometry": {"type": "Point", "coordinates": [2.595082, 49.020207]}, "properties": {"year": 2025, "valeur_fonciere": 5020899.0, "type_local": "Dépendance", "surface_reelle_bati": null, "nombre_pieces_principales": 0.0, "adresse_nom_voie": "RUE DE GUIVRY", "price_per_sqm": null, "date_iso": "2025-10-15", "parcelle": "77291000AI0193", "addr_num": "29"}}, {"type": "Feature", "geometry": {"type": "Point", "coordinates": [2.595082, 49.020207]}, "properties": {"year": 2025, "valeur_fonciere": 5020899.0, "type_local": "Appartement", "surface_reelle_bati": 79.0, "nombre_pieces_principales": 4.0, "adresse_nom_voie": "RUE DE GUIVRY", "price_per_sqm": 63555.6835443038, "date_iso": "2025-10-15", "parcelle": "77291000AI0193", "addr_num": "29"}}, {"type": "Feature", "geometry": {"type": "Point", "coordinates": [2.595082, 49.020207]}, "properties": {"year": 2025, "valeur_fonciere": 5020899.0, "type_local": "Dépendance", "surface_reelle_bati": null, "nombre_pieces_principales": 0.0, "adresse_nom_voie": "RUE DE GUIVRY", "price_per_sqm": null, "date_iso": "2025-10-15", "parcelle": "77291000AI0193", "addr_num": "29"}}, {"type": "Feature", "geometry": {"type": "Point", "coordinates": [2.595082, 49.020207]}, "properties": {"year": 2025, "valeur_fonciere": 5020899.0, "type_local": "Dépendance", "surface_reelle_bati": null, "nombre_pieces_principales": 0.0, "adresse_nom_voie": "RUE DE GUIVRY", "price_per_sqm": null, "date_iso": "2025-10-15", "parcelle": "77291000AI0193", "addr_num": "29"}}, {"type": "Feature", "geometry": {"type": "Point", "coordinates": [2.595082, 49.020207]}, "properties": {"year": 2025, "valeur_fonciere": 5020899.0, "type_local": "Dépendance", "surface_reelle_bati": null, "nombre_pieces_principales": 0.0, "adresse_nom_voie": "RUE DE GUIVRY", "price_per_sqm": null, "date_iso": "2025-10-15", "parcelle": "77291000AI0193", "addr_num": "29"}}, {"type": "Feature", "geometry": {"type": "Point", "coordinates": [2.595082, 49.020207]}, "properties": {"year": 2025, "valeur_fonciere": 5020899.0, "type_local": "Appartement", "surface_reelle_bati": 64.0, "nombre_pieces_principales": 3.0, "adresse_nom_voie": "RUE DE GUIVRY", "price_per_sqm": 78451.546875, "date_iso": "2025-10-15", "parcelle": "77291000AI0193", "addr_num": "29"}}, {"type": "Feature", "geometry": {"type": "Point", "coordinates": [2.595082, 49.020207]}, "properties": {"year": 2025, "valeur_fonciere": 5020899.0, "type_local": "Dépendance", "surface_reelle_bati": null, "nombre_pieces_principales": 0.0, "adresse_nom_voie": "RUE DE GUIVRY", "price_per_sqm": null, "date_iso": "2025-10-15", "parcelle": "77291000AI0193", "addr_num": "29"}}, {"type": "Feature", "geometry": {"type": "Point", "coordinates": [2.595082, 49.020207]}, "properties": {"year": 2025, "valeur_fonciere": 5020899.0, "type_local": "Appartement", "surface_reelle_bati": 29.0, "nombre_pieces_principales": 1.0, "adresse_nom_voie": "RUE DE GUIVRY", "price_per_sqm": 173134.44827586206, "date_iso": "2025-10-15", "parcelle": "77291000AI0193", "addr_num": "29"}}, {"type": "Feature", "geometry": {"type": "Point", "coordinates": [2.595082, 49.020207]}, "properties": {"year": 2025, "valeur_fonciere": 5020899.0, "type_local": "Appartement", "surface_reelle_bati": 65.0, "nombre_pieces_principales": 3.0, "adresse_nom_voie": "RUE DE GUIVRY", "price_per_sqm": 77244.6, "date_iso": "2025-10-15", "parcelle": "77291000AI0193", "addr_num": "29"}}, {"type": "Feature", "geometry": {"type": "Point", "coordinates": [2.595082, 49.020207]}, "properties": {"year": 2025, "valeur_fonciere": 5020899.0, "type_local": "Appartement", "surface_reelle_bati": 64.0, "nombre_pieces_principales": 3.0, "adresse_nom_voie": "RUE DE GUIVRY", "price_per_sqm": 78451.546875, "date_iso": "2025-10-15", "parcelle": "77291000AI0193", "addr_num": "29"}}, {"type": "Feature", "geometry": {"type": "Point", "coordinates": [2.595082, 49.020207]}, "properties": {"year": 2025, "valeur_fonciere": 5020899.0, "type_local": "Appartement", "surface_reelle_bati": 47.0, "nombre_pieces_principales": 2.0, "adresse_nom_voie": "RUE DE GUIVRY", "price_per_sqm": 106827.63829787234, "date_iso": "2025-10-15", "parcelle": "77291000AI0193", "addr_num": "29"}}, {"type": "Feature", "geometry": {"type": "Point", "coordinates": [2.595082, 49.020207]}, "properties": {"year": 2025, "valeur_fonciere": 5020899.0, "type_local": "Appartement", "surface_reelle_bati": 47.0, "nombre_pieces_principales": 2.0, "adresse_nom_voie": "RUE DE GUIVRY", "price_per_sqm": 106827.63829787234, "date_iso": "2025-10-15", "parcelle": "77291000AI0193", "addr_num": "29"}}, {"type": "Feature", "geometry": {"type": "Point", "coordinates": [2.595082, 49.020207]}, "properties": {"year": 2025, "valeur_fonciere": 5020899.0, "type_local": "Appartement", "surface_reelle_bati": 79.0, "nombre_pieces_principales": 4.0, "adresse_nom_voie": "RUE DE GUIVRY", "price_per_sqm": 63555.6835443038, "date_iso": "2025-10-15", "parcelle": "77291000AI0193", "addr_num": "29"}}, {"type": "Feature", "geometry": {"type": "Point", "coordinates": [2.595082, 49.020207]}, "properties": {"year": 2025, "valeur_fonciere": 5020899.0, "type_local": "Appartement", "surface_reelle_bati": 29.0, "nombre_pieces_principales": 1.0, "adresse_nom_voie": "RUE DE GUIVRY", "price_per_sqm": 173134.44827586206, "date_iso": "2025-10-15", "parcelle": "77291000AI0193", "addr_num": "29"}}, {"type": "Feature", "geometry": {"type": "Point", "coordinates": [2.595082, 49.020207]}, "properties": {"year": 2025, "valeur_fonciere": 5020899.0, "type_local": "Appartement", "surface_reelle_bati": 48.0, "nombre_pieces_principales": 2.0, "adresse_nom_voie": "RUE DE GUIVRY", "price_per_sqm": 104602.0625, "date_iso": "2025-10-15", "parcelle": "77291000AI0193", "addr_num": "29"}}, {"type": "Feature", "geometry": {"type": "Point", "coordinates": [2.595082, 49.020207]}, "properties": {"year": 2025, "valeur_fonciere": 5020899.0, "type_local": "Appartement", "surface_reelle_bati": 48.0, "nombre_pieces_principales": 2.0, "adresse_nom_voie": "RUE DE GUIVRY", "price_per_sqm": 104602.0625, "date_iso": "2025-10-15", "parcelle": "77291000AI0193", "addr_num": "29"}}, {"type": "Feature", "geometry": {"type": "Point", "coordinates": [2.595082, 49.020207]}, "properties": {"year": 2025, "valeur_fonciere": 5020899.0, "type_local": "Appartement", "surface_reelle_bati": 29.0, "nombre_pieces_principales": 1.0, "adresse_nom_voie": "RUE DE GUIVRY", "price_per_sqm": 173134.44827586206, "date_iso": "2025-10-15", "parcelle": "77291000AI0193", "addr_num": "29"}}, {"type": "Feature", "geometry": {"type": "Point", "coordinates": [2.595082, 49.020207]}, "properties": {"year": 2025, "valeur_fonciere": 5020899.0, "type_local": "Appartement", "surface_reelle_bati": 63.0, "nombre_pieces_principales": 3.0, "adresse_nom_voie": "RUE DE GUIVRY", "price_per_sqm": 79696.80952380953, "date_iso": "2025-10-15", "parcelle": "77291000AI0193", "addr_num": "29"}}, {"type": "Feature", "geometry": {"type": "Point", "coordinates": [2.595082, 49.020207]}, "properties": {"year": 2025, "valeur_fonciere": 5020899.0, "type_local": "Appartement", "surface_reelle_bati": 78.0, "nombre_pieces_principales": 4.0, "adresse_nom_voie": "RUE DE GUIVRY", "price_per_sqm": 64370.5, "date_iso": "2025-10-15", "parcelle": "77291000AI0193", "addr_num": "29"}}, {"type": "Feature", "geometry": {"type": "Point", "coordinates": [2.595082, 49.020207]}, "properties": {"year": 2025, "valeur_fonciere": 5020899.0, "type_local": "Dépendance", "surface_reelle_bati": null, "nombre_pieces_principales": 0.0, "adresse_nom_voie": "RUE DE GUIVRY", "price_per_sqm": null, "date_iso": "2025-10-15", "parcelle": "77291000AI0193", "addr_num": "29"}}, {"type": "Feature", "geometry": {"type": "Point", "coordinates": [2.595082, 49.020207]}, "properties": {"year": 2025, "valeur_fonciere": 5020899.0, "type_local": "Appartement", "surface_reelle_bati": 64.0, "nombre_pieces_principales": 3.0, "adresse_nom_voie": "RUE DE GUIVRY", "price_per_sqm": 78451.546875, "date_iso": "2025-10-15", "parcelle": "77291000AI0193", "addr_num": "29"}}, {"type": "Feature", "geometry": {"type": "Point", "coordinates": [2.595082, 49.020207]}, "properties": {"year": 2025, "valeur_fonciere": 5020899.0, "type_local": "Appartement", "surface_reelle_bati": 64.0, "nombre_pieces_principales": 3.0, "adresse_nom_voie": "RUE DE GUIVRY", "price_per_sqm": 78451.546875, "date_iso": "2025-10-15", "parcelle": "77291000AI0193", "addr_num": "29"}}, {"type": "Feature", "geometry": {"type": "Point", "coordinates": [2.595082, 49.020207]}, "properties": {"year": 2025, "valeur_fonciere": 5020899.0, "type_local": "Appartement", "surface_reelle_bati": 62.0, "nombre_pieces_principales": 3.0, "adresse_nom_voie": "RUE DE GUIVRY", "price_per_sqm": 80982.24193548386, "date_iso": "2025-10-15", "parcelle": "77291000AI0193", "addr_num": "29"}}, {"type": "Feature", "geometry": {"type": "Point", "coordinates": [2.595082, 49.020207]}, "properties": {"year": 2025, "valeur_fonciere": 5020899.0, "type_local": "Dépendance", "surface_reelle_bati": null, "nombre_pieces_principales": 0.0, "adresse_nom_voie": "RUE DE GUIVRY", "price_per_sqm": null, "date_iso": "2025-10-15", "parcelle": "77291000AI0193", "addr_num": "29"}}, {"type": "Feature", "geometry": {"type": "Point", "coordinates": [2.595082, 49.020207]}, "properties": {"year": 2025, "valeur_fonciere": 5020899.0, "type_local": "Dépendance", "surface_reelle_bati": null, "nombre_pieces_principales": 0.0, "adresse_nom_voie": "RUE DE GUIVRY", "price_per_sqm": null, "date_iso": "2025-10-15", "parcelle": "77291000AI0193", "addr_num": "29"}}, {"type": "Feature", "geometry": {"type": "Point", "coordinates": [2.595082, 49.020207]}, "properties": {"year": 2025, "valeur_fonciere": 5020899.0, "type_local": "Appartement", "surface_reelle_bati": 47.0, "nombre_pieces_principales": 2.0, "adresse_nom_voie": "RUE DE GUIVRY", "price_per_sqm": 106827.63829787234, "date_iso": "2025-10-15", "parcelle": "77291000AI0193", "addr_num": "29"}}, {"type": "Feature", "geometry": {"type": "Point", "coordinates": [2.595082, 49.020207]}, "properties": {"year": 2025, "valeur_fonciere": 5020899.0, "type_local": "Appartement", "surface_reelle_bati": 28.0, "nombre_pieces_principales": 1.0, "adresse_nom_voie": "RUE DE GUIVRY", "price_per_sqm": 179317.82142857142, "date_iso": "2025-10-15", "parcelle": "77291000AI0193", "addr_num": "29"}}, {"type": "Feature", "geometry": {"type": "Point", "coordinates": [2.595082, 49.020207]}, "properties": {"year": 2025, "valeur_fonciere": 5020899.0, "type_local": "Dépendance", "surface_reelle_bati": null, "nombre_pieces_principales": 0.0, "adresse_nom_voie": "RUE DE GUIVRY", "price_per_sqm": null, "date_iso": "2025-10-15", "parcelle": "77291000AI0193", "addr_num": "29"}}, {"type": "Feature", "geometry": {"type": "Point", "coordinates": [2.595082, 49.020207]}, "properties": {"year": 2025, "valeur_fonciere": 5020899.0, "type_local": "Dépendance", "surface_reelle_bati": null, "nombre_pieces_principales": 0.0, "adresse_nom_voie": "RUE DE GUIVRY", "price_per_sqm": null, "date_iso": "2025-10-15", "parcelle": "77291000AI0193", "addr_num": "29"}}, {"type": "Feature", "geometry": {"type": "Point", "coordinates": [2.595082, 49.020207]}, "properties": {"year": 2025, "valeur_fonciere": 5020899.0, "type_local": "Appartement", "surface_reelle_bati": 48.0, "nombre_pieces_principales": 2.0, "adresse_nom_voie": "RUE DE GUIVRY", "price_per_sqm": 104602.0625, "date_iso": "2025-10-15", "parcelle": "77291000AI0193", "addr_num": "29"}}, {"type": "Feature", "geometry": {"type": "Point", "coordinates": [2.595082, 49.020207]}, "properties": {"year": 2025, "valeur_fonciere": 5020899.0, "type_local": "Appartement", "surface_reelle_bati": 48.0, "nombre_pieces_principales": 2.0, "adresse_nom_voie": "RUE DE GUIVRY", "price_per_sqm": 104602.0625, "date_iso": "2025-10-15", "parcelle": "77291000AI0193", "addr_num": "29"}}, {"type": "Feature", "geometry": {"type": "Point", "coordinates": [2.595082, 49.020207]}, "properties": {"year": 2025, "valeur_fonciere": 5020899.0, "type_local": "Appartement", "surface_reelle_bati": 29.0, "nombre_pieces_principales": 1.0, "adresse_nom_voie": "RUE DE GUIVRY", "price_per_sqm": 173134.44827586206, "date_iso": "2025-10-15", "parcelle": "77291000AI0193", "addr_num": "29"}}, {"type": "Feature", "geometry": {"type": "Point", "coordinates": [2.595082, 49.020207]}, "properties": {"year": 2025, "valeur_fonciere": 5020899.0, "type_local": "Dépendance", "surface_reelle_bati": null, "nombre_pieces_principales": 0.0, "adresse_nom_voie": "RUE DE GUIVRY", "price_per_sqm": null, "date_iso": "2025-10-15", "parcelle": "77291000AI0193", "addr_num": "29"}}, {"type": "Feature", "geometry": {"type": "Point", "coordinates": [2.595082, 49.020207]}, "properties": {"year": 2025, "valeur_fonciere": 5020899.0, "type_local": "Dépendance", "surface_reelle_bati": null, "nombre_pieces_principales": 0.0, "adresse_nom_voie": "RUE DE GUIVRY", "price_per_sqm": null, "date_iso": "2025-10-15", "parcelle": "77291000AI0193", "addr_num": "29"}}, {"type": "Feature", "geometry": {"type": "Point", "coordinates": [2.595082, 49.020207]}, "properties": {"year": 2025, "valeur_fonciere": 5020899.0, "type_local": "Appartement", "surface_reelle_bati": 49.0, "nombre_pieces_principales": 2.0, "adresse_nom_voie": "RUE DE GUIVRY", "price_per_sqm": 102467.32653061225, "date_iso": "2025-10-15", "parcelle": "77291000AI0193", "addr_num": "29"}}, {"type": "Feature", "geometry": {"type": "Point", "coordinates": [2.595082, 49.020207]}, "properties": {"year": 2025, "valeur_fonciere": 5020899.0, "type_local": "Appartement", "surface_reelle_bati": 48.0, "nombre_pieces_principales": 2.0, "adresse_nom_voie": "RUE DE GUIVRY", "price_per_sqm": 104602.0625, "date_iso": "2025-10-15", "parcelle": "77291000AI0193", "addr_num": "29"}}, {"type": "Feature", "geometry": {"type": "Point", "coordinates": [2.595082, 49.020207]}, "properties": {"year": 2025, "valeur_fonciere": 5020899.0, "type_local": "Appartement", "surface_reelle_bati": 48.0, "nombre_pieces_principales": 2.0, "adresse_nom_voie": "RUE DE GUIVRY", "price_per_sqm": 104602.0625, "date_iso": "2025-10-15", "parcelle": "77291000AI0193", "addr_num": "29"}}, {"type": "Feature", "geometry": {"type": "Point", "coordinates": [2.595082, 49.020207]}, "properties": {"year": 2025, "valeur_fonciere": 5020899.0, "type_local": "Appartement", "surface_reelle_bati": 29.0, "nombre_pieces_principales": 1.0, "adresse_nom_voie": "RUE DE GUIVRY", "price_per_sqm": 173134.44827586206, "date_iso": "2025-10-15", "parcelle": "77291000AI0193", "addr_num": "29"}}, {"type": "Feature", "geometry": {"type": "Point", "coordinates": [2.595082, 49.020207]}, "properties": {"year": 2025, "valeur_fonciere": 5020899.0, "type_local": "Appartement", "surface_reelle_bati": 29.0, "nombre_pieces_principales": 1.0, "adresse_nom_voie": "RUE DE GUIVRY", "price_per_sqm": 173134.44827586206, "date_iso": "2025-10-15", "parcelle": "77291000AI0193", "addr_num": "29"}}, {"type": "Feature", "geometry": {"type": "Point", "coordinates": [2.595082, 49.020207]}, "properties": {"year": 2025, "valeur_fonciere": 5020899.0, "type_local": "Appartement", "surface_reelle_bati": 48.0, "nombre_pieces_principales": 2.0, "adresse_nom_voie": "RUE DE GUIVRY", "price_per_sqm": 104602.0625, "date_iso": "2025-10-15", "parcelle": "77291000AI0193", "addr_num": "29"}}, {"type": "Feature", "geometry": {"type": "Point", "coordinates": [2.595082, 49.020207]}, "properties": {"year": 2025, "valeur_fonciere": 5020899.0, "type_local": "Appartement", "surface_reelle_bati": 29.0, "nombre_pieces_principales": 1.0, "adresse_nom_voie": "RUE DE GUIVRY", "price_per_sqm": 173134.44827586206, "date_iso": "2025-10-15", "parcelle": "77291000AI0193", "addr_num": "29"}}, {"type": "Feature", "geometry": {"type": "Point", "coordinates": [2.595082, 49.020207]}, "properties": {"year": 2025, "valeur_fonciere": 5020899.0, "type_local": "Appartement", "surface_reelle_bati": 49.0, "nombre_pieces_principales": 2.0, "adresse_nom_voie": "RUE DE GUIVRY", "price_per_sqm": 102467.32653061225, "date_iso": "2025-10-15", "parcelle": "77291000AI0193", "addr_num": "29"}}, {"type": "Feature", "geometry": {"type": "Point", "coordinates": [2.595082, 49.020207]}, "properties": {"year": 2025, "valeur_fonciere": 5020899.0, "type_local": "Appartement", "surface_reelle_bati": 29.0, "nombre_pieces_principales": 1.0, "adresse_nom_voie": "RUE DE GUIVRY", "price_per_sqm": 173134.44827586206, "date_iso": "2025-10-15", "parcelle": "77291000AI0193", "addr_num": "29"}}, {"type": "Feature", "geometry": {"type": "Point", "coordinates": [2.595082, 49.020207]}, "properties": {"year": 2025, "valeur_fonciere": 5020899.0, "type_local": "Appartement", "surface_reelle_bati": 48.0, "nombre_pieces_principales": 2.0, "adresse_nom_voie": "RUE DE GUIVRY", "price_per_sqm": 104602.0625, "date_iso": "2025-10-15", "parcelle": "77291000AI0193", "addr_num": "29"}}, {"type": "Feature", "geometry": {"type": "Point", "coordinates": [2.595082, 49.020207]}, "properties": {"year": 2025, "valeur_fonciere": 5020899.0, "type_local": "Appartement", "surface_reelle_bati": 48.0, "nombre_pieces_principales": 2.0, "adresse_nom_voie": "RUE DE GUIVRY", "price_per_sqm": 104602.0625, "date_iso": "2025-10-15", "parcelle": "77291000AI0193", "addr_num": "29"}}, {"type": "Feature", "geometry": {"type": "Point", "coordinates": [2.595082, 49.020207]}, "properties": {"year": 2025, "valeur_fonciere": 5020899.0, "type_local": "Dépendance", "surface_reelle_bati": null, "nombre_pieces_principales": 0.0, "adresse_nom_voie": "RUE DE GUIVRY", "price_per_sqm": null, "date_iso": "2025-10-15", "parcelle": "77291000AI0193", "addr_num": "29"}}, {"type": "Feature", "geometry": {"type": "Point", "coordinates": [2.595082, 49.020207]}, "properties": {"year": 2025, "valeur_fonciere": 5020899.0, "type_local": "Dépendance", "surface_reelle_bati": null, "nombre_pieces_principales": 0.0, "adresse_nom_voie": "RUE DE GUIVRY", "price_per_sqm": null, "date_iso": "2025-10-15", "parcelle": "77291000AI0193", "addr_num": "29"}}, {"type": "Feature", "geometry": {"type": "Point", "coordinates": [2.595082, 49.020207]}, "properties": {"year": 2025, "valeur_fonciere": 5020899.0, "type_local": "Appartement", "surface_reelle_bati": 28.0, "nombre_pieces_principales": 1.0, "adresse_nom_voie": "RUE DE GUIVRY", "price_per_sqm": 179317.82142857142, "date_iso": "2025-10-15", "parcelle": "77291000AI0193", "addr_num": "29"}}, {"type": "Feature", "geometry": {"type": "Point", "coordinates": [2.595082, 49.020207]}, "properties": {"year": 2025, "valeur_fonciere": 5020899.0, "type_local": "Dépendance", "surface_reelle_bati": null, "nombre_pieces_principales": 0.0, "adresse_nom_voie": "RUE DE GUIVRY", "price_per_sqm": null, "date_iso": "2025-10-15", "parcelle": "77291000AI0193", "addr_num": "29"}}, {"type": "Feature", "geometry": {"type": "Point", "coordinates": [2.595082, 49.020207]}, "properties": {"year": 2025, "valeur_fonciere": 5020899.0, "type_local": "Appartement", "surface_reelle_bati": 63.0, "nombre_pieces_principales": 3.0, "adresse_nom_voie": "RUE DE GUIVRY", "price_per_sqm": 79696.80952380953, "date_iso": "2025-10-15", "parcelle": "77291000AI0193", "addr_num": "29"}}, {"type": "Feature", "geometry": {"type": "Point", "coordinates": [2.595082, 49.020207]}, "properties": {"year": 2025, "valeur_fonciere": 5020899.0, "type_local": "Dépendance", "surface_reelle_bati": null, "nombre_pieces_principales": 0.0, "adresse_nom_voie": "RUE DE GUIVRY", "price_per_sqm": null, "date_iso": "2025-10-15", "parcelle": "77291000AI0193", "addr_num": "29"}}, {"type": "Feature", "geometry": {"type": "Point", "coordinates": [2.595082, 49.020207]}, "properties": {"year": 2025, "valeur_fonciere": 5020899.0, "type_local": "Appartement", "surface_reelle_bati": 29.0, "nombre_pieces_principales": 1.0, "adresse_nom_voie": "RUE DE GUIVRY", "price_per_sqm": 173134.44827586206, "date_iso": "2025-10-15", "parcelle": "77291000AI0193", "addr_num": "29"}}, {"type": "Feature", "geometry": {"type": "Point", "coordinates": [2.595082, 49.020207]}, "properties": {"year": 2025, "valeur_fonciere": 5020899.0, "type_local": "Appartement", "surface_reelle_bati": 47.0, "nombre_pieces_principales": 2.0, "adresse_nom_voie": "RUE DE GUIVRY", "price_per_sqm": 106827.63829787234, "date_iso": "2025-10-15", "parcelle": "77291000AI0193", "addr_num": "29"}}, {"type": "Feature", "geometry": {"type": "Point", "coordinates": [2.595082, 49.020207]}, "properties": {"year": 2025, "valeur_fonciere": 5020899.0, "type_local": "Dépendance", "surface_reelle_bati": null, "nombre_pieces_principales": 0.0, "adresse_nom_voie": "RUE DE GUIVRY", "price_per_sqm": null, "date_iso": "2025-10-15", "parcelle": "77291000AI0193", "addr_num": "29"}}, {"type": "Feature", "geometry": {"type": "Point", "coordinates": [2.595082, 49.020207]}, "properties": {"year": 2025, "valeur_fonciere": 5020899.0, "type_local": "Dépendance", "surface_reelle_bati": null, "nombre_pieces_principales": 0.0, "adresse_nom_voie": "RUE DE GUIVRY", "price_per_sqm": null, "date_iso": "2025-10-15", "parcelle": "77291000AI0193", "addr_num": "29"}}, {"type": "Feature", "geometry": {"type": "Point", "coordinates": [2.595082, 49.020207]}, "properties": {"year": 2025, "valeur_fonciere": 5020899.0, "type_local": "Appartement", "surface_reelle_bati": 47.0, "nombre_pieces_principales": 2.0, "adresse_nom_voie": "RUE DE GUIVRY", "price_per_sqm": 106827.63829787234, "date_iso": "2025-10-15", "parcelle": "77291000AI0193", "addr_num": "29"}}, {"type": "Feature", "geometry": {"type": "Point", "coordinates": [2.595082, 49.020207]}, "properties": {"year": 2025, "valeur_fonciere": 5020899.0, "type_local": "Dépendance", "surface_reelle_bati": null, "nombre_pieces_principales": 0.0, "adresse_nom_voie": "RUE DE GUIVRY", "price_per_sqm": null, "date_iso": "2025-10-15", "parcelle": "77291000AI0193", "addr_num": "29"}}, {"type": "Feature", "geometry": {"type": "Point", "coordinates": [2.595082, 49.020207]}, "properties": {"year": 2025, "valeur_fonciere": 5020899.0, "type_local": "Appartement", "surface_reelle_bati": 28.0, "nombre_pieces_principales": 1.0, "adresse_nom_voie": "RUE DE GUIVRY", "price_per_sqm": 179317.82142857142, "date_iso": "2025-10-15", "parcelle": "77291000AI0193", "addr_num": "29"}}, {"type": "Feature", "geometry": {"type": "Point", "coordinates": [2.595082, 49.020207]}, "properties": {"year": 2025, "valeur_fonciere": 5020899.0, "type_local": "Dépendance", "surface_reelle_bati": null, "nombre_pieces_principales": 0.0, "adresse_nom_voie": "RUE DE GUIVRY", "price_per_sqm": null, "date_iso": "2025-10-15", "parcelle": "77291000AI0193", "addr_num": "29"}}, {"type": "Feature", "geometry": {"type": "Point", "coordinates": [2.595082, 49.020207]}, "properties": {"year": 2025, "valeur_fonciere": 5020899.0, "type_local": "Appartement", "surface_reelle_bati": 51.0, "nombre_pieces_principales": 2.0, "adresse_nom_voie": "RUE DE GUIVRY", "price_per_sqm": 98449.0, "date_iso": "2025-10-15", "parcelle": "77291000AI0193", "addr_num": "29"}}, {"type": "Feature", "geometry": {"type": "Point", "coordinates": [2.595082, 49.020207]}, "properties": {"year": 2025, "valeur_fonciere": 5020899.0, "type_local": "Appartement", "surface_reelle_bati": 48.0, "nombre_pieces_principales": 2.0, "adresse_nom_voie": "RUE DE GUIVRY", "price_per_sqm": 104602.0625, "date_iso": "2025-10-15", "parcelle": "77291000AI0193", "addr_num": "29"}}, {"type": "Feature", "geometry": {"type": "Point", "coordinates": [2.595082, 49.020207]}, "properties": {"year": 2025, "valeur_fonciere": 5020899.0, "type_local": "Appartement", "surface_reelle_bati": 48.0, "nombre_pieces_principales": 2.0, "adresse_nom_voie": "RUE DE GUIVRY", "price_per_sqm": 104602.0625, "date_iso": "2025-10-15", "parcelle": "77291000AI0193", "addr_num": "29"}}, {"type": "Feature", "geometry": {"type": "Point", "coordinates": [2.595082, 49.020207]}, "properties": {"year": 2025, "valeur_fonciere": 5020899.0, "type_local": "Dépendance", "surface_reelle_bati": null, "nombre_pieces_principales": 0.0, "adresse_nom_voie": "RUE DE GUIVRY", "price_per_sqm": null, "date_iso": "2025-10-15", "parcelle": "77291000AI0193", "addr_num": "29"}}, {"type": "Feature", "geometry": {"type": "Point", "coordinates": [2.595082, 49.020207]}, "properties": {"year": 2025, "valeur_fonciere": 5020899.0, "type_local": "Dépendance", "surface_reelle_bati": null, "nombre_pieces_principales": 0.0, "adresse_nom_voie": "RUE DE GUIVRY", "price_per_sqm": null, "date_iso": "2025-10-15", "parcelle": "77291000AI0193", "addr_num": "29"}}, {"type": "Feature", "geometry": {"type": "Point", "coordinates": [2.595082, 49.020207]}, "properties": {"year": 2025, "valeur_fonciere": 5020899.0, "type_local": "Dépendance", "surface_reelle_bati": null, "nombre_pieces_principales": 0.0, "adresse_nom_voie": "RUE DE GUIVRY", "price_per_sqm": null, "date_iso": "2025-10-15", "parcelle": "77291000AI0193", "addr_num": "29"}}, {"type": "Feature", "geometry": {"type": "Point", "coordinates": [2.595082, 49.020207]}, "properties": {"year": 2025, "valeur_fonciere": 5020899.0, "type_local": "Dépendance", "surface_reelle_bati": null, "nombre_pieces_principales": 0.0, "adresse_nom_voie": "RUE DE GUIVRY", "price_per_sqm": null, "date_iso": "2025-10-15", "parcelle": "77291000AI0193", "addr_num": "29"}}, {"type": "Feature", "geometry": {"type": "Point", "coordinates": [2.595082, 49.020207]}, "properties": {"year": 2025, "valeur_fonciere": 5020899.0, "type_local": "Appartement", "surface_reelle_bati": 29.0, "nombre_pieces_principales": 1.0, "adresse_nom_voie": "RUE DE GUIVRY", "price_per_sqm": 173134.44827586206, "date_iso": "2025-10-15", "parcelle": "77291000AI0193", "addr_num": "29"}}, {"type": "Feature", "geometry": {"type": "Point", "coordinates": [2.595082, 49.020207]}, "properties": {"year": 2025, "valeur_fonciere": 5020899.0, "type_local": "Appartement", "surface_reelle_bati": 79.0, "nombre_pieces_principales": 4.0, "adresse_nom_voie": "RUE DE GUIVRY", "price_per_sqm": 63555.6835443038, "date_iso": "2025-10-15", "parcelle": "77291000AI0193", "addr_num": "29"}}, {"type": "Feature", "geometry": {"type": "Point", "coordinates": [2.595082, 49.020207]}, "properties": {"year": 2025, "valeur_fonciere": 5020899.0, "type_local": "Dépendance", "surface_reelle_bati": null, "nombre_pieces_principales": 0.0, "adresse_nom_voie": "RUE DE GUIVRY", "price_per_sqm": null, "date_iso": "2025-10-15", "parcelle": "77291000AI0193", "addr_num": "29"}}, {"type": "Feature", "geometry": {"type": "Point", "coordinates": [2.595082, 49.020207]}, "properties": {"year": 2025, "valeur_fonciere": 5020899.0, "type_local": "Appartement", "surface_reelle_bati": 64.0, "nombre_pieces_principales": 3.0, "adresse_nom_voie": "RUE DE GUIVRY", "price_per_sqm": 78451.546875, "date_iso": "2025-10-15", "parcelle": "77291000AI0193", "addr_num": "29"}}, {"type": "Feature", "geometry": {"type": "Point", "coordinates": [2.595082, 49.020207]}, "properties": {"year": 2025, "valeur_fonciere": 5020899.0, "type_local": "Appartement", "surface_reelle_bati": 64.0, "nombre_pieces_principales": 3.0, "adresse_nom_voie": "RUE DE GUIVRY", "price_per_sqm": 78451.546875, "date_iso": "2025-10-15", "parcelle": "77291000AI0193", "addr_num": "29"}}, {"type": "Feature", "geometry": {"type": "Point", "coordinates": [2.595082, 49.020207]}, "properties": {"year": 2025, "valeur_fonciere": 5020899.0, "type_local": "Appartement", "surface_reelle_bati": 27.0, "nombre_pieces_principales": 1.0, "adresse_nom_voie": "RUE DE GUIVRY", "price_per_sqm": 185959.22222222222, "date_iso": "2025-10-15", "parcelle": "77291000AI0193", "addr_num": "29"}}, {"type": "Feature", "geometry": {"type": "Point", "coordinates": [2.595082, 49.020207]}, "properties": {"year": 2025, "valeur_fonciere": 5020899.0, "type_local": "Appartement", "surface_reelle_bati": 53.0, "nombre_pieces_principales": 2.0, "adresse_nom_voie": "RUE DE GUIVRY", "price_per_sqm": 94733.94339622642, "date_iso": "2025-10-15", "parcelle": "77291000AI0193", "addr_num": "29"}}, {"type": "Feature", "geometry": {"type": "Point", "coordinates": [2.595082, 49.020207]}, "properties": {"year": 2025, "valeur_fonciere": 5020899.0, "type_local": "Appartement", "surface_reelle_bati": 64.0, "nombre_pieces_principales": 3.0, "adresse_nom_voie": "RUE DE GUIVRY", "price_per_sqm": 78451.546875, "date_iso": "2025-10-15", "parcelle": "77291000AI0193", "addr_num": "29"}}, {"type": "Feature", "geometry": {"type": "Point", "coordinates": [2.595082, 49.020207]}, "properties": {"year": 2025, "valeur_fonciere": 5020899.0, "type_local": "Appartement", "surface_reelle_bati": 64.0, "nombre_pieces_principales": 3.0, "adresse_nom_voie": "RUE DE GUIVRY", "price_per_sqm": 78451.546875, "date_iso": "2025-10-15", "parcelle": "77291000AI0193", "addr_num": "29"}}, {"type": "Feature", "geometry": {"type": "Point", "coordinates": [2.595082, 49.020207]}, "properties": {"year": 2025, "valeur_fonciere": 5020899.0, "type_local": "Appartement", "surface_reelle_bati": 64.0, "nombre_pieces_principales": 3.0, "adresse_nom_voie": "RUE DE GUIVRY", "price_per_sqm": 78451.546875, "date_iso": "2025-10-15", "parcelle": "77291000AI0193", "addr_num": "29"}}, {"type": "Feature", "geometry": {"type": "Point", "coordinates": [2.595082, 49.020207]}, "properties": {"year": 2025, "valeur_fonciere": 5020899.0, "type_local": "Appartement", "surface_reelle_bati": 64.0, "nombre_pieces_principales": 3.0, "adresse_nom_voie": "RUE DE GUIVRY", "price_per_sqm": 78451.546875, "date_iso": "2025-10-15", "parcelle": "77291000AI0193", "addr_num": "29"}}, {"type": "Feature", "geometry": {"type": "Point", "coordinates": [2.595082, 49.020207]}, "properties": {"year": 2025, "valeur_fonciere": 5020899.0, "type_local": "Dépendance", "surface_reelle_bati": null, "nombre_pieces_principales": 0.0, "adresse_nom_voie": "RUE DE GUIVRY", "price_per_sqm": null, "date_iso": "2025-10-15", "parcelle": "77291000AI0193", "addr_num": "29"}}, {"type": "Feature", "geometry": {"type": "Point", "coordinates": [2.595082, 49.020207]}, "properties": {"year": 2025, "valeur_fonciere": 5020899.0, "type_local": "Appartement", "surface_reelle_bati": 64.0, "nombre_pieces_principales": 3.0, "adresse_nom_voie": "RUE DE GUIVRY", "price_per_sqm": 78451.546875, "date_iso": "2025-10-15", "parcelle": "77291000AI0193", "addr_num": "29"}}, {"type": "Feature", "geometry": {"type": "Point", "coordinates": [2.595082, 49.020207]}, "properties": {"year": 2025, "valeur_fonciere": 5020899.0, "type_local": "Dépendance", "surface_reelle_bati": null, "nombre_pieces_principales": 0.0, "adresse_nom_voie": "RUE DE GUIVRY", "price_per_sqm": null, "date_iso": "2025-10-15", "parcelle": "77291000AI0193", "addr_num": "29"}}, {"type": "Feature", "geometry": {"type": "Point", "coordinates": [2.595082, 49.020207]}, "properties": {"year": 2025, "valeur_fonciere": 5020899.0, "type_local": "Dépendance", "surface_reelle_bati": null, "nombre_pieces_principales": 0.0, "adresse_nom_voie": "RUE DE GUIVRY", "price_per_sqm": null, "date_iso": "2025-10-15", "parcelle": "77291000AI0193", "addr_num": "29"}}, {"type": "Feature", "geometry": {"type": "Point", "coordinates": [2.595082, 49.020207]}, "properties": {"year": 2025, "valeur_fonciere": 5020899.0, "type_local": "Dépendance", "surface_reelle_bati": null, "nombre_pieces_principales": 0.0, "adresse_nom_voie": "RUE DE GUIVRY", "price_per_sqm": null, "date_iso": "2025-10-15", "parcelle": "77291000AI0193", "addr_num": "29"}}, {"type": "Feature", "geometry": {"type": "Point", "coordinates": [2.595082, 49.020207]}, "properties": {"year": 2025, "valeur_fonciere": 5020899.0, "type_local": "Dépendance", "surface_reelle_bati": null, "nombre_pieces_principales": 0.0, "adresse_nom_voie": "RUE DE GUIVRY", "price_per_sqm": null, "date_iso": "2025-10-15", "parcelle": "77291000AI0193", "addr_num": "29"}}, {"type": "Feature", "geometry": {"type": "Point", "coordinates": [2.595082, 49.020207]}, "properties": {"year": 2025, "valeur_fonciere": 5020899.0, "type_local": "Dépendance", "surface_reelle_bati": null, "nombre_pieces_principales": 0.0, "adresse_nom_voie": "RUE DE GUIVRY", "price_per_sqm": null, "date_iso": "2025-10-15", "parcelle": "77291000AI0193", "addr_num": "29"}}, {"type": "Feature", "geometry": {"type": "Point", "coordinates": [2.595082, 49.020207]}, "properties": {"year": 2025, "valeur_fonciere": 5020899.0, "type_local": "Dépendance", "surface_reelle_bati": null, "nombre_pieces_principales": 0.0, "adresse_nom_voie": "RUE DE GUIVRY", "price_per_sqm": null, "date_iso": "2025-10-15", "parcelle": "77291000AI0193", "addr_num": "29"}}, {"type": "Feature", "geometry": {"type": "Point", "coordinates": [2.595082, 49.020207]}, "properties": {"year": 2025, "valeur_fonciere": 5020899.0, "type_local": "Appartement", "surface_reelle_bati": 51.0, "nombre_pieces_principales": 2.0, "adresse_nom_voie": "RUE DE GUIVRY", "price_per_sqm": 98449.0, "date_iso": "2025-10-15", "parcelle": "77291000AI0193", "addr_num": "29"}}, {"type": "Feature", "geometry": {"type": "Point", "coordinates": [2.595082, 49.020207]}, "properties": {"year": 2025, "valeur_fonciere": 5020899.0, "type_local": "Dépendance", "surface_reelle_bati": null, "nombre_pieces_principales": 0.0, "adresse_nom_voie": "RUE DE GUIVRY", "price_per_sqm": null, "date_iso": "2025-10-15", "parcelle": "77291000AI0193", "addr_num": "29"}}, {"type": "Feature", "geometry": {"type": "Point", "coordinates": [2.595082, 49.020207]}, "properties": {"year": 2025, "valeur_fonciere": 5020899.0, "type_local": "Appartement", "surface_reelle_bati": 47.0, "nombre_pieces_principales": 2.0, "adresse_nom_voie": "RUE DE GUIVRY", "price_per_sqm": 106827.63829787234, "date_iso": "2025-10-15", "parcelle": "77291000AI0193", "addr_num": "29"}}, {"type": "Feature", "geometry": {"type": "Point", "coordinates": [2.595082, 49.020207]}, "properties": {"year": 2025, "valeur_fonciere": 5020899.0, "type_local": "Dépendance", "surface_reelle_bati": null, "nombre_pieces_principales": 0.0, "adresse_nom_voie": "RUE DE GUIVRY", "price_per_sqm": null, "date_iso": "2025-10-15", "parcelle": "77291000AI0193", "addr_num": "29"}}, {"type": "Feature", "geometry": {"type": "Point", "coordinates": [2.595082, 49.020207]}, "properties": {"year": 2025, "valeur_fonciere": 5020899.0, "type_local": "Dépendance", "surface_reelle_bati": null, "nombre_pieces_principales": 0.0, "adresse_nom_voie": "RUE DE GUIVRY", "price_per_sqm": null, "date_iso": "2025-10-15", "parcelle": "77291000AI0193", "addr_num": "29"}}, {"type": "Feature", "geometry": {"type": "Point", "coordinates": [2.595082, 49.020207]}, "properties": {"year": 2025, "valeur_fonciere": 5020899.0, "type_local": "Dépendance", "surface_reelle_bati": null, "nombre_pieces_principales": 0.0, "adresse_nom_voie": "RUE DE GUIVRY", "price_per_sqm": null, "date_iso": "2025-10-15", "parcelle": "77291000AI0193", "addr_num": "29"}}, {"type": "Feature", "geometry": {"type": "Point", "coordinates": [2.595082, 49.020207]}, "properties": {"year": 2025, "valeur_fonciere": 5020899.0, "type_local": "Appartement", "surface_reelle_bati": 47.0, "nombre_pieces_principales": 2.0, "adresse_nom_voie": "RUE DE GUIVRY", "price_per_sqm": 106827.63829787234, "date_iso": "2025-10-15", "parcelle": "77291000AI0193", "addr_num": "29"}}, {"type": "Feature", "geometry": {"type": "Point", "coordinates": [2.595082, 49.020207]}, "properties": {"year": 2025, "valeur_fonciere": 5020899.0, "type_local": "Appartement", "surface_reelle_bati": 29.0, "nombre_pieces_principales": 1.0, "adresse_nom_voie": "RUE DE GUIVRY", "price_per_sqm": 173134.44827586206, "date_iso": "2025-10-15", "parcelle": "77291000AI0193", "addr_num": "29"}}, {"type": "Feature", "geometry": {"type": "Point", "coordinates": [2.595082, 49.020207]}, "properties": {"year": 2025, "valeur_fonciere": 5020899.0, "type_local": "Appartement", "surface_reelle_bati": 79.0, "nombre_pieces_principales": 4.0, "adresse_nom_voie": "RUE DE GUIVRY", "price_per_sqm": 63555.6835443038, "date_iso": "2025-10-15", "parcelle": "77291000AI0193", "addr_num": "29"}}, {"type": "Feature", "geometry": {"type": "Point", "coordinates": [2.595829, 49.020013]}, "properties": {"year": 2025, "valeur_fonciere": 5020899.0, "type_local": null, "surface_reelle_bati": null, "nombre_pieces_principales": null, "adresse_nom_voie": "LE CORNET", "price_per_sqm": null, "date_iso": "2025-10-15", "parcelle": "77291000AK0299", "addr_num": ""}}, {"type": "Feature", "geometry": {"type": "Point", "coordinates": [2.595202, 49.019971]}, "properties": {"year": 2025, "valeur_fonciere": 5020899.0, "type_local": null, "surface_reelle_bati": null, "nombre_pieces_principales": null, "adresse_nom_voie": "RUE DE GUIVRY", "price_per_sqm": null, "date_iso": "2025-10-15", "parcelle": "77291000AK0549", "addr_num": ""}}]}