{"type": "FeatureCollection", "features": [{"type": "Feature", "geometry": {"type": "Point", "coordinates": [2.857881, 48.984899]}, "properties": {"year": 2021, "valeur_fonciere": 365000.0, "type_local": null, "surface_reelle_bati": null, "nombre_pieces_principales": null, "adresse_nom_voie": "RUE DE NEUFMONTIERS", "price_per_sqm": null, "date_iso": "2021-01-16", "parcelle": "773580000A0815", "addr_num": "36"}}, {"type": "Feature", "geometry": {"type": "Point", "coordinates": [2.858129, 48.984748]}, "properties": {"year": 2021, "valeur_fonciere": 365000.0, "type_local": null, "surface_reelle_bati": null, "nombre_pieces_principales": null, "adresse_nom_voie": "RUE DE NEUFMONTIERS", "price_per_sqm": null, "date_iso": "2021-01-16", "parcelle": "773580000A0818", "addr_num": "36"}}, {"type": "Feature", "geometry": {"type": "Point", "coordinates": [2.857667, 48.985014]}, "properties": {"year": 2021, "valeur_fonciere": 365000.0, "type_local": null, "surface_reelle_bati": null, "nombre_pieces_principales": null, "adresse_nom_voie": "LE JARDIN BUISSON", "price_per_sqm": null, "date_iso": "2021-01-16", "parcelle": "773580000A0879", "addr_num": ""}}, {"type": "Feature", "geometry": {"type": "Point", "coordinates": [2.858237, 48.98481]}, "properties": {"year": 2021, "valeur_fonciere": 365000.0, "type_local": "Maison", "surface_reelle_bati": 146.0, "nombre_pieces_principales": 5.0, "adresse_nom_voie": "RUE DE NEUFMONTIERS", "price_per_sqm": 2500.0, "date_iso": "2021-01-16", "parcelle": "773580000B1036", "addr_num": "36"}}, {"type": "Feature", "geometry": {"type": "Point", "coordinates": [2.857942, 48.984987]}, "properties": {"year": 2021, "valeur_fonciere": 365000.0, "type_local": null, "surface_reelle_bati": null, "nombre_pieces_principales": null, "adresse_nom_voie": "RUE DE NEUFMONTIERS", "price_per_sqm": null, "date_iso": "2021-01-16", "parcelle": "773580000B1038", "addr_num": "36"}}, {"type": "Feature", "geometry": {"type": "Point", "coordinates": [2.857899, 48.984951]}, "properties": {"year": 2021, "valeur_fonciere": 365000.0, "type_local": null, "surface_reelle_bati": null, "nombre_pieces_principales": null, "adresse_nom_voie": "RUE DE NEUFMONTIERS", "price_per_sqm": null, "date_iso": "2021-01-16", "parcelle": "773580000B1040", "addr_num": ""}}, {"type": "Feature", "geometry": {"type": "Point", "coordinates": [2.858017, 48.985034]}, "properties": {"year": 2021, "valeur_fonciere": 365000.0, "type_local": null, "surface_reelle_bati": null, "nombre_pieces_principales": null, "adresse_nom_voie": "VILLAGE", "price_per_sqm": null, "date_iso": "2021-01-16", "parcelle": "773580000B1042", "addr_num": ""}}, {"type": "Feature", "geometry": {"type": "Point", "coordinates": [2.857874, 48.98504]}, "properties": {"year": 2021, "valeur_fonciere": 365000.0, "type_local": null, "surface_reelle_bati": null, "nombre_pieces_principales": null, "adresse_nom_voie": "VILLAGE", "price_per_sqm": null, "date_iso": "2021-01-16", "parcelle": "773580000B1045", "addr_num": ""}}, {"type": "Feature", "geometry": {"type": "Point", "coordinates": [2.857735, 48.985036]}, "properties": {"year": 2021, "valeur_fonciere": 365000.0, "type_local": null, "surface_reelle_bati": null, "nombre_pieces_principales": null, "adresse_nom_voie": "VILLAGE", "price_per_sqm": null, "date_iso": "2021-01-16", "parcelle": "773580000B1046", "addr_num": ""}}, {"type": "Feature", "geometry": {"type": "Point", "coordinates": [2.860056, 48.987794]}, "properties": {"year": 2021, "valeur_fonciere": 252500.0, "type_local": "Maison", "surface_reelle_bati": 86.0, "nombre_pieces_principales": 5.0, "adresse_nom_voie": "GR GRANDE RUE", "price_per_sqm": 2936.046511627907, "date_iso": "2021-01-29", "parcelle": "773580000B1192", "addr_num": "29"}}, {"type": "Feature", "geometry": {"type": "Point", "coordinates": [2.853418, 48.983539]}, "properties": {"year": 2021, "valeur_fonciere": 305000.0, "type_local": "Maison", "surface_reelle_bati": 69.0, "nombre_pieces_principales": 4.0, "adresse_nom_voie": "RUE DE LA RES DU BOIS DE PENCH", "price_per_sqm": 4420.289855072464, "date_iso": "2021-03-12", "parcelle": "773580000A0752", "addr_num": "24"}}, {"type": "Feature", "geometry": {"type": "Point", "coordinates": [2.853418, 48.983539]}, "properties": {"year": 2021, "valeur_fonciere": 305000.0, "type_local": "Maison", "surface_reelle_bati": 69.0, "nombre_pieces_principales": 4.0, "adresse_nom_voie": "RUE DE LA RES DU BOIS DE PENCH", "price_per_sqm": 4420.289855072464, "date_iso": "2021-03-12", "parcelle": "773580000A0752", "addr_num": "24"}}, {"type": "Feature", "geometry": {"type": "Point", "coordinates": [2.856035, 48.983959]}, "properties": {"year": 2021, "valeur_fonciere": 300000.0, "type_local": "Maison", "surface_reelle_bati": 90.0, "nombre_pieces_principales": 5.0, "adresse_nom_voie": "RUE DE LA RES DU BOIS DE PENCH", "price_per_sqm": 3333.3333333333335, "date_iso": "2021-03-08", "parcelle": "773580000A0734", "addr_num": "6"}}, {"type": "Feature", "geometry": {"type": "Point", "coordinates": [2.853557, 48.9915]}, "properties": {"year": 2021, "valeur_fonciere": 263000.0, "type_local": "Maison", "surface_reelle_bati": 102.0, "nombre_pieces_principales": 3.0, "adresse_nom_voie": "RUE DES ACACIAS", "price_per_sqm": 2578.4313725490197, "date_iso": "2021-03-25", "parcelle": "773580000A0844", "addr_num": "35"}}, {"type": "Feature", "geometry": {"type": "Point", "coordinates": [2.853557, 48.9915]}, "properties": {"year": 2021, "valeur_fonciere": 263000.0, "type_local": "Maison", "surface_reelle_bati": 102.0, "nombre_pieces_principales": 3.0, "adresse_nom_voie": "RUE DES ACACIAS", "price_per_sqm": 2578.4313725490197, "date_iso": "2021-03-25", "parcelle": "773580000A0844", "addr_num": "35"}}, {"type": "Feature", "geometry": {"type": "Point", "coordinates": [2.855361, 48.985774]}, "properties": {"year": 2021, "valeur_fonciere": 485762.0, "type_local": null, "surface_reelle_bati": null, "nombre_pieces_principales": null, "adresse_nom_voie": "LE DAUPHINE", "price_per_sqm": null, "date_iso": "2021-03-03", "parcelle": "773580000A0277", "addr_num": ""}}, {"type": "Feature", "geometry": {"type": "Point", "coordinates": [2.867348, 48.987891]}, "properties": {"year": 2021, "valeur_fonciere": 485762.0, "type_local": null, "surface_reelle_bati": null, "nombre_pieces_principales": null, "adresse_nom_voie": "LES COMMUNES", "price_per_sqm": null, "date_iso": "2021-03-03", "parcelle": "77358000ZC0204", "addr_num": ""}}, {"type": "Feature", "geometry": {"type": "Point", "coordinates": [2.871457, 48.987691]}, "properties": {"year": 2021, "valeur_fonciere": 485762.0, "type_local": null, "surface_reelle_bati": null, "nombre_pieces_principales": null, "adresse_nom_voie": "LES COMMUNES", "price_per_sqm": null, "date_iso": "2021-03-03", "parcelle": "77358000ZC0207", "addr_num": ""}}, {"type": "Feature", "geometry": {"type": "Point", "coordinates": [2.875137, 48.990246]}, "properties": {"year": 2021, "valeur_fonciere": 485762.0, "type_local": null, "surface_reelle_bati": null, "nombre_pieces_principales": null, "adresse_nom_voie": "LE FIDELIUM", "price_per_sqm": null, "date_iso": "2021-03-03", "parcelle": "77358000ZC0229", "addr_num": ""}}, {"type": "Feature", "geometry": {"type": "Point", "coordinates": [2.875137, 48.990246]}, "properties": {"year": 2021, "valeur_fonciere": 485762.0, "type_local": null, "surface_reelle_bati": null, "nombre_pieces_principales": null, "adresse_nom_voie": "LE FIDELIUM", "price_per_sqm": null, "date_iso": "2021-03-03", "parcelle": "77358000ZC0229", "addr_num": ""}}, {"type": "Feature", "geometry": {"type": "Point", "coordinates": [2.875137, 48.990246]}, "properties": {"year": 2021, "valeur_fonciere": 485762.0, "type_local": null, "surface_reelle_bati": null, "nombre_pieces_principales": null, "adresse_nom_voie": "LE FIDELIUM", "price_per_sqm": null, "date_iso": "2021-03-03", "parcelle": "77358000ZC0229", "addr_num": ""}}, {"type": "Feature", "geometry": {"type": "Point", "coordinates": [2.856158, 48.991465]}, "properties": {"year": 2021, "valeur_fonciere": 355130.0, "type_local": "Maison", "surface_reelle_bati": 96.0, "nombre_pieces_principales": 3.0, "adresse_nom_voie": "RUE DES ACACIAS", "price_per_sqm": 3699.2708333333335, "date_iso": "2021-04-01", "parcelle": "773580000A0854", "addr_num": "2"}}, {"type": "Feature", "geometry": {"type": "Point", "coordinates": [2.856158, 48.991465]}, "properties": {"year": 2021, "valeur_fonciere": 355130.0, "type_local": "Maison", "surface_reelle_bati": 96.0, "nombre_pieces_principales": 3.0, "adresse_nom_voie": "RUE DES ACACIAS", "price_per_sqm": 3699.2708333333335, "date_iso": "2021-04-01", "parcelle": "773580000A0854", "addr_num": "2"}}, {"type": "Feature", "geometry": {"type": "Point", "coordinates": [2.862795, 48.988442]}, "properties": {"year": 2021, "valeur_fonciere": 252500.0, "type_local": "Maison", "surface_reelle_bati": 91.0, "nombre_pieces_principales": 6.0, "adresse_nom_voie": "RUE DU TACOT", "price_per_sqm": 2774.7252747252746, "date_iso": "2021-04-23", "parcelle": "773580000B0841", "addr_num": "2"}}, {"type": "Feature", "geometry": {"type": "Point", "coordinates": [2.862795, 48.988442]}, "properties": {"year": 2021, "valeur_fonciere": 252500.0, "type_local": "Maison", "surface_reelle_bati": 91.0, "nombre_pieces_principales": 6.0, "adresse_nom_voie": "RUE DU TACOT", "price_per_sqm": 2774.7252747252746, "date_iso": "2021-04-23", "parcelle": "773580000B0841", "addr_num": "2"}}, {"type": "Feature", "geometry": {"type": "Point", "coordinates": [2.858347, 48.984169]}, "properties": {"year": 2021, "valeur_fonciere": 105000.0, "type_local": null, "surface_reelle_bati": null, "nombre_pieces_principales": null, "adresse_nom_voie": "RUE DU CHEMIN VERT", "price_per_sqm": null, "date_iso": "2021-05-07", "parcelle": "773580000B1182", "addr_num": "18"}}, {"type": "Feature", "geometry": {"type": "Point", "coordinates": [2.858435, 48.984189]}, "properties": {"year": 2021, "valeur_fonciere": 105000.0, "type_local": null, "surface_reelle_bati": null, "nombre_pieces_principales": null, "adresse_nom_voie": "RUE DU CHEMIN VERT", "price_per_sqm": null, "date_iso": "2021-05-07", "parcelle": "773580000B1184", "addr_num": "18"}}, {"type": "Feature", "geometry": {"type": "Point", "coordinates": [2.859842, 48.988075]}, "properties": {"year": 2021, "valeur_fonciere": 512050.0, "type_local": null, "surface_reelle_bati": null, "nombre_pieces_principales": null, "adresse_nom_voie": "RLE DE LA POMPE", "price_per_sqm": null, "date_iso": "2021-05-25", "parcelle": "773580000B1202", "addr_num": ""}}, {"type": "Feature", "geometry": {"type": "Point", "coordinates": [2.859519, 48.988148]}, "properties": {"year": 2021, "valeur_fonciere": 512050.0, "type_local": null, "surface_reelle_bati": null, "nombre_pieces_principales": null, "adresse_nom_voie": "RLE DE LA POMPE", "price_per_sqm": null, "date_iso": "2021-05-25", "parcelle": "773580000B1203", "addr_num": "9003"}}, {"type": "Feature", "geometry": {"type": "Point", "coordinates": [2.859185, 48.988207]}, "properties": {"year": 2021, "valeur_fonciere": 512050.0, "type_local": null, "surface_reelle_bati": null, "nombre_pieces_principales": null, "adresse_nom_voie": "RLE DE LA POMPE", "price_per_sqm": null, "date_iso": "2021-05-25", "parcelle": "773580000B1204", "addr_num": ""}}, {"type": "Feature", "geometry": {"type": "Point", "coordinates": [2.859532, 48.988247]}, "properties": {"year": 2021, "valeur_fonciere": 512050.0, "type_local": "Maison", "surface_reelle_bati": 200.0, "nombre_pieces_principales": 7.0, "adresse_nom_voie": "RLE DE LA POMPE", "price_per_sqm": 2560.25, "date_iso": "2021-05-25", "parcelle": "773580000B1205", "addr_num": "9003"}}, {"type": "Feature", "geometry": {"type": "Point", "coordinates": [2.859519, 48.988148]}, "properties": {"year": 2021, "valeur_fonciere": 283000.0, "type_local": null, "surface_reelle_bati": null, "nombre_pieces_principales": null, "adresse_nom_voie": "RLE DE LA POMPE", "price_per_sqm": null, "date_iso": "2021-05-25", "parcelle": "773580000B1203", "addr_num": "9003"}}, {"type": "Feature", "geometry": {"type": "Point", "coordinates": [2.859532, 48.988247]}, "properties": {"year": 2021, "valeur_fonciere": 283000.0, "type_local": "Maison", "surface_reelle_bati": 200.0, "nombre_pieces_principales": 7.0, "adresse_nom_voie": "RLE DE LA POMPE", "price_per_sqm": 1415.0, "date_iso": "2021-05-25", "parcelle": "773580000B1205", "addr_num": "9003"}}, {"type": "Feature", "geometry": {"type": "Point", "coordinates": [2.859185, 48.988207]}, "properties": {"year": 2021, "valeur_fonciere": 275000.0, "type_local": null, "surface_reelle_bati": null, "nombre_pieces_principales": null, "adresse_nom_voie": "RLE DE LA POMPE", "price_per_sqm": null, "date_iso": "2021-05-28", "parcelle": "773580000B1204", "addr_num": ""}}, {"type": "Feature", "geometry": {"type": "Point", "coordinates": [2.862591, 48.985762]}, "properties": {"year": 2021, "valeur_fonciere": 555000.0, "type_local": "Maison", "surface_reelle_bati": 138.0, "nombre_pieces_principales": 4.0, "adresse_nom_voie": "RUE LUCIEN DUQUESNE", "price_per_sqm": 4021.7391304347825, "date_iso": "2021-07-02", "parcelle": "77358000ZD0130", "addr_num": "9"}}, {"type": "Feature", "geometry": {"type": "Point", "coordinates": [2.862591, 48.985762]}, "properties": {"year": 2021, "valeur_fonciere": 555000.0, "type_local": "Dépendance", "surface_reelle_bati": null, "nombre_pieces_principales": 0.0, "adresse_nom_voie": "RUE LUCIEN DUQUESNE", "price_per_sqm": null, "date_iso": "2021-07-02", "parcelle": "77358000ZD0130", "addr_num": "9"}}, {"type": "Feature", "geometry": {"type": "Point", "coordinates": [2.862591, 48.985762]}, "properties": {"year": 2021, "valeur_fonciere": 555000.0, "type_local": "Dépendance", "surface_reelle_bati": null, "nombre_pieces_principales": 0.0, "adresse_nom_voie": "RUE LUCIEN DUQUESNE", "price_per_sqm": null, "date_iso": "2021-07-02", "parcelle": "77358000ZD0130", "addr_num": "9"}}, {"type": "Feature", "geometry": {"type": "Point", "coordinates": [2.862591, 48.985762]}, "properties": {"year": 2021, "valeur_fonciere": 555000.0, "type_local": "Maison", "surface_reelle_bati": 138.0, "nombre_pieces_principales": 4.0, "adresse_nom_voie": "RUE LUCIEN DUQUESNE", "price_per_sqm": 4021.7391304347825, "date_iso": "2021-07-02", "parcelle": "77358000ZD0130", "addr_num": "9"}}, {"type": "Feature", "geometry": {"type": "Point", "coordinates": [2.862591, 48.985762]}, "properties": {"year": 2021, "valeur_fonciere": 555000.0, "type_local": "Dépendance", "surface_reelle_bati": null, "nombre_pieces_principales": 0.0, "adresse_nom_voie": "RUE LUCIEN DUQUESNE", "price_per_sqm": null, "date_iso": "2021-07-02", "parcelle": "77358000ZD0130", "addr_num": "9"}}, {"type": "Feature", "geometry": {"type": "Point", "coordinates": [2.862591, 48.985762]}, "properties": {"year": 2021, "valeur_fonciere": 555000.0, "type_local": "Dépendance", "surface_reelle_bati": null, "nombre_pieces_principales": 0.0, "adresse_nom_voie": "RUE LUCIEN DUQUESNE", "price_per_sqm": null, "date_iso": "2021-07-02", "parcelle": "77358000ZD0130", "addr_num": "9"}}, {"type": "Feature", "geometry": {"type": "Point", "coordinates": [2.861272, 48.987499]}, "properties": {"year": 2021, "valeur_fonciere": 242650.0, "type_local": "Maison", "surface_reelle_bati": 89.0, "nombre_pieces_principales": 5.0, "adresse_nom_voie": "GR GRANDE RUE", "price_per_sqm": 2726.4044943820227, "date_iso": "2021-07-03", "parcelle": "773580000B0930", "addr_num": "28"}}, {"type": "Feature", "geometry": {"type": "Point", "coordinates": [2.861272, 48.987499]}, "properties": {"year": 2021, "valeur_fonciere": 242650.0, "type_local": "Dépendance", "surface_reelle_bati": null, "nombre_pieces_principales": 0.0, "adresse_nom_voie": "GR GRANDE RUE", "price_per_sqm": null, "date_iso": "2021-07-03", "parcelle": "773580000B0930", "addr_num": "28"}}, {"type": "Feature", "geometry": {"type": "Point", "coordinates": [2.863461, 48.985082]}, "properties": {"year": 2021, "valeur_fonciere": 217000.0, "type_local": null, "surface_reelle_bati": null, "nombre_pieces_principales": null, "adresse_nom_voie": "RUE LUCIEN DUQUESNE", "price_per_sqm": null, "date_iso": "2021-06-25", "parcelle": "77358000ZD0213", "addr_num": "16"}}, {"type": "Feature", "geometry": {"type": "Point", "coordinates": [2.863413, 48.985114]}, "properties": {"year": 2021, "valeur_fonciere": 217000.0, "type_local": null, "surface_reelle_bati": null, "nombre_pieces_principales": null, "adresse_nom_voie": "RUE LUCIEN DUQUESNE", "price_per_sqm": null, "date_iso": "2021-06-25", "parcelle": "77358000ZD0214", "addr_num": "14"}}, {"type": "Feature", "geometry": {"type": "Point", "coordinates": [2.863339, 48.985161]}, "properties": {"year": 2021, "valeur_fonciere": 217000.0, "type_local": null, "surface_reelle_bati": null, "nombre_pieces_principales": null, "adresse_nom_voie": "RUE LUCIEN DUQUESNE", "price_per_sqm": null, "date_iso": "2021-06-25", "parcelle": "77358000ZD0215", "addr_num": "14"}}, {"type": "Feature", "geometry": {"type": "Point", "coordinates": [2.863293, 48.985189]}, "properties": {"year": 2021, "valeur_fonciere": 217000.0, "type_local": null, "surface_reelle_bati": null, "nombre_pieces_principales": null, "adresse_nom_voie": "RUE LUCIEN DUQUESNE", "price_per_sqm": null, "date_iso": "2021-06-25", "parcelle": "77358000ZD0216", "addr_num": ""}}, {"type": "Feature", "geometry": {"type": "Point", "coordinates": [2.863596, 48.984963]}, "properties": {"year": 2021, "valeur_fonciere": 217000.0, "type_local": null, "surface_reelle_bati": null, "nombre_pieces_principales": null, "adresse_nom_voie": "RUE LUCIEN DUQUESNE", "price_per_sqm": null, "date_iso": "2021-06-25", "parcelle": "77358000ZD0217", "addr_num": "16"}}, {"type": "Feature", "geometry": {"type": "Point", "coordinates": [2.863558, 48.985022]}, "properties": {"year": 2021, "valeur_fonciere": 217000.0, "type_local": null, "surface_reelle_bati": null, "nombre_pieces_principales": null, "adresse_nom_voie": "RUE LUCIEN DUQUESNE", "price_per_sqm": null, "date_iso": "2021-06-25", "parcelle": "77358000ZD0218", "addr_num": "16"}}, {"type": "Feature", "geometry": {"type": "Point", "coordinates": [2.863496, 48.985061]}, "properties": {"year": 2021, "valeur_fonciere": 217000.0, "type_local": null, "surface_reelle_bati": null, "nombre_pieces_principales": null, "adresse_nom_voie": "RUE LUCIEN DUQUESNE", "price_per_sqm": null, "date_iso": "2021-06-25", "parcelle": "77358000ZD0219", "addr_num": "16"}}, {"type": "Feature", "geometry": {"type": "Point", "coordinates": [2.859891, 48.986688]}, "properties": {"year": 2021, "valeur_fonciere": 280700.0, "type_local": "Dépendance", "surface_reelle_bati": null, "nombre_pieces_principales": 0.0, "adresse_nom_voie": "PL DE LA MAIRIE", "price_per_sqm": null, "date_iso": "2021-07-27", "parcelle": "773580000B0870", "addr_num": "3"}}, {"type": "Feature", "geometry": {"type": "Point", "coordinates": [2.859891, 48.986688]}, "properties": {"year": 2021, "valeur_fonciere": 280700.0, "type_local": "Dépendance", "surface_reelle_bati": null, "nombre_pieces_principales": 0.0, "adresse_nom_voie": "PL DE LA MAIRIE", "price_per_sqm": null, "date_iso": "2021-07-27", "parcelle": "773580000B0870", "addr_num": "3"}}, {"type": "Feature", "geometry": {"type": "Point", "coordinates": [2.859891, 48.986688]}, "properties": {"year": 2021, "valeur_fonciere": 280700.0, "type_local": "Maison", "surface_reelle_bati": 170.0, "nombre_pieces_principales": 4.0, "adresse_nom_voie": "PL DE LA MAIRIE", "price_per_sqm": 1651.1764705882354, "date_iso": "2021-07-27", "parcelle": "773580000B0870", "addr_num": "3"}}, {"type": "Feature", "geometry": {"type": "Point", "coordinates": [2.859891, 48.986688]}, "properties": {"year": 2021, "valeur_fonciere": 280700.0, "type_local": "Dépendance", "surface_reelle_bati": null, "nombre_pieces_principales": 0.0, "adresse_nom_voie": "PL DE LA MAIRIE", "price_per_sqm": null, "date_iso": "2021-07-27", "parcelle": "773580000B0870", "addr_num": "3"}}, {"type": "Feature", "geometry": {"type": "Point", "coordinates": [2.860024, 48.986639]}, "properties": {"year": 2021, "valeur_fonciere": 280700.0, "type_local": null, "surface_reelle_bati": null, "nombre_pieces_principales": null, "adresse_nom_voie": "PL DE LA MAIRIE", "price_per_sqm": null, "date_iso": "2021-07-27", "parcelle": "773580000B0872", "addr_num": ""}}, {"type": "Feature", "geometry": {"type": "Point", "coordinates": [2.859858, 48.985804]}, "properties": {"year": 2021, "valeur_fonciere": 160000.0, "type_local": "Dépendance", "surface_reelle_bati": null, "nombre_pieces_principales": 0.0, "adresse_nom_voie": "RUE DE NEUFMONTIERS", "price_per_sqm": null, "date_iso": "2021-09-04", "parcelle": "773580000B0385", "addr_num": "3"}}, {"type": "Feature", "geometry": {"type": "Point", "coordinates": [2.859572, 48.985917]}, "properties": {"year": 2021, "valeur_fonciere": 160000.0, "type_local": "Maison", "surface_reelle_bati": 84.0, "nombre_pieces_principales": 4.0, "adresse_nom_voie": "RUE DE NEUFMONTIERS", "price_per_sqm": 1904.7619047619048, "date_iso": "2021-09-04", "parcelle": "773580000B0482", "addr_num": "10"}}, {"type": "Feature", "geometry": {"type": "Point", "coordinates": [2.859469, 48.985926]}, "properties": {"year": 2021, "valeur_fonciere": 160000.0, "type_local": null, "surface_reelle_bati": null, "nombre_pieces_principales": null, "adresse_nom_voie": "RUE DE NEUFMONTIERS", "price_per_sqm": null, "date_iso": "2021-09-04", "parcelle": "773580000B0483", "addr_num": ""}}, {"type": "Feature", "geometry": {"type": "Point", "coordinates": [2.86318, 48.985577]}, "properties": {"year": 2021, "valeur_fonciere": 517000.0, "type_local": "Maison", "surface_reelle_bati": 179.0, "nombre_pieces_principales": 5.0, "adresse_nom_voie": "RUE LUCIEN DUQUESNE", "price_per_sqm": 2888.268156424581, "date_iso": "2021-08-18", "parcelle": "77358000ZD0128", "addr_num": "11"}}, {"type": "Feature", "geometry": {"type": "Point", "coordinates": [2.86318, 48.985577]}, "properties": {"year": 2021, "valeur_fonciere": 517000.0, "type_local": "Maison", "surface_reelle_bati": 179.0, "nombre_pieces_principales": 5.0, "adresse_nom_voie": "RUE LUCIEN DUQUESNE", "price_per_sqm": 2888.268156424581, "date_iso": "2021-08-18", "parcelle": "77358000ZD0128", "addr_num": "11"}}, {"type": "Feature", "geometry": {"type": "Point", "coordinates": [2.854859, 48.992324]}, "properties": {"year": 2021, "valeur_fonciere": 400000.0, "type_local": "Maison", "surface_reelle_bati": 94.0, "nombre_pieces_principales": 4.0, "adresse_nom_voie": "CHE DE LA MARE LORIN", "price_per_sqm": 4255.31914893617, "date_iso": "2021-08-31", "parcelle": "77358000ZA0105", "addr_num": "6"}}, {"type": "Feature", "geometry": {"type": "Point", "coordinates": [2.854859, 48.992324]}, "properties": {"year": 2021, "valeur_fonciere": 400000.0, "type_local": "Maison", "surface_reelle_bati": 94.0, "nombre_pieces_principales": 4.0, "adresse_nom_voie": "CHE DE LA MARE LORIN", "price_per_sqm": 4255.31914893617, "date_iso": "2021-08-31", "parcelle": "77358000ZA0105", "addr_num": "6"}}, {"type": "Feature", "geometry": {"type": "Point", "coordinates": [2.861718, 48.986423]}, "properties": {"year": 2021, "valeur_fonciere": 270000.0, "type_local": "Maison", "surface_reelle_bati": 74.0, "nombre_pieces_principales": 3.0, "adresse_nom_voie": "RUE LUCIEN DUQUESNE", "price_per_sqm": 3648.6486486486488, "date_iso": "2021-09-09", "parcelle": "773580000B1148", "addr_num": "3"}}, {"type": "Feature", "geometry": {"type": "Point", "coordinates": [2.861499, 48.9862]}, "properties": {"year": 2021, "valeur_fonciere": 270000.0, "type_local": null, "surface_reelle_bati": null, "nombre_pieces_principales": null, "adresse_nom_voie": "VILLAGE", "price_per_sqm": null, "date_iso": "2021-09-09", "parcelle": "773580000B1150", "addr_num": ""}}, {"type": "Feature", "geometry": {"type": "Point", "coordinates": [2.861586, 48.986346]}, "properties": {"year": 2021, "valeur_fonciere": 270000.0, "type_local": null, "surface_reelle_bati": null, "nombre_pieces_principales": null, "adresse_nom_voie": "RUE LUCIEN DUQUESNE", "price_per_sqm": null, "date_iso": "2021-09-09", "parcelle": "773580000B1158", "addr_num": "3"}}, {"type": "Feature", "geometry": {"type": "Point", "coordinates": [2.859842, 48.988075]}, "properties": {"year": 2021, "valeur_fonciere": 145000.0, "type_local": null, "surface_reelle_bati": null, "nombre_pieces_principales": null, "adresse_nom_voie": "RLE DE LA POMPE", "price_per_sqm": null, "date_iso": "2021-09-28", "parcelle": "773580000B1202", "addr_num": ""}}, {"type": "Feature", "geometry": {"type": "Point", "coordinates": [2.861005, 48.986836]}, "properties": {"year": 2021, "valeur_fonciere": 195000.0, "type_local": "Dépendance", "surface_reelle_bati": null, "nombre_pieces_principales": 0.0, "adresse_nom_voie": "GR GRANDE RUE", "price_per_sqm": null, "date_iso": "2021-10-27", "parcelle": "773580000B0865", "addr_num": "16"}}, {"type": "Feature", "geometry": {"type": "Point", "coordinates": [2.861005, 48.986836]}, "properties": {"year": 2021, "valeur_fonciere": 195000.0, "type_local": "Dépendance", "surface_reelle_bati": null, "nombre_pieces_principales": 0.0, "adresse_nom_voie": "GR GRANDE RUE", "price_per_sqm": null, "date_iso": "2021-10-27", "parcelle": "773580000B0865", "addr_num": "16"}}, {"type": "Feature", "geometry": {"type": "Point", "coordinates": [2.861005, 48.986836]}, "properties": {"year": 2021, "valeur_fonciere": 195000.0, "type_local": "Maison", "surface_reelle_bati": 114.0, "nombre_pieces_principales": 5.0, "adresse_nom_voie": "GR GRANDE RUE", "price_per_sqm": 1710.5263157894738, "date_iso": "2021-10-27", "parcelle": "773580000B0865", "addr_num": "16"}}, {"type": "Feature", "geometry": {"type": "Point", "coordinates": [2.860946, 48.986918]}, "properties": {"year": 2021, "valeur_fonciere": 195000.0, "type_local": null, "surface_reelle_bati": null, "nombre_pieces_principales": null, "adresse_nom_voie": "VILLAGE", "price_per_sqm": null, "date_iso": "2021-10-27", "parcelle": "773580000B0910", "addr_num": ""}}, {"type": "Feature", "geometry": {"type": "Point", "coordinates": [2.860677, 48.986955]}, "properties": {"year": 2021, "valeur_fonciere": 195000.0, "type_local": null, "surface_reelle_bati": null, "nombre_pieces_principales": null, "adresse_nom_voie": "VILLAGE", "price_per_sqm": null, "date_iso": "2021-10-27", "parcelle": "773580000B1117", "addr_num": ""}}, {"type": "Feature", "geometry": {"type": "Point", "coordinates": [2.859701, 48.986093]}, "properties": {"year": 2021, "valeur_fonciere": 222000.0, "type_local": null, "surface_reelle_bati": null, "nombre_pieces_principales": null, "adresse_nom_voie": "RUE DE NEUFMONTIERS", "price_per_sqm": null, "date_iso": "2021-10-13", "parcelle": "773580000B1057", "addr_num": "6"}}, {"type": "Feature", "geometry": {"type": "Point", "coordinates": [2.859632, 48.986033]}, "properties": {"year": 2021, "valeur_fonciere": 222000.0, "type_local": null, "surface_reelle_bati": null, "nombre_pieces_principales": null, "adresse_nom_voie": "RUE DE NEUFMONTIERS", "price_per_sqm": null, "date_iso": "2021-10-13", "parcelle": "773580000B1058", "addr_num": "6"}}, {"type": "Feature", "geometry": {"type": "Point", "coordinates": [2.859676, 48.986095]}, "properties": {"year": 2021, "valeur_fonciere": 222000.0, "type_local": "Maison", "surface_reelle_bati": 96.0, "nombre_pieces_principales": 5.0, "adresse_nom_voie": "RUE DE NEUFMONTIERS", "price_per_sqm": 2312.5, "date_iso": "2021-10-13", "parcelle": "773580000B1059", "addr_num": "6"}}, {"type": "Feature", "geometry": {"type": "Point", "coordinates": [2.861015, 48.989067]}, "properties": {"year": 2021, "valeur_fonciere": 280000.0, "type_local": null, "surface_reelle_bati": null, "nombre_pieces_principales": null, "adresse_nom_voie": "LES GRANDS JARDINS", "price_per_sqm": null, "date_iso": "2021-10-28", "parcelle": "773580000B0641", "addr_num": ""}}, {"type": "Feature", "geometry": {"type": "Point", "coordinates": [2.861078, 48.989188]}, "properties": {"year": 2021, "valeur_fonciere": 280000.0, "type_local": "Maison", "surface_reelle_bati": 63.0, "nombre_pieces_principales": 3.0, "adresse_nom_voie": "ALL DES GRANDS JARDINS", "price_per_sqm": 4444.444444444444, "date_iso": "2021-10-28", "parcelle": "773580000B0647", "addr_num": "9001"}}, {"type": "Feature", "geometry": {"type": "Point", "coordinates": [2.861451, 48.98773]}, "properties": {"year": 2021, "valeur_fonciere": 322000.0, "type_local": "Maison", "surface_reelle_bati": 100.0, "nombre_pieces_principales": 3.0, "adresse_nom_voie": "RUE DE CHAMBRY", "price_per_sqm": 3220.0, "date_iso": "2021-10-20", "parcelle": "773580000B1062", "addr_num": "2"}}, {"type": "Feature", "geometry": {"type": "Point", "coordinates": [2.861451, 48.98773]}, "properties": {"year": 2021, "valeur_fonciere": 322000.0, "type_local": "Dépendance", "surface_reelle_bati": null, "nombre_pieces_principales": 0.0, "adresse_nom_voie": "RUE DE CHAMBRY", "price_per_sqm": null, "date_iso": "2021-10-20", "parcelle": "773580000B1062", "addr_num": "2"}}, {"type": "Feature", "geometry": {"type": "Point", "coordinates": [2.861451, 48.98773]}, "properties": {"year": 2021, "valeur_fonciere": 322000.0, "type_local": "Maison", "surface_reelle_bati": 100.0, "nombre_pieces_principales": 3.0, "adresse_nom_voie": "RUE DE CHAMBRY", "price_per_sqm": 3220.0, "date_iso": "2021-10-20", "parcelle": "773580000B1062", "addr_num": "2"}}, {"type": "Feature", "geometry": {"type": "Point", "coordinates": [2.861451, 48.98773]}, "properties": {"year": 2021, "valeur_fonciere": 322000.0, "type_local": "Dépendance", "surface_reelle_bati": null, "nombre_pieces_principales": 0.0, "adresse_nom_voie": "RUE DE CHAMBRY", "price_per_sqm": null, "date_iso": "2021-10-20", "parcelle": "773580000B1062", "addr_num": "2"}}, {"type": "Feature", "geometry": {"type": "Point", "coordinates": [2.858712, 48.984901]}, "properties": {"year": 2021, "valeur_fonciere": 232500.0, "type_local": "Maison", "surface_reelle_bati": 110.0, "nombre_pieces_principales": 4.0, "adresse_nom_voie": "RUE DE NEUFMONTIERS", "price_per_sqm": 2113.6363636363635, "date_iso": "2021-11-17", "parcelle": "773580000B0456", "addr_num": "34"}}, {"type": "Feature", "geometry": {"type": "Point", "coordinates": [2.85867, 48.984805]}, "properties": {"year": 2021, "valeur_fonciere": 232500.0, "type_local": null, "surface_reelle_bati": null, "nombre_pieces_principales": null, "adresse_nom_voie": "RUE DE NEUFMONTIERS", "price_per_sqm": null, "date_iso": "2021-11-17", "parcelle": "773580000B1211", "addr_num": ""}}, {"type": "Feature", "geometry": {"type": "Point", "coordinates": [2.858616, 48.984875]}, "properties": {"year": 2021, "valeur_fonciere": 232500.0, "type_local": null, "surface_reelle_bati": null, "nombre_pieces_principales": null, "adresse_nom_voie": "VILLAGE", "price_per_sqm": null, "date_iso": "2021-11-17", "parcelle": "773580000B1213", "addr_num": ""}}, {"type": "Feature", "geometry": {"type": "Point", "coordinates": [2.85867, 48.984735]}, "properties": {"year": 2021, "valeur_fonciere": 232500.0, "type_local": null, "surface_reelle_bati": null, "nombre_pieces_principales": null, "adresse_nom_voie": "RUE DE NEUFMONTIERS", "price_per_sqm": null, "date_iso": "2021-11-17", "parcelle": "773580000B1217", "addr_num": ""}}, {"type": "Feature", "geometry": {"type": "Point", "coordinates": [2.862314, 48.987468]}, "properties": {"year": 2022, "valeur_fonciere": 517000.0, "type_local": "Maison", "surface_reelle_bati": 114.0, "nombre_pieces_principales": 5.0, "adresse_nom_voie": "AV DES BLEUETS", "price_per_sqm": 4535.087719298245, "date_iso": "2022-01-21", "parcelle": "77358000ZD0065", "addr_num": "8"}}, {"type": "Feature", "geometry": {"type": "Point", "coordinates": [2.862314, 48.987468]}, "properties": {"year": 2022, "valeur_fonciere": 517000.0, "type_local": "Maison", "surface_reelle_bati": 114.0, "nombre_pieces_principales": 5.0, "adresse_nom_voie": "AV DES BLEUETS", "price_per_sqm": 4535.087719298245, "date_iso": "2022-01-21", "parcelle": "77358000ZD0065", "addr_num": "8"}}, {"type": "Feature", "geometry": {"type": "Point", "coordinates": [2.857118, 48.990995]}, "properties": {"year": 2022, "valeur_fonciere": 205000.0, "type_local": "Maison", "surface_reelle_bati": 98.0, "nombre_pieces_principales": 5.0, "adresse_nom_voie": "ALL DES MERISIERS", "price_per_sqm": 2091.8367346938776, "date_iso": "2022-01-19", "parcelle": "773580000A0718", "addr_num": "8"}}, {"type": "Feature", "geometry": {"type": "Point", "coordinates": [2.857118, 48.990995]}, "properties": {"year": 2022, "valeur_fonciere": 205000.0, "type_local": "Dépendance", "surface_reelle_bati": null, "nombre_pieces_principales": 0.0, "adresse_nom_voie": "ALL DES MERISIERS", "price_per_sqm": null, "date_iso": "2022-01-19", "parcelle": "773580000A0718", "addr_num": "8"}}, {"type": "Feature", "geometry": {"type": "Point", "coordinates": [2.85434, 48.99254]}, "properties": {"year": 2022, "valeur_fonciere": 177000.0, "type_local": "Dépendance", "surface_reelle_bati": null, "nombre_pieces_principales": 0.0, "adresse_nom_voie": "IMP DES AULNES", "price_per_sqm": null, "date_iso": "2022-02-15", "parcelle": "77358000ZA0141", "addr_num": "4"}}, {"type": "Feature", "geometry": {"type": "Point", "coordinates": [2.85434, 48.99254]}, "properties": {"year": 2022, "valeur_fonciere": 177000.0, "type_local": "Appartement", "surface_reelle_bati": 106.0, "nombre_pieces_principales": 4.0, "adresse_nom_voie": "IMP DES AULNES", "price_per_sqm": 1669.811320754717, "date_iso": "2022-02-15", "parcelle": "77358000ZA0141", "addr_num": "4"}}, {"type": "Feature", "geometry": {"type": "Point", "coordinates": [2.858333, 48.984833]}, "properties": {"year": 2022, "valeur_fonciere": 299000.0, "type_local": null, "surface_reelle_bati": null, "nombre_pieces_principales": null, "adresse_nom_voie": "RUE DE NEUFMONTIERS", "price_per_sqm": null, "date_iso": "2022-04-26", "parcelle": "773580000B1215", "addr_num": "34"}}, {"type": "Feature", "geometry": {"type": "Point", "coordinates": [2.859499, 48.984544]}, "properties": {"year": 2022, "valeur_fonciere": 1950000.0, "type_local": "Dépendance", "surface_reelle_bati": null, "nombre_pieces_principales": 0.0, "adresse_nom_voie": "RUE DE NEUFMONTIERS", "price_per_sqm": null, "date_iso": "2022-04-29", "parcelle": "773580000B1048", "addr_num": "27"}}, {"type": "Feature", "geometry": {"type": "Point", "coordinates": [2.859499, 48.984544]}, "properties": {"year": 2022, "valeur_fonciere": 1950000.0, "type_local": "Dépendance", "surface_reelle_bati": null, "nombre_pieces_principales": 0.0, "adresse_nom_voie": "RUE DE NEUFMONTIERS", "price_per_sqm": null, "date_iso": "2022-04-29", "parcelle": "773580000B1048", "addr_num": "27"}}, {"type": "Feature", "geometry": {"type": "Point", "coordinates": [2.859499, 48.984544]}, "properties": {"year": 2022, "valeur_fonciere": 1950000.0, "type_local": "Appartement", "surface_reelle_bati": 37.0, "nombre_pieces_principales": 2.0, "adresse_nom_voie": "RUE DE NEUFMONTIERS", "price_per_sqm": 52702.7027027027, "date_iso": "2022-04-29", "parcelle": "773580000B1048", "addr_num": "27"}}, {"type": "Feature", "geometry": {"type": "Point", "coordinates": [2.859499, 48.984544]}, "properties": {"year": 2022, "valeur_fonciere": 1950000.0, "type_local": "Dépendance", "surface_reelle_bati": null, "nombre_pieces_principales": 0.0, "adresse_nom_voie": "RUE DE NEUFMONTIERS", "price_per_sqm": null, "date_iso": "2022-04-29", "parcelle": "773580000B1048", "addr_num": "27"}}, {"type": "Feature", "geometry": {"type": "Point", "coordinates": [2.859499, 48.984544]}, "properties": {"year": 2022, "valeur_fonciere": 1950000.0, "type_local": "Appartement", "surface_reelle_bati": 42.0, "nombre_pieces_principales": 2.0, "adresse_nom_voie": "RUE DE NEUFMONTIERS", "price_per_sqm": 46428.57142857143, "date_iso": "2022-04-29", "parcelle": "773580000B1048", "addr_num": "27"}}, {"type": "Feature", "geometry": {"type": "Point", "coordinates": [2.859499, 48.984544]}, "properties": {"year": 2022, "valeur_fonciere": 1950000.0, "type_local": "Dépendance", "surface_reelle_bati": null, "nombre_pieces_principales": 0.0, "adresse_nom_voie": "RUE DE NEUFMONTIERS", "price_per_sqm": null, "date_iso": "2022-04-29", "parcelle": "773580000B1048", "addr_num": "27"}}, {"type": "Feature", "geometry": {"type": "Point", "coordinates": [2.859499, 48.984544]}, "properties": {"year": 2022, "valeur_fonciere": 1950000.0, "type_local": "Appartement", "surface_reelle_bati": 62.0, "nombre_pieces_principales": 3.0, "adresse_nom_voie": "RUE DE NEUFMONTIERS", "price_per_sqm": 31451.612903225807, "date_iso": "2022-04-29", "parcelle": "773580000B1048", "addr_num": "27"}}, {"type": "Feature", "geometry": {"type": "Point", "coordinates": [2.859499, 48.984544]}, "properties": {"year": 2022, "valeur_fonciere": 1950000.0, "type_local": "Appartement", "surface_reelle_bati": 58.0, "nombre_pieces_principales": 3.0, "adresse_nom_voie": "RUE DE NEUFMONTIERS", "price_per_sqm": 33620.68965517241, "date_iso": "2022-04-29", "parcelle": "773580000B1048", "addr_num": "27"}}, {"type": "Feature", "geometry": {"type": "Point", "coordinates": [2.859499, 48.984544]}, "properties": {"year": 2022, "valeur_fonciere": 1950000.0, "type_local": "Dépendance", "surface_reelle_bati": null, "nombre_pieces_principales": 0.0, "adresse_nom_voie": "RUE DE NEUFMONTIERS", "price_per_sqm": null, "date_iso": "2022-04-29", "parcelle": "773580000B1048", "addr_num": "27"}}, {"type": "Feature", "geometry": {"type": "Point", "coordinates": [2.859499, 48.984544]}, "properties": {"year": 2022, "valeur_fonciere": 1950000.0, "type_local": "Appartement", "surface_reelle_bati": 39.0, "nombre_pieces_principales": 2.0, "adresse_nom_voie": "RUE DE NEUFMONTIERS", "price_per_sqm": 50000.0, "date_iso": "2022-04-29", "parcelle": "773580000B1048", "addr_num": "27"}}, {"type": "Feature", "geometry": {"type": "Point", "coordinates": [2.859499, 48.984544]}, "properties": {"year": 2022, "valeur_fonciere": 1950000.0, "type_local": "Dépendance", "surface_reelle_bati": null, "nombre_pieces_principales": 0.0, "adresse_nom_voie": "RUE DE NEUFMONTIERS", "price_per_sqm": null, "date_iso": "2022-04-29", "parcelle": "773580000B1048", "addr_num": "27"}}, {"type": "Feature", "geometry": {"type": "Point", "coordinates": [2.859499, 48.984544]}, "properties": {"year": 2022, "valeur_fonciere": 1950000.0, "type_local": "Appartement", "surface_reelle_bati": 45.0, "nombre_pieces_principales": 2.0, "adresse_nom_voie": "RUE DE NEUFMONTIERS", "price_per_sqm": 43333.333333333336, "date_iso": "2022-04-29", "parcelle": "773580000B1048", "addr_num": "27"}}, {"type": "Feature", "geometry": {"type": "Point", "coordinates": [2.859499, 48.984544]}, "properties": {"year": 2022, "valeur_fonciere": 1950000.0, "type_local": "Dépendance", "surface_reelle_bati": null, "nombre_pieces_principales": 0.0, "adresse_nom_voie": "RUE DE NEUFMONTIERS", "price_per_sqm": null, "date_iso": "2022-04-29", "parcelle": "773580000B1048", "addr_num": "27"}}, {"type": "Feature", "geometry": {"type": "Point", "coordinates": [2.859499, 48.984544]}, "properties": {"year": 2022, "valeur_fonciere": 1950000.0, "type_local": "Dépendance", "surface_reelle_bati": null, "nombre_pieces_principales": 0.0, "adresse_nom_voie": "RUE DE NEUFMONTIERS", "price_per_sqm": null, "date_iso": "2022-04-29", "parcelle": "773580000B1048", "addr_num": "27"}}, {"type": "Feature", "geometry": {"type": "Point", "coordinates": [2.859499, 48.984544]}, "properties": {"year": 2022, "valeur_fonciere": 1950000.0, "type_local": "Appartement", "surface_reelle_bati": 62.0, "nombre_pieces_principales": 3.0, "adresse_nom_voie": "RUE DE NEUFMONTIERS", "price_per_sqm": 31451.612903225807, "date_iso": "2022-04-29", "parcelle": "773580000B1048", "addr_num": "27"}}, {"type": "Feature", "geometry": {"type": "Point", "coordinates": [2.859499, 48.984544]}, "properties": {"year": 2022, "valeur_fonciere": 1950000.0, "type_local": "Dépendance", "surface_reelle_bati": null, "nombre_pieces_principales": 0.0, "adresse_nom_voie": "RUE DE NEUFMONTIERS", "price_per_sqm": null, "date_iso": "2022-04-29", "parcelle": "773580000B1048", "addr_num": "27"}}, {"type": "Feature", "geometry": {"type": "Point", "coordinates": [2.859499, 48.984544]}, "properties": {"year": 2022, "valeur_fonciere": 1950000.0, "type_local": "Dépendance", "surface_reelle_bati": null, "nombre_pieces_principales": 0.0, "adresse_nom_voie": "RUE DE NEUFMONTIERS", "price_per_sqm": null, "date_iso": "2022-04-29", "parcelle": "773580000B1048", "addr_num": "27"}}, {"type": "Feature", "geometry": {"type": "Point", "coordinates": [2.859499, 48.984544]}, "properties": {"year": 2022, "valeur_fonciere": 1950000.0, "type_local": "Appartement", "surface_reelle_bati": 62.0, "nombre_pieces_principales": 3.0, "adresse_nom_voie": "RUE DE NEUFMONTIERS", "price_per_sqm": 31451.612903225807, "date_iso": "2022-04-29", "parcelle": "773580000B1048", "addr_num": "27"}}, {"type": "Feature", "geometry": {"type": "Point", "coordinates": [2.859499, 48.984544]}, "properties": {"year": 2022, "valeur_fonciere": 1950000.0, "type_local": "Appartement", "surface_reelle_bati": 42.0, "nombre_pieces_principales": 2.0, "adresse_nom_voie": "RUE DE NEUFMONTIERS", "price_per_sqm": 46428.57142857143, "date_iso": "2022-04-29", "parcelle": "773580000B1048", "addr_num": "27"}}, {"type": "Feature", "geometry": {"type": "Point", "coordinates": [2.859499, 48.984544]}, "properties": {"year": 2022, "valeur_fonciere": 1950000.0, "type_local": "Dépendance", "surface_reelle_bati": null, "nombre_pieces_principales": 0.0, "adresse_nom_voie": "RUE DE NEUFMONTIERS", "price_per_sqm": null, "date_iso": "2022-04-29", "parcelle": "773580000B1048", "addr_num": "27"}}, {"type": "Feature", "geometry": {"type": "Point", "coordinates": [2.859499, 48.984544]}, "properties": {"year": 2022, "valeur_fonciere": 1950000.0, "type_local": "Dépendance", "surface_reelle_bati": null, "nombre_pieces_principales": 0.0, "adresse_nom_voie": "RUE DE NEUFMONTIERS", "price_per_sqm": null, "date_iso": "2022-04-29", "parcelle": "773580000B1048", "addr_num": "27"}}, {"type": "Feature", "geometry": {"type": "Point", "coordinates": [2.859499, 48.984544]}, "properties": {"year": 2022, "valeur_fonciere": 1950000.0, "type_local": "Dépendance", "surface_reelle_bati": null, "nombre_pieces_principales": 0.0, "adresse_nom_voie": "RUE DE NEUFMONTIERS", "price_per_sqm": null, "date_iso": "2022-04-29", "parcelle": "773580000B1048", "addr_num": "27"}}, {"type": "Feature", "geometry": {"type": "Point", "coordinates": [2.859499, 48.984544]}, "properties": {"year": 2022, "valeur_fonciere": 1950000.0, "type_local": "Dépendance", "surface_reelle_bati": null, "nombre_pieces_principales": 0.0, "adresse_nom_voie": "RUE DE NEUFMONTIERS", "price_per_sqm": null, "date_iso": "2022-04-29", "parcelle": "773580000B1048", "addr_num": "27"}}, {"type": "Feature", "geometry": {"type": "Point", "coordinates": [2.859499, 48.984544]}, "properties": {"year": 2022, "valeur_fonciere": 1950000.0, "type_local": "Appartement", "surface_reelle_bati": 35.0, "nombre_pieces_principales": 2.0, "adresse_nom_voie": "RUE DE NEUFMONTIERS", "price_per_sqm": 55714.28571428572, "date_iso": "2022-04-29", "parcelle": "773580000B1048", "addr_num": "27"}}, {"type": "Feature", "geometry": {"type": "Point", "coordinates": [2.859499, 48.984544]}, "properties": {"year": 2022, "valeur_fonciere": 1950000.0, "type_local": "Appartement", "surface_reelle_bati": 58.0, "nombre_pieces_principales": 3.0, "adresse_nom_voie": "RUE DE NEUFMONTIERS", "price_per_sqm": 33620.68965517241, "date_iso": "2022-04-29", "parcelle": "773580000B1048", "addr_num": "27"}}, {"type": "Feature", "geometry": {"type": "Point", "coordinates": [2.859499, 48.984544]}, "properties": {"year": 2022, "valeur_fonciere": 1950000.0, "type_local": "Dépendance", "surface_reelle_bati": null, "nombre_pieces_principales": 0.0, "adresse_nom_voie": "RUE DE NEUFMONTIERS", "price_per_sqm": null, "date_iso": "2022-04-29", "parcelle": "773580000B1048", "addr_num": "27"}}, {"type": "Feature", "geometry": {"type": "Point", "coordinates": [2.859499, 48.984544]}, "properties": {"year": 2022, "valeur_fonciere": 1950000.0, "type_local": "Appartement", "surface_reelle_bati": 47.0, "nombre_pieces_principales": 3.0, "adresse_nom_voie": "RUE DE NEUFMONTIERS", "price_per_sqm": 41489.36170212766, "date_iso": "2022-04-29", "parcelle": "773580000B1048", "addr_num": "27"}}, {"type": "Feature", "geometry": {"type": "Point", "coordinates": [2.859499, 48.984544]}, "properties": {"year": 2022, "valeur_fonciere": 1950000.0, "type_local": "Appartement", "surface_reelle_bati": 38.0, "nombre_pieces_principales": 2.0, "adresse_nom_voie": "RUE DE NEUFMONTIERS", "price_per_sqm": 51315.78947368421, "date_iso": "2022-04-29", "parcelle": "773580000B1048", "addr_num": "27"}}, {"type": "Feature", "geometry": {"type": "Point", "coordinates": [2.859499, 48.984544]}, "properties": {"year": 2022, "valeur_fonciere": 1950000.0, "type_local": "Dépendance", "surface_reelle_bati": null, "nombre_pieces_principales": 0.0, "adresse_nom_voie": "RUE DE NEUFMONTIERS", "price_per_sqm": null, "date_iso": "2022-04-29", "parcelle": "773580000B1048", "addr_num": "27"}}, {"type": "Feature", "geometry": {"type": "Point", "coordinates": [2.859499, 48.984544]}, "properties": {"year": 2022, "valeur_fonciere": 1950000.0, "type_local": "Dépendance", "surface_reelle_bati": null, "nombre_pieces_principales": 0.0, "adresse_nom_voie": "RUE DE NEUFMONTIERS", "price_per_sqm": null, "date_iso": "2022-04-29", "parcelle": "773580000B1048", "addr_num": "27"}}, {"type": "Feature", "geometry": {"type": "Point", "coordinates": [2.859499, 48.984544]}, "properties": {"year": 2022, "valeur_fonciere": 1950000.0, "type_local": "Dépendance", "surface_reelle_bati": null, "nombre_pieces_principales": 0.0, "adresse_nom_voie": "RUE DE NEUFMONTIERS", "price_per_sqm": null, "date_iso": "2022-04-29", "parcelle": "773580000B1048", "addr_num": "27"}}, {"type": "Feature", "geometry": {"type": "Point", "coordinates": [2.859499, 48.984544]}, "properties": {"year": 2022, "valeur_fonciere": 1950000.0, "type_local": "Appartement", "surface_reelle_bati": 39.0, "nombre_pieces_principales": 2.0, "adresse_nom_voie": "RUE DE NEUFMONTIERS", "price_per_sqm": 50000.0, "date_iso": "2022-04-29", "parcelle": "773580000B1048", "addr_num": "27"}}, {"type": "Feature", "geometry": {"type": "Point", "coordinates": [2.859499, 48.984544]}, "properties": {"year": 2022, "valeur_fonciere": 1950000.0, "type_local": "Dépendance", "surface_reelle_bati": null, "nombre_pieces_principales": 0.0, "adresse_nom_voie": "RUE DE NEUFMONTIERS", "price_per_sqm": null, "date_iso": "2022-04-29", "parcelle": "773580000B1048", "addr_num": "27"}}, {"type": "Feature", "geometry": {"type": "Point", "coordinates": [2.859499, 48.984544]}, "properties": {"year": 2022, "valeur_fonciere": 1950000.0, "type_local": "Appartement", "surface_reelle_bati": 45.0, "nombre_pieces_principales": 2.0, "adresse_nom_voie": "RUE DE NEUFMONTIERS", "price_per_sqm": 43333.333333333336, "date_iso": "2022-04-29", "parcelle": "773580000B1048", "addr_num": "27"}}, {"type": "Feature", "geometry": {"type": "Point", "coordinates": [2.859499, 48.984544]}, "properties": {"year": 2022, "valeur_fonciere": 1950000.0, "type_local": "Dépendance", "surface_reelle_bati": null, "nombre_pieces_principales": 0.0, "adresse_nom_voie": "RUE DE NEUFMONTIERS", "price_per_sqm": null, "date_iso": "2022-04-29", "parcelle": "773580000B1048", "addr_num": "27"}}, {"type": "Feature", "geometry": {"type": "Point", "coordinates": [2.859499, 48.984544]}, "properties": {"year": 2022, "valeur_fonciere": 1950000.0, "type_local": "Dépendance", "surface_reelle_bati": null, "nombre_pieces_principales": 0.0, "adresse_nom_voie": "RUE DE NEUFMONTIERS", "price_per_sqm": null, "date_iso": "2022-04-29", "parcelle": "773580000B1048", "addr_num": "27"}}, {"type": "Feature", "geometry": {"type": "Point", "coordinates": [2.859499, 48.984544]}, "properties": {"year": 2022, "valeur_fonciere": 1950000.0, "type_local": "Appartement", "surface_reelle_bati": 62.0, "nombre_pieces_principales": 3.0, "adresse_nom_voie": "RUE DE NEUFMONTIERS", "price_per_sqm": 31451.612903225807, "date_iso": "2022-04-29", "parcelle": "773580000B1048", "addr_num": "27"}}, {"type": "Feature", "geometry": {"type": "Point", "coordinates": [2.859499, 48.984544]}, "properties": {"year": 2022, "valeur_fonciere": 1950000.0, "type_local": "Dépendance", "surface_reelle_bati": null, "nombre_pieces_principales": 0.0, "adresse_nom_voie": "RUE DE NEUFMONTIERS", "price_per_sqm": null, "date_iso": "2022-04-29", "parcelle": "773580000B1048", "addr_num": "27"}}, {"type": "Feature", "geometry": {"type": "Point", "coordinates": [2.859499, 48.984544]}, "properties": {"year": 2022, "valeur_fonciere": 1950000.0, "type_local": "Appartement", "surface_reelle_bati": 42.0, "nombre_pieces_principales": 2.0, "adresse_nom_voie": "RUE DE NEUFMONTIERS", "price_per_sqm": 46428.57142857143, "date_iso": "2022-04-29", "parcelle": "773580000B1048", "addr_num": "27"}}, {"type": "Feature", "geometry": {"type": "Point", "coordinates": [2.859499, 48.984544]}, "properties": {"year": 2022, "valeur_fonciere": 1950000.0, "type_local": "Dépendance", "surface_reelle_bati": null, "nombre_pieces_principales": 0.0, "adresse_nom_voie": "RUE DE NEUFMONTIERS", "price_per_sqm": null, "date_iso": "2022-04-29", "parcelle": "773580000B1048", "addr_num": "27"}}, {"type": "Feature", "geometry": {"type": "Point", "coordinates": [2.859499, 48.984544]}, "properties": {"year": 2022, "valeur_fonciere": 1950000.0, "type_local": "Dépendance", "surface_reelle_bati": null, "nombre_pieces_principales": 0.0, "adresse_nom_voie": "RUE DE NEUFMONTIERS", "price_per_sqm": null, "date_iso": "2022-04-29", "parcelle": "773580000B1048", "addr_num": "27"}}, {"type": "Feature", "geometry": {"type": "Point", "coordinates": [2.859499, 48.984544]}, "properties": {"year": 2022, "valeur_fonciere": 1950000.0, "type_local": "Dépendance", "surface_reelle_bati": null, "nombre_pieces_principales": 0.0, "adresse_nom_voie": "RUE DE NEUFMONTIERS", "price_per_sqm": null, "date_iso": "2022-04-29", "parcelle": "773580000B1048", "addr_num": "27"}}, {"type": "Feature", "geometry": {"type": "Point", "coordinates": [2.859499, 48.984544]}, "properties": {"year": 2022, "valeur_fonciere": 1950000.0, "type_local": "Appartement", "surface_reelle_bati": 48.0, "nombre_pieces_principales": 2.0, "adresse_nom_voie": "RUE DE NEUFMONTIERS", "price_per_sqm": 40625.0, "date_iso": "2022-04-29", "parcelle": "773580000B1048", "addr_num": "27"}}, {"type": "Feature", "geometry": {"type": "Point", "coordinates": [2.859499, 48.984544]}, "properties": {"year": 2022, "valeur_fonciere": 1950000.0, "type_local": "Dépendance", "surface_reelle_bati": null, "nombre_pieces_principales": 0.0, "adresse_nom_voie": "RUE DE NEUFMONTIERS", "price_per_sqm": null, "date_iso": "2022-04-29", "parcelle": "773580000B1048", "addr_num": "27"}}, {"type": "Feature", "geometry": {"type": "Point", "coordinates": [2.859499, 48.984544]}, "properties": {"year": 2022, "valeur_fonciere": 1950000.0, "type_local": "Dépendance", "surface_reelle_bati": null, "nombre_pieces_principales": 0.0, "adresse_nom_voie": "RUE DE NEUFMONTIERS", "price_per_sqm": null, "date_iso": "2022-04-29", "parcelle": "773580000B1048", "addr_num": "27"}}, {"type": "Feature", "geometry": {"type": "Point", "coordinates": [2.859499, 48.984544]}, "properties": {"year": 2022, "valeur_fonciere": 1950000.0, "type_local": "Dépendance", "surface_reelle_bati": null, "nombre_pieces_principales": 0.0, "adresse_nom_voie": "RUE DE NEUFMONTIERS", "price_per_sqm": null, "date_iso": "2022-04-29", "parcelle": "773580000B1048", "addr_num": "27"}}, {"type": "Feature", "geometry": {"type": "Point", "coordinates": [2.859499, 48.984544]}, "properties": {"year": 2022, "valeur_fonciere": 1950000.0, "type_local": "Appartement", "surface_reelle_bati": 48.0, "nombre_pieces_principales": 2.0, "adresse_nom_voie": "RUE DE NEUFMONTIERS", "price_per_sqm": 40625.0, "date_iso": "2022-04-29", "parcelle": "773580000B1048", "addr_num": "27"}}, {"type": "Feature", "geometry": {"type": "Point", "coordinates": [2.859499, 48.984544]}, "properties": {"year": 2022, "valeur_fonciere": 1950000.0, "type_local": "Dépendance", "surface_reelle_bati": null, "nombre_pieces_principales": 0.0, "adresse_nom_voie": "RUE DE NEUFMONTIERS", "price_per_sqm": null, "date_iso": "2022-04-29", "parcelle": "773580000B1048", "addr_num": "27"}}, {"type": "Feature", "geometry": {"type": "Point", "coordinates": [2.859499, 48.984544]}, "properties": {"year": 2022, "valeur_fonciere": 1950000.0, "type_local": "Appartement", "surface_reelle_bati": 42.0, "nombre_pieces_principales": 2.0, "adresse_nom_voie": "RUE DE NEUFMONTIERS", "price_per_sqm": 46428.57142857143, "date_iso": "2022-04-29", "parcelle": "773580000B1048", "addr_num": "27"}}, {"type": "Feature", "geometry": {"type": "Point", "coordinates": [2.859499, 48.984544]}, "properties": {"year": 2022, "valeur_fonciere": 1950000.0, "type_local": "Dépendance", "surface_reelle_bati": null, "nombre_pieces_principales": 0.0, "adresse_nom_voie": "RUE DE NEUFMONTIERS", "price_per_sqm": null, "date_iso": "2022-04-29", "parcelle": "773580000B1048", "addr_num": "27"}}, {"type": "Feature", "geometry": {"type": "Point", "coordinates": [2.859499, 48.984544]}, "properties": {"year": 2022, "valeur_fonciere": 1950000.0, "type_local": "Dépendance", "surface_reelle_bati": null, "nombre_pieces_principales": 0.0, "adresse_nom_voie": "RUE DE NEUFMONTIERS", "price_per_sqm": null, "date_iso": "2022-04-29", "parcelle": "773580000B1048", "addr_num": "27"}}, {"type": "Feature", "geometry": {"type": "Point", "coordinates": [2.859499, 48.984544]}, "properties": {"year": 2022, "valeur_fonciere": 1950000.0, "type_local": "Dépendance", "surface_reelle_bati": null, "nombre_pieces_principales": 0.0, "adresse_nom_voie": "RUE DE NEUFMONTIERS", "price_per_sqm": null, "date_iso": "2022-04-29", "parcelle": "773580000B1048", "addr_num": "27"}}, {"type": "Feature", "geometry": {"type": "Point", "coordinates": [2.859499, 48.984544]}, "properties": {"year": 2022, "valeur_fonciere": 1950000.0, "type_local": "Dépendance", "surface_reelle_bati": null, "nombre_pieces_principales": 0.0, "adresse_nom_voie": "RUE DE NEUFMONTIERS", "price_per_sqm": null, "date_iso": "2022-04-29", "parcelle": "773580000B1048", "addr_num": "27"}}, {"type": "Feature", "geometry": {"type": "Point", "coordinates": [2.859499, 48.984544]}, "properties": {"year": 2022, "valeur_fonciere": 1950000.0, "type_local": "Appartement", "surface_reelle_bati": 38.0, "nombre_pieces_principales": 2.0, "adresse_nom_voie": "RUE DE NEUFMONTIERS", "price_per_sqm": 51315.78947368421, "date_iso": "2022-04-29", "parcelle": "773580000B1048", "addr_num": "27"}}, {"type": "Feature", "geometry": {"type": "Point", "coordinates": [2.859499, 48.984544]}, "properties": {"year": 2022, "valeur_fonciere": 1950000.0, "type_local": "Appartement", "surface_reelle_bati": 47.0, "nombre_pieces_principales": 3.0, "adresse_nom_voie": "RUE DE NEUFMONTIERS", "price_per_sqm": 41489.36170212766, "date_iso": "2022-04-29", "parcelle": "773580000B1048", "addr_num": "27"}}, {"type": "Feature", "geometry": {"type": "Point", "coordinates": [2.859499, 48.984544]}, "properties": {"year": 2022, "valeur_fonciere": 1950000.0, "type_local": "Appartement", "surface_reelle_bati": 35.0, "nombre_pieces_principales": 2.0, "adresse_nom_voie": "RUE DE NEUFMONTIERS", "price_per_sqm": 55714.28571428572, "date_iso": "2022-04-29", "parcelle": "773580000B1048", "addr_num": "27"}}, {"type": "Feature", "geometry": {"type": "Point", "coordinates": [2.859499, 48.984544]}, "properties": {"year": 2022, "valeur_fonciere": 1950000.0, "type_local": "Dépendance", "surface_reelle_bati": null, "nombre_pieces_principales": 0.0, "adresse_nom_voie": "RUE DE NEUFMONTIERS", "price_per_sqm": null, "date_iso": "2022-04-29", "parcelle": "773580000B1048", "addr_num": "27"}}, {"type": "Feature", "geometry": {"type": "Point", "coordinates": [2.859499, 48.984544]}, "properties": {"year": 2022, "valeur_fonciere": 1950000.0, "type_local": "Dépendance", "surface_reelle_bati": null, "nombre_pieces_principales": 0.0, "adresse_nom_voie": "RUE DE NEUFMONTIERS", "price_per_sqm": null, "date_iso": "2022-04-29", "parcelle": "773580000B1048", "addr_num": "27"}}, {"type": "Feature", "geometry": {"type": "Point", "coordinates": [2.859499, 48.984544]}, "properties": {"year": 2022, "valeur_fonciere": 1950000.0, "type_local": "Dépendance", "surface_reelle_bati": null, "nombre_pieces_principales": 0.0, "adresse_nom_voie": "RUE DE NEUFMONTIERS", "price_per_sqm": null, "date_iso": "2022-04-29", "parcelle": "773580000B1048", "addr_num": "27"}}, {"type": "Feature", "geometry": {"type": "Point", "coordinates": [2.859499, 48.984544]}, "properties": {"year": 2022, "valeur_fonciere": 1950000.0, "type_local": "Dépendance", "surface_reelle_bati": null, "nombre_pieces_principales": 0.0, "adresse_nom_voie": "RUE DE NEUFMONTIERS", "price_per_sqm": null, "date_iso": "2022-04-29", "parcelle": "773580000B1048", "addr_num": "27"}}, {"type": "Feature", "geometry": {"type": "Point", "coordinates": [2.859499, 48.984544]}, "properties": {"year": 2022, "valeur_fonciere": 1950000.0, "type_local": "Appartement", "surface_reelle_bati": 52.0, "nombre_pieces_principales": 3.0, "adresse_nom_voie": "RUE DE NEUFMONTIERS", "price_per_sqm": 37500.0, "date_iso": "2022-04-29", "parcelle": "773580000B1048", "addr_num": "27"}}, {"type": "Feature", "geometry": {"type": "Point", "coordinates": [2.859499, 48.984544]}, "properties": {"year": 2022, "valeur_fonciere": 1950000.0, "type_local": "Appartement", "surface_reelle_bati": 51.0, "nombre_pieces_principales": 2.0, "adresse_nom_voie": "RUE DE NEUFMONTIERS", "price_per_sqm": 38235.294117647056, "date_iso": "2022-04-29", "parcelle": "773580000B1048", "addr_num": "27"}}, {"type": "Feature", "geometry": {"type": "Point", "coordinates": [2.859499, 48.984544]}, "properties": {"year": 2022, "valeur_fonciere": 1950000.0, "type_local": "Appartement", "surface_reelle_bati": 53.0, "nombre_pieces_principales": 2.0, "adresse_nom_voie": "RUE DE NEUFMONTIERS", "price_per_sqm": 36792.45283018868, "date_iso": "2022-04-29", "parcelle": "773580000B1048", "addr_num": "27"}}, {"type": "Feature", "geometry": {"type": "Point", "coordinates": [2.859499, 48.984544]}, "properties": {"year": 2022, "valeur_fonciere": 1950000.0, "type_local": "Dépendance", "surface_reelle_bati": null, "nombre_pieces_principales": 0.0, "adresse_nom_voie": "RUE DE NEUFMONTIERS", "price_per_sqm": null, "date_iso": "2022-04-29", "parcelle": "773580000B1048", "addr_num": "27"}}, {"type": "Feature", "geometry": {"type": "Point", "coordinates": [2.859499, 48.984544]}, "properties": {"year": 2022, "valeur_fonciere": 1950000.0, "type_local": "Dépendance", "surface_reelle_bati": null, "nombre_pieces_principales": 0.0, "adresse_nom_voie": "RUE DE NEUFMONTIERS", "price_per_sqm": null, "date_iso": "2022-04-29", "parcelle": "773580000B1048", "addr_num": "27"}}, {"type": "Feature", "geometry": {"type": "Point", "coordinates": [2.859499, 48.984544]}, "properties": {"year": 2022, "valeur_fonciere": 1950000.0, "type_local": "Appartement", "surface_reelle_bati": 37.0, "nombre_pieces_principales": 2.0, "adresse_nom_voie": "RUE DE NEUFMONTIERS", "price_per_sqm": 52702.7027027027, "date_iso": "2022-04-29", "parcelle": "773580000B1048", "addr_num": "27"}}, {"type": "Feature", "geometry": {"type": "Point", "coordinates": [2.859499, 48.984544]}, "properties": {"year": 2022, "valeur_fonciere": 1950000.0, "type_local": "Dépendance", "surface_reelle_bati": null, "nombre_pieces_principales": 0.0, "adresse_nom_voie": "RUE DE NEUFMONTIERS", "price_per_sqm": null, "date_iso": "2022-04-29", "parcelle": "773580000B1048", "addr_num": "27"}}, {"type": "Feature", "geometry": {"type": "Point", "coordinates": [2.859499, 48.984544]}, "properties": {"year": 2022, "valeur_fonciere": 1950000.0, "type_local": "Appartement", "surface_reelle_bati": 44.0, "nombre_pieces_principales": 3.0, "adresse_nom_voie": "RUE DE NEUFMONTIERS", "price_per_sqm": 44318.181818181816, "date_iso": "2022-04-29", "parcelle": "773580000B1048", "addr_num": "27"}}, {"type": "Feature", "geometry": {"type": "Point", "coordinates": [2.859499, 48.984544]}, "properties": {"year": 2022, "valeur_fonciere": 1950000.0, "type_local": "Appartement", "surface_reelle_bati": 33.0, "nombre_pieces_principales": 2.0, "adresse_nom_voie": "RUE DE NEUFMONTIERS", "price_per_sqm": 59090.90909090909, "date_iso": "2022-04-29", "parcelle": "773580000B1048", "addr_num": "27"}}, {"type": "Feature", "geometry": {"type": "Point", "coordinates": [2.859499, 48.984544]}, "properties": {"year": 2022, "valeur_fonciere": 1950000.0, "type_local": "Appartement", "surface_reelle_bati": 38.0, "nombre_pieces_principales": 2.0, "adresse_nom_voie": "RUE DE NEUFMONTIERS", "price_per_sqm": 51315.78947368421, "date_iso": "2022-04-29", "parcelle": "773580000B1048", "addr_num": "27"}}, {"type": "Feature", "geometry": {"type": "Point", "coordinates": [2.859499, 48.984544]}, "properties": {"year": 2022, "valeur_fonciere": 1950000.0, "type_local": "Dépendance", "surface_reelle_bati": null, "nombre_pieces_principales": 0.0, "adresse_nom_voie": "RUE DE NEUFMONTIERS", "price_per_sqm": null, "date_iso": "2022-04-29", "parcelle": "773580000B1048", "addr_num": "27"}}, {"type": "Feature", "geometry": {"type": "Point", "coordinates": [2.859499, 48.984544]}, "properties": {"year": 2022, "valeur_fonciere": 1950000.0, "type_local": "Dépendance", "surface_reelle_bati": null, "nombre_pieces_principales": 0.0, "adresse_nom_voie": "RUE DE NEUFMONTIERS", "price_per_sqm": null, "date_iso": "2022-04-29", "parcelle": "773580000B1048", "addr_num": "27"}}, {"type": "Feature", "geometry": {"type": "Point", "coordinates": [2.859499, 48.984544]}, "properties": {"year": 2022, "valeur_fonciere": 1950000.0, "type_local": "Appartement", "surface_reelle_bati": 44.0, "nombre_pieces_principales": 3.0, "adresse_nom_voie": "RUE DE NEUFMONTIERS", "price_per_sqm": 44318.181818181816, "date_iso": "2022-04-29", "parcelle": "773580000B1048", "addr_num": "27"}}, {"type": "Feature", "geometry": {"type": "Point", "coordinates": [2.859499, 48.984544]}, "properties": {"year": 2022, "valeur_fonciere": 1950000.0, "type_local": "Dépendance", "surface_reelle_bati": null, "nombre_pieces_principales": 0.0, "adresse_nom_voie": "RUE DE NEUFMONTIERS", "price_per_sqm": null, "date_iso": "2022-04-29", "parcelle": "773580000B1048", "addr_num": "27"}}, {"type": "Feature", "geometry": {"type": "Point", "coordinates": [2.859499, 48.984544]}, "properties": {"year": 2022, "valeur_fonciere": 1950000.0, "type_local": "Dépendance", "surface_reelle_bati": null, "nombre_pieces_principales": 0.0, "adresse_nom_voie": "RUE DE NEUFMONTIERS", "price_per_sqm": null, "date_iso": "2022-04-29", "parcelle": "773580000B1048", "addr_num": "27"}}, {"type": "Feature", "geometry": {"type": "Point", "coordinates": [2.859499, 48.984544]}, "properties": {"year": 2022, "valeur_fonciere": 1950000.0, "type_local": "Dépendance", "surface_reelle_bati": null, "nombre_pieces_principales": 0.0, "adresse_nom_voie": "RUE DE NEUFMONTIERS", "price_per_sqm": null, "date_iso": "2022-04-29", "parcelle": "773580000B1048", "addr_num": "27"}}, {"type": "Feature", "geometry": {"type": "Point", "coordinates": [2.859499, 48.984544]}, "properties": {"year": 2022, "valeur_fonciere": 1950000.0, "type_local": "Dépendance", "surface_reelle_bati": null, "nombre_pieces_principales": 0.0, "adresse_nom_voie": "RUE DE NEUFMONTIERS", "price_per_sqm": null, "date_iso": "2022-04-29", "parcelle": "773580000B1048", "addr_num": "27"}}, {"type": "Feature", "geometry": {"type": "Point", "coordinates": [2.859499, 48.984544]}, "properties": {"year": 2022, "valeur_fonciere": 1950000.0, "type_local": "Appartement", "surface_reelle_bati": 53.0, "nombre_pieces_principales": 2.0, "adresse_nom_voie": "RUE DE NEUFMONTIERS", "price_per_sqm": 36792.45283018868, "date_iso": "2022-04-29", "parcelle": "773580000B1048", "addr_num": "27"}}, {"type": "Feature", "geometry": {"type": "Point", "coordinates": [2.859499, 48.984544]}, "properties": {"year": 2022, "valeur_fonciere": 1950000.0, "type_local": "Appartement", "surface_reelle_bati": 33.0, "nombre_pieces_principales": 2.0, "adresse_nom_voie": "RUE DE NEUFMONTIERS", "price_per_sqm": 59090.90909090909, "date_iso": "2022-04-29", "parcelle": "773580000B1048", "addr_num": "27"}}, {"type": "Feature", "geometry": {"type": "Point", "coordinates": [2.859499, 48.984544]}, "properties": {"year": 2022, "valeur_fonciere": 1950000.0, "type_local": "Appartement", "surface_reelle_bati": 38.0, "nombre_pieces_principales": 2.0, "adresse_nom_voie": "RUE DE NEUFMONTIERS", "price_per_sqm": 51315.78947368421, "date_iso": "2022-04-29", "parcelle": "773580000B1048", "addr_num": "27"}}, {"type": "Feature", "geometry": {"type": "Point", "coordinates": [2.859499, 48.984544]}, "properties": {"year": 2022, "valeur_fonciere": 1950000.0, "type_local": "Dépendance", "surface_reelle_bati": null, "nombre_pieces_principales": 0.0, "adresse_nom_voie": "RUE DE NEUFMONTIERS", "price_per_sqm": null, "date_iso": "2022-04-29", "parcelle": "773580000B1048", "addr_num": "27"}}, {"type": "Feature", "geometry": {"type": "Point", "coordinates": [2.859499, 48.984544]}, "properties": {"year": 2022, "valeur_fonciere": 1950000.0, "type_local": "Dépendance", "surface_reelle_bati": null, "nombre_pieces_principales": 0.0, "adresse_nom_voie": "RUE DE NEUFMONTIERS", "price_per_sqm": null, "date_iso": "2022-04-29", "parcelle": "773580000B1048", "addr_num": "27"}}, {"type": "Feature", "geometry": {"type": "Point", "coordinates": [2.859499, 48.984544]}, "properties": {"year": 2022, "valeur_fonciere": 1950000.0, "type_local": "Appartement", "surface_reelle_bati": 52.0, "nombre_pieces_principales": 3.0, "adresse_nom_voie": "RUE DE NEUFMONTIERS", "price_per_sqm": 37500.0, "date_iso": "2022-04-29", "parcelle": "773580000B1048", "addr_num": "27"}}, {"type": "Feature", "geometry": {"type": "Point", "coordinates": [2.859499, 48.984544]}, "properties": {"year": 2022, "valeur_fonciere": 1950000.0, "type_local": "Appartement", "surface_reelle_bati": 51.0, "nombre_pieces_principales": 2.0, "adresse_nom_voie": "RUE DE NEUFMONTIERS", "price_per_sqm": 38235.294117647056, "date_iso": "2022-04-29", "parcelle": "773580000B1048", "addr_num": "27"}}, {"type": "Feature", "geometry": {"type": "Point", "coordinates": [2.859777, 48.984505]}, "properties": {"year": 2022, "valeur_fonciere": 1950000.0, "type_local": null, "surface_reelle_bati": null, "nombre_pieces_principales": null, "adresse_nom_voie": "RUE DE NEUFMONTIERS", "price_per_sqm": null, "date_iso": "2022-04-29", "parcelle": "773580000B1164", "addr_num": ""}}, {"type": "Feature", "geometry": {"type": "Point", "coordinates": [2.854192, 48.992574]}, "properties": {"year": 2022, "valeur_fonciere": 530000.0, "type_local": "Local industriel. commercial ou assimilé", "surface_reelle_bati": 569.0, "nombre_pieces_principales": 0.0, "adresse_nom_voie": "IMP DES AULNES", "price_per_sqm": 931.4586994727592, "date_iso": "2022-05-25", "parcelle": "77358000ZA0142", "addr_num": "4"}}, {"type": "Feature", "geometry": {"type": "Point", "coordinates": [2.859446, 48.98568]}, "properties": {"year": 2022, "valeur_fonciere": 195000.0, "type_local": "Maison", "surface_reelle_bati": 55.0, "nombre_pieces_principales": 3.0, "adresse_nom_voie": "RUE DE NEUFMONTIERS", "price_per_sqm": 3545.4545454545455, "date_iso": "2022-06-10", "parcelle": "773580000B0969", "addr_num": "20"}}, {"type": "Feature", "geometry": {"type": "Point", "coordinates": [2.862598, 48.986343]}, "properties": {"year": 2022, "valeur_fonciere": 482600.0, "type_local": "Dépendance", "surface_reelle_bati": null, "nombre_pieces_principales": 0.0, "adresse_nom_voie": "RUE DE L ARPENT NOIR", "price_per_sqm": null, "date_iso": "2022-07-02", "parcelle": "77358000ZD0040", "addr_num": "3"}}, {"type": "Feature", "geometry": {"type": "Point", "coordinates": [2.862598, 48.986343]}, "properties": {"year": 2022, "valeur_fonciere": 482600.0, "type_local": "Maison", "surface_reelle_bati": 154.0, "nombre_pieces_principales": 7.0, "adresse_nom_voie": "RUE DE L ARPENT NOIR", "price_per_sqm": 3133.7662337662337, "date_iso": "2022-07-02", "parcelle": "77358000ZD0040", "addr_num": "3"}}, {"type": "Feature", "geometry": {"type": "Point", "coordinates": [2.862598, 48.986343]}, "properties": {"year": 2022, "valeur_fonciere": 482600.0, "type_local": "Maison", "surface_reelle_bati": 154.0, "nombre_pieces_principales": 7.0, "adresse_nom_voie": "RUE DE L ARPENT NOIR", "price_per_sqm": 3133.7662337662337, "date_iso": "2022-07-02", "parcelle": "77358000ZD0040", "addr_num": "3"}}, {"type": "Feature", "geometry": {"type": "Point", "coordinates": [2.862598, 48.986343]}, "properties": {"year": 2022, "valeur_fonciere": 482600.0, "type_local": "Dépendance", "surface_reelle_bati": null, "nombre_pieces_principales": 0.0, "adresse_nom_voie": "RUE DE L ARPENT NOIR", "price_per_sqm": null, "date_iso": "2022-07-02", "parcelle": "77358000ZD0040", "addr_num": "3"}}, {"type": "Feature", "geometry": {"type": "Point", "coordinates": [2.856246, 48.991866]}, "properties": {"year": 2022, "valeur_fonciere": 375000.0, "type_local": "Maison", "surface_reelle_bati": 105.0, "nombre_pieces_principales": 5.0, "adresse_nom_voie": "RUE DES EGLANTIERS", "price_per_sqm": 3571.4285714285716, "date_iso": "2022-07-29", "parcelle": "773580000A0824", "addr_num": "6"}}, {"type": "Feature", "geometry": {"type": "Point", "coordinates": [2.858752, 48.985841]}, "properties": {"year": 2022, "valeur_fonciere": 282600.0, "type_local": "Dépendance", "surface_reelle_bati": null, "nombre_pieces_principales": 0.0, "adresse_nom_voie": "RUE DE NEUFMONTIERS", "price_per_sqm": null, "date_iso": "2022-08-27", "parcelle": "773580000B0972", "addr_num": "20"}}, {"type": "Feature", "geometry": {"type": "Point", "coordinates": [2.858752, 48.985841]}, "properties": {"year": 2022, "valeur_fonciere": 282600.0, "type_local": "Appartement", "surface_reelle_bati": 115.0, "nombre_pieces_principales": 5.0, "adresse_nom_voie": "RUE DE NEUFMONTIERS", "price_per_sqm": 2457.391304347826, "date_iso": "2022-08-27", "parcelle": "773580000B0972", "addr_num": "18"}}, {"type": "Feature", "geometry": {"type": "Point", "coordinates": [2.862656, 48.984222]}, "properties": {"year": 2022, "valeur_fonciere": 1.0, "type_local": null, "surface_reelle_bati": null, "nombre_pieces_principales": null, "adresse_nom_voie": "RUE DU CPT GUY HUGOT DERVILLE", "price_per_sqm": null, "date_iso": "2022-10-20", "parcelle": "77358000ZD0012", "addr_num": ""}}, {"type": "Feature", "geometry": {"type": "Point", "coordinates": [2.864125, 48.984778]}, "properties": {"year": 2022, "valeur_fonciere": 1.0, "type_local": null, "surface_reelle_bati": null, "nombre_pieces_principales": null, "adresse_nom_voie": "L ARPENT NOIR", "price_per_sqm": null, "date_iso": "2022-10-20", "parcelle": "77358000ZD0155", "addr_num": ""}}, {"type": "Feature", "geometry": {"type": "Point", "coordinates": [2.864145, 48.984834]}, "properties": {"year": 2022, "valeur_fonciere": 1.0, "type_local": null, "surface_reelle_bati": null, "nombre_pieces_principales": null, "adresse_nom_voie": "RUE LUCIEN DUQUESNE", "price_per_sqm": null, "date_iso": "2022-10-20", "parcelle": "77358000ZD0158", "addr_num": ""}}, {"type": "Feature", "geometry": {"type": "Point", "coordinates": [2.862464, 48.984033]}, "properties": {"year": 2022, "valeur_fonciere": 1.0, "type_local": null, "surface_reelle_bati": null, "nombre_pieces_principales": null, "adresse_nom_voie": "RUE DU CPT GUY HUGOT DERVILLE", "price_per_sqm": null, "date_iso": "2022-10-20", "parcelle": "77358000ZD0179", "addr_num": ""}}, {"type": "Feature", "geometry": {"type": "Point", "coordinates": [2.862675, 48.983815]}, "properties": {"year": 2022, "valeur_fonciere": 1.0, "type_local": null, "surface_reelle_bati": null, "nombre_pieces_principales": null, "adresse_nom_voie": "RUE DU CPT GUY HUGOT DERVILLE", "price_per_sqm": null, "date_iso": "2022-10-20", "parcelle": "77358000ZD0180", "addr_num": ""}}, {"type": "Feature", "geometry": {"type": "Point", "coordinates": [2.862542, 48.984191]}, "properties": {"year": 2022, "valeur_fonciere": 1.0, "type_local": null, "surface_reelle_bati": null, "nombre_pieces_principales": null, "adresse_nom_voie": "RUE DU CPT GUY HUGOT DERVILLE", "price_per_sqm": null, "date_iso": "2022-10-20", "parcelle": "77358000ZD0182", "addr_num": ""}}, {"type": "Feature", "geometry": {"type": "Point", "coordinates": [2.863081, 48.984625]}, "properties": {"year": 2022, "valeur_fonciere": 1.0, "type_local": null, "surface_reelle_bati": null, "nombre_pieces_principales": null, "adresse_nom_voie": "RUE DU CPT GUY HUGOT DERVILLE", "price_per_sqm": null, "date_iso": "2022-10-20", "parcelle": "77358000ZD0188", "addr_num": ""}}, {"type": "Feature", "geometry": {"type": "Point", "coordinates": [2.863338, 48.984741]}, "properties": {"year": 2022, "valeur_fonciere": 1.0, "type_local": null, "surface_reelle_bati": null, "nombre_pieces_principales": null, "adresse_nom_voie": "RUE DU CPT GUY HUGOT DERVILLE", "price_per_sqm": null, "date_iso": "2022-10-20", "parcelle": "77358000ZD0192", "addr_num": ""}}, {"type": "Feature", "geometry": {"type": "Point", "coordinates": [2.863994, 48.984728]}, "properties": {"year": 2022, "valeur_fonciere": 1.0, "type_local": null, "surface_reelle_bati": null, "nombre_pieces_principales": null, "adresse_nom_voie": "RUE DU CPT GUY HUGOT DERVILLE", "price_per_sqm": null, "date_iso": "2022-10-20", "parcelle": "77358000ZD0198", "addr_num": ""}}, {"type": "Feature", "geometry": {"type": "Point", "coordinates": [2.863713, 48.984636]}, "properties": {"year": 2022, "valeur_fonciere": 1.0, "type_local": null, "surface_reelle_bati": null, "nombre_pieces_principales": null, "adresse_nom_voie": "RUE DU CPT GUY HUGOT DERVILLE", "price_per_sqm": null, "date_iso": "2022-10-20", "parcelle": "77358000ZD0201", "addr_num": ""}}, {"type": "Feature", "geometry": {"type": "Point", "coordinates": [2.863991, 48.984393]}, "properties": {"year": 2022, "valeur_fonciere": 1.0, "type_local": null, "surface_reelle_bati": null, "nombre_pieces_principales": null, "adresse_nom_voie": "RUE DU CPT GUY HUGOT DERVILLE", "price_per_sqm": null, "date_iso": "2022-10-20", "parcelle": "77358000ZD0202", "addr_num": ""}}, {"type": "Feature", "geometry": {"type": "Point", "coordinates": [2.862224, 48.987772]}, "properties": {"year": 2022, "valeur_fonciere": 20000.0, "type_local": null, "surface_reelle_bati": null, "nombre_pieces_principales": null, "adresse_nom_voie": "VILLAGE", "price_per_sqm": null, "date_iso": "2022-11-15", "parcelle": "773580000B0605", "addr_num": ""}}, {"type": "Feature", "geometry": {"type": "Point", "coordinates": [2.859626, 48.983976]}, "properties": {"year": 2022, "valeur_fonciere": 430000.0, "type_local": "Maison", "surface_reelle_bati": 116.0, "nombre_pieces_principales": 7.0, "adresse_nom_voie": "RUE DE NEUFMONTIERS", "price_per_sqm": 3706.896551724138, "date_iso": "2022-11-22", "parcelle": "773580000B1219", "addr_num": "27"}}, {"type": "Feature", "geometry": {"type": "Point", "coordinates": [2.859626, 48.983976]}, "properties": {"year": 2022, "valeur_fonciere": 430000.0, "type_local": "Maison", "surface_reelle_bati": 116.0, "nombre_pieces_principales": 7.0, "adresse_nom_voie": "RUE DE NEUFMONTIERS", "price_per_sqm": 3706.896551724138, "date_iso": "2022-11-22", "parcelle": "773580000B1219", "addr_num": "27"}}, {"type": "Feature", "geometry": {"type": "Point", "coordinates": [2.859454, 48.984223]}, "properties": {"year": 2022, "valeur_fonciere": 430000.0, "type_local": null, "surface_reelle_bati": null, "nombre_pieces_principales": null, "adresse_nom_voie": "RUE DE NEUFMONTIERS", "price_per_sqm": null, "date_iso": "2022-11-22", "parcelle": "773580000B1220", "addr_num": "31"}}, {"type": "Feature", "geometry": {"type": "Point", "coordinates": [2.859507, 48.984131]}, "properties": {"year": 2022, "valeur_fonciere": 430000.0, "type_local": null, "surface_reelle_bati": null, "nombre_pieces_principales": null, "adresse_nom_voie": "RUE DE NEUFMONTIERS", "price_per_sqm": null, "date_iso": "2022-11-22", "parcelle": "773580000B1221", "addr_num": "33"}}, {"type": "Feature", "geometry": {"type": "Point", "coordinates": [2.859847, 48.983857]}, "properties": {"year": 2022, "valeur_fonciere": 430000.0, "type_local": null, "surface_reelle_bati": null, "nombre_pieces_principales": null, "adresse_nom_voie": "RUE DU CHEMIN VERT", "price_per_sqm": null, "date_iso": "2022-11-22", "parcelle": "773580000B1222", "addr_num": "10"}}, {"type": "Feature", "geometry": {"type": "Point", "coordinates": [2.859563, 48.983826]}, "properties": {"year": 2022, "valeur_fonciere": 430000.0, "type_local": null, "surface_reelle_bati": null, "nombre_pieces_principales": null, "adresse_nom_voie": "RUE DE NEUFMONTIERS", "price_per_sqm": null, "date_iso": "2022-11-22", "parcelle": "773580000B1223", "addr_num": "35"}}, {"type": "Feature", "geometry": {"type": "Point", "coordinates": [2.864429, 48.985308]}, "properties": {"year": 2022, "valeur_fonciere": 360000.0, "type_local": "Maison", "surface_reelle_bati": 90.0, "nombre_pieces_principales": 3.0, "adresse_nom_voie": "RUE LUCIEN DUQUESNE", "price_per_sqm": 4000.0, "date_iso": "2022-12-16", "parcelle": "77358000ZD0119", "addr_num": "21"}}, {"type": "Feature", "geometry": {"type": "Point", "coordinates": [2.864429, 48.985308]}, "properties": {"year": 2022, "valeur_fonciere": 360000.0, "type_local": "Maison", "surface_reelle_bati": 90.0, "nombre_pieces_principales": 3.0, "adresse_nom_voie": "RUE LUCIEN DUQUESNE", "price_per_sqm": 4000.0, "date_iso": "2022-12-16", "parcelle": "77358000ZD0119", "addr_num": "21"}}, {"type": "Feature", "geometry": {"type": "Point", "coordinates": [2.854444, 48.991776]}, "properties": {"year": 2022, "valeur_fonciere": 378600.0, "type_local": "Maison", "surface_reelle_bati": 111.0, "nombre_pieces_principales": 5.0, "adresse_nom_voie": "RUE DES EGLANTIERS", "price_per_sqm": 3410.810810810811, "date_iso": "2022-12-21", "parcelle": "773580000A0861", "addr_num": "13"}}, {"type": "Feature", "geometry": {"type": "Point", "coordinates": [2.854444, 48.991776]}, "properties": {"year": 2022, "valeur_fonciere": 378600.0, "type_local": "Maison", "surface_reelle_bati": 111.0, "nombre_pieces_principales": 5.0, "adresse_nom_voie": "RUE DES EGLANTIERS", "price_per_sqm": 3410.810810810811, "date_iso": "2022-12-21", "parcelle": "773580000A0861", "addr_num": "13"}}, {"type": "Feature", "geometry": {"type": "Point", "coordinates": [2.863224, 48.987263]}, "properties": {"year": 2022, "valeur_fonciere": 310000.0, "type_local": "Maison", "surface_reelle_bati": 105.0, "nombre_pieces_principales": 5.0, "adresse_nom_voie": "AV DES BLEUETS", "price_per_sqm": 2952.3809523809523, "date_iso": "2022-12-21", "parcelle": "77358000ZD0220", "addr_num": "4"}}, {"type": "Feature", "geometry": {"type": "Point", "coordinates": [2.863224, 48.987263]}, "properties": {"year": 2022, "valeur_fonciere": 310000.0, "type_local": "Dépendance", "surface_reelle_bati": null, "nombre_pieces_principales": 0.0, "adresse_nom_voie": "AV DES BLEUETS", "price_per_sqm": null, "date_iso": "2022-12-21", "parcelle": "77358000ZD0220", "addr_num": "4"}}, {"type": "Feature", "geometry": {"type": "Point", "coordinates": [2.855288, 48.991009]}, "properties": {"year": 2023, "valeur_fonciere": 349000.0, "type_local": "Maison", "surface_reelle_bati": 101.0, "nombre_pieces_principales": 5.0, "adresse_nom_voie": "RUE DES ACACIAS", "price_per_sqm": 3455.4455445544554, "date_iso": "2023-01-11", "parcelle": "773580000A0835", "addr_num": "17"}}, {"type": "Feature", "geometry": {"type": "Point", "coordinates": [2.863959, 48.985221]}, "properties": {"year": 2023, "valeur_fonciere": 423500.0, "type_local": "Maison", "surface_reelle_bati": 108.0, "nombre_pieces_principales": 5.0, "adresse_nom_voie": "RUE LUCIEN DUQUESNE", "price_per_sqm": 3921.296296296296, "date_iso": "2023-01-11", "parcelle": "77358000ZD0121", "addr_num": "17"}}, {"type": "Feature", "geometry": {"type": "Point", "coordinates": [2.863959, 48.985221]}, "properties": {"year": 2023, "valeur_fonciere": 423500.0, "type_local": "Maison", "surface_reelle_bati": 108.0, "nombre_pieces_principales": 5.0, "adresse_nom_voie": "RUE LUCIEN DUQUESNE", "price_per_sqm": 3921.296296296296, "date_iso": "2023-01-11", "parcelle": "77358000ZD0121", "addr_num": "17"}}, {"type": "Feature", "geometry": {"type": "Point", "coordinates": [2.86391, 48.985346]}, "properties": {"year": 2023, "valeur_fonciere": 423500.0, "type_local": null, "surface_reelle_bati": null, "nombre_pieces_principales": null, "adresse_nom_voie": "RUE LUCIEN DUQUESNE", "price_per_sqm": null, "date_iso": "2023-01-11", "parcelle": "77358000ZD0125", "addr_num": "17"}}, {"type": "Feature", "geometry": {"type": "Point", "coordinates": [2.856521, 48.990161]}, "properties": {"year": 2023, "valeur_fonciere": 273000.0, "type_local": "Maison", "surface_reelle_bati": 67.0, "nombre_pieces_principales": 4.0, "adresse_nom_voie": "ALL DES FRENES", "price_per_sqm": 4074.626865671642, "date_iso": "2023-02-03", "parcelle": "773580000A0710", "addr_num": "10"}}, {"type": "Feature", "geometry": {"type": "Point", "coordinates": [2.860411, 48.984761]}, "properties": {"year": 2023, "valeur_fonciere": 346810.0, "type_local": "Maison", "surface_reelle_bati": 93.0, "nombre_pieces_principales": 5.0, "adresse_nom_voie": "RUE DE MEAUX", "price_per_sqm": 3729.1397849462364, "date_iso": "2023-03-22", "parcelle": "773580000B0903", "addr_num": "24"}}, {"type": "Feature", "geometry": {"type": "Point", "coordinates": [2.860244, 48.984641]}, "properties": {"year": 2023, "valeur_fonciere": 346810.0, "type_local": null, "surface_reelle_bati": null, "nombre_pieces_principales": null, "adresse_nom_voie": "RUE DE MEAUX", "price_per_sqm": null, "date_iso": "2023-03-22", "parcelle": "773580000B0906", "addr_num": "24"}}, {"type": "Feature", "geometry": {"type": "Point", "coordinates": [2.860114, 48.984686]}, "properties": {"year": 2023, "valeur_fonciere": 346810.0, "type_local": null, "surface_reelle_bati": null, "nombre_pieces_principales": null, "adresse_nom_voie": "RUE DE MEAUX", "price_per_sqm": null, "date_iso": "2023-03-22", "parcelle": "773580000B1020", "addr_num": "24"}}, {"type": "Feature", "geometry": {"type": "Point", "coordinates": [2.860654, 48.984747]}, "properties": {"year": 2023, "valeur_fonciere": 346810.0, "type_local": null, "surface_reelle_bati": null, "nombre_pieces_principales": null, "adresse_nom_voie": "RUE DE MEAUX", "price_per_sqm": null, "date_iso": "2023-03-22", "parcelle": "773580000B1091", "addr_num": "24"}}, {"type": "Feature", "geometry": {"type": "Point", "coordinates": [2.854654, 48.99218]}, "properties": {"year": 2023, "valeur_fonciere": 870000.0, "type_local": "Maison", "surface_reelle_bati": 240.0, "nombre_pieces_principales": 5.0, "adresse_nom_voie": "CHE DE LA MARE LORIN", "price_per_sqm": 3625.0, "date_iso": "2023-04-06", "parcelle": "77358000ZA0091", "addr_num": "8"}}, {"type": "Feature", "geometry": {"type": "Point", "coordinates": [2.854654, 48.99218]}, "properties": {"year": 2023, "valeur_fonciere": 870000.0, "type_local": "Local industriel. commercial ou assimilé", "surface_reelle_bati": 269.0, "nombre_pieces_principales": 0.0, "adresse_nom_voie": "CHE DE LA MARE LORIN", "price_per_sqm": 3234.200743494424, "date_iso": "2023-04-06", "parcelle": "77358000ZA0091", "addr_num": "8"}}, {"type": "Feature", "geometry": {"type": "Point", "coordinates": [2.857016, 48.989834]}, "properties": {"year": 2023, "valeur_fonciere": 312000.0, "type_local": "Maison", "surface_reelle_bati": 90.0, "nombre_pieces_principales": 4.0, "adresse_nom_voie": "ALL DES FRENES", "price_per_sqm": 3466.6666666666665, "date_iso": "2023-04-19", "parcelle": "773580000A0707", "addr_num": "7"}}, {"type": "Feature", "geometry": {"type": "Point", "coordinates": [2.857016, 48.989834]}, "properties": {"year": 2023, "valeur_fonciere": 312000.0, "type_local": "Maison", "surface_reelle_bati": 90.0, "nombre_pieces_principales": 4.0, "adresse_nom_voie": "ALL DES FRENES", "price_per_sqm": 3466.6666666666665, "date_iso": "2023-04-19", "parcelle": "773580000A0707", "addr_num": "7"}}, {"type": "Feature", "geometry": {"type": "Point", "coordinates": [2.856584, 48.990379]}, "properties": {"year": 2023, "valeur_fonciere": 298000.0, "type_local": "Maison", "surface_reelle_bati": 115.0, "nombre_pieces_principales": 7.0, "adresse_nom_voie": "ALL DES FRENES", "price_per_sqm": 2591.304347826087, "date_iso": "2023-04-25", "parcelle": "773580000A0711", "addr_num": "8"}}, {"type": "Feature", "geometry": {"type": "Point", "coordinates": [2.86303, 48.985972]}, "properties": {"year": 2023, "valeur_fonciere": 505000.0, "type_local": "Maison", "surface_reelle_bati": 153.0, "nombre_pieces_principales": 5.0, "adresse_nom_voie": "RUE DE L ARPENT NOIR", "price_per_sqm": 3300.653594771242, "date_iso": "2023-04-19", "parcelle": "77358000ZD0131", "addr_num": "2"}}, {"type": "Feature", "geometry": {"type": "Point", "coordinates": [2.86303, 48.985972]}, "properties": {"year": 2023, "valeur_fonciere": 505000.0, "type_local": "Maison", "surface_reelle_bati": 153.0, "nombre_pieces_principales": 5.0, "adresse_nom_voie": "RUE DE L ARPENT NOIR", "price_per_sqm": 3300.653594771242, "date_iso": "2023-04-19", "parcelle": "77358000ZD0131", "addr_num": "2"}}, {"type": "Feature", "geometry": {"type": "Point", "coordinates": [2.858752, 48.985841]}, "properties": {"year": 2023, "valeur_fonciere": 270000.0, "type_local": "Dépendance", "surface_reelle_bati": null, "nombre_pieces_principales": 0.0, "adresse_nom_voie": "RUE DE NEUFMONTIERS", "price_per_sqm": null, "date_iso": "2023-05-03", "parcelle": "773580000B0972", "addr_num": "20"}}, {"type": "Feature", "geometry": {"type": "Point", "coordinates": [2.858752, 48.985841]}, "properties": {"year": 2023, "valeur_fonciere": 270000.0, "type_local": "Appartement", "surface_reelle_bati": 102.0, "nombre_pieces_principales": 4.0, "adresse_nom_voie": "RUE DE NEUFMONTIERS", "price_per_sqm": 2647.0588235294117, "date_iso": "2023-05-03", "parcelle": "773580000B0972", "addr_num": "18"}}, {"type": "Feature", "geometry": {"type": "Point", "coordinates": [2.858752, 48.985841]}, "properties": {"year": 2023, "valeur_fonciere": 270000.0, "type_local": "Dépendance", "surface_reelle_bati": null, "nombre_pieces_principales": 0.0, "adresse_nom_voie": "RUE DE NEUFMONTIERS", "price_per_sqm": null, "date_iso": "2023-05-03", "parcelle": "773580000B0972", "addr_num": "18"}}, {"type": "Feature", "geometry": {"type": "Point", "coordinates": [2.859271, 48.985765]}, "properties": {"year": 2023, "valeur_fonciere": 270000.0, "type_local": null, "surface_reelle_bati": null, "nombre_pieces_principales": null, "adresse_nom_voie": "RUE DE NEUFMONTIERS", "price_per_sqm": null, "date_iso": "2023-05-03", "parcelle": "773580000B0974", "addr_num": ""}}, {"type": "Feature", "geometry": {"type": "Point", "coordinates": [2.86328, 48.987466]}, "properties": {"year": 2023, "valeur_fonciere": 135000.0, "type_local": null, "surface_reelle_bati": null, "nombre_pieces_principales": null, "adresse_nom_voie": "AV DES BLEUETS", "price_per_sqm": null, "date_iso": "2023-04-21", "parcelle": "77358000ZD0221", "addr_num": "2"}}, {"type": "Feature", "geometry": {"type": "Point", "coordinates": [2.858668, 48.990305]}, "properties": {"year": 2023, "valeur_fonciere": 279000.0, "type_local": "Maison", "surface_reelle_bati": 68.0, "nombre_pieces_principales": 4.0, "adresse_nom_voie": "RUE DE SENLIS", "price_per_sqm": 4102.941176470588, "date_iso": "2023-05-10", "parcelle": "773580000A0691", "addr_num": "9007"}}, {"type": "Feature", "geometry": {"type": "Point", "coordinates": [2.85876, 48.984916]}, "properties": {"year": 2023, "valeur_fonciere": 167000.0, "type_local": null, "surface_reelle_bati": null, "nombre_pieces_principales": null, "adresse_nom_voie": "VILLAGE", "price_per_sqm": null, "date_iso": "2023-05-16", "parcelle": "773580000B0449", "addr_num": ""}}, {"type": "Feature", "geometry": {"type": "Point", "coordinates": [2.8589, 48.984821]}, "properties": {"year": 2023, "valeur_fonciere": 167000.0, "type_local": "Dépendance", "surface_reelle_bati": null, "nombre_pieces_principales": 0.0, "adresse_nom_voie": "RUE DE NEUFMONTIERS", "price_per_sqm": null, "date_iso": "2023-05-16", "parcelle": "773580000B0454", "addr_num": "26"}}, {"type": "Feature", "geometry": {"type": "Point", "coordinates": [2.85882, 48.984864]}, "properties": {"year": 2023, "valeur_fonciere": 167000.0, "type_local": "Maison", "surface_reelle_bati": 99.0, "nombre_pieces_principales": 5.0, "adresse_nom_voie": "RUE DE NEUFMONTIERS", "price_per_sqm": 1686.8686868686868, "date_iso": "2023-05-16", "parcelle": "773580000B0455", "addr_num": "26"}}, {"type": "Feature", "geometry": {"type": "Point", "coordinates": [2.861344, 48.987634]}, "properties": {"year": 2023, "valeur_fonciere": 355000.0, "type_local": "Dépendance", "surface_reelle_bati": null, "nombre_pieces_principales": 0.0, "adresse_nom_voie": "GR GRANDE RUE", "price_per_sqm": null, "date_iso": "2023-06-14", "parcelle": "773580000B0929", "addr_num": "28"}}, {"type": "Feature", "geometry": {"type": "Point", "coordinates": [2.861344, 48.987634]}, "properties": {"year": 2023, "valeur_fonciere": 355000.0, "type_local": "Dépendance", "surface_reelle_bati": null, "nombre_pieces_principales": 0.0, "adresse_nom_voie": "GR GRANDE RUE", "price_per_sqm": null, "date_iso": "2023-06-14", "parcelle": "773580000B0929", "addr_num": "28"}}, {"type": "Feature", "geometry": {"type": "Point", "coordinates": [2.861344, 48.987634]}, "properties": {"year": 2023, "valeur_fonciere": 355000.0, "type_local": "Maison", "surface_reelle_bati": 90.0, "nombre_pieces_principales": 5.0, "adresse_nom_voie": "GR GRANDE RUE", "price_per_sqm": 3944.4444444444443, "date_iso": "2023-06-14", "parcelle": "773580000B0929", "addr_num": "28"}}, {"type": "Feature", "geometry": {"type": "Point", "coordinates": [2.861344, 48.987634]}, "properties": {"year": 2023, "valeur_fonciere": 355000.0, "type_local": "Dépendance", "surface_reelle_bati": null, "nombre_pieces_principales": 0.0, "adresse_nom_voie": "GR GRANDE RUE", "price_per_sqm": null, "date_iso": "2023-06-14", "parcelle": "773580000B0929", "addr_num": "28"}}, {"type": "Feature", "geometry": {"type": "Point", "coordinates": [2.857635, 48.99037]}, "properties": {"year": 2023, "valeur_fonciere": 235000.0, "type_local": "Maison", "surface_reelle_bati": 71.0, "nombre_pieces_principales": 4.0, "adresse_nom_voie": "ALL DES FRENES", "price_per_sqm": 3309.8591549295775, "date_iso": "2023-06-30", "parcelle": "773580000A0722", "addr_num": "2"}}, {"type": "Feature", "geometry": {"type": "Point", "coordinates": [2.85434, 48.99254]}, "properties": {"year": 2023, "valeur_fonciere": 138000.0, "type_local": "Appartement", "surface_reelle_bati": 53.0, "nombre_pieces_principales": 2.0, "adresse_nom_voie": "IMP DES AULNES", "price_per_sqm": 2603.7735849056603, "date_iso": "2023-08-04", "parcelle": "77358000ZA0141", "addr_num": "4"}}, {"type": "Feature", "geometry": {"type": "Point", "coordinates": [2.85434, 48.99254]}, "properties": {"year": 2023, "valeur_fonciere": 138000.0, "type_local": "Dépendance", "surface_reelle_bati": null, "nombre_pieces_principales": 0.0, "adresse_nom_voie": "IMP DES AULNES", "price_per_sqm": null, "date_iso": "2023-08-04", "parcelle": "77358000ZA0141", "addr_num": "4"}}, {"type": "Feature", "geometry": {"type": "Point", "coordinates": [2.858603, 48.984806]}, "properties": {"year": 2023, "valeur_fonciere": 586000.0, "type_local": "Maison", "surface_reelle_bati": 223.0, "nombre_pieces_principales": 4.0, "adresse_nom_voie": "RUE DE NEUFMONTIERS", "price_per_sqm": 2627.8026905829597, "date_iso": "2023-08-30", "parcelle": "773580000B1210", "addr_num": "34"}}, {"type": "Feature", "geometry": {"type": "Point", "coordinates": [2.858603, 48.984806]}, "properties": {"year": 2023, "valeur_fonciere": 586000.0, "type_local": "Dépendance", "surface_reelle_bati": null, "nombre_pieces_principales": 0.0, "adresse_nom_voie": "RUE DE NEUFMONTIERS", "price_per_sqm": null, "date_iso": "2023-08-30", "parcelle": "773580000B1210", "addr_num": "34"}}, {"type": "Feature", "geometry": {"type": "Point", "coordinates": [2.858546, 48.98487]}, "properties": {"year": 2023, "valeur_fonciere": 586000.0, "type_local": null, "surface_reelle_bati": null, "nombre_pieces_principales": null, "adresse_nom_voie": "VILLAGE", "price_per_sqm": null, "date_iso": "2023-08-30", "parcelle": "773580000B1212", "addr_num": ""}}, {"type": "Feature", "geometry": {"type": "Point", "coordinates": [2.858428, 48.984824]}, "properties": {"year": 2023, "valeur_fonciere": 586000.0, "type_local": null, "surface_reelle_bati": null, "nombre_pieces_principales": null, "adresse_nom_voie": "RUE DE NEUFMONTIERS", "price_per_sqm": null, "date_iso": "2023-08-30", "parcelle": "773580000B1214", "addr_num": "34"}}, {"type": "Feature", "geometry": {"type": "Point", "coordinates": [2.858623, 48.984722]}, "properties": {"year": 2023, "valeur_fonciere": 586000.0, "type_local": null, "surface_reelle_bati": null, "nombre_pieces_principales": null, "adresse_nom_voie": "RUE DE NEUFMONTIERS", "price_per_sqm": null, "date_iso": "2023-08-30", "parcelle": "773580000B1216", "addr_num": ""}}, {"type": "Feature", "geometry": {"type": "Point", "coordinates": [2.858337, 48.984958]}, "properties": {"year": 2023, "valeur_fonciere": 586000.0, "type_local": null, "surface_reelle_bati": null, "nombre_pieces_principales": null, "adresse_nom_voie": "RUE DE NEUFMONTIERS", "price_per_sqm": null, "date_iso": "2023-08-30", "parcelle": "773580000B1218", "addr_num": "34"}}, {"type": "Feature", "geometry": {"type": "Point", "coordinates": [2.858337, 48.984958]}, "properties": {"year": 2023, "valeur_fonciere": 586000.0, "type_local": null, "surface_reelle_bati": null, "nombre_pieces_principales": null, "adresse_nom_voie": "RUE DE NEUFMONTIERS", "price_per_sqm": null, "date_iso": "2023-08-30", "parcelle": "773580000B1218", "addr_num": "34"}}, {"type": "Feature", "geometry": {"type": "Point", "coordinates": [2.864808, 48.986018]}, "properties": {"year": 2023, "valeur_fonciere": 361000.0, "type_local": "Maison", "surface_reelle_bati": 86.0, "nombre_pieces_principales": 4.0, "adresse_nom_voie": "RUE DE L ARPENT NOIR", "price_per_sqm": 4197.674418604651, "date_iso": "2023-09-20", "parcelle": "77358000ZD0148", "addr_num": "10"}}, {"type": "Feature", "geometry": {"type": "Point", "coordinates": [2.864808, 48.986018]}, "properties": {"year": 2023, "valeur_fonciere": 361000.0, "type_local": "Maison", "surface_reelle_bati": 86.0, "nombre_pieces_principales": 4.0, "adresse_nom_voie": "RUE DE L ARPENT NOIR", "price_per_sqm": 4197.674418604651, "date_iso": "2023-09-20", "parcelle": "77358000ZD0148", "addr_num": "10"}}, {"type": "Feature", "geometry": {"type": "Point", "coordinates": [2.864473, 48.98643]}, "properties": {"year": 2023, "valeur_fonciere": 361000.0, "type_local": null, "surface_reelle_bati": null, "nombre_pieces_principales": null, "adresse_nom_voie": "RUE DE L ARPENT NOIR", "price_per_sqm": null, "date_iso": "2023-09-20", "parcelle": "77358000ZD0149", "addr_num": "10"}}, {"type": "Feature", "geometry": {"type": "Point", "coordinates": [2.86773, 48.988593]}, "properties": {"year": 2023, "valeur_fonciere": 22810.0, "type_local": null, "surface_reelle_bati": null, "nombre_pieces_principales": null, "adresse_nom_voie": "LES COMMUNES", "price_per_sqm": null, "date_iso": "2023-10-05", "parcelle": "77358000ZC0193", "addr_num": ""}}, {"type": "Feature", "geometry": {"type": "Point", "coordinates": [2.866222, 48.988682]}, "properties": {"year": 2023, "valeur_fonciere": 22810.0, "type_local": null, "surface_reelle_bati": null, "nombre_pieces_principales": null, "adresse_nom_voie": "LES COMMUNES", "price_per_sqm": null, "date_iso": "2023-10-05", "parcelle": "77358000ZC0195", "addr_num": ""}}, {"type": "Feature", "geometry": {"type": "Point", "coordinates": [2.85376, 49.003729]}, "properties": {"year": 2023, "valeur_fonciere": 300.0, "type_local": null, "surface_reelle_bati": null, "nombre_pieces_principales": null, "adresse_nom_voie": "MONTBOUT", "price_per_sqm": null, "date_iso": "2023-10-16", "parcelle": "77358000ZE0098", "addr_num": ""}}, {"type": "Feature", "geometry": {"type": "Point", "coordinates": [2.863302, 48.98683]}, "properties": {"year": 2023, "valeur_fonciere": 287000.0, "type_local": "Maison", "surface_reelle_bati": 95.0, "nombre_pieces_principales": 4.0, "adresse_nom_voie": "AV DES BLEUETS", "price_per_sqm": 3021.0526315789475, "date_iso": "2023-11-03", "parcelle": "77358000ZD0222", "addr_num": "7"}}, {"type": "Feature", "geometry": {"type": "Point", "coordinates": [2.860544, 48.985561]}, "properties": {"year": 2023, "valeur_fonciere": 245900.0, "type_local": "Maison", "surface_reelle_bati": 102.0, "nombre_pieces_principales": 5.0, "adresse_nom_voie": "RUE DE MEAUX", "price_per_sqm": 2410.7843137254904, "date_iso": "2023-11-24", "parcelle": "773580000B1167", "addr_num": "9"}}, {"type": "Feature", "geometry": {"type": "Point", "coordinates": [2.860138, 48.986867]}, "properties": {"year": 2024, "valeur_fonciere": 305550.0, "type_local": "Maison", "surface_reelle_bati": 145.0, "nombre_pieces_principales": 6.0, "adresse_nom_voie": "GR GRANDE RUE", "price_per_sqm": 2107.2413793103447, "date_iso": "2024-01-23", "parcelle": "773580000B0927", "addr_num": "5"}}, {"type": "Feature", "geometry": {"type": "Point", "coordinates": [2.859579, 48.986105]}, "properties": {"year": 2024, "valeur_fonciere": 5000.0, "type_local": null, "surface_reelle_bati": null, "nombre_pieces_principales": null, "adresse_nom_voie": "VILLAGE", "price_per_sqm": null, "date_iso": "2024-01-29", "parcelle": "773580000B0516", "addr_num": ""}}, {"type": "Feature", "geometry": {"type": "Point", "coordinates": [2.859749, 48.986263]}, "properties": {"year": 2024, "valeur_fonciere": 5000.0, "type_local": "Local industriel. commercial ou assimilé", "surface_reelle_bati": 16.0, "nombre_pieces_principales": 0.0, "adresse_nom_voie": "PL DE LA MAIRIE", "price_per_sqm": 312.5, "date_iso": "2024-01-29", "parcelle": "773580000B0933", "addr_num": "8"}}, {"type": "Feature", "geometry": {"type": "Point", "coordinates": [2.857567, 48.990581]}, "properties": {"year": 2024, "valeur_fonciere": 287500.0, "type_local": "Maison", "surface_reelle_bati": 110.0, "nombre_pieces_principales": 5.0, "adresse_nom_voie": "ALL DES MERISIERS", "price_per_sqm": 2613.6363636363635, "date_iso": "2024-03-29", "parcelle": "773580000A0721", "addr_num": "2"}}, {"type": "Feature", "geometry": {"type": "Point", "coordinates": [2.859454, 48.984223]}, "properties": {"year": 2024, "valeur_fonciere": 133000.0, "type_local": null, "surface_reelle_bati": null, "nombre_pieces_principales": null, "adresse_nom_voie": "RUE DE NEUFMONTIERS", "price_per_sqm": null, "date_iso": "2024-04-23", "parcelle": "773580000B1220", "addr_num": "31"}}, {"type": "Feature", "geometry": {"type": "Point", "coordinates": [2.859992, 48.987177]}, "properties": {"year": 2024, "valeur_fonciere": 202000.0, "type_local": "Dépendance", "surface_reelle_bati": null, "nombre_pieces_principales": 0.0, "adresse_nom_voie": "GR GRANDE RUE", "price_per_sqm": null, "date_iso": "2024-06-19", "parcelle": "773580000B0535", "addr_num": "11"}}, {"type": "Feature", "geometry": {"type": "Point", "coordinates": [2.860236, 48.98703]}, "properties": {"year": 2024, "valeur_fonciere": 202000.0, "type_local": "Maison", "surface_reelle_bati": 80.0, "nombre_pieces_principales": 4.0, "adresse_nom_voie": "GR GRANDE RUE", "price_per_sqm": 2525.0, "date_iso": "2024-06-19", "parcelle": "773580000B0538", "addr_num": "11"}}, {"type": "Feature", "geometry": {"type": "Point", "coordinates": [2.862266, 48.985459]}, "properties": {"year": 2024, "valeur_fonciere": 283906.0, "type_local": "Maison", "surface_reelle_bati": 120.0, "nombre_pieces_principales": 5.0, "adresse_nom_voie": "RUE LUCIEN DUQUESNE", "price_per_sqm": 2365.883333333333, "date_iso": "2024-06-19", "parcelle": "773580000B0857", "addr_num": "8"}}, {"type": "Feature", "geometry": {"type": "Point", "coordinates": [2.856898, 48.991292]}, "properties": {"year": 2024, "valeur_fonciere": 323000.0, "type_local": "Dépendance", "surface_reelle_bati": null, "nombre_pieces_principales": 0.0, "adresse_nom_voie": "RUE DES ACACIAS", "price_per_sqm": null, "date_iso": "2024-07-17", "parcelle": "773580000A0828", "addr_num": "3"}}, {"type": "Feature", "geometry": {"type": "Point", "coordinates": [2.856898, 48.991292]}, "properties": {"year": 2024, "valeur_fonciere": 323000.0, "type_local": "Maison", "surface_reelle_bati": 90.0, "nombre_pieces_principales": 3.0, "adresse_nom_voie": "RUE DES ACACIAS", "price_per_sqm": 3588.8888888888887, "date_iso": "2024-07-17", "parcelle": "773580000A0828", "addr_num": "3"}}, {"type": "Feature", "geometry": {"type": "Point", "coordinates": [2.860807, 48.986639]}, "properties": {"year": 2024, "valeur_fonciere": 244000.0, "type_local": null, "surface_reelle_bati": null, "nombre_pieces_principales": null, "adresse_nom_voie": "VILLAGE", "price_per_sqm": null, "date_iso": "2024-11-14", "parcelle": "773580000B0892", "addr_num": ""}}, {"type": "Feature", "geometry": {"type": "Point", "coordinates": [2.860652, 48.98676]}, "properties": {"year": 2024, "valeur_fonciere": 244000.0, "type_local": "Maison", "surface_reelle_bati": 70.0, "nombre_pieces_principales": 7.0, "adresse_nom_voie": "GR GRANDE RUE", "price_per_sqm": 3485.714285714286, "date_iso": "2024-11-14", "parcelle": "773580000B1096", "addr_num": "10"}}, {"type": "Feature", "geometry": {"type": "Point", "coordinates": [2.855576, 48.983851]}, "properties": {"year": 2024, "valeur_fonciere": 199000.0, "type_local": "Maison", "surface_reelle_bati": 69.0, "nombre_pieces_principales": 4.0, "adresse_nom_voie": "RUE DE LA RES DU BOIS DE PENCH", "price_per_sqm": 2884.057971014493, "date_iso": "2024-12-11", "parcelle": "773580000A0736", "addr_num": "8"}}, {"type": "Feature", "geometry": {"type": "Point", "coordinates": [2.855576, 48.983851]}, "properties": {"year": 2024, "valeur_fonciere": 199000.0, "type_local": "Maison", "surface_reelle_bati": 69.0, "nombre_pieces_principales": 4.0, "adresse_nom_voie": "RUE DE LA RES DU BOIS DE PENCH", "price_per_sqm": 2884.057971014493, "date_iso": "2024-12-11", "parcelle": "773580000A0736", "addr_num": "8"}}, {"type": "Feature", "geometry": {"type": "Point", "coordinates": [2.854617, 48.984085]}, "properties": {"year": 2024, "valeur_fonciere": 220000.0, "type_local": "Maison", "surface_reelle_bati": 90.0, "nombre_pieces_principales": 5.0, "adresse_nom_voie": "RUE DE LA RES DU BOIS DE PENCH", "price_per_sqm": 2444.4444444444443, "date_iso": "2024-12-20", "parcelle": "773580000A0759", "addr_num": "31"}}, {"type": "Feature", "geometry": {"type": "Point", "coordinates": [2.864275, 48.986905]}, "properties": {"year": 2025, "valeur_fonciere": 440000.0, "type_local": "Dépendance", "surface_reelle_bati": null, "nombre_pieces_principales": 0.0, "adresse_nom_voie": "RUE DE L ARPENT NOIR", "price_per_sqm": null, "date_iso": "2025-01-08", "parcelle": "77358000ZD0143", "addr_num": "3"}}, {"type": "Feature", "geometry": {"type": "Point", "coordinates": [2.864275, 48.986905]}, "properties": {"year": 2025, "valeur_fonciere": 440000.0, "type_local": "Dépendance", "surface_reelle_bati": null, "nombre_pieces_principales": 0.0, "adresse_nom_voie": "RUE DE L ARPENT NOIR", "price_per_sqm": null, "date_iso": "2025-01-08", "parcelle": "77358000ZD0143", "addr_num": "3"}}, {"type": "Feature", "geometry": {"type": "Point", "coordinates": [2.864275, 48.986905]}, "properties": {"year": 2025, "valeur_fonciere": 440000.0, "type_local": "Maison", "surface_reelle_bati": 140.0, "nombre_pieces_principales": 5.0, "adresse_nom_voie": "RUE DE L ARPENT NOIR", "price_per_sqm": 3142.8571428571427, "date_iso": "2025-01-08", "parcelle": "77358000ZD0143", "addr_num": "3"}}, {"type": "Feature", "geometry": {"type": "Point", "coordinates": [2.864275, 48.986905]}, "properties": {"year": 2025, "valeur_fonciere": 440000.0, "type_local": "Maison", "surface_reelle_bati": 140.0, "nombre_pieces_principales": 5.0, "adresse_nom_voie": "RUE DE L ARPENT NOIR", "price_per_sqm": 3142.8571428571427, "date_iso": "2025-01-08", "parcelle": "77358000ZD0143", "addr_num": "3"}}, {"type": "Feature", "geometry": {"type": "Point", "coordinates": [2.857328, 48.990376]}, "properties": {"year": 2025, "valeur_fonciere": 310000.0, "type_local": "Maison", "surface_reelle_bati": 128.0, "nombre_pieces_principales": 6.0, "adresse_nom_voie": "ALL DES MERISIERS", "price_per_sqm": 2421.875, "date_iso": "2025-03-06", "parcelle": "773580000A0714", "addr_num": "1"}}, {"type": "Feature", "geometry": {"type": "Point", "coordinates": [2.855378, 48.984407]}, "properties": {"year": 2025, "valeur_fonciere": 190000.0, "type_local": "Maison", "surface_reelle_bati": 107.0, "nombre_pieces_principales": 6.0, "adresse_nom_voie": "RUE DE LA RES DU BOIS DE PENCH", "price_per_sqm": 1775.7009345794393, "date_iso": "2025-03-26", "parcelle": "773580000A0763", "addr_num": "35"}}, {"type": "Feature", "geometry": {"type": "Point", "coordinates": [2.855378, 48.984407]}, "properties": {"year": 2025, "valeur_fonciere": 190000.0, "type_local": "Maison", "surface_reelle_bati": 107.0, "nombre_pieces_principales": 6.0, "adresse_nom_voie": "RUE DE LA RES DU BOIS DE PENCH", "price_per_sqm": 1775.7009345794393, "date_iso": "2025-03-26", "parcelle": "773580000A0763", "addr_num": "35"}}, {"type": "Feature", "geometry": {"type": "Point", "coordinates": [2.85424, 48.983336]}, "properties": {"year": 2025, "valeur_fonciere": 210000.0, "type_local": "Dépendance", "surface_reelle_bati": null, "nombre_pieces_principales": 0.0, "adresse_nom_voie": "RUE DE LA RES DU BOIS DE PENCH", "price_per_sqm": null, "date_iso": "2025-03-27", "parcelle": "773580000A0743", "addr_num": "15"}}, {"type": "Feature", "geometry": {"type": "Point", "coordinates": [2.85424, 48.983336]}, "properties": {"year": 2025, "valeur_fonciere": 210000.0, "type_local": "Maison", "surface_reelle_bati": 103.0, "nombre_pieces_principales": 6.0, "adresse_nom_voie": "RUE DE LA RES DU BOIS DE PENCH", "price_per_sqm": 2038.8349514563106, "date_iso": "2025-03-27", "parcelle": "773580000A0743", "addr_num": "15"}}, {"type": "Feature", "geometry": {"type": "Point", "coordinates": [2.854859, 48.992324]}, "properties": {"year": 2025, "valeur_fonciere": 410000.0, "type_local": "Local industriel. commercial ou assimilé", "surface_reelle_bati": 60.0, "nombre_pieces_principales": 0.0, "adresse_nom_voie": "CHE DE LA MARE LORIN", "price_per_sqm": 6833.333333333333, "date_iso": "2025-04-04", "parcelle": "77358000ZA0105", "addr_num": "6"}}, {"type": "Feature", "geometry": {"type": "Point", "coordinates": [2.854859, 48.992324]}, "properties": {"year": 2025, "valeur_fonciere": 410000.0, "type_local": "Maison", "surface_reelle_bati": 94.0, "nombre_pieces_principales": 4.0, "adresse_nom_voie": "CHE DE LA MARE LORIN", "price_per_sqm": 4361.702127659574, "date_iso": "2025-04-04", "parcelle": "77358000ZA0105", "addr_num": "6"}}, {"type": "Feature", "geometry": {"type": "Point", "coordinates": [2.854859, 48.992324]}, "properties": {"year": 2025, "valeur_fonciere": 410000.0, "type_local": "Local industriel. commercial ou assimilé", "surface_reelle_bati": 60.0, "nombre_pieces_principales": 0.0, "adresse_nom_voie": "CHE DE LA MARE LORIN", "price_per_sqm": 6833.333333333333, "date_iso": "2025-04-04", "parcelle": "77358000ZA0105", "addr_num": "6"}}, {"type": "Feature", "geometry": {"type": "Point", "coordinates": [2.854859, 48.992324]}, "properties": {"year": 2025, "valeur_fonciere": 410000.0, "type_local": "Maison", "surface_reelle_bati": 94.0, "nombre_pieces_principales": 4.0, "adresse_nom_voie": "CHE DE LA MARE LORIN", "price_per_sqm": 4361.702127659574, "date_iso": "2025-04-04", "parcelle": "77358000ZA0105", "addr_num": "6"}}, {"type": "Feature", "geometry": {"type": "Point", "coordinates": [2.853678, 48.984539]}, "properties": {"year": 2025, "valeur_fonciere": 5000.0, "type_local": null, "surface_reelle_bati": null, "nombre_pieces_principales": null, "adresse_nom_voie": "LA LOUVE", "price_per_sqm": null, "date_iso": "2025-05-06", "parcelle": "773580000A0361", "addr_num": ""}}, {"type": "Feature", "geometry": {"type": "Point", "coordinates": [2.85937, 48.992234]}, "properties": {"year": 2025, "valeur_fonciere": 5000.0, "type_local": null, "surface_reelle_bati": null, "nombre_pieces_principales": null, "adresse_nom_voie": "LES CARRIERES", "price_per_sqm": null, "date_iso": "2025-05-06", "parcelle": "77358000ZB0071", "addr_num": ""}}, {"type": "Feature", "geometry": {"type": "Point", "coordinates": [2.85937, 48.992234]}, "properties": {"year": 2025, "valeur_fonciere": 5000.0, "type_local": null, "surface_reelle_bati": null, "nombre_pieces_principales": null, "adresse_nom_voie": "LES CARRIERES", "price_per_sqm": null, "date_iso": "2025-05-06", "parcelle": "77358000ZB0071", "addr_num": ""}}, {"type": "Feature", "geometry": {"type": "Point", "coordinates": [2.861272, 48.987499]}, "properties": {"year": 2025, "valeur_fonciere": 301600.0, "type_local": "Maison", "surface_reelle_bati": 89.0, "nombre_pieces_principales": 5.0, "adresse_nom_voie": "GRANDE RUE", "price_per_sqm": 3388.7640449438204, "date_iso": "2025-05-20", "parcelle": "773580000B0930", "addr_num": "28"}}, {"type": "Feature", "geometry": {"type": "Point", "coordinates": [2.861272, 48.987499]}, "properties": {"year": 2025, "valeur_fonciere": 301600.0, "type_local": "Dépendance", "surface_reelle_bati": null, "nombre_pieces_principales": 0.0, "adresse_nom_voie": "GRANDE RUE", "price_per_sqm": null, "date_iso": "2025-05-20", "parcelle": "773580000B0930", "addr_num": "28"}}, {"type": "Feature", "geometry": {"type": "Point", "coordinates": [2.860127, 48.985626]}, "properties": {"year": 2025, "valeur_fonciere": 236500.0, "type_local": "Maison", "surface_reelle_bati": 100.0, "nombre_pieces_principales": 4.0, "adresse_nom_voie": "RUE DE MEAUX", "price_per_sqm": 2365.0, "date_iso": "2025-05-28", "parcelle": "773580000B1124", "addr_num": "6"}}, {"type": "Feature", "geometry": {"type": "Point", "coordinates": [2.845958, 49.000201]}, "properties": {"year": 2025, "valeur_fonciere": 7000.0, "type_local": null, "surface_reelle_bati": null, "nombre_pieces_principales": null, "adresse_nom_voie": "DEVANT LA FERME", "price_per_sqm": null, "date_iso": "2025-07-01", "parcelle": "77358000ZE0014", "addr_num": ""}}, {"type": "Feature", "geometry": {"type": "Point", "coordinates": [2.860206, 48.985098]}, "properties": {"year": 2025, "valeur_fonciere": 316750.0, "type_local": null, "surface_reelle_bati": null, "nombre_pieces_principales": null, "adresse_nom_voie": "VILLAGE", "price_per_sqm": null, "date_iso": "2025-07-29", "parcelle": "773580000B0740", "addr_num": ""}}, {"type": "Feature", "geometry": {"type": "Point", "coordinates": [2.86007, 48.985034]}, "properties": {"year": 2025, "valeur_fonciere": 316750.0, "type_local": null, "surface_reelle_bati": null, "nombre_pieces_principales": null, "adresse_nom_voie": "VILLAGE", "price_per_sqm": null, "date_iso": "2025-07-29", "parcelle": "773580000B0741", "addr_num": ""}}, {"type": "Feature", "geometry": {"type": "Point", "coordinates": [2.86038, 48.98513]}, "properties": {"year": 2025, "valeur_fonciere": 316750.0, "type_local": "Dépendance", "surface_reelle_bati": null, "nombre_pieces_principales": 0.0, "adresse_nom_voie": "RUE DE MEAUX", "price_per_sqm": null, "date_iso": "2025-07-29", "parcelle": "773580000B1076", "addr_num": "18"}}, {"type": "Feature", "geometry": {"type": "Point", "coordinates": [2.86038, 48.98513]}, "properties": {"year": 2025, "valeur_fonciere": 316750.0, "type_local": "Maison", "surface_reelle_bati": 133.0, "nombre_pieces_principales": 6.0, "adresse_nom_voie": "RUE DE MEAUX", "price_per_sqm": 2381.5789473684213, "date_iso": "2025-07-29", "parcelle": "773580000B1076", "addr_num": "18"}}, {"type": "Feature", "geometry": {"type": "Point", "coordinates": [2.860116, 48.985059]}, "properties": {"year": 2025, "valeur_fonciere": 316750.0, "type_local": null, "surface_reelle_bati": null, "nombre_pieces_principales": null, "adresse_nom_voie": "RUE DE MEAUX", "price_per_sqm": null, "date_iso": "2025-07-29", "parcelle": "773580000B1104", "addr_num": ""}}, {"type": "Feature", "geometry": {"type": "Point", "coordinates": [2.860085, 48.985034]}, "properties": {"year": 2025, "valeur_fonciere": 316750.0, "type_local": null, "surface_reelle_bati": null, "nombre_pieces_principales": null, "adresse_nom_voie": "RUE DE MEAUX", "price_per_sqm": null, "date_iso": "2025-07-29", "parcelle": "773580000B1105", "addr_num": ""}}, {"type": "Feature", "geometry": {"type": "Point", "coordinates": [2.859957, 48.984976]}, "properties": {"year": 2025, "valeur_fonciere": 316750.0, "type_local": null, "surface_reelle_bati": null, "nombre_pieces_principales": null, "adresse_nom_voie": "RUE DE MEAUX", "price_per_sqm": null, "date_iso": "2025-07-29", "parcelle": "773580000B1106", "addr_num": ""}}, {"type": "Feature", "geometry": {"type": "Point", "coordinates": [2.860239, 48.985041]}, "properties": {"year": 2025, "valeur_fonciere": 316750.0, "type_local": null, "surface_reelle_bati": null, "nombre_pieces_principales": null, "adresse_nom_voie": "RUE DE MEAUX", "price_per_sqm": null, "date_iso": "2025-07-29", "parcelle": "773580000B1107", "addr_num": ""}}, {"type": "Feature", "geometry": {"type": "Point", "coordinates": [2.860258, 48.985134]}, "properties": {"year": 2025, "valeur_fonciere": 316750.0, "type_local": null, "surface_reelle_bati": null, "nombre_pieces_principales": null, "adresse_nom_voie": "RUE DE MEAUX", "price_per_sqm": null, "date_iso": "2025-07-29", "parcelle": "773580000B1108", "addr_num": ""}}, {"type": "Feature", "geometry": {"type": "Point", "coordinates": [2.853692, 49.004062]}, "properties": {"year": 2025, "valeur_fonciere": 4200000.0, "type_local": null, "surface_reelle_bati": null, "nombre_pieces_principales": null, "adresse_nom_voie": "MONTBOUT", "price_per_sqm": null, "date_iso": "2025-09-11", "parcelle": "77358000ZE0032", "addr_num": ""}}, {"type": "Feature", "geometry": {"type": "Point", "coordinates": [2.846539, 49.001392]}, "properties": {"year": 2025, "valeur_fonciere": 4200000.0, "type_local": null, "surface_reelle_bati": null, "nombre_pieces_principales": null, "adresse_nom_voie": "DEVANT LA FERME", "price_per_sqm": null, "date_iso": "2025-09-11", "parcelle": "77358000ZE0048", "addr_num": ""}}, {"type": "Feature", "geometry": {"type": "Point", "coordinates": [2.846937, 49.001107]}, "properties": {"year": 2025, "valeur_fonciere": 4200000.0, "type_local": null, "surface_reelle_bati": null, "nombre_pieces_principales": null, "adresse_nom_voie": "DEVANT LA FERME", "price_per_sqm": null, "date_iso": "2025-09-11", "parcelle": "77358000ZE0049", "addr_num": ""}}, {"type": "Feature", "geometry": {"type": "Point", "coordinates": [2.847607, 49.000857]}, "properties": {"year": 2025, "valeur_fonciere": 4200000.0, "type_local": null, "surface_reelle_bati": null, "nombre_pieces_principales": null, "adresse_nom_voie": "MONTBOUT", "price_per_sqm": null, "date_iso": "2025-09-11", "parcelle": "77358000ZE0062", "addr_num": ""}}, {"type": "Feature", "geometry": {"type": "Point", "coordinates": [2.847857, 49.002464]}, "properties": {"year": 2025, "valeur_fonciere": 4200000.0, "type_local": null, "surface_reelle_bati": null, "nombre_pieces_principales": null, "adresse_nom_voie": "MONTBOUT", "price_per_sqm": null, "date_iso": "2025-09-11", "parcelle": "77358000ZE0066", "addr_num": ""}}, {"type": "Feature", "geometry": {"type": "Point", "coordinates": [2.847162, 49.002031]}, "properties": {"year": 2025, "valeur_fonciere": 4200000.0, "type_local": null, "surface_reelle_bati": null, "nombre_pieces_principales": null, "adresse_nom_voie": "MONTBOUT", "price_per_sqm": null, "date_iso": "2025-09-11", "parcelle": "77358000ZE0067", "addr_num": ""}}, {"type": "Feature", "geometry": {"type": "Point", "coordinates": [2.847628, 49.002018]}, "properties": {"year": 2025, "valeur_fonciere": 4200000.0, "type_local": null, "surface_reelle_bati": null, "nombre_pieces_principales": null, "adresse_nom_voie": "MONTBOUT", "price_per_sqm": null, "date_iso": "2025-09-11", "parcelle": "77358000ZE0068", "addr_num": ""}}, {"type": "Feature", "geometry": {"type": "Point", "coordinates": [2.849368, 49.00242]}, "properties": {"year": 2025, "valeur_fonciere": 4200000.0, "type_local": "Local industriel. commercial ou assimilé", "surface_reelle_bati": 1263.0, "nombre_pieces_principales": 0.0, "adresse_nom_voie": "RUE DE SENLIS", "price_per_sqm": 3325.4156769596198, "date_iso": "2025-09-11", "parcelle": "77358000ZE0069", "addr_num": "9001"}}, {"type": "Feature", "geometry": {"type": "Point", "coordinates": [2.850645, 49.00282]}, "properties": {"year": 2025, "valeur_fonciere": 4200000.0, "type_local": "Local industriel. commercial ou assimilé", "surface_reelle_bati": 1896.0, "nombre_pieces_principales": 0.0, "adresse_nom_voie": "RUE DE SENLIS", "price_per_sqm": 2215.1898734177216, "date_iso": "2025-09-11", "parcelle": "77358000ZE0070", "addr_num": "9001"}}, {"type": "Feature", "geometry": {"type": "Point", "coordinates": [2.850645, 49.00282]}, "properties": {"year": 2025, "valeur_fonciere": 4200000.0, "type_local": "Local industriel. commercial ou assimilé", "surface_reelle_bati": 1896.0, "nombre_pieces_principales": 0.0, "adresse_nom_voie": "RUE DE SENLIS", "price_per_sqm": 2215.1898734177216, "date_iso": "2025-09-11", "parcelle": "77358000ZE0070", "addr_num": "9001"}}, {"type": "Feature", "geometry": {"type": "Point", "coordinates": [2.850645, 49.00282]}, "properties": {"year": 2025, "valeur_fonciere": 4200000.0, "type_local": "Local industriel. commercial ou assimilé", "surface_reelle_bati": 1896.0, "nombre_pieces_principales": 0.0, "adresse_nom_voie": "RUE DE SENLIS", "price_per_sqm": 2215.1898734177216, "date_iso": "2025-09-11", "parcelle": "77358000ZE0070", "addr_num": "9001"}}, {"type": "Feature", "geometry": {"type": "Point", "coordinates": [2.850645, 49.00282]}, "properties": {"year": 2025, "valeur_fonciere": 4200000.0, "type_local": "Local industriel. commercial ou assimilé", "surface_reelle_bati": 1896.0, "nombre_pieces_principales": 0.0, "adresse_nom_voie": "RUE DE SENLIS", "price_per_sqm": 2215.1898734177216, "date_iso": "2025-09-11", "parcelle": "77358000ZE0070", "addr_num": "9001"}}, {"type": "Feature", "geometry": {"type": "Point", "coordinates": [2.853874, 49.00342]}, "properties": {"year": 2025, "valeur_fonciere": 4200000.0, "type_local": null, "surface_reelle_bati": null, "nombre_pieces_principales": null, "adresse_nom_voie": "MONTBOUT", "price_per_sqm": null, "date_iso": "2025-09-11", "parcelle": "77358000ZE0071", "addr_num": ""}}, {"type": "Feature", "geometry": {"type": "Point", "coordinates": [2.856246, 49.000554]}, "properties": {"year": 2025, "valeur_fonciere": 4200000.0, "type_local": null, "surface_reelle_bati": null, "nombre_pieces_principales": null, "adresse_nom_voie": "MONTBOUT", "price_per_sqm": null, "date_iso": "2025-09-11", "parcelle": "77358000ZE0076", "addr_num": ""}}, {"type": "Feature", "geometry": {"type": "Point", "coordinates": [2.85376, 49.003729]}, "properties": {"year": 2025, "valeur_fonciere": 4200000.0, "type_local": null, "surface_reelle_bati": null, "nombre_pieces_principales": null, "adresse_nom_voie": "MONTBOUT", "price_per_sqm": null, "date_iso": "2025-09-11", "parcelle": "77358000ZE0098", "addr_num": ""}}, {"type": "Feature", "geometry": {"type": "Point", "coordinates": [2.854037, 49.00372]}, "properties": {"year": 2025, "valeur_fonciere": 4200000.0, "type_local": null, "surface_reelle_bati": null, "nombre_pieces_principales": null, "adresse_nom_voie": "MONTBOUT", "price_per_sqm": null, "date_iso": "2025-09-11", "parcelle": "77358000ZE0102", "addr_num": ""}}, {"type": "Feature", "geometry": {"type": "Point", "coordinates": [2.860818, 48.986865]}, "properties": {"year": 2025, "valeur_fonciere": 211000.0, "type_local": null, "surface_reelle_bati": null, "nombre_pieces_principales": null, "adresse_nom_voie": "VILLAGE", "price_per_sqm": null, "date_iso": "2025-09-02", "parcelle": "773580000B0716", "addr_num": ""}}, {"type": "Feature", "geometry": {"type": "Point", "coordinates": [2.86065, 48.986914]}, "properties": {"year": 2025, "valeur_fonciere": 211000.0, "type_local": null, "surface_reelle_bati": null, "nombre_pieces_principales": null, "adresse_nom_voie": "VILLAGE", "price_per_sqm": null, "date_iso": "2025-09-02", "parcelle": "773580000B1116", "addr_num": ""}}, {"type": "Feature", "geometry": {"type": "Point", "coordinates": [2.860631, 48.986903]}, "properties": {"year": 2025, "valeur_fonciere": 211000.0, "type_local": null, "surface_reelle_bati": null, "nombre_pieces_principales": null, "adresse_nom_voie": "GRANDE RUE", "price_per_sqm": null, "date_iso": "2025-09-02", "parcelle": "773580000B1121", "addr_num": ""}}, {"type": "Feature", "geometry": {"type": "Point", "coordinates": [2.860806, 48.98685]}, "properties": {"year": 2025, "valeur_fonciere": 211000.0, "type_local": "Dépendance", "surface_reelle_bati": null, "nombre_pieces_principales": 0.0, "adresse_nom_voie": "GRANDE RUE", "price_per_sqm": null, "date_iso": "2025-09-02", "parcelle": "773580000B1146", "addr_num": "14"}}, {"type": "Feature", "geometry": {"type": "Point", "coordinates": [2.860806, 48.98685]}, "properties": {"year": 2025, "valeur_fonciere": 211000.0, "type_local": "Maison", "surface_reelle_bati": 78.0, "nombre_pieces_principales": 4.0, "adresse_nom_voie": "GRANDE RUE", "price_per_sqm": 2705.128205128205, "date_iso": "2025-09-02", "parcelle": "773580000B1146", "addr_num": "14"}}, {"type": "Feature", "geometry": {"type": "Point", "coordinates": [2.862756, 48.984536]}, "properties": {"year": 2025, "valeur_fonciere": 115000.0, "type_local": null, "surface_reelle_bati": null, "nombre_pieces_principales": null, "adresse_nom_voie": "RUE DU CPT GUY HUGOT DERVILLE", "price_per_sqm": null, "date_iso": "2025-09-20", "parcelle": "77358000ZD0227", "addr_num": "24"}}, {"type": "Feature", "geometry": {"type": "Point", "coordinates": [2.862639, 48.984354]}, "properties": {"year": 2025, "valeur_fonciere": 122000.0, "type_local": null, "surface_reelle_bati": null, "nombre_pieces_principales": null, "adresse_nom_voie": "RUE DU CPT GUY HUGOT DERVILLE", "price_per_sqm": null, "date_iso": "2025-10-10", "parcelle": "77358000ZD0225", "addr_num": "24"}}, {"type": "Feature", "geometry": {"type": "Point", "coordinates": [2.85984, 48.98717]}, "properties": {"year": 2025, "valeur_fonciere": 225000.0, "type_local": null, "surface_reelle_bati": null, "nombre_pieces_principales": null, "adresse_nom_voie": "VILLAGE", "price_per_sqm": null, "date_iso": "2025-10-29", "parcelle": "773580000B0525", "addr_num": ""}}, {"type": "Feature", "geometry": {"type": "Point", "coordinates": [2.860144, 48.987016]}, "properties": {"year": 2025, "valeur_fonciere": 225000.0, "type_local": null, "surface_reelle_bati": null, "nombre_pieces_principales": null, "adresse_nom_voie": "GRANDE RUE", "price_per_sqm": null, "date_iso": "2025-10-29", "parcelle": "773580000B0537", "addr_num": ""}}, {"type": "Feature", "geometry": {"type": "Point", "coordinates": [2.860346, 48.986993]}, "properties": {"year": 2025, "valeur_fonciere": 225000.0, "type_local": "Maison", "surface_reelle_bati": 70.0, "nombre_pieces_principales": 2.0, "adresse_nom_voie": "GRANDE RUE", "price_per_sqm": 3214.285714285714, "date_iso": "2025-10-29", "parcelle": "773580000B0539", "addr_num": "13"}}, {"type": "Feature", "geometry": {"type": "Point", "coordinates": [2.859941, 48.984798]}, "properties": {"year": 2025, "valeur_fonciere": 89000.0, "type_local": null, "surface_reelle_bati": null, "nombre_pieces_principales": null, "adresse_nom_voie": "VILLAGE", "price_per_sqm": null, "date_iso": "2025-10-21", "parcelle": "773580000B0412", "addr_num": ""}}, {"type": "Feature", "geometry": {"type": "Point", "coordinates": [2.854314, 48.984501]}, "properties": {"year": 2025, "valeur_fonciere": 500.0, "type_local": null, "surface_reelle_bati": null, "nombre_pieces_principales": null, "adresse_nom_voie": "LA LOUVE", "price_per_sqm": null, "date_iso": "2025-10-23", "parcelle": "773580000A0686", "addr_num": ""}}, {"type": "Feature", "geometry": {"type": "Point", "coordinates": [2.853797, 48.985114]}, "properties": {"year": 2025, "valeur_fonciere": 200.0, "type_local": null, "surface_reelle_bati": null, "nombre_pieces_principales": null, "adresse_nom_voie": "LA LOUVE", "price_per_sqm": null, "date_iso": "2025-10-23", "parcelle": "773580000A0386", "addr_num": ""}}, {"type": "Feature", "geometry": {"type": "Point", "coordinates": [2.862329, 48.988088]}, "properties": {"year": 2025, "valeur_fonciere": 240000.0, "type_local": "Maison", "surface_reelle_bati": 76.0, "nombre_pieces_principales": 4.0, "adresse_nom_voie": "RUE DU PRE DE LA VILLE", "price_per_sqm": 3157.8947368421054, "date_iso": "2025-11-19", "parcelle": "773580000B0860", "addr_num": "4"}}, {"type": "Feature", "geometry": {"type": "Point", "coordinates": [2.859507, 48.984131]}, "properties": {"year": 2025, "valeur_fonciere": 115000.0, "type_local": null, "surface_reelle_bati": null, "nombre_pieces_principales": null, "adresse_nom_voie": "RUE DE NEUFMONTIERS", "price_per_sqm": null, "date_iso": "2025-12-04", "parcelle": "773580000B1221", "addr_num": "33"}}, {"type": "Feature", "geometry": {"type": "Point", "coordinates": [2.86022, 48.985323]}, "properties": {"year": 2025, "valeur_fonciere": 220850.0, "type_local": "Dépendance", "surface_reelle_bati": null, "nombre_pieces_principales": 0.0, "adresse_nom_voie": "RUE DE MEAUX", "price_per_sqm": null, "date_iso": "2025-12-23", "parcelle": "773580000B0400", "addr_num": "12"}}, {"type": "Feature", "geometry": {"type": "Point", "coordinates": [2.86022, 48.985323]}, "properties": {"year": 2025, "valeur_fonciere": 220850.0, "type_local": "Maison", "surface_reelle_bati": 96.0, "nombre_pieces_principales": 3.0, "adresse_nom_voie": "RUE DE MEAUX", "price_per_sqm": 2300.5208333333335, "date_iso": "2025-12-23", "parcelle": "773580000B0400", "addr_num": "12"}}, {"type": "Feature", "geometry": {"type": "Point", "coordinates": [2.86022, 48.985323]}, "properties": {"year": 2025, "valeur_fonciere": 220850.0, "type_local": "Dépendance", "surface_reelle_bati": null, "nombre_pieces_principales": 0.0, "adresse_nom_voie": "RUE DE MEAUX", "price_per_sqm": null, "date_iso": "2025-12-23", "parcelle": "773580000B0400", "addr_num": "12"}}, {"type": "Feature", "geometry": {"type": "Point", "coordinates": [2.86022, 48.985323]}, "properties": {"year": 2025, "valeur_fonciere": 220850.0, "type_local": "Dépendance", "surface_reelle_bati": null, "nombre_pieces_principales": 0.0, "adresse_nom_voie": "RUE DE MEAUX", "price_per_sqm": null, "date_iso": "2025-12-23", "parcelle": "773580000B0400", "addr_num": "12"}}]}