{"type": "FeatureCollection", "features": [{"type": "Feature", "geometry": {"type": "Point", "coordinates": [2.911522, 48.950648]}, "properties": {"id_parcelle": "77284000AR0008", "address": "3 AV DE LA CONCORDE", "sales": 134, "median_price": 133000.0, "median_price_per_sqm": 1930.0373134328358, "median_rooms": 0.0, "first_sale": "2021-02-01", "last_sale": "2025-09-08"}}, {"type": "Feature", "geometry": {"type": "Point", "coordinates": [2.878661, 48.957131]}, "properties": {"id_parcelle": "77284000BO0002", "address": "20 PL JEAN BUREAU", "sales": 129, "median_price": 140000.0, "median_price_per_sqm": 3185.03227408143, "median_rooms": 0.0, "first_sale": "2021-01-29", "last_sale": "2025-12-15"}}, {"type": "Feature", "geometry": {"type": "Point", "coordinates": [2.880785, 48.969585]}, "properties": {"id_parcelle": "77284000BX0140", "address": "48 AV CLEMENCEAU", "sales": 118, "median_price": 159000.0, "median_price_per_sqm": 2367.6470588235293, "median_rooms": 0.0, "first_sale": "2021-01-29", "last_sale": "2025-10-31"}}, {"type": "Feature", "geometry": {"type": "Point", "coordinates": [2.893594, 48.948256]}, "properties": {"id_parcelle": "77284000AX0202", "address": "23 RUE SEBASTIEN DE BROSSARD", "sales": 99, "median_price": 130000.0, "median_price_per_sqm": 1969.6969696969697, "median_rooms": 0.0, "first_sale": "2021-04-09", "last_sale": "2025-12-19"}}, {"type": "Feature", "geometry": {"type": "Point", "coordinates": [2.909241, 48.948885]}, "properties": {"id_parcelle": "77284000AS0121", "address": "4 RUE ALBERT CAMUS", "sales": 98, "median_price": 140000.0, "median_price_per_sqm": 2014.9253731343283, "median_rooms": 0.0, "first_sale": "2021-02-10", "last_sale": "2025-11-20"}}, {"type": "Feature", "geometry": {"type": "Point", "coordinates": [2.911836, 48.951755]}, "properties": {"id_parcelle": "77284000BZ0022", "address": "5 AV JEAN BOUVIN", "sales": 96, "median_price": 141500.0, "median_price_per_sqm": 1785.0967741935483, "median_rooms": 0.0, "first_sale": "2021-02-23", "last_sale": "2025-11-10"}}, {"type": "Feature", "geometry": {"type": "Point", "coordinates": [2.913381, 48.951449]}, "properties": {"id_parcelle": "77284000BZ0247", "address": "1 RUE LOUIS BLERIOT", "sales": 95, "median_price": 1732404.0, "median_price_per_sqm": 29633.226315789474, "median_rooms": 0.0, "first_sale": "2023-10-27", "last_sale": "2023-10-27"}}, {"type": "Feature", "geometry": {"type": "Point", "coordinates": [2.883227, 48.956494]}, "properties": {"id_parcelle": "77284000BD0252", "address": "5 RUE ARISTIDE BRIAND", "sales": 94, "median_price": 139000.0, "median_price_per_sqm": 3181.818181818182, "median_rooms": 0.0, "first_sale": "2021-03-17", "last_sale": "2025-10-10"}}, {"type": "Feature", "geometry": {"type": "Point", "coordinates": [2.896313, 48.946509]}, "properties": {"id_parcelle": "77284000AX0353", "address": "2 RUE JEAN MERMOZ", "sales": 86, "median_price": 164225.0, "median_price_per_sqm": 3234.6201743462016, "median_rooms": 0.0, "first_sale": "2021-04-02", "last_sale": "2025-12-22"}}, {"type": "Feature", "geometry": {"type": "Point", "coordinates": [2.884044, 48.952497]}, "properties": {"id_parcelle": "77284000BK0085", "address": "10 AV DU MARECHAL FOCH", "sales": 85, "median_price": 151000.0, "median_price_per_sqm": 3627.840909090909, "median_rooms": 1.0, "first_sale": "2021-01-20", "last_sale": "2025-12-08"}}, {"type": "Feature", "geometry": {"type": "Point", "coordinates": [2.903708, 48.949073]}, "properties": {"id_parcelle": "77284000AS0022", "address": "2 SQ PIERRE ET MARIE CURIE", "sales": 81, "median_price": 138000.0, "median_price_per_sqm": 1880.2211302211301, "median_rooms": 0.0, "first_sale": "2021-01-11", "last_sale": "2025-06-17"}}, {"type": "Feature", "geometry": {"type": "Point", "coordinates": [2.872792, 48.959919]}, "properties": {"id_parcelle": "77284000BP0114", "address": "14 RUE DE SENLIS", "sales": 77, "median_price": 153000.0, "median_price_per_sqm": 2484.848484848485, "median_rooms": 0.0, "first_sale": "2021-01-19", "last_sale": "2025-12-22"}}, {"type": "Feature", "geometry": {"type": "Point", "coordinates": [2.879739, 48.968502]}, "properties": {"id_parcelle": "77284000BX0454", "address": "46 AV CLEMENCEAU", "sales": 75, "median_price": 148000.0, "median_price_per_sqm": 2661.531962827373, "median_rooms": 1.0, "first_sale": "2021-01-22", "last_sale": "2025-12-31"}}, {"type": "Feature", "geometry": {"type": "Point", "coordinates": [2.892005, 48.949733]}, "properties": {"id_parcelle": "77284000BI0740", "address": "8 RUE SEBASTIEN DE BROSSARD", "sales": 71, "median_price": 150000.0, "median_price_per_sqm": 2159.4202898550725, "median_rooms": 0.0, "first_sale": "2021-02-17", "last_sale": "2025-03-31"}}, {"type": "Feature", "geometry": {"type": "Point", "coordinates": [2.928834, 48.949979]}, "properties": {"id_parcelle": "77284000AP0181", "address": "53 ALL DES PLATANES", "sales": 69, "median_price": 200000.0, "median_price_per_sqm": 16481.48148148148, "median_rooms": 0.0, "first_sale": "2021-12-17", "last_sale": "2024-05-22"}}, {"type": "Feature", "geometry": {"type": "Point", "coordinates": [2.886591, 48.952738]}, "properties": {"id_parcelle": "77284000BK0267", "address": "16 AV DU MARECHAL FOCH", "sales": 68, "median_price": 171450.0, "median_price_per_sqm": 3365.8536585365855, "median_rooms": 0.0, "first_sale": "2021-02-03", "last_sale": "2025-10-16"}}, {"type": "Feature", "geometry": {"type": "Point", "coordinates": [2.896804, 48.950875]}, "properties": {"id_parcelle": "77284000AX0024", "address": "42 RUE PAUL BARENNES", "sales": 66, "median_price": 140000.0, "median_price_per_sqm": 2098.3823529411766, "median_rooms": 0.0, "first_sale": "2021-03-09", "last_sale": "2025-11-04"}}, {"type": "Feature", "geometry": {"type": "Point", "coordinates": [2.885164, 48.954373]}, "properties": {"id_parcelle": "77284000BK0129", "address": "52 RUE DE LA CRECHE", "sales": 63, "median_price": 195000.0, "median_price_per_sqm": 3337.552742616034, "median_rooms": 0.0, "first_sale": "2021-01-29", "last_sale": "2025-12-29"}}, {"type": "Feature", "geometry": {"type": "Point", "coordinates": [2.900553, 48.946587]}, "properties": {"id_parcelle": "77284000AX0395", "address": "1 RUE DIDIER DAURAT", "sales": 63, "median_price": 209000.0, "median_price_per_sqm": 2985.5072463768115, "median_rooms": 0.0, "first_sale": "2021-07-02", "last_sale": "2025-12-30"}}, {"type": "Feature", "geometry": {"type": "Point", "coordinates": [2.913525, 48.95191]}, "properties": {"id_parcelle": "77284000BZ0252", "address": "1 ALL DES BRUYERES", "sales": 62, "median_price": 4904433.5, "median_price_per_sqm": 74309.59848484848, "median_rooms": 1.0, "first_sale": "2022-06-24", "last_sale": "2023-12-21"}}, {"type": "Feature", "geometry": {"type": "Point", "coordinates": [2.887541, 48.953668]}, "properties": {"id_parcelle": "77284000BI0821", "address": "7 RUE GASTON MONNERVILLE", "sales": 60, "median_price": 190485.0, "median_price_per_sqm": 3483.333333333333, "median_rooms": 0.0, "first_sale": "2021-01-12", "last_sale": "2025-07-31"}}, {"type": "Feature", "geometry": {"type": "Point", "coordinates": [2.888214, 48.951259]}, "properties": {"id_parcelle": "77284000BK0421", "address": "9 RUE LEON LE ROYER", "sales": 60, "median_price": 155050.0, "median_price_per_sqm": 2483.3333333333335, "median_rooms": 3.0, "first_sale": "2021-02-09", "last_sale": "2025-09-22"}}, {"type": "Feature", "geometry": {"type": "Point", "coordinates": [2.873865, 48.964224]}, "properties": {"id_parcelle": "77284000BV0383", "address": "10 RUE LOUIS BRAILLE", "sales": 58, "median_price": 155000.0, "median_price_per_sqm": 2777.777777777778, "median_rooms": 0.0, "first_sale": "2021-04-27", "last_sale": "2025-12-29"}}, {"type": "Feature", "geometry": {"type": "Point", "coordinates": [2.917231, 48.953938]}, "properties": {"id_parcelle": "77284000BZ0094", "address": "10 RUE LOUIS BREGUET", "sales": 57, "median_price": 200000.0, "median_price_per_sqm": 3174.6031746031745, "median_rooms": 0.0, "first_sale": "2021-12-10", "last_sale": "2025-11-21"}}, {"type": "Feature", "geometry": {"type": "Point", "coordinates": [2.895356, 48.947256]}, "properties": {"id_parcelle": "77284000AX0347", "address": "72 AV JEAN HENRI DUNANT", "sales": 55, "median_price": 155000.0, "median_price_per_sqm": 3462.5, "median_rooms": 0.0, "first_sale": "2021-01-13", "last_sale": "2025-08-28"}}, {"type": "Feature", "geometry": {"type": "Point", "coordinates": [2.914436, 48.950228]}, "properties": {"id_parcelle": "77284000AR0032", "address": "2 SQ JACQUES BREL", "sales": 54, "median_price": 128000.0, "median_price_per_sqm": 1722.5308641975307, "median_rooms": 0.0, "first_sale": "2021-02-05", "last_sale": "2025-03-25"}}, {"type": "Feature", "geometry": {"type": "Point", "coordinates": [2.880429, 48.962297]}, "properties": {"id_parcelle": "77284000BW0475", "address": "23 BD JEAN ROSE", "sales": 53, "median_price": 250000.0, "median_price_per_sqm": 3711.1111111111113, "median_rooms": 0.0, "first_sale": "2021-02-19", "last_sale": "2025-10-14"}}, {"type": "Feature", "geometry": {"type": "Point", "coordinates": [2.888503, 48.950562]}, "properties": {"id_parcelle": "77284000BK0357", "address": "6 RUE LOUIS VALLIN", "sales": 52, "median_price": 218000.0, "median_price_per_sqm": null, "median_rooms": 0.0, "first_sale": "2021-01-12", "last_sale": "2025-12-02"}}, {"type": "Feature", "geometry": {"type": "Point", "coordinates": [2.908772, 48.950652]}, "properties": {"id_parcelle": "77284000AS0395", "address": "9001 ALL CONDORCET", "sales": 52, "median_price": 165500.0, "median_price_per_sqm": 3137.118428490673, "median_rooms": 0.0, "first_sale": "2021-03-02", "last_sale": "2025-08-01"}}, {"type": "Feature", "geometry": {"type": "Point", "coordinates": [2.870667, 48.958513]}, "properties": {"id_parcelle": "77284000BY0312", "address": "2 RUE D ORGEMONT", "sales": 48, "median_price": 262382.6, "median_price_per_sqm": 14576.81111111111, "median_rooms": 0.0, "first_sale": "2023-07-13", "last_sale": "2025-12-23"}}, {"type": "Feature", "geometry": {"type": "Point", "coordinates": [2.891356, 48.948797]}, "properties": {"id_parcelle": "77284000AW0100", "address": "2 RUE PAUL NICLAUSSE", "sales": 47, "median_price": 198000.0, "median_price_per_sqm": 3221.0484622553586, "median_rooms": 0.0, "first_sale": "2021-01-22", "last_sale": "2025-11-28"}}, {"type": "Feature", "geometry": {"type": "Point", "coordinates": [2.892137, 48.952804]}, "properties": {"id_parcelle": "77284000BI0738", "address": "3 RUE DU DOCTEUR DUFRAIGNE", "sales": 47, "median_price": 180000.0, "median_price_per_sqm": 2278.846153846154, "median_rooms": 0.0, "first_sale": "2021-03-22", "last_sale": "2025-07-28"}}, {"type": "Feature", "geometry": {"type": "Point", "coordinates": [2.90295, 48.951009]}, "properties": {"id_parcelle": "77284000AS0198", "address": "3 RUE WINSTON CHURCHILL", "sales": 46, "median_price": 150000.0, "median_price_per_sqm": 3115.29933481153, "median_rooms": 0.0, "first_sale": "2021-02-15", "last_sale": "2025-10-24"}}, {"type": "Feature", "geometry": {"type": "Point", "coordinates": [2.901523, 48.948357]}, "properties": {"id_parcelle": "77284000AS0030", "address": "1 SQ CONDILLAC", "sales": 45, "median_price": 100780.0, "median_price_per_sqm": 1599.6825396825398, "median_rooms": 0.0, "first_sale": "2022-11-14", "last_sale": "2025-12-03"}}, {"type": "Feature", "geometry": {"type": "Point", "coordinates": [2.888193, 48.962798]}, "properties": {"id_parcelle": "77284000BC0103", "address": "56 RUE PASTEUR", "sales": 42, "median_price": 230000.0, "median_price_per_sqm": 3354.8387096774195, "median_rooms": 0.0, "first_sale": "2021-08-03", "last_sale": "2025-11-05"}}, {"type": "Feature", "geometry": {"type": "Point", "coordinates": [2.888509, 48.94957]}, "properties": {"id_parcelle": "77284000BK0288", "address": "11 AV DE LA MARNE", "sales": 40, "median_price": 265000.0, "median_price_per_sqm": 3315.217391304348, "median_rooms": 0.0, "first_sale": "2021-08-27", "last_sale": "2024-11-08"}}, {"type": "Feature", "geometry": {"type": "Point", "coordinates": [2.891482, 48.953677]}, "properties": {"id_parcelle": "77284000BI0283", "address": "60 AV DU MARECHAL FOCH", "sales": 40, "median_price": 4227029.5, "median_price_per_sqm": 55618.80921052631, "median_rooms": 1.5, "first_sale": "2022-10-19", "last_sale": "2025-07-10"}}, {"type": "Feature", "geometry": {"type": "Point", "coordinates": [2.876735, 48.954007]}, "properties": {"id_parcelle": "77284000BM0225", "address": "44 RUE DE LA GRANDE ILE", "sales": 40, "median_price": 180500.0, "median_price_per_sqm": 3443.144363876071, "median_rooms": 0.0, "first_sale": "2021-02-08", "last_sale": "2025-11-20"}}, {"type": "Feature", "geometry": {"type": "Point", "coordinates": [2.881469, 48.96252]}, "properties": {"id_parcelle": "77284000BW0428", "address": "21 RUE SAINT FARON", "sales": 40, "median_price": 147890.0, "median_price_per_sqm": 3111.1111111111113, "median_rooms": 0.0, "first_sale": "2021-04-19", "last_sale": "2025-12-22"}}, {"type": "Feature", "geometry": {"type": "Point", "coordinates": [2.894792, 48.957037]}, "properties": {"id_parcelle": "77284000AY0399", "address": "108 AV DU MARECHAL FOCH", "sales": 39, "median_price": 147000.0, "median_price_per_sqm": 2957.446808510638, "median_rooms": 0.0, "first_sale": "2021-05-12", "last_sale": "2025-10-09"}}, {"type": "Feature", "geometry": {"type": "Point", "coordinates": [2.887923, 48.949432]}, "properties": {"id_parcelle": "77284000BK0289", "address": "9 AV DE LA MARNE", "sales": 39, "median_price": 172000.0, "median_price_per_sqm": 3194.1747572815534, "median_rooms": 0.0, "first_sale": "2021-03-05", "last_sale": "2025-09-24"}}, {"type": "Feature", "geometry": {"type": "Point", "coordinates": [2.913318, 48.952099]}, "properties": {"id_parcelle": "77284000BZ0255", "address": "7 RUE LOUIS BLERIOT", "sales": 38, "median_price": 1952626.4, "median_price_per_sqm": 19824.129086786226, "median_rooms": 0.5, "first_sale": "2022-12-16", "last_sale": "2022-12-16"}}, {"type": "Feature", "geometry": {"type": "Point", "coordinates": [2.885927, 48.954847]}, "properties": {"id_parcelle": "77284000BI0741", "address": "43 RUE DE LA CRECHE", "sales": 38, "median_price": 119000.0, "median_price_per_sqm": 3725.0, "median_rooms": 1.0, "first_sale": "2021-01-28", "last_sale": "2025-10-31"}}, {"type": "Feature", "geometry": {"type": "Point", "coordinates": [2.889482, 48.956573]}, "properties": {"id_parcelle": "77284000BI0760", "address": "53 RUE ARISTIDE BRIAND", "sales": 36, "median_price": 117000.0, "median_price_per_sqm": 3292.682926829268, "median_rooms": 0.0, "first_sale": "2021-06-18", "last_sale": "2025-12-08"}}, {"type": "Feature", "geometry": {"type": "Point", "coordinates": [2.877026, 48.954615]}, "properties": {"id_parcelle": "77284000BM0319", "address": "8 PL DE VALMY", "sales": 36, "median_price": 174940.0, "median_price_per_sqm": 3436.6004962779157, "median_rooms": 1.0, "first_sale": "2021-07-29", "last_sale": "2025-12-23"}}, {"type": "Feature", "geometry": {"type": "Point", "coordinates": [2.887797, 48.953843]}, "properties": {"id_parcelle": "77284000BI0742", "address": "39 AV DU MARECHAL FOCH", "sales": 35, "median_price": 118800.0, "median_price_per_sqm": 2969.6969696969695, "median_rooms": 0.0, "first_sale": "2021-03-13", "last_sale": "2025-04-29"}}, {"type": "Feature", "geometry": {"type": "Point", "coordinates": [2.926623, 48.949681]}, "properties": {"id_parcelle": "77284000AP0240", "address": "56 ALL DES PLATANES", "sales": 35, "median_price": 132000.0, "median_price_per_sqm": 1000.0, "median_rooms": 0.0, "first_sale": "2021-07-28", "last_sale": "2024-06-18"}}, {"type": "Feature", "geometry": {"type": "Point", "coordinates": [2.874742, 48.963148]}, "properties": {"id_parcelle": "77284000BV0358", "address": "4 RUE LOUIS BRAILLE", "sales": 34, "median_price": 213500.0, "median_price_per_sqm": 2857.1428571428573, "median_rooms": 0.0, "first_sale": "2021-05-29", "last_sale": "2025-12-19"}}, {"type": "Feature", "geometry": {"type": "Point", "coordinates": [2.906607, 48.954914]}, "properties": {"id_parcelle": "77284000AK0075", "address": "1 BD ALBUQUERQUE", "sales": 33, "median_price": 209000.0, "median_price_per_sqm": 2275.8064516129034, "median_rooms": 4.0, "first_sale": "2021-02-17", "last_sale": "2025-12-08"}}, {"type": "Feature", "geometry": {"type": "Point", "coordinates": [2.876117, 48.95487]}, "properties": {"id_parcelle": "77284000BM0220", "address": "30 RUE DE LA GRANDE ILE", "sales": 33, "median_price": 168000.0, "median_price_per_sqm": 3515.5555555555557, "median_rooms": 2.0, "first_sale": "2021-04-20", "last_sale": "2025-12-12"}}, {"type": "Feature", "geometry": {"type": "Point", "coordinates": [2.904535, 48.949786]}, "properties": {"id_parcelle": "77284000AS0164", "address": "14 PL COLBERT", "sales": 32, "median_price": 154000.0, "median_price_per_sqm": 2896.551724137931, "median_rooms": 0.0, "first_sale": "2021-01-20", "last_sale": "2025-05-23"}}, {"type": "Feature", "geometry": {"type": "Point", "coordinates": [2.889754, 48.953576]}, "properties": {"id_parcelle": "77284000BI0744", "address": "57 AV DU MARECHAL FOCH", "sales": 32, "median_price": 131000.0, "median_price_per_sqm": 2500.0, "median_rooms": 0.0, "first_sale": "2021-05-05", "last_sale": "2025-12-30"}}, {"type": "Feature", "geometry": {"type": "Point", "coordinates": [2.887846, 48.960661]}, "properties": {"id_parcelle": "77284000BC0578", "address": "14 RUE DES PRES", "sales": 32, "median_price": 246500.0, "median_price_per_sqm": null, "median_rooms": 0.0, "first_sale": "2022-06-30", "last_sale": "2025-12-01"}}, {"type": "Feature", "geometry": {"type": "Point", "coordinates": [2.922109, 48.951311]}, "properties": {"id_parcelle": "77284000AM0305", "address": "37 RUE PIERRE BRASSEUR", "sales": 32, "median_price": 1.0, "median_price_per_sqm": 0.029857397504456328, "median_rooms": 0.0, "first_sale": "2024-03-22", "last_sale": "2024-03-22"}}, {"type": "Feature", "geometry": {"type": "Point", "coordinates": [2.869237, 48.958023]}, "properties": {"id_parcelle": "77284000BY0320", "address": "2 RUE D ORGEMONT", "sales": 31, "median_price": 254652.8, "median_price_per_sqm": 12732.64, "median_rooms": 0.0, "first_sale": "2025-10-15", "last_sale": "2025-12-30"}}, {"type": "Feature", "geometry": {"type": "Point", "coordinates": [2.872512, 48.96085]}, "properties": {"id_parcelle": "77284000BP0073", "address": "18 RUE DE SENLIS", "sales": 31, "median_price": 157000.0, "median_price_per_sqm": 2263.75, "median_rooms": 0.0, "first_sale": "2021-05-21", "last_sale": "2025-07-11"}}, {"type": "Feature", "geometry": {"type": "Point", "coordinates": [2.885429, 48.961492]}, "properties": {"id_parcelle": "77284000BC0700", "address": "21 RUE DES CORDELIERS", "sales": 30, "median_price": 161000.0, "median_price_per_sqm": 2622.9508196721313, "median_rooms": 0.0, "first_sale": "2021-02-24", "last_sale": "2025-10-23"}}, {"type": "Feature", "geometry": {"type": "Point", "coordinates": [2.878981, 48.953827]}, "properties": {"id_parcelle": "77284000BM0265", "address": "36 RUE CORNILLON", "sales": 30, "median_price": 195000.0, "median_price_per_sqm": 3690.4761904761904, "median_rooms": 1.0, "first_sale": "2021-08-31", "last_sale": "2025-11-06"}}, {"type": "Feature", "geometry": {"type": "Point", "coordinates": [2.899458, 48.946622]}, "properties": {"id_parcelle": "77284000AX0492", "address": "2 RUE DIDIER DAURAT", "sales": 30, "median_price": 162000.0, "median_price_per_sqm": 3444.4444444444443, "median_rooms": 1.0, "first_sale": "2021-05-25", "last_sale": "2025-07-23"}}, {"type": "Feature", "geometry": {"type": "Point", "coordinates": [2.910131, 48.949676]}, "properties": {"id_parcelle": "77284000AS0418", "address": "34 RUE WINSTON CHURCHILL", "sales": 29, "median_price": 145000.0, "median_price_per_sqm": 3665.0053022269353, "median_rooms": 0.0, "first_sale": "2021-02-22", "last_sale": "2025-08-28"}}, {"type": "Feature", "geometry": {"type": "Point", "coordinates": [2.894677, 48.956792]}, "properties": {"id_parcelle": "77284000AY0398", "address": "108 AV DU MARECHAL FOCH", "sales": 29, "median_price": 163000.0, "median_price_per_sqm": 2963.6363636363635, "median_rooms": 0.0, "first_sale": "2021-06-02", "last_sale": "2025-07-04"}}, {"type": "Feature", "geometry": {"type": "Point", "coordinates": [2.884815, 48.95534]}, "properties": {"id_parcelle": "77284000BD0055", "address": "38 RUE DE LA CRECHE", "sales": 29, "median_price": 177000.0, "median_price_per_sqm": 2602.5641025641025, "median_rooms": 0.0, "first_sale": "2021-01-19", "last_sale": "2025-04-17"}}, {"type": "Feature", "geometry": {"type": "Point", "coordinates": [2.884431, 48.955836]}, "properties": {"id_parcelle": "77284000BD0025", "address": "22 RUE ARISTIDE BRIAND", "sales": 29, "median_price": 215000.0, "median_price_per_sqm": 4966.437632135307, "median_rooms": 0.0, "first_sale": "2021-01-28", "last_sale": "2025-12-12"}}, {"type": "Feature", "geometry": {"type": "Point", "coordinates": [2.886035, 48.960232]}, "properties": {"id_parcelle": "77284000BC1120", "address": "8 RUE DES CORDELIERS", "sales": 28, "median_price": 564000.0, "median_price_per_sqm": 47000.0, "median_rooms": 0.0, "first_sale": "2021-04-16", "last_sale": "2024-06-28"}}, {"type": "Feature", "geometry": {"type": "Point", "coordinates": [2.913536, 48.949079]}, "properties": {"id_parcelle": "77284000AR0026", "address": "3 RUE FERDINAND BUISSON", "sales": 28, "median_price": 150000.0, "median_price_per_sqm": 1761.3636363636363, "median_rooms": 0.0, "first_sale": "2021-02-05", "last_sale": "2024-11-20"}}, {"type": "Feature", "geometry": {"type": "Point", "coordinates": [2.909449, 48.955565]}, "properties": {"id_parcelle": "77284000AK0243", "address": "27 CHE DE BEAUVAL", "sales": 27, "median_price": 124000.0, "median_price_per_sqm": 2375.0, "median_rooms": 0.0, "first_sale": "2021-01-25", "last_sale": "2025-07-17"}}, {"type": "Feature", "geometry": {"type": "Point", "coordinates": [2.875189, 48.954521]}, "properties": {"id_parcelle": "77284000BM0255", "address": "1 PL DE FLEURUS", "sales": 27, "median_price": 200000.0, "median_price_per_sqm": 3810.7675906183367, "median_rooms": 0.0, "first_sale": "2021-12-20", "last_sale": "2025-06-23"}}, {"type": "Feature", "geometry": {"type": "Point", "coordinates": [2.884334, 48.968669]}, "properties": {"id_parcelle": "77284000BX0519", "address": "25 RUE RENE LAENNEC", "sales": 26, "median_price": 200600.0, "median_price_per_sqm": 3269.84126984127, "median_rooms": 0.5, "first_sale": "2021-11-03", "last_sale": "2025-12-16"}}, {"type": "Feature", "geometry": {"type": "Point", "coordinates": [2.880022, 48.954345]}, "properties": {"id_parcelle": "77284000BN0124", "address": "27 RUE CORNILLON", "sales": 26, "median_price": 165000.0, "median_price_per_sqm": 2750.0, "median_rooms": 0.0, "first_sale": "2021-02-27", "last_sale": "2025-12-19"}}, {"type": "Feature", "geometry": {"type": "Point", "coordinates": [2.899564, 48.946748]}, "properties": {"id_parcelle": "77284000AX0500", "address": "10 RUE ALBERT SCHWEITZER", "sales": 26, "median_price": 181470.0, "median_price_per_sqm": 3666.6666666666665, "median_rooms": 1.0, "first_sale": "2021-01-08", "last_sale": "2025-12-19"}}, {"type": "Feature", "geometry": {"type": "Point", "coordinates": [2.886442, 48.95425]}, "properties": {"id_parcelle": "77284000BI0835", "address": "3 RUE BERTRAND FLORNOY", "sales": 25, "median_price": 213770.0, "median_price_per_sqm": 3792.3816445182724, "median_rooms": 1.0, "first_sale": "2021-06-30", "last_sale": "2025-12-10"}}, {"type": "Feature", "geometry": {"type": "Point", "coordinates": [2.877605, 48.953911]}, "properties": {"id_parcelle": "77284000BM0232", "address": "45 RUE DE LA GRANDE ILE", "sales": 25, "median_price": 176250.0, "median_price_per_sqm": 3279.121794871795, "median_rooms": 0.0, "first_sale": "2021-04-08", "last_sale": "2024-06-06"}}, {"type": "Feature", "geometry": {"type": "Point", "coordinates": [2.876258, 48.967624]}, "properties": {"id_parcelle": "77284000BV0069", "address": "79 AV CLEMENCEAU", "sales": 25, "median_price": 166350.0, "median_price_per_sqm": 2901.3888888888887, "median_rooms": 0.0, "first_sale": "2021-02-02", "last_sale": "2025-12-01"}}, {"type": "Feature", "geometry": {"type": "Point", "coordinates": [2.884186, 48.95316]}, "properties": {"id_parcelle": "77284000BK0153", "address": "7 AV DU MARECHAL FOCH", "sales": 25, "median_price": 159000.0, "median_price_per_sqm": 3540.226190476191, "median_rooms": 0.0, "first_sale": "2021-03-08", "last_sale": "2025-07-21"}}, {"type": "Feature", "geometry": {"type": "Point", "coordinates": [2.897658, 48.961019]}, "properties": {"id_parcelle": "77284000AZ0215", "address": "9001 PARC JOFFRE RES BACH", "sales": 25, "median_price": 168500.0, "median_price_per_sqm": 2408.450704225352, "median_rooms": 0.0, "first_sale": "2021-02-12", "last_sale": "2024-03-20"}}, {"type": "Feature", "geometry": {"type": "Point", "coordinates": [2.897717, 48.953365]}, "properties": {"id_parcelle": "77284000AY0181", "address": "18 CHE DU TOURNAY", "sales": 25, "median_price": 166460.0, "median_price_per_sqm": 3585.526960784314, "median_rooms": 0.0, "first_sale": "2021-04-01", "last_sale": "2025-10-17"}}, {"type": "Feature", "geometry": {"type": "Point", "coordinates": [2.899162, 48.946681]}, "properties": {"id_parcelle": "77284000AX0518", "address": "7 RUE NADAR", "sales": 24, "median_price": 170700.0, "median_price_per_sqm": 3322.404371584699, "median_rooms": 1.0, "first_sale": "2021-07-20", "last_sale": "2025-11-26"}}, {"type": "Feature", "geometry": {"type": "Point", "coordinates": [2.886275, 48.955799]}, "properties": {"id_parcelle": "77284000BI0743", "address": "50 RUE ARISTIDE BRIAND", "sales": 24, "median_price": 918748.0, "median_price_per_sqm": 30000.0, "median_rooms": 0.0, "first_sale": "2023-10-27", "last_sale": "2025-07-31"}}, {"type": "Feature", "geometry": {"type": "Point", "coordinates": [2.88402, 48.956662]}, "properties": {"id_parcelle": "77284000BD0251", "address": "8 AV DU PDT SALVADOR ALLENDE", "sales": 24, "median_price": 120000.0, "median_price_per_sqm": 3000.0, "median_rooms": 0.0, "first_sale": "2021-04-20", "last_sale": "2025-11-10"}}, {"type": "Feature", "geometry": {"type": "Point", "coordinates": [2.89865, 48.947411]}, "properties": {"id_parcelle": "77284000AX0472", "address": "2 RUE NADAR", "sales": 23, "median_price": 195000.0, "median_price_per_sqm": 3192.896661665416, "median_rooms": 0.0, "first_sale": "2021-10-05", "last_sale": "2025-02-28"}}, {"type": "Feature", "geometry": {"type": "Point", "coordinates": [2.876628, 48.953689]}, "properties": {"id_parcelle": "77284000BM0276", "address": "41 RUE DU MARECHAL DE LUXEMBOURG", "sales": 23, "median_price": 165000.0, "median_price_per_sqm": 3477.777777777778, "median_rooms": 1.0, "first_sale": "2021-10-21", "last_sale": "2025-07-22"}}, {"type": "Feature", "geometry": {"type": "Point", "coordinates": [2.908936, 48.950437]}, "properties": {"id_parcelle": "77284000AS0359", "address": "19 RUE WINSTON CHURCHILL", "sales": 23, "median_price": 155000.0, "median_price_per_sqm": 2981.132075471698, "median_rooms": 0.0, "first_sale": "2021-03-29", "last_sale": "2025-08-26"}}, {"type": "Feature", "geometry": {"type": "Point", "coordinates": [2.899758, 48.950769]}, "properties": {"id_parcelle": "77284000AS0475", "address": "1 RUE PAUL LOUIS COURIER", "sales": 23, "median_price": 10850000.0, "median_price_per_sqm": 166923.07692307694, "median_rooms": 0.0, "first_sale": "2025-01-10", "last_sale": "2025-01-10"}}, {"type": "Feature", "geometry": {"type": "Point", "coordinates": [2.880492, 48.96075]}, "properties": {"id_parcelle": "77284000BS0320", "address": "1 RUE SAINT MAUR", "sales": 22, "median_price": 300000.0, "median_price_per_sqm": 3571.4285714285716, "median_rooms": 0.0, "first_sale": "2021-05-11", "last_sale": "2025-12-17"}}, {"type": "Feature", "geometry": {"type": "Point", "coordinates": [2.897363, 48.946996]}, "properties": {"id_parcelle": "77284000AX0276", "address": "63 AV JEAN HENRI DUNANT", "sales": 22, "median_price": 134575.0, "median_price_per_sqm": 3244.0018315018315, "median_rooms": 0.0, "first_sale": "2021-02-16", "last_sale": "2025-06-25"}}, {"type": "Feature", "geometry": {"type": "Point", "coordinates": [2.883379, 48.96509]}, "properties": {"id_parcelle": "77284000BW0526", "address": "4 RUE DE LA VISITATION", "sales": 22, "median_price": 162000.0, "median_price_per_sqm": 4377.411764705882, "median_rooms": 1.0, "first_sale": "2021-09-01", "last_sale": "2025-12-12"}}, {"type": "Feature", "geometry": {"type": "Point", "coordinates": [2.895428, 48.945821]}, "properties": {"id_parcelle": "77284000AX0355", "address": "7 RUE JEAN MERMOZ", "sales": 22, "median_price": 182500.0, "median_price_per_sqm": 3093.220338983051, "median_rooms": 0.0, "first_sale": "2021-09-27", "last_sale": "2024-11-29"}}, {"type": "Feature", "geometry": {"type": "Point", "coordinates": [2.932326, 48.951878]}, "properties": {"id_parcelle": "77284000AP0070", "address": "5 IMP JOSEPH CUGNOT", "sales": 22, "median_price": 630000.0, "median_price_per_sqm": 11782.772820864791, "median_rooms": 0.0, "first_sale": "2022-01-21", "last_sale": "2022-01-21"}}, {"type": "Feature", "geometry": {"type": "Point", "coordinates": [2.88414, 48.965585]}, "properties": {"id_parcelle": "77284000BW0466", "address": "70 RUE SAINT FARON", "sales": 22, "median_price": 159500.0, "median_price_per_sqm": 3864.1062278281433, "median_rooms": 2.0, "first_sale": "2021-02-05", "last_sale": "2025-06-10"}}, {"type": "Feature", "geometry": {"type": "Point", "coordinates": [2.910853, 48.95273]}, "properties": {"id_parcelle": "77284000AK0367", "address": "6 RUE ABELARD", "sales": 22, "median_price": 141675.0, "median_price_per_sqm": 3407.783961038961, "median_rooms": 0.0, "first_sale": "2023-05-26", "last_sale": "2024-06-25"}}, {"type": "Feature", "geometry": {"type": "Point", "coordinates": [2.889958, 48.94878]}, "properties": {"id_parcelle": "77284000AW0080", "address": "1 RUE PAUL NICLAUSSE", "sales": 21, "median_price": 183000.0, "median_price_per_sqm": 3084.839170392449, "median_rooms": 0.0, "first_sale": "2021-09-21", "last_sale": "2025-10-20"}}, {"type": "Feature", "geometry": {"type": "Point", "coordinates": [2.902977, 48.948338]}, "properties": {"id_parcelle": "77284000AS0041", "address": "3 SQ CLAIRAUT", "sales": 21, "median_price": 136000.0, "median_price_per_sqm": 1893.939393939394, "median_rooms": 3.0, "first_sale": "2021-04-09", "last_sale": "2024-12-16"}}, {"type": "Feature", "geometry": {"type": "Point", "coordinates": [2.894254, 48.959642]}, "properties": {"id_parcelle": "77284000BC0332", "address": "123 AV DE LA REPUBLIQUE", "sales": 21, "median_price": 135000.0, "median_price_per_sqm": 2777.777777777778, "median_rooms": 0.0, "first_sale": "2021-06-30", "last_sale": "2025-11-07"}}, {"type": "Feature", "geometry": {"type": "Point", "coordinates": [2.886062, 48.95214]}, "properties": {"id_parcelle": "77284000BK0410", "address": "1 AV DE LA MARNE", "sales": 21, "median_price": 183480.8, "median_price_per_sqm": 3843.956043956044, "median_rooms": 0.0, "first_sale": "2022-02-14", "last_sale": "2025-11-05"}}, {"type": "Feature", "geometry": {"type": "Point", "coordinates": [2.890987, 48.957993]}, "properties": {"id_parcelle": "77284000BH0023", "address": "105 RUE DU FAUBOURG ST NICOLAS", "sales": 20, "median_price": 170000.0, "median_price_per_sqm": 3823.529411764706, "median_rooms": 1.5, "first_sale": "2021-11-04", "last_sale": "2025-09-15"}}, {"type": "Feature", "geometry": {"type": "Point", "coordinates": [2.894844, 48.950789]}, "properties": {"id_parcelle": "77284000BI0533", "address": "39 AV JEAN HENRI DUNANT", "sales": 20, "median_price": 5989913.0, "median_price_per_sqm": 133109.17777777778, "median_rooms": 0.0, "first_sale": "2022-04-01", "last_sale": "2022-08-02"}}, {"type": "Feature", "geometry": {"type": "Point", "coordinates": [2.900119, 48.957397]}, "properties": {"id_parcelle": "77284000AZ0045", "address": "69 AV DU PRESIDENT ROOSEVELT", "sales": 20, "median_price": 127000.0, "median_price_per_sqm": 2935.3488372093025, "median_rooms": 1.0, "first_sale": "2023-03-24", "last_sale": "2025-03-19"}}, {"type": "Feature", "geometry": {"type": "Point", "coordinates": [2.905263, 48.954331]}, "properties": {"id_parcelle": "77284000AK0509", "address": "2 SQ AGRIPPA D AUBIGNE", "sales": 20, "median_price": 215000.0, "median_price_per_sqm": 2905.4054054054054, "median_rooms": 3.0, "first_sale": "2022-04-22", "last_sale": "2022-04-22"}}, {"type": "Feature", "geometry": {"type": "Point", "coordinates": [2.895201, 48.952272]}, "properties": {"id_parcelle": "77284000BI0696", "address": "24 RUE PAUL BARENNES", "sales": 20, "median_price": 157500.0, "median_price_per_sqm": 3494.4444444444443, "median_rooms": 0.0, "first_sale": "2021-02-17", "last_sale": "2025-12-23"}}, {"type": "Feature", "geometry": {"type": "Point", "coordinates": [2.880112, 48.955267]}, "properties": {"id_parcelle": "77284000BO0319", "address": "1 RUE MADAME DASSY", "sales": 20, "median_price": 234000.0, "median_price_per_sqm": 3000.0, "median_rooms": 0.0, "first_sale": "2021-08-02", "last_sale": "2025-03-28"}}, {"type": "Feature", "geometry": {"type": "Point", "coordinates": [2.902292, 48.94762]}, "properties": {"id_parcelle": "77284000AS0062", "address": "3 RUE PAUL CLAUDEL", "sales": 20, "median_price": 143900.0, "median_price_per_sqm": 1875.2828054298643, "median_rooms": 3.0, "first_sale": "2021-07-23", "last_sale": "2024-04-11"}}, {"type": "Feature", "geometry": {"type": "Point", "coordinates": [2.89261, 48.960675]}, "properties": {"id_parcelle": "77284000BC0267", "address": "67 RUE CROIX SAINT LOUP PROLONGEE", "sales": 20, "median_price": 150000.0, "median_price_per_sqm": 2261.363636363636, "median_rooms": 0.0, "first_sale": "2021-07-29", "last_sale": "2024-09-26"}}, {"type": "Feature", "geometry": {"type": "Point", "coordinates": [2.898174, 48.951614]}, "properties": {"id_parcelle": "77284000AX0002", "address": "39 RUE PAUL BARENNES", "sales": 20, "median_price": 228000.0, "median_price_per_sqm": 2561.7977528089887, "median_rooms": 0.0, "first_sale": "2022-10-31", "last_sale": "2025-07-31"}}, {"type": "Feature", "geometry": {"type": "Point", "coordinates": [2.892871, 48.959161]}, "properties": {"id_parcelle": "77284000BC1073", "address": "32 RUE NOEFORT", "sales": 20, "median_price": 100000.0, "median_price_per_sqm": 3065.826330532213, "median_rooms": 0.0, "first_sale": "2022-08-22", "last_sale": "2024-09-20"}}, {"type": "Feature", "geometry": {"type": "Point", "coordinates": [2.893957, 48.960414]}, "properties": {"id_parcelle": "77284000BC0894", "address": "86 RUE CROIX SAINT LOUP PROLONGEE", "sales": 19, "median_price": 169000.0, "median_price_per_sqm": 2566.6666666666665, "median_rooms": 0.0, "first_sale": "2021-02-24", "last_sale": "2023-09-05"}}, {"type": "Feature", "geometry": {"type": "Point", "coordinates": [2.893024, 48.957959]}, "properties": {"id_parcelle": "77284000BH0364", "address": "141 RUE DU FAUBOURG ST NICOLAS", "sales": 19, "median_price": 148000.0, "median_price_per_sqm": 2900.0, "median_rooms": 0.0, "first_sale": "2021-10-04", "last_sale": "2025-12-10"}}, {"type": "Feature", "geometry": {"type": "Point", "coordinates": [2.875355, 48.953999]}, "properties": {"id_parcelle": "77284000BM0312", "address": "18 RUE DU MARECHAL DE LUXEMBOURG", "sales": 19, "median_price": 245000.0, "median_price_per_sqm": 3706.060606060606, "median_rooms": 2.0, "first_sale": "2021-03-31", "last_sale": "2025-09-05"}}, {"type": "Feature", "geometry": {"type": "Point", "coordinates": [2.897682, 48.948661]}, "properties": {"id_parcelle": "77284000AX0335", "address": "2 RUE ROLAND GARROS", "sales": 19, "median_price": 224000.0, "median_price_per_sqm": 3805.7471264367814, "median_rooms": 0.0, "first_sale": "2021-07-09", "last_sale": "2025-07-08"}}, {"type": "Feature", "geometry": {"type": "Point", "coordinates": [2.901157, 48.953845]}, "properties": {"id_parcelle": "77284000AK0410", "address": "1 MAIL DES ALLOBROGES", "sales": 19, "median_price": 165000.0, "median_price_per_sqm": 3518.369130869131, "median_rooms": 0.0, "first_sale": "2021-10-15", "last_sale": "2025-12-17"}}, {"type": "Feature", "geometry": {"type": "Point", "coordinates": [2.896231, 48.949917]}, "properties": {"id_parcelle": "77284000AX0082", "address": "13 RUE DE L OURCQ", "sales": 18, "median_price": 135000.0, "median_price_per_sqm": 2195.523726851852, "median_rooms": 0.0, "first_sale": "2021-04-20", "last_sale": "2025-11-14"}}, {"type": "Feature", "geometry": {"type": "Point", "coordinates": [2.899803, 48.948651]}, "properties": {"id_parcelle": "77284000AS0033", "address": "2 SQ AUGUSTE COMTE", "sales": 18, "median_price": 113150.0, "median_price_per_sqm": 1396.9135802469136, "median_rooms": 1.0, "first_sale": "2022-12-19", "last_sale": "2025-03-25"}}, {"type": "Feature", "geometry": {"type": "Point", "coordinates": [2.894359, 48.951267]}, "properties": {"id_parcelle": "77284000BI0776", "address": "29 AV JEAN HENRI DUNANT", "sales": 18, "median_price": 134950.0, "median_price_per_sqm": 1911.764705882353, "median_rooms": 0.0, "first_sale": "2021-01-22", "last_sale": "2025-03-12"}}, {"type": "Feature", "geometry": {"type": "Point", "coordinates": [2.875672, 48.965946]}, "properties": {"id_parcelle": "77284000BV0434", "address": "47 AV CLEMENCEAU", "sales": 18, "median_price": 183000.0, "median_price_per_sqm": 3126.9841269841268, "median_rooms": 0.0, "first_sale": "2021-07-13", "last_sale": "2025-09-08"}}, {"type": "Feature", "geometry": {"type": "Point", "coordinates": [2.892357, 48.958987]}, "properties": {"id_parcelle": "77284000BC1072", "address": "26 RUE NOEFORT", "sales": 18, "median_price": 85000.0, "median_price_per_sqm": 2055.5555555555557, "median_rooms": 2.0, "first_sale": "2024-09-19", "last_sale": "2024-09-20"}}, {"type": "Feature", "geometry": {"type": "Point", "coordinates": [2.887448, 48.962449]}, "properties": {"id_parcelle": "77284000BC0110", "address": "40 RUE DES CORDELIERS", "sales": 18, "median_price": 161100.0, "median_price_per_sqm": 3454.5454545454545, "median_rooms": 0.0, "first_sale": "2022-06-29", "last_sale": "2025-07-03"}}, {"type": "Feature", "geometry": {"type": "Point", "coordinates": [2.886419, 48.962798]}, "properties": {"id_parcelle": "77284000BC0085", "address": "23 AV DE LA REPUBLIQUE", "sales": 18, "median_price": 200000.0, "median_price_per_sqm": 14285.714285714286, "median_rooms": 0.0, "first_sale": "2023-12-28", "last_sale": "2023-12-28"}}, {"type": "Feature", "geometry": {"type": "Point", "coordinates": [2.892039, 48.963118]}, "properties": {"id_parcelle": "77284000BC0170", "address": "126 RUE JEAN JAURES", "sales": 18, "median_price": 187500.0, "median_price_per_sqm": 2561.7977528089887, "median_rooms": 0.0, "first_sale": "2021-02-05", "last_sale": "2025-03-05"}}, {"type": "Feature", "geometry": {"type": "Point", "coordinates": [2.88069, 48.958419]}, "properties": {"id_parcelle": "77284000BS0229", "address": "12 RUE SAUVE DELANOUE", "sales": 17, "median_price": 320000.0, "median_price_per_sqm": 8000.0, "median_rooms": 0.0, "first_sale": "2021-12-02", "last_sale": "2021-12-02"}}, {"type": "Feature", "geometry": {"type": "Point", "coordinates": [2.883752, 48.957405]}, "properties": {"id_parcelle": "77284000BD0304", "address": "24 AV DU PDT SALVADOR ALLENDE", "sales": 17, "median_price": 141000.0, "median_price_per_sqm": 2700.0, "median_rooms": 0.0, "first_sale": "2023-05-10", "last_sale": "2024-10-17"}}, {"type": "Feature", "geometry": {"type": "Point", "coordinates": [2.875898, 48.965191]}, "properties": {"id_parcelle": "77284000BV0433", "address": "41 AV CLEMENCEAU", "sales": 17, "median_price": 172000.0, "median_price_per_sqm": 2102.5641025641025, "median_rooms": 0.0, "first_sale": "2021-05-26", "last_sale": "2025-05-19"}}, {"type": "Feature", "geometry": {"type": "Point", "coordinates": [2.877516, 48.96245]}, "properties": {"id_parcelle": "77284000BV0506", "address": "1 RUE ALFRED MAURY", "sales": 17, "median_price": 126000.0, "median_price_per_sqm": 3139.1015625, "median_rooms": 0.0, "first_sale": "2021-08-31", "last_sale": "2025-12-19"}}, {"type": "Feature", "geometry": {"type": "Point", "coordinates": [2.900483, 48.94802]}, "properties": {"id_parcelle": "77284000AS0040", "address": "1 SQ COURNOT", "sales": 17, "median_price": 130000.0, "median_price_per_sqm": 1863.6363636363637, "median_rooms": 3.0, "first_sale": "2021-03-29", "last_sale": "2025-06-18"}}, {"type": "Feature", "geometry": {"type": "Point", "coordinates": [2.881126, 48.970295]}, "properties": {"id_parcelle": "77284000BX0152", "address": "137 RUE DE CHAAGE", "sales": 16, "median_price": 470000.0, "median_price_per_sqm": null, "median_rooms": 0.0, "first_sale": "2024-01-09", "last_sale": "2024-01-09"}}, {"type": "Feature", "geometry": {"type": "Point", "coordinates": [2.898224, 48.961349]}, "properties": {"id_parcelle": "77284000AZ0214", "address": "9001 PARC JOFFRE RES BEETHOVEN", "sales": 16, "median_price": 178980.0, "median_price_per_sqm": 2105.697674418605, "median_rooms": 0.0, "first_sale": "2021-02-01", "last_sale": "2024-05-21"}}, {"type": "Feature", "geometry": {"type": "Point", "coordinates": [2.898543, 48.947497]}, "properties": {"id_parcelle": "77284000AX0471", "address": "3 RUE DU CDT RENE MOUCHOTTE", "sales": 16, "median_price": 165250.0, "median_price_per_sqm": 3221.791666666667, "median_rooms": 0.5, "first_sale": "2021-07-06", "last_sale": "2024-12-20"}}, {"type": "Feature", "geometry": {"type": "Point", "coordinates": [2.885355, 48.958457]}, "properties": {"id_parcelle": "77284000BD0239", "address": "12 RUE DU FAUBOURG ST NICOLAS", "sales": 16, "median_price": 80500.0, "median_price_per_sqm": 3571.4285714285716, "median_rooms": 1.0, "first_sale": "2021-04-02", "last_sale": "2025-07-25"}}, {"type": "Feature", "geometry": {"type": "Point", "coordinates": [2.886376, 48.95369]}, "properties": {"id_parcelle": "77284000BI0845", "address": "4 RUE BERTRAND FLORNOY", "sales": 16, "median_price": 204250.0, "median_price_per_sqm": 3587.6190476190477, "median_rooms": 0.0, "first_sale": "2021-09-08", "last_sale": "2024-06-14"}}, {"type": "Feature", "geometry": {"type": "Point", "coordinates": [2.901132, 48.950967]}, "properties": {"id_parcelle": "77284000AS0456", "address": "2 RUE PIERRE CLOSTERMANN", "sales": 16, "median_price": 155350.0, "median_price_per_sqm": 3273.9692783094097, "median_rooms": 1.0, "first_sale": "2021-08-30", "last_sale": "2025-12-26"}}, {"type": "Feature", "geometry": {"type": "Point", "coordinates": [2.878483, 48.965027]}, "properties": {"id_parcelle": "77284000BV0422", "address": "43 RUE ALFRED MAURY", "sales": 15, "median_price": 176000.0, "median_price_per_sqm": 3223.3766233766237, "median_rooms": 0.0, "first_sale": "2021-04-06", "last_sale": "2024-06-10"}}, {"type": "Feature", "geometry": {"type": "Point", "coordinates": [2.875229, 48.965658]}, "properties": {"id_parcelle": "77284000BV0038", "address": "43 AV CLEMENCEAU", "sales": 15, "median_price": 187500.0, "median_price_per_sqm": 2378.0779344967727, "median_rooms": 0.0, "first_sale": "2021-07-06", "last_sale": "2024-09-04"}}, {"type": "Feature", "geometry": {"type": "Point", "coordinates": [2.905061, 48.948363]}, "properties": {"id_parcelle": "77284000AS0170", "address": "1 SQ CAUCHY", "sales": 15, "median_price": 153000.0, "median_price_per_sqm": 1814.4329896907216, "median_rooms": 4.0, "first_sale": "2021-04-16", "last_sale": "2025-10-03"}}, {"type": "Feature", "geometry": {"type": "Point", "coordinates": [2.878971, 48.959162]}, "properties": {"id_parcelle": "77284000BR0083", "address": "18 RUE DE LA CORDONNERIE", "sales": 15, "median_price": 1360000.0, "median_price_per_sqm": 32380.95238095238, "median_rooms": 2.0, "first_sale": "2025-09-30", "last_sale": "2025-09-30"}}, {"type": "Feature", "geometry": {"type": "Point", "coordinates": [2.886174, 48.955074]}, "properties": {"id_parcelle": "77284000BI0753", "address": "12 RUE GASTON MONNERVILLE", "sales": 15, "median_price": 170000.0, "median_price_per_sqm": 2812.5, "median_rooms": 0.0, "first_sale": "2021-06-21", "last_sale": "2025-04-14"}}, {"type": "Feature", "geometry": {"type": "Point", "coordinates": [2.88368, 48.953187]}, "properties": {"id_parcelle": "77284000BK0240", "address": "3 AV DU MARECHAL FOCH", "sales": 15, "median_price": 123000.0, "median_price_per_sqm": 2733.3333333333335, "median_rooms": 0.0, "first_sale": "2021-07-19", "last_sale": "2025-11-12"}}, {"type": "Feature", "geometry": {"type": "Point", "coordinates": [2.900422, 48.948591]}, "properties": {"id_parcelle": "77284000AS0032", "address": "1 SQ AUGUSTE COMTE", "sales": 15, "median_price": 135000.0, "median_price_per_sqm": 1752.7736006683376, "median_rooms": 3.0, "first_sale": "2021-03-31", "last_sale": "2025-09-15"}}, {"type": "Feature", "geometry": {"type": "Point", "coordinates": [2.89139, 48.962417]}, "properties": {"id_parcelle": "77284000BC1113", "address": "116 RUE JEAN JAURES", "sales": 15, "median_price": 149170.0, "median_price_per_sqm": 2494.186046511628, "median_rooms": 0.0, "first_sale": "2021-02-01", "last_sale": "2025-09-05"}}, {"type": "Feature", "geometry": {"type": "Point", "coordinates": [2.875396, 48.953615]}, "properties": {"id_parcelle": "77284000BM0322", "address": "36 RUE DU MARECHAL DE LUXEMBOURG", "sales": 15, "median_price": 235000.0, "median_price_per_sqm": 3783.7837837837837, "median_rooms": 0.0, "first_sale": "2021-09-20", "last_sale": "2025-08-25"}}, {"type": "Feature", "geometry": {"type": "Point", "coordinates": [2.888487, 48.961942]}, "properties": {"id_parcelle": "77284000BC1112", "address": "51 AV DE LA REPUBLIQUE", "sales": 15, "median_price": 151500.0, "median_price_per_sqm": 3750.0, "median_rooms": 0.0, "first_sale": "2021-06-28", "last_sale": "2023-10-10"}}, {"type": "Feature", "geometry": {"type": "Point", "coordinates": [2.912594, 48.952486]}, "properties": {"id_parcelle": "77284000BZ0229", "address": "6 ALL JEAN LOUIS BARRAULT", "sales": 14, "median_price": 240000.0, "median_price_per_sqm": 2208.333333333333, "median_rooms": 0.0, "first_sale": "2021-05-12", "last_sale": "2025-07-03"}}, {"type": "Feature", "geometry": {"type": "Point", "coordinates": [2.884368, 48.956795]}, "properties": {"id_parcelle": "77284000BD0201", "address": "10 AV DU PDT SALVADOR ALLENDE", "sales": 14, "median_price": 167500.0, "median_price_per_sqm": 3197.1153846153848, "median_rooms": 0.0, "first_sale": "2022-08-17", "last_sale": "2025-10-17"}}, {"type": "Feature", "geometry": {"type": "Point", "coordinates": [2.879856, 48.959458]}, "properties": {"id_parcelle": "77284000BS0027", "address": "57 RUE DU GENERAL LECLERC", "sales": 14, "median_price": 376100.0, "median_price_per_sqm": 8357.777777777777, "median_rooms": 0.0, "first_sale": "2024-05-27", "last_sale": "2024-10-10"}}, {"type": "Feature", "geometry": {"type": "Point", "coordinates": [2.894318, 48.958177]}, "properties": {"id_parcelle": "77284000BH0229", "address": "1 AV DU MARECHAL JOFFRE", "sales": 14, "median_price": 173500.0, "median_price_per_sqm": 794.1747572815534, "median_rooms": 0.0, "first_sale": "2021-04-16", "last_sale": "2023-06-13"}}, {"type": "Feature", "geometry": {"type": "Point", "coordinates": [2.881906, 48.959478]}, "properties": {"id_parcelle": "77284000BS0145", "address": "12 RUE DU GENERAL LECLERC", "sales": 14, "median_price": 265000.0, "median_price_per_sqm": 4159.090909090909, "median_rooms": 2.0, "first_sale": "2021-07-02", "last_sale": "2022-06-03"}}, {"type": "Feature", "geometry": {"type": "Point", "coordinates": [2.899738, 48.947088]}, "properties": {"id_parcelle": "77284000AX0517", "address": "8 RUE ALBERT SCHWEITZER", "sales": 14, "median_price": 194700.0, "median_price_per_sqm": 3461.5384615384614, "median_rooms": 1.0, "first_sale": "2021-06-28", "last_sale": "2025-01-13"}}, {"type": "Feature", "geometry": {"type": "Point", "coordinates": [2.878977, 48.9529]}, "properties": {"id_parcelle": "77284000BM0305", "address": "52 RUE CORNILLON", "sales": 14, "median_price": 149000.0, "median_price_per_sqm": 3725.0, "median_rooms": 0.5, "first_sale": "2021-02-23", "last_sale": "2024-03-29"}}, {"type": "Feature", "geometry": {"type": "Point", "coordinates": [2.89765, 48.952406]}, "properties": {"id_parcelle": "77284000AY0382", "address": "90 ALL DES COLIBRIS", "sales": 14, "median_price": 133300.0, "median_price_per_sqm": 2050.7692307692305, "median_rooms": 2.0, "first_sale": "2021-04-13", "last_sale": "2024-09-23"}}, {"type": "Feature", "geometry": {"type": "Point", "coordinates": [2.910713, 48.952269]}, "properties": {"id_parcelle": "77284000AK0374", "address": "2 RUE ABELARD", "sales": 14, "median_price": 1735453.6, "median_price_per_sqm": 3260.4166666666665, "median_rooms": 0.0, "first_sale": "2023-10-12", "last_sale": "2025-12-04"}}, {"type": "Feature", "geometry": {"type": "Point", "coordinates": [2.893611, 48.959058]}, "properties": {"id_parcelle": "77284000BC0382", "address": "114 AV DE LA REPUBLIQUE", "sales": 13, "median_price": 188900.0, "median_price_per_sqm": 3820.420095408467, "median_rooms": 0.0, "first_sale": "2021-04-08", "last_sale": "2025-07-18"}}, {"type": "Feature", "geometry": {"type": "Point", "coordinates": [2.882693, 48.965303]}, "properties": {"id_parcelle": "77284000BW0050", "address": "73 RUE SAINT FARON", "sales": 13, "median_price": 130000.0, "median_price_per_sqm": 2888.8888888888887, "median_rooms": 0.5, "first_sale": "2022-06-13", "last_sale": "2025-12-22"}}, {"type": "Feature", "geometry": {"type": "Point", "coordinates": [2.879276, 48.951255]}, "properties": {"id_parcelle": "77284000BM0260", "address": "10 RUE FRANCOIS DE TESSAN", "sales": 13, "median_price": 118000.0, "median_price_per_sqm": 3687.5, "median_rooms": 0.0, "first_sale": "2021-06-24", "last_sale": "2025-08-28"}}, {"type": "Feature", "geometry": {"type": "Point", "coordinates": [2.878898, 48.958626]}, "properties": {"id_parcelle": "77284000BR0113", "address": "32 RUE DE LA CORDONNERIE", "sales": 13, "median_price": 129000.0, "median_price_per_sqm": 3552.6315789473683, "median_rooms": 2.0, "first_sale": "2021-02-09", "last_sale": "2021-10-08"}}, {"type": "Feature", "geometry": {"type": "Point", "coordinates": [2.876525, 48.960071]}, "properties": {"id_parcelle": "77284000BT0032", "address": "34 RUE SAINT REMY", "sales": 13, "median_price": 620000.0, "median_price_per_sqm": 16315.78947368421, "median_rooms": 1.0, "first_sale": "2024-02-27", "last_sale": "2024-02-27"}}, {"type": "Feature", "geometry": {"type": "Point", "coordinates": [2.896318, 48.962218]}, "properties": {"id_parcelle": "77284000BC0864", "address": "99 RUE CROIX SAINT LOUP PROLONGEE", "sales": 13, "median_price": 225000.0, "median_price_per_sqm": 2445.6521739130435, "median_rooms": 4.0, "first_sale": "2021-04-28", "last_sale": "2025-04-17"}}, {"type": "Feature", "geometry": {"type": "Point", "coordinates": [2.881583, 48.958754]}, "properties": {"id_parcelle": "77284000BS0215", "address": "18 RUE DU TAN", "sales": 13, "median_price": 375000.0, "median_price_per_sqm": 7352.941176470588, "median_rooms": 0.0, "first_sale": "2022-06-21", "last_sale": "2022-06-21"}}, {"type": "Feature", "geometry": {"type": "Point", "coordinates": [2.902864, 48.952108]}, "properties": {"id_parcelle": "77284000AK0522", "address": "4 RUE PAUL ARENE", "sales": 13, "median_price": 206160.0, "median_price_per_sqm": 4981.395348837209, "median_rooms": 0.0, "first_sale": "2024-01-02", "last_sale": "2025-10-10"}}, {"type": "Feature", "geometry": {"type": "Point", "coordinates": [2.90802, 48.951256]}, "properties": {"id_parcelle": "77284000AS0332", "address": "17 AV DE L APPEL DU 18 JUIN 1940", "sales": 12, "median_price": 148700.0, "median_price_per_sqm": 2390.15873015873, "median_rooms": 1.0, "first_sale": "2021-04-30", "last_sale": "2025-06-24"}}, {"type": "Feature", "geometry": {"type": "Point", "coordinates": [2.881921, 48.958203]}, "properties": {"id_parcelle": "77284000BS0167", "address": "35 RUE DU TAN", "sales": 12, "median_price": 176000.0, "median_price_per_sqm": 3759.090909090909, "median_rooms": 0.0, "first_sale": "2021-09-20", "last_sale": "2023-11-07"}}, {"type": "Feature", "geometry": {"type": "Point", "coordinates": [2.887603, 48.958564]}, "properties": {"id_parcelle": "77284000BE0199", "address": "2 RUE JEAN JAURES", "sales": 12, "median_price": 117000.0, "median_price_per_sqm": 3161.4010989010985, "median_rooms": 0.5, "first_sale": "2021-12-08", "last_sale": "2025-04-29"}}, {"type": "Feature", "geometry": {"type": "Point", "coordinates": [2.877544, 48.962244]}, "properties": {"id_parcelle": "77284000BV0505", "address": "1 RUE ALFRED MAURY", "sales": 12, "median_price": 158000.0, "median_price_per_sqm": 3815.7894736842104, "median_rooms": 0.0, "first_sale": "2022-08-03", "last_sale": "2025-12-23"}}, {"type": "Feature", "geometry": {"type": "Point", "coordinates": [2.876999, 48.954871]}, "properties": {"id_parcelle": "77284000BM0228", "address": "31 RUE DE LA GRANDE ILE", "sales": 12, "median_price": 194500.0, "median_price_per_sqm": 3137.0967741935483, "median_rooms": 1.0, "first_sale": "2021-06-22", "last_sale": "2025-12-26"}}, {"type": "Feature", "geometry": {"type": "Point", "coordinates": [2.880048, 48.957123]}, "properties": {"id_parcelle": "77284000BO0008", "address": "1 QUAI SADI CARNOT", "sales": 12, "median_price": 185700.0, "median_price_per_sqm": 2859.5625942684765, "median_rooms": 2.0, "first_sale": "2021-03-25", "last_sale": "2025-03-31"}}, {"type": "Feature", "geometry": {"type": "Point", "coordinates": [2.915797, 48.949082]}, "properties": {"id_parcelle": "77284000AR0049", "address": "7 RUE BELA BARTOK", "sales": 12, "median_price": 108334.0, "median_price_per_sqm": 1365.9096385542168, "median_rooms": 1.5, "first_sale": "2024-06-28", "last_sale": "2025-12-31"}}, {"type": "Feature", "geometry": {"type": "Point", "coordinates": [2.872841, 48.957015]}, "properties": {"id_parcelle": "77284000BP0111", "address": "37 AV GALLIENI", "sales": 12, "median_price": 90000.0, "median_price_per_sqm": 3743.75, "median_rooms": 1.0, "first_sale": "2021-02-26", "last_sale": "2024-08-13"}}, {"type": "Feature", "geometry": {"type": "Point", "coordinates": [2.888399, 48.951381]}, "properties": {"id_parcelle": "77284000BK0422", "address": "9 RUE LEON LE ROYER", "sales": 12, "median_price": 6000.0, "median_price_per_sqm": null, "median_rooms": 0.0, "first_sale": "2021-09-16", "last_sale": "2021-09-16"}}, {"type": "Feature", "geometry": {"type": "Point", "coordinates": [2.88302, 48.961178]}, "properties": {"id_parcelle": "77284000BW0152", "address": "2 RUE BARIGNY", "sales": 12, "median_price": 230000.0, "median_price_per_sqm": 2173.817478459645, "median_rooms": 0.0, "first_sale": "2025-12-18", "last_sale": "2025-12-18"}}, {"type": "Feature", "geometry": {"type": "Point", "coordinates": [2.887806, 48.962795]}, "properties": {"id_parcelle": "77284000BC0104", "address": "50 RUE DES CORDELIERS", "sales": 12, "median_price": 237000.0, "median_price_per_sqm": null, "median_rooms": null, "first_sale": "2023-06-12", "last_sale": "2025-11-05"}}, {"type": "Feature", "geometry": {"type": "Point", "coordinates": [2.889577, 48.957055]}, "properties": {"id_parcelle": "77284000BI0597", "address": "22 RUE DE FUBLAINES", "sales": 12, "median_price": 240250.0, "median_price_per_sqm": 2872.3235107059572, "median_rooms": 0.0, "first_sale": "2022-01-13", "last_sale": "2025-01-06"}}, {"type": "Feature", "geometry": {"type": "Point", "coordinates": [2.879485, 48.95927]}, "properties": {"id_parcelle": "77284000BS0014", "address": "15 RUE DE LA CORDONNERIE", "sales": 12, "median_price": 69500.0, "median_price_per_sqm": 2355.7471264367814, "median_rooms": 0.0, "first_sale": "2023-01-20", "last_sale": "2024-07-25"}}, {"type": "Feature", "geometry": {"type": "Point", "coordinates": [2.878811, 48.959432]}, "properties": {"id_parcelle": "77284000BR0168", "address": "6 IMP HATTINGAIS", "sales": 11, "median_price": 146400.0, "median_price_per_sqm": 1907.3340874811463, "median_rooms": 0.0, "first_sale": "2024-01-08", "last_sale": "2025-09-11"}}, {"type": "Feature", "geometry": {"type": "Point", "coordinates": [2.9049, 48.949282]}, "properties": {"id_parcelle": "77284000AS0013", "address": "3 MAIL DES CORSES", "sales": 11, "median_price": 130000.0, "median_price_per_sqm": 1998.7179487179487, "median_rooms": 0.0, "first_sale": "2021-05-04", "last_sale": "2024-09-27"}}, {"type": "Feature", "geometry": {"type": "Point", "coordinates": [2.890684, 48.956397]}, "properties": {"id_parcelle": "77284000BI0057", "address": "65 RUE ARISTIDE BRIAND", "sales": 11, "median_price": 174000.0, "median_price_per_sqm": 3314.659197012138, "median_rooms": 1.0, "first_sale": "2021-07-08", "last_sale": "2023-08-31"}}, {"type": "Feature", "geometry": {"type": "Point", "coordinates": [2.896742, 48.95771]}, "properties": {"id_parcelle": "77284000AZ0152", "address": "31 AV DU PRESIDENT ROOSEVELT", "sales": 11, "median_price": 185000.0, "median_price_per_sqm": 3086.9565217391305, "median_rooms": 0.0, "first_sale": "2022-03-28", "last_sale": "2024-07-11"}}, {"type": "Feature", "geometry": {"type": "Point", "coordinates": [2.872796, 48.958815]}, "properties": {"id_parcelle": "77284000BP0109", "address": "11 AV GALLIENI", "sales": 11, "median_price": 500000.0, "median_price_per_sqm": 10119.047619047618, "median_rooms": 2.0, "first_sale": "2021-12-08", "last_sale": "2023-06-01"}}, {"type": "Feature", "geometry": {"type": "Point", "coordinates": [2.880221, 48.956453]}, "properties": {"id_parcelle": "77284000BO0329", "address": "20 QUAI SADI CARNOT", "sales": 11, "median_price": 135000.0, "median_price_per_sqm": 3479.2663476874004, "median_rooms": 1.0, "first_sale": "2022-04-01", "last_sale": "2025-10-27"}}, {"type": "Feature", "geometry": {"type": "Point", "coordinates": [2.90994, 48.952102]}, "properties": {"id_parcelle": "77284000AK0351", "address": "5 RUE ABELARD", "sales": 11, "median_price": 175000.0, "median_price_per_sqm": 3422.517730496454, "median_rooms": 1.0, "first_sale": "2021-01-19", "last_sale": "2025-03-14"}}, {"type": "Feature", "geometry": {"type": "Point", "coordinates": [2.877723, 48.960132]}, "properties": {"id_parcelle": "77284000BT0045", "address": "2 RUE SAINT REMY", "sales": 10, "median_price": 190000.0, "median_price_per_sqm": 2706.6666666666665, "median_rooms": 0.5, "first_sale": "2021-05-12", "last_sale": "2025-10-01"}}, {"type": "Feature", "geometry": {"type": "Point", "coordinates": [2.875697, 48.96414]}, "properties": {"id_parcelle": "77284000BV0025", "address": "23 AV CLEMENCEAU", "sales": 10, "median_price": 139500.0, "median_price_per_sqm": 4396.236559139785, "median_rooms": 0.0, "first_sale": "2023-01-25", "last_sale": "2025-04-17"}}, {"type": "Feature", "geometry": {"type": "Point", "coordinates": [2.90154, 48.960969]}, "properties": {"id_parcelle": "77284000AH0136", "address": "51 AV DES SABLONS BOUILLANTS", "sales": 10, "median_price": 300000.0, "median_price_per_sqm": 153.84615384615384, "median_rooms": 0.0, "first_sale": "2022-06-24", "last_sale": "2022-10-28"}}, {"type": "Feature", "geometry": {"type": "Point", "coordinates": [2.90807, 48.950741]}, "properties": {"id_parcelle": "77284000AS0290", "address": "15 ALL CONDORCET", "sales": 10, "median_price": 160000.0, "median_price_per_sqm": 2887.0967741935483, "median_rooms": 1.0, "first_sale": "2021-04-02", "last_sale": "2025-07-15"}}, {"type": "Feature", "geometry": {"type": "Point", "coordinates": [2.900973, 48.948738]}, "properties": {"id_parcelle": "77284000AS0031", "address": "2 SQ CONDILLAC", "sales": 10, "median_price": 107493.0, "median_price_per_sqm": 1599.6825396825398, "median_rooms": 1.5, "first_sale": "2022-01-28", "last_sale": "2025-02-07"}}, {"type": "Feature", "geometry": {"type": "Point", "coordinates": [2.87825, 48.96274]}, "properties": {"id_parcelle": "77284000BW0436", "address": "8 RUE ALFRED MAURY", "sales": 10, "median_price": 181000.0, "median_price_per_sqm": 2510.25641025641, "median_rooms": 0.0, "first_sale": "2021-06-14", "last_sale": "2025-08-30"}}, {"type": "Feature", "geometry": {"type": "Point", "coordinates": [2.890678, 48.954909]}, "properties": {"id_parcelle": "77284000BI0308", "address": "12 RUE JOSEPH LHOSTE", "sales": 10, "median_price": 168912.0, "median_price_per_sqm": 3500.0, "median_rooms": 1.0, "first_sale": "2021-05-05", "last_sale": "2025-11-12"}}, {"type": "Feature", "geometry": {"type": "Point", "coordinates": [2.883499, 48.960152]}, "properties": {"id_parcelle": "77284000BC0671", "address": "4 RUE GAMBETTA", "sales": 10, "median_price": 497500.0, "median_price_per_sqm": 12296.164772727272, "median_rooms": 0.5, "first_sale": "2023-03-31", "last_sale": "2023-03-31"}}, {"type": "Feature", "geometry": {"type": "Point", "coordinates": [2.87953, 48.958471]}, "properties": {"id_parcelle": "77284000BR0151", "address": "1 RUE ANTOINE CARRO", "sales": 10, "median_price": 96150.0, "median_price_per_sqm": 3323.024891774892, "median_rooms": 0.0, "first_sale": "2021-04-29", "last_sale": "2024-05-16"}}, {"type": "Feature", "geometry": {"type": "Point", "coordinates": [2.917306, 48.9491]}, "properties": {"id_parcelle": "77284000AR0051", "address": "17 RUE BELA BARTOK", "sales": 10, "median_price": 121484.0, "median_price_per_sqm": 1548.1084337349398, "median_rooms": 1.0, "first_sale": "2024-03-12", "last_sale": "2025-12-15"}}, {"type": "Feature", "geometry": {"type": "Point", "coordinates": [2.878597, 48.953035]}, "properties": {"id_parcelle": "77284000BM0027", "address": "5 RUE TRONCHET", "sales": 10, "median_price": 180500.0, "median_price_per_sqm": 2696.153846153846, "median_rooms": 0.0, "first_sale": "2022-09-14", "last_sale": "2025-04-26"}}, {"type": "Feature", "geometry": {"type": "Point", "coordinates": [2.87758, 48.953589]}, "properties": {"id_parcelle": "77284000BM0207", "address": "47 ALL FRANCOISE DOLTO", "sales": 10, "median_price": 175000.0, "median_price_per_sqm": 3256.9408067050813, "median_rooms": 0.0, "first_sale": "2021-08-03", "last_sale": "2025-12-18"}}, {"type": "Feature", "geometry": {"type": "Point", "coordinates": [2.876622, 48.959997]}, "properties": {"id_parcelle": "77284000BT0033", "address": "30 RUE SAINT REMY", "sales": 10, "median_price": 66450.0, "median_price_per_sqm": 1996.969696969697, "median_rooms": 0.5, "first_sale": "2021-02-17", "last_sale": "2025-07-31"}}, {"type": "Feature", "geometry": {"type": "Point", "coordinates": [2.880108, 48.960069]}, "properties": {"id_parcelle": "77284000BS0065", "address": "3 RUE ROCHARD", "sales": 10, "median_price": 95000.0, "median_price_per_sqm": 3166.6666666666665, "median_rooms": 0.5, "first_sale": "2023-02-21", "last_sale": "2025-11-26"}}, {"type": "Feature", "geometry": {"type": "Point", "coordinates": [2.874995, 48.959881]}, "properties": {"id_parcelle": "77284000BT0009", "address": "66 RUE SAINT REMY", "sales": 10, "median_price": 86500.0, "median_price_per_sqm": 1974.941724941725, "median_rooms": 0.0, "first_sale": "2021-06-02", "last_sale": "2024-12-18"}}, {"type": "Feature", "geometry": {"type": "Point", "coordinates": [2.885828, 48.958205]}, "properties": {"id_parcelle": "77284000BD0285", "address": "4 RUE DE LA CRECHE", "sales": 10, "median_price": 138500.0, "median_price_per_sqm": 3142.553191489362, "median_rooms": 0.0, "first_sale": "2021-08-13", "last_sale": "2024-12-23"}}, {"type": "Feature", "geometry": {"type": "Point", "coordinates": [2.890811, 48.958211]}, "properties": {"id_parcelle": "77284000BH0361", "address": "109 RUE DU FAUBOURG ST NICOLAS", "sales": 10, "median_price": 146500.0, "median_price_per_sqm": 3184.782608695652, "median_rooms": 0.5, "first_sale": "2021-09-17", "last_sale": "2025-06-21"}}, {"type": "Feature", "geometry": {"type": "Point", "coordinates": [2.886732, 48.960695]}, "properties": {"id_parcelle": "77284000BC1253", "address": "4 RUE DES PRES", "sales": 9, "median_price": 205000.0, "median_price_per_sqm": 3485.991379310345, "median_rooms": 0.0, "first_sale": "2022-05-16", "last_sale": "2023-05-22"}}, {"type": "Feature", "geometry": {"type": "Point", "coordinates": [2.880057, 48.959908]}, "properties": {"id_parcelle": "77284000BS0056", "address": "54 RUE DU GENERAL LECLERC", "sales": 9, "median_price": 235000.0, "median_price_per_sqm": 2611.1111111111113, "median_rooms": 0.0, "first_sale": "2021-10-28", "last_sale": "2025-02-14"}}, {"type": "Feature", "geometry": {"type": "Point", "coordinates": [2.879318, 48.957088]}, "properties": {"id_parcelle": "77284000BO0077", "address": "1 RUE DES TEINTURIERS", "sales": 9, "median_price": 700000.0, "median_price_per_sqm": 10144.927536231884, "median_rooms": 2.0, "first_sale": "2021-12-28", "last_sale": "2021-12-28"}}, {"type": "Feature", "geometry": {"type": "Point", "coordinates": [2.883772, 48.96671]}, "properties": {"id_parcelle": "77284000BX0039", "address": "93 RUE SAINT FARON", "sales": 9, "median_price": 222900.0, "median_price_per_sqm": 3900.0, "median_rooms": 0.0, "first_sale": "2021-11-13", "last_sale": "2025-12-23"}}, {"type": "Feature", "geometry": {"type": "Point", "coordinates": [2.882756, 48.967147]}, "properties": {"id_parcelle": "77284000BX0044", "address": "7 RUE CAMILLE GUERIN", "sales": 9, "median_price": 175000.0, "median_price_per_sqm": 2573.529411764706, "median_rooms": 3.0, "first_sale": "2021-04-09", "last_sale": "2023-07-18"}}, {"type": "Feature", "geometry": {"type": "Point", "coordinates": [2.889851, 48.957297]}, "properties": {"id_parcelle": "77284000BH0316", "address": "13 RUE DE FUBLAINES", "sales": 9, "median_price": 215000.0, "median_price_per_sqm": 3358.208955223881, "median_rooms": 0.0, "first_sale": "2021-01-16", "last_sale": "2024-07-24"}}, {"type": "Feature", "geometry": {"type": "Point", "coordinates": [2.886132, 48.958398]}, "properties": {"id_parcelle": "77284000BD0156", "address": "34 RUE DU FAUBOURG ST NICOLAS", "sales": 9, "median_price": 109850.0, "median_price_per_sqm": 3892.8571428571427, "median_rooms": 0.0, "first_sale": "2021-01-27", "last_sale": "2025-05-23"}}, {"type": "Feature", "geometry": {"type": "Point", "coordinates": [2.888088, 48.958544]}, "properties": {"id_parcelle": "77284000BE0203", "address": "43 RUE DU FAUBOURG ST NICOLAS", "sales": 9, "median_price": 134000.0, "median_price_per_sqm": 3125.0, "median_rooms": 1.0, "first_sale": "2021-01-13", "last_sale": "2025-12-22"}}, {"type": "Feature", "geometry": {"type": "Point", "coordinates": [2.887749, 48.958096]}, "properties": {"id_parcelle": "77284000BE0097", "address": "3 PL DU TEMPLE", "sales": 8, "median_price": 227500.0, "median_price_per_sqm": 3750.0, "median_rooms": 0.0, "first_sale": "2021-08-26", "last_sale": "2021-08-26"}}, {"type": "Feature", "geometry": {"type": "Point", "coordinates": [2.887433, 48.95975]}, "properties": {"id_parcelle": "77284000BC1109", "address": "31 RUE FATOU", "sales": 8, "median_price": 158000.0, "median_price_per_sqm": 3224.0, "median_rooms": 2.0, "first_sale": "2021-07-07", "last_sale": "2023-08-08"}}, {"type": "Feature", "geometry": {"type": "Point", "coordinates": [2.886164, 48.95747]}, "properties": {"id_parcelle": "77284000BE0043", "address": "54 RUE DE L ABREUVOIR", "sales": 8, "median_price": 209575.0, "median_price_per_sqm": 3421.8253968253966, "median_rooms": 1.5, "first_sale": "2021-04-12", "last_sale": "2025-09-02"}}, {"type": "Feature", "geometry": {"type": "Point", "coordinates": [2.899422, 48.967917]}, "properties": {"id_parcelle": "77284000AC0686", "address": "26 RUE DE LA CORNICHE", "sales": 8, "median_price": 460000.0, "median_price_per_sqm": 2584.2696629213483, "median_rooms": 0.0, "first_sale": "2022-04-08", "last_sale": "2022-04-08"}}, {"type": "Feature", "geometry": {"type": "Point", "coordinates": [2.879119, 48.95937]}, "properties": {"id_parcelle": "77284000BR0153", "address": "14 RUE DE LA CORDONNERIE", "sales": 8, "median_price": 191500.0, "median_price_per_sqm": 2456.7099567099567, "median_rooms": 0.0, "first_sale": "2021-06-03", "last_sale": "2022-07-27"}}, {"type": "Feature", "geometry": {"type": "Point", "coordinates": [2.889156, 48.953601]}, "properties": {"id_parcelle": "77284000BI0915", "address": "49 AV DU MARECHAL FOCH", "sales": 8, "median_price": 1350000.0, "median_price_per_sqm": 31083.20251177394, "median_rooms": 2.0, "first_sale": "2022-09-15", "last_sale": "2022-09-15"}}, {"type": "Feature", "geometry": {"type": "Point", "coordinates": [2.893602, 48.961719]}, "properties": {"id_parcelle": "77284000BC0969", "address": "7 ALL HORACE VERNET", "sales": 8, "median_price": 252000.0, "median_price_per_sqm": 2371.134020618557, "median_rooms": 5.0, "first_sale": "2021-08-10", "last_sale": "2024-09-30"}}, {"type": "Feature", "geometry": {"type": "Point", "coordinates": [2.880797, 48.959151]}, "properties": {"id_parcelle": "77284000BS0299", "address": "35 RUE DU GENERAL LECLERC", "sales": 8, "median_price": 211500.0, "median_price_per_sqm": 3123.245614035088, "median_rooms": 0.0, "first_sale": "2021-03-30", "last_sale": "2024-07-10"}}, {"type": "Feature", "geometry": {"type": "Point", "coordinates": [2.878496, 48.959607]}, "properties": {"id_parcelle": "77284000BR0171", "address": "23 RUE SAINT ETIENNE", "sales": 8, "median_price": 193500.0, "median_price_per_sqm": 2671.7391304347825, "median_rooms": 1.0, "first_sale": "2021-08-13", "last_sale": "2025-01-31"}}, {"type": "Feature", "geometry": {"type": "Point", "coordinates": [2.879173, 48.958564]}, "properties": {"id_parcelle": "77284000BR0097", "address": "31 RUE DE LA CORDONNERIE", "sales": 8, "median_price": 213000.0, "median_price_per_sqm": 3380.9523809523807, "median_rooms": 0.0, "first_sale": "2025-01-15", "last_sale": "2025-03-25"}}, {"type": "Feature", "geometry": {"type": "Point", "coordinates": [2.899511, 48.957317]}, "properties": {"id_parcelle": "77284000AZ0047", "address": "65 AV DU PRESIDENT ROOSEVELT", "sales": 8, "median_price": 470000.0, "median_price_per_sqm": 10136.82745825603, "median_rooms": 0.5, "first_sale": "2023-10-24", "last_sale": "2023-10-24"}}, {"type": "Feature", "geometry": {"type": "Point", "coordinates": [2.894331, 48.950883]}, "properties": {"id_parcelle": "77284000BI0774", "address": "35 AV JEAN HENRI DUNANT", "sales": 8, "median_price": 5662913.0, "median_price_per_sqm": 64106.15138888889, "median_rooms": 1.5, "first_sale": "2022-03-31", "last_sale": "2022-08-02"}}, {"type": "Feature", "geometry": {"type": "Point", "coordinates": [2.92073, 48.956585]}, "properties": {"id_parcelle": "77284000AN0839", "address": "160 AV DE LA VICTOIRE", "sales": 8, "median_price": 324576.19, "median_price_per_sqm": 3120.924903846154, "median_rooms": 2.5, "first_sale": "2022-05-05", "last_sale": "2022-05-11"}}, {"type": "Feature", "geometry": {"type": "Point", "coordinates": [2.876215, 48.959534]}, "properties": {"id_parcelle": "77284000BR0009", "address": "43 RUE SAINT REMY", "sales": 8, "median_price": 1600000.0, "median_price_per_sqm": 43529.41176470588, "median_rooms": 2.0, "first_sale": "2025-03-05", "last_sale": "2025-03-05"}}, {"type": "Feature", "geometry": {"type": "Point", "coordinates": [2.877588, 48.948285]}, "properties": {"id_parcelle": "77284000BM0354", "address": "42 RUE GEORGES RENARD", "sales": 8, "median_price": 236250.0, "median_price_per_sqm": 3012.1100164203613, "median_rooms": 1.5, "first_sale": "2023-11-08", "last_sale": "2024-10-03"}}, {"type": "Feature", "geometry": {"type": "Point", "coordinates": [2.905527, 48.949921]}, "properties": {"id_parcelle": "77284000AS0451", "address": "16 MAIL DES CORSES", "sales": 8, "median_price": 187410.0, "median_price_per_sqm": 3266.6969696969695, "median_rooms": 1.0, "first_sale": "2021-12-28", "last_sale": "2024-03-29"}}, {"type": "Feature", "geometry": {"type": "Point", "coordinates": [2.879947, 48.956646]}, "properties": {"id_parcelle": "77284000BO0024", "address": "25 RUE DU COMMANDANT BERGE", "sales": 8, "median_price": 180100.0, "median_price_per_sqm": 2742.1277757553694, "median_rooms": 1.0, "first_sale": "2021-03-16", "last_sale": "2024-05-03"}}, {"type": "Feature", "geometry": {"type": "Point", "coordinates": [2.879721, 48.953892]}, "properties": {"id_parcelle": "77284000BN0110", "address": "6 RUE CHAPPON", "sales": 8, "median_price": 165000.0, "median_price_per_sqm": 3703.703703703704, "median_rooms": 2.0, "first_sale": "2022-07-15", "last_sale": "2025-02-18"}}, {"type": "Feature", "geometry": {"type": "Point", "coordinates": [2.873782, 48.960864]}, "properties": {"id_parcelle": "77284000BP0134", "address": "33 CRS PINTEVILLE", "sales": 8, "median_price": 144950.0, "median_price_per_sqm": 3812.980030721966, "median_rooms": 0.5, "first_sale": "2025-06-05", "last_sale": "2025-09-10"}}, {"type": "Feature", "geometry": {"type": "Point", "coordinates": [2.888614, 48.959088]}, "properties": {"id_parcelle": "77284000BE0167", "address": "10 RUE CROIX SAINT LOUP", "sales": 8, "median_price": 238575.0, "median_price_per_sqm": 3616.6666666666665, "median_rooms": 1.5, "first_sale": "2022-04-26", "last_sale": "2025-02-19"}}, {"type": "Feature", "geometry": {"type": "Point", "coordinates": [2.877865, 48.966993]}, "properties": {"id_parcelle": "77284000BV0442", "address": "30 AV CLEMENCEAU", "sales": 8, "median_price": 196500.0, "median_price_per_sqm": 3490.9297052154197, "median_rooms": 1.0, "first_sale": "2022-07-06", "last_sale": "2024-09-12"}}, {"type": "Feature", "geometry": {"type": "Point", "coordinates": [2.883972, 48.967457]}, "properties": {"id_parcelle": "77284000BX0070", "address": "1 PL ROGER DELINSELLE", "sales": 8, "median_price": 170551.0, "median_price_per_sqm": 4459.033613445377, "median_rooms": 1.0, "first_sale": "2022-03-08", "last_sale": "2025-02-05"}}, {"type": "Feature", "geometry": {"type": "Point", "coordinates": [2.878907, 48.951333]}, "properties": {"id_parcelle": "77284000BM0047", "address": "8 RUE SAINT RIGOMER", "sales": 8, "median_price": 150995.0, "median_price_per_sqm": 2860.3027065527067, "median_rooms": 0.0, "first_sale": "2023-03-16", "last_sale": "2024-08-31"}}, {"type": "Feature", "geometry": {"type": "Point", "coordinates": [2.877112, 48.955594]}, "properties": {"id_parcelle": "77284000BO0333", "address": "18 RUE DU CONNETABLE DE RICHEMONT", "sales": 8, "median_price": 245000.0, "median_price_per_sqm": 1750.0, "median_rooms": 0.0, "first_sale": "2022-11-15", "last_sale": "2024-06-12"}}, {"type": "Feature", "geometry": {"type": "Point", "coordinates": [2.880247, 48.955906]}, "properties": {"id_parcelle": "77284000BO0304", "address": "55 RUE DU COMMANDANT BERGE", "sales": 8, "median_price": 211000.0, "median_price_per_sqm": 2642.4611973392457, "median_rooms": 0.0, "first_sale": "2022-01-17", "last_sale": "2022-12-23"}}, {"type": "Feature", "geometry": {"type": "Point", "coordinates": [2.876935, 48.955519]}, "properties": {"id_parcelle": "77284000BO0316", "address": "22 RUE DU CONNETABLE DE RICHEMONT", "sales": 8, "median_price": 630000.0, "median_price_per_sqm": 25725.0, "median_rooms": 1.0, "first_sale": "2021-02-12", "last_sale": "2021-02-12"}}, {"type": "Feature", "geometry": {"type": "Point", "coordinates": [2.878618, 48.962459]}, "properties": {"id_parcelle": "77284000BW0359", "address": "15 BD JEAN ROSE", "sales": 7, "median_price": 1332700.0, "median_price_per_sqm": 8884.666666666666, "median_rooms": 0.0, "first_sale": "2022-02-28", "last_sale": "2024-09-03"}}, {"type": "Feature", "geometry": {"type": "Point", "coordinates": [2.877679, 48.961053]}, "properties": {"id_parcelle": "77284000BT0085", "address": "11 RUE BOSSUET", "sales": 7, "median_price": 485000.0, "median_price_per_sqm": 25526.315789473683, "median_rooms": 1.0, "first_sale": "2024-12-17", "last_sale": "2024-12-17"}}, {"type": "Feature", "geometry": {"type": "Point", "coordinates": [2.882923, 48.960602]}, "properties": {"id_parcelle": "77284000BS0274", "address": "8 RUE DU PALAIS DE JUSTICE", "sales": 7, "median_price": 140000.0, "median_price_per_sqm": 3002.390243902439, "median_rooms": 2.0, "first_sale": "2021-07-24", "last_sale": "2025-04-30"}}, {"type": "Feature", "geometry": {"type": "Point", "coordinates": [2.890486, 48.958004]}, "properties": {"id_parcelle": "77284000BH0014", "address": "99 RUE DU FAUBOURG ST NICOLAS", "sales": 7, "median_price": 132000.0, "median_price_per_sqm": 3473.684210526316, "median_rooms": 0.0, "first_sale": "2022-10-06", "last_sale": "2023-03-30"}}, {"type": "Feature", "geometry": {"type": "Point", "coordinates": [2.881732, 48.966493]}, "properties": {"id_parcelle": "77284000BW0038", "address": "6 RLE DES CAPUCINS", "sales": 7, "median_price": 154000.0, "median_price_per_sqm": 2369.230769230769, "median_rooms": 0.0, "first_sale": "2021-07-07", "last_sale": "2024-09-09"}}, {"type": "Feature", "geometry": {"type": "Point", "coordinates": [2.886322, 48.95868]}, "properties": {"id_parcelle": "77284000BE0419", "address": "25 RUE DU FAUBOURG ST NICOLAS", "sales": 7, "median_price": 177300.0, "median_price_per_sqm": 2982.805530776093, "median_rooms": 3.0, "first_sale": "2021-02-02", "last_sale": "2025-11-28"}}, {"type": "Feature", "geometry": {"type": "Point", "coordinates": [2.892406, 48.958393]}, "properties": {"id_parcelle": "77284000BC1053", "address": "16 RUE NOEFORT", "sales": 7, "median_price": 167000.0, "median_price_per_sqm": 3208.3333333333335, "median_rooms": 0.0, "first_sale": "2021-06-08", "last_sale": "2025-03-14"}}, {"type": "Feature", "geometry": {"type": "Point", "coordinates": [2.883259, 48.967726]}, "properties": {"id_parcelle": "77284000BX0556", "address": "6 RUE CAMILLE GUERIN", "sales": 7, "median_price": 300000.0, "median_price_per_sqm": 9584.178498985802, "median_rooms": 1.0, "first_sale": "2024-11-13", "last_sale": "2024-11-13"}}, {"type": "Feature", "geometry": {"type": "Point", "coordinates": [2.886575, 48.957008]}, "properties": {"id_parcelle": "77284000BE0026", "address": "30 RUE DE LA COULOMMIERE", "sales": 7, "median_price": 100000.0, "median_price_per_sqm": 2496.6666666666665, "median_rooms": 0.0, "first_sale": "2021-06-25", "last_sale": "2021-10-04"}}, {"type": "Feature", "geometry": {"type": "Point", "coordinates": [2.877341, 48.959076]}, "properties": {"id_parcelle": "77284000BR0039", "address": "19 RUE DES VIEUX MOULINS", "sales": 7, "median_price": 153000.0, "median_price_per_sqm": 4250.0, "median_rooms": 0.0, "first_sale": "2022-06-30", "last_sale": "2022-10-27"}}, {"type": "Feature", "geometry": {"type": "Point", "coordinates": [2.895706, 48.946129]}, "properties": {"id_parcelle": "77284000AX0356", "address": "4 RUE JEAN MERMOZ", "sales": 7, "median_price": 201900.0, "median_price_per_sqm": 3256.451612903226, "median_rooms": 1.5, "first_sale": "2022-07-28", "last_sale": "2025-03-31"}}, {"type": "Feature", "geometry": {"type": "Point", "coordinates": [2.873446, 48.960501]}, "properties": {"id_parcelle": "77284000BP0113", "address": "29 CRS PINTEVILLE", "sales": 7, "median_price": 178000.0, "median_price_per_sqm": 3708.3333333333335, "median_rooms": 0.0, "first_sale": "2023-10-30", "last_sale": "2025-12-03"}}, {"type": "Feature", "geometry": {"type": "Point", "coordinates": [2.878825, 48.944111]}, "properties": {"id_parcelle": "77284000BL0646", "address": "96 RUE FRANCOIS DE TESSAN", "sales": 7, "median_price": 3000.0, "median_price_per_sqm": 3367.3469387755104, "median_rooms": 0.0, "first_sale": "2021-04-08", "last_sale": "2023-11-09"}}, {"type": "Feature", "geometry": {"type": "Point", "coordinates": [2.885183, 48.955861]}, "properties": {"id_parcelle": "77284000BD0229", "address": "24 RUE DE LA CRECHE", "sales": 7, "median_price": 155000.0, "median_price_per_sqm": 3746.770025839793, "median_rooms": 2.0, "first_sale": "2022-04-22", "last_sale": "2024-12-20"}}, {"type": "Feature", "geometry": {"type": "Point", "coordinates": [2.876144, 48.959539]}, "properties": {"id_parcelle": "77284000BR0008", "address": "45 RUE SAINT REMY", "sales": 7, "median_price": 1600000.0, "median_price_per_sqm": 57142.857142857145, "median_rooms": 2.0, "first_sale": "2025-03-05", "last_sale": "2025-03-05"}}, {"type": "Feature", "geometry": {"type": "Point", "coordinates": [2.877432, 48.955739]}, "properties": {"id_parcelle": "77284000BO0115", "address": "15 RUE NEUVE", "sales": 7, "median_price": 374000.0, "median_price_per_sqm": 9842.105263157895, "median_rooms": 0.0, "first_sale": "2021-05-10", "last_sale": "2021-05-10"}}, {"type": "Feature", "geometry": {"type": "Point", "coordinates": [2.883019, 48.957886]}, "properties": {"id_parcelle": "77284000BD0203", "address": "5 RUE DE L ABREUVOIR", "sales": 7, "median_price": 165000.0, "median_price_per_sqm": 2721.4285714285716, "median_rooms": 0.0, "first_sale": "2021-11-02", "last_sale": "2025-07-11"}}, {"type": "Feature", "geometry": {"type": "Point", "coordinates": [2.881611, 48.958379]}, "properties": {"id_parcelle": "77284000BS0174", "address": "29 RUE DU TAN", "sales": 7, "median_price": 98500.0, "median_price_per_sqm": 3413.3597883597886, "median_rooms": 1.0, "first_sale": "2021-03-19", "last_sale": "2024-12-06"}}, {"type": "Feature", "geometry": {"type": "Point", "coordinates": [2.878595, 48.959762]}, "properties": {"id_parcelle": "77284000BR0068", "address": "19 RUE SAINT ETIENNE", "sales": 7, "median_price": 462250.0, "median_price_per_sqm": 21011.363636363636, "median_rooms": 1.0, "first_sale": "2022-01-25", "last_sale": "2022-01-25"}}, {"type": "Feature", "geometry": {"type": "Point", "coordinates": [2.885861, 48.962978]}, "properties": {"id_parcelle": "77284000BC0081", "address": "56 RUE GAMBETTA", "sales": 7, "median_price": 450000.0, "median_price_per_sqm": 7031.25, "median_rooms": 0.0, "first_sale": "2023-12-28", "last_sale": "2023-12-28"}}, {"type": "Feature", "geometry": {"type": "Point", "coordinates": [2.890211, 48.958131]}, "properties": {"id_parcelle": "77284000BH0010", "address": "91 RUE DU FAUBOURG ST NICOLAS", "sales": 7, "median_price": 160000.0, "median_price_per_sqm": 5333.333333333333, "median_rooms": 0.0, "first_sale": "2022-10-19", "last_sale": "2023-07-13"}}, {"type": "Feature", "geometry": {"type": "Point", "coordinates": [2.911655, 48.959994]}, "properties": {"id_parcelle": "77284000AI0064", "address": "65 AV DE L EPINETTE", "sales": 7, "median_price": 1500000.0, "median_price_per_sqm": 7317.073170731707, "median_rooms": 0.0, "first_sale": "2025-11-12", "last_sale": "2025-11-12"}}, {"type": "Feature", "geometry": {"type": "Point", "coordinates": [2.884186, 48.959041]}, "properties": {"id_parcelle": "77284000BC0661", "address": "16 PL HENRI IV", "sales": 7, "median_price": 630000.0, "median_price_per_sqm": 14000.0, "median_rooms": 0.0, "first_sale": "2022-10-07", "last_sale": "2024-07-19"}}, {"type": "Feature", "geometry": {"type": "Point", "coordinates": [2.883226, 48.960649]}, "properties": {"id_parcelle": "77284000BS0275", "address": "3 RUE GAMBETTA", "sales": 7, "median_price": 187000.0, "median_price_per_sqm": 2913.907284768212, "median_rooms": 0.0, "first_sale": "2023-04-24", "last_sale": "2025-03-28"}}, {"type": "Feature", "geometry": {"type": "Point", "coordinates": [2.885456, 48.957159]}, "properties": {"id_parcelle": "77284000BD0284", "address": "16 RUE DE LA CRECHE", "sales": 7, "median_price": 129000.0, "median_price_per_sqm": 4085.483870967742, "median_rooms": 1.0, "first_sale": "2021-09-01", "last_sale": "2022-11-04"}}, {"type": "Feature", "geometry": {"type": "Point", "coordinates": [2.894875, 48.948599]}, "properties": {"id_parcelle": "77284000AX0520", "address": "57 AV JEAN HENRI DUNANT", "sales": 7, "median_price": 175000.0, "median_price_per_sqm": 3026.607142857143, "median_rooms": 2.0, "first_sale": "2022-01-18", "last_sale": "2025-12-09"}}, {"type": "Feature", "geometry": {"type": "Point", "coordinates": [2.89428, 48.950958]}, "properties": {"id_parcelle": "77284000BI0772", "address": "33 AV JEAN HENRI DUNANT", "sales": 7, "median_price": 16000.0, "median_price_per_sqm": null, "median_rooms": 0.0, "first_sale": "2021-12-08", "last_sale": "2024-09-30"}}, {"type": "Feature", "geometry": {"type": "Point", "coordinates": [2.880699, 48.959841]}, "properties": {"id_parcelle": "77284000BS0076", "address": "8 RUE TRONCHON", "sales": 7, "median_price": 145000.0, "median_price_per_sqm": 2894.7368421052633, "median_rooms": 0.0, "first_sale": "2021-03-26", "last_sale": "2024-01-26"}}, {"type": "Feature", "geometry": {"type": "Point", "coordinates": [2.883734, 48.95538]}, "properties": {"id_parcelle": "77284000BD0007", "address": "19 QUAI JACQUES PREVERT", "sales": 6, "median_price": 171500.0, "median_price_per_sqm": 4287.5, "median_rooms": 1.0, "first_sale": "2022-05-25", "last_sale": "2025-03-27"}}, {"type": "Feature", "geometry": {"type": "Point", "coordinates": [2.885272, 48.956077]}, "properties": {"id_parcelle": "77284000BD0195", "address": "24 RUE ARISTIDE BRIAND", "sales": 6, "median_price": 234000.0, "median_price_per_sqm": 3250.0, "median_rooms": 1.5, "first_sale": "2021-05-20", "last_sale": "2025-12-23"}}, {"type": "Feature", "geometry": {"type": "Point", "coordinates": [2.890057, 48.95772]}, "properties": {"id_parcelle": "77284000BH0152", "address": "100 RUE DU FAUBOURG ST NICOLAS", "sales": 6, "median_price": 117001.0, "median_price_per_sqm": 1269.8412698412699, "median_rooms": 0.0, "first_sale": "2023-12-01", "last_sale": "2023-12-01"}}, {"type": "Feature", "geometry": {"type": "Point", "coordinates": [2.880468, 48.964549]}, "properties": {"id_parcelle": "77284000BW0005", "address": "24 RUE DE TIVOLI", "sales": 6, "median_price": 174550.0, "median_price_per_sqm": 2685.3846153846152, "median_rooms": 1.5, "first_sale": "2021-07-29", "last_sale": "2025-07-04"}}, {"type": "Feature", "geometry": {"type": "Point", "coordinates": [2.930298, 48.952278]}, "properties": {"id_parcelle": "77284000AP0037", "address": "37 ALL DES PLATANES", "sales": 6, "median_price": 402285.0, "median_price_per_sqm": 9163.158333333333, "median_rooms": 0.0, "first_sale": "2023-10-26", "last_sale": "2023-10-26"}}, {"type": "Feature", "geometry": {"type": "Point", "coordinates": [2.878454, 48.962927]}, "properties": {"id_parcelle": "77284000BW0445", "address": "12 RUE ALFRED MAURY", "sales": 6, "median_price": 28000.0, "median_price_per_sqm": 2960.0, "median_rooms": 2.0, "first_sale": "2022-06-13", "last_sale": "2022-12-12"}}, {"type": "Feature", "geometry": {"type": "Point", "coordinates": [2.88135, 48.970373]}, "properties": {"id_parcelle": "77284000BX0138", "address": "137 RUE DE CHAAGE", "sales": 6, "median_price": 470000.0, "median_price_per_sqm": 5222.222222222223, "median_rooms": 0.0, "first_sale": "2024-01-09", "last_sale": "2024-01-09"}}, {"type": "Feature", "geometry": {"type": "Point", "coordinates": [2.882634, 48.964782]}, "properties": {"id_parcelle": "77284000BW0419", "address": "61 RUE SAINT FARON", "sales": 6, "median_price": 123750.0, "median_price_per_sqm": 3041.1622276029057, "median_rooms": 1.0, "first_sale": "2022-08-12", "last_sale": "2024-07-22"}}, {"type": "Feature", "geometry": {"type": "Point", "coordinates": [2.871336, 48.966374]}, "properties": {"id_parcelle": "77284000BV0531", "address": "25 RUE LOUIS BRAILLE", "sales": 6, "median_price": 152000.0, "median_price_per_sqm": 2646.1309523809523, "median_rooms": 0.0, "first_sale": "2025-03-31", "last_sale": "2025-11-20"}}, {"type": "Feature", "geometry": {"type": "Point", "coordinates": [2.884764, 48.962386]}, "properties": {"id_parcelle": "77284000BW0133", "address": "18 RUE PAUL BERT", "sales": 6, "median_price": 289000.0, "median_price_per_sqm": 7225.0, "median_rooms": 0.0, "first_sale": "2024-11-14", "last_sale": "2024-11-14"}}, {"type": "Feature", "geometry": {"type": "Point", "coordinates": [2.878725, 48.967278]}, "properties": {"id_parcelle": "77284000BV0581", "address": "79 RUE ALFRED MAURY", "sales": 6, "median_price": 749000.0, "median_price_per_sqm": 2488.3720930232557, "median_rooms": 0.0, "first_sale": "2025-03-28", "last_sale": "2025-03-28"}}, {"type": "Feature", "geometry": {"type": "Point", "coordinates": [2.880975, 48.953667]}, "properties": {"id_parcelle": "77284000BN0047", "address": "1 RUE CHAPPON", "sales": 6, "median_price": 335000.0, "median_price_per_sqm": 4527.027027027027, "median_rooms": 0.0, "first_sale": "2022-01-20", "last_sale": "2022-01-20"}}, {"type": "Feature", "geometry": {"type": "Point", "coordinates": [2.873303, 48.953796]}, "properties": {"id_parcelle": "77284000BP0131", "address": "4 RUE DES TRINITAIRES", "sales": 6, "median_price": 154000.0, "median_price_per_sqm": 3827.201322860686, "median_rooms": 1.0, "first_sale": "2021-01-13", "last_sale": "2024-04-09"}}, {"type": "Feature", "geometry": {"type": "Point", "coordinates": [2.878276, 48.959782]}, "properties": {"id_parcelle": "77284000BR0158", "address": "27 RUE SAINT ETIENNE", "sales": 6, "median_price": 103950.0, "median_price_per_sqm": 3248.4375, "median_rooms": 2.0, "first_sale": "2022-03-24", "last_sale": "2024-11-21"}}, {"type": "Feature", "geometry": {"type": "Point", "coordinates": [2.937554, 48.957774]}, "properties": {"id_parcelle": "77284000AO0455", "address": "1 ALL DES BLEUETS", "sales": 6, "median_price": 230000.0, "median_price_per_sqm": 2211.5384615384614, "median_rooms": 0.0, "first_sale": "2024-11-29", "last_sale": "2024-11-29"}}, {"type": "Feature", "geometry": {"type": "Point", "coordinates": [2.880638, 48.959818]}, "properties": {"id_parcelle": "77284000BS0075", "address": "6 RUE TRONCHON", "sales": 6, "median_price": 320000.0, "median_price_per_sqm": 8888.888888888889, "median_rooms": 1.0, "first_sale": "2025-01-24", "last_sale": "2025-01-24"}}, {"type": "Feature", "geometry": {"type": "Point", "coordinates": [2.932837, 48.955986]}, "properties": {"id_parcelle": "77284000AO0135", "address": "14 ALL DES TILLEULS", "sales": 6, "median_price": 170000.0, "median_price_per_sqm": 6071.428571428572, "median_rooms": 1.0, "first_sale": "2023-01-20", "last_sale": "2023-01-20"}}, {"type": "Feature", "geometry": {"type": "Point", "coordinates": [2.879372, 48.957062]}, "properties": {"id_parcelle": "77284000BO0076", "address": "14 RUE DU COMMANDANT BERGE", "sales": 6, "median_price": 550000.0, "median_price_per_sqm": 14666.666666666666, "median_rooms": 0.0, "first_sale": "2022-03-23", "last_sale": "2022-03-23"}}, {"type": "Feature", "geometry": {"type": "Point", "coordinates": [2.896175, 48.961086]}, "properties": {"id_parcelle": "77284000BC0344", "address": "49 AV DU MARECHAL JOFFRE", "sales": 6, "median_price": 270000.0, "median_price_per_sqm": 3139.5348837209303, "median_rooms": 0.0, "first_sale": "2025-03-28", "last_sale": "2025-03-28"}}, {"type": "Feature", "geometry": {"type": "Point", "coordinates": [2.878062, 48.951979]}, "properties": {"id_parcelle": "77284000BM0042", "address": "15 RUE TERFAUX", "sales": 6, "median_price": 220000.0, "median_price_per_sqm": 3492.063492063492, "median_rooms": 0.0, "first_sale": "2023-03-07", "last_sale": "2023-03-07"}}, {"type": "Feature", "geometry": {"type": "Point", "coordinates": [2.87879, 48.945396]}, "properties": {"id_parcelle": "77284000BL0595", "address": "82 RUE FRANCOIS DE TESSAN", "sales": 6, "median_price": 375000.0, "median_price_per_sqm": 4166.666666666667, "median_rooms": 0.0, "first_sale": "2023-01-31", "last_sale": "2023-01-31"}}, {"type": "Feature", "geometry": {"type": "Point", "coordinates": [2.901383, 48.950493]}, "properties": {"id_parcelle": "77284000AS0457", "address": "2 RUE PIERRE CLOSTERMANN", "sales": 6, "median_price": 210975.0, "median_price_per_sqm": 3209.6774193548385, "median_rooms": 1.0, "first_sale": "2021-01-22", "last_sale": "2024-02-23"}}, {"type": "Feature", "geometry": {"type": "Point", "coordinates": [2.880215, 48.953646]}, "properties": {"id_parcelle": "77284000BN0050", "address": "5 RUE CHAPPON", "sales": 6, "median_price": 134450.0, "median_price_per_sqm": 2610.114322006986, "median_rooms": 2.0, "first_sale": "2022-01-20", "last_sale": "2025-12-29"}}, {"type": "Feature", "geometry": {"type": "Point", "coordinates": [2.929709, 48.953725]}, "properties": {"id_parcelle": "77284000AP0206", "address": "12 RUE LOUIS FOURNIER", "sales": 6, "median_price": 520000.0, "median_price_per_sqm": 17333.333333333332, "median_rooms": 0.0, "first_sale": "2022-04-14", "last_sale": "2022-04-14"}}, {"type": "Feature", "geometry": {"type": "Point", "coordinates": [2.878953, 48.959413]}, "properties": {"id_parcelle": "77284000BR0154", "address": "4 IMP HATTINGAIS", "sales": 6, "median_price": 143000.0, "median_price_per_sqm": 2695.1345755693583, "median_rooms": 0.0, "first_sale": "2022-02-18", "last_sale": "2023-06-09"}}, {"type": "Feature", "geometry": {"type": "Point", "coordinates": [2.925518, 48.954861]}, "properties": {"id_parcelle": "77284000AN0592", "address": "25 ALL DES COQUELICOTS", "sales": 6, "median_price": 380000.0, "median_price_per_sqm": 2467.5324675324673, "median_rooms": 0.0, "first_sale": "2021-07-16", "last_sale": "2021-07-16"}}, {"type": "Feature", "geometry": {"type": "Point", "coordinates": [2.879748, 48.959313]}, "properties": {"id_parcelle": "77284000BS0030", "address": "10 RUE SAINT CHRISTOPHE", "sales": 6, "median_price": 90000.0, "median_price_per_sqm": 2815.7894736842104, "median_rooms": 0.5, "first_sale": "2021-10-18", "last_sale": "2024-01-08"}}, {"type": "Feature", "geometry": {"type": "Point", "coordinates": [2.883332, 48.954202]}, "properties": {"id_parcelle": "77284000BK0173", "address": "37 QUAI JACQUES PREVERT", "sales": 6, "median_price": 635000.0, "median_price_per_sqm": 6350.0, "median_rooms": 0.0, "first_sale": "2022-02-21", "last_sale": "2022-02-21"}}, {"type": "Feature", "geometry": {"type": "Point", "coordinates": [2.887604, 48.962981]}, "properties": {"id_parcelle": "77284000BC0100", "address": "54 RUE DES CORDELIERS", "sales": 6, "median_price": 354000.0, "median_price_per_sqm": 6321.428571428572, "median_rooms": 0.0, "first_sale": "2025-03-31", "last_sale": "2025-03-31"}}, {"type": "Feature", "geometry": {"type": "Point", "coordinates": [2.87791, 48.962815]}, "properties": {"id_parcelle": "77284000BV0163", "address": "9 RUE ALFRED MAURY", "sales": 6, "median_price": 105000.0, "median_price_per_sqm": 2865.8008658008657, "median_rooms": 0.0, "first_sale": "2025-01-31", "last_sale": "2025-12-17"}}, {"type": "Feature", "geometry": {"type": "Point", "coordinates": [2.879442, 48.959027]}, "properties": {"id_parcelle": "77284000BS0250", "address": "8 RUE ST CHRISTOPHE PETITE", "sales": 6, "median_price": 85500.0, "median_price_per_sqm": 3671.0526315789475, "median_rooms": 0.5, "first_sale": "2021-04-22", "last_sale": "2025-06-25"}}, {"type": "Feature", "geometry": {"type": "Point", "coordinates": [2.877247, 48.96027]}, "properties": {"id_parcelle": "77284000BT0040", "address": "4 RUE DES URSULINES", "sales": 6, "median_price": 190000.0, "median_price_per_sqm": 2684.453227931489, "median_rooms": 1.5, "first_sale": "2023-04-28", "last_sale": "2024-04-12"}}, {"type": "Feature", "geometry": {"type": "Point", "coordinates": [2.877419, 48.960456]}, "properties": {"id_parcelle": "77284000BT0051", "address": "10 RUE DES URSULINES", "sales": 6, "median_price": 140000.0, "median_price_per_sqm": 3518.5185185185187, "median_rooms": 2.5, "first_sale": "2024-05-02", "last_sale": "2025-09-16"}}, {"type": "Feature", "geometry": {"type": "Point", "coordinates": [2.881151, 48.958301]}, "properties": {"id_parcelle": "77284000BS0224", "address": "36 RUE DU TAN", "sales": 6, "median_price": 120000.0, "median_price_per_sqm": 3108.108108108108, "median_rooms": 1.0, "first_sale": "2022-06-21", "last_sale": "2025-03-07"}}, {"type": "Feature", "geometry": {"type": "Point", "coordinates": [2.888268, 48.961634]}, "properties": {"id_parcelle": "77284000BC0597", "address": "58 AV DE LA REPUBLIQUE", "sales": 6, "median_price": 180000.0, "median_price_per_sqm": 3789.8936170212764, "median_rooms": 0.0, "first_sale": "2024-12-04", "last_sale": "2024-12-04"}}, {"type": "Feature", "geometry": {"type": "Point", "coordinates": [2.884409, 48.959053]}, "properties": {"id_parcelle": "77284000BC0660", "address": "5 RUE DU FAUBOURG ST NICOLAS", "sales": 6, "median_price": 235590.0, "median_price_per_sqm": 9816.25, "median_rooms": 2.0, "first_sale": "2024-02-29", "last_sale": "2024-03-04"}}, {"type": "Feature", "geometry": {"type": "Point", "coordinates": [2.880592, 48.959762]}, "properties": {"id_parcelle": "77284000BS0074", "address": "4 RUE TRONCHON", "sales": 6, "median_price": 128250.0, "median_price_per_sqm": 2513.4615384615386, "median_rooms": 0.0, "first_sale": "2022-08-31", "last_sale": "2023-07-20"}}, {"type": "Feature", "geometry": {"type": "Point", "coordinates": [2.890514, 48.955858]}, "properties": {"id_parcelle": "77284000BI0745", "address": "49 AV DU PDT SALVADOR ALLENDE", "sales": 6, "median_price": 284000.0, "median_price_per_sqm": 21123.076923076922, "median_rooms": 0.0, "first_sale": "2022-07-22", "last_sale": "2023-09-15"}}, {"type": "Feature", "geometry": {"type": "Point", "coordinates": [2.889335, 48.95785]}, "properties": {"id_parcelle": "77284000BH0160", "address": "84 RUE DU FAUBOURG ST NICOLAS", "sales": 6, "median_price": 422500.0, "median_price_per_sqm": 17604.166666666668, "median_rooms": 0.5, "first_sale": "2022-02-09", "last_sale": "2022-02-09"}}, {"type": "Feature", "geometry": {"type": "Point", "coordinates": [2.891135, 48.957498]}, "properties": {"id_parcelle": "77284000BH0124", "address": "138 RUE DU FAUBOURG ST NICOLAS", "sales": 6, "median_price": 73000.0, "median_price_per_sqm": 3673.6111111111113, "median_rooms": 0.0, "first_sale": "2024-01-11", "last_sale": "2024-07-26"}}, {"type": "Feature", "geometry": {"type": "Point", "coordinates": [2.890039, 48.958224]}, "properties": {"id_parcelle": "77284000BH0008", "address": "85 RUE DU FAUBOURG ST NICOLAS", "sales": 6, "median_price": 145000.0, "median_price_per_sqm": 2397.9912115505335, "median_rooms": 3.0, "first_sale": "2022-03-25", "last_sale": "2022-09-07"}}, {"type": "Feature", "geometry": {"type": "Point", "coordinates": [2.889126, 48.957656]}, "properties": {"id_parcelle": "77284000BE0080", "address": "10 RUE DE FUBLAINES", "sales": 6, "median_price": 164000.0, "median_price_per_sqm": 3226.8162393162393, "median_rooms": 0.0, "first_sale": "2022-12-14", "last_sale": "2022-12-30"}}, {"type": "Feature", "geometry": {"type": "Point", "coordinates": [2.888964, 48.957793]}, "properties": {"id_parcelle": "77284000BE0082", "address": "82 RUE DU FAUBOURG ST NICOLAS", "sales": 6, "median_price": 255680.0, "median_price_per_sqm": 5681.777777777777, "median_rooms": 1.5, "first_sale": "2022-01-10", "last_sale": "2022-01-10"}}, {"type": "Feature", "geometry": {"type": "Point", "coordinates": [2.906625, 48.961522]}, "properties": {"id_parcelle": "77284000AH0192", "address": "28 RUE PASCAL", "sales": 6, "median_price": 582000.0, "median_price_per_sqm": 48500.0, "median_rooms": 0.0, "first_sale": "2022-04-20", "last_sale": "2025-12-15"}}, {"type": "Feature", "geometry": {"type": "Point", "coordinates": [2.883081, 48.96424]}, "properties": {"id_parcelle": "77284000BW0235", "address": "28 RUE BARIGNY", "sales": 6, "median_price": 704500.0, "median_price_per_sqm": 23616.761363636364, "median_rooms": 1.0, "first_sale": "2024-05-13", "last_sale": "2024-05-13"}}, {"type": "Feature", "geometry": {"type": "Point", "coordinates": [2.889087, 48.958388]}, "properties": {"id_parcelle": "77284000BE0361", "address": "71 RUE DU FAUBOURG ST NICOLAS", "sales": 5, "median_price": 168100.0, "median_price_per_sqm": 2730.645161290323, "median_rooms": 1.0, "first_sale": "2022-09-05", "last_sale": "2024-12-20"}}, {"type": "Feature", "geometry": {"type": "Point", "coordinates": [2.885273, 48.962962]}, "properties": {"id_parcelle": "77284000BW0127", "address": "39 RUE GAMBETTA", "sales": 5, "median_price": 270000.0, "median_price_per_sqm": 2842.1052631578946, "median_rooms": 0.0, "first_sale": "2021-10-25", "last_sale": "2021-10-25"}}, {"type": "Feature", "geometry": {"type": "Point", "coordinates": [2.881831, 48.961466]}, "properties": {"id_parcelle": "77284000BW0190", "address": "2 RUE SAINT FARON", "sales": 5, "median_price": 166000.0, "median_price_per_sqm": 5366.028708133972, "median_rooms": 0.0, "first_sale": "2021-03-02", "last_sale": "2023-09-22"}}, {"type": "Feature", "geometry": {"type": "Point", "coordinates": [2.882484, 48.966303]}, "properties": {"id_parcelle": "77284000BW0040", "address": "12 RLE DES CAPUCINS", "sales": 5, "median_price": 280000.0, "median_price_per_sqm": 3049.1, "median_rooms": 4.0, "first_sale": "2021-01-19", "last_sale": "2025-12-23"}}, {"type": "Feature", "geometry": {"type": "Point", "coordinates": [2.882645, 48.964657]}, "properties": {"id_parcelle": "77284000BW0062", "address": "59 RUE SAINT FARON", "sales": 5, "median_price": 89000.0, "median_price_per_sqm": 2781.25, "median_rooms": 1.0, "first_sale": "2021-09-10", "last_sale": "2022-06-16"}}, {"type": "Feature", "geometry": {"type": "Point", "coordinates": [2.881796, 48.959512]}, "properties": {"id_parcelle": "77284000BS0144", "address": "7 RUE DU THEATRE", "sales": 5, "median_price": 135000.0, "median_price_per_sqm": 3750.0, "median_rooms": 1.0, "first_sale": "2021-12-30", "last_sale": "2023-09-29"}}, {"type": "Feature", "geometry": {"type": "Point", "coordinates": [2.895375, 48.961517]}, "properties": {"id_parcelle": "77284000BC1316", "address": "89 RUE CROIX SAINT LOUP PROLONGEE", "sales": 5, "median_price": 232750.0, "median_price_per_sqm": 1892.2764227642276, "median_rooms": 0.0, "first_sale": "2021-07-16", "last_sale": "2021-07-16"}}, {"type": "Feature", "geometry": {"type": "Point", "coordinates": [2.88695, 48.95832]}, "properties": {"id_parcelle": "77284000BE0115", "address": "2 RUE DE LA COULOMMIERE", "sales": 5, "median_price": 480700.0, "median_price_per_sqm": 15506.451612903225, "median_rooms": 1.0, "first_sale": "2022-03-30", "last_sale": "2022-03-30"}}, {"type": "Feature", "geometry": {"type": "Point", "coordinates": [2.941257, 48.956206]}, "properties": {"id_parcelle": "77284000AO0068", "address": "336 AV DE LA VICTOIRE", "sales": 5, "median_price": 1680000.0, "median_price_per_sqm": 14000.0, "median_rooms": 0.0, "first_sale": "2021-12-17", "last_sale": "2021-12-17"}}, {"type": "Feature", "geometry": {"type": "Point", "coordinates": [2.881409, 48.958595]}, "properties": {"id_parcelle": "77284000BS0219", "address": "26 RUE DU TAN", "sales": 5, "median_price": 347619.0, "median_price_per_sqm": 10533.90909090909, "median_rooms": 0.0, "first_sale": "2022-07-21", "last_sale": "2022-07-21"}}, {"type": "Feature", "geometry": {"type": "Point", "coordinates": [2.880508, 48.958444]}, "properties": {"id_parcelle": "77284000BS0230", "address": "16 RUE SAUVE DELANOUE", "sales": 5, "median_price": 128000.0, "median_price_per_sqm": 3100.0, "median_rooms": 1.0, "first_sale": "2022-07-02", "last_sale": "2025-06-24"}}, {"type": "Feature", "geometry": {"type": "Point", "coordinates": [2.875202, 48.959987]}, "properties": {"id_parcelle": "77284000BT0011", "address": "62 RUE SAINT REMY", "sales": 5, "median_price": 152000.0, "median_price_per_sqm": 3040.0, "median_rooms": 0.5, "first_sale": "2021-05-28", "last_sale": "2024-04-08"}}, {"type": "Feature", "geometry": {"type": "Point", "coordinates": [2.880396, 48.959336]}, "properties": {"id_parcelle": "77284000BS0047", "address": "6 RUE DU GRAND CERF", "sales": 5, "median_price": 461437.0, "median_price_per_sqm": 27143.352941176472, "median_rooms": 1.0, "first_sale": "2022-02-02", "last_sale": "2022-06-15"}}, {"type": "Feature", "geometry": {"type": "Point", "coordinates": [2.878433, 48.95883]}, "properties": {"id_parcelle": "77284000BR0096", "address": "12 RUE LOUIS GEOFFROY", "sales": 5, "median_price": 376000.0, "median_price_per_sqm": 4372.093023255814, "median_rooms": 2.0, "first_sale": "2024-09-13", "last_sale": "2024-09-13"}}, {"type": "Feature", "geometry": {"type": "Point", "coordinates": [2.876652, 48.958083]}, "properties": {"id_parcelle": "77284000BR0132", "address": "7 PL LAFAYETTE", "sales": 5, "median_price": 133000.0, "median_price_per_sqm": 2955.5555555555557, "median_rooms": 1.0, "first_sale": "2021-01-09", "last_sale": "2025-12-20"}}, {"type": "Feature", "geometry": {"type": "Point", "coordinates": [2.881904, 48.958373]}, "properties": {"id_parcelle": "77284000BS0165", "address": "26 CRS RAOULT", "sales": 5, "median_price": 249000.0, "median_price_per_sqm": 3521.7391304347825, "median_rooms": 0.0, "first_sale": "2021-06-18", "last_sale": "2022-09-06"}}, {"type": "Feature", "geometry": {"type": "Point", "coordinates": [2.878418, 48.95978]}, "properties": {"id_parcelle": "77284000BR0170", "address": "23 RUE SAINT ETIENNE", "sales": 5, "median_price": 1060000.0, "median_price_per_sqm": 13589.74358974359, "median_rooms": 2.0, "first_sale": "2021-12-30", "last_sale": "2021-12-30"}}, {"type": "Feature", "geometry": {"type": "Point", "coordinates": [2.877636, 48.959836]}, "properties": {"id_parcelle": "77284000BR0129", "address": "13 RUE SAINT REMY", "sales": 5, "median_price": 84000.0, "median_price_per_sqm": 4293.859649122807, "median_rooms": 2.0, "first_sale": "2021-06-28", "last_sale": "2024-05-16"}}, {"type": "Feature", "geometry": {"type": "Point", "coordinates": [2.896153, 48.953283]}, "properties": {"id_parcelle": "77284000AY0062", "address": "3 IMP GEORGES GASSIES", "sales": 5, "median_price": 260000.0, "median_price_per_sqm": 2570.7070707070707, "median_rooms": 4.0, "first_sale": "2021-07-29", "last_sale": "2025-06-27"}}, {"type": "Feature", "geometry": {"type": "Point", "coordinates": [2.891735, 48.960488]}, "properties": {"id_parcelle": "77284000BC0207", "address": "97 AV DE LA REPUBLIQUE", "sales": 5, "median_price": 175000.0, "median_price_per_sqm": 4552.364864864865, "median_rooms": 0.0, "first_sale": "2023-04-26", "last_sale": "2023-04-26"}}, {"type": "Feature", "geometry": {"type": "Point", "coordinates": [2.88733, 48.959109]}, "properties": {"id_parcelle": "77284000BE0252", "address": "19 RUE JEAN JAURES", "sales": 5, "median_price": 115000.0, "median_price_per_sqm": 3833.3333333333335, "median_rooms": 0.0, "first_sale": "2025-07-25", "last_sale": "2025-07-25"}}, {"type": "Feature", "geometry": {"type": "Point", "coordinates": [2.873892, 48.960349]}, "properties": {"id_parcelle": "77284000BP0084", "address": "23 CRS PINTEVILLE", "sales": 5, "median_price": 405416.0, "median_price_per_sqm": 7949.333333333333, "median_rooms": 0.0, "first_sale": "2023-10-10", "last_sale": "2023-10-10"}}, {"type": "Feature", "geometry": {"type": "Point", "coordinates": [2.88713, 48.958559]}, "properties": {"id_parcelle": "77284000BE0143", "address": "1 RUE JEAN JAURES", "sales": 5, "median_price": 620000.0, "median_price_per_sqm": 14418.60465116279, "median_rooms": 2.0, "first_sale": "2024-12-19", "last_sale": "2024-12-19"}}, {"type": "Feature", "geometry": {"type": "Point", "coordinates": [2.886932, 48.963686]}, "properties": {"id_parcelle": "77284000BC0834", "address": "RUE EMILE GAVROY", "sales": 5, "median_price": 268500.0, "median_price_per_sqm": null, "median_rooms": null, "first_sale": "2021-04-23", "last_sale": "2025-05-21"}}, {"type": "Feature", "geometry": {"type": "Point", "coordinates": [2.876987, 48.959875]}, "properties": {"id_parcelle": "77284000BR0024", "address": "27 RUE SAINT REMY", "sales": 5, "median_price": 428500.0, "median_price_per_sqm": 12242.857142857143, "median_rooms": 2.0, "first_sale": "2025-10-22", "last_sale": "2025-10-22"}}, {"type": "Feature", "geometry": {"type": "Point", "coordinates": [2.881961, 48.959132]}, "properties": {"id_parcelle": "77284000BS0186", "address": "2 RUE DU TAN", "sales": 5, "median_price": 170500.0, "median_price_per_sqm": 2700.0, "median_rooms": 2.0, "first_sale": "2021-06-21", "last_sale": "2025-10-28"}}, {"type": "Feature", "geometry": {"type": "Point", "coordinates": [2.878573, 48.958878]}, "properties": {"id_parcelle": "77284000BR0095", "address": "10 RUE LOUIS GEOFFROY", "sales": 5, "median_price": 110400.0, "median_price_per_sqm": 5388.571428571428, "median_rooms": 0.0, "first_sale": "2025-05-14", "last_sale": "2025-05-14"}}, {"type": "Feature", "geometry": {"type": "Point", "coordinates": [2.872972, 48.958637]}, "properties": {"id_parcelle": "77284000BP0016", "address": "15 AV GALLIENI", "sales": 5, "median_price": 145300.0, "median_price_per_sqm": 3364.583333333333, "median_rooms": 2.0, "first_sale": "2022-07-01", "last_sale": "2025-12-05"}}, {"type": "Feature", "geometry": {"type": "Point", "coordinates": [2.876964, 48.955682]}, "properties": {"id_parcelle": "77284000BO0109", "address": "23 RUE NEUVE", "sales": 5, "median_price": 77000.0, "median_price_per_sqm": 2121.92118226601, "median_rooms": 0.0, "first_sale": "2024-06-26", "last_sale": "2025-01-31"}}, {"type": "Feature", "geometry": {"type": "Point", "coordinates": [2.878612, 48.956649]}, "properties": {"id_parcelle": "77284000BO0083", "address": "10 PL DU MARCHE", "sales": 5, "median_price": 116000.0, "median_price_per_sqm": 2486.4864864864867, "median_rooms": 2.0, "first_sale": "2021-03-24", "last_sale": "2024-03-30"}}, {"type": "Feature", "geometry": {"type": "Point", "coordinates": [2.889427, 48.959045]}, "properties": {"id_parcelle": "77284000BC1247", "address": "26 RUE CROIX SAINT LOUP", "sales": 5, "median_price": 210000.0, "median_price_per_sqm": 2625.0, "median_rooms": 1.0, "first_sale": "2025-08-29", "last_sale": "2025-08-29"}}, {"type": "Feature", "geometry": {"type": "Point", "coordinates": [2.929824, 48.953366]}, "properties": {"id_parcelle": "77284000AP0103", "address": "6 RUE LOUIS FOURNIER", "sales": 5, "median_price": 400000.0, "median_price_per_sqm": 7843.137254901961, "median_rooms": 0.0, "first_sale": "2021-06-01", "last_sale": "2021-06-01"}}, {"type": "Feature", "geometry": {"type": "Point", "coordinates": [2.879585, 48.953961]}, "properties": {"id_parcelle": "77284000BN0059", "address": "41 RUE CORNILLON", "sales": 5, "median_price": 107805.0, "median_price_per_sqm": 1785.7142857142858, "median_rooms": 3.0, "first_sale": "2022-06-09", "last_sale": "2024-07-18"}}, {"type": "Feature", "geometry": {"type": "Point", "coordinates": [2.892316, 48.959333]}, "properties": {"id_parcelle": "77284000BC0389", "address": "36 RUE NOEFORT", "sales": 5, "median_price": 250180.0, "median_price_per_sqm": 2478.1018518518517, "median_rooms": 0.0, "first_sale": "2022-09-27", "last_sale": "2023-03-08"}}, {"type": "Feature", "geometry": {"type": "Point", "coordinates": [2.906148, 48.956322]}, "properties": {"id_parcelle": "77284000AK0011", "address": "16 AV DE LA VICTOIRE", "sales": 5, "median_price": 550000.0, "median_price_per_sqm": 5347.222222222223, "median_rooms": 0.0, "first_sale": "2023-09-01", "last_sale": "2023-09-01"}}, {"type": "Feature", "geometry": {"type": "Point", "coordinates": [2.88465, 48.959029]}, "properties": {"id_parcelle": "77284000BC0658", "address": "9 RUE DU FAUBOURG ST NICOLAS", "sales": 5, "median_price": 400000.0, "median_price_per_sqm": 11111.111111111111, "median_rooms": 2.0, "first_sale": "2021-07-13", "last_sale": "2021-07-13"}}, {"type": "Feature", "geometry": {"type": "Point", "coordinates": [2.888462, 48.959424]}, "properties": {"id_parcelle": "77284000BC0451", "address": "50 RUE JEAN JAURES", "sales": 5, "median_price": 410000.0, "median_price_per_sqm": 8541.666666666666, "median_rooms": 2.0, "first_sale": "2021-11-25", "last_sale": "2021-11-25"}}, {"type": "Feature", "geometry": {"type": "Point", "coordinates": [2.878061, 48.962258]}, "properties": {"id_parcelle": "77284000BW0300", "address": "2 RUE ALFRED MAURY", "sales": 5, "median_price": 275000.0, "median_price_per_sqm": 4159.166666666667, "median_rooms": 1.0, "first_sale": "2021-01-28", "last_sale": "2022-11-08"}}, {"type": "Feature", "geometry": {"type": "Point", "coordinates": [2.879351, 48.962211]}, "properties": {"id_parcelle": "77284000BW0451", "address": "21 BD JEAN ROSE", "sales": 5, "median_price": 400000.0, "median_price_per_sqm": 7843.137254901961, "median_rooms": 0.0, "first_sale": "2021-02-04", "last_sale": "2021-12-20"}}, {"type": "Feature", "geometry": {"type": "Point", "coordinates": [2.887462, 48.962318]}, "properties": {"id_parcelle": "77284000BC0113", "address": "36 RUE DES CORDELIERS", "sales": 5, "median_price": 147000.0, "median_price_per_sqm": 2882.3529411764707, "median_rooms": 0.0, "first_sale": "2022-04-05", "last_sale": "2022-04-05"}}, {"type": "Feature", "geometry": {"type": "Point", "coordinates": [2.917855, 48.958643]}, "properties": {"id_parcelle": "77284000AI0088", "address": "8 RUE GEORGES CLAUDE", "sales": 5, "median_price": 186300.0, "median_price_per_sqm": 3515.0943396226417, "median_rooms": 0.0, "first_sale": "2021-11-04", "last_sale": "2023-05-12"}}, {"type": "Feature", "geometry": {"type": "Point", "coordinates": [2.873806, 48.967558]}, "properties": {"id_parcelle": "77284000BV0510", "address": "30 RUE LOUIS BRAILLE", "sales": 4, "median_price": 169300.0, "median_price_per_sqm": 2251.2048192771085, "median_rooms": 1.5, "first_sale": "2023-12-27", "last_sale": "2025-10-20"}}, {"type": "Feature", "geometry": {"type": "Point", "coordinates": [2.882648, 48.965174]}, "properties": {"id_parcelle": "77284000BW0052", "address": "69 RUE SAINT FARON", "sales": 4, "median_price": 520000.0, "median_price_per_sqm": 4193.548387096775, "median_rooms": 3.5, "first_sale": "2024-10-17", "last_sale": "2024-10-17"}}, {"type": "Feature", "geometry": {"type": "Point", "coordinates": [2.877361, 48.960224]}, "properties": {"id_parcelle": "77284000BT0041", "address": "14 RUE SAINT REMY", "sales": 4, "median_price": 147500.0, "median_price_per_sqm": 2144.830659536542, "median_rooms": 2.5, "first_sale": "2022-09-12", "last_sale": "2025-07-31"}}, {"type": "Feature", "geometry": {"type": "Point", "coordinates": [2.880316, 48.959445]}, "properties": {"id_parcelle": "77284000BS0357", "address": "1 RUE DU GENERAL LECLERC", "sales": 4, "median_price": 206500.0, "median_price_per_sqm": 1599.9022960429897, "median_rooms": 2.0, "first_sale": "2021-01-14", "last_sale": "2023-10-06"}}, {"type": "Feature", "geometry": {"type": "Point", "coordinates": [2.880332, 48.959342]}, "properties": {"id_parcelle": "77284000BS0356", "address": "3 RUE SAINT CHRISTOPHE", "sales": 4, "median_price": 345000.0, "median_price_per_sqm": null, "median_rooms": null, "first_sale": "2025-03-14", "last_sale": "2025-03-14"}}, {"type": "Feature", "geometry": {"type": "Point", "coordinates": [2.879988, 48.959479]}, "properties": {"id_parcelle": "77284000BS0351", "address": "2 RUE SAINT CHRISTOPHE", "sales": 4, "median_price": 300000.0, "median_price_per_sqm": 4350.912778904665, "median_rooms": 1.0, "first_sale": "2023-08-24", "last_sale": "2023-08-24"}}, {"type": "Feature", "geometry": {"type": "Point", "coordinates": [2.929013, 48.957743]}, "properties": {"id_parcelle": "77284000AN0100", "address": "225 AV DE LA VICTOIRE", "sales": 4, "median_price": 2200000.0, "median_price_per_sqm": 10861.791237113403, "median_rooms": 0.0, "first_sale": "2022-12-29", "last_sale": "2022-12-29"}}, {"type": "Feature", "geometry": {"type": "Point", "coordinates": [2.877568, 48.961335]}, "properties": {"id_parcelle": "77284000BT0060", "address": "13 RUE BOSSUET", "sales": 4, "median_price": 830000.0, "median_price_per_sqm": 4414.893617021276, "median_rooms": 0.0, "first_sale": "2023-07-20", "last_sale": "2023-07-20"}}, {"type": "Feature", "geometry": {"type": "Point", "coordinates": [2.882982, 48.962088]}, "properties": {"id_parcelle": "77284000BW0181", "address": "11 RUE BARIGNY", "sales": 4, "median_price": 816200.0, "median_price_per_sqm": 4207.216494845361, "median_rooms": 3.5, "first_sale": "2025-07-28", "last_sale": "2025-07-28"}}, {"type": "Feature", "geometry": {"type": "Point", "coordinates": [2.887289, 48.95667]}, "properties": {"id_parcelle": "77284000BE0284", "address": "27 RUE DE LA COULOMMIERE", "sales": 4, "median_price": 180000.0, "median_price_per_sqm": 4558.333333333334, "median_rooms": 1.0, "first_sale": "2023-06-05", "last_sale": "2023-07-13"}}, {"type": "Feature", "geometry": {"type": "Point", "coordinates": [2.931008, 48.957981]}, "properties": {"id_parcelle": "77284000AN0105", "address": "261 AV DE LA VICTOIRE", "sales": 4, "median_price": 395000.0, "median_price_per_sqm": 2468.75, "median_rooms": 2.5, "first_sale": "2024-06-27", "last_sale": "2024-06-27"}}, {"type": "Feature", "geometry": {"type": "Point", "coordinates": [2.883323, 48.967237]}, "properties": {"id_parcelle": "77284000BX0447", "address": "3 RUE CAMILLE GUERIN", "sales": 4, "median_price": 242320.0, "median_price_per_sqm": 2633.913043478261, "median_rooms": 2.0, "first_sale": "2025-12-17", "last_sale": "2025-12-17"}}, {"type": "Feature", "geometry": {"type": "Point", "coordinates": [2.885435, 48.963434]}, "properties": {"id_parcelle": "77284000BW0103", "address": "4 RUE AMBROISE BULLY", "sales": 4, "median_price": 190235.0, "median_price_per_sqm": 2113.722222222222, "median_rooms": 3.0, "first_sale": "2023-10-16", "last_sale": "2025-02-17"}}, {"type": "Feature", "geometry": {"type": "Point", "coordinates": [2.888628, 48.958275]}, "properties": {"id_parcelle": "77284000BE0220", "address": "63 RUE DU FAUBOURG ST NICOLAS", "sales": 4, "median_price": 100000.0, "median_price_per_sqm": 3287.3376623376626, "median_rooms": 1.5, "first_sale": "2021-07-29", "last_sale": "2025-03-21"}}, {"type": "Feature", "geometry": {"type": "Point", "coordinates": [2.882957, 48.958307]}, "properties": {"id_parcelle": "77284000BD0292", "address": "9 CRS RAOULT", "sales": 4, "median_price": 1950000.0, "median_price_per_sqm": 19896.22641509434, "median_rooms": 0.0, "first_sale": "2021-11-10", "last_sale": "2021-11-10"}}, {"type": "Feature", "geometry": {"type": "Point", "coordinates": [2.883038, 48.958739]}, "properties": {"id_parcelle": "77284000BD0123", "address": "2 PL HENRI IV", "sales": 4, "median_price": 165000.0, "median_price_per_sqm": 6578.663793103448, "median_rooms": 0.0, "first_sale": "2025-10-28", "last_sale": "2025-10-28"}}, {"type": "Feature", "geometry": {"type": "Point", "coordinates": [2.902511, 48.969071]}, "properties": {"id_parcelle": "77284000AE0377", "address": "26 IMP DES CHAMPS", "sales": 4, "median_price": 375000.0, "median_price_per_sqm": 2952.755905511811, "median_rooms": 3.0, "first_sale": "2023-04-27", "last_sale": "2023-04-27"}}, {"type": "Feature", "geometry": {"type": "Point", "coordinates": [2.898512, 48.973706]}, "properties": {"id_parcelle": "77284000AC0699", "address": "33 RUE AUGUSTIN DAMOREAU", "sales": 4, "median_price": 333065.0, "median_price_per_sqm": 3297.6732673267325, "median_rooms": 2.0, "first_sale": "2024-04-26", "last_sale": "2024-04-26"}}, {"type": "Feature", "geometry": {"type": "Point", "coordinates": [2.905429, 48.960377]}, "properties": {"id_parcelle": "77284000AH0009", "address": "19 AV DE L EPINETTE", "sales": 4, "median_price": 1630000.0, "median_price_per_sqm": 844.3510490092112, "median_rooms": 0.0, "first_sale": "2021-10-29", "last_sale": "2021-10-29"}}, {"type": "Feature", "geometry": {"type": "Point", "coordinates": [2.935161, 48.956236]}, "properties": {"id_parcelle": "77284000AO0403", "address": "29 ALL DES TILLEULS", "sales": 4, "median_price": 320000.0, "median_price_per_sqm": 2560.0, "median_rooms": 3.5, "first_sale": "2025-03-04", "last_sale": "2025-03-04"}}, {"type": "Feature", "geometry": {"type": "Point", "coordinates": [2.879459, 48.959154]}, "properties": {"id_parcelle": "77284000BS0011", "address": "19 RUE DE LA CORDONNERIE", "sales": 4, "median_price": 265000.0, "median_price_per_sqm": 7571.428571428572, "median_rooms": 0.5, "first_sale": "2022-09-02", "last_sale": "2022-09-02"}}, {"type": "Feature", "geometry": {"type": "Point", "coordinates": [2.878746, 48.959699]}, "properties": {"id_parcelle": "77284000BR0189", "address": "15 RUE SAINT ETIENNE", "sales": 4, "median_price": 95000.0, "median_price_per_sqm": 2878.787878787879, "median_rooms": 1.0, "first_sale": "2021-10-05", "last_sale": "2021-10-05"}}, {"type": "Feature", "geometry": {"type": "Point", "coordinates": [2.88124, 48.960526]}, "properties": {"id_parcelle": "77284000BS0082", "address": "18 RUE TRONCHON", "sales": 4, "median_price": 720000.0, "median_price_per_sqm": 3428.5714285714284, "median_rooms": 0.0, "first_sale": "2021-08-04", "last_sale": "2021-08-04"}}, {"type": "Feature", "geometry": {"type": "Point", "coordinates": [2.882334, 48.959594]}, "properties": {"id_parcelle": "77284000BS0124", "address": "5 RUE DE L ARBALETE", "sales": 4, "median_price": 230000.0, "median_price_per_sqm": 12777.777777777777, "median_rooms": 1.0, "first_sale": "2023-06-15", "last_sale": "2023-06-15"}}, {"type": "Feature", "geometry": {"type": "Point", "coordinates": [2.882527, 48.959929]}, "properties": {"id_parcelle": "77284000BS0119", "address": "8 RUE DE L ARBALETE", "sales": 4, "median_price": 550000.0, "median_price_per_sqm": 6707.317073170731, "median_rooms": 2.0, "first_sale": "2021-03-09", "last_sale": "2021-03-09"}}, {"type": "Feature", "geometry": {"type": "Point", "coordinates": [2.879432, 48.958379]}, "properties": {"id_parcelle": "77284000BR0152", "address": "3 RUE ANTOINE CARRO", "sales": 4, "median_price": 435000.0, "median_price_per_sqm": 3385.381013529007, "median_rooms": 3.5, "first_sale": "2021-04-29", "last_sale": "2023-03-08"}}, {"type": "Feature", "geometry": {"type": "Point", "coordinates": [2.880042, 48.960968]}, "properties": {"id_parcelle": "77284000BS0092", "address": "18 RUE NOTRE DAME", "sales": 4, "median_price": 280000.0, "median_price_per_sqm": 13666.666666666668, "median_rooms": 1.0, "first_sale": "2023-02-07", "last_sale": "2023-02-07"}}, {"type": "Feature", "geometry": {"type": "Point", "coordinates": [2.899452, 48.973511]}, "properties": {"id_parcelle": "77284000CB0082", "address": "25 RUE DU BELVEDERE", "sales": 4, "median_price": 405000.0, "median_price_per_sqm": 3292.682926829268, "median_rooms": 3.0, "first_sale": "2023-04-12", "last_sale": "2023-04-12"}}, {"type": "Feature", "geometry": {"type": "Point", "coordinates": [2.891323, 48.957912]}, "properties": {"id_parcelle": "77284000BH0284", "address": "115 RUE DU FAUBOURG SAINT NICOLAS", "sales": 4, "median_price": 140500.0, "median_price_per_sqm": 3403.198653198653, "median_rooms": 1.0, "first_sale": "2025-09-29", "last_sale": "2025-11-14"}}, {"type": "Feature", "geometry": {"type": "Point", "coordinates": [2.890344, 48.957699]}, "properties": {"id_parcelle": "77284000BH0343", "address": "106 RUE DU FAUBOURG ST NICOLAS", "sales": 4, "median_price": 202000.0, "median_price_per_sqm": 4697.674418604651, "median_rooms": 0.5, "first_sale": "2024-08-27", "last_sale": "2024-08-27"}}, {"type": "Feature", "geometry": {"type": "Point", "coordinates": [2.890152, 48.957649]}, "properties": {"id_parcelle": "77284000BH0327", "address": "104 RUE DU FAUBOURG ST NICOLAS", "sales": 4, "median_price": 141250.0, "median_price_per_sqm": 3819.7441860465115, "median_rooms": 2.5, "first_sale": "2022-08-01", "last_sale": "2024-03-27"}}, {"type": "Feature", "geometry": {"type": "Point", "coordinates": [2.889498, 48.957852]}, "properties": {"id_parcelle": "77284000BH0159", "address": "88 RUE DU FAUBOURG ST NICOLAS", "sales": 4, "median_price": 120000.0, "median_price_per_sqm": 3290.165165165165, "median_rooms": 1.5, "first_sale": "2022-07-19", "last_sale": "2024-04-10"}}, {"type": "Feature", "geometry": {"type": "Point", "coordinates": [2.893086, 48.962425]}, "properties": {"id_parcelle": "77284000BC1319", "address": "24 RUE DE BONNEUIL", "sales": 4, "median_price": 266700.0, "median_price_per_sqm": 3653.4246575342468, "median_rooms": 2.5, "first_sale": "2021-12-01", "last_sale": "2021-12-01"}}, {"type": "Feature", "geometry": {"type": "Point", "coordinates": [2.925307, 48.95851]}, "properties": {"id_parcelle": "77284000CA0271", "address": "15 RUE LAVOISIER", "sales": 4, "median_price": 345425.0, "median_price_per_sqm": 2741.468253968254, "median_rooms": 3.5, "first_sale": "2022-12-16", "last_sale": "2022-12-16"}}, {"type": "Feature", "geometry": {"type": "Point", "coordinates": [2.922113, 48.958002]}, "properties": {"id_parcelle": "77284000CA0297", "address": "10 RUE JEAN JACQUES ROUSSEAU", "sales": 4, "median_price": 440000.0, "median_price_per_sqm": 3308.2706766917295, "median_rooms": 2.0, "first_sale": "2022-07-23", "last_sale": "2022-07-23"}}, {"type": "Feature", "geometry": {"type": "Point", "coordinates": [2.881209, 48.958436]}, "properties": {"id_parcelle": "77284000BS0222", "address": "32 RUE DU TAN", "sales": 4, "median_price": 140579.5, "median_price_per_sqm": 1955.060632183908, "median_rooms": 1.0, "first_sale": "2021-10-06", "last_sale": "2025-06-25"}}, {"type": "Feature", "geometry": {"type": "Point", "coordinates": [2.935082, 48.957804]}, "properties": {"id_parcelle": "77284000AO0029", "address": "303 AV DE LA VICTOIRE", "sales": 4, "median_price": 280000.0, "median_price_per_sqm": 2772.2772277227723, "median_rooms": 0.0, "first_sale": "2021-12-22", "last_sale": "2021-12-22"}}, {"type": "Feature", "geometry": {"type": "Point", "coordinates": [2.935772, 48.956144]}, "properties": {"id_parcelle": "77284000AO0113", "address": "37 ALL DES TILLEULS", "sales": 4, "median_price": 230000.0, "median_price_per_sqm": 3650.7936507936506, "median_rooms": 2.5, "first_sale": "2025-11-18", "last_sale": "2025-11-18"}}, {"type": "Feature", "geometry": {"type": "Point", "coordinates": [2.884573, 48.968234]}, "properties": {"id_parcelle": "77284000BX0083", "address": "19 RUE SAINT FIACRE", "sales": 4, "median_price": 150250.0, "median_price_per_sqm": 3005.0, "median_rooms": 1.0, "first_sale": "2025-03-03", "last_sale": "2025-07-29"}}, {"type": "Feature", "geometry": {"type": "Point", "coordinates": [2.885588, 48.963392]}, "properties": {"id_parcelle": "77284000BW0102", "address": "2 RUE AMBROISE BULLY", "sales": 4, "median_price": 182000.0, "median_price_per_sqm": 2700.0, "median_rooms": 3.0, "first_sale": "2021-03-31", "last_sale": "2024-10-25"}}, {"type": "Feature", "geometry": {"type": "Point", "coordinates": [2.880919, 48.964992]}, "properties": {"id_parcelle": "77284000BW0023", "address": "50 RUE DE CHAAGE", "sales": 4, "median_price": 155000.0, "median_price_per_sqm": 3495.9349593495936, "median_rooms": 1.0, "first_sale": "2022-01-21", "last_sale": "2022-02-18"}}, {"type": "Feature", "geometry": {"type": "Point", "coordinates": [2.932704, 48.956505]}, "properties": {"id_parcelle": "77284000AO0267", "address": "9 ALL DES TILLEULS", "sales": 4, "median_price": 350000.0, "median_price_per_sqm": 3684.2105263157896, "median_rooms": 0.0, "first_sale": "2021-12-16", "last_sale": "2021-12-16"}}, {"type": "Feature", "geometry": {"type": "Point", "coordinates": [2.880062, 48.960997]}, "properties": {"id_parcelle": "77284000BS0093", "address": "20 RUE NOTRE DAME", "sales": 4, "median_price": 230000.0, "median_price_per_sqm": 12138.888888888889, "median_rooms": 1.0, "first_sale": "2021-12-22", "last_sale": "2021-12-22"}}, {"type": "Feature", "geometry": {"type": "Point", "coordinates": [2.884573, 48.960644]}, "properties": {"id_parcelle": "77284000BC0687", "address": "4 IMP BEUVE", "sales": 4, "median_price": 610000.0, "median_price_per_sqm": 3630.9523809523807, "median_rooms": 3.5, "first_sale": "2021-12-17", "last_sale": "2021-12-17"}}, {"type": "Feature", "geometry": {"type": "Point", "coordinates": [2.889634, 48.958129]}, "properties": {"id_parcelle": "77284000BH0002", "address": "77 RUE DU FAUBOURG SAINT NICOLAS", "sales": 4, "median_price": 100000.0, "median_price_per_sqm": 3569.2307692307695, "median_rooms": 1.0, "first_sale": "2021-09-21", "last_sale": "2025-11-24"}}, {"type": "Feature", "geometry": {"type": "Point", "coordinates": [2.886167, 48.957701]}, "properties": {"id_parcelle": "77284000BE0422", "address": "23 RUE DE L ABREUVOIR", "sales": 4, "median_price": 270612.5, "median_price_per_sqm": 2896.6569434911917, "median_rooms": 2.0, "first_sale": "2021-06-16", "last_sale": "2025-03-28"}}, {"type": "Feature", "geometry": {"type": "Point", "coordinates": [2.888207, 48.958003]}, "properties": {"id_parcelle": "77284000BE0092", "address": "64 RUE DU FAUBOURG ST NICOLAS", "sales": 4, "median_price": 123000.0, "median_price_per_sqm": 3961.1111111111113, "median_rooms": 1.5, "first_sale": "2021-08-20", "last_sale": "2024-08-19"}}, {"type": "Feature", "geometry": {"type": "Point", "coordinates": [2.880167, 48.951988]}, "properties": {"id_parcelle": "77284000BN0018", "address": "9 RUE DE NANTEUIL", "sales": 4, "median_price": 150000.0, "median_price_per_sqm": 3191.4893617021276, "median_rooms": 1.5, "first_sale": "2025-10-07", "last_sale": "2025-10-07"}}, {"type": "Feature", "geometry": {"type": "Point", "coordinates": [2.880484, 48.951682]}, "properties": {"id_parcelle": "77284000BN0012", "address": "15 RUE DE NANTEUIL", "sales": 4, "median_price": 792000.0, "median_price_per_sqm": 3960.0, "median_rooms": 4.0, "first_sale": "2022-12-01", "last_sale": "2022-12-01"}}, {"type": "Feature", "geometry": {"type": "Point", "coordinates": [2.878917, 48.95906]}, "properties": {"id_parcelle": "77284000BR0085", "address": "24 RUE DE LA CORDONNERIE", "sales": 4, "median_price": 420000.0, "median_price_per_sqm": 9333.333333333334, "median_rooms": 2.0, "first_sale": "2021-09-07", "last_sale": "2021-09-07"}}, {"type": "Feature", "geometry": {"type": "Point", "coordinates": [2.878876, 48.958869]}, "properties": {"id_parcelle": "77284000BR0093", "address": "30 RUE DE LA CORDONNERIE", "sales": 4, "median_price": 98500.0, "median_price_per_sqm": 3888.8888888888887, "median_rooms": 1.0, "first_sale": "2021-08-05", "last_sale": "2025-10-14"}}, {"type": "Feature", "geometry": {"type": "Point", "coordinates": [2.884576, 48.953673]}, "properties": {"id_parcelle": "77284000BK0123", "address": "64 RUE DE LA CRECHE", "sales": 4, "median_price": 342250.0, "median_price_per_sqm": 7631.578947368421, "median_rooms": 3.0, "first_sale": "2021-04-14", "last_sale": "2023-09-28"}}, {"type": "Feature", "geometry": {"type": "Point", "coordinates": [2.879796, 48.954739]}, "properties": {"id_parcelle": "77284000BN0111", "address": "17 RUE CORNILLON", "sales": 4, "median_price": 162500.0, "median_price_per_sqm": 2954.5454545454545, "median_rooms": 0.0, "first_sale": "2022-12-19", "last_sale": "2022-12-22"}}, {"type": "Feature", "geometry": {"type": "Point", "coordinates": [2.880973, 48.953039]}, "properties": {"id_parcelle": "77284000BN0086", "address": "8 RUE DES FUSILIERS", "sales": 4, "median_price": 272376.0, "median_price_per_sqm": 4054.9821428571427, "median_rooms": 1.5, "first_sale": "2023-10-26", "last_sale": "2023-11-08"}}, {"type": "Feature", "geometry": {"type": "Point", "coordinates": [2.89863, 48.953152]}, "properties": {"id_parcelle": "77284000AY0047", "address": "24 CHE DU TOURNAY", "sales": 4, "median_price": 410000.0, "median_price_per_sqm": 2887.323943661972, "median_rooms": 2.5, "first_sale": "2023-02-10", "last_sale": "2023-02-10"}}, {"type": "Feature", "geometry": {"type": "Point", "coordinates": [2.888137, 48.959032]}, "properties": {"id_parcelle": "77284000BE0189", "address": "30 RUE JEAN JAURES", "sales": 4, "median_price": 84000.0, "median_price_per_sqm": 3302.083333333333, "median_rooms": 1.5, "first_sale": "2022-01-06", "last_sale": "2024-07-02"}}, {"type": "Feature", "geometry": {"type": "Point", "coordinates": [2.928958, 48.955056]}, "properties": {"id_parcelle": "77284000AP0222", "address": "11 RUE LOUIS FOURNIER", "sales": 4, "median_price": 250000.0, "median_price_per_sqm": 10904.471544715447, "median_rooms": 0.0, "first_sale": "2021-01-26", "last_sale": "2025-06-27"}}, {"type": "Feature", "geometry": {"type": "Point", "coordinates": [2.929526, 48.951205]}, "properties": {"id_parcelle": "77284000AP0073", "address": "45 ALL DES PLATANES", "sales": 4, "median_price": 280000.0, "median_price_per_sqm": 2700.0, "median_rooms": 1.0, "first_sale": "2023-10-11", "last_sale": "2023-10-11"}}, {"type": "Feature", "geometry": {"type": "Point", "coordinates": [2.880037, 48.956375]}, "properties": {"id_parcelle": "77284000BO0292", "address": "37 RUE DU COMMANDANT BERGE", "sales": 4, "median_price": 199500.0, "median_price_per_sqm": 3773.5888888888885, "median_rooms": 2.0, "first_sale": "2024-06-06", "last_sale": "2025-03-28"}}, {"type": "Feature", "geometry": {"type": "Point", "coordinates": [2.886592, 48.956789]}, "properties": {"id_parcelle": "77284000BE0267", "address": "40 RUE DE LA COULOMMIERE", "sales": 4, "median_price": 257000.0, "median_price_per_sqm": 7342.857142857143, "median_rooms": 1.0, "first_sale": "2022-07-27", "last_sale": "2022-07-27"}}, {"type": "Feature", "geometry": {"type": "Point", "coordinates": [2.928622, 48.955627]}, "properties": {"id_parcelle": "77284000AP0080", "address": "37 RUE PIERRE MENDES FRANCE", "sales": 4, "median_price": 469900.0, "median_price_per_sqm": 9857.097701149425, "median_rooms": 1.5, "first_sale": "2022-04-29", "last_sale": "2022-04-29"}}, {"type": "Feature", "geometry": {"type": "Point", "coordinates": [2.886897, 48.962452]}, "properties": {"id_parcelle": "77284000BC0089", "address": "29 AV DE LA REPUBLIQUE", "sales": 4, "median_price": 565000.0, "median_price_per_sqm": 2173.076923076923, "median_rooms": 0.0, "first_sale": "2022-07-01", "last_sale": "2022-07-01"}}, {"type": "Feature", "geometry": {"type": "Point", "coordinates": [2.894574, 48.958259]}, "properties": {"id_parcelle": "77284000BC1015", "address": "9 AV DU MARECHAL JOFFRE", "sales": 4, "median_price": 160500.0, "median_price_per_sqm": 3617.6020408163267, "median_rooms": 1.0, "first_sale": "2021-11-02", "last_sale": "2022-06-07"}}, {"type": "Feature", "geometry": {"type": "Point", "coordinates": [2.888374, 48.959757]}, "properties": {"id_parcelle": "77284000BC0538", "address": "56 RUE JEAN JAURES", "sales": 4, "median_price": 120500.0, "median_price_per_sqm": 3716.165413533835, "median_rooms": 1.0, "first_sale": "2025-03-27", "last_sale": "2025-07-10"}}, {"type": "Feature", "geometry": {"type": "Point", "coordinates": [2.877497, 48.950444]}, "properties": {"id_parcelle": "77284000BM0052", "address": "10 RUE SAINT RIGOMER", "sales": 4, "median_price": 7000.0, "median_price_per_sqm": null, "median_rooms": null, "first_sale": "2023-02-04", "last_sale": "2023-06-03"}}, {"type": "Feature", "geometry": {"type": "Point", "coordinates": [2.879029, 48.943986]}, "properties": {"id_parcelle": "77284000BL0046", "address": "100 RUE FRANCOIS DE TESSAN", "sales": 4, "median_price": 270000.0, "median_price_per_sqm": 3487.5, "median_rooms": 3.5, "first_sale": "2025-07-15", "last_sale": "2025-07-15"}}, {"type": "Feature", "geometry": {"type": "Point", "coordinates": [2.877785, 48.945846]}, "properties": {"id_parcelle": "77284000BL0307", "address": "12 IMP DU CLOS", "sales": 4, "median_price": 533050.0, "median_price_per_sqm": 3862.68115942029, "median_rooms": 3.0, "first_sale": "2024-08-26", "last_sale": "2024-08-26"}}, {"type": "Feature", "geometry": {"type": "Point", "coordinates": [2.886546, 48.96105]}, "properties": {"id_parcelle": "77284000BC0626", "address": "20 RUE DES CORDELIERS", "sales": 4, "median_price": 360000.0, "median_price_per_sqm": 6933.333333333334, "median_rooms": 2.5, "first_sale": "2025-11-05", "last_sale": "2025-11-05"}}, {"type": "Feature", "geometry": {"type": "Point", "coordinates": [2.887096, 48.960803]}, "properties": {"id_parcelle": "77284000BC0624", "address": "6 RUE DES PRES", "sales": 4, "median_price": 627200.0, "median_price_per_sqm": 3484.4444444444443, "median_rooms": 3.0, "first_sale": "2023-06-26", "last_sale": "2023-06-26"}}, {"type": "Feature", "geometry": {"type": "Point", "coordinates": [2.890081, 48.959597]}, "properties": {"id_parcelle": "77284000BC0467", "address": "41 RUE CROIX SAINT LOUP", "sales": 4, "median_price": 340000.0, "median_price_per_sqm": 11333.333333333334, "median_rooms": 2.0, "first_sale": "2023-08-04", "last_sale": "2023-08-04"}}, {"type": "Feature", "geometry": {"type": "Point", "coordinates": [2.886904, 48.962881]}, "properties": {"id_parcelle": "77284000BC0092", "address": "39 RUE DES CORDELIERS", "sales": 4, "median_price": 470000.0, "median_price_per_sqm": 3357.1428571428573, "median_rooms": 3.0, "first_sale": "2022-07-08", "last_sale": "2022-07-08"}}, {"type": "Feature", "geometry": {"type": "Point", "coordinates": [2.886992, 48.963341]}, "properties": {"id_parcelle": "77284000BC0098", "address": "47 RUE DES CORDELIERS", "sales": 4, "median_price": 111500.0, "median_price_per_sqm": 3596.7741935483873, "median_rooms": 0.5, "first_sale": "2023-08-29", "last_sale": "2024-02-28"}}, {"type": "Feature", "geometry": {"type": "Point", "coordinates": [2.898681, 48.973174]}, "properties": {"id_parcelle": "77284000CB0276", "address": "5 IMP DU BELVEDERE", "sales": 4, "median_price": 470000.0, "median_price_per_sqm": 2611.1111111111113, "median_rooms": 3.0, "first_sale": "2025-11-06", "last_sale": "2025-11-06"}}, {"type": "Feature", "geometry": {"type": "Point", "coordinates": [2.898971, 48.973139]}, "properties": {"id_parcelle": "77284000CB0277", "address": "3 IMP DU BELVEDERE", "sales": 4, "median_price": 507000.0, "median_price_per_sqm": 2913.793103448276, "median_rooms": 2.5, "first_sale": "2022-11-21", "last_sale": "2022-11-21"}}, {"type": "Feature", "geometry": {"type": "Point", "coordinates": [2.902478, 48.972758]}, "properties": {"id_parcelle": "77284000CB0118", "address": "5 RUE DES VIEUX POIRIERS", "sales": 4, "median_price": 362000.0, "median_price_per_sqm": 3094.017094017094, "median_rooms": 2.5, "first_sale": "2023-09-28", "last_sale": "2023-09-28"}}, {"type": "Feature", "geometry": {"type": "Point", "coordinates": [2.899805, 48.97224]}, "properties": {"id_parcelle": "77284000CB0141", "address": "11 RUE DES HAUTS DE CHANTEREINE", "sales": 4, "median_price": 332900.0, "median_price_per_sqm": 2465.925925925926, "median_rooms": 3.0, "first_sale": "2025-03-27", "last_sale": "2025-03-27"}}, {"type": "Feature", "geometry": {"type": "Point", "coordinates": [2.89977, 48.971819]}, "properties": {"id_parcelle": "77284000CB0142", "address": "13 RUE DES HAUTS DE CHANTEREINE", "sales": 4, "median_price": 500000.0, "median_price_per_sqm": 2450.9803921568628, "median_rooms": 3.5, "first_sale": "2021-07-27", "last_sale": "2021-07-27"}}, {"type": "Feature", "geometry": {"type": "Point", "coordinates": [2.883817, 48.961422]}, "properties": {"id_parcelle": "77284000BW0433", "address": "13 RUE GAMBETTA", "sales": 4, "median_price": 760000.0, "median_price_per_sqm": 3454.5454545454545, "median_rooms": 3.0, "first_sale": "2024-05-03", "last_sale": "2024-05-03"}}, {"type": "Feature", "geometry": {"type": "Point", "coordinates": [2.9029, 48.97421]}, "properties": {"id_parcelle": "77284000CB0302", "address": "18 RUE DU GENERAL J MAUNOURY", "sales": 4, "median_price": 395000.0, "median_price_per_sqm": 2801.418439716312, "median_rooms": 2.5, "first_sale": "2025-07-31", "last_sale": "2025-07-31"}}, {"type": "Feature", "geometry": {"type": "Point", "coordinates": [2.882557, 48.962797]}, "properties": {"id_parcelle": "77284000BW0205", "address": "30 RUE SAINT FARON", "sales": 4, "median_price": 420000.0, "median_price_per_sqm": 3206.1068702290077, "median_rooms": 3.5, "first_sale": "2025-09-23", "last_sale": "2025-09-23"}}, {"type": "Feature", "geometry": {"type": "Point", "coordinates": [2.882644, 48.963203]}, "properties": {"id_parcelle": "77284000BW0209", "address": "38 RUE SAINT FARON", "sales": 4, "median_price": 771300.0, "median_price_per_sqm": 9196.26923076923, "median_rooms": 3.0, "first_sale": "2025-05-23", "last_sale": "2025-05-23"}}, {"type": "Feature", "geometry": {"type": "Point", "coordinates": [2.883313, 48.963236]}, "properties": {"id_parcelle": "77284000BW0210", "address": "4 AV DE LA REPUBLIQUE", "sales": 4, "median_price": 630000.0, "median_price_per_sqm": 3014.354066985646, "median_rooms": 0.0, "first_sale": "2025-05-26", "last_sale": "2025-05-26"}}, {"type": "Feature", "geometry": {"type": "Point", "coordinates": [2.877193, 48.968291]}, "properties": {"id_parcelle": "77284000AB0016", "address": "91 AV CLEMENCEAU", "sales": 4, "median_price": 350900.0, "median_price_per_sqm": 2471.1267605633802, "median_rooms": 2.5, "first_sale": "2021-07-01", "last_sale": "2021-07-01"}}, {"type": "Feature", "geometry": {"type": "Point", "coordinates": [2.896482, 48.951426]}, "properties": {"id_parcelle": "77284000BI0123", "address": "23 RUE DU PIERRIS", "sales": 3, "median_price": 295000.0, "median_price_per_sqm": 2629.0336647479508, "median_rooms": 5.0, "first_sale": "2021-10-08", "last_sale": "2023-12-29"}}, {"type": "Feature", "geometry": {"type": "Point", "coordinates": [2.879948, 48.957093]}, "properties": {"id_parcelle": "77284000BO0344", "address": "10 QUAI SADI CARNOT", "sales": 3, "median_price": 157500.0, "median_price_per_sqm": 2727.2727272727275, "median_rooms": 2.0, "first_sale": "2021-02-01", "last_sale": "2025-03-28"}}, {"type": "Feature", "geometry": {"type": "Point", "coordinates": [2.877362, 48.955719]}, "properties": {"id_parcelle": "77284000BO0114", "address": "17 RUE NEUVE", "sales": 3, "median_price": 279000.0, "median_price_per_sqm": 5580.0, "median_rooms": 2.0, "first_sale": "2022-02-21", "last_sale": "2022-02-21"}}, {"type": "Feature", "geometry": {"type": "Point", "coordinates": [2.87745, 48.955286]}, "properties": {"id_parcelle": "77284000BO0150", "address": "24 RUE JABLINOT", "sales": 3, "median_price": 171000.0, "median_price_per_sqm": 4126.84124386252, "median_rooms": 1.0, "first_sale": "2022-04-26", "last_sale": "2025-10-06"}}, {"type": "Feature", "geometry": {"type": "Point", "coordinates": [2.877841, 48.956408]}, "properties": {"id_parcelle": "77284000BO0245", "address": "15 RUE JEAN BUREAU", "sales": 3, "median_price": 340000.0, "median_price_per_sqm": 5964.912280701755, "median_rooms": 0.0, "first_sale": "2023-07-05", "last_sale": "2023-07-05"}}, {"type": "Feature", "geometry": {"type": "Point", "coordinates": [2.88888, 48.957472]}, "properties": {"id_parcelle": "77284000BE0078", "address": "11 RUE DE LA SABLONNIERE", "sales": 3, "median_price": 390000.0, "median_price_per_sqm": 7800.0, "median_rooms": 2.0, "first_sale": "2022-10-24", "last_sale": "2022-10-24"}}, {"type": "Feature", "geometry": {"type": "Point", "coordinates": [2.882167, 48.96377]}, "properties": {"id_parcelle": "77284000BW0498", "address": "39 RUE SAINT FARON", "sales": 3, "median_price": 131000.0, "median_price_per_sqm": 4870.37037037037, "median_rooms": 1.0, "first_sale": "2023-01-23", "last_sale": "2023-12-05"}}, {"type": "Feature", "geometry": {"type": "Point", "coordinates": [2.932092, 48.951528]}, "properties": {"id_parcelle": "77284000AP0071", "address": "13 RUE CHARLES TELLIER", "sales": 3, "median_price": 560000.0, "median_price_per_sqm": 4175.438596491228, "median_rooms": 0.0, "first_sale": "2021-06-08", "last_sale": "2021-06-08"}}, {"type": "Feature", "geometry": {"type": "Point", "coordinates": [2.892264, 48.960992]}, "properties": {"id_parcelle": "77284000BC1008", "address": "4 RUE DE BONNEUIL", "sales": 3, "median_price": 360000.0, "median_price_per_sqm": 3600.0, "median_rooms": 0.0, "first_sale": "2021-11-17", "last_sale": "2021-11-17"}}, {"type": "Feature", "geometry": {"type": "Point", "coordinates": [2.891024, 48.958039]}, "properties": {"id_parcelle": "77284000BH0021", "address": "109 RUE DU FAUBOURG SAINT NICOLAS", "sales": 3, "median_price": 128000.0, "median_price_per_sqm": null, "median_rooms": null, "first_sale": "2024-04-22", "last_sale": "2025-10-03"}}, {"type": "Feature", "geometry": {"type": "Point", "coordinates": [2.894308, 48.957793]}, "properties": {"id_parcelle": "77284000BH0246", "address": "1 AV DU MARECHAL JOFFRE", "sales": 3, "median_price": 103000.0, "median_price_per_sqm": 2651.1627906976746, "median_rooms": 2.0, "first_sale": "2021-02-10", "last_sale": "2024-11-22"}}, {"type": "Feature", "geometry": {"type": "Point", "coordinates": [2.885847, 48.96362]}, "properties": {"id_parcelle": "77284000BW0490", "address": "57 RUE GAMBETTA", "sales": 3, "median_price": 493000.0, "median_price_per_sqm": 3792.3076923076924, "median_rooms": 0.0, "first_sale": "2025-07-09", "last_sale": "2025-07-09"}}, {"type": "Feature", "geometry": {"type": "Point", "coordinates": [2.886751, 48.961253]}, "properties": {"id_parcelle": "77284000BC0613", "address": "22 RUE DES CORDELIERS", "sales": 3, "median_price": 15300.0, "median_price_per_sqm": 6000.0, "median_rooms": 0.0, "first_sale": "2021-03-19", "last_sale": "2024-04-27"}}, {"type": "Feature", "geometry": {"type": "Point", "coordinates": [2.88475, 48.963649]}, "properties": {"id_parcelle": "77284000BW0427", "address": "17 RUE DE LA PAIX", "sales": 3, "median_price": 14500.0, "median_price_per_sqm": null, "median_rooms": 0.0, "first_sale": "2021-09-27", "last_sale": "2024-01-12"}}, {"type": "Feature", "geometry": {"type": "Point", "coordinates": [2.886745, 48.957742]}, "properties": {"id_parcelle": "77284000BE0123", "address": "10 RUE DE LA COULOMMIERE", "sales": 3, "median_price": 169000.0, "median_price_per_sqm": 4349.731663685152, "median_rooms": 1.0, "first_sale": "2021-05-10", "last_sale": "2025-03-31"}}, {"type": "Feature", "geometry": {"type": "Point", "coordinates": [2.883889, 48.953264]}, "properties": {"id_parcelle": "77284000BK0247", "address": "5 AV DU MARECHAL FOCH", "sales": 3, "median_price": 166000.0, "median_price_per_sqm": null, "median_rooms": null, "first_sale": "2022-09-12", "last_sale": "2023-04-05"}}, {"type": "Feature", "geometry": {"type": "Point", "coordinates": [2.896183, 48.950396]}, "properties": {"id_parcelle": "77284000AX0174", "address": "8 RUE DU PIERRIS", "sales": 3, "median_price": 151000.0, "median_price_per_sqm": 2220.5882352941176, "median_rooms": 0.0, "first_sale": "2022-04-15", "last_sale": "2024-03-29"}}, {"type": "Feature", "geometry": {"type": "Point", "coordinates": [2.885738, 48.962876]}, "properties": {"id_parcelle": "77284000BC0082", "address": "15 AV DE LA REPUBLIQUE", "sales": 3, "median_price": 637000.0, "median_price_per_sqm": 5790.909090909091, "median_rooms": 0.0, "first_sale": "2021-07-09", "last_sale": "2021-07-09"}}, {"type": "Feature", "geometry": {"type": "Point", "coordinates": [2.873296, 48.959597]}, "properties": {"id_parcelle": "77284000BP0026", "address": "7 CRS PINTEVILLE", "sales": 3, "median_price": 107000.0, "median_price_per_sqm": 3357.6923076923076, "median_rooms": 1.0, "first_sale": "2024-06-26", "last_sale": "2024-12-21"}}, {"type": "Feature", "geometry": {"type": "Point", "coordinates": [2.891644, 48.962837]}, "properties": {"id_parcelle": "77284000BC0171", "address": "122 RUE JEAN JAURES", "sales": 3, "median_price": 410000.0, "median_price_per_sqm": 3796.296296296296, "median_rooms": 7.0, "first_sale": "2021-01-14", "last_sale": "2021-03-25"}}, {"type": "Feature", "geometry": {"type": "Point", "coordinates": [2.929144, 48.953678]}, "properties": {"id_parcelle": "77284000AP0286", "address": "3 RUE LOUIS FOURNIER", "sales": 3, "median_price": 870000.0, "median_price_per_sqm": 2612.612612612613, "median_rooms": 0.0, "first_sale": "2022-07-21", "last_sale": "2022-07-21"}}, {"type": "Feature", "geometry": {"type": "Point", "coordinates": [2.888159, 48.958419]}, "properties": {"id_parcelle": "77284000BE0204", "address": "43 RUE DU FAUBOURG ST NICOLAS", "sales": 3, "median_price": 430000.0, "median_price_per_sqm": 12285.714285714286, "median_rooms": 2.0, "first_sale": "2022-10-10", "last_sale": "2022-10-10"}}, {"type": "Feature", "geometry": {"type": "Point", "coordinates": [2.889625, 48.957814]}, "properties": {"id_parcelle": "77284000BH0156", "address": "92 RUE DU FAUBOURG ST NICOLAS", "sales": 3, "median_price": 142000.0, "median_price_per_sqm": 3550.0, "median_rooms": 0.0, "first_sale": "2022-04-04", "last_sale": "2022-04-04"}}, {"type": "Feature", "geometry": {"type": "Point", "coordinates": [2.889204, 48.958156]}, "properties": {"id_parcelle": "77284000BE0281", "address": "73 RUE DU FAUBOURG ST NICOLAS", "sales": 3, "median_price": 250000.0, "median_price_per_sqm": 3571.4285714285716, "median_rooms": 3.0, "first_sale": "2022-08-29", "last_sale": "2022-08-29"}}, {"type": "Feature", "geometry": {"type": "Point", "coordinates": [2.888997, 48.96107]}, "properties": {"id_parcelle": "77284000BC1114", "address": "79 RUE JEAN JAURES", "sales": 3, "median_price": 378500.0, "median_price_per_sqm": 2803.703703703704, "median_rooms": 0.0, "first_sale": "2021-10-28", "last_sale": "2021-10-28"}}, {"type": "Feature", "geometry": {"type": "Point", "coordinates": [2.881353, 48.965649]}, "properties": {"id_parcelle": "77284000BW0401", "address": "66 RUE DE CHAAGE", "sales": 3, "median_price": 280000.0, "median_price_per_sqm": 3146.067415730337, "median_rooms": 4.0, "first_sale": "2021-07-26", "last_sale": "2024-02-28"}}, {"type": "Feature", "geometry": {"type": "Point", "coordinates": [2.880156, 48.958579]}, "properties": {"id_parcelle": "77284000BS0306", "address": "29 RUE DU GRAND CERF", "sales": 3, "median_price": 290000.0, "median_price_per_sqm": 6170.212765957447, "median_rooms": 2.0, "first_sale": "2024-02-29", "last_sale": "2024-02-29"}}, {"type": "Feature", "geometry": {"type": "Point", "coordinates": [2.878347, 48.948567]}, "properties": {"id_parcelle": "77284000BM0069", "address": "21 RUE GEORGES RENARD", "sales": 3, "median_price": 253000.0, "median_price_per_sqm": 1807.142857142857, "median_rooms": 0.0, "first_sale": "2025-09-17", "last_sale": "2025-09-17"}}, {"type": "Feature", "geometry": {"type": "Point", "coordinates": [2.87869, 48.951924]}, "properties": {"id_parcelle": "77284000BM0039", "address": "9 RUE TERFAUX", "sales": 3, "median_price": 122000.0, "median_price_per_sqm": 2711.1111111111113, "median_rooms": 0.0, "first_sale": "2021-09-17", "last_sale": "2021-09-17"}}, {"type": "Feature", "geometry": {"type": "Point", "coordinates": [2.879838, 48.957169]}, "properties": {"id_parcelle": "77284000BO0009", "address": "3 RUE DU COMMANDANT BERGE", "sales": 3, "median_price": 270000.0, "median_price_per_sqm": 4826.612903225807, "median_rooms": 0.0, "first_sale": "2021-11-30", "last_sale": "2021-11-30"}}, {"type": "Feature", "geometry": {"type": "Point", "coordinates": [2.879973, 48.955585]}, "properties": {"id_parcelle": "77284000BO0051", "address": "67 RUE DU COMMANDANT BERGE", "sales": 3, "median_price": 260000.0, "median_price_per_sqm": 2725.8064516129034, "median_rooms": 0.0, "first_sale": "2021-07-08", "last_sale": "2024-01-22"}}, {"type": "Feature", "geometry": {"type": "Point", "coordinates": [2.881186, 48.958384]}, "properties": {"id_parcelle": "77284000BS0223", "address": "34 RUE DU TAN", "sales": 3, "median_price": 57200.0, "median_price_per_sqm": 2476.904761904762, "median_rooms": 2.0, "first_sale": "2023-06-22", "last_sale": "2024-07-24"}}, {"type": "Feature", "geometry": {"type": "Point", "coordinates": [2.880145, 48.951665]}, "properties": {"id_parcelle": "77284000BN0082", "address": "17 RUE DE NANTEUIL", "sales": 3, "median_price": 74000.0, "median_price_per_sqm": 2466.6666666666665, "median_rooms": 1.0, "first_sale": "2024-07-23", "last_sale": "2025-10-15"}}, {"type": "Feature", "geometry": {"type": "Point", "coordinates": [2.87931, 48.956858]}, "properties": {"id_parcelle": "77284000BO0072", "address": "7 RUE DE LA HALLE", "sales": 3, "median_price": 124000.0, "median_price_per_sqm": 3625.0, "median_rooms": 2.0, "first_sale": "2022-11-17", "last_sale": "2025-10-13"}}, {"type": "Feature", "geometry": {"type": "Point", "coordinates": [2.88184, 48.959097]}, "properties": {"id_parcelle": "77284000BS0190", "address": "9 RUE DU GENERAL LECLERC", "sales": 3, "median_price": 142950.0, "median_price_per_sqm": 2382.5, "median_rooms": 2.0, "first_sale": "2021-05-19", "last_sale": "2024-11-27"}}, {"type": "Feature", "geometry": {"type": "Point", "coordinates": [2.90953, 48.950528]}, "properties": {"id_parcelle": "77284000AS0394", "address": "AV DE LA CONCORDE", "sales": 3, "median_price": 275000.0, "median_price_per_sqm": null, "median_rooms": null, "first_sale": "2022-10-04", "last_sale": "2023-07-21"}}, {"type": "Feature", "geometry": {"type": "Point", "coordinates": [2.9235, 48.952421]}, "properties": {"id_parcelle": "77284000AM0192", "address": "7 RUE GABRIEL BACQUIER", "sales": 3, "median_price": 325500.0, "median_price_per_sqm": 2646.3414634146343, "median_rooms": 0.0, "first_sale": "2025-11-25", "last_sale": "2025-11-25"}}, {"type": "Feature", "geometry": {"type": "Point", "coordinates": [2.892964, 48.955231]}, "properties": {"id_parcelle": "77284000AY0103", "address": "81 RUE DE FUBLAINES", "sales": 3, "median_price": 233500.0, "median_price_per_sqm": null, "median_rooms": 0.0, "first_sale": "2022-08-10", "last_sale": "2022-08-10"}}, {"type": "Feature", "geometry": {"type": "Point", "coordinates": [2.874727, 48.961708]}, "properties": {"id_parcelle": "77284000BV0003", "address": "43 CRS PINTEVILLE", "sales": 3, "median_price": 540000.0, "median_price_per_sqm": 2621.359223300971, "median_rooms": 0.0, "first_sale": "2022-03-02", "last_sale": "2022-03-02"}}, {"type": "Feature", "geometry": {"type": "Point", "coordinates": [2.895676, 48.957704]}, "properties": {"id_parcelle": "77284000AZ0146", "address": "AV DU PRESIDENT ROOSEVELT", "sales": 3, "median_price": 210000.0, "median_price_per_sqm": null, "median_rooms": null, "first_sale": "2023-04-24", "last_sale": "2023-06-27"}}, {"type": "Feature", "geometry": {"type": "Point", "coordinates": [2.892583, 48.960297]}, "properties": {"id_parcelle": "77284000BC0322", "address": "70 RUE CROIX SAINT LOUP PROLONGEE", "sales": 3, "median_price": 148000.0, "median_price_per_sqm": 1897.4358974358975, "median_rooms": 0.0, "first_sale": "2024-05-31", "last_sale": "2024-05-31"}}, {"type": "Feature", "geometry": {"type": "Point", "coordinates": [2.879277, 48.961404]}, "properties": {"id_parcelle": "77284000BT0071", "address": "12 IMP MACIET", "sales": 3, "median_price": 800000.0, "median_price_per_sqm": 7163.947163947164, "median_rooms": 3.0, "first_sale": "2023-08-17", "last_sale": "2023-08-17"}}, {"type": "Feature", "geometry": {"type": "Point", "coordinates": [2.87969, 48.961375]}, "properties": {"id_parcelle": "77284000BT0073", "address": "6 IMP MACIET", "sales": 3, "median_price": 180000.0, "median_price_per_sqm": 3157.8947368421054, "median_rooms": 0.0, "first_sale": "2021-12-22", "last_sale": "2021-12-22"}}, {"type": "Feature", "geometry": {"type": "Point", "coordinates": [2.892464, 48.95858]}, "properties": {"id_parcelle": "77284000BC0379", "address": "18 RUE NOEFORT", "sales": 3, "median_price": 211000.0, "median_price_per_sqm": null, "median_rooms": null, "first_sale": "2022-11-08", "last_sale": "2025-03-14"}}, {"type": "Feature", "geometry": {"type": "Point", "coordinates": [2.883836, 48.962064]}, "properties": {"id_parcelle": "77284000BW0157", "address": "5 RUE PAUL BERT", "sales": 3, "median_price": 330000.0, "median_price_per_sqm": 3173.076923076923, "median_rooms": 0.0, "first_sale": "2025-10-21", "last_sale": "2025-10-21"}}, {"type": "Feature", "geometry": {"type": "Point", "coordinates": [2.890471, 48.96115]}, "properties": {"id_parcelle": "77284000BC0195", "address": "77 AV DE LA REPUBLIQUE", "sales": 3, "median_price": 250000.0, "median_price_per_sqm": 7142.857142857143, "median_rooms": 2.0, "first_sale": "2021-12-17", "last_sale": "2021-12-17"}}, {"type": "Feature", "geometry": {"type": "Point", "coordinates": [2.885296, 48.955261]}, "properties": {"id_parcelle": "77284000BD0064", "address": "36 RUE DE LA CRECHE", "sales": 3, "median_price": 183000.0, "median_price_per_sqm": 3050.0, "median_rooms": 0.0, "first_sale": "2021-06-22", "last_sale": "2021-06-24"}}, {"type": "Feature", "geometry": {"type": "Point", "coordinates": [2.884475, 48.962828]}, "properties": {"id_parcelle": "77284000BW0167", "address": "12 AV DE LA REPUBLIQUE", "sales": 3, "median_price": 583350.0, "median_price_per_sqm": 3600.925925925926, "median_rooms": 0.0, "first_sale": "2022-09-29", "last_sale": "2022-09-29"}}, {"type": "Feature", "geometry": {"type": "Point", "coordinates": [2.890958, 48.96088]}, "properties": {"id_parcelle": "77284000BC0200", "address": "83 AV DE LA REPUBLIQUE", "sales": 3, "median_price": 324675.0, "median_price_per_sqm": 5863.583591331269, "median_rooms": 0.0, "first_sale": "2021-12-17", "last_sale": "2021-12-17"}}, {"type": "Feature", "geometry": {"type": "Point", "coordinates": [2.875473, 48.959919]}, "properties": {"id_parcelle": "77284000BT0121", "address": "58 RUE SAINT REMY", "sales": 3, "median_price": 219850.0, "median_price_per_sqm": 3256.0390295358648, "median_rooms": 3.0, "first_sale": "2021-07-07", "last_sale": "2022-04-20"}}, {"type": "Feature", "geometry": {"type": "Point", "coordinates": [2.899107, 48.956811]}, "properties": {"id_parcelle": "77284000AY0207", "address": "36 AV DU PRESIDENT ROOSEVELT", "sales": 3, "median_price": 275000.0, "median_price_per_sqm": 2500.0, "median_rooms": 0.0, "first_sale": "2022-02-24", "last_sale": "2022-02-24"}}, {"type": "Feature", "geometry": {"type": "Point", "coordinates": [2.875883, 48.964451]}, "properties": {"id_parcelle": "77284000BV0028", "address": "27 AV CLEMENCEAU", "sales": 3, "median_price": 305000.0, "median_price_per_sqm": 4295.774647887324, "median_rooms": 0.0, "first_sale": "2025-07-04", "last_sale": "2025-07-04"}}, {"type": "Feature", "geometry": {"type": "Point", "coordinates": [2.879906, 48.958749]}, "properties": {"id_parcelle": "77284000BS0041", "address": "30 RUE DU GRAND CERF", "sales": 3, "median_price": 69000.0, "median_price_per_sqm": 2653.846153846154, "median_rooms": 1.0, "first_sale": "2021-07-28", "last_sale": "2024-11-22"}}, {"type": "Feature", "geometry": {"type": "Point", "coordinates": [2.925706, 48.956565]}, "properties": {"id_parcelle": "77284000AN0165", "address": "212 AV DE LA VICTOIRE", "sales": 3, "median_price": 275000.0, "median_price_per_sqm": 5456.349206349207, "median_rooms": 3.0, "first_sale": "2024-10-11", "last_sale": "2024-10-11"}}, {"type": "Feature", "geometry": {"type": "Point", "coordinates": [2.882617, 48.956862]}, "properties": {"id_parcelle": "77284000BD0274", "address": "9 QUAI JACQUES PREVERT", "sales": 3, "median_price": 317400.0, "median_price_per_sqm": 4289.189189189189, "median_rooms": 0.0, "first_sale": "2025-11-07", "last_sale": "2025-11-13"}}, {"type": "Feature", "geometry": {"type": "Point", "coordinates": [2.918132, 48.964017]}, "properties": {"id_parcelle": "77284000AE0199", "address": "6 RUE THOMAS EDISON", "sales": 3, "median_price": 810000.0, "median_price_per_sqm": 790.2627070245574, "median_rooms": 0.0, "first_sale": "2025-12-31", "last_sale": "2025-12-31"}}, {"type": "Feature", "geometry": {"type": "Point", "coordinates": [2.885787, 48.956404]}, "properties": {"id_parcelle": "77284000BE0001", "address": "18 AV DU PDT SALVADOR ALLENDE", "sales": 3, "median_price": 283000.0, "median_price_per_sqm": 2197.5729002968396, "median_rooms": 2.0, "first_sale": "2022-05-18", "last_sale": "2024-09-11"}}, {"type": "Feature", "geometry": {"type": "Point", "coordinates": [2.910422, 48.963326]}, "properties": {"id_parcelle": "77284000AE0687", "address": "23 RUE AMPERE", "sales": 3, "median_price": 1610000.0, "median_price_per_sqm": 4014.9625935162094, "median_rooms": 0.0, "first_sale": "2025-12-10", "last_sale": "2025-12-10"}}, {"type": "Feature", "geometry": {"type": "Point", "coordinates": [2.879182, 48.958683]}, "properties": {"id_parcelle": "77284000BR0098", "address": "15 RUE DARNETAL", "sales": 3, "median_price": 190000.0, "median_price_per_sqm": 3666.6666666666665, "median_rooms": 0.0, "first_sale": "2021-04-16", "last_sale": "2025-07-24"}}, {"type": "Feature", "geometry": {"type": "Point", "coordinates": [2.877227, 48.95987]}, "properties": {"id_parcelle": "77284000BR0029", "address": "1 RUE DES VIEUX MOULINS", "sales": 3, "median_price": 75000.0, "median_price_per_sqm": 5071.428571428571, "median_rooms": 1.0, "first_sale": "2021-03-16", "last_sale": "2024-03-22"}}, {"type": "Feature", "geometry": {"type": "Point", "coordinates": [2.876305, 48.955608]}, "properties": {"id_parcelle": "77284000BO0371", "address": "20 RUE DE LA GRANDE ILE", "sales": 3, "median_price": 309400.0, "median_price_per_sqm": 4270.5623306233065, "median_rooms": 2.0, "first_sale": "2022-10-07", "last_sale": "2023-09-28"}}, {"type": "Feature", "geometry": {"type": "Point", "coordinates": [2.88853, 48.958001]}, "properties": {"id_parcelle": "77284000BE0089", "address": "68 RUE DU FAUBOURG ST NICOLAS", "sales": 3, "median_price": 165000.0, "median_price_per_sqm": 3000.0, "median_rooms": 0.0, "first_sale": "2021-09-03", "last_sale": "2021-09-03"}}, {"type": "Feature", "geometry": {"type": "Point", "coordinates": [2.881902, 48.958613]}, "properties": {"id_parcelle": "77284000BS0178", "address": "17 RUE DU TAN", "sales": 3, "median_price": 125000.0, "median_price_per_sqm": 2777.777777777778, "median_rooms": 0.0, "first_sale": "2025-01-31", "last_sale": "2025-01-31"}}, {"type": "Feature", "geometry": {"type": "Point", "coordinates": [2.879823, 48.958724]}, "properties": {"id_parcelle": "77284000BS0040", "address": "4 RUE DARNETAL", "sales": 3, "median_price": 106000.0, "median_price_per_sqm": 3925.925925925926, "median_rooms": 0.0, "first_sale": "2021-09-30", "last_sale": "2021-09-30"}}, {"type": "Feature", "geometry": {"type": "Point", "coordinates": [2.887997, 48.958395]}, "properties": {"id_parcelle": "77284000BE0347", "address": "43 RUE DU FAUBOURG ST NICOLAS", "sales": 3, "median_price": 168000.0, "median_price_per_sqm": null, "median_rooms": null, "first_sale": "2022-10-07", "last_sale": "2023-02-15"}}, {"type": "Feature", "geometry": {"type": "Point", "coordinates": [2.881361, 48.959641]}, "properties": {"id_parcelle": "77284000BS0140", "address": "28 RUE DU GENERAL LECLERC", "sales": 3, "median_price": 400000.0, "median_price_per_sqm": 8000.0, "median_rooms": 2.0, "first_sale": "2021-09-08", "last_sale": "2021-09-08"}}, {"type": "Feature", "geometry": {"type": "Point", "coordinates": [2.908155, 48.958474]}, "properties": {"id_parcelle": "77284000AH0060", "address": "11 RUE DES BUTTES BLANCHES", "sales": 3, "median_price": 350000.0, "median_price_per_sqm": 2439.2583120204604, "median_rooms": 0.0, "first_sale": "2021-08-12", "last_sale": "2021-08-12"}}, {"type": "Feature", "geometry": {"type": "Point", "coordinates": [2.885894, 48.958329]}, "properties": {"id_parcelle": "77284000BD0153", "address": "4 RUE DE LA CRECHE", "sales": 3, "median_price": 50000.0, "median_price_per_sqm": 1724.1379310344828, "median_rooms": 0.0, "first_sale": "2025-11-07", "last_sale": "2025-11-07"}}, {"type": "Feature", "geometry": {"type": "Point", "coordinates": [2.888406, 48.958441]}, "properties": {"id_parcelle": "77284000BE0211", "address": "55 RUE DU FAUBOURG ST NICOLAS", "sales": 3, "median_price": 168000.0, "median_price_per_sqm": null, "median_rooms": null, "first_sale": "2022-09-30", "last_sale": "2023-02-15"}}, {"type": "Feature", "geometry": {"type": "Point", "coordinates": [2.886902, 48.957411]}, "properties": {"id_parcelle": "77284000BE0235", "address": "22 RUE DE LA COULOMMIERE", "sales": 3, "median_price": 299250.0, "median_price_per_sqm": 9975.0, "median_rooms": 2.0, "first_sale": "2021-05-11", "last_sale": "2021-05-11"}}, {"type": "Feature", "geometry": {"type": "Point", "coordinates": [2.885262, 48.958492]}, "properties": {"id_parcelle": "77284000BD0141", "address": "10 RUE DU FAUBOURG ST NICOLAS", "sales": 3, "median_price": 95000.0, "median_price_per_sqm": 3392.8571428571427, "median_rooms": 1.0, "first_sale": "2021-09-17", "last_sale": "2023-08-02"}}, {"type": "Feature", "geometry": {"type": "Point", "coordinates": [2.881732, 48.958433]}, "properties": {"id_parcelle": "77284000BS0175", "address": "27 RUE DU TAN", "sales": 3, "median_price": 137000.0, "median_price_per_sqm": 2140.625, "median_rooms": 0.0, "first_sale": "2023-05-17", "last_sale": "2023-05-17"}}, {"type": "Feature", "geometry": {"type": "Point", "coordinates": [2.878002, 48.949017]}, "properties": {"id_parcelle": "77284000BM0062", "address": "18 RUE GEORGES RENARD", "sales": 3, "median_price": 300000.0, "median_price_per_sqm": 3947.3684210526317, "median_rooms": 4.0, "first_sale": "2021-04-29", "last_sale": "2021-04-29"}}, {"type": "Feature", "geometry": {"type": "Point", "coordinates": [2.88678, 48.959881]}, "properties": {"id_parcelle": "77284000BC1311", "address": "17 RUE FATOU", "sales": 3, "median_price": 385000.0, "median_price_per_sqm": 3645.8333333333335, "median_rooms": 5.0, "first_sale": "2021-04-23", "last_sale": "2022-03-11"}}, {"type": "Feature", "geometry": {"type": "Point", "coordinates": [2.891346, 48.960031]}, "properties": {"id_parcelle": "77284000BC0853", "address": "61 RUE CROIX SAINT LOUP", "sales": 3, "median_price": 355000.0, "median_price_per_sqm": 8452.380952380952, "median_rooms": 2.0, "first_sale": "2021-01-05", "last_sale": "2021-01-05"}}, {"type": "Feature", "geometry": {"type": "Point", "coordinates": [2.888747, 48.96383]}, "properties": {"id_parcelle": "77284000BC1263", "address": "9 RUE DES MOINES", "sales": 3, "median_price": 296000.0, "median_price_per_sqm": 2551.7241379310344, "median_rooms": 0.0, "first_sale": "2021-05-31", "last_sale": "2021-05-31"}}, {"type": "Feature", "geometry": {"type": "Point", "coordinates": [2.886637, 48.956898]}, "properties": {"id_parcelle": "77284000BE0019", "address": "40 RUE DE LA COULOMMIERE", "sales": 3, "median_price": 257000.0, "median_price_per_sqm": null, "median_rooms": null, "first_sale": "2022-07-27", "last_sale": "2025-03-31"}}, {"type": "Feature", "geometry": {"type": "Point", "coordinates": [2.90794, 48.955943]}, "properties": {"id_parcelle": "77284000AK0219", "address": "15 CHE DE BEAUVAL", "sales": 3, "median_price": 310000.0, "median_price_per_sqm": 2384.6153846153848, "median_rooms": 0.0, "first_sale": "2024-06-28", "last_sale": "2024-06-28"}}, {"type": "Feature", "geometry": {"type": "Point", "coordinates": [2.896651, 48.969773]}, "properties": {"id_parcelle": "77284000AC0732", "address": "148 CR DIT DE LA JUSTICE", "sales": 3, "median_price": 260000.0, "median_price_per_sqm": 3308.457711442786, "median_rooms": 2.0, "first_sale": "2024-04-19", "last_sale": "2024-10-02"}}, {"type": "Feature", "geometry": {"type": "Point", "coordinates": [2.879299, 48.963416]}, "properties": {"id_parcelle": "77284000BW0314", "address": "17 RUE DE CHAAGE", "sales": 3, "median_price": 85000.0, "median_price_per_sqm": 1545.4545454545455, "median_rooms": 0.0, "first_sale": "2023-09-15", "last_sale": "2023-09-15"}}, {"type": "Feature", "geometry": {"type": "Point", "coordinates": [2.897798, 48.968337]}, "properties": {"id_parcelle": "77284000AC0657", "address": "13 RUE DU DOCTEUR GRAVERRY", "sales": 3, "median_price": 542150.0, "median_price_per_sqm": 4673.706896551724, "median_rooms": 0.0, "first_sale": "2025-10-28", "last_sale": "2025-10-28"}}, {"type": "Feature", "geometry": {"type": "Point", "coordinates": [2.891041, 48.957684]}, "properties": {"id_parcelle": "77284000BH0128", "address": "132 RUE DU FAUBOURG ST NICOLAS", "sales": 3, "median_price": 275000.0, "median_price_per_sqm": 5500.0, "median_rooms": 1.0, "first_sale": "2021-05-27", "last_sale": "2021-05-27"}}, {"type": "Feature", "geometry": {"type": "Point", "coordinates": [2.921389, 48.959805]}, "properties": {"id_parcelle": "77284000CA0415", "address": "49 RUE JEAN JACQUES ROUSSEAU", "sales": 3, "median_price": 335000.0, "median_price_per_sqm": 2863.2478632478633, "median_rooms": 0.0, "first_sale": "2025-06-19", "last_sale": "2025-06-19"}}, {"type": "Feature", "geometry": {"type": "Point", "coordinates": [2.880007, 48.955505]}, "properties": {"id_parcelle": "77284000BO0284", "address": "71 RUE DU COMMANDANT BERGE", "sales": 3, "median_price": 125000.0, "median_price_per_sqm": 4032.2580645161293, "median_rooms": 1.0, "first_sale": "2022-09-14", "last_sale": "2025-01-24"}}, {"type": "Feature", "geometry": {"type": "Point", "coordinates": [2.921456, 48.95876]}, "properties": {"id_parcelle": "77284000CA0410", "address": "25 RUE JEAN JACQUES ROUSSEAU", "sales": 3, "median_price": 143500.0, "median_price_per_sqm": 4100.0, "median_rooms": 0.0, "first_sale": "2023-02-17", "last_sale": "2023-02-17"}}, {"type": "Feature", "geometry": {"type": "Point", "coordinates": [2.880185, 48.958653]}, "properties": {"id_parcelle": "77284000BS0304", "address": "25 RUE DU GRAND CERF", "sales": 2, "median_price": 82000.0, "median_price_per_sqm": 3665.0, "median_rooms": 1.0, "first_sale": "2021-01-14", "last_sale": "2024-09-05"}}, {"type": "Feature", "geometry": {"type": "Point", "coordinates": [2.876267, 48.965585]}, "properties": {"id_parcelle": "77284000BV0041", "address": "45 AV CLEMENCEAU", "sales": 2, "median_price": 357040.0, "median_price_per_sqm": 2975.3333333333335, "median_rooms": 2.0, "first_sale": "2025-10-22", "last_sale": "2025-10-22"}}, {"type": "Feature", "geometry": {"type": "Point", "coordinates": [2.880054, 48.960799]}, "properties": {"id_parcelle": "77284000BS0090", "address": "16 RUE NOTRE DAME", "sales": 2, "median_price": 159250.0, "median_price_per_sqm": 2895.4545454545455, "median_rooms": 2.0, "first_sale": "2021-06-15", "last_sale": "2025-12-03"}}, {"type": "Feature", "geometry": {"type": "Point", "coordinates": [2.880952, 48.95879]}, "properties": {"id_parcelle": "77284000BS0300", "address": "8 RUE SAUVE DELANOUE", "sales": 2, "median_price": 73758.0, "median_price_per_sqm": null, "median_rooms": null, "first_sale": "2021-11-19", "last_sale": "2024-03-01"}}, {"type": "Feature", "geometry": {"type": "Point", "coordinates": [2.877245, 48.962322]}, "properties": {"id_parcelle": "77284000BV0166", "address": "9 BD JEAN ROSE", "sales": 2, "median_price": 465000.0, "median_price_per_sqm": 1937.5, "median_rooms": 2.5, "first_sale": "2022-09-15", "last_sale": "2022-09-15"}}, {"type": "Feature", "geometry": {"type": "Point", "coordinates": [2.880434, 48.959471]}, "properties": {"id_parcelle": "77284000BS0050", "address": "43 RUE DU GENERAL LECLERC", "sales": 2, "median_price": 107000.0, "median_price_per_sqm": 3057.1428571428573, "median_rooms": 0.5, "first_sale": "2021-07-28", "last_sale": "2021-07-28"}}, {"type": "Feature", "geometry": {"type": "Point", "coordinates": [2.877759, 48.96724]}, "properties": {"id_parcelle": "77284000BV0080", "address": "32 AV CLEMENCEAU", "sales": 2, "median_price": 400000.0, "median_price_per_sqm": 3738.3177570093458, "median_rooms": 5.0, "first_sale": "2021-09-23", "last_sale": "2021-09-23"}}, {"type": "Feature", "geometry": {"type": "Point", "coordinates": [2.880164, 48.95972]}, "properties": {"id_parcelle": "77284000BS0055", "address": "52 RUE DU GENERAL LECLERC", "sales": 2, "median_price": 171500.0, "median_price_per_sqm": 2546.1711711711714, "median_rooms": 1.5, "first_sale": "2023-04-13", "last_sale": "2023-10-31"}}, {"type": "Feature", "geometry": {"type": "Point", "coordinates": [2.88063, 48.959654]}, "properties": {"id_parcelle": "77284000BS0072", "address": "1 RUE DE LONGPERRIER", "sales": 2, "median_price": 125000.0, "median_price_per_sqm": 3204.5454545454545, "median_rooms": 2.5, "first_sale": "2021-09-16", "last_sale": "2024-02-06"}}, {"type": "Feature", "geometry": {"type": "Point", "coordinates": [2.87975, 48.960109]}, "properties": {"id_parcelle": "77284000BS0064", "address": "11 RUE ROCHARD", "sales": 2, "median_price": 141000.0, "median_price_per_sqm": 3710.5263157894738, "median_rooms": 1.0, "first_sale": "2022-10-20", "last_sale": "2022-10-20"}}, {"type": "Feature", "geometry": {"type": "Point", "coordinates": [2.879245, 48.966548]}, "properties": {"id_parcelle": "77284000BV0093", "address": "69 RUE ALFRED MAURY", "sales": 2, "median_price": 275000.0, "median_price_per_sqm": 3571.4285714285716, "median_rooms": 1.5, "first_sale": "2024-09-02", "last_sale": "2024-09-02"}}, {"type": "Feature", "geometry": {"type": "Point", "coordinates": [2.881471, 48.959171]}, "properties": {"id_parcelle": "77284000BS0195", "address": "19 RUE DU GENERAL LECLERC", "sales": 2, "median_price": 595000.0, "median_price_per_sqm": 2808.641975308642, "median_rooms": 0.0, "first_sale": "2024-09-30", "last_sale": "2024-09-30"}}, {"type": "Feature", "geometry": {"type": "Point", "coordinates": [2.877511, 48.965897]}, "properties": {"id_parcelle": "77284000BV0118", "address": "8 RUE JEANNE D ARC", "sales": 2, "median_price": 383000.0, "median_price_per_sqm": 2321.212121212121, "median_rooms": 3.0, "first_sale": "2022-02-11", "last_sale": "2022-02-11"}}, {"type": "Feature", "geometry": {"type": "Point", "coordinates": [2.879003, 48.966481]}, "properties": {"id_parcelle": "77284000BV0097", "address": "67 RUE ALFRED MAURY", "sales": 2, "median_price": 374000.0, "median_price_per_sqm": 4921.0526315789475, "median_rooms": 6.0, "first_sale": "2021-04-12", "last_sale": "2021-04-12"}}, {"type": "Feature", "geometry": {"type": "Point", "coordinates": [2.880255, 48.960013]}, "properties": {"id_parcelle": "77284000BS0066", "address": "1 RUE ROCHARD", "sales": 2, "median_price": 168000.0, "median_price_per_sqm": 2947.3684210526317, "median_rooms": 1.0, "first_sale": "2022-09-29", "last_sale": "2022-09-29"}}, {"type": "Feature", "geometry": {"type": "Point", "coordinates": [2.87831, 48.9666]}, "properties": {"id_parcelle": "77284000BV0111", "address": "14 RUE JEANNE D ARC", "sales": 2, "median_price": 460000.0, "median_price_per_sqm": null, "median_rooms": null, "first_sale": "2024-09-12", "last_sale": "2025-03-28"}}, {"type": "Feature", "geometry": {"type": "Point", "coordinates": [2.881828, 48.958989]}, "properties": {"id_parcelle": "77284000BS0189", "address": "2 IMP DU TAN", "sales": 2, "median_price": 150000.0, "median_price_per_sqm": 3571.4285714285716, "median_rooms": 3.0, "first_sale": "2021-11-18", "last_sale": "2023-11-24"}}, {"type": "Feature", "geometry": {"type": "Point", "coordinates": [2.918079, 48.948276]}, "properties": {"id_parcelle": "77284000AR0093", "address": "30 RUE BELA BARTOK", "sales": 2, "median_price": 290000.0, "median_price_per_sqm": 3295.4545454545455, "median_rooms": 2.5, "first_sale": "2023-12-13", "last_sale": "2023-12-13"}}, {"type": "Feature", "geometry": {"type": "Point", "coordinates": [2.88994, 48.961527]}, "properties": {"id_parcelle": "77284000BC1110", "address": "92 RUE JEAN JAURES", "sales": 2, "median_price": 292000.0, "median_price_per_sqm": 2584.070796460177, "median_rooms": 1.5, "first_sale": "2024-07-02", "last_sale": "2024-07-02"}}, {"type": "Feature", "geometry": {"type": "Point", "coordinates": [2.893388, 48.957269]}, "properties": {"id_parcelle": "77284000BH0250", "address": "198 RUE DU FAUBOURG ST NICOLAS", "sales": 2, "median_price": 188000.0, "median_price_per_sqm": 3916.6666666666665, "median_rooms": 1.5, "first_sale": "2024-09-13", "last_sale": "2024-09-13"}}, {"type": "Feature", "geometry": {"type": "Point", "coordinates": [2.889744, 48.958258]}, "properties": {"id_parcelle": "77284000BH0307", "address": "81 RUE DU FAUBOURG ST NICOLAS", "sales": 2, "median_price": 132500.0, "median_price_per_sqm": 3577.6487663280113, "median_rooms": 2.0, "first_sale": "2022-01-12", "last_sale": "2022-07-21"}}, {"type": "Feature", "geometry": {"type": "Point", "coordinates": [2.893748, 48.957758]}, "properties": {"id_parcelle": "77284000BH0347", "address": "147 RUE DU FAUBOURG ST NICOLAS", "sales": 2, "median_price": 210500.0, "median_price_per_sqm": null, "median_rooms": 0.0, "first_sale": "2021-01-29", "last_sale": "2025-01-31"}}, {"type": "Feature", "geometry": {"type": "Point", "coordinates": [2.892583, 48.961907]}, "properties": {"id_parcelle": "77284000BC1103", "address": "16 RUE DE BONNEUIL", "sales": 2, "median_price": 287000.0, "median_price_per_sqm": 3679.4871794871797, "median_rooms": 2.0, "first_sale": "2021-08-26", "last_sale": "2021-08-26"}}, {"type": "Feature", "geometry": {"type": "Point", "coordinates": [2.893486, 48.957774]}, "properties": {"id_parcelle": "77284000BH0348", "address": "147 RUE DU FAUBOURG ST NICOLAS", "sales": 2, "median_price": 210500.0, "median_price_per_sqm": 2338.8888888888887, "median_rooms": 3.0, "first_sale": "2021-01-29", "last_sale": "2025-01-31"}}, {"type": "Feature", "geometry": {"type": "Point", "coordinates": [2.887198, 48.957707]}, "properties": {"id_parcelle": "77284000BE0103", "address": "7 RUE DE LA COULOMMIERE", "sales": 2, "median_price": 387500.0, "median_price_per_sqm": 3283.898305084746, "median_rooms": 4.0, "first_sale": "2021-11-18", "last_sale": "2025-07-22"}}, {"type": "Feature", "geometry": {"type": "Point", "coordinates": [2.909783, 48.955584]}, "properties": {"id_parcelle": "77284000AK0241", "address": "32 AV DE LA VICTOIRE", "sales": 2, "median_price": 120000.0, "median_price_per_sqm": null, "median_rooms": null, "first_sale": "2023-02-01", "last_sale": "2025-01-07"}}, {"type": "Feature", "geometry": {"type": "Point", "coordinates": [2.886703, 48.957889]}, "properties": {"id_parcelle": "77284000BE0122", "address": "6 RUE DE LA COULOMMIERE", "sales": 2, "median_price": 308000.0, "median_price_per_sqm": 2701.754385964912, "median_rooms": 4.0, "first_sale": "2021-01-23", "last_sale": "2021-01-23"}}, {"type": "Feature", "geometry": {"type": "Point", "coordinates": [2.926689, 48.959402]}, "properties": {"id_parcelle": "77284000CA0293", "address": "34 RUE LAVOISIER", "sales": 2, "median_price": 246000.0, "median_price_per_sqm": 5125.0, "median_rooms": 3.0, "first_sale": "2021-01-28", "last_sale": "2021-01-28"}}, {"type": "Feature", "geometry": {"type": "Point", "coordinates": [2.883648, 48.956142]}, "properties": {"id_parcelle": "77284000BD0271", "address": "10 RUE ARISTIDE BRIAND", "sales": 2, "median_price": 252000.0, "median_price_per_sqm": 2423.0769230769233, "median_rooms": 0.0, "first_sale": "2021-08-26", "last_sale": "2022-10-28"}}, {"type": "Feature", "geometry": {"type": "Point", "coordinates": [2.886509, 48.958598]}, "properties": {"id_parcelle": "77284000BE0135", "address": "27 RUE DU FAUBOURG ST NICOLAS", "sales": 2, "median_price": 279000.0, "median_price_per_sqm": 6888.888888888889, "median_rooms": 3.0, "first_sale": "2022-10-24", "last_sale": "2022-10-24"}}, {"type": "Feature", "geometry": {"type": "Point", "coordinates": [2.882837, 48.955076]}, "properties": {"id_parcelle": "77284000BD0262", "address": "4 ALL JACQUES PREVERT", "sales": 2, "median_price": 202250.0, "median_price_per_sqm": 3111.5384615384614, "median_rooms": 1.5, "first_sale": "2023-06-20", "last_sale": "2023-06-20"}}, {"type": "Feature", "geometry": {"type": "Point", "coordinates": [2.929295, 48.956874]}, "properties": {"id_parcelle": "77284000AN0901", "address": "242 AV DE LA VICTOIRE", "sales": 2, "median_price": 145000.0, "median_price_per_sqm": 4833.333333333333, "median_rooms": 1.0, "first_sale": "2022-04-02", "last_sale": "2022-04-02"}}, {"type": "Feature", "geometry": {"type": "Point", "coordinates": [2.876876, 48.966205]}, "properties": {"id_parcelle": "77284000BV0271", "address": "22 AV CLEMENCEAU", "sales": 2, "median_price": 443000.0, "median_price_per_sqm": 3885.964912280702, "median_rooms": 2.5, "first_sale": "2022-01-18", "last_sale": "2022-01-18"}}, {"type": "Feature", "geometry": {"type": "Point", "coordinates": [2.923285, 48.957571]}, "properties": {"id_parcelle": "77284000AN0881", "address": "173 AV DE LA VICTOIRE", "sales": 2, "median_price": 423423.6, "median_price_per_sqm": 2117.118, "median_rooms": 9.0, "first_sale": "2022-05-13", "last_sale": "2022-05-13"}}, {"type": "Feature", "geometry": {"type": "Point", "coordinates": [2.93588, 48.958368]}, "properties": {"id_parcelle": "77284000AO0019", "address": "15 RTE DE POINCY", "sales": 2, "median_price": 170000.0, "median_price_per_sqm": 3207.5471698113206, "median_rooms": 4.0, "first_sale": "2025-05-19", "last_sale": "2025-05-19"}}, {"type": "Feature", "geometry": {"type": "Point", "coordinates": [2.923167, 48.955726]}, "properties": {"id_parcelle": "77284000AN0857", "address": "12 RUE MOLIERE", "sales": 2, "median_price": 224000.0, "median_price_per_sqm": 2408.6021505376343, "median_rooms": 3.0, "first_sale": "2021-03-02", "last_sale": "2021-03-02"}}, {"type": "Feature", "geometry": {"type": "Point", "coordinates": [2.933946, 48.955635]}, "properties": {"id_parcelle": "77284000AO0464", "address": "28 ALL DES TILLEULS", "sales": 2, "median_price": 480000.0, "median_price_per_sqm": 4173.913043478261, "median_rooms": 6.0, "first_sale": "2022-06-14", "last_sale": "2022-06-14"}}, {"type": "Feature", "geometry": {"type": "Point", "coordinates": [2.923177, 48.95594]}, "properties": {"id_parcelle": "77284000AN0849", "address": "10 RUE MOLIERE", "sales": 2, "median_price": 382000.0, "median_price_per_sqm": 3472.7272727272725, "median_rooms": 5.0, "first_sale": "2023-01-27", "last_sale": "2023-01-27"}}, {"type": "Feature", "geometry": {"type": "Point", "coordinates": [2.934083, 48.955622]}, "properties": {"id_parcelle": "77284000AO0465", "address": "32 ALL DES TILLEULS", "sales": 2, "median_price": 480000.0, "median_price_per_sqm": 13333.333333333334, "median_rooms": 1.0, "first_sale": "2022-06-14", "last_sale": "2022-06-14"}}, {"type": "Feature", "geometry": {"type": "Point", "coordinates": [2.936842, 48.958705]}, "properties": {"id_parcelle": "77284000AO0053", "address": "22 RTE DE POINCY", "sales": 2, "median_price": 260000.0, "median_price_per_sqm": 3561.6438356164385, "median_rooms": 2.0, "first_sale": "2025-07-04", "last_sale": "2025-07-04"}}, {"type": "Feature", "geometry": {"type": "Point", "coordinates": [2.934303, 48.95576]}, "properties": {"id_parcelle": "77284000AO0125", "address": "34 ALL DES TILLEULS", "sales": 2, "median_price": 323400.0, "median_price_per_sqm": 4042.5, "median_rooms": 3.0, "first_sale": "2021-07-23", "last_sale": "2021-07-23"}}, {"type": "Feature", "geometry": {"type": "Point", "coordinates": [2.931833, 48.955914]}, "properties": {"id_parcelle": "77284000AO0142", "address": "13 ALL DES PLATANES", "sales": 2, "median_price": 316500.0, "median_price_per_sqm": 2511.904761904762, "median_rooms": 6.0, "first_sale": "2021-07-09", "last_sale": "2021-07-09"}}, {"type": "Feature", "geometry": {"type": "Point", "coordinates": [2.874954, 48.964392]}, "properties": {"id_parcelle": "77284000BV0319", "address": "AV CLEMENCEAU", "sales": 2, "median_price": 376750.0, "median_price_per_sqm": null, "median_rooms": null, "first_sale": "2021-02-26", "last_sale": "2025-05-15"}}, {"type": "Feature", "geometry": {"type": "Point", "coordinates": [2.919265, 48.956496]}, "properties": {"id_parcelle": "77284000AN0845", "address": "5 RUE DE LA CAVE AUX HERONS", "sales": 2, "median_price": 125000.0, "median_price_per_sqm": 516.4939375465691, "median_rooms": 0.0, "first_sale": "2022-05-03", "last_sale": "2022-05-03"}}, {"type": "Feature", "geometry": {"type": "Point", "coordinates": [2.933199, 48.955482]}, "properties": {"id_parcelle": "77284000AO0222", "address": "19 ALL DES CYPRES", "sales": 2, "median_price": 350000.0, "median_price_per_sqm": 2755.9055118110236, "median_rooms": 2.5, "first_sale": "2023-01-23", "last_sale": "2023-01-23"}}, {"type": "Feature", "geometry": {"type": "Point", "coordinates": [2.880063, 48.960701]}, "properties": {"id_parcelle": "77284000BS0089", "address": "16 RUE NOTRE DAME", "sales": 2, "median_price": 620000.0, "median_price_per_sqm": 2695.6521739130435, "median_rooms": 4.0, "first_sale": "2023-11-17", "last_sale": "2023-11-17"}}, {"type": "Feature", "geometry": {"type": "Point", "coordinates": [2.880622, 48.959979]}, "properties": {"id_parcelle": "77284000BS0077", "address": "10 RUE TRONCHON", "sales": 2, "median_price": 170000.0, "median_price_per_sqm": 3333.3333333333335, "median_rooms": 1.0, "first_sale": "2024-10-25", "last_sale": "2024-10-25"}}, {"type": "Feature", "geometry": {"type": "Point", "coordinates": [2.929556, 48.956886]}, "properties": {"id_parcelle": "77284000AN0906", "address": "246 AV DE LA VICTOIRE", "sales": 2, "median_price": 140000.0, "median_price_per_sqm": 2592.5925925925926, "median_rooms": 2.0, "first_sale": "2024-08-22", "last_sale": "2024-08-22"}}, {"type": "Feature", "geometry": {"type": "Point", "coordinates": [2.933464, 48.955412]}, "properties": {"id_parcelle": "77284000AO0223", "address": "21 ALL DES CYPRES", "sales": 2, "median_price": 317500.0, "median_price_per_sqm": 2737.0689655172414, "median_rooms": 3.0, "first_sale": "2024-10-01", "last_sale": "2024-10-01"}}, {"type": "Feature", "geometry": {"type": "Point", "coordinates": [2.878169, 48.97519]}, "properties": {"id_parcelle": "77284000AC0387", "address": "PRAIRIE DE SAINT-FARON", "sales": 2, "median_price": 1199000.0, "median_price_per_sqm": null, "median_rooms": null, "first_sale": "2024-07-04", "last_sale": "2024-07-04"}}, {"type": "Feature", "geometry": {"type": "Point", "coordinates": [2.913212, 48.951284]}, "properties": {"id_parcelle": "77284000BZ0251", "address": "1 ALL DES BRUYERES", "sales": 2, "median_price": 866202.5, "median_price_per_sqm": null, "median_rooms": null, "first_sale": "2022-06-24", "last_sale": "2023-10-27"}}, {"type": "Feature", "geometry": {"type": "Point", "coordinates": [2.913415, 48.951342]}, "properties": {"id_parcelle": "77284000BZ0246", "address": "1 ALL DES BALSAMINES", "sales": 2, "median_price": 866202.5, "median_price_per_sqm": null, "median_rooms": null, "first_sale": "2022-06-24", "last_sale": "2023-10-27"}}, {"type": "Feature", "geometry": {"type": "Point", "coordinates": [2.901921, 48.971317]}, "properties": {"id_parcelle": "77284000AC0909", "address": "45 RTE DE VARREDDES", "sales": 2, "median_price": 385000.0, "median_price_per_sqm": 4812.5, "median_rooms": 5.0, "first_sale": "2025-10-06", "last_sale": "2025-10-06"}}, {"type": "Feature", "geometry": {"type": "Point", "coordinates": [2.901365, 48.973014]}, "properties": {"id_parcelle": "77284000CB0114", "address": "13 RUE DES VIEUX POIRIERS", "sales": 2, "median_price": 310000.0, "median_price_per_sqm": 3563.2183908045977, "median_rooms": 5.0, "first_sale": "2022-01-18", "last_sale": "2022-01-18"}}, {"type": "Feature", "geometry": {"type": "Point", "coordinates": [2.900055, 48.975603]}, "properties": {"id_parcelle": "77284000CB0247", "address": "44 RUE DU GENERAL J MAUNOURY", "sales": 2, "median_price": 371000.0, "median_price_per_sqm": 3283.1858407079644, "median_rooms": 2.5, "first_sale": "2023-01-24", "last_sale": "2023-01-24"}}, {"type": "Feature", "geometry": {"type": "Point", "coordinates": [2.899431, 48.975949]}, "properties": {"id_parcelle": "77284000CB0243", "address": "52 RUE DU GENERAL J MAUNOURY", "sales": 2, "median_price": 399000.0, "median_price_per_sqm": 3562.5, "median_rooms": 5.0, "first_sale": "2022-08-26", "last_sale": "2022-08-26"}}, {"type": "Feature", "geometry": {"type": "Point", "coordinates": [2.899217, 48.976013]}, "properties": {"id_parcelle": "77284000CB0242", "address": "54 RUE DU GENERAL J MAUNOURY", "sales": 2, "median_price": 339690.0, "median_price_per_sqm": 3904.4827586206898, "median_rooms": 4.0, "first_sale": "2022-12-19", "last_sale": "2022-12-19"}}, {"type": "Feature", "geometry": {"type": "Point", "coordinates": [2.867988, 48.955721]}, "properties": {"id_parcelle": "77284000BY0232", "address": "14 RUE D ORGEMONT", "sales": 2, "median_price": 300000.0, "median_price_per_sqm": 2272.7272727272725, "median_rooms": 2.5, "first_sale": "2025-07-17", "last_sale": "2025-07-17"}}, {"type": "Feature", "geometry": {"type": "Point", "coordinates": [2.882717, 48.9646]}, "properties": {"id_parcelle": "77284000BW0064", "address": "55 RUE SAINT FARON", "sales": 2, "median_price": 87000.0, "median_price_per_sqm": 4578.9473684210525, "median_rooms": 0.5, "first_sale": "2021-10-06", "last_sale": "2021-10-06"}}, {"type": "Feature", "geometry": {"type": "Point", "coordinates": [2.921202, 48.958474]}, "properties": {"id_parcelle": "77284000CA0133", "address": "21 RUE JEAN JACQUES ROUSSEAU", "sales": 2, "median_price": 289000.0, "median_price_per_sqm": 3175.8241758241757, "median_rooms": 4.0, "first_sale": "2021-11-10", "last_sale": "2021-11-10"}}, {"type": "Feature", "geometry": {"type": "Point", "coordinates": [2.898267, 48.972258]}, "properties": {"id_parcelle": "77284000CB0149", "address": "25 RUE DES HAUTS DE CHANTEREINE", "sales": 2, "median_price": 355000.0, "median_price_per_sqm": 3008.4745762711864, "median_rooms": 5.0, "first_sale": "2025-02-13", "last_sale": "2025-02-13"}}, {"type": "Feature", "geometry": {"type": "Point", "coordinates": [2.901212, 48.971887]}, "properties": {"id_parcelle": "77284000CB0121", "address": "1 RUE DES HAUTS DE CHANTEREINE", "sales": 2, "median_price": 417600.0, "median_price_per_sqm": 3422.9508196721313, "median_rooms": 3.0, "first_sale": "2021-08-31", "last_sale": "2021-08-31"}}, {"type": "Feature", "geometry": {"type": "Point", "coordinates": [2.903024, 48.972555]}, "properties": {"id_parcelle": "77284000CB0120", "address": "1 RUE DES VIEUX POIRIERS", "sales": 2, "median_price": 395000.0, "median_price_per_sqm": 4072.1649484536083, "median_rooms": 4.0, "first_sale": "2022-07-04", "last_sale": "2022-07-04"}}, {"type": "Feature", "geometry": {"type": "Point", "coordinates": [2.902733, 48.972657]}, "properties": {"id_parcelle": "77284000CB0119", "address": "3 RUE DES VIEUX POIRIERS", "sales": 2, "median_price": 338000.0, "median_price_per_sqm": 3129.6296296296296, "median_rooms": 4.0, "first_sale": "2023-03-17", "last_sale": "2023-03-17"}}, {"type": "Feature", "geometry": {"type": "Point", "coordinates": [2.890306, 48.966025]}, "properties": {"id_parcelle": "77284000AD0079", "address": "9002 LA PRAIRIE DES CORDELIERS", "sales": 2, "median_price": 15000.0, "median_price_per_sqm": null, "median_rooms": 0.0, "first_sale": "2021-12-15", "last_sale": "2021-12-15"}}, {"type": "Feature", "geometry": {"type": "Point", "coordinates": [2.898358, 48.974264]}, "properties": {"id_parcelle": "77284000CB0417", "address": "14 RUE DES POMMIERS", "sales": 2, "median_price": 460000.0, "median_price_per_sqm": 2822.0858895705524, "median_rooms": 5.0, "first_sale": "2022-09-30", "last_sale": "2022-09-30"}}, {"type": "Feature", "geometry": {"type": "Point", "coordinates": [2.899612, 48.974805]}, "properties": {"id_parcelle": "77284000CB0367", "address": "2 RUE MAC MONNIES", "sales": 2, "median_price": 345000.0, "median_price_per_sqm": null, "median_rooms": null, "first_sale": "2021-07-08", "last_sale": "2021-07-08"}}, {"type": "Feature", "geometry": {"type": "Point", "coordinates": [2.901779, 48.973843]}, "properties": {"id_parcelle": "77284000CB0350", "address": "7 RUE DU BELVEDERE", "sales": 2, "median_price": 368000.0, "median_price_per_sqm": 3092.436974789916, "median_rooms": 6.0, "first_sale": "2023-12-27", "last_sale": "2023-12-27"}}, {"type": "Feature", "geometry": {"type": "Point", "coordinates": [2.901256, 48.974945]}, "properties": {"id_parcelle": "77284000CB0328", "address": "48 RUE DU BELVEDERE", "sales": 2, "median_price": 478000.0, "median_price_per_sqm": 2845.2380952380954, "median_rooms": 7.0, "first_sale": "2024-05-13", "last_sale": "2024-05-13"}}, {"type": "Feature", "geometry": {"type": "Point", "coordinates": [2.899994, 48.975098]}, "properties": {"id_parcelle": "77284000CB0312", "address": "17 RUE DU GENERAL J MAUNOURY", "sales": 2, "median_price": 549355.0, "median_price_per_sqm": 3370.276073619632, "median_rooms": 6.0, "first_sale": "2022-09-20", "last_sale": "2022-09-20"}}, {"type": "Feature", "geometry": {"type": "Point", "coordinates": [2.921296, 48.958815]}, "properties": {"id_parcelle": "77284000CA0136", "address": "27 RUE JEAN JACQUES ROUSSEAU", "sales": 2, "median_price": 285000.0, "median_price_per_sqm": 2175.5725190839694, "median_rooms": 5.0, "first_sale": "2021-03-11", "last_sale": "2021-03-11"}}, {"type": "Feature", "geometry": {"type": "Point", "coordinates": [2.897001, 48.969284]}, "properties": {"id_parcelle": "77284000AC0617", "address": "25 RUE DU DOCTEUR GRAVERRY", "sales": 2, "median_price": 445000.0, "median_price_per_sqm": 2602.33918128655, "median_rooms": 6.0, "first_sale": "2024-07-26", "last_sale": "2024-07-26"}}, {"type": "Feature", "geometry": {"type": "Point", "coordinates": [2.918411, 48.956564]}, "properties": {"id_parcelle": "77284000AL0286", "address": "132 AV DE LA VICTOIRE", "sales": 2, "median_price": 2500000.0, "median_price_per_sqm": 4940.73075946648, "median_rooms": 0.0, "first_sale": "2023-08-03", "last_sale": "2023-08-03"}}, {"type": "Feature", "geometry": {"type": "Point", "coordinates": [2.917595, 48.955726]}, "properties": {"id_parcelle": "77284000AL0215", "address": "3 RUE GEORGES BIZET", "sales": 2, "median_price": 280000.0, "median_price_per_sqm": 3181.818181818182, "median_rooms": 2.5, "first_sale": "2022-08-31", "last_sale": "2022-08-31"}}, {"type": "Feature", "geometry": {"type": "Point", "coordinates": [2.917317, 48.95506]}, "properties": {"id_parcelle": "77284000AL0207", "address": "32 RUE CLAUDE BERNARD", "sales": 2, "median_price": 367000.0, "median_price_per_sqm": 3191.304347826087, "median_rooms": 3.0, "first_sale": "2023-08-16", "last_sale": "2023-08-16"}}, {"type": "Feature", "geometry": {"type": "Point", "coordinates": [2.917122, 48.95613]}, "properties": {"id_parcelle": "77284000AL0107", "address": "20 RUE GEORGES BIZET", "sales": 2, "median_price": 42000.0, "median_price_per_sqm": 300.0, "median_rooms": 3.0, "first_sale": "2024-03-04", "last_sale": "2024-03-04"}}, {"type": "Feature", "geometry": {"type": "Point", "coordinates": [2.882505, 48.955961]}, "properties": {"id_parcelle": "77284000BD0238", "address": "17 QUAI JACQUES PREVERT", "sales": 2, "median_price": 354000.0, "median_price_per_sqm": 3171.4285714285716, "median_rooms": 1.0, "first_sale": "2021-10-08", "last_sale": "2025-09-23"}}, {"type": "Feature", "geometry": {"type": "Point", "coordinates": [2.90871, 48.959274]}, "properties": {"id_parcelle": "77284000AH0153", "address": "38 AV DE L EPINETTE", "sales": 2, "median_price": 480000.0, "median_price_per_sqm": 5347.826086956522, "median_rooms": 1.0, "first_sale": "2021-01-26", "last_sale": "2021-01-26"}}, {"type": "Feature", "geometry": {"type": "Point", "coordinates": [2.910074, 48.955544]}, "properties": {"id_parcelle": "77284000AK0242", "address": "29 CHE DE BEAUVAL", "sales": 2, "median_price": 120000.0, "median_price_per_sqm": null, "median_rooms": null, "first_sale": "2023-02-01", "last_sale": "2025-01-07"}}, {"type": "Feature", "geometry": {"type": "Point", "coordinates": [2.887319, 48.958899]}, "properties": {"id_parcelle": "77284000BE0331", "address": "11 RUE JEAN JAURES", "sales": 2, "median_price": 180000.0, "median_price_per_sqm": 2647.0588235294117, "median_rooms": 1.5, "first_sale": "2021-01-09", "last_sale": "2021-01-09"}}, {"type": "Feature", "geometry": {"type": "Point", "coordinates": [2.886669, 48.957195]}, "properties": {"id_parcelle": "77284000BE0325", "address": "28 RUE DE LA COULOMMIERE", "sales": 2, "median_price": 155000.0, "median_price_per_sqm": 4428.571428571428, "median_rooms": 1.0, "first_sale": "2025-03-31", "last_sale": "2025-03-31"}}, {"type": "Feature", "geometry": {"type": "Point", "coordinates": [2.933296, 48.955797]}, "properties": {"id_parcelle": "77284000AO0364", "address": "20 ALL DES TILLEULS", "sales": 2, "median_price": 50000.0, "median_price_per_sqm": 1428.5714285714287, "median_rooms": 2.0, "first_sale": "2022-11-19", "last_sale": "2022-11-19"}}, {"type": "Feature", "geometry": {"type": "Point", "coordinates": [2.883662, 48.95856]}, "properties": {"id_parcelle": "77284000BD0132", "address": "4 RUE DES BEGUINES", "sales": 2, "median_price": 398000.0, "median_price_per_sqm": 2905.109489051095, "median_rooms": 3.0, "first_sale": "2021-12-23", "last_sale": "2021-12-23"}}, {"type": "Feature", "geometry": {"type": "Point", "coordinates": [2.888622, 48.958332]}, "properties": {"id_parcelle": "77284000BE0217", "address": "55 RUE DU FAUBOURG ST NICOLAS", "sales": 2, "median_price": 147000.0, "median_price_per_sqm": null, "median_rooms": null, "first_sale": "2022-09-30", "last_sale": "2022-11-28"}}, {"type": "Feature", "geometry": {"type": "Point", "coordinates": [2.889343, 48.95828]}, "properties": {"id_parcelle": "77284000BE0359", "address": "75 RUE DU FAUBOURG ST NICOLAS", "sales": 2, "median_price": 130000.0, "median_price_per_sqm": null, "median_rooms": 0.0, "first_sale": "2023-05-11", "last_sale": "2024-08-19"}}, {"type": "Feature", "geometry": {"type": "Point", "coordinates": [2.887322, 48.959057]}, "properties": {"id_parcelle": "77284000BE0351", "address": "17 RUE JEAN JAURES", "sales": 2, "median_price": 129500.0, "median_price_per_sqm": 3597.2222222222226, "median_rooms": 2.0, "first_sale": "2021-05-07", "last_sale": "2024-09-26"}}, {"type": "Feature", "geometry": {"type": "Point", "coordinates": [2.930259, 48.956377]}, "properties": {"id_parcelle": "77284000AN0624", "address": "13 RUE PIERRE MENDES FRANCE", "sales": 2, "median_price": 281965.0, "median_price_per_sqm": 2273.9112903225805, "median_rooms": 2.5, "first_sale": "2025-06-06", "last_sale": "2025-06-06"}}, {"type": "Feature", "geometry": {"type": "Point", "coordinates": [2.877536, 48.969772]}, "properties": {"id_parcelle": "77284000AB0123", "address": "13 IMP DU SABOT", "sales": 2, "median_price": 465000.0, "median_price_per_sqm": 2513.5135135135133, "median_rooms": 4.0, "first_sale": "2022-04-20", "last_sale": "2022-04-20"}}, {"type": "Feature", "geometry": {"type": "Point", "coordinates": [2.881347, 48.968816]}, "properties": {"id_parcelle": "77284000BX0124", "address": "109 RUE DE CHAAGE", "sales": 2, "median_price": 466000.0, "median_price_per_sqm": 3258.7412587412587, "median_rooms": 6.0, "first_sale": "2021-02-08", "last_sale": "2021-02-08"}}, {"type": "Feature", "geometry": {"type": "Point", "coordinates": [2.880331, 48.967461]}, "properties": {"id_parcelle": "77284000BX0117", "address": "44 RUE ALFRED MAURY", "sales": 2, "median_price": 170000.0, "median_price_per_sqm": 2656.25, "median_rooms": 2.0, "first_sale": "2025-05-12", "last_sale": "2025-05-12"}}, {"type": "Feature", "geometry": {"type": "Point", "coordinates": [2.881653, 48.967152]}, "properties": {"id_parcelle": "77284000BX0054", "address": "1 RLE DES CAPUCINS", "sales": 2, "median_price": 166000.0, "median_price_per_sqm": null, "median_rooms": null, "first_sale": "2023-04-04", "last_sale": "2023-12-19"}}, {"type": "Feature", "geometry": {"type": "Point", "coordinates": [2.885878, 48.970229]}, "properties": {"id_parcelle": "77284000BX0461", "address": "53 RUE SAINT FIACRE", "sales": 2, "median_price": 275000.0, "median_price_per_sqm": 1992.7536231884058, "median_rooms": 2.0, "first_sale": "2022-09-27", "last_sale": "2022-09-27"}}, {"type": "Feature", "geometry": {"type": "Point", "coordinates": [2.925425, 48.957483]}, "properties": {"id_parcelle": "77284000AN0834", "address": "199 AV DE LA VICTOIRE", "sales": 2, "median_price": 229900.0, "median_price_per_sqm": 3065.3333333333335, "median_rooms": 3.0, "first_sale": "2021-06-14", "last_sale": "2021-06-14"}}, {"type": "Feature", "geometry": {"type": "Point", "coordinates": [2.884311, 48.956478]}, "properties": {"id_parcelle": "77284000BD0200", "address": "9 RUE ARISTIDE BRIAND", "sales": 2, "median_price": 350000.0, "median_price_per_sqm": 3043.478260869565, "median_rooms": 2.0, "first_sale": "2025-02-28", "last_sale": "2025-02-28"}}, {"type": "Feature", "geometry": {"type": "Point", "coordinates": [2.884112, 48.962496]}, "properties": {"id_parcelle": "77284000BW0163", "address": "15 RUE PAUL BERT", "sales": 2, "median_price": 395000.0, "median_price_per_sqm": 2633.3333333333335, "median_rooms": 2.5, "first_sale": "2024-10-30", "last_sale": "2024-10-30"}}, {"type": "Feature", "geometry": {"type": "Point", "coordinates": [2.883666, 48.961092]}, "properties": {"id_parcelle": "77284000BW0144", "address": "9 RUE GAMBETTA", "sales": 2, "median_price": 350000.0, "median_price_per_sqm": null, "median_rooms": 0.0, "first_sale": "2022-09-27", "last_sale": "2022-09-27"}}, {"type": "Feature", "geometry": {"type": "Point", "coordinates": [2.884289, 48.961842]}, "properties": {"id_parcelle": "77284000BW0140", "address": "17 RUE GAMBETTA", "sales": 2, "median_price": 699000.0, "median_price_per_sqm": 3162.89592760181, "median_rooms": 3.5, "first_sale": "2022-08-04", "last_sale": "2022-08-04"}}, {"type": "Feature", "geometry": {"type": "Point", "coordinates": [2.922446, 48.956687]}, "properties": {"id_parcelle": "77284000AN0602", "address": "176 AV DE LA VICTOIRE", "sales": 2, "median_price": 318000.0, "median_price_per_sqm": 2355.5555555555557, "median_rooms": 2.0, "first_sale": "2025-12-15", "last_sale": "2025-12-15"}}, {"type": "Feature", "geometry": {"type": "Point", "coordinates": [2.922254, 48.95669]}, "properties": {"id_parcelle": "77284000AN0601", "address": "174 AV DE LA VICTOIRE", "sales": 2, "median_price": 336000.0, "median_price_per_sqm": 2488.8888888888887, "median_rooms": 2.0, "first_sale": "2021-10-19", "last_sale": "2021-10-19"}}, {"type": "Feature", "geometry": {"type": "Point", "coordinates": [2.929626, 48.955437]}, "properties": {"id_parcelle": "77284000AN0484", "address": "43 RUE PIERRE MENDES FRANCE", "sales": 2, "median_price": 318000.0, "median_price_per_sqm": 2304.3478260869565, "median_rooms": 3.5, "first_sale": "2021-05-27", "last_sale": "2021-05-27"}}, {"type": "Feature", "geometry": {"type": "Point", "coordinates": [2.930991, 48.955953]}, "properties": {"id_parcelle": "77284000AN0475", "address": "7 RUE PIERRE MENDES FRANCE", "sales": 2, "median_price": 387550.0, "median_price_per_sqm": 3340.948275862069, "median_rooms": 2.5, "first_sale": "2025-06-26", "last_sale": "2025-06-26"}}, {"type": "Feature", "geometry": {"type": "Point", "coordinates": [2.882603, 48.964545]}, "properties": {"id_parcelle": "77284000BW0067", "address": "2 RUE DE TIVOLI", "sales": 2, "median_price": 120000.0, "median_price_per_sqm": 2222.222222222222, "median_rooms": 1.0, "first_sale": "2023-02-14", "last_sale": "2023-02-14"}}, {"type": "Feature", "geometry": {"type": "Point", "coordinates": [2.908015, 48.956303]}, "properties": {"id_parcelle": "77284000AK0540", "address": "28 AV DE LA VICTOIRE", "sales": 2, "median_price": 250000.0, "median_price_per_sqm": 2048.6963914604194, "median_rooms": 2.5, "first_sale": "2023-06-09", "last_sale": "2023-06-09"}}, {"type": "Feature", "geometry": {"type": "Point", "coordinates": [2.923411, 48.952061]}, "properties": {"id_parcelle": "77284000AM0253", "address": "11 RUE GABRIEL BACQUIER", "sales": 2, "median_price": 300000.0, "median_price_per_sqm": 2912.621359223301, "median_rooms": 5.0, "first_sale": "2023-08-03", "last_sale": "2023-08-03"}}, {"type": "Feature", "geometry": {"type": "Point", "coordinates": [2.901078, 48.97518]}, "properties": {"id_parcelle": "77284000CB0292", "address": "36 RUE DU GENERAL J MAUNOURY", "sales": 2, "median_price": 367000.0, "median_price_per_sqm": 3528.846153846154, "median_rooms": 5.0, "first_sale": "2021-10-01", "last_sale": "2021-10-01"}}, {"type": "Feature", "geometry": {"type": "Point", "coordinates": [2.92632, 48.953588]}, "properties": {"id_parcelle": "77284000AM0174", "address": "8 RUE PAUL BELMONDO", "sales": 2, "median_price": 237000.0, "median_price_per_sqm": 3246.5753424657532, "median_rooms": 2.0, "first_sale": "2025-12-12", "last_sale": "2025-12-12"}}, {"type": "Feature", "geometry": {"type": "Point", "coordinates": [2.926195, 48.953428]}, "properties": {"id_parcelle": "77284000AM0173", "address": "10 RUE PAUL BELMONDO", "sales": 2, "median_price": 260000.0, "median_price_per_sqm": 2954.5454545454545, "median_rooms": 2.0, "first_sale": "2025-11-14", "last_sale": "2025-11-14"}}, {"type": "Feature", "geometry": {"type": "Point", "coordinates": [2.913434, 48.955896]}, "properties": {"id_parcelle": "77284000AL0298", "address": "AV DE LA VICTOIRE", "sales": 2, "median_price": 1526505.0, "median_price_per_sqm": null, "median_rooms": null, "first_sale": "2021-03-31", "last_sale": "2021-09-24"}}, {"type": "Feature", "geometry": {"type": "Point", "coordinates": [2.8816, 48.959577]}, "properties": {"id_parcelle": "77284000BS0292", "address": "9 RUE DU THEATRE", "sales": 2, "median_price": 67500.0, "median_price_per_sqm": 1989.5833333333335, "median_rooms": 2.5, "first_sale": "2024-01-31", "last_sale": "2024-04-25"}}, {"type": "Feature", "geometry": {"type": "Point", "coordinates": [2.879592, 48.959576]}, "properties": {"id_parcelle": "77284000BS0286", "address": "65 RUE DU GENERAL LECLERC", "sales": 2, "median_price": 90250.0, "median_price_per_sqm": 3342.0329670329675, "median_rooms": 1.0, "first_sale": "2023-02-24", "last_sale": "2025-09-26"}}, {"type": "Feature", "geometry": {"type": "Point", "coordinates": [2.875802, 48.959899]}, "properties": {"id_parcelle": "77284000BT0023", "address": "50 RUE SAINT REMY", "sales": 2, "median_price": 124500.0, "median_price_per_sqm": 3248.3062330623306, "median_rooms": 2.0, "first_sale": "2021-02-08", "last_sale": "2025-08-27"}}, {"type": "Feature", "geometry": {"type": "Point", "coordinates": [2.875104, 48.959772]}, "properties": {"id_parcelle": "77284000BT0010", "address": "64 RUE SAINT REMY", "sales": 2, "median_price": 136440.0, "median_price_per_sqm": 3094.482401656315, "median_rooms": 2.0, "first_sale": "2021-02-04", "last_sale": "2022-04-15"}}, {"type": "Feature", "geometry": {"type": "Point", "coordinates": [2.881861, 48.959012]}, "properties": {"id_parcelle": "77284000BS0188", "address": "8 RUE DU TAN", "sales": 2, "median_price": 150000.0, "median_price_per_sqm": 765.3061224489796, "median_rooms": 0.0, "first_sale": "2021-11-18", "last_sale": "2023-11-24"}}, {"type": "Feature", "geometry": {"type": "Point", "coordinates": [2.882464, 48.959241]}, "properties": {"id_parcelle": "77284000BS0264", "address": "2 RUE DE L ARBALETE", "sales": 2, "median_price": 83910.0, "median_price_per_sqm": 1258.1382978723404, "median_rooms": 1.0, "first_sale": "2022-05-23", "last_sale": "2024-03-04"}}, {"type": "Feature", "geometry": {"type": "Point", "coordinates": [2.879627, 48.959565]}, "properties": {"id_parcelle": "77284000BS0241", "address": "RUE DU GENERAL LECLERC", "sales": 2, "median_price": 90250.0, "median_price_per_sqm": null, "median_rooms": null, "first_sale": "2023-02-24", "last_sale": "2025-09-26"}}, {"type": "Feature", "geometry": {"type": "Point", "coordinates": [2.881035, 48.95832]}, "properties": {"id_parcelle": "77284000BS0226", "address": "6 RUE SAUVE DELANOUE", "sales": 2, "median_price": 174250.0, "median_price_per_sqm": 2995.1754385964914, "median_rooms": 2.0, "first_sale": "2022-09-19", "last_sale": "2025-12-19"}}, {"type": "Feature", "geometry": {"type": "Point", "coordinates": [2.92698, 48.953668]}, "properties": {"id_parcelle": "77284000AM0179", "address": "3 RUE PAUL BELMONDO", "sales": 2, "median_price": 369665.765, "median_price_per_sqm": 4200.747329545455, "median_rooms": 4.0, "first_sale": "2022-12-22", "last_sale": "2022-12-27"}}, {"type": "Feature", "geometry": {"type": "Point", "coordinates": [2.927694, 48.954191]}, "properties": {"id_parcelle": "77284000AN0754", "address": "6 ALL DES ACACIAS", "sales": 2, "median_price": 255000.0, "median_price_per_sqm": 3109.756097560976, "median_rooms": 2.5, "first_sale": "2022-11-25", "last_sale": "2022-11-25"}}, {"type": "Feature", "geometry": {"type": "Point", "coordinates": [2.92656, 48.956275]}, "properties": {"id_parcelle": "77284000AN0737", "address": "7 RUE RACINE", "sales": 2, "median_price": 376540.0, "median_price_per_sqm": 2874.351145038168, "median_rooms": 5.0, "first_sale": "2022-11-14", "last_sale": "2022-11-14"}}, {"type": "Feature", "geometry": {"type": "Point", "coordinates": [2.878491, 48.969577]}, "properties": {"id_parcelle": "77284000AB0053", "address": "111 AV CLEMENCEAU", "sales": 2, "median_price": 310000.0, "median_price_per_sqm": 3297.872340425532, "median_rooms": 5.0, "first_sale": "2025-06-21", "last_sale": "2025-06-21"}}, {"type": "Feature", "geometry": {"type": "Point", "coordinates": [2.92357, 48.955399]}, "properties": {"id_parcelle": "77284000AN0671", "address": "17 RUE MOLIERE", "sales": 2, "median_price": 341000.0, "median_price_per_sqm": 2453.2374100719426, "median_rooms": 4.0, "first_sale": "2022-06-29", "last_sale": "2022-06-29"}}, {"type": "Feature", "geometry": {"type": "Point", "coordinates": [2.927603, 48.95533]}, "properties": {"id_parcelle": "77284000AN0657", "address": "24 ALL DES ACACIAS", "sales": 2, "median_price": 395000.0, "median_price_per_sqm": 3319.327731092437, "median_rooms": 7.0, "first_sale": "2024-01-30", "last_sale": "2024-01-30"}}, {"type": "Feature", "geometry": {"type": "Point", "coordinates": [2.927537, 48.954897]}, "properties": {"id_parcelle": "77284000AN0650", "address": "16 ALL DES ACACIAS", "sales": 2, "median_price": 324500.0, "median_price_per_sqm": 3090.4761904761904, "median_rooms": 4.0, "first_sale": "2021-06-18", "last_sale": "2021-06-18"}}, {"type": "Feature", "geometry": {"type": "Point", "coordinates": [2.881246, 48.961674]}, "properties": {"id_parcelle": "77284000BW0486", "address": "27 BD JEAN ROSE", "sales": 2, "median_price": 206000.0, "median_price_per_sqm": 4456.140350877193, "median_rooms": 0.5, "first_sale": "2021-07-28", "last_sale": "2022-06-25"}}, {"type": "Feature", "geometry": {"type": "Point", "coordinates": [2.929843, 48.949708]}, "properties": {"id_parcelle": "77284000AP0058", "address": "6 RUE LOUIS GAY LUSSAC", "sales": 2, "median_price": 600000.0, "median_price_per_sqm": 5115.384615384615, "median_rooms": 1.5, "first_sale": "2023-06-01", "last_sale": "2023-06-01"}}, {"type": "Feature", "geometry": {"type": "Point", "coordinates": [2.879341, 48.966792]}, "properties": {"id_parcelle": "77284000BV0474", "address": "75 RUE ALFRED MAURY", "sales": 2, "median_price": 700000.0, "median_price_per_sqm": 6862.745098039216, "median_rooms": 4.0, "first_sale": "2025-11-14", "last_sale": "2025-11-14"}}, {"type": "Feature", "geometry": {"type": "Point", "coordinates": [2.88224, 48.964534]}, "properties": {"id_parcelle": "77284000BW0020", "address": "6 RUE DE TIVOLI", "sales": 2, "median_price": 2050.0, "median_price_per_sqm": null, "median_rooms": null, "first_sale": "2021-03-18", "last_sale": "2021-03-18"}}, {"type": "Feature", "geometry": {"type": "Point", "coordinates": [2.877393, 48.961629]}, "properties": {"id_parcelle": "77284000BT0115", "address": "32 RUE DES URSULINES", "sales": 2, "median_price": 610000.0, "median_price_per_sqm": 6968.4944684944685, "median_rooms": 0.0, "first_sale": "2022-08-30", "last_sale": "2022-08-30"}}, {"type": "Feature", "geometry": {"type": "Point", "coordinates": [2.883054, 48.969912]}, "properties": {"id_parcelle": "77284000BX0442", "address": "39 RUE DE LA CROIX SAINT FARON", "sales": 2, "median_price": 378500.0, "median_price_per_sqm": 4301.136363636364, "median_rooms": 4.0, "first_sale": "2023-06-02", "last_sale": "2023-06-02"}}, {"type": "Feature", "geometry": {"type": "Point", "coordinates": [2.881313, 48.970668]}, "properties": {"id_parcelle": "77284000BX0288", "address": "62 AV CLEMENCEAU", "sales": 2, "median_price": 445360.0, "median_price_per_sqm": 3872.695652173913, "median_rooms": 2.5, "first_sale": "2022-07-25", "last_sale": "2022-07-25"}}, {"type": "Feature", "geometry": {"type": "Point", "coordinates": [2.879096, 48.963742]}, "properties": {"id_parcelle": "77284000BW0450", "address": "23 RUE DE CHAAGE", "sales": 2, "median_price": 419200.0, "median_price_per_sqm": 4366.666666666667, "median_rooms": 4.0, "first_sale": "2021-06-16", "last_sale": "2021-06-16"}}, {"type": "Feature", "geometry": {"type": "Point", "coordinates": [2.882055, 48.961653]}, "properties": {"id_parcelle": "77284000BW0447", "address": "2 IMP SAINT FARON", "sales": 2, "median_price": 192000.0, "median_price_per_sqm": 4755.244755244756, "median_rooms": 1.0, "first_sale": "2022-05-25", "last_sale": "2022-05-25"}}, {"type": "Feature", "geometry": {"type": "Point", "coordinates": [2.885688, 48.970394]}, "properties": {"id_parcelle": "77284000BX0018", "address": "55 RUE SAINT FIACRE", "sales": 2, "median_price": 380000.0, "median_price_per_sqm": 3304.3478260869565, "median_rooms": 5.0, "first_sale": "2025-03-13", "last_sale": "2025-03-13"}}, {"type": "Feature", "geometry": {"type": "Point", "coordinates": [2.879029, 48.96256]}, "properties": {"id_parcelle": "77284000BW0536", "address": "3 RUE DE CHAAGE", "sales": 2, "median_price": 402000.0, "median_price_per_sqm": 3792.4528301886794, "median_rooms": 2.0, "first_sale": "2023-10-23", "last_sale": "2023-10-23"}}, {"type": "Feature", "geometry": {"type": "Point", "coordinates": [2.882169, 48.96383]}, "properties": {"id_parcelle": "77284000BW0531", "address": "41 RUE SAINT FARON", "sales": 2, "median_price": 440000.0, "median_price_per_sqm": 4271.844660194175, "median_rooms": 3.0, "first_sale": "2023-04-14", "last_sale": "2023-04-14"}}, {"type": "Feature", "geometry": {"type": "Point", "coordinates": [2.881351, 48.964439]}, "properties": {"id_parcelle": "77284000BW0513", "address": "10 RUE DE TIVOLI", "sales": 2, "median_price": 300000.0, "median_price_per_sqm": null, "median_rooms": null, "first_sale": "2021-05-31", "last_sale": "2021-05-31"}}, {"type": "Feature", "geometry": {"type": "Point", "coordinates": [2.875282, 48.960143]}, "properties": {"id_parcelle": "77284000BT0138", "address": "17 RUE GEORGES COURTELINE", "sales": 2, "median_price": 89500.5, "median_price_per_sqm": null, "median_rooms": null, "first_sale": "2021-06-03", "last_sale": "2022-04-20"}}, {"type": "Feature", "geometry": {"type": "Point", "coordinates": [2.875334, 48.960102]}, "properties": {"id_parcelle": "77284000BT0136", "address": "17 RUE GEORGES COURTELINE", "sales": 2, "median_price": 4950.0, "median_price_per_sqm": null, "median_rooms": null, "first_sale": "2021-04-21", "last_sale": "2023-01-17"}}, {"type": "Feature", "geometry": {"type": "Point", "coordinates": [2.879623, 48.961103]}, "properties": {"id_parcelle": "77284000BT0132", "address": "4 IMP MACIET", "sales": 2, "median_price": 137500.0, "median_price_per_sqm": 2321.4285714285716, "median_rooms": 2.5, "first_sale": "2021-02-11", "last_sale": "2021-04-21"}}, {"type": "Feature", "geometry": {"type": "Point", "coordinates": [2.884837, 48.962487]}, "properties": {"id_parcelle": "77284000BW0132", "address": "33 RUE GAMBETTA", "sales": 2, "median_price": 485000.0, "median_price_per_sqm": 4041.6666666666665, "median_rooms": 3.0, "first_sale": "2021-09-30", "last_sale": "2021-09-30"}}, {"type": "Feature", "geometry": {"type": "Point", "coordinates": [2.892707, 48.958378]}, "properties": {"id_parcelle": "77284000BC1054", "address": "6 IMP DES JARDINS DE NOEFORT", "sales": 2, "median_price": 259000.0, "median_price_per_sqm": 3547.945205479452, "median_rooms": 2.0, "first_sale": "2023-10-10", "last_sale": "2023-10-10"}}, {"type": "Feature", "geometry": {"type": "Point", "coordinates": [2.893506, 48.96064]}, "properties": {"id_parcelle": "77284000BC1196", "address": "82 RUE CROIX SAINT LOUP PROLONGEE", "sales": 2, "median_price": 152000.0, "median_price_per_sqm": 2303.030303030303, "median_rooms": 1.5, "first_sale": "2024-06-14", "last_sale": "2024-06-14"}}, {"type": "Feature", "geometry": {"type": "Point", "coordinates": [2.894261, 48.960732]}, "properties": {"id_parcelle": "77284000BC0310", "address": "92 RUE CROIX SAINT LOUP PROLONGEE", "sales": 2, "median_price": 440000.0, "median_price_per_sqm": 4313.725490196079, "median_rooms": 5.0, "first_sale": "2022-09-06", "last_sale": "2022-09-06"}}, {"type": "Feature", "geometry": {"type": "Point", "coordinates": [2.891002, 48.961184]}, "properties": {"id_parcelle": "77284000BC0216", "address": "11 RUE DE BONNEUIL", "sales": 2, "median_price": 211750.0, "median_price_per_sqm": null, "median_rooms": null, "first_sale": "2024-04-12", "last_sale": "2025-12-05"}}, {"type": "Feature", "geometry": {"type": "Point", "coordinates": [2.891779, 48.960989]}, "properties": {"id_parcelle": "77284000BC0214", "address": "7 RUE DE BONNEUIL", "sales": 2, "median_price": 411500.0, "median_price_per_sqm": 4074.2574257425745, "median_rooms": 2.5, "first_sale": "2025-12-05", "last_sale": "2025-12-05"}}, {"type": "Feature", "geometry": {"type": "Point", "coordinates": [2.891845, 48.960454]}, "properties": {"id_parcelle": "77284000BC0208", "address": "99 AV DE LA REPUBLIQUE", "sales": 2, "median_price": 225700.0, "median_price_per_sqm": 2893.5897435897436, "median_rooms": 4.0, "first_sale": "2022-03-17", "last_sale": "2025-02-03"}}, {"type": "Feature", "geometry": {"type": "Point", "coordinates": [2.883271, 48.954489]}, "properties": {"id_parcelle": "77284000BK0238", "address": "33 QUAI JACQUES PREVERT", "sales": 2, "median_price": 700000.0, "median_price_per_sqm": 2295.0819672131147, "median_rooms": 9.0, "first_sale": "2025-10-01", "last_sale": "2025-10-01"}}, {"type": "Feature", "geometry": {"type": "Point", "coordinates": [2.89057, 48.960387]}, "properties": {"id_parcelle": "77284000BC0879", "address": "10 RUE DE L HOTEL DIEU", "sales": 2, "median_price": 387500.0, "median_price_per_sqm": 4211.95652173913, "median_rooms": 2.5, "first_sale": "2025-03-31", "last_sale": "2025-03-31"}}, {"type": "Feature", "geometry": {"type": "Point", "coordinates": [2.886483, 48.963703]}, "properties": {"id_parcelle": "77284000BC0061", "address": "82 RUE GAMBETTA", "sales": 2, "median_price": 491000.0, "median_price_per_sqm": 2654.054054054054, "median_rooms": 4.0, "first_sale": "2021-05-12", "last_sale": "2021-05-12"}}, {"type": "Feature", "geometry": {"type": "Point", "coordinates": [2.92817, 48.951482]}, "properties": {"id_parcelle": "77284000AP0008", "address": "48 ALL DES PLATANES", "sales": 2, "median_price": 3600000.0, "median_price_per_sqm": 537.3134328358209, "median_rooms": 0.0, "first_sale": "2025-07-24", "last_sale": "2025-07-24"}}, {"type": "Feature", "geometry": {"type": "Point", "coordinates": [2.885083, 48.952521]}, "properties": {"id_parcelle": "77284000BK0118", "address": "4 CHE DU PATIS", "sales": 2, "median_price": 315000.0, "median_price_per_sqm": 3500.0, "median_rooms": 2.5, "first_sale": "2021-10-01", "last_sale": "2021-10-01"}}, {"type": "Feature", "geometry": {"type": "Point", "coordinates": [2.884637, 48.960445]}, "properties": {"id_parcelle": "77284000BC0681", "address": "9 RUE DES CORDELIERS", "sales": 2, "median_price": 3474444.5, "median_price_per_sqm": 24991.532250623735, "median_rooms": 2.0, "first_sale": "2022-11-23", "last_sale": "2022-11-23"}}, {"type": "Feature", "geometry": {"type": "Point", "coordinates": [2.88381, 48.959754]}, "properties": {"id_parcelle": "77284000BC0667", "address": "17 PL HENRI IV", "sales": 2, "median_price": 990000.0, "median_price_per_sqm": 3707.8651685393256, "median_rooms": 4.5, "first_sale": "2022-06-30", "last_sale": "2022-06-30"}}, {"type": "Feature", "geometry": {"type": "Point", "coordinates": [2.892811, 48.95874]}, "properties": {"id_parcelle": "77284000BC1003", "address": "20 RUE NOEFORT", "sales": 2, "median_price": 296400.0, "median_price_per_sqm": 3293.3333333333335, "median_rooms": 2.0, "first_sale": "2021-04-20", "last_sale": "2021-04-20"}}, {"type": "Feature", "geometry": {"type": "Point", "coordinates": [2.89237, 48.958847]}, "properties": {"id_parcelle": "77284000BC1002", "address": "20 RUE NOEFORT", "sales": 2, "median_price": 275000.0, "median_price_per_sqm": 8784.722222222223, "median_rooms": 2.0, "first_sale": "2021-05-25", "last_sale": "2021-05-25"}}, {"type": "Feature", "geometry": {"type": "Point", "coordinates": [2.895964, 48.961852]}, "properties": {"id_parcelle": "77284000BC0968", "address": "95 RUE CROIX SAINT LOUP PROLONGEE", "sales": 2, "median_price": 370000.0, "median_price_per_sqm": 3363.6363636363635, "median_rooms": 5.0, "first_sale": "2022-05-02", "last_sale": "2022-05-02"}}, {"type": "Feature", "geometry": {"type": "Point", "coordinates": [2.890432, 48.96196]}, "properties": {"id_parcelle": "77284000BC0964", "address": "102 RUE JEAN JAURES", "sales": 2, "median_price": 420000.0, "median_price_per_sqm": 6363.636363636364, "median_rooms": 5.0, "first_sale": "2021-04-01", "last_sale": "2021-04-01"}}, {"type": "Feature", "geometry": {"type": "Point", "coordinates": [2.89333, 48.96268]}, "properties": {"id_parcelle": "77284000BC0930", "address": "28 RUE DE BONNEUIL", "sales": 2, "median_price": 295000.0, "median_price_per_sqm": 2458.3333333333335, "median_rooms": 2.0, "first_sale": "2025-03-28", "last_sale": "2025-03-28"}}, {"type": "Feature", "geometry": {"type": "Point", "coordinates": [2.889853, 48.959074]}, "properties": {"id_parcelle": "77284000BC0426", "address": "40 RUE CROIX SAINT LOUP", "sales": 2, "median_price": 341800.0, "median_price_per_sqm": 4069.0476190476193, "median_rooms": 2.0, "first_sale": "2021-06-21", "last_sale": "2021-06-21"}}, {"type": "Feature", "geometry": {"type": "Point", "coordinates": [2.888175, 48.961664]}, "properties": {"id_parcelle": "77284000BC0598", "address": "58 AV DE LA REPUBLIQUE", "sales": 2, "median_price": 328100.0, "median_price_per_sqm": 3953.012048192771, "median_rooms": 2.0, "first_sale": "2023-02-15", "last_sale": "2023-02-15"}}, {"type": "Feature", "geometry": {"type": "Point", "coordinates": [2.888181, 48.961917]}, "properties": {"id_parcelle": "77284000BC0122", "address": "45 AV DE LA REPUBLIQUE", "sales": 2, "median_price": 223000.0, "median_price_per_sqm": 2477.777777777778, "median_rooms": 2.0, "first_sale": "2025-11-20", "last_sale": "2025-11-20"}}, {"type": "Feature", "geometry": {"type": "Point", "coordinates": [2.887631, 48.962894]}, "properties": {"id_parcelle": "77284000BC0101", "address": "52 RUE DES CORDELIERS", "sales": 2, "median_price": 152500.0, "median_price_per_sqm": 2824.074074074074, "median_rooms": 1.5, "first_sale": "2024-04-05", "last_sale": "2024-04-05"}}, {"type": "Feature", "geometry": {"type": "Point", "coordinates": [2.885266, 48.955659]}, "properties": {"id_parcelle": "77284000BD0067", "address": "30 RUE DE LA CRECHE", "sales": 2, "median_price": 405000.0, "median_price_per_sqm": 2469.512195121951, "median_rooms": 4.0, "first_sale": "2024-02-19", "last_sale": "2024-02-19"}}, {"type": "Feature", "geometry": {"type": "Point", "coordinates": [2.887226, 48.959715]}, "properties": {"id_parcelle": "77284000BC0555", "address": "27 RUE FATOU", "sales": 2, "median_price": 266500.0, "median_price_per_sqm": 3416.6666666666665, "median_rooms": 2.0, "first_sale": "2023-07-18", "last_sale": "2023-07-18"}}, {"type": "Feature", "geometry": {"type": "Point", "coordinates": [2.891091, 48.960486]}, "properties": {"id_parcelle": "77284000BC0491", "address": "90 AV DE LA REPUBLIQUE", "sales": 2, "median_price": 210000.0, "median_price_per_sqm": 3088.235294117647, "median_rooms": 2.0, "first_sale": "2023-03-17", "last_sale": "2023-03-17"}}, {"type": "Feature", "geometry": {"type": "Point", "coordinates": [2.891496, 48.96023]}, "properties": {"id_parcelle": "77284000BC0485", "address": "18 RUE DE L HOTEL DIEU", "sales": 2, "median_price": 387300.0, "median_price_per_sqm": 5233.783783783784, "median_rooms": 2.5, "first_sale": "2025-12-23", "last_sale": "2025-12-23"}}, {"type": "Feature", "geometry": {"type": "Point", "coordinates": [2.891881, 48.95028]}, "properties": {"id_parcelle": "77284000BI0189", "address": "2 RUE GEORGES GUYNEMER", "sales": 2, "median_price": 219000.0, "median_price_per_sqm": 3318.181818181818, "median_rooms": 1.5, "first_sale": "2022-03-10", "last_sale": "2022-03-10"}}, {"type": "Feature", "geometry": {"type": "Point", "coordinates": [2.891081, 48.951298]}, "properties": {"id_parcelle": "77284000BI0175", "address": "23 RUE LEON BARBIER", "sales": 2, "median_price": 258000.0, "median_price_per_sqm": 3633.8028169014083, "median_rooms": 2.0, "first_sale": "2023-08-09", "last_sale": "2023-08-09"}}, {"type": "Feature", "geometry": {"type": "Point", "coordinates": [2.894437, 48.952639]}, "properties": {"id_parcelle": "77284000BI0622", "address": "20 IMP DES PERVENCHES", "sales": 2, "median_price": 246500.0, "median_price_per_sqm": 2833.3333333333335, "median_rooms": 4.0, "first_sale": "2021-08-13", "last_sale": "2025-01-27"}}, {"type": "Feature", "geometry": {"type": "Point", "coordinates": [2.894505, 48.952728]}, "properties": {"id_parcelle": "77284000BI0621", "address": "IMP DES PERVENCHES", "sales": 2, "median_price": 246500.0, "median_price_per_sqm": null, "median_rooms": null, "first_sale": "2021-08-13", "last_sale": "2025-01-27"}}, {"type": "Feature", "geometry": {"type": "Point", "coordinates": [2.896279, 48.961476]}, "properties": {"id_parcelle": "77284000BC1221", "address": "110 RUE CROIX SAINT LOUP PROLONGEE", "sales": 2, "median_price": 275820.0, "median_price_per_sqm": 3677.6, "median_rooms": 2.0, "first_sale": "2023-09-29", "last_sale": "2023-09-29"}}, {"type": "Feature", "geometry": {"type": "Point", "coordinates": [2.89137, 48.960187]}, "properties": {"id_parcelle": "77284000BC1100", "address": "16 RUE DE L HOTEL DIEU", "sales": 2, "median_price": 291650.0, "median_price_per_sqm": null, "median_rooms": null, "first_sale": "2024-03-29", "last_sale": "2025-12-23"}}, {"type": "Feature", "geometry": {"type": "Point", "coordinates": [2.882802, 48.958144]}, "properties": {"id_parcelle": "77284000BD0117", "address": "11 CRS RAOULT", "sales": 2, "median_price": 1.0, "median_price_per_sqm": null, "median_rooms": 0.0, "first_sale": "2022-07-15", "last_sale": "2023-01-26"}}, {"type": "Feature", "geometry": {"type": "Point", "coordinates": [2.890085, 48.956698]}, "properties": {"id_parcelle": "77284000BI0034", "address": "34 RUE DE FUBLAINES", "sales": 2, "median_price": 224700.0, "median_price_per_sqm": 3304.4117647058824, "median_rooms": 1.5, "first_sale": "2022-01-10", "last_sale": "2022-01-10"}}, {"type": "Feature", "geometry": {"type": "Point", "coordinates": [2.88863, 48.956797]}, "properties": {"id_parcelle": "77284000BI0014", "address": "7 RUE DES MARRONNIERS", "sales": 2, "median_price": 200000.0, "median_price_per_sqm": 3333.3333333333335, "median_rooms": 1.5, "first_sale": "2023-09-05", "last_sale": "2023-09-05"}}, {"type": "Feature", "geometry": {"type": "Point", "coordinates": [2.89197, 48.953754]}, "properties": {"id_parcelle": "77284000BI0285", "address": "64 AV DU MARECHAL FOCH", "sales": 2, "median_price": 300000.0, "median_price_per_sqm": 6666.666666666667, "median_rooms": 1.0, "first_sale": "2022-10-19", "last_sale": "2022-10-19"}}, {"type": "Feature", "geometry": {"type": "Point", "coordinates": [2.890211, 48.951623]}, "properties": {"id_parcelle": "77284000BI0234", "address": "22 RUE LEON BARBIER", "sales": 2, "median_price": 230000.0, "median_price_per_sqm": 4509.803921568628, "median_rooms": 1.5, "first_sale": "2023-10-12", "last_sale": "2023-10-12"}}, {"type": "Feature", "geometry": {"type": "Point", "coordinates": [2.890244, 48.951501]}, "properties": {"id_parcelle": "77284000BI0233", "address": "24 RUE LEON BARBIER", "sales": 2, "median_price": 195000.0, "median_price_per_sqm": 4062.5, "median_rooms": 1.5, "first_sale": "2025-06-18", "last_sale": "2025-06-18"}}, {"type": "Feature", "geometry": {"type": "Point", "coordinates": [2.890737, 48.950602]}, "properties": {"id_parcelle": "77284000BI0213", "address": "4 IMP DES HIRONDELLES", "sales": 2, "median_price": 275990.0, "median_price_per_sqm": 3407.283950617284, "median_rooms": 2.5, "first_sale": "2025-07-25", "last_sale": "2025-07-25"}}, {"type": "Feature", "geometry": {"type": "Point", "coordinates": [2.891383, 48.9497]}, "properties": {"id_parcelle": "77284000BI0196", "address": "34 RUE LEON BARBIER", "sales": 2, "median_price": 245000.0, "median_price_per_sqm": 4711.538461538462, "median_rooms": 1.5, "first_sale": "2023-06-16", "last_sale": "2023-06-16"}}, {"type": "Feature", "geometry": {"type": "Point", "coordinates": [2.886769, 48.956982]}, "properties": {"id_parcelle": "77284000BE0030", "address": "38 RUE DE LA COULOMMIERE", "sales": 2, "median_price": 289500.0, "median_price_per_sqm": 3216.6666666666665, "median_rooms": 1.5, "first_sale": "2025-03-31", "last_sale": "2025-03-31"}}, {"type": "Feature", "geometry": {"type": "Point", "coordinates": [2.892907, 48.961829]}, "properties": {"id_parcelle": "77284000BC1101", "address": "16 RUE DE BONNEUIL", "sales": 2, "median_price": 415000.0, "median_price_per_sqm": 3293.6507936507937, "median_rooms": 2.5, "first_sale": "2021-10-29", "last_sale": "2021-10-29"}}, {"type": "Feature", "geometry": {"type": "Point", "coordinates": [2.88279, 48.958691]}, "properties": {"id_parcelle": "77284000BD0122", "address": "5 CRS RAOULT", "sales": 2, "median_price": 360000.0, "median_price_per_sqm": 3529.4117647058824, "median_rooms": 2.0, "first_sale": "2021-08-27", "last_sale": "2021-08-27"}}, {"type": "Feature", "geometry": {"type": "Point", "coordinates": [2.909641, 48.957078]}, "properties": {"id_parcelle": "77284000AH0076", "address": "29 AV DE LA VICTOIRE", "sales": 2, "median_price": 1100000.0, "median_price_per_sqm": 1010.10101010101, "median_rooms": 0.0, "first_sale": "2023-04-28", "last_sale": "2023-04-28"}}, {"type": "Feature", "geometry": {"type": "Point", "coordinates": [2.899285, 48.968788]}, "properties": {"id_parcelle": "77284000AC0648", "address": "17 RUE DE LA CORNICHE", "sales": 2, "median_price": 310000.0, "median_price_per_sqm": 2767.8571428571427, "median_rooms": 4.0, "first_sale": "2024-06-17", "last_sale": "2024-06-17"}}, {"type": "Feature", "geometry": {"type": "Point", "coordinates": [2.89712, 48.968948]}, "properties": {"id_parcelle": "77284000AC0615", "address": "21 RUE DU DOCTEUR GRAVERRY", "sales": 2, "median_price": 334400.0, "median_price_per_sqm": 2143.5897435897436, "median_rooms": 5.0, "first_sale": "2021-09-03", "last_sale": "2021-09-03"}}, {"type": "Feature", "geometry": {"type": "Point", "coordinates": [2.90229, 48.968845]}, "properties": {"id_parcelle": "77284000AE0685", "address": "22 IMP DES CHAMPS", "sales": 2, "median_price": 392000.0, "median_price_per_sqm": 3015.3846153846152, "median_rooms": 5.0, "first_sale": "2024-07-29", "last_sale": "2024-07-29"}}, {"type": "Feature", "geometry": {"type": "Point", "coordinates": [2.901912, 48.968775]}, "properties": {"id_parcelle": "77284000AE0682", "address": "11 IMP DES CHAMPS", "sales": 2, "median_price": 310500.0, "median_price_per_sqm": 2504.032258064516, "median_rooms": 6.0, "first_sale": "2023-12-15", "last_sale": "2023-12-15"}}, {"type": "Feature", "geometry": {"type": "Point", "coordinates": [2.919167, 48.962974]}, "properties": {"id_parcelle": "77284000AE0319", "address": "30 RUE DES FRERES LUMIERE", "sales": 2, "median_price": 400000.0, "median_price_per_sqm": 550.2063273727648, "median_rooms": 0.0, "first_sale": "2022-09-02", "last_sale": "2025-03-31"}}, {"type": "Feature", "geometry": {"type": "Point", "coordinates": [2.916325, 48.964076]}, "properties": {"id_parcelle": "77284000AE0166", "address": "2 RUE THOMAS EDISON", "sales": 2, "median_price": 700000.0, "median_price_per_sqm": 349.1271820448878, "median_rooms": 0.0, "first_sale": "2024-11-13", "last_sale": "2024-11-13"}}, {"type": "Feature", "geometry": {"type": "Point", "coordinates": [2.930706, 48.95211]}, "properties": {"id_parcelle": "77284000AP0046", "address": "3 RUE CHARLES TELLIER", "sales": 2, "median_price": 600000.0, "median_price_per_sqm": 4136.239782016349, "median_rooms": 1.0, "first_sale": "2024-12-23", "last_sale": "2024-12-23"}}, {"type": "Feature", "geometry": {"type": "Point", "coordinates": [2.930029, 48.951451]}, "properties": {"id_parcelle": "77284000AP0042", "address": "2 RUE CHARLES TELLIER", "sales": 2, "median_price": 627500.0, "median_price_per_sqm": 259.19041718298223, "median_rooms": 0.0, "first_sale": "2022-05-17", "last_sale": "2022-07-28"}}, {"type": "Feature", "geometry": {"type": "Point", "coordinates": [2.877054, 48.967987]}, "properties": {"id_parcelle": "77284000AB0013", "address": "85 AV CLEMENCEAU", "sales": 2, "median_price": 240000.0, "median_price_per_sqm": 2400.0, "median_rooms": 5.0, "first_sale": "2025-11-25", "last_sale": "2025-11-25"}}, {"type": "Feature", "geometry": {"type": "Point", "coordinates": [2.883344, 48.957544]}, "properties": {"id_parcelle": "77284000BD0103", "address": "18 RUE DE L ABREUVOIR", "sales": 2, "median_price": 180000.0, "median_price_per_sqm": 3254.1720154043646, "median_rooms": 2.5, "first_sale": "2022-04-05", "last_sale": "2022-10-20"}}, {"type": "Feature", "geometry": {"type": "Point", "coordinates": [2.930663, 48.95651]}, "properties": {"id_parcelle": "77284000AN0707", "address": "11 RUE PIERRE MENDES FRANCE", "sales": 2, "median_price": 302900.0, "median_price_per_sqm": 3365.5555555555557, "median_rooms": 4.0, "first_sale": "2023-08-03", "last_sale": "2023-08-03"}}, {"type": "Feature", "geometry": {"type": "Point", "coordinates": [2.930106, 48.951991]}, "properties": {"id_parcelle": "77284000AP0038", "address": "39 ALL DES PLATANES", "sales": 2, "median_price": 430000.0, "median_price_per_sqm": 1723.9057239057238, "median_rooms": 0.0, "first_sale": "2024-04-25", "last_sale": "2024-04-25"}}, {"type": "Feature", "geometry": {"type": "Point", "coordinates": [2.913403, 48.951873]}, "properties": {"id_parcelle": "77284000BZ0253", "address": "ALL DES BRUYERES", "sales": 2, "median_price": 976313.7, "median_price_per_sqm": null, "median_rooms": null, "first_sale": "2022-06-24", "last_sale": "2022-12-16"}}, {"type": "Feature", "geometry": {"type": "Point", "coordinates": [2.881209, 48.969011]}, "properties": {"id_parcelle": "77284000BX0125", "address": "111 RUE DE CHAAGE", "sales": 2, "median_price": 270500.0, "median_price_per_sqm": 3424.0506329113923, "median_rooms": 5.0, "first_sale": "2025-04-15", "last_sale": "2025-04-15"}}, {"type": "Feature", "geometry": {"type": "Point", "coordinates": [2.923794, 48.956008]}, "properties": {"id_parcelle": "77284000AN0200", "address": "9 RUE MOLIERE", "sales": 2, "median_price": 316000.0, "median_price_per_sqm": 3397.8494623655915, "median_rooms": 4.0, "first_sale": "2025-01-10", "last_sale": "2025-01-10"}}, {"type": "Feature", "geometry": {"type": "Point", "coordinates": [2.878818, 48.963959]}, "properties": {"id_parcelle": "77284000BW0323", "address": "28 RUE ALFRED MAURY", "sales": 2, "median_price": 640000.0, "median_price_per_sqm": 2909.090909090909, "median_rooms": 4.5, "first_sale": "2023-07-12", "last_sale": "2023-07-12"}}, {"type": "Feature", "geometry": {"type": "Point", "coordinates": [2.881275, 48.96654]}, "properties": {"id_parcelle": "77284000BW0444", "address": "80 RUE DE CHAAGE", "sales": 2, "median_price": 497000.0, "median_price_per_sqm": null, "median_rooms": null, "first_sale": "2022-06-23", "last_sale": "2022-06-23"}}, {"type": "Feature", "geometry": {"type": "Point", "coordinates": [2.884443, 48.96333]}, "properties": {"id_parcelle": "77284000BW0437", "address": "3 AV DE LA REPUBLIQUE", "sales": 2, "median_price": 452140.0, "median_price_per_sqm": 3966.1403508771928, "median_rooms": 2.5, "first_sale": "2022-07-08", "last_sale": "2022-07-08"}}, {"type": "Feature", "geometry": {"type": "Point", "coordinates": [2.899383, 48.96906]}, "properties": {"id_parcelle": "77284000AC0645", "address": "43 RUE DE LA CORNICHE", "sales": 2, "median_price": 510000.0, "median_price_per_sqm": 2802.197802197802, "median_rooms": 8.0, "first_sale": "2021-09-07", "last_sale": "2021-09-07"}}, {"type": "Feature", "geometry": {"type": "Point", "coordinates": [2.900414, 48.968339]}, "properties": {"id_parcelle": "77284000AC0640", "address": "34 RUE DE LA CORNICHE", "sales": 2, "median_price": 500000.0, "median_price_per_sqm": 3184.7133757961783, "median_rooms": 5.0, "first_sale": "2021-10-01", "last_sale": "2021-10-01"}}, {"type": "Feature", "geometry": {"type": "Point", "coordinates": [2.897856, 48.966428]}, "properties": {"id_parcelle": "77284000AC0835", "address": "14 CHE DE LA CHAMPIGNONNIERE", "sales": 2, "median_price": 499000.0, "median_price_per_sqm": null, "median_rooms": null, "first_sale": "2023-04-24", "last_sale": "2023-04-24"}}, {"type": "Feature", "geometry": {"type": "Point", "coordinates": [2.88525, 48.956387]}, "properties": {"id_parcelle": "77284000BD0070", "address": "21 RUE ARISTIDE BRIAND", "sales": 2, "median_price": 245000.0, "median_price_per_sqm": 3141.025641025641, "median_rooms": 1.5, "first_sale": "2023-12-28", "last_sale": "2023-12-28"}}, {"type": "Feature", "geometry": {"type": "Point", "coordinates": [2.924509, 48.958342]}, "properties": {"id_parcelle": "77284000CA0075", "address": "14 RUE BERTHELOT", "sales": 2, "median_price": 170000.0, "median_price_per_sqm": 5666.666666666667, "median_rooms": 2.0, "first_sale": "2025-01-28", "last_sale": "2025-01-28"}}, {"type": "Feature", "geometry": {"type": "Point", "coordinates": [2.92678, 48.959133]}, "properties": {"id_parcelle": "77284000CA0045", "address": "30 RUE LAVOISIER", "sales": 2, "median_price": 340000.0, "median_price_per_sqm": 3177.570093457944, "median_rooms": 5.0, "first_sale": "2023-01-20", "last_sale": "2023-01-20"}}, {"type": "Feature", "geometry": {"type": "Point", "coordinates": [2.878222, 48.969242]}, "properties": {"id_parcelle": "77284000AB0117", "address": "107 AV CLEMENCEAU", "sales": 2, "median_price": 495000.0, "median_price_per_sqm": 2911.764705882353, "median_rooms": 6.0, "first_sale": "2024-06-26", "last_sale": "2024-06-26"}}, {"type": "Feature", "geometry": {"type": "Point", "coordinates": [2.899491, 48.966849]}, "properties": {"id_parcelle": "77284000AC0794", "address": "10 RUE DE LA HALLEBARDE", "sales": 2, "median_price": 484600.0, "median_price_per_sqm": 2523.9583333333335, "median_rooms": 7.0, "first_sale": "2021-04-09", "last_sale": "2021-04-09"}}, {"type": "Feature", "geometry": {"type": "Point", "coordinates": [2.901366, 48.969757]}, "properties": {"id_parcelle": "77284000AC0726", "address": "35 RTE DE VARREDDES", "sales": 2, "median_price": 400000.0, "median_price_per_sqm": 3007.5187969924814, "median_rooms": 5.0, "first_sale": "2021-03-15", "last_sale": "2021-03-15"}}, {"type": "Feature", "geometry": {"type": "Point", "coordinates": [2.897592, 48.968385]}, "properties": {"id_parcelle": "77284000AC0724", "address": "13 RUE DU DOCTEUR GRAVERRY", "sales": 2, "median_price": 542150.0, "median_price_per_sqm": null, "median_rooms": null, "first_sale": "2025-10-28", "last_sale": "2025-10-28"}}, {"type": "Feature", "geometry": {"type": "Point", "coordinates": [2.904385, 48.960235]}, "properties": {"id_parcelle": "77284000AH0007", "address": "4 IMP DES ARTISANS", "sales": 2, "median_price": 2000000.0, "median_price_per_sqm": 1198.3223487118034, "median_rooms": 0.0, "first_sale": "2021-12-28", "last_sale": "2021-12-28"}}, {"type": "Feature", "geometry": {"type": "Point", "coordinates": [2.900214, 48.968058]}, "properties": {"id_parcelle": "77284000AC0688", "address": "32 RUE DE LA CORNICHE", "sales": 2, "median_price": 330000.0, "median_price_per_sqm": 3586.9565217391305, "median_rooms": 4.0, "first_sale": "2025-09-25", "last_sale": "2025-09-25"}}, {"type": "Feature", "geometry": {"type": "Point", "coordinates": [2.869596, 48.955952]}, "properties": {"id_parcelle": "77284000BY0224", "address": "2 RUE D ORGEMONT", "sales": 2, "median_price": 266000.0, "median_price_per_sqm": 1927.536231884058, "median_rooms": 2.5, "first_sale": "2021-05-31", "last_sale": "2021-05-31"}}, {"type": "Feature", "geometry": {"type": "Point", "coordinates": [2.90163, 48.962719]}, "properties": {"id_parcelle": "77284000AH0115", "address": "1 AV DE L EPINETTE", "sales": 2, "median_price": 32600.0, "median_price_per_sqm": null, "median_rooms": null, "first_sale": "2021-10-22", "last_sale": "2021-11-30"}}, {"type": "Feature", "geometry": {"type": "Point", "coordinates": [2.917319, 48.960886]}, "properties": {"id_parcelle": "77284000AI0071", "address": "5 RUE NICEPHORE NIEPCE", "sales": 2, "median_price": 665000.0, "median_price_per_sqm": 391.1764705882353, "median_rooms": 0.0, "first_sale": "2023-12-29", "last_sale": "2024-11-20"}}, {"type": "Feature", "geometry": {"type": "Point", "coordinates": [2.896613, 48.974358]}, "properties": {"id_parcelle": "77284000CB0432", "address": "37 RUE DES VERGERS DU ROI", "sales": 2, "median_price": 530000.0, "median_price_per_sqm": 3136.094674556213, "median_rooms": 5.0, "first_sale": "2022-08-02", "last_sale": "2022-08-02"}}, {"type": "Feature", "geometry": {"type": "Point", "coordinates": [2.914397, 48.960165]}, "properties": {"id_parcelle": "77284000AI0058", "address": "30 AV DE L EPINETTE", "sales": 2, "median_price": 190000.0, "median_price_per_sqm": 555.316091954023, "median_rooms": 0.0, "first_sale": "2021-09-14", "last_sale": "2024-11-20"}}, {"type": "Feature", "geometry": {"type": "Point", "coordinates": [2.89897, 48.975024]}, "properties": {"id_parcelle": "77284000CB0228", "address": "8 RUE MAC MONNIES", "sales": 2, "median_price": 338000.0, "median_price_per_sqm": 3484.536082474227, "median_rooms": 4.0, "first_sale": "2023-07-06", "last_sale": "2023-07-06"}}, {"type": "Feature", "geometry": {"type": "Point", "coordinates": [2.897818, 48.975033]}, "properties": {"id_parcelle": "77284000CB0182", "address": "42 RUE DES VERGERS DU ROI", "sales": 2, "median_price": 439000.0, "median_price_per_sqm": 3251.8518518518517, "median_rooms": 5.0, "first_sale": "2022-09-20", "last_sale": "2022-09-20"}}, {"type": "Feature", "geometry": {"type": "Point", "coordinates": [2.89722, 48.975705]}, "properties": {"id_parcelle": "77284000CB0172", "address": "16 RUE DES VERGERS DU ROI", "sales": 2, "median_price": 358050.0, "median_price_per_sqm": null, "median_rooms": null, "first_sale": "2021-01-11", "last_sale": "2021-01-11"}}, {"type": "Feature", "geometry": {"type": "Point", "coordinates": [2.901986, 48.960962]}, "properties": {"id_parcelle": "77284000AH0135", "address": "AV DES SABLONS BOUILLANTS", "sales": 2, "median_price": 300000.0, "median_price_per_sqm": null, "median_rooms": null, "first_sale": "2022-06-24", "last_sale": "2022-10-28"}}, {"type": "Feature", "geometry": {"type": "Point", "coordinates": [2.90193, 48.961635]}, "properties": {"id_parcelle": "77284000AH0134", "address": "AV DES SABLONS BOUILLANTS", "sales": 2, "median_price": 300000.0, "median_price_per_sqm": null, "median_rooms": null, "first_sale": "2022-06-24", "last_sale": "2022-10-28"}}, {"type": "Feature", "geometry": {"type": "Point", "coordinates": [2.900797, 48.962215]}, "properties": {"id_parcelle": "77284000AH0131", "address": "AV DES SABLONS BOUILLANTS", "sales": 2, "median_price": 32600.0, "median_price_per_sqm": null, "median_rooms": null, "first_sale": "2021-10-22", "last_sale": "2021-11-30"}}, {"type": "Feature", "geometry": {"type": "Point", "coordinates": [2.903141, 48.961808]}, "properties": {"id_parcelle": "77284000AH0118", "address": "1 AV DE L EPINETTE", "sales": 2, "median_price": 32600.0, "median_price_per_sqm": null, "median_rooms": null, "first_sale": "2021-10-22", "last_sale": "2021-11-30"}}, {"type": "Feature", "geometry": {"type": "Point", "coordinates": [2.883238, 48.967118]}, "properties": {"id_parcelle": "77284000BX0585", "address": "3 RUE CAMILLE GUERIN", "sales": 2, "median_price": 242320.0, "median_price_per_sqm": null, "median_rooms": null, "first_sale": "2025-12-17", "last_sale": "2025-12-17"}}, {"type": "Feature", "geometry": {"type": "Point", "coordinates": [2.89389, 48.95738]}, "properties": {"id_parcelle": "77284000BH0068", "address": "204 RUE DU FAUBOURG SAINT NICOLAS", "sales": 2, "median_price": 184000.0, "median_price_per_sqm": 3118.64406779661, "median_rooms": 2.0, "first_sale": "2025-12-22", "last_sale": "2025-12-22"}}, {"type": "Feature", "geometry": {"type": "Point", "coordinates": [2.892784, 48.957787]}, "properties": {"id_parcelle": "77284000BH0039", "address": "137 RUE DU FAUBOURG ST NICOLAS", "sales": 2, "median_price": 155000.0, "median_price_per_sqm": 3039.2156862745096, "median_rooms": 1.0, "first_sale": "2021-09-10", "last_sale": "2021-09-10"}}, {"type": "Feature", "geometry": {"type": "Point", "coordinates": [2.894856, 48.951021]}, "properties": {"id_parcelle": "77284000BI0534", "address": "37 AV JEAN HENRI DUNANT", "sales": 2, "median_price": 5989913.0, "median_price_per_sqm": null, "median_rooms": null, "first_sale": "2022-04-01", "last_sale": "2022-08-02"}}, {"type": "Feature", "geometry": {"type": "Point", "coordinates": [2.88629, 48.954888]}, "properties": {"id_parcelle": "77284000BI0748", "address": "26 RUE GASTON MONNERVILLE", "sales": 2, "median_price": 31000.0, "median_price_per_sqm": null, "median_rooms": 0.0, "first_sale": "2021-05-21", "last_sale": "2021-05-21"}}, {"type": "Feature", "geometry": {"type": "Point", "coordinates": [2.889845, 48.95312]}, "properties": {"id_parcelle": "77284000BI0746", "address": "38 AV DU MARECHAL FOCH", "sales": 2, "median_price": 117500.0, "median_price_per_sqm": 2937.5, "median_rooms": 1.0, "first_sale": "2023-03-22", "last_sale": "2023-03-22"}}, {"type": "Feature", "geometry": {"type": "Point", "coordinates": [2.890486, 48.95814]}, "properties": {"id_parcelle": "77284000BH0013", "address": "97 RUE DU FAUBOURG ST NICOLAS", "sales": 2, "median_price": 284000.0, "median_price_per_sqm": 6272.313296903461, "median_rooms": 1.0, "first_sale": "2022-08-29", "last_sale": "2022-08-29"}}, {"type": "Feature", "geometry": {"type": "Point", "coordinates": [2.887776, 48.958923]}, "properties": {"id_parcelle": "77284000BE0194", "address": "10 RUE JEAN JAURES", "sales": 2, "median_price": 236550.0, "median_price_per_sqm": 1971.25, "median_rooms": 2.0, "first_sale": "2025-09-17", "last_sale": "2025-09-17"}}, {"type": "Feature", "geometry": {"type": "Point", "coordinates": [2.888009, 48.958989]}, "properties": {"id_parcelle": "77284000BE0192", "address": "14 RUE JEAN JAURES", "sales": 2, "median_price": 80000.0, "median_price_per_sqm": 3076.923076923077, "median_rooms": 0.5, "first_sale": "2024-09-16", "last_sale": "2024-09-16"}}, {"type": "Feature", "geometry": {"type": "Point", "coordinates": [2.888085, 48.959113]}, "properties": {"id_parcelle": "77284000BE0188", "address": "RUE JEAN JAURES", "sales": 2, "median_price": 42250.0, "median_price_per_sqm": null, "median_rooms": null, "first_sale": "2022-11-03", "last_sale": "2024-07-02"}}, {"type": "Feature", "geometry": {"type": "Point", "coordinates": [2.894181, 48.95068]}, "properties": {"id_parcelle": "77284000BI0130", "address": "41 AV JEAN HENRI DUNANT", "sales": 2, "median_price": 195000.0, "median_price_per_sqm": 3892.857142857143, "median_rooms": 1.0, "first_sale": "2021-07-08", "last_sale": "2021-07-08"}}, {"type": "Feature", "geometry": {"type": "Point", "coordinates": [2.888413, 48.959205]}, "properties": {"id_parcelle": "77284000BE0166", "address": "6 RUE CROIX SAINT LOUP", "sales": 2, "median_price": 224575.0, "median_price_per_sqm": null, "median_rooms": null, "first_sale": "2023-03-22", "last_sale": "2025-02-19"}}, {"type": "Feature", "geometry": {"type": "Point", "coordinates": [2.932717, 48.951793]}, "properties": {"id_parcelle": "77284000AP0290", "address": "15 RUE CHARLES TELLIER", "sales": 2, "median_price": 340000.0, "median_price_per_sqm": 1649.1130820399114, "median_rooms": 0.5, "first_sale": "2023-12-22", "last_sale": "2023-12-22"}}, {"type": "Feature", "geometry": {"type": "Point", "coordinates": [2.929858, 48.954146]}, "properties": {"id_parcelle": "77284000AP0227", "address": "14 RUE LOUIS FOURNIER", "sales": 2, "median_price": 644405.3, "median_price_per_sqm": 454.7673253352152, "median_rooms": 0.0, "first_sale": "2022-02-25", "last_sale": "2022-02-25"}}, {"type": "Feature", "geometry": {"type": "Point", "coordinates": [2.895056, 48.950426]}, "properties": {"id_parcelle": "77284000AX0210", "address": "3 RUE DU PIERRIS", "sales": 2, "median_price": 130000.0, "median_price_per_sqm": 1805.5555555555557, "median_rooms": 2.5, "first_sale": "2025-10-29", "last_sale": "2025-10-29"}}, {"type": "Feature", "geometry": {"type": "Point", "coordinates": [2.900834, 48.94612]}, "properties": {"id_parcelle": "77284000AX0437", "address": "17 RUE MARYSE BASTIE", "sales": 2, "median_price": 233000.0, "median_price_per_sqm": 2741.176470588235, "median_rooms": 2.0, "first_sale": "2021-08-25", "last_sale": "2021-08-25"}}, {"type": "Feature", "geometry": {"type": "Point", "coordinates": [2.900755, 48.946158]}, "properties": {"id_parcelle": "77284000AX0436", "address": "15 RUE MARYSE BASTIE", "sales": 2, "median_price": 280000.0, "median_price_per_sqm": 3294.1176470588234, "median_rooms": 2.0, "first_sale": "2023-01-23", "last_sale": "2023-01-23"}}, {"type": "Feature", "geometry": {"type": "Point", "coordinates": [2.929744, 48.955166]}, "properties": {"id_parcelle": "77284000AP0212", "address": "15 RUE LOUIS FOURNIER", "sales": 2, "median_price": 317000.0, "median_price_per_sqm": null, "median_rooms": null, "first_sale": "2021-02-09", "last_sale": "2025-12-17"}}, {"type": "Feature", "geometry": {"type": "Point", "coordinates": [2.930176, 48.95501]}, "properties": {"id_parcelle": "77284000AP0202", "address": "35 RUE LOUIS FOURNIER", "sales": 2, "median_price": 1118124.385, "median_price_per_sqm": null, "median_rooms": null, "first_sale": "2021-05-11", "last_sale": "2025-11-04"}}, {"type": "Feature", "geometry": {"type": "Point", "coordinates": [2.880085, 48.956212]}, "properties": {"id_parcelle": "77284000BO0253", "address": "45 RUE DE TREVISE", "sales": 2, "median_price": 137500.0, "median_price_per_sqm": 2675.0, "median_rooms": 2.5, "first_sale": "2021-08-31", "last_sale": "2022-09-29"}}, {"type": "Feature", "geometry": {"type": "Point", "coordinates": [2.877307, 48.955371]}, "properties": {"id_parcelle": "77284000BO0153", "address": "27 RUE DU CONNETABLE DE RICHEMONT", "sales": 2, "median_price": 120000.0, "median_price_per_sqm": 1250.0, "median_rooms": 0.0, "first_sale": "2022-08-26", "last_sale": "2023-12-23"}}, {"type": "Feature", "geometry": {"type": "Point", "coordinates": [2.88607, 48.958734]}, "properties": {"id_parcelle": "77284000BE0240", "address": "19 RUE DU FAUBOURG ST NICOLAS", "sales": 2, "median_price": 89500.0, "median_price_per_sqm": 3208.333333333333, "median_rooms": 0.5, "first_sale": "2023-05-26", "last_sale": "2024-11-05"}}, {"type": "Feature", "geometry": {"type": "Point", "coordinates": [2.879154, 48.959466]}, "properties": {"id_parcelle": "77284000BR0178", "address": "10 RUE DE LA CORDONNERIE", "sales": 2, "median_price": 112750.0, "median_price_per_sqm": 3540.991902834008, "median_rooms": 1.0, "first_sale": "2023-03-20", "last_sale": "2023-09-20"}}, {"type": "Feature", "geometry": {"type": "Point", "coordinates": [2.879743, 48.955529]}, "properties": {"id_parcelle": "77284000BO0285", "address": "71 RUE DU COMMANDANT BERGE", "sales": 2, "median_price": 91250.0, "median_price_per_sqm": 4351.830663615561, "median_rooms": 1.0, "first_sale": "2023-10-30", "last_sale": "2024-03-11"}}, {"type": "Feature", "geometry": {"type": "Point", "coordinates": [2.878242, 48.959521]}, "properties": {"id_parcelle": "77284000BR0065", "address": "7 RUE DE MARTIMPREY", "sales": 2, "median_price": 147000.0, "median_price_per_sqm": 3585.3658536585367, "median_rooms": 1.0, "first_sale": "2025-01-13", "last_sale": "2025-01-13"}}, {"type": "Feature", "geometry": {"type": "Point", "coordinates": [2.879345, 48.95873]}, "properties": {"id_parcelle": "77284000BR0100", "address": "11 RUE DARNETAL", "sales": 2, "median_price": 210000.0, "median_price_per_sqm": 2815.061475409836, "median_rooms": 2.5, "first_sale": "2021-11-30", "last_sale": "2021-11-30"}}, {"type": "Feature", "geometry": {"type": "Point", "coordinates": [2.877635, 48.959717]}, "properties": {"id_parcelle": "77284000BR0166", "address": "12 RUE DE MARTIMPREY", "sales": 2, "median_price": 112000.0, "median_price_per_sqm": 4090.225563909775, "median_rooms": 1.5, "first_sale": "2022-03-29", "last_sale": "2022-03-29"}}, {"type": "Feature", "geometry": {"type": "Point", "coordinates": [2.882425, 48.958935]}, "properties": {"id_parcelle": "77284000BS0155", "address": "4 CRS RAOULT", "sales": 2, "median_price": 122725.0, "median_price_per_sqm": 4090.8333333333335, "median_rooms": 1.0, "first_sale": "2021-06-30", "last_sale": "2023-02-09"}}, {"type": "Feature", "geometry": {"type": "Point", "coordinates": [2.882692, 48.959474]}, "properties": {"id_parcelle": "77284000BS0148", "address": "11 PL HENRI IV", "sales": 2, "median_price": 900000.0, "median_price_per_sqm": 45328.46715328467, "median_rooms": 0.0, "first_sale": "2023-06-26", "last_sale": "2023-06-26"}}, {"type": "Feature", "geometry": {"type": "Point", "coordinates": [2.879091, 48.959291]}, "properties": {"id_parcelle": "77284000BR0082", "address": "16 RUE DE LA CORDONNERIE", "sales": 2, "median_price": 143000.0, "median_price_per_sqm": 3972.222222222222, "median_rooms": 2.0, "first_sale": "2021-05-06", "last_sale": "2025-06-05"}}, {"type": "Feature", "geometry": {"type": "Point", "coordinates": [2.878803, 48.959627]}, "properties": {"id_parcelle": "77284000BR0071", "address": "13 RUE SAINT ETIENNE", "sales": 2, "median_price": 790000.0, "median_price_per_sqm": 19091.666666666668, "median_rooms": 1.0, "first_sale": "2023-04-24", "last_sale": "2023-04-24"}}, {"type": "Feature", "geometry": {"type": "Point", "coordinates": [2.934959, 48.95666]}, "properties": {"id_parcelle": "77284000AO0416", "address": "302 AV DE LA VICTOIRE", "sales": 2, "median_price": 325000.0, "median_price_per_sqm": 3532.608695652174, "median_rooms": 4.0, "first_sale": "2021-03-18", "last_sale": "2021-03-18"}}, {"type": "Feature", "geometry": {"type": "Point", "coordinates": [2.891973, 48.957583]}, "properties": {"id_parcelle": "77284000BH0103", "address": "156 RUE DU FAUBOURG ST NICOLAS", "sales": 2, "median_price": 280000.0, "median_price_per_sqm": 3636.3636363636365, "median_rooms": 2.0, "first_sale": "2021-08-24", "last_sale": "2021-08-24"}}, {"type": "Feature", "geometry": {"type": "Point", "coordinates": [2.8809, 48.961112]}, "properties": {"id_parcelle": "77284000BS0101", "address": "2 PL SAINT MAUR", "sales": 2, "median_price": 810000.0, "median_price_per_sqm": 2004.950495049505, "median_rooms": 16.0, "first_sale": "2023-06-27", "last_sale": "2023-06-27"}}, {"type": "Feature", "geometry": {"type": "Point", "coordinates": [2.88018, 48.951903]}, "properties": {"id_parcelle": "77284000BN0014", "address": "11 RUE DE NANTEUIL", "sales": 2, "median_price": 150000.0, "median_price_per_sqm": 3758.599124452783, "median_rooms": 1.5, "first_sale": "2022-07-18", "last_sale": "2025-09-15"}}, {"type": "Feature", "geometry": {"type": "Point", "coordinates": [2.880299, 48.954273]}, "properties": {"id_parcelle": "77284000BN0118", "address": "33 RUE CORNILLON", "sales": 2, "median_price": 187550.0, "median_price_per_sqm": null, "median_rooms": null, "first_sale": "2023-11-09", "last_sale": "2024-01-15"}}, {"type": "Feature", "geometry": {"type": "Point", "coordinates": [2.930576, 48.954818]}, "properties": {"id_parcelle": "77284000AP0083", "address": "22 ALL DES PLATANES", "sales": 2, "median_price": 1118124.385, "median_price_per_sqm": 473.38034928027093, "median_rooms": 0.0, "first_sale": "2021-05-11", "last_sale": "2025-11-04"}}, {"type": "Feature", "geometry": {"type": "Point", "coordinates": [2.894099, 48.957881]}, "properties": {"id_parcelle": "77284000BH0227", "address": "155 RUE DU FAUBOURG ST NICOLAS", "sales": 2, "median_price": 5875.0, "median_price_per_sqm": null, "median_rooms": 0.0, "first_sale": "2023-09-20", "last_sale": "2024-09-09"}}, {"type": "Feature", "geometry": {"type": "Point", "coordinates": [2.890925, 48.95664]}, "properties": {"id_parcelle": "77284000BH0195", "address": "49 RUE DE FUBLAINES", "sales": 2, "median_price": 241000.0, "median_price_per_sqm": 2677.777777777778, "median_rooms": 2.0, "first_sale": "2021-09-20", "last_sale": "2021-09-20"}}, {"type": "Feature", "geometry": {"type": "Point", "coordinates": [2.888297, 48.95797]}, "properties": {"id_parcelle": "77284000BE0091", "address": "64 RUE DU FAUBOURG ST NICOLAS", "sales": 2, "median_price": 230000.0, "median_price_per_sqm": 2300.0, "median_rooms": 2.0, "first_sale": "2021-01-28", "last_sale": "2021-01-28"}}, {"type": "Feature", "geometry": {"type": "Point", "coordinates": [2.886089, 48.957135]}, "properties": {"id_parcelle": "77284000BE0447", "address": "17 RUE DE LA CRECHE", "sales": 2, "median_price": 180000.0, "median_price_per_sqm": null, "median_rooms": 0.0, "first_sale": "2023-09-20", "last_sale": "2023-09-20"}}, {"type": "Feature", "geometry": {"type": "Point", "coordinates": [2.88611, 48.957811]}, "properties": {"id_parcelle": "77284000BE0424", "address": "5 RUE DE LA CRECHE", "sales": 2, "median_price": 91750.0, "median_price_per_sqm": 3528.846153846154, "median_rooms": 2.0, "first_sale": "2021-07-16", "last_sale": "2022-10-28"}}, {"type": "Feature", "geometry": {"type": "Point", "coordinates": [2.890575, 48.957694]}, "properties": {"id_parcelle": "77284000BH0144", "address": "118 RUE DU FAUBOURG ST NICOLAS", "sales": 2, "median_price": 340000.0, "median_price_per_sqm": 3400.0, "median_rooms": 2.0, "first_sale": "2022-09-29", "last_sale": "2022-09-29"}}, {"type": "Feature", "geometry": {"type": "Point", "coordinates": [2.882629, 48.960828]}, "properties": {"id_parcelle": "77284000BS0104", "address": "39 BD JEAN ROSE", "sales": 2, "median_price": 130000.0, "median_price_per_sqm": 2407.4074074074074, "median_rooms": 0.0, "first_sale": "2025-10-17", "last_sale": "2025-10-17"}}, {"type": "Feature", "geometry": {"type": "Point", "coordinates": [2.877271, 48.945354]}, "properties": {"id_parcelle": "77284000BL0281", "address": "6 IMP DU CLOS", "sales": 2, "median_price": 333100.0, "median_price_per_sqm": null, "median_rooms": null, "first_sale": "2021-12-01", "last_sale": "2024-12-26"}}, {"type": "Feature", "geometry": {"type": "Point", "coordinates": [2.876722, 48.944546]}, "properties": {"id_parcelle": "77284000BL0662", "address": "RUE PIERRE NAVARRE", "sales": 2, "median_price": 169914.5, "median_price_per_sqm": null, "median_rooms": null, "first_sale": "2021-05-17", "last_sale": "2023-02-07"}}, {"type": "Feature", "geometry": {"type": "Point", "coordinates": [2.876636, 48.944497]}, "properties": {"id_parcelle": "77284000BL0661", "address": "RUE PIERRE NAVARRE", "sales": 2, "median_price": 169914.5, "median_price_per_sqm": null, "median_rooms": null, "first_sale": "2021-05-17", "last_sale": "2023-02-07"}}, {"type": "Feature", "geometry": {"type": "Point", "coordinates": [2.878741, 48.956249]}, "properties": {"id_parcelle": "77284000BO0092", "address": "22 PL DU MARCHE", "sales": 2, "median_price": 101500.0, "median_price_per_sqm": 2500.810810810811, "median_rooms": 2.0, "first_sale": "2024-02-27", "last_sale": "2024-09-19"}}, {"type": "Feature", "geometry": {"type": "Point", "coordinates": [2.878581, 48.956468]}, "properties": {"id_parcelle": "77284000BO0086", "address": "13 RUE DES REMPARTS", "sales": 2, "median_price": 152100.0, "median_price_per_sqm": 3042.0, "median_rooms": 1.5, "first_sale": "2024-02-12", "last_sale": "2024-02-12"}}, {"type": "Feature", "geometry": {"type": "Point", "coordinates": [2.879335, 48.956911]}, "properties": {"id_parcelle": "77284000BO0073", "address": "22 RUE DU COMMANDANT BERGE", "sales": 2, "median_price": 232000.0, "median_price_per_sqm": 1979.9373040752353, "median_rooms": 0.5, "first_sale": "2021-06-07", "last_sale": "2021-07-29"}}, {"type": "Feature", "geometry": {"type": "Point", "coordinates": [2.878921, 48.94842]}, "properties": {"id_parcelle": "77284000BL0558", "address": "38 RUE FRANCOIS DE TESSAN", "sales": 2, "median_price": 220000.0, "median_price_per_sqm": 1447.3684210526317, "median_rooms": 6.0, "first_sale": "2023-09-05", "last_sale": "2023-09-05"}}, {"type": "Feature", "geometry": {"type": "Point", "coordinates": [2.878267, 48.943077]}, "properties": {"id_parcelle": "77284000BL0449", "address": "4 RUE PIERRE RONSARD", "sales": 2, "median_price": 280000.0, "median_price_per_sqm": 2568.8073394495414, "median_rooms": 5.0, "first_sale": "2022-05-17", "last_sale": "2022-05-17"}}, {"type": "Feature", "geometry": {"type": "Point", "coordinates": [2.875724, 48.943677]}, "properties": {"id_parcelle": "77284000BL0399", "address": "12 ALL DES MONTAUBANS", "sales": 2, "median_price": 362630.0, "median_price_per_sqm": 3153.304347826087, "median_rooms": 5.0, "first_sale": "2023-08-22", "last_sale": "2023-08-22"}}, {"type": "Feature", "geometry": {"type": "Point", "coordinates": [2.893048, 48.956209]}, "properties": {"id_parcelle": "77284000AY0117", "address": "12 CHE DE LA PROCESSION", "sales": 2, "median_price": 445000.0, "median_price_per_sqm": 4362.745098039216, "median_rooms": 5.0, "first_sale": "2022-09-09", "last_sale": "2022-09-09"}}, {"type": "Feature", "geometry": {"type": "Point", "coordinates": [2.87994, 48.956415]}, "properties": {"id_parcelle": "77284000BO0294", "address": "35 RUE DU COMMANDANT BERGE", "sales": 2, "median_price": 176250.0, "median_price_per_sqm": 2364.928463855422, "median_rooms": 3.5, "first_sale": "2022-09-26", "last_sale": "2025-04-22"}}, {"type": "Feature", "geometry": {"type": "Point", "coordinates": [2.898377, 48.957441]}, "properties": {"id_parcelle": "77284000AZ0056", "address": "49 AV DU PRESIDENT ROOSEVELT", "sales": 2, "median_price": 1480000.0, "median_price_per_sqm": 910.7692307692307, "median_rooms": 0.0, "first_sale": "2021-07-28", "last_sale": "2021-07-28"}}, {"type": "Feature", "geometry": {"type": "Point", "coordinates": [2.898584, 48.957449]}, "properties": {"id_parcelle": "77284000AZ0055", "address": "53 AV DU PRESIDENT ROOSEVELT", "sales": 2, "median_price": 320000.0, "median_price_per_sqm": 2622.9508196721313, "median_rooms": 2.0, "first_sale": "2022-11-09", "last_sale": "2022-11-09"}}, {"type": "Feature", "geometry": {"type": "Point", "coordinates": [2.89879, 48.957385]}, "properties": {"id_parcelle": "77284000AZ0052", "address": "55 AV DU PRESIDENT ROOSEVELT", "sales": 2, "median_price": 260000.0, "median_price_per_sqm": 2566.6666666666665, "median_rooms": 2.0, "first_sale": "2023-12-28", "last_sale": "2023-12-28"}}, {"type": "Feature", "geometry": {"type": "Point", "coordinates": [2.879862, 48.952413]}, "properties": {"id_parcelle": "77284000BN0154", "address": "1 RUE FRANCOIS DE TESSAN", "sales": 2, "median_price": 181500.0, "median_price_per_sqm": 3125.0, "median_rooms": 3.0, "first_sale": "2022-06-14", "last_sale": "2024-07-09"}}, {"type": "Feature", "geometry": {"type": "Point", "coordinates": [2.875826, 48.945177]}, "properties": {"id_parcelle": "77284000BL0174", "address": "79 RUE GEORGES RENARD", "sales": 2, "median_price": 360000.0, "median_price_per_sqm": 3364.4859813084113, "median_rooms": 4.0, "first_sale": "2023-10-27", "last_sale": "2023-10-27"}}, {"type": "Feature", "geometry": {"type": "Point", "coordinates": [2.877881, 48.942933]}, "properties": {"id_parcelle": "77284000BL0160", "address": "4 RUE PIERRE RONSARD", "sales": 2, "median_price": 375250.0, "median_price_per_sqm": 2779.6296296296296, "median_rooms": 7.0, "first_sale": "2021-11-26", "last_sale": "2021-11-26"}}, {"type": "Feature", "geometry": {"type": "Point", "coordinates": [2.879112, 48.94725]}, "properties": {"id_parcelle": "77284000BL0152", "address": "46 RUE FRANCOIS DE TESSAN", "sales": 2, "median_price": 2130000.0, "median_price_per_sqm": 1468.2807522951866, "median_rooms": 0.0, "first_sale": "2022-05-10", "last_sale": "2022-05-10"}}, {"type": "Feature", "geometry": {"type": "Point", "coordinates": [2.875002, 48.941872]}, "properties": {"id_parcelle": "77284000BL0080", "address": "32 RUE PIERRE RONSARD", "sales": 2, "median_price": 245000.0, "median_price_per_sqm": 3602.9411764705883, "median_rooms": 2.0, "first_sale": "2025-06-13", "last_sale": "2025-06-13"}}, {"type": "Feature", "geometry": {"type": "Point", "coordinates": [2.874774, 48.942008]}, "properties": {"id_parcelle": "77284000BL0079", "address": "21 RUE DU CLOS GODET", "sales": 2, "median_price": 435000.0, "median_price_per_sqm": 3717.948717948718, "median_rooms": 3.0, "first_sale": "2024-04-26", "last_sale": "2024-04-26"}}, {"type": "Feature", "geometry": {"type": "Point", "coordinates": [2.890881, 48.951582]}, "properties": {"id_parcelle": "77284000BI0173", "address": "19 RUE LEON BARBIER", "sales": 2, "median_price": 267000.0, "median_price_per_sqm": 4107.692307692308, "median_rooms": 2.0, "first_sale": "2022-05-10", "last_sale": "2022-05-10"}}, {"type": "Feature", "geometry": {"type": "Point", "coordinates": [2.892787, 48.955274]}, "properties": {"id_parcelle": "77284000AY0104", "address": "79 RUE DE FUBLAINES", "sales": 2, "median_price": 233500.0, "median_price_per_sqm": 2847.560975609756, "median_rooms": 1.5, "first_sale": "2022-08-10", "last_sale": "2022-08-10"}}, {"type": "Feature", "geometry": {"type": "Point", "coordinates": [2.893021, 48.955661]}, "properties": {"id_parcelle": "77284000AY0101", "address": "75 RUE DE FUBLAINES", "sales": 2, "median_price": 85561.0, "median_price_per_sqm": 5704.066666666667, "median_rooms": 0.5, "first_sale": "2021-12-17", "last_sale": "2021-12-17"}}, {"type": "Feature", "geometry": {"type": "Point", "coordinates": [2.896574, 48.953526]}, "properties": {"id_parcelle": "77284000AY0069", "address": "12 CHE DU TOURNAY", "sales": 2, "median_price": 220000.0, "median_price_per_sqm": 3728.813559322034, "median_rooms": 2.0, "first_sale": "2025-03-26", "last_sale": "2025-03-26"}}, {"type": "Feature", "geometry": {"type": "Point", "coordinates": [2.897759, 48.953135]}, "properties": {"id_parcelle": "77284000AY0363", "address": "ALL DES COLIBRIS", "sales": 2, "median_price": 217500.0, "median_price_per_sqm": null, "median_rooms": null, "first_sale": "2022-12-22", "last_sale": "2024-04-10"}}, {"type": "Feature", "geometry": {"type": "Point", "coordinates": [2.894396, 48.955958]}, "properties": {"id_parcelle": "77284000AY0341", "address": "100 AV DU MARECHAL FOCH", "sales": 2, "median_price": 380000.0, "median_price_per_sqm": 2620.689655172414, "median_rooms": 0.0, "first_sale": "2024-11-08", "last_sale": "2024-11-08"}}, {"type": "Feature", "geometry": {"type": "Point", "coordinates": [2.896126, 48.952969]}, "properties": {"id_parcelle": "77284000AY0311", "address": "7 ALL DES COLIBRIS", "sales": 2, "median_price": 230000.0, "median_price_per_sqm": 1729.3233082706768, "median_rooms": 6.0, "first_sale": "2023-12-27", "last_sale": "2023-12-27"}}, {"type": "Feature", "geometry": {"type": "Point", "coordinates": [2.894329, 48.959302]}, "properties": {"id_parcelle": "77284000BC0373", "address": "125 AV DE LA REPUBLIQUE", "sales": 2, "median_price": 220000.0, "median_price_per_sqm": 5789.473684210527, "median_rooms": 1.5, "first_sale": "2022-08-19", "last_sale": "2022-08-19"}}, {"type": "Feature", "geometry": {"type": "Point", "coordinates": [2.893254, 48.959807]}, "properties": {"id_parcelle": "77284000BC0329", "address": "113 AV DE LA REPUBLIQUE", "sales": 2, "median_price": 335000.0, "median_price_per_sqm": 3073.394495412844, "median_rooms": 2.5, "first_sale": "2021-10-08", "last_sale": "2021-10-08"}}, {"type": "Feature", "geometry": {"type": "Point", "coordinates": [2.897876, 48.962613]}, "properties": {"id_parcelle": "77284000AZ0130", "address": "82 AV DU MARECHAL JOFFRE", "sales": 2, "median_price": 378000.0, "median_price_per_sqm": 3500.0, "median_rooms": 2.5, "first_sale": "2025-08-26", "last_sale": "2025-08-26"}}, {"type": "Feature", "geometry": {"type": "Point", "coordinates": [2.896318, 48.960035]}, "properties": {"id_parcelle": "77284000AZ0107", "address": "50 AV DU MARECHAL JOFFRE", "sales": 2, "median_price": 295000.0, "median_price_per_sqm": 6145.833333333333, "median_rooms": 1.5, "first_sale": "2022-05-25", "last_sale": "2022-05-25"}}, {"type": "Feature", "geometry": {"type": "Point", "coordinates": [2.89537, 48.957634]}, "properties": {"id_parcelle": "77284000AZ0077", "address": "13 AV DU PRESIDENT ROOSEVELT", "sales": 2, "median_price": 277000.0, "median_price_per_sqm": 3703.3695652173915, "median_rooms": 1.5, "first_sale": "2021-08-04", "last_sale": "2021-08-04"}}, {"type": "Feature", "geometry": {"type": "Point", "coordinates": [2.878091, 48.94628]}, "properties": {"id_parcelle": "77284000BL0304", "address": "18 IMP DU CLOS", "sales": 2, "median_price": 305500.0, "median_price_per_sqm": 2633.6206896551726, "median_rooms": 3.0, "first_sale": "2022-10-12", "last_sale": "2022-10-12"}}, {"type": "Feature", "geometry": {"type": "Point", "coordinates": [2.898284, 48.951471]}, "properties": {"id_parcelle": "77284000AX0169", "address": "41 RUE PAUL BARENNES", "sales": 2, "median_price": 237000.0, "median_price_per_sqm": 2135.135135135135, "median_rooms": 2.5, "first_sale": "2025-05-02", "last_sale": "2025-05-02"}}, {"type": "Feature", "geometry": {"type": "Point", "coordinates": [2.894478, 48.950376]}, "properties": {"id_parcelle": "77284000AX0211", "address": "1 RUE DU PIERRIS", "sales": 2, "median_price": 125000.0, "median_price_per_sqm": 1953.125, "median_rooms": 2.0, "first_sale": "2023-07-27", "last_sale": "2023-07-27"}}, {"type": "Feature", "geometry": {"type": "Point", "coordinates": [2.87924, 48.956098]}, "properties": {"id_parcelle": "77284000BO0070", "address": "11 PL DU MARCHE", "sales": 2, "median_price": 210000.0, "median_price_per_sqm": 6356.132075471698, "median_rooms": 0.0, "first_sale": "2022-05-23", "last_sale": "2022-05-23"}}, {"type": "Feature", "geometry": {"type": "Point", "coordinates": [2.880566, 48.955874]}, "properties": {"id_parcelle": "77284000BO0043", "address": "42 QUAI SADI CARNOT", "sales": 2, "median_price": 111500.0, "median_price_per_sqm": 4257.142857142857, "median_rooms": 2.0, "first_sale": "2024-10-24", "last_sale": "2025-12-29"}}, {"type": "Feature", "geometry": {"type": "Point", "coordinates": [2.879618, 48.950254]}, "properties": {"id_parcelle": "77284000BM0185", "address": "1 RUE GEORGES RENARD", "sales": 2, "median_price": 335000.0, "median_price_per_sqm": null, "median_rooms": 0.0, "first_sale": "2022-11-14", "last_sale": "2022-11-14"}}, {"type": "Feature", "geometry": {"type": "Point", "coordinates": [2.879666, 48.949814]}, "properties": {"id_parcelle": "77284000BM0124", "address": "22 RUE FRANCOIS DE TESSAN", "sales": 2, "median_price": 335000.0, "median_price_per_sqm": 3526.315789473684, "median_rooms": 4.0, "first_sale": "2022-11-14", "last_sale": "2022-11-14"}}, {"type": "Feature", "geometry": {"type": "Point", "coordinates": [2.878091, 48.948032]}, "properties": {"id_parcelle": "77284000BM0065", "address": "29 RUE GEORGES RENARD", "sales": 2, "median_price": 300500.0, "median_price_per_sqm": 4173.611111111111, "median_rooms": 2.0, "first_sale": "2024-05-31", "last_sale": "2024-05-31"}}, {"type": "Feature", "geometry": {"type": "Point", "coordinates": [2.890175, 48.956652]}, "properties": {"id_parcelle": "77284000BI0759", "address": "34 RUE DE FUBLAINES", "sales": 2, "median_price": 101000.0, "median_price_per_sqm": 2865.6330749354006, "median_rooms": 2.0, "first_sale": "2021-10-21", "last_sale": "2025-06-20"}}, {"type": "Feature", "geometry": {"type": "Point", "coordinates": [2.877769, 48.942758]}, "properties": {"id_parcelle": "77284000BL0383", "address": "6 RUE PIERRE RONSARD", "sales": 2, "median_price": 422250.0, "median_price_per_sqm": 2952.7972027972028, "median_rooms": 5.0, "first_sale": "2022-04-15", "last_sale": "2022-04-15"}}, {"type": "Feature", "geometry": {"type": "Point", "coordinates": [2.877394, 48.945459]}, "properties": {"id_parcelle": "77284000BL0311", "address": "20 RUE PIERRE NAVARRE", "sales": 2, "median_price": 333100.0, "median_price_per_sqm": 2947.787610619469, "median_rooms": 4.0, "first_sale": "2021-12-01", "last_sale": "2024-12-26"}}, {"type": "Feature", "geometry": {"type": "Point", "coordinates": [2.895519, 48.957852]}, "properties": {"id_parcelle": "77284000AZ0073", "address": "19 AV DU PRESIDENT ROOSEVELT", "sales": 2, "median_price": 194000.0, "median_price_per_sqm": 2425.0, "median_rooms": 2.5, "first_sale": "2023-06-27", "last_sale": "2023-06-27"}}]}