{"type": "FeatureCollection", "features": [{"type": "Feature", "geometry": {"type": "Point", "coordinates": [2.300144, 48.852121]}, "properties": {"id_parcelle": "75107000BU0021", "address": "6 AV EMILE ACOLLAS", "sales": 156, "median_price": 1000.0, "median_price_per_sqm": 10.1010101010101, "median_rooms": 0.0, "first_sale": "2021-01-29", "last_sale": "2025-09-12"}}, {"type": "Feature", "geometry": {"type": "Point", "coordinates": [2.313709, 48.848424]}, "properties": {"id_parcelle": "75107000BJ0018", "address": "4 RUE MASSERAN", "sales": 108, "median_price": 1240000.0, "median_price_per_sqm": 12430.0, "median_rooms": 0.0, "first_sale": "2021-01-06", "last_sale": "2025-12-23"}}, {"type": "Feature", "geometry": {"type": "Point", "coordinates": [2.328246, 48.852695]}, "properties": {"id_parcelle": "75107000AF0031", "address": "7 RUE DE LA CHAISE", "sales": 87, "median_price": 1971000.0, "median_price_per_sqm": 20731.70731707317, "median_rooms": 0.0, "first_sale": "2021-03-11", "last_sale": "2025-11-21"}}, {"type": "Feature", "geometry": {"type": "Point", "coordinates": [2.320496, 48.848997]}, "properties": {"id_parcelle": "75107000AH0015", "address": "42 RUE VANEAU", "sales": 84, "median_price": 1223452.0, "median_price_per_sqm": 21374.285714285714, "median_rooms": 0.0, "first_sale": "2021-01-13", "last_sale": "2025-09-19"}}, {"type": "Feature", "geometry": {"type": "Point", "coordinates": [2.304341, 48.861378]}, "properties": {"id_parcelle": "75107000CN0018", "address": "174 RUE DE L UNIVERSITE", "sales": 79, "median_price": 56000000.0, "median_price_per_sqm": 500000.0, "median_rooms": 0.0, "first_sale": "2024-03-27", "last_sale": "2024-03-27"}}, {"type": "Feature", "geometry": {"type": "Point", "coordinates": [2.322118, 48.855697]}, "properties": {"id_parcelle": "75107000AL0017", "address": "83 RUE DE GRENELLE", "sales": 72, "median_price": 97500000.0, "median_price_per_sqm": 641447.3684210526, "median_rooms": 0.0, "first_sale": "2025-03-31", "last_sale": "2025-03-31"}}, {"type": "Feature", "geometry": {"type": "Point", "coordinates": [2.306566, 48.855327]}, "properties": {"id_parcelle": "75107000BW0068", "address": "34 AV DE LA MOTTE PICQUET", "sales": 68, "median_price": 19602500.0, "median_price_per_sqm": 178217.82178217822, "median_rooms": 0.0, "first_sale": "2023-10-23", "last_sale": "2024-12-11"}}, {"type": "Feature", "geometry": {"type": "Point", "coordinates": [2.305094, 48.860682]}, "properties": {"id_parcelle": "75107000CK0066", "address": "153 RUE DE L UNIVERSITE", "sales": 66, "median_price": 1025000.0, "median_price_per_sqm": 14436.61971830986, "median_rooms": 0.0, "first_sale": "2021-12-21", "last_sale": "2025-12-22"}}, {"type": "Feature", "geometry": {"type": "Point", "coordinates": [2.310823, 48.853251]}, "properties": {"id_parcelle": "75107000BR0024", "address": "1 PL VAUBAN", "sales": 63, "median_price": 2030000.0, "median_price_per_sqm": 16239.31623931624, "median_rooms": 0.0, "first_sale": "2021-01-27", "last_sale": "2025-12-30"}}, {"type": "Feature", "geometry": {"type": "Point", "coordinates": [2.307577, 48.847441]}, "properties": {"id_parcelle": "75107000BO0030", "address": "143 AV DE SUFFREN", "sales": 63, "median_price": 13200.0, "median_price_per_sqm": 92.32575201760821, "median_rooms": 0.0, "first_sale": "2021-09-22", "last_sale": "2025-03-25"}}, {"type": "Feature", "geometry": {"type": "Point", "coordinates": [2.306712, 48.85893]}, "properties": {"id_parcelle": "75107000BZ0014", "address": "101 RUE ST DOMINIQUE", "sales": 63, "median_price": 350250.0, "median_price_per_sqm": 13330.882352941177, "median_rooms": 0.0, "first_sale": "2021-01-28", "last_sale": "2025-11-12"}}, {"type": "Feature", "geometry": {"type": "Point", "coordinates": [2.308436, 48.858618]}, "properties": {"id_parcelle": "75107000BZ0058", "address": "166 RUE DE GRENELLE", "sales": 60, "median_price": 835000.0, "median_price_per_sqm": 13222.0234375, "median_rooms": 0.0, "first_sale": "2021-03-19", "last_sale": "2025-10-24"}}, {"type": "Feature", "geometry": {"type": "Point", "coordinates": [2.323447, 48.853924]}, "properties": {"id_parcelle": "75107000AK0032", "address": "100 RUE DU BAC", "sales": 60, "median_price": 22000000.0, "median_price_per_sqm": 500000.0, "median_rooms": 2.0, "first_sale": "2025-03-20", "last_sale": "2025-10-30"}}, {"type": "Feature", "geometry": {"type": "Point", "coordinates": [2.304381, 48.859614]}, "properties": {"id_parcelle": "75107000CK0090", "address": "96 RUE ST DOMINIQUE", "sales": 56, "median_price": 1176000.0, "median_price_per_sqm": 13921.875, "median_rooms": 0.0, "first_sale": "2021-05-28", "last_sale": "2025-10-31"}}, {"type": "Feature", "geometry": {"type": "Point", "coordinates": [2.304396, 48.854444]}, "properties": {"id_parcelle": "75107000BV0028", "address": "9 AV FREDERIC LE PLAY", "sales": 56, "median_price": 57000000.0, "median_price_per_sqm": 444021.7391304348, "median_rooms": 0.0, "first_sale": "2021-10-04", "last_sale": "2021-10-04"}}, {"type": "Feature", "geometry": {"type": "Point", "coordinates": [2.291991, 48.857314]}, "properties": {"id_parcelle": "75107000CS0022", "address": "2 RUE DE BUENOS AIRES", "sales": 55, "median_price": 165000000.0, "median_price_per_sqm": 799261.0837438423, "median_rooms": 0.0, "first_sale": "2025-04-15", "last_sale": "2025-04-15"}}, {"type": "Feature", "geometry": {"type": "Point", "coordinates": [2.303797, 48.862091]}, "properties": {"id_parcelle": "75107000CN0008", "address": "81 QUAI D ORSAY", "sales": 52, "median_price": 10000.0, "median_price_per_sqm": 96.8013468013468, "median_rooms": 0.0, "first_sale": "2022-06-21", "last_sale": "2025-01-21"}}, {"type": "Feature", "geometry": {"type": "Point", "coordinates": [2.302758, 48.857439]}, "properties": {"id_parcelle": "75107000CD0064", "address": "3 RUE DU GROS CAILLOU", "sales": 51, "median_price": 365000.0, "median_price_per_sqm": 20000.0, "median_rooms": 2.0, "first_sale": "2021-01-18", "last_sale": "2024-11-07"}}, {"type": "Feature", "geometry": {"type": "Point", "coordinates": [2.291589, 48.857411]}, "properties": {"id_parcelle": "75107000CS0019", "address": "71 QUAI JACQUES CHIRAC", "sales": 51, "median_price": 165000000.0, "median_price_per_sqm": 1078431.3725490195, "median_rooms": 0.0, "first_sale": "2025-04-15", "last_sale": "2025-04-15"}}, {"type": "Feature", "geometry": {"type": "Point", "coordinates": [2.308107, 48.859162]}, "properties": {"id_parcelle": "75107000BZ0059", "address": "85 RUE ST DOMINIQUE", "sales": 48, "median_price": 405246.485, "median_price_per_sqm": 11488.0, "median_rooms": 1.0, "first_sale": "2021-06-24", "last_sale": "2025-11-26"}}, {"type": "Feature", "geometry": {"type": "Point", "coordinates": [2.30636, 48.860077]}, "properties": {"id_parcelle": "75107000CL0076", "address": "35 RUE MALAR", "sales": 48, "median_price": 765000.0, "median_price_per_sqm": 14600.0, "median_rooms": 0.0, "first_sale": "2021-04-27", "last_sale": "2025-12-05"}}, {"type": "Feature", "geometry": {"type": "Point", "coordinates": [2.291754, 48.857472]}, "properties": {"id_parcelle": "75107000CS0017", "address": "67 QUAI JACQUES CHIRAC", "sales": 47, "median_price": 165000000.0, "median_price_per_sqm": 797101.4492753623, "median_rooms": 0.0, "first_sale": "2025-04-15", "last_sale": "2025-04-15"}}, {"type": "Feature", "geometry": {"type": "Point", "coordinates": [2.306876, 48.860066]}, "properties": {"id_parcelle": "75107000CL0077", "address": "80 RUE ST DOMINIQUE", "sales": 47, "median_price": 1000000.0, "median_price_per_sqm": 13848.114169215087, "median_rooms": 0.0, "first_sale": "2021-05-25", "last_sale": "2025-05-27"}}, {"type": "Feature", "geometry": {"type": "Point", "coordinates": [2.295335, 48.855029]}, "properties": {"id_parcelle": "75107000CG0008", "address": "6 AV DU DOCTEUR BROUARDEL", "sales": 45, "median_price": 28950000.0, "median_price_per_sqm": 231600.0, "median_rooms": 0.0, "first_sale": "2025-12-03", "last_sale": "2025-12-03"}}, {"type": "Feature", "geometry": {"type": "Point", "coordinates": [2.30403, 48.855524]}, "properties": {"id_parcelle": "75107000BW0087", "address": "101 AV DE LA BOURDONNAIS", "sales": 45, "median_price": 350000.0, "median_price_per_sqm": 13219.65811965812, "median_rooms": 0.0, "first_sale": "2021-05-12", "last_sale": "2025-12-11"}}, {"type": "Feature", "geometry": {"type": "Point", "coordinates": [2.299537, 48.859083]}, "properties": {"id_parcelle": "75107000CI0045", "address": "6 RUE DU GAL CAMOU", "sales": 44, "median_price": 1595000.0, "median_price_per_sqm": 18711.11111111111, "median_rooms": 0.0, "first_sale": "2021-01-11", "last_sale": "2025-02-12"}}, {"type": "Feature", "geometry": {"type": "Point", "coordinates": [2.315751, 48.856428]}, "properties": {"id_parcelle": "75107000AY0017", "address": "15 BD DES INVALIDES", "sales": 43, "median_price": 20388350.0, "median_price_per_sqm": 165048.54761904763, "median_rooms": 0.0, "first_sale": "2021-09-15", "last_sale": "2025-07-16"}}, {"type": "Feature", "geometry": {"type": "Point", "coordinates": [2.308378, 48.859184]}, "properties": {"id_parcelle": "75107000BZ0060", "address": "83 RUE ST DOMINIQUE", "sales": 40, "median_price": 357000.0, "median_price_per_sqm": 12838.949999999999, "median_rooms": 0.0, "first_sale": "2021-05-25", "last_sale": "2025-10-02"}}, {"type": "Feature", "geometry": {"type": "Point", "coordinates": [2.291921, 48.857199]}, "properties": {"id_parcelle": "75107000CS0020", "address": "4 RUE DE BUENOS AIRES", "sales": 40, "median_price": 165000000.0, "median_price_per_sqm": 1107382.5503355705, "median_rooms": 0.5, "first_sale": "2025-04-15", "last_sale": "2025-04-15"}}, {"type": "Feature", "geometry": {"type": "Point", "coordinates": [2.302334, 48.857798]}, "properties": {"id_parcelle": "75107000CD0066", "address": "133 RUE ST DOMINIQUE", "sales": 40, "median_price": 710000.0, "median_price_per_sqm": 14183.087027914615, "median_rooms": 1.0, "first_sale": "2021-01-07", "last_sale": "2025-12-15"}}, {"type": "Feature", "geometry": {"type": "Point", "coordinates": [2.302143, 48.860194]}, "properties": {"id_parcelle": "75107000CK0020", "address": "12 AV BOSQUET", "sales": 39, "median_price": 11050000.0, "median_price_per_sqm": 28188.775510204083, "median_rooms": 0.0, "first_sale": "2021-12-06", "last_sale": "2025-09-26"}}, {"type": "Feature", "geometry": {"type": "Point", "coordinates": [2.320564, 48.856837]}, "properties": {"id_parcelle": "75107000AX0085", "address": "114 RUE DE GRENELLE", "sales": 39, "median_price": 15200000.0, "median_price_per_sqm": 241269.84126984127, "median_rooms": 0.0, "first_sale": "2024-12-30", "last_sale": "2024-12-30"}}, {"type": "Feature", "geometry": {"type": "Point", "coordinates": [2.326694, 48.856086]}, "properties": {"id_parcelle": "75107000AD0012", "address": "234 BD SAINT GERMAIN", "sales": 38, "median_price": 34000000.0, "median_price_per_sqm": 417118.3378500452, "median_rooms": 1.0, "first_sale": "2022-03-31", "last_sale": "2025-10-31"}}, {"type": "Feature", "geometry": {"type": "Point", "coordinates": [2.321209, 48.85404]}, "properties": {"id_parcelle": "75107000AK0016", "address": "55 RUE DE VARENNE", "sales": 38, "median_price": 3400000.0, "median_price_per_sqm": 18378.37837837838, "median_rooms": 0.0, "first_sale": "2021-09-30", "last_sale": "2025-11-05"}}, {"type": "Feature", "geometry": {"type": "Point", "coordinates": [2.316983, 48.847977]}, "properties": {"id_parcelle": "75107000BI0033", "address": "6 AV CONSTANT COQUELIN", "sales": 37, "median_price": 490000.0, "median_price_per_sqm": 1055.5555555555557, "median_rooms": 0.0, "first_sale": "2021-04-09", "last_sale": "2025-07-31"}}, {"type": "Feature", "geometry": {"type": "Point", "coordinates": [2.298327, 48.85992]}, "properties": {"id_parcelle": "75107000CI0014", "address": "211 RUE DE L UNIVERSITE", "sales": 37, "median_price": 997000.0, "median_price_per_sqm": 13584.574626865671, "median_rooms": 0.0, "first_sale": "2021-09-13", "last_sale": "2025-10-30"}}, {"type": "Feature", "geometry": {"type": "Point", "coordinates": [2.315814, 48.85619]}, "properties": {"id_parcelle": "75107000AY0022", "address": "94 RUE DE VARENNE", "sales": 37, "median_price": 1270000.0, "median_price_per_sqm": 17619.04761904762, "median_rooms": 0.0, "first_sale": "2023-06-08", "last_sale": "2024-10-01"}}, {"type": "Feature", "geometry": {"type": "Point", "coordinates": [2.321064, 48.861877]}, "properties": {"id_parcelle": "75107000AP0008", "address": "27 QUAI ANATOLE FRANCE", "sales": 36, "median_price": 6250000.0, "median_price_per_sqm": 18125.0, "median_rooms": 0.0, "first_sale": "2022-05-03", "last_sale": "2024-10-01"}}, {"type": "Feature", "geometry": {"type": "Point", "coordinates": [2.321473, 48.860777]}, "properties": {"id_parcelle": "75107000AP0038", "address": "276 BD SAINT GERMAIN", "sales": 36, "median_price": 1642500.0, "median_price_per_sqm": 15990.09900990099, "median_rooms": 0.0, "first_sale": "2021-06-22", "last_sale": "2025-09-26"}}, {"type": "Feature", "geometry": {"type": "Point", "coordinates": [2.322927, 48.853295]}, "properties": {"id_parcelle": "75107000AK0036", "address": "108 RUE DU BAC", "sales": 36, "median_price": 3471000.0, "median_price_per_sqm": 21108.0, "median_rooms": 0.0, "first_sale": "2021-02-05", "last_sale": "2025-07-31"}}, {"type": "Feature", "geometry": {"type": "Point", "coordinates": [2.299907, 48.860407]}, "properties": {"id_parcelle": "75107000CI0036", "address": "195 RUE DE L UNIVERSITE", "sales": 35, "median_price": 1214000.0, "median_price_per_sqm": 14791.666666666668, "median_rooms": 1.0, "first_sale": "2021-01-08", "last_sale": "2025-12-19"}}, {"type": "Feature", "geometry": {"type": "Point", "coordinates": [2.298548, 48.858329]}, "properties": {"id_parcelle": "75107000CH0009", "address": "1 RUE DU MARECHAL HARISPE", "sales": 35, "median_price": 34250000.0, "median_price_per_sqm": 253703.7037037037, "median_rooms": 0.0, "first_sale": "2022-12-22", "last_sale": "2022-12-22"}}, {"type": "Feature", "geometry": {"type": "Point", "coordinates": [2.307771, 48.858649]}, "properties": {"id_parcelle": "75107000BZ0033", "address": "15 RUE AMELIE", "sales": 35, "median_price": 7320000.0, "median_price_per_sqm": 197837.83783783784, "median_rooms": 1.0, "first_sale": "2024-11-26", "last_sale": "2024-11-26"}}, {"type": "Feature", "geometry": {"type": "Point", "coordinates": [2.323111, 48.859007]}, "properties": {"id_parcelle": "75107000AQ0035", "address": "260 BD SAINT GERMAIN", "sales": 34, "median_price": 31500000.0, "median_price_per_sqm": 1750000.0, "median_rooms": 0.0, "first_sale": "2021-01-27", "last_sale": "2021-01-27"}}, {"type": "Feature", "geometry": {"type": "Point", "coordinates": [2.31088, 48.848535]}, "properties": {"id_parcelle": "75107000BN0021", "address": "66 AV DE BRETEUIL", "sales": 33, "median_price": 514100.0, "median_price_per_sqm": 12560.975609756097, "median_rooms": 1.0, "first_sale": "2021-03-17", "last_sale": "2025-11-10"}}, {"type": "Feature", "geometry": {"type": "Point", "coordinates": [2.320983, 48.861407]}, "properties": {"id_parcelle": "75107000AP0007", "address": "280 BD SAINT GERMAIN", "sales": 32, "median_price": 118000000.0, "median_price_per_sqm": 863688.7752544242, "median_rooms": 0.0, "first_sale": "2025-03-26", "last_sale": "2025-03-26"}}, {"type": "Feature", "geometry": {"type": "Point", "coordinates": [2.311445, 48.85115]}, "properties": {"id_parcelle": "75107000BM0004", "address": "45 AV DUQUESNE", "sales": 32, "median_price": 15900000.0, "median_price_per_sqm": 166496.7105263158, "median_rooms": 0.0, "first_sale": "2022-02-15", "last_sale": "2022-02-15"}}, {"type": "Feature", "geometry": {"type": "Point", "coordinates": [2.322687, 48.859956]}, "properties": {"id_parcelle": "75107000AP0027", "address": "96 RUE DE L UNIVERSITE", "sales": 32, "median_price": 4240000.0, "median_price_per_sqm": 27027.027027027027, "median_rooms": 0.0, "first_sale": "2021-12-16", "last_sale": "2025-07-24"}}, {"type": "Feature", "geometry": {"type": "Point", "coordinates": [2.307677, 48.848615]}, "properties": {"id_parcelle": "75107000BO0008", "address": "61 AV DE SEGUR", "sales": 32, "median_price": 1090000.0, "median_price_per_sqm": 13333.333333333334, "median_rooms": 0.0, "first_sale": "2021-04-30", "last_sale": "2025-12-23"}}, {"type": "Feature", "geometry": {"type": "Point", "coordinates": [2.314079, 48.847444]}, "properties": {"id_parcelle": "75107000BI0019", "address": "6 RUE MAURICE DE LA SIZERANNE", "sales": 31, "median_price": 388000.0, "median_price_per_sqm": 14370.37037037037, "median_rooms": 0.0, "first_sale": "2021-03-10", "last_sale": "2025-10-01"}}, {"type": "Feature", "geometry": {"type": "Point", "coordinates": [2.309285, 48.850127]}, "properties": {"id_parcelle": "75107000BN0001", "address": "49 AV DE SEGUR", "sales": 31, "median_price": 692000.0, "median_price_per_sqm": 11254.775356470273, "median_rooms": 0.0, "first_sale": "2021-03-18", "last_sale": "2025-10-09"}}, {"type": "Feature", "geometry": {"type": "Point", "coordinates": [2.320853, 48.861518]}, "properties": {"id_parcelle": "75107000AP0006", "address": "282 BD SAINT GERMAIN", "sales": 31, "median_price": 118000000.0, "median_price_per_sqm": 1282608.6956521738, "median_rooms": 0.0, "first_sale": "2025-03-26", "last_sale": "2025-03-26"}}, {"type": "Feature", "geometry": {"type": "Point", "coordinates": [2.299872, 48.858246]}, "properties": {"id_parcelle": "75107000CJ0005", "address": "32 AV RAPP", "sales": 30, "median_price": 1810000.0, "median_price_per_sqm": 14599.875930521092, "median_rooms": 0.0, "first_sale": "2021-10-26", "last_sale": "2025-06-16"}}, {"type": "Feature", "geometry": {"type": "Point", "coordinates": [2.293048, 48.85667]}, "properties": {"id_parcelle": "75107000CS0004", "address": "2 AV OCTAVE GREARD", "sales": 30, "median_price": 3467500.0, "median_price_per_sqm": 26649.69316189363, "median_rooms": 1.5, "first_sale": "2023-04-13", "last_sale": "2025-06-09"}}, {"type": "Feature", "geometry": {"type": "Point", "coordinates": [2.328412, 48.854642]}, "properties": {"id_parcelle": "75107000AE0076", "address": "191 BD SAINT GERMAIN", "sales": 30, "median_price": 23981115.0, "median_price_per_sqm": 122555.70628078817, "median_rooms": 0.0, "first_sale": "2023-07-17", "last_sale": "2025-11-14"}}, {"type": "Feature", "geometry": {"type": "Point", "coordinates": [2.303321, 48.856254]}, "properties": {"id_parcelle": "75107000BW0001", "address": "199 RUE DE GRENELLE", "sales": 30, "median_price": 2415000.0, "median_price_per_sqm": 15834.570517629407, "median_rooms": 0.0, "first_sale": "2021-03-16", "last_sale": "2025-11-18"}}, {"type": "Feature", "geometry": {"type": "Point", "coordinates": [2.318624, 48.857422]}, "properties": {"id_parcelle": "75107000AX0025", "address": "6 RUE CASIMIR PERIER", "sales": 29, "median_price": 1490000.0, "median_price_per_sqm": 14561.788617886179, "median_rooms": 0.0, "first_sale": "2021-06-29", "last_sale": "2024-09-26"}}, {"type": "Feature", "geometry": {"type": "Point", "coordinates": [2.318149, 48.853814]}, "properties": {"id_parcelle": "75107000BD0011", "address": "11 RUE BARBET DE JOUY", "sales": 29, "median_price": 1248000.0, "median_price_per_sqm": 15539.52274422073, "median_rooms": 0.0, "first_sale": "2021-07-29", "last_sale": "2025-06-10"}}, {"type": "Feature", "geometry": {"type": "Point", "coordinates": [2.324519, 48.85641]}, "properties": {"id_parcelle": "75107000AM0036", "address": "3 RUE DE ST SIMON", "sales": 29, "median_price": 1500000.0, "median_price_per_sqm": 12555.555555555555, "median_rooms": 0.0, "first_sale": "2022-02-14", "last_sale": "2025-06-03"}}, {"type": "Feature", "geometry": {"type": "Point", "coordinates": [2.30837, 48.849018]}, "properties": {"id_parcelle": "75107000BO0003", "address": "26 AV DE SAXE", "sales": 29, "median_price": 1587000.0, "median_price_per_sqm": 12716.08126721763, "median_rooms": 0.0, "first_sale": "2021-12-09", "last_sale": "2025-12-18"}}, {"type": "Feature", "geometry": {"type": "Point", "coordinates": [2.326316, 48.85718]}, "properties": {"id_parcelle": "75107000AN0029", "address": "5 IMP DE VALMY", "sales": 29, "median_price": 1056200.0, "median_price_per_sqm": 16578.947368421053, "median_rooms": 0.0, "first_sale": "2021-04-26", "last_sale": "2025-05-14"}}, {"type": "Feature", "geometry": {"type": "Point", "coordinates": [2.324925, 48.853974]}, "properties": {"id_parcelle": "75107000AL0099", "address": "26 RUE DE VARENNE", "sales": 29, "median_price": 3429000.0, "median_price_per_sqm": 16749.75562072336, "median_rooms": 0.0, "first_sale": "2021-09-27", "last_sale": "2025-12-16"}}, {"type": "Feature", "geometry": {"type": "Point", "coordinates": [2.331998, 48.857316]}, "properties": {"id_parcelle": "75107000AC0041", "address": "8 RUE DES SAINTS PERES", "sales": 29, "median_price": 4046929.0, "median_price_per_sqm": 25914.634146341465, "median_rooms": 0.0, "first_sale": "2021-02-26", "last_sale": "2025-11-25"}}, {"type": "Feature", "geometry": {"type": "Point", "coordinates": [2.298471, 48.852992]}, "properties": {"id_parcelle": "75107000BU0034", "address": "55 AV DE SUFFREN", "sales": 28, "median_price": 15000000.0, "median_price_per_sqm": 189873.41772151898, "median_rooms": 0.5, "first_sale": "2025-05-27", "last_sale": "2025-05-27"}}, {"type": "Feature", "geometry": {"type": "Point", "coordinates": [2.32437, 48.853307]}, "properties": {"id_parcelle": "75107000AG0007", "address": "97 RUE DU BAC", "sales": 28, "median_price": 4239066.0, "median_price_per_sqm": 33823.48450405395, "median_rooms": 0.0, "first_sale": "2021-12-10", "last_sale": "2025-09-15"}}, {"type": "Feature", "geometry": {"type": "Point", "coordinates": [2.301094, 48.859363]}, "properties": {"id_parcelle": "75107000CJ0026", "address": "25 AV RAPP", "sales": 28, "median_price": 2653816.5, "median_price_per_sqm": 15155.896527285613, "median_rooms": 0.0, "first_sale": "2021-03-30", "last_sale": "2024-06-14"}}, {"type": "Feature", "geometry": {"type": "Point", "coordinates": [2.308216, 48.853681]}, "properties": {"id_parcelle": "75107000BR0011", "address": "19 AV DE TOURVILLE", "sales": 27, "median_price": 1208500.0, "median_price_per_sqm": 13896.315588524052, "median_rooms": 0.0, "first_sale": "2021-02-05", "last_sale": "2024-11-21"}}, {"type": "Feature", "geometry": {"type": "Point", "coordinates": [2.323299, 48.85371]}, "properties": {"id_parcelle": "75107000AK0034", "address": "104 RUE DU BAC", "sales": 27, "median_price": 2508000.0, "median_price_per_sqm": 17566.666666666668, "median_rooms": 0.0, "first_sale": "2022-02-07", "last_sale": "2025-11-25"}}, {"type": "Feature", "geometry": {"type": "Point", "coordinates": [2.31946, 48.849015]}, "properties": {"id_parcelle": "75107000BG0060", "address": "19 RUE PIERRE LEROUX", "sales": 27, "median_price": 6450000.0, "median_price_per_sqm": 238888.88888888888, "median_rooms": 1.0, "first_sale": "2022-11-23", "last_sale": "2022-11-23"}}, {"type": "Feature", "geometry": {"type": "Point", "coordinates": [2.296999, 48.854156]}, "properties": {"id_parcelle": "75107000CF0007", "address": "28 AV CHARLES FLOQUET", "sales": 27, "median_price": 1143000.0, "median_price_per_sqm": 17527.472527472528, "median_rooms": 0.0, "first_sale": "2022-07-29", "last_sale": "2025-09-15"}}, {"type": "Feature", "geometry": {"type": "Point", "coordinates": [2.31014, 48.851295]}, "properties": {"id_parcelle": "75107000BM0010", "address": "21 AV DE SEGUR", "sales": 27, "median_price": 742718.0, "median_price_per_sqm": 12503.978779840849, "median_rooms": 2.0, "first_sale": "2021-07-28", "last_sale": "2025-01-28"}}, {"type": "Feature", "geometry": {"type": "Point", "coordinates": [2.319264, 48.85063]}, "properties": {"id_parcelle": "75107000BF0042", "address": "56 RUE VANEAU", "sales": 27, "median_price": 978500.0, "median_price_per_sqm": 17966.101694915254, "median_rooms": 1.0, "first_sale": "2021-02-04", "last_sale": "2025-06-26"}}, {"type": "Feature", "geometry": {"type": "Point", "coordinates": [2.302912, 48.862042]}, "properties": {"id_parcelle": "75107000CN0004", "address": "87 QUAI D ORSAY", "sales": 26, "median_price": 1817270.0, "median_price_per_sqm": 23166.666666666668, "median_rooms": 0.0, "first_sale": "2023-02-06", "last_sale": "2025-05-19"}}, {"type": "Feature", "geometry": {"type": "Point", "coordinates": [2.307334, 48.854899]}, "properties": {"id_parcelle": "75107000BX0009", "address": "29 AV DE LA MOTTE PICQUET", "sales": 26, "median_price": 717000.0, "median_price_per_sqm": 14879.568106312294, "median_rooms": 0.0, "first_sale": "2021-06-08", "last_sale": "2025-04-22"}}, {"type": "Feature", "geometry": {"type": "Point", "coordinates": [2.306315, 48.855366]}, "properties": {"id_parcelle": "75107000BW0069", "address": "36 AV DE LA MOTTE PICQUET", "sales": 26, "median_price": 585000.0, "median_price_per_sqm": 13409.722222222223, "median_rooms": 0.0, "first_sale": "2021-07-23", "last_sale": "2025-12-16"}}, {"type": "Feature", "geometry": {"type": "Point", "coordinates": [2.315263, 48.86073]}, "properties": {"id_parcelle": "75107000AR0001", "address": "3 RUE DE CONSTANTINE", "sales": 26, "median_price": 20000000.0, "median_price_per_sqm": 72312.67693740902, "median_rooms": 0.0, "first_sale": "2022-03-03", "last_sale": "2025-07-31"}}, {"type": "Feature", "geometry": {"type": "Point", "coordinates": [2.309424, 48.856582]}, "properties": {"id_parcelle": "75107000BY0130", "address": "5 AV DE LA MOTTE PICQUET", "sales": 25, "median_price": 8450000.0, "median_price_per_sqm": 83663.36633663367, "median_rooms": 0.0, "first_sale": "2023-12-28", "last_sale": "2025-07-09"}}, {"type": "Feature", "geometry": {"type": "Point", "coordinates": [2.32204, 48.85822]}, "properties": {"id_parcelle": "75107000AX0052", "address": "11 RUE ST DOMINIQUE", "sales": 25, "median_price": 9400000.0, "median_price_per_sqm": 29778.825136612024, "median_rooms": 0.0, "first_sale": "2021-04-16", "last_sale": "2025-06-18"}}, {"type": "Feature", "geometry": {"type": "Point", "coordinates": [2.319747, 48.85083]}, "properties": {"id_parcelle": "75107000AI0009", "address": "55 RUE VANEAU", "sales": 25, "median_price": 2300000.0, "median_price_per_sqm": 20000.0, "median_rooms": 0.0, "first_sale": "2021-09-21", "last_sale": "2025-12-19"}}, {"type": "Feature", "geometry": {"type": "Point", "coordinates": [2.3026, 48.859933]}, "properties": {"id_parcelle": "75107000CK0028", "address": "14 AV BOSQUET", "sales": 25, "median_price": 2278590.0, "median_price_per_sqm": 18164.64523121387, "median_rooms": 0.0, "first_sale": "2021-07-05", "last_sale": "2025-04-18"}}, {"type": "Feature", "geometry": {"type": "Point", "coordinates": [2.308807, 48.855388]}, "properties": {"id_parcelle": "75107000BX0039", "address": "13 RUE CHEVERT", "sales": 25, "median_price": 283350.0, "median_price_per_sqm": 12565.78947368421, "median_rooms": 0.0, "first_sale": "2021-01-27", "last_sale": "2025-09-29"}}, {"type": "Feature", "geometry": {"type": "Point", "coordinates": [2.31127, 48.85046]}, "properties": {"id_parcelle": "75107000BM0029", "address": "42 AV DE BRETEUIL", "sales": 25, "median_price": 2295000.0, "median_price_per_sqm": 18586.85779816514, "median_rooms": 0.0, "first_sale": "2021-03-25", "last_sale": "2025-10-08"}}, {"type": "Feature", "geometry": {"type": "Point", "coordinates": [2.29752, 48.859794]}, "properties": {"id_parcelle": "75107000CI0005", "address": "13 AV DE LA BOURDONNAIS", "sales": 25, "median_price": 2050000.0, "median_price_per_sqm": 17033.613445378152, "median_rooms": 0.0, "first_sale": "2021-06-16", "last_sale": "2025-09-11"}}, {"type": "Feature", "geometry": {"type": "Point", "coordinates": [2.318275, 48.848124]}, "properties": {"id_parcelle": "75107000BH0021", "address": "74 RUE DE SEVRES", "sales": 25, "median_price": 584000.0, "median_price_per_sqm": 13681.57894736842, "median_rooms": 1.0, "first_sale": "2021-05-27", "last_sale": "2025-11-14"}}, {"type": "Feature", "geometry": {"type": "Point", "coordinates": [2.300372, 48.851782]}, "properties": {"id_parcelle": "75107000BU0016", "address": "67 AV DE SUFFREN", "sales": 24, "median_price": 1194285.5, "median_price_per_sqm": 14945.054945054944, "median_rooms": 0.0, "first_sale": "2021-07-08", "last_sale": "2025-01-10"}}, {"type": "Feature", "geometry": {"type": "Point", "coordinates": [2.308963, 48.86071]}, "properties": {"id_parcelle": "75107000CL0047", "address": "123 RUE DE L UNIVERSITE", "sales": 24, "median_price": 650000.0, "median_price_per_sqm": 13384.837962962964, "median_rooms": 0.5, "first_sale": "2021-06-18", "last_sale": "2025-03-31"}}, {"type": "Feature", "geometry": {"type": "Point", "coordinates": [2.319608, 48.849133]}, "properties": {"id_parcelle": "75107000BG0082", "address": "76 RUE VANEAU", "sales": 24, "median_price": 546000.0, "median_price_per_sqm": 13862.745098039215, "median_rooms": 0.0, "first_sale": "2021-09-30", "last_sale": "2025-12-17"}}, {"type": "Feature", "geometry": {"type": "Point", "coordinates": [2.316975, 48.849464]}, "properties": {"id_parcelle": "75107000BH0036", "address": "23 RUE OUDINOT", "sales": 24, "median_price": 1400000.0, "median_price_per_sqm": 17418.944444444445, "median_rooms": 0.0, "first_sale": "2021-01-05", "last_sale": "2025-12-01"}}, {"type": "Feature", "geometry": {"type": "Point", "coordinates": [2.31644, 48.856343]}, "properties": {"id_parcelle": "75107000AY0016", "address": "54 RUE DE BOURGOGNE", "sales": 24, "median_price": 1857500.0, "median_price_per_sqm": 15530.333333333332, "median_rooms": 0.0, "first_sale": "2021-01-29", "last_sale": "2025-11-27"}}, {"type": "Feature", "geometry": {"type": "Point", "coordinates": [2.302683, 48.855655]}, "properties": {"id_parcelle": "75107000BV0014", "address": "60 AV DE LA BOURDONNAIS", "sales": 24, "median_price": 2816250.0, "median_price_per_sqm": 14851.206140350878, "median_rooms": 0.0, "first_sale": "2021-06-04", "last_sale": "2025-03-27"}}, {"type": "Feature", "geometry": {"type": "Point", "coordinates": [2.298829, 48.85996]}, "properties": {"id_parcelle": "75107000CI0018", "address": "13 AV FRANCO RUSSE", "sales": 24, "median_price": 1260000.0, "median_price_per_sqm": 13548.387096774193, "median_rooms": 0.0, "first_sale": "2021-04-01", "last_sale": "2025-02-26"}}, {"type": "Feature", "geometry": {"type": "Point", "coordinates": [2.301121, 48.857554]}, "properties": {"id_parcelle": "75107000CD0008", "address": "145 RUE ST DOMINIQUE", "sales": 24, "median_price": 243000.0, "median_price_per_sqm": 10655.757575757576, "median_rooms": 0.5, "first_sale": "2022-05-11", "last_sale": "2025-10-14"}}, {"type": "Feature", "geometry": {"type": "Point", "coordinates": [2.307217, 48.8561]}, "properties": {"id_parcelle": "75107000BY0070", "address": "28 RUE DUVIVIER", "sales": 24, "median_price": 725000.0, "median_price_per_sqm": 15094.322580645161, "median_rooms": 0.0, "first_sale": "2022-12-13", "last_sale": "2025-12-29"}}, {"type": "Feature", "geometry": {"type": "Point", "coordinates": [2.314227, 48.849952]}, "properties": {"id_parcelle": "75107000BK0016", "address": "38 BD DES INVALIDES", "sales": 24, "median_price": 3066228.0, "median_price_per_sqm": 26359.892424242425, "median_rooms": 0.0, "first_sale": "2021-04-28", "last_sale": "2025-09-25"}}, {"type": "Feature", "geometry": {"type": "Point", "coordinates": [2.309222, 48.860762]}, "properties": {"id_parcelle": "75107000CL0050", "address": "18 RUE SURCOUF", "sales": 24, "median_price": 5600000.0, "median_price_per_sqm": 116717.32522796353, "median_rooms": 1.0, "first_sale": "2024-10-15", "last_sale": "2024-10-15"}}, {"type": "Feature", "geometry": {"type": "Point", "coordinates": [2.329629, 48.85414]}, "properties": {"id_parcelle": "75107000AE0035", "address": "52 RUE DES SAINTS PERES", "sales": 24, "median_price": 80000000.0, "median_price_per_sqm": 375586.8544600939, "median_rooms": 0.0, "first_sale": "2021-07-22", "last_sale": "2021-10-25"}}, {"type": "Feature", "geometry": {"type": "Point", "coordinates": [2.32894, 48.855176]}, "properties": {"id_parcelle": "75107000AD0038", "address": "206 BD SAINT GERMAIN", "sales": 23, "median_price": 9700000.0, "median_price_per_sqm": 195979.59183673467, "median_rooms": 1.0, "first_sale": "2025-11-17", "last_sale": "2025-11-17"}}, {"type": "Feature", "geometry": {"type": "Point", "coordinates": [2.302994, 48.855346]}, "properties": {"id_parcelle": "75107000BV0009", "address": "21 AV EMILE DESCHANEL", "sales": 23, "median_price": 4985155.0, "median_price_per_sqm": 21187.07827669903, "median_rooms": 0.0, "first_sale": "2021-07-28", "last_sale": "2025-05-23"}}, {"type": "Feature", "geometry": {"type": "Point", "coordinates": [2.303125, 48.86205]}, "properties": {"id_parcelle": "75107000CN0005", "address": "85 QUAI D ORSAY", "sales": 23, "median_price": 1323840.0, "median_price_per_sqm": 15424.285714285714, "median_rooms": 0.0, "first_sale": "2021-06-25", "last_sale": "2025-12-22"}}, {"type": "Feature", "geometry": {"type": "Point", "coordinates": [2.310812, 48.858693]}, "properties": {"id_parcelle": "75107000AV0022", "address": "46 RUE FABERT", "sales": 23, "median_price": 3100000.0, "median_price_per_sqm": 31428.571428571428, "median_rooms": 0.0, "first_sale": "2021-08-31", "last_sale": "2024-05-29"}}, {"type": "Feature", "geometry": {"type": "Point", "coordinates": [2.312431, 48.847749]}, "properties": {"id_parcelle": "75107000BJ0009", "address": "24 RUE DUROC", "sales": 23, "median_price": 585700.0, "median_price_per_sqm": 12826.08695652174, "median_rooms": 0.0, "first_sale": "2022-04-06", "last_sale": "2025-12-23"}}, {"type": "Feature", "geometry": {"type": "Point", "coordinates": [2.300629, 48.852493]}, "properties": {"id_parcelle": "75107000BU0009", "address": "5 AV EMILE ACOLLAS", "sales": 23, "median_price": 6000000.0, "median_price_per_sqm": 23295.876776183934, "median_rooms": 0.0, "first_sale": "2023-03-29", "last_sale": "2025-06-19"}}, {"type": "Feature", "geometry": {"type": "Point", "coordinates": [2.30385, 48.856587]}, "properties": {"id_parcelle": "75107000BW0006", "address": "187 RUE DE GRENELLE", "sales": 23, "median_price": 903485.0, "median_price_per_sqm": 15544.672606113283, "median_rooms": 0.0, "first_sale": "2021-05-31", "last_sale": "2025-12-04"}}, {"type": "Feature", "geometry": {"type": "Point", "coordinates": [2.328709, 48.853467]}, "properties": {"id_parcelle": "75107000AE0048", "address": "22 RUE DE GRENELLE", "sales": 23, "median_price": 2385850.0, "median_price_per_sqm": 17103.44827586207, "median_rooms": 0.0, "first_sale": "2022-03-07", "last_sale": "2025-08-01"}}, {"type": "Feature", "geometry": {"type": "Point", "coordinates": [2.326562, 48.854614]}, "properties": {"id_parcelle": "75107000AE0012", "address": "13 BD RASPAIL", "sales": 23, "median_price": 2410000.0, "median_price_per_sqm": 15707.317073170732, "median_rooms": 0.0, "first_sale": "2022-03-03", "last_sale": "2025-12-23"}}, {"type": "Feature", "geometry": {"type": "Point", "coordinates": [2.309303, 48.84815]}, "properties": {"id_parcelle": "75107000BO0050", "address": "10 RUE PERIGNON", "sales": 23, "median_price": 945000.0, "median_price_per_sqm": 12109.375, "median_rooms": 0.0, "first_sale": "2021-01-15", "last_sale": "2025-10-17"}}, {"type": "Feature", "geometry": {"type": "Point", "coordinates": [2.330515, 48.858733]}, "properties": {"id_parcelle": "75107000AB0020", "address": "25 QUAI VOLTAIRE", "sales": 23, "median_price": 2060000.0, "median_price_per_sqm": 30000.0, "median_rooms": 0.0, "first_sale": "2021-01-29", "last_sale": "2025-07-31"}}, {"type": "Feature", "geometry": {"type": "Point", "coordinates": [2.297878, 48.859907]}, "properties": {"id_parcelle": "75107000CI0006", "address": "215 RUE DE L UNIVERSITE", "sales": 23, "median_price": 873910.0, "median_price_per_sqm": 12818.76015687852, "median_rooms": 0.0, "first_sale": "2021-05-12", "last_sale": "2025-10-03"}}, {"type": "Feature", "geometry": {"type": "Point", "coordinates": [2.313504, 48.851545]}, "properties": {"id_parcelle": "75107000BK0042", "address": "16 AV DE VILLARS", "sales": 22, "median_price": 1182500.0, "median_price_per_sqm": 22285.714285714286, "median_rooms": 0.0, "first_sale": "2021-11-16", "last_sale": "2025-12-19"}}, {"type": "Feature", "geometry": {"type": "Point", "coordinates": [2.327757, 48.854207]}, "properties": {"id_parcelle": "75107000AE0072", "address": "32 RUE ST GUILLAUME", "sales": 22, "median_price": 1062500.0, "median_price_per_sqm": 16086.95652173913, "median_rooms": 0.0, "first_sale": "2021-11-15", "last_sale": "2025-09-15"}}, {"type": "Feature", "geometry": {"type": "Point", "coordinates": [2.329731, 48.857424]}, "properties": {"id_parcelle": "75107000AC0094", "address": "26 RUE DE L UNIVERSITE", "sales": 22, "median_price": 3005000.0, "median_price_per_sqm": 19289.940828402367, "median_rooms": 0.0, "first_sale": "2021-12-22", "last_sale": "2025-10-21"}}, {"type": "Feature", "geometry": {"type": "Point", "coordinates": [2.307473, 48.858116]}, "properties": {"id_parcelle": "75107000BZ0119", "address": "172 RUE DE GRENELLE", "sales": 21, "median_price": 20000000.0, "median_price_per_sqm": 253164.55696202532, "median_rooms": 2.0, "first_sale": "2021-06-14", "last_sale": "2021-06-14"}}, {"type": "Feature", "geometry": {"type": "Point", "coordinates": [2.30388, 48.85922]}, "properties": {"id_parcelle": "75107000CK0033", "address": "102 RUE ST DOMINIQUE", "sales": 21, "median_price": 2460000.0, "median_price_per_sqm": 18250.0, "median_rooms": 0.0, "first_sale": "2021-01-19", "last_sale": "2024-07-25"}}, {"type": "Feature", "geometry": {"type": "Point", "coordinates": [2.311043, 48.860648]}, "properties": {"id_parcelle": "75107000AU0017", "address": "22 RUE FABERT", "sales": 21, "median_price": 1250000.0, "median_price_per_sqm": 12741.62495186754, "median_rooms": 0.0, "first_sale": "2021-01-14", "last_sale": "2025-10-16"}}, {"type": "Feature", "geometry": {"type": "Point", "coordinates": [2.3082, 48.860773]}, "properties": {"id_parcelle": "75107000CL0039", "address": "131 RUE DE L UNIVERSITE", "sales": 21, "median_price": 1000000.0, "median_price_per_sqm": 14457.595182595182, "median_rooms": 0.0, "first_sale": "2021-07-08", "last_sale": "2024-01-19"}}, {"type": "Feature", "geometry": {"type": "Point", "coordinates": [2.328584, 48.852738]}, "properties": {"id_parcelle": "75107000AF0020", "address": "11 RUE DE GRENELLE", "sales": 21, "median_price": 3213500.0, "median_price_per_sqm": 16824.607329842933, "median_rooms": 0.0, "first_sale": "2021-10-15", "last_sale": "2025-11-07"}}, {"type": "Feature", "geometry": {"type": "Point", "coordinates": [2.318699, 48.857548]}, "properties": {"id_parcelle": "75107000AX0026", "address": "4 RUE CASIMIR PERIER", "sales": 21, "median_price": 880200.0, "median_price_per_sqm": 10375.0, "median_rooms": 0.0, "first_sale": "2021-09-17", "last_sale": "2025-03-24"}}, {"type": "Feature", "geometry": {"type": "Point", "coordinates": [2.317604, 48.857062]}, "properties": {"id_parcelle": "75107000AY0042", "address": "41 RUE DE BOURGOGNE", "sales": 21, "median_price": 750000.0, "median_price_per_sqm": 17441.86046511628, "median_rooms": 0.0, "first_sale": "2021-02-11", "last_sale": "2025-07-25"}}, {"type": "Feature", "geometry": {"type": "Point", "coordinates": [2.305225, 48.861535]}, "properties": {"id_parcelle": "75107000CN0013", "address": "1 RUE COGNACQ JAY", "sales": 21, "median_price": 1705000.0, "median_price_per_sqm": 14907.083333333334, "median_rooms": 0.0, "first_sale": "2021-06-29", "last_sale": "2025-02-20"}}, {"type": "Feature", "geometry": {"type": "Point", "coordinates": [2.304232, 48.854709]}, "properties": {"id_parcelle": "75107000BV0025", "address": "76 AV DE LA BOURDONNAIS", "sales": 21, "median_price": 1840000.0, "median_price_per_sqm": 17045.454545454544, "median_rooms": 0.0, "first_sale": "2021-06-10", "last_sale": "2025-10-20"}}, {"type": "Feature", "geometry": {"type": "Point", "coordinates": [2.31926, 48.854506]}, "properties": {"id_parcelle": "75107000BD0028", "address": "3 CITE VANEAU", "sales": 21, "median_price": 1210000.0, "median_price_per_sqm": 15634.920634920634, "median_rooms": 0.0, "first_sale": "2021-02-18", "last_sale": "2025-07-30"}}, {"type": "Feature", "geometry": {"type": "Point", "coordinates": [2.317491, 48.856796]}, "properties": {"id_parcelle": "75107000AY0041", "address": "45 RUE DE BOURGOGNE", "sales": 21, "median_price": 450000.0, "median_price_per_sqm": 12441.860465116279, "median_rooms": 1.0, "first_sale": "2021-08-05", "last_sale": "2025-09-15"}}, {"type": "Feature", "geometry": {"type": "Point", "coordinates": [2.329197, 48.858391]}, "properties": {"id_parcelle": "75107000AC0007", "address": "12 RUE DE BEAUNE", "sales": 21, "median_price": 1220000.0, "median_price_per_sqm": 15543.478260869566, "median_rooms": 0.0, "first_sale": "2021-07-13", "last_sale": "2025-06-06"}}, {"type": "Feature", "geometry": {"type": "Point", "coordinates": [2.324003, 48.856831]}, "properties": {"id_parcelle": "75107000AM0032", "address": "2 RUE DE ST SIMON", "sales": 21, "median_price": 5000000.0, "median_price_per_sqm": 22066.326530612245, "median_rooms": 0.0, "first_sale": "2021-10-28", "last_sale": "2025-10-23"}}, {"type": "Feature", "geometry": {"type": "Point", "coordinates": [2.296162, 48.860608]}, "properties": {"id_parcelle": "75107000CP0007", "address": "59 QUAI JACQUES CHIRAC", "sales": 20, "median_price": 1056350.0, "median_price_per_sqm": 20502.80448717949, "median_rooms": 0.0, "first_sale": "2021-02-03", "last_sale": "2025-04-29"}}, {"type": "Feature", "geometry": {"type": "Point", "coordinates": [2.303125, 48.860689]}, "properties": {"id_parcelle": "75107000CK0042", "address": "13 AV BOSQUET", "sales": 20, "median_price": 1825000.0, "median_price_per_sqm": 15769.23076923077, "median_rooms": 0.0, "first_sale": "2021-10-08", "last_sale": "2025-04-11"}}, {"type": "Feature", "geometry": {"type": "Point", "coordinates": [2.321493, 48.854303]}, "properties": {"id_parcelle": "75107000AK0017", "address": "53 RUE DE VARENNE", "sales": 20, "median_price": 1700000.0, "median_price_per_sqm": 21430.032978723404, "median_rooms": 0.0, "first_sale": "2022-07-18", "last_sale": "2025-03-27"}}, {"type": "Feature", "geometry": {"type": "Point", "coordinates": [2.309591, 48.848111]}, "properties": {"id_parcelle": "75107000BO0051", "address": "42 AV DE SAXE", "sales": 20, "median_price": 128800.0, "median_price_per_sqm": 12221.388888888889, "median_rooms": 0.0, "first_sale": "2021-01-29", "last_sale": "2025-11-06"}}, {"type": "Feature", "geometry": {"type": "Point", "coordinates": [2.307924, 48.849099]}, "properties": {"id_parcelle": "75107000BO0006", "address": "57 AV DE SEGUR", "sales": 20, "median_price": 2260000.0, "median_price_per_sqm": 20930.875576036866, "median_rooms": 0.0, "first_sale": "2021-02-22", "last_sale": "2025-02-25"}}, {"type": "Feature", "geometry": {"type": "Point", "coordinates": [2.308502, 48.859588]}, "properties": {"id_parcelle": "75107000BZ0061", "address": "81 RUE ST DOMINIQUE", "sales": 20, "median_price": 415958.0, "median_price_per_sqm": 14038.461538461539, "median_rooms": 0.5, "first_sale": "2021-06-29", "last_sale": "2025-11-28"}}, {"type": "Feature", "geometry": {"type": "Point", "coordinates": [2.294901, 48.855468]}, "properties": {"id_parcelle": "75107000CG0012", "address": "16 AV CHARLES FLOQUET", "sales": 20, "median_price": 714563.1, "median_price_per_sqm": 19007.238392857143, "median_rooms": 0.0, "first_sale": "2021-03-18", "last_sale": "2025-07-30"}}, {"type": "Feature", "geometry": {"type": "Point", "coordinates": [2.309398, 48.855906]}, "properties": {"id_parcelle": "75107000BX0043", "address": "76 BD DE LA TOUR MAUBOURG", "sales": 20, "median_price": 1310000.0, "median_price_per_sqm": 16885.077793493634, "median_rooms": 0.0, "first_sale": "2022-01-06", "last_sale": "2024-02-05"}}, {"type": "Feature", "geometry": {"type": "Point", "coordinates": [2.323546, 48.859158]}, "properties": {"id_parcelle": "75107000AQ0026", "address": "63 RUE DE L UNIVERSITE", "sales": 20, "median_price": 6800000.0, "median_price_per_sqm": 119298.24561403508, "median_rooms": 0.0, "first_sale": "2022-09-28", "last_sale": "2022-09-28"}}, {"type": "Feature", "geometry": {"type": "Point", "coordinates": [2.31706, 48.847835]}, "properties": {"id_parcelle": "75107000BI0038", "address": "5 AV DANIEL LESUEUR", "sales": 20, "median_price": 2228000.0, "median_price_per_sqm": 13458.77961234745, "median_rooms": 0.0, "first_sale": "2021-07-29", "last_sale": "2025-11-04"}}, {"type": "Feature", "geometry": {"type": "Point", "coordinates": [2.308933, 48.849825]}, "properties": {"id_parcelle": "75107000BN0003", "address": "51 AV DE SEGUR", "sales": 20, "median_price": 1310000.0, "median_price_per_sqm": 13684.21052631579, "median_rooms": 0.0, "first_sale": "2021-03-23", "last_sale": "2025-11-27"}}, {"type": "Feature", "geometry": {"type": "Point", "coordinates": [2.317126, 48.850233]}, "properties": {"id_parcelle": "75107000BF0015", "address": "14 RUE OUDINOT", "sales": 19, "median_price": 666073.0, "median_price_per_sqm": 13442.934782608696, "median_rooms": 0.0, "first_sale": "2021-12-14", "last_sale": "2025-07-02"}}, {"type": "Feature", "geometry": {"type": "Point", "coordinates": [2.319333, 48.848293]}, "properties": {"id_parcelle": "75107000BG0026", "address": "30 RUE PIERRE LEROUX", "sales": 19, "median_price": 362000.0, "median_price_per_sqm": 13333.333333333334, "median_rooms": 1.0, "first_sale": "2021-03-12", "last_sale": "2025-10-01"}}, {"type": "Feature", "geometry": {"type": "Point", "coordinates": [2.300205, 48.859459]}, "properties": {"id_parcelle": "75107000CI0043", "address": "20 AV RAPP", "sales": 19, "median_price": 1050000.0, "median_price_per_sqm": 20463.636363636364, "median_rooms": 0.0, "first_sale": "2021-06-18", "last_sale": "2025-10-01"}}, {"type": "Feature", "geometry": {"type": "Point", "coordinates": [2.323883, 48.859613]}, "properties": {"id_parcelle": "75107000AQ0022", "address": "10 RUE DE BELLECHASSE", "sales": 19, "median_price": 820000.0, "median_price_per_sqm": 14704.444444444445, "median_rooms": 0.0, "first_sale": "2021-07-06", "last_sale": "2025-09-17"}}, {"type": "Feature", "geometry": {"type": "Point", "coordinates": [2.319278, 48.851878]}, "properties": {"id_parcelle": "75107000AJ0009", "address": "41 RUE VANEAU", "sales": 19, "median_price": 550000.0, "median_price_per_sqm": 10882.35294117647, "median_rooms": 0.0, "first_sale": "2021-06-08", "last_sale": "2025-03-20"}}, {"type": "Feature", "geometry": {"type": "Point", "coordinates": [2.304792, 48.859391]}, "properties": {"id_parcelle": "75107000CK0053", "address": "94 RUE ST DOMINIQUE", "sales": 19, "median_price": 1130000.0, "median_price_per_sqm": 22413.793103448275, "median_rooms": 1.0, "first_sale": "2022-05-31", "last_sale": "2025-12-23"}}, {"type": "Feature", "geometry": {"type": "Point", "coordinates": [2.319127, 48.850775]}, "properties": {"id_parcelle": "75107000BF0040", "address": "54 RUE VANEAU", "sales": 19, "median_price": 2227400.0, "median_price_per_sqm": 5180.158247108947, "median_rooms": 0.0, "first_sale": "2021-05-03", "last_sale": "2025-03-28"}}, {"type": "Feature", "geometry": {"type": "Point", "coordinates": [2.330871, 48.857212]}, "properties": {"id_parcelle": "75107000AC0058", "address": "11 RUE DE VERNEUIL", "sales": 19, "median_price": 1750000.0, "median_price_per_sqm": 24459.48029939274, "median_rooms": 2.0, "first_sale": "2021-10-15", "last_sale": "2025-06-03"}}, {"type": "Feature", "geometry": {"type": "Point", "coordinates": [2.305093, 48.856441]}, "properties": {"id_parcelle": "75107000BY0008", "address": "16 RUE DU CHAMP DE MARS", "sales": 19, "median_price": 460000.0, "median_price_per_sqm": 13027.87659574468, "median_rooms": 1.0, "first_sale": "2021-07-30", "last_sale": "2025-05-26"}}, {"type": "Feature", "geometry": {"type": "Point", "coordinates": [2.305264, 48.857958]}, "properties": {"id_parcelle": "75107000CD0132", "address": "190 RUE DE GRENELLE", "sales": 19, "median_price": 991500.0, "median_price_per_sqm": 16574.04723564144, "median_rooms": 2.0, "first_sale": "2021-02-19", "last_sale": "2025-09-15"}}, {"type": "Feature", "geometry": {"type": "Point", "coordinates": [2.318521, 48.848022]}, "properties": {"id_parcelle": "75107000BH0020", "address": "72 RUE DE SEVRES", "sales": 19, "median_price": 126000.0, "median_price_per_sqm": 11681.489361702128, "median_rooms": 0.0, "first_sale": "2021-04-28", "last_sale": "2025-12-09"}}, {"type": "Feature", "geometry": {"type": "Point", "coordinates": [2.302177, 48.858776]}, "properties": {"id_parcelle": "75107000CJ0042", "address": "11 RUE SEDILLOT", "sales": 19, "median_price": 1020000.0, "median_price_per_sqm": 13990.108944954129, "median_rooms": 0.0, "first_sale": "2021-02-22", "last_sale": "2025-10-03"}}, {"type": "Feature", "geometry": {"type": "Point", "coordinates": [2.306274, 48.856269]}, "properties": {"id_parcelle": "75107000BW0025", "address": "42 RUE CLER", "sales": 19, "median_price": 345000.0, "median_price_per_sqm": 12083.333333333334, "median_rooms": 0.0, "first_sale": "2022-03-22", "last_sale": "2025-10-29"}}, {"type": "Feature", "geometry": {"type": "Point", "coordinates": [2.328782, 48.858327]}, "properties": {"id_parcelle": "75107000AC0002", "address": "15 RUE DU BAC", "sales": 19, "median_price": 3153238.2, "median_price_per_sqm": 27268.59696969697, "median_rooms": 0.0, "first_sale": "2021-03-02", "last_sale": "2025-06-05"}}, {"type": "Feature", "geometry": {"type": "Point", "coordinates": [2.314145, 48.851965]}, "properties": {"id_parcelle": "75107000BL0061", "address": "34 BD DES INVALIDES", "sales": 19, "median_price": 1794118.0, "median_price_per_sqm": 18754.25925925926, "median_rooms": 0.0, "first_sale": "2021-05-17", "last_sale": "2023-01-17"}}, {"type": "Feature", "geometry": {"type": "Point", "coordinates": [2.321769, 48.861553]}, "properties": {"id_parcelle": "75107000AP0012", "address": "23 QUAI ANATOLE FRANCE", "sales": 19, "median_price": 2800000.0, "median_price_per_sqm": 10532.777777777777, "median_rooms": 0.0, "first_sale": "2022-03-30", "last_sale": "2025-07-08"}}, {"type": "Feature", "geometry": {"type": "Point", "coordinates": [2.326685, 48.856951]}, "properties": {"id_parcelle": "75107000AN0028", "address": "42 RUE DU BAC", "sales": 19, "median_price": 715000.0, "median_price_per_sqm": 14769.23076923077, "median_rooms": 1.0, "first_sale": "2021-09-06", "last_sale": "2025-12-11"}}, {"type": "Feature", "geometry": {"type": "Point", "coordinates": [2.303626, 48.861466]}, "properties": {"id_parcelle": "75107000CN0022", "address": "176 RUE DE L UNIVERSITE", "sales": 18, "median_price": 760000.0, "median_price_per_sqm": 15475.45673076923, "median_rooms": 0.0, "first_sale": "2021-01-29", "last_sale": "2025-10-08"}}, {"type": "Feature", "geometry": {"type": "Point", "coordinates": [2.303536, 48.854969]}, "properties": {"id_parcelle": "75107000BV0019", "address": "1 AV FREDERIC LE PLAY", "sales": 18, "median_price": 632500.0, "median_price_per_sqm": 23007.246376811596, "median_rooms": 0.0, "first_sale": "2021-02-05", "last_sale": "2025-12-18"}}, {"type": "Feature", "geometry": {"type": "Point", "coordinates": [2.302697, 48.861345]}, "properties": {"id_parcelle": "75107000CN0028", "address": "7 AV BOSQUET", "sales": 18, "median_price": 3625000.0, "median_price_per_sqm": 18560.60606060606, "median_rooms": 0.0, "first_sale": "2022-05-20", "last_sale": "2023-05-16"}}, {"type": "Feature", "geometry": {"type": "Point", "coordinates": [2.325827, 48.85301]}, "properties": {"id_parcelle": "75107000AG0021", "address": "28 BD RASPAIL", "sales": 18, "median_price": 4530000.0, "median_price_per_sqm": 28171.58878504673, "median_rooms": 0.0, "first_sale": "2021-06-24", "last_sale": "2025-05-20"}}, {"type": "Feature", "geometry": {"type": "Point", "coordinates": [2.32641, 48.856178]}, "properties": {"id_parcelle": "75107000AD0015", "address": "5 RUE DE GRIBEAUVAL", "sales": 18, "median_price": 1333668.0, "median_price_per_sqm": 14990.913385826772, "median_rooms": 0.0, "first_sale": "2021-03-01", "last_sale": "2025-12-08"}}, {"type": "Feature", "geometry": {"type": "Point", "coordinates": [2.315467, 48.860272]}, "properties": {"id_parcelle": "75107000AR0006", "address": "34 RUE ST DOMINIQUE", "sales": 18, "median_price": 260000.0, "median_price_per_sqm": 13333.125, "median_rooms": 1.0, "first_sale": "2021-02-09", "last_sale": "2024-09-09"}}, {"type": "Feature", "geometry": {"type": "Point", "coordinates": [2.298525, 48.857591]}, "properties": {"id_parcelle": "75107000CH0021", "address": "18 AV ELISEE RECLUS", "sales": 18, "median_price": 3050000.0, "median_price_per_sqm": 27390.794117647056, "median_rooms": 0.0, "first_sale": "2021-03-01", "last_sale": "2024-07-19"}}, {"type": "Feature", "geometry": {"type": "Point", "coordinates": [2.315807, 48.856582]}, "properties": {"id_parcelle": "75107000AY0014", "address": "13 BD DES INVALIDES", "sales": 18, "median_price": 1172000.0, "median_price_per_sqm": 14730.54723054723, "median_rooms": 0.0, "first_sale": "2023-08-29", "last_sale": "2025-09-30"}}, {"type": "Feature", "geometry": {"type": "Point", "coordinates": [2.321141, 48.856228]}, "properties": {"id_parcelle": "75107000AL0001", "address": "41 RUE DE BELLECHASSE", "sales": 18, "median_price": 465000.0, "median_price_per_sqm": 18819.949127906977, "median_rooms": 0.0, "first_sale": "2022-06-02", "last_sale": "2024-11-22"}}, {"type": "Feature", "geometry": {"type": "Point", "coordinates": [2.300156, 48.859242]}, "properties": {"id_parcelle": "75107000CI0044", "address": "22 AV RAPP", "sales": 18, "median_price": 602000.0, "median_price_per_sqm": 16313.238573021183, "median_rooms": 0.0, "first_sale": "2021-05-31", "last_sale": "2025-09-01"}}, {"type": "Feature", "geometry": {"type": "Point", "coordinates": [2.29443, 48.855599]}, "properties": {"id_parcelle": "75107000CG0017", "address": "5 RUE DU GAL LAMBERT", "sales": 18, "median_price": 1619000.0, "median_price_per_sqm": 14990.74074074074, "median_rooms": 2.0, "first_sale": "2021-11-17", "last_sale": "2024-12-09"}}, {"type": "Feature", "geometry": {"type": "Point", "coordinates": [2.309188, 48.855706]}, "properties": {"id_parcelle": "75107000BX0041", "address": "9 RUE CHEVERT", "sales": 18, "median_price": 420000.0, "median_price_per_sqm": 12112.695757575759, "median_rooms": 0.5, "first_sale": "2021-04-20", "last_sale": "2025-05-22"}}, {"type": "Feature", "geometry": {"type": "Point", "coordinates": [2.319624, 48.853181]}, "properties": {"id_parcelle": "75107000AK0013", "address": "21 RUE VANEAU", "sales": 18, "median_price": 480923.0, "median_price_per_sqm": 16363.636363636364, "median_rooms": 1.5, "first_sale": "2021-08-06", "last_sale": "2025-11-21"}}, {"type": "Feature", "geometry": {"type": "Point", "coordinates": [2.311019, 48.849774]}, "properties": {"id_parcelle": "75107000BM0030", "address": "52 AV DE BRETEUIL", "sales": 18, "median_price": 1467875.0, "median_price_per_sqm": 15584.415584415585, "median_rooms": 0.0, "first_sale": "2021-09-29", "last_sale": "2025-12-19"}}, {"type": "Feature", "geometry": {"type": "Point", "coordinates": [2.328981, 48.852686]}, "properties": {"id_parcelle": "75107000AF0021", "address": "9 RUE DE GRENELLE", "sales": 18, "median_price": 2700000.0, "median_price_per_sqm": 18881.11888111888, "median_rooms": 0.0, "first_sale": "2021-06-21", "last_sale": "2024-09-16"}}, {"type": "Feature", "geometry": {"type": "Point", "coordinates": [2.309863, 48.852458]}, "properties": {"id_parcelle": "75107000BR0030", "address": "31 AV DUQUESNE", "sales": 18, "median_price": 1150000.0, "median_price_per_sqm": 12714.243498817967, "median_rooms": 0.0, "first_sale": "2021-10-19", "last_sale": "2025-11-28"}}, {"type": "Feature", "geometry": {"type": "Point", "coordinates": [2.305976, 48.858313]}, "properties": {"id_parcelle": "75107000BZ0006", "address": "15 RUE CLER", "sales": 18, "median_price": 1100000.0, "median_price_per_sqm": 12580.645161290322, "median_rooms": 0.0, "first_sale": "2021-09-21", "last_sale": "2025-07-15"}}, {"type": "Feature", "geometry": {"type": "Point", "coordinates": [2.306107, 48.861378]}, "properties": {"id_parcelle": "75107000CM0047", "address": "164 RUE DE L UNIVERSITE", "sales": 17, "median_price": 463000.0, "median_price_per_sqm": 12074.619047619048, "median_rooms": 0.0, "first_sale": "2022-06-27", "last_sale": "2025-09-26"}}, {"type": "Feature", "geometry": {"type": "Point", "coordinates": [2.330987, 48.857928]}, "properties": {"id_parcelle": "75107000AC0025", "address": "1 RUE ALLENT", "sales": 17, "median_price": 408000.0, "median_price_per_sqm": 14385.714285714286, "median_rooms": 2.0, "first_sale": "2021-03-03", "last_sale": "2025-06-06"}}, {"type": "Feature", "geometry": {"type": "Point", "coordinates": [2.302656, 48.86171]}, "properties": {"id_parcelle": "75107000CN0026", "address": "3 AV BOSQUET", "sales": 17, "median_price": 4512500.0, "median_price_per_sqm": 19333.61204013378, "median_rooms": 0.0, "first_sale": "2021-12-07", "last_sale": "2023-06-12"}}, {"type": "Feature", "geometry": {"type": "Point", "coordinates": [2.312756, 48.851528]}, "properties": {"id_parcelle": "75107000BK0001", "address": "17 AV DE BRETEUIL", "sales": 17, "median_price": 3311750.0, "median_price_per_sqm": 17915.77194211018, "median_rooms": 0.0, "first_sale": "2021-07-23", "last_sale": "2024-07-16"}}, {"type": "Feature", "geometry": {"type": "Point", "coordinates": [2.302441, 48.854992]}, "properties": {"id_parcelle": "75107000BV0006", "address": "22 AV EMILE DESCHANEL", "sales": 17, "median_price": 2240000.0, "median_price_per_sqm": 19452.287877172406, "median_rooms": 0.0, "first_sale": "2021-12-27", "last_sale": "2025-05-13"}}, {"type": "Feature", "geometry": {"type": "Point", "coordinates": [2.3068, 48.856453]}, "properties": {"id_parcelle": "75107000BY0066", "address": "47 RUE CLER", "sales": 17, "median_price": 477860.0, "median_price_per_sqm": 15658.96875, "median_rooms": 0.0, "first_sale": "2021-06-30", "last_sale": "2024-11-19"}}, {"type": "Feature", "geometry": {"type": "Point", "coordinates": [2.328715, 48.857863]}, "properties": {"id_parcelle": "75107000AC0086", "address": "33 RUE DE VERNEUIL", "sales": 17, "median_price": 11900000.0, "median_price_per_sqm": 37187.5, "median_rooms": 0.0, "first_sale": "2021-07-15", "last_sale": "2024-09-10"}}, {"type": "Feature", "geometry": {"type": "Point", "coordinates": [2.327145, 48.857243]}, "properties": {"id_parcelle": "75107000AN0035", "address": "36 RUE DU BAC", "sales": 17, "median_price": 1202800.0, "median_price_per_sqm": 19112.311320754718, "median_rooms": 0.0, "first_sale": "2022-01-13", "last_sale": "2025-09-05"}}, {"type": "Feature", "geometry": {"type": "Point", "coordinates": [2.318596, 48.851425]}, "properties": {"id_parcelle": "75107000BF0032", "address": "45 RUE DE BABYLONE", "sales": 17, "median_price": 4300000.0, "median_price_per_sqm": 41670.146473082365, "median_rooms": 0.0, "first_sale": "2021-10-29", "last_sale": "2024-04-23"}}, {"type": "Feature", "geometry": {"type": "Point", "coordinates": [2.30865, 48.855962]}, "properties": {"id_parcelle": "75107000BY0140", "address": "15 AV DE LA MOTTE PICQUET", "sales": 17, "median_price": 1890000.0, "median_price_per_sqm": 13500.0, "median_rooms": 0.0, "first_sale": "2021-09-30", "last_sale": "2025-03-14"}}, {"type": "Feature", "geometry": {"type": "Point", "coordinates": [2.322442, 48.859573]}, "properties": {"id_parcelle": "75107000AQ0042", "address": "266 BD SAINT GERMAIN", "sales": 17, "median_price": 2270901.2, "median_price_per_sqm": 16433.116076970826, "median_rooms": 0.0, "first_sale": "2021-06-30", "last_sale": "2025-03-03"}}, {"type": "Feature", "geometry": {"type": "Point", "coordinates": [2.306182, 48.859097]}, "properties": {"id_parcelle": "75107000BZ0112", "address": "105 RUE ST DOMINIQUE", "sales": 17, "median_price": 1866000.0, "median_price_per_sqm": 17934.026845637585, "median_rooms": 0.0, "first_sale": "2021-06-30", "last_sale": "2025-02-14"}}, {"type": "Feature", "geometry": {"type": "Point", "coordinates": [2.296827, 48.859377]}, "properties": {"id_parcelle": "75107000CQ0014", "address": "18 AV DE LA BOURDONNAIS", "sales": 17, "median_price": 2700000.0, "median_price_per_sqm": 20329.268292682926, "median_rooms": 0.0, "first_sale": "2021-05-10", "last_sale": "2024-07-24"}}, {"type": "Feature", "geometry": {"type": "Point", "coordinates": [2.30864, 48.853654]}, "properties": {"id_parcelle": "75107000BR0012", "address": "17 AV DE TOURVILLE", "sales": 17, "median_price": 2000000.0, "median_price_per_sqm": 16956.709956709958, "median_rooms": 0.0, "first_sale": "2021-07-29", "last_sale": "2025-09-12"}}, {"type": "Feature", "geometry": {"type": "Point", "coordinates": [2.315595, 48.858361]}, "properties": {"id_parcelle": "75107000AW0015", "address": "7 RUE DE TALLEYRAND", "sales": 17, "median_price": 8000000.0, "median_price_per_sqm": 29023.95209580838, "median_rooms": 0.0, "first_sale": "2021-10-26", "last_sale": "2025-12-19"}}, {"type": "Feature", "geometry": {"type": "Point", "coordinates": [2.319178, 48.848545]}, "properties": {"id_parcelle": "75107000BG0027", "address": "26 RUE PIERRE LEROUX", "sales": 17, "median_price": 567000.0, "median_price_per_sqm": 13959.302325581395, "median_rooms": 0.0, "first_sale": "2021-06-29", "last_sale": "2025-11-14"}}, {"type": "Feature", "geometry": {"type": "Point", "coordinates": [2.301827, 48.857135]}, "properties": {"id_parcelle": "75107000CD0023", "address": "14 RUE AUGEREAU", "sales": 17, "median_price": 950000.0, "median_price_per_sqm": 13923.395445134574, "median_rooms": 0.0, "first_sale": "2022-07-28", "last_sale": "2025-08-29"}}, {"type": "Feature", "geometry": {"type": "Point", "coordinates": [2.328938, 48.858524]}, "properties": {"id_parcelle": "75107000AC0001", "address": "37 RUE DE LILLE", "sales": 17, "median_price": 1350000.0, "median_price_per_sqm": 12941.176470588236, "median_rooms": 0.0, "first_sale": "2021-07-12", "last_sale": "2025-09-23"}}, {"type": "Feature", "geometry": {"type": "Point", "coordinates": [2.332256, 48.857437]}, "properties": {"id_parcelle": "75107000AC0040", "address": "1 RUE DE LILLE", "sales": 17, "median_price": 1174761.0, "median_price_per_sqm": 18073.692810457516, "median_rooms": 1.0, "first_sale": "2022-07-01", "last_sale": "2025-12-23"}}, {"type": "Feature", "geometry": {"type": "Point", "coordinates": [2.313987, 48.852738]}, "properties": {"id_parcelle": "75107000BL0049", "address": "20 BD DES INVALIDES", "sales": 17, "median_price": 1944300.0, "median_price_per_sqm": 20897.688524590165, "median_rooms": 0.0, "first_sale": "2021-11-24", "last_sale": "2024-12-20"}}, {"type": "Feature", "geometry": {"type": "Point", "coordinates": [2.323484, 48.860857]}, "properties": {"id_parcelle": "75107000AP0020", "address": "11 QUAI ANATOLE FRANCE", "sales": 16, "median_price": 2400000.0, "median_price_per_sqm": 20903.225806451614, "median_rooms": 0.0, "first_sale": "2021-08-04", "last_sale": "2025-09-30"}}, {"type": "Feature", "geometry": {"type": "Point", "coordinates": [2.330076, 48.858161]}, "properties": {"id_parcelle": "75107000AC0018", "address": "23 RUE DE LILLE", "sales": 16, "median_price": 2240500.0, "median_price_per_sqm": 15729.5, "median_rooms": 0.5, "first_sale": "2021-12-10", "last_sale": "2023-10-19"}}, {"type": "Feature", "geometry": {"type": "Point", "coordinates": [2.329125, 48.858276]}, "properties": {"id_parcelle": "75107000AC0006", "address": "14 RUE DE BEAUNE", "sales": 16, "median_price": 1815000.0, "median_price_per_sqm": 20824.34058139535, "median_rooms": 0.0, "first_sale": "2021-09-24", "last_sale": "2025-11-13"}}, {"type": "Feature", "geometry": {"type": "Point", "coordinates": [2.309214, 48.856365]}, "properties": {"id_parcelle": "75107000BY0134", "address": "9 AV DE LA MOTTE PICQUET", "sales": 16, "median_price": 450000.0, "median_price_per_sqm": 15168.26923076923, "median_rooms": 1.0, "first_sale": "2021-06-30", "last_sale": "2025-12-01"}}, {"type": "Feature", "geometry": {"type": "Point", "coordinates": [2.327668, 48.858242]}, "properties": {"id_parcelle": "75107000AN0060", "address": "41 RUE DE VERNEUIL", "sales": 16, "median_price": 32200.0, "median_price_per_sqm": 310.05, "median_rooms": 0.0, "first_sale": "2021-03-23", "last_sale": "2025-05-15"}}, {"type": "Feature", "geometry": {"type": "Point", "coordinates": [2.307019, 48.857664]}, "properties": {"id_parcelle": "75107000BY0090", "address": "155 RUE DE GRENELLE", "sales": 16, "median_price": 261000.0, "median_price_per_sqm": 10822.916666666666, "median_rooms": 1.0, "first_sale": "2022-11-21", "last_sale": "2025-06-04"}}, {"type": "Feature", "geometry": {"type": "Point", "coordinates": [2.32433, 48.858217]}, "properties": {"id_parcelle": "75107000AN0015", "address": "7 RUE DE VILLERSEXEL", "sales": 16, "median_price": 1342307.5, "median_price_per_sqm": 12207.792207792209, "median_rooms": 2.0, "first_sale": "2021-07-27", "last_sale": "2025-10-23"}}, {"type": "Feature", "geometry": {"type": "Point", "coordinates": [2.310913, 48.860864]}, "properties": {"id_parcelle": "75107000AU0005", "address": "109 RUE DE L UNIVERSITE", "sales": 16, "median_price": 560000.0, "median_price_per_sqm": 13391.768292682926, "median_rooms": 0.0, "first_sale": "2021-07-20", "last_sale": "2025-11-07"}}, {"type": "Feature", "geometry": {"type": "Point", "coordinates": [2.298563, 48.859074]}, "properties": {"id_parcelle": "75107000CI0051", "address": "29 AV DE LA BOURDONNAIS", "sales": 16, "median_price": 747500.0, "median_price_per_sqm": 16992.567567567567, "median_rooms": 3.0, "first_sale": "2021-03-19", "last_sale": "2024-11-04"}}, {"type": "Feature", "geometry": {"type": "Point", "coordinates": [2.316595, 48.857541]}, "properties": {"id_parcelle": "75107000AY0003", "address": "123 RUE DE GRENELLE", "sales": 16, "median_price": 1897500.0, "median_price_per_sqm": 20247.93388429752, "median_rooms": 1.0, "first_sale": "2022-02-28", "last_sale": "2025-11-18"}}, {"type": "Feature", "geometry": {"type": "Point", "coordinates": [2.304452, 48.854547]}, "properties": {"id_parcelle": "75107000BV0026", "address": "78 AV DE LA BOURDONNAIS", "sales": 16, "median_price": 1420000.0, "median_price_per_sqm": 11919.652210349885, "median_rooms": 0.0, "first_sale": "2021-10-08", "last_sale": "2025-11-25"}}, {"type": "Feature", "geometry": {"type": "Point", "coordinates": [2.301346, 48.856365]}, "properties": {"id_parcelle": "75107000CE0008", "address": "7 AV EMILE DESCHANEL", "sales": 16, "median_price": 378800.0, "median_price_per_sqm": 22242.264450056115, "median_rooms": 0.0, "first_sale": "2021-01-27", "last_sale": "2024-05-16"}}, {"type": "Feature", "geometry": {"type": "Point", "coordinates": [2.312961, 48.852596]}, "properties": {"id_parcelle": "75107000BL0036", "address": "4 AV DE VILLARS", "sales": 16, "median_price": 1833900.0, "median_price_per_sqm": 17633.653846153848, "median_rooms": 0.0, "first_sale": "2023-02-08", "last_sale": "2025-10-03"}}, {"type": "Feature", "geometry": {"type": "Point", "coordinates": [2.318049, 48.848709]}, "properties": {"id_parcelle": "75107000BH0012", "address": "18 RUE ROUSSELET", "sales": 16, "median_price": 1450000.0, "median_price_per_sqm": 16216.216216216217, "median_rooms": 0.0, "first_sale": "2021-05-25", "last_sale": "2025-11-07"}}, {"type": "Feature", "geometry": {"type": "Point", "coordinates": [2.324535, 48.858331]}, "properties": {"id_parcelle": "75107000AN0014", "address": "5 RUE DE VILLERSEXEL", "sales": 16, "median_price": 4487700.0, "median_price_per_sqm": 21886.363636363636, "median_rooms": 0.0, "first_sale": "2021-07-06", "last_sale": "2024-04-29"}}, {"type": "Feature", "geometry": {"type": "Point", "coordinates": [2.297961, 48.854165]}, "properties": {"id_parcelle": "75107000CF0013", "address": "23 AV CHARLES FLOQUET", "sales": 16, "median_price": 5700000.0, "median_price_per_sqm": 17977.941176470587, "median_rooms": 0.5, "first_sale": "2023-09-08", "last_sale": "2024-03-14"}}, {"type": "Feature", "geometry": {"type": "Point", "coordinates": [2.324546, 48.855739]}, "properties": {"id_parcelle": "75107000AL0058", "address": "84 RUE DE GRENELLE", "sales": 16, "median_price": 90000.0, "median_price_per_sqm": 7500.0, "median_rooms": 0.0, "first_sale": "2023-05-23", "last_sale": "2025-11-17"}}, {"type": "Feature", "geometry": {"type": "Point", "coordinates": [2.299344, 48.859962]}, "properties": {"id_parcelle": "75107000CI0034", "address": "9 AV FRANCO RUSSE", "sales": 16, "median_price": 2548000.0, "median_price_per_sqm": 12083.333333333332, "median_rooms": 0.0, "first_sale": "2022-03-16", "last_sale": "2023-09-20"}}, {"type": "Feature", "geometry": {"type": "Point", "coordinates": [2.329805, 48.856187]}, "properties": {"id_parcelle": "75107000AD0049", "address": "10 RUE DU PRE AUX CLERCS", "sales": 16, "median_price": 5480000.0, "median_price_per_sqm": 32975.959384799164, "median_rooms": 0.5, "first_sale": "2023-04-04", "last_sale": "2025-12-12"}}, {"type": "Feature", "geometry": {"type": "Point", "coordinates": [2.306939, 48.861558]}, "properties": {"id_parcelle": "75107000CM0039", "address": "15 AV ROBERT SCHUMAN", "sales": 16, "median_price": 3680000.0, "median_price_per_sqm": 16000.0, "median_rooms": 0.0, "first_sale": "2021-12-21", "last_sale": "2025-07-10"}}, {"type": "Feature", "geometry": {"type": "Point", "coordinates": [2.309831, 48.850272]}, "properties": {"id_parcelle": "75107000BM0032", "address": "8 VLA DE SEGUR", "sales": 16, "median_price": 550000.0, "median_price_per_sqm": 10000.0, "median_rooms": 0.5, "first_sale": "2021-04-16", "last_sale": "2025-03-10"}}, {"type": "Feature", "geometry": {"type": "Point", "coordinates": [2.309106, 48.849969]}, "properties": {"id_parcelle": "75107000BN0002", "address": "51 AV DE SEGUR", "sales": 16, "median_price": 545909.0, "median_price_per_sqm": 12428.57142857143, "median_rooms": 0.0, "first_sale": "2021-07-22", "last_sale": "2024-09-20"}}, {"type": "Feature", "geometry": {"type": "Point", "coordinates": [2.313963, 48.849926]}, "properties": {"id_parcelle": "75107000BK0015", "address": "5 PL DU PRESIDENT MITHOUARD", "sales": 16, "median_price": 1754975.0, "median_price_per_sqm": 13714.814814814814, "median_rooms": 0.0, "first_sale": "2022-03-21", "last_sale": "2025-06-24"}}, {"type": "Feature", "geometry": {"type": "Point", "coordinates": [2.329677, 48.854997]}, "properties": {"id_parcelle": "75107000AD0075", "address": "198 BD SAINT GERMAIN", "sales": 16, "median_price": 3100000.0, "median_price_per_sqm": 32243.282618459467, "median_rooms": 0.0, "first_sale": "2021-02-01", "last_sale": "2025-06-12"}}, {"type": "Feature", "geometry": {"type": "Point", "coordinates": [2.330565, 48.856359]}, "properties": {"id_parcelle": "75107000AD0061", "address": "5 RUE DE L UNIVERSITE", "sales": 16, "median_price": 1837500.0, "median_price_per_sqm": 21666.666666666668, "median_rooms": 0.0, "first_sale": "2021-11-08", "last_sale": "2025-11-25"}}, {"type": "Feature", "geometry": {"type": "Point", "coordinates": [2.304448, 48.857783]}, "properties": {"id_parcelle": "75107000CD0122", "address": "43 AV BOSQUET", "sales": 16, "median_price": 520000.0, "median_price_per_sqm": 11086.95652173913, "median_rooms": 0.0, "first_sale": "2023-04-27", "last_sale": "2025-09-12"}}, {"type": "Feature", "geometry": {"type": "Point", "coordinates": [2.30606, 48.856772]}, "properties": {"id_parcelle": "75107000BY0032", "address": "36 RUE CLER", "sales": 15, "median_price": 317000.0, "median_price_per_sqm": 13237.5, "median_rooms": 0.0, "first_sale": "2021-04-26", "last_sale": "2024-04-23"}}, {"type": "Feature", "geometry": {"type": "Point", "coordinates": [2.318783, 48.851896]}, "properties": {"id_parcelle": "75107000BE0039", "address": "40 RUE VANEAU", "sales": 15, "median_price": 1395000.0, "median_price_per_sqm": 18548.814148435904, "median_rooms": 3.0, "first_sale": "2021-04-29", "last_sale": "2025-07-03"}}, {"type": "Feature", "geometry": {"type": "Point", "coordinates": [2.307354, 48.855837]}, "properties": {"id_parcelle": "75107000BY0076", "address": "28 AV DE LA MOTTE PICQUET", "sales": 15, "median_price": 1055000.0, "median_price_per_sqm": 15700.0, "median_rooms": 0.0, "first_sale": "2022-11-28", "last_sale": "2025-08-04"}}, {"type": "Feature", "geometry": {"type": "Point", "coordinates": [2.318098, 48.851938]}, "properties": {"id_parcelle": "75107000BE0018", "address": "50 RUE DE BABYLONE", "sales": 15, "median_price": 618000.0, "median_price_per_sqm": 14253.90625, "median_rooms": 0.0, "first_sale": "2021-06-29", "last_sale": "2025-05-23"}}, {"type": "Feature", "geometry": {"type": "Point", "coordinates": [2.317963, 48.854331]}, "properties": {"id_parcelle": "75107000BD0010", "address": "9 RUE BARBET DE JOUY", "sales": 15, "median_price": 990000.0, "median_price_per_sqm": 34317.46608527132, "median_rooms": 0.0, "first_sale": "2022-09-30", "last_sale": "2025-11-14"}}, {"type": "Feature", "geometry": {"type": "Point", "coordinates": [2.317057, 48.85344]}, "properties": {"id_parcelle": "75107000BD0003", "address": "24 RUE BARBET DE JOUY", "sales": 15, "median_price": 2314420.0, "median_price_per_sqm": 31339.45499773858, "median_rooms": 1.0, "first_sale": "2021-04-08", "last_sale": "2023-12-21"}}, {"type": "Feature", "geometry": {"type": "Point", "coordinates": [2.331993, 48.857989]}, "properties": {"id_parcelle": "75107000AB0040", "address": "6 RUE DE LILLE", "sales": 15, "median_price": 880000.0, "median_price_per_sqm": 17600.0, "median_rooms": 1.0, "first_sale": "2022-12-02", "last_sale": "2025-09-17"}}, {"type": "Feature", "geometry": {"type": "Point", "coordinates": [2.330116, 48.857898]}, "properties": {"id_parcelle": "75107000AC0020", "address": "30 RUE DE VERNEUIL", "sales": 15, "median_price": 1750000.0, "median_price_per_sqm": 17500.0, "median_rooms": 0.0, "first_sale": "2022-01-12", "last_sale": "2025-10-31"}}, {"type": "Feature", "geometry": {"type": "Point", "coordinates": [2.327913, 48.858783]}, "properties": {"id_parcelle": "75107000AO0011", "address": "43 RUE DE LILLE", "sales": 15, "median_price": 1800000.0, "median_price_per_sqm": 20133.920278769336, "median_rooms": 2.0, "first_sale": "2021-01-26", "last_sale": "2025-09-01"}}, {"type": "Feature", "geometry": {"type": "Point", "coordinates": [2.31133, 48.852221]}, "properties": {"id_parcelle": "75107000BL0011", "address": "11 AV DE SEGUR", "sales": 15, "median_price": 1527150.0, "median_price_per_sqm": 15100.0, "median_rooms": 0.0, "first_sale": "2021-08-03", "last_sale": "2025-02-24"}}, {"type": "Feature", "geometry": {"type": "Point", "coordinates": [2.307953, 48.860115]}, "properties": {"id_parcelle": "75107000CL0031", "address": "13 RUE JEAN NICOT", "sales": 15, "median_price": 3600000.0, "median_price_per_sqm": 12927.402597402597, "median_rooms": 0.0, "first_sale": "2021-03-12", "last_sale": "2025-05-20"}}, {"type": "Feature", "geometry": {"type": "Point", "coordinates": [2.307514, 48.856414]}, "properties": {"id_parcelle": "75107000BY0080", "address": "23 RUE DUVIVIER", "sales": 15, "median_price": 457000.0, "median_price_per_sqm": 12694.444444444445, "median_rooms": 0.0, "first_sale": "2022-04-15", "last_sale": "2025-12-19"}}, {"type": "Feature", "geometry": {"type": "Point", "coordinates": [2.312757, 48.848033]}, "properties": {"id_parcelle": "75107000BJ0014", "address": "10 RUE DU GAL BERTRAND", "sales": 15, "median_price": 430000.0, "median_price_per_sqm": 13333.333333333334, "median_rooms": 0.0, "first_sale": "2021-08-13", "last_sale": "2025-12-12"}}, {"type": "Feature", "geometry": {"type": "Point", "coordinates": [2.301845, 48.859056]}, "properties": {"id_parcelle": "75107000CJ0047", "address": "5 RUE SEDILLOT", "sales": 15, "median_price": 430000.0, "median_price_per_sqm": 10889.233954451345, "median_rooms": 0.0, "first_sale": "2022-03-15", "last_sale": "2025-08-08"}}, {"type": "Feature", "geometry": {"type": "Point", "coordinates": [2.329115, 48.8533]}, "properties": {"id_parcelle": "75107000AE0046", "address": "18 RUE DE GRENELLE", "sales": 15, "median_price": 2317000.0, "median_price_per_sqm": 17961.24031007752, "median_rooms": 0.0, "first_sale": "2022-03-24", "last_sale": "2025-03-04"}}, {"type": "Feature", "geometry": {"type": "Point", "coordinates": [2.305834, 48.86186]}, "properties": {"id_parcelle": "75107000CM0004", "address": "8 RUE DU COLONEL COMBES", "sales": 15, "median_price": 3630000.0, "median_price_per_sqm": 15333.333333333334, "median_rooms": 0.0, "first_sale": "2021-06-03", "last_sale": "2023-07-13"}}, {"type": "Feature", "geometry": {"type": "Point", "coordinates": [2.307162, 48.862012]}, "properties": {"id_parcelle": "75107000CM0013", "address": "4 RUE HENRI MOISSAN", "sales": 15, "median_price": 2559997.5, "median_price_per_sqm": 11531.52027027027, "median_rooms": 0.0, "first_sale": "2021-11-04", "last_sale": "2022-12-21"}}, {"type": "Feature", "geometry": {"type": "Point", "coordinates": [2.2975, 48.853866]}, "properties": {"id_parcelle": "75107000CF0023", "address": "32 AV CHARLES FLOQUET", "sales": 15, "median_price": 3188000.0, "median_price_per_sqm": 9218.062397372742, "median_rooms": 0.0, "first_sale": "2021-03-15", "last_sale": "2025-12-19"}}, {"type": "Feature", "geometry": {"type": "Point", "coordinates": [2.303748, 48.854845]}, "properties": {"id_parcelle": "75107000BV0020", "address": "3 AV FREDERIC LE PLAY", "sales": 15, "median_price": 1890000.0, "median_price_per_sqm": 18333.333333333332, "median_rooms": 0.0, "first_sale": "2021-01-27", "last_sale": "2025-12-19"}}, {"type": "Feature", "geometry": {"type": "Point", "coordinates": [2.303686, 48.855059]}, "properties": {"id_parcelle": "75107000BV0018", "address": "1 RUE SAVORGNAN DE BRAZZA", "sales": 15, "median_price": 3100000.0, "median_price_per_sqm": 15897.435897435897, "median_rooms": 0.0, "first_sale": "2021-05-21", "last_sale": "2023-07-04"}}, {"type": "Feature", "geometry": {"type": "Point", "coordinates": [2.302702, 48.861478]}, "properties": {"id_parcelle": "75107000CN0027", "address": "5 AV BOSQUET", "sales": 15, "median_price": 2000000.0, "median_price_per_sqm": 17000.0, "median_rooms": 3.0, "first_sale": "2021-02-10", "last_sale": "2025-10-02"}}, {"type": "Feature", "geometry": {"type": "Point", "coordinates": [2.302342, 48.855736]}, "properties": {"id_parcelle": "75107000BV0012", "address": "15 AV EMILE DESCHANEL", "sales": 15, "median_price": 2900000.0, "median_price_per_sqm": 19883.529411764706, "median_rooms": 0.0, "first_sale": "2021-12-27", "last_sale": "2025-09-22"}}, {"type": "Feature", "geometry": {"type": "Point", "coordinates": [2.317569, 48.847945]}, "properties": {"id_parcelle": "75107000BI0036", "address": "9 AV DANIEL LESUEUR", "sales": 15, "median_price": 1670000.0, "median_price_per_sqm": 18364.077669902912, "median_rooms": 0.0, "first_sale": "2022-09-02", "last_sale": "2025-09-12"}}, {"type": "Feature", "geometry": {"type": "Point", "coordinates": [2.32712, 48.858397]}, "properties": {"id_parcelle": "75107000AN0055", "address": "47 RUE DE VERNEUIL", "sales": 15, "median_price": 19500000.0, "median_price_per_sqm": 152343.75, "median_rooms": 0.0, "first_sale": "2025-06-06", "last_sale": "2025-06-06"}}, {"type": "Feature", "geometry": {"type": "Point", "coordinates": [2.298856, 48.85924]}, "properties": {"id_parcelle": "75107000CI0047", "address": "9 RUE DE MONTTESSUY", "sales": 15, "median_price": 1202000.0, "median_price_per_sqm": 17500.0, "median_rooms": 0.0, "first_sale": "2021-10-08", "last_sale": "2025-01-28"}}, {"type": "Feature", "geometry": {"type": "Point", "coordinates": [2.315044, 48.859235]}, "properties": {"id_parcelle": "75107000AW0036", "address": "23 RUE DE CONSTANTINE", "sales": 15, "median_price": 41520272.0, "median_price_per_sqm": 233826.914893617, "median_rooms": 2.0, "first_sale": "2021-04-27", "last_sale": "2025-03-07"}}, {"type": "Feature", "geometry": {"type": "Point", "coordinates": [2.318887, 48.849257]}, "properties": {"id_parcelle": "75107000BG0033", "address": "16 RUE PIERRE LEROUX", "sales": 15, "median_price": 290000.0, "median_price_per_sqm": 13175.691699604744, "median_rooms": 1.0, "first_sale": "2021-02-25", "last_sale": "2024-11-06"}}, {"type": "Feature", "geometry": {"type": "Point", "coordinates": [2.321829, 48.85487]}, "properties": {"id_parcelle": "75107000AL0019", "address": "54 RUE DE VARENNE", "sales": 15, "median_price": 2765000.0, "median_price_per_sqm": 9655.172413793105, "median_rooms": 0.0, "first_sale": "2021-02-11", "last_sale": "2025-03-04"}}, {"type": "Feature", "geometry": {"type": "Point", "coordinates": [2.307208, 48.858964]}, "properties": {"id_parcelle": "75107000BZ0022", "address": "10 RUE AMELIE", "sales": 15, "median_price": 210000.0, "median_price_per_sqm": 12031.25, "median_rooms": 1.0, "first_sale": "2021-04-06", "last_sale": "2025-09-05"}}, {"type": "Feature", "geometry": {"type": "Point", "coordinates": [2.328914, 48.853406]}, "properties": {"id_parcelle": "75107000AE0047", "address": "20 RUE DE GRENELLE", "sales": 15, "median_price": 4079800.0, "median_price_per_sqm": 47997.64705882353, "median_rooms": 0.0, "first_sale": "2021-06-17", "last_sale": "2025-04-18"}}, {"type": "Feature", "geometry": {"type": "Point", "coordinates": [2.307156, 48.84772]}, "properties": {"id_parcelle": "75107000BO0023", "address": "137 AV DE SUFFREN", "sales": 15, "median_price": 2707200.0, "median_price_per_sqm": 16980.13816925734, "median_rooms": 0.0, "first_sale": "2022-11-07", "last_sale": "2023-05-17"}}, {"type": "Feature", "geometry": {"type": "Point", "coordinates": [2.318178, 48.858887]}, "properties": {"id_parcelle": "75107000AX0003", "address": "17 RUE DE BOURGOGNE", "sales": 15, "median_price": 2650000.0, "median_price_per_sqm": 19624.627606752732, "median_rooms": 0.0, "first_sale": "2022-12-20", "last_sale": "2025-07-18"}}, {"type": "Feature", "geometry": {"type": "Point", "coordinates": [2.303718, 48.85724]}, "properties": {"id_parcelle": "75107000CD0114", "address": "32 AV BOSQUET", "sales": 15, "median_price": 850000.0, "median_price_per_sqm": 14111.754385964912, "median_rooms": 0.0, "first_sale": "2021-05-21", "last_sale": "2025-11-05"}}, {"type": "Feature", "geometry": {"type": "Point", "coordinates": [2.300915, 48.856675]}, "properties": {"id_parcelle": "75107000CE0007", "address": "5 AV EMILE DESCHANEL", "sales": 15, "median_price": 4566110.0, "median_price_per_sqm": 22500.0, "median_rooms": 0.0, "first_sale": "2021-01-29", "last_sale": "2025-06-27"}}, {"type": "Feature", "geometry": {"type": "Point", "coordinates": [2.308736, 48.859132]}, "properties": {"id_parcelle": "75107000BZ0066", "address": "10 RUE DE LA COMETE", "sales": 15, "median_price": 1599600.0, "median_price_per_sqm": 21616.216216216217, "median_rooms": 2.0, "first_sale": "2021-06-07", "last_sale": "2025-04-30"}}, {"type": "Feature", "geometry": {"type": "Point", "coordinates": [2.322857, 48.856139]}, "properties": {"id_parcelle": "75107000AM0011", "address": "100 RUE DE GRENELLE", "sales": 15, "median_price": 6090000.0, "median_price_per_sqm": 23076.923076923078, "median_rooms": 0.0, "first_sale": "2021-09-03", "last_sale": "2025-05-15"}}, {"type": "Feature", "geometry": {"type": "Point", "coordinates": [2.324109, 48.859883]}, "properties": {"id_parcelle": "75107000AQ0020", "address": "6 RUE DE BELLECHASSE", "sales": 15, "median_price": 2020000.0, "median_price_per_sqm": 15538.461538461539, "median_rooms": 4.0, "first_sale": "2021-05-06", "last_sale": "2025-12-12"}}, {"type": "Feature", "geometry": {"type": "Point", "coordinates": [2.312618, 48.847349]}, "properties": {"id_parcelle": "75107000BI0001", "address": "17 RUE DUROC", "sales": 15, "median_price": 2350000.0, "median_price_per_sqm": 14779.874213836478, "median_rooms": 0.0, "first_sale": "2021-01-29", "last_sale": "2025-09-29"}}, {"type": "Feature", "geometry": {"type": "Point", "coordinates": [2.30552, 48.857871]}, "properties": {"id_parcelle": "75107000CD0137", "address": "22 RUE CLER", "sales": 15, "median_price": 520000.0, "median_price_per_sqm": 11063.829787234043, "median_rooms": 0.0, "first_sale": "2022-01-11", "last_sale": "2024-05-24"}}, {"type": "Feature", "geometry": {"type": "Point", "coordinates": [2.303686, 48.859353]}, "properties": {"id_parcelle": "75107000CK0032", "address": "29 AV BOSQUET", "sales": 15, "median_price": 188000.0, "median_price_per_sqm": 12730.081300813008, "median_rooms": 0.0, "first_sale": "2021-02-08", "last_sale": "2023-06-09"}}, {"type": "Feature", "geometry": {"type": "Point", "coordinates": [2.298075, 48.859534]}, "properties": {"id_parcelle": "75107000CI0010", "address": "24 RUE DE MONTTESSUY", "sales": 14, "median_price": 915220.25, "median_price_per_sqm": 14627.472527472528, "median_rooms": 0.5, "first_sale": "2021-02-15", "last_sale": "2024-01-25"}}, {"type": "Feature", "geometry": {"type": "Point", "coordinates": [2.309961, 48.861395]}, "properties": {"id_parcelle": "75107000CM0023", "address": "16 BD DE LA TOUR MAUBOURG", "sales": 14, "median_price": 781200.0, "median_price_per_sqm": 12126.388888888889, "median_rooms": 0.0, "first_sale": "2021-06-29", "last_sale": "2025-05-27"}}, {"type": "Feature", "geometry": {"type": "Point", "coordinates": [2.317934, 48.850089]}, "properties": {"id_parcelle": "75107000BG0001", "address": "1 RUE ROUSSELET", "sales": 14, "median_price": 750000.0, "median_price_per_sqm": 15475.806451612903, "median_rooms": 0.0, "first_sale": "2021-03-02", "last_sale": "2025-07-04"}}, {"type": "Feature", "geometry": {"type": "Point", "coordinates": [2.306411, 48.857244]}, "properties": {"id_parcelle": "75107000BY0052", "address": "33 RUE CLER", "sales": 14, "median_price": 1105500.0, "median_price_per_sqm": 16815.384615384613, "median_rooms": 1.0, "first_sale": "2021-03-01", "last_sale": "2025-07-17"}}, {"type": "Feature", "geometry": {"type": "Point", "coordinates": [2.317386, 48.854016]}, "properties": {"id_parcelle": "75107000BD0006", "address": "16 RUE BARBET DE JOUY", "sales": 14, "median_price": 1500000.0, "median_price_per_sqm": 18782.05128205128, "median_rooms": 0.0, "first_sale": "2021-09-01", "last_sale": "2025-11-14"}}, {"type": "Feature", "geometry": {"type": "Point", "coordinates": [2.316791, 48.847763]}, "properties": {"id_parcelle": "75107000BI0039", "address": "3 AV DANIEL LESUEUR", "sales": 14, "median_price": 3000000.0, "median_price_per_sqm": 16909.24583031182, "median_rooms": 0.0, "first_sale": "2021-09-08", "last_sale": "2025-06-30"}}, {"type": "Feature", "geometry": {"type": "Point", "coordinates": [2.329344, 48.854405]}, "properties": {"id_parcelle": "75107000AE0030", "address": "183 BD SAINT GERMAIN", "sales": 14, "median_price": 4267000.0, "median_price_per_sqm": 17205.645161290322, "median_rooms": 0.0, "first_sale": "2022-02-17", "last_sale": "2024-06-06"}}, {"type": "Feature", "geometry": {"type": "Point", "coordinates": [2.297917, 48.859679]}, "properties": {"id_parcelle": "75107000CI0007", "address": "17 AV DE LA BOURDONNAIS", "sales": 14, "median_price": 1115750.0, "median_price_per_sqm": 24085.144927536232, "median_rooms": 0.0, "first_sale": "2021-04-06", "last_sale": "2024-04-15"}}, {"type": "Feature", "geometry": {"type": "Point", "coordinates": [2.303858, 48.854931]}, "properties": {"id_parcelle": "75107000BV0021", "address": "72 AV DE LA BOURDONNAIS", "sales": 14, "median_price": 935000.0, "median_price_per_sqm": 13818.103296315883, "median_rooms": 0.5, "first_sale": "2021-01-29", "last_sale": "2025-06-06"}}, {"type": "Feature", "geometry": {"type": "Point", "coordinates": [2.30058, 48.857646]}, "properties": {"id_parcelle": "75107000CD0001", "address": "149 RUE ST DOMINIQUE", "sales": 14, "median_price": 940000.0, "median_price_per_sqm": 14242.424242424242, "median_rooms": 2.5, "first_sale": "2021-03-30", "last_sale": "2025-03-26"}}, {"type": "Feature", "geometry": {"type": "Point", "coordinates": [2.298698, 48.858958]}, "properties": {"id_parcelle": "75107000CI0050", "address": "31 AV DE LA BOURDONNAIS", "sales": 14, "median_price": 833690.0, "median_price_per_sqm": 15905.511363636364, "median_rooms": 1.0, "first_sale": "2022-06-08", "last_sale": "2025-11-05"}}, {"type": "Feature", "geometry": {"type": "Point", "coordinates": [2.323726, 48.855709]}, "properties": {"id_parcelle": "75107000AL0046", "address": "90 RUE DE GRENELLE", "sales": 14, "median_price": 1620000.0, "median_price_per_sqm": 15109.797297297297, "median_rooms": 0.0, "first_sale": "2022-11-28", "last_sale": "2025-07-23"}}, {"type": "Feature", "geometry": {"type": "Point", "coordinates": [2.31754, 48.851297]}, "properties": {"id_parcelle": "75107000BF0027", "address": "51 RUE DE BABYLONE", "sales": 14, "median_price": 18000000.0, "median_price_per_sqm": 157061.6883116883, "median_rooms": 0.0, "first_sale": "2021-06-29", "last_sale": "2025-02-06"}}, {"type": "Feature", "geometry": {"type": "Point", "coordinates": [2.309768, 48.858413]}, "properties": {"id_parcelle": "75107000BZ0094", "address": "56 BD DE LA TOUR MAUBOURG", "sales": 14, "median_price": 2050000.0, "median_price_per_sqm": 38814.8667601683, "median_rooms": 1.5, "first_sale": "2022-02-11", "last_sale": "2025-09-30"}}, {"type": "Feature", "geometry": {"type": "Point", "coordinates": [2.318696, 48.848065]}, "properties": {"id_parcelle": "75107000BH0029", "address": "32 RUE ROUSSELET", "sales": 14, "median_price": 1165950.0, "median_price_per_sqm": 28616.666666666668, "median_rooms": 0.5, "first_sale": "2022-06-17", "last_sale": "2025-06-16"}}, {"type": "Feature", "geometry": {"type": "Point", "coordinates": [2.321268, 48.853136]}, "properties": {"id_parcelle": "75107000AK0022", "address": "7 CITE DE VARENNE", "sales": 14, "median_price": 58000000.0, "median_price_per_sqm": 267281.1059907834, "median_rooms": 0.0, "first_sale": "2024-12-16", "last_sale": "2024-12-16"}}, {"type": "Feature", "geometry": {"type": "Point", "coordinates": [2.303795, 48.854143]}, "properties": {"id_parcelle": "75107000BV0029", "address": "10 AV FREDERIC LE PLAY", "sales": 14, "median_price": 8570000.0, "median_price_per_sqm": 40977.506891475976, "median_rooms": 0.0, "first_sale": "2021-07-02", "last_sale": "2024-04-24"}}, {"type": "Feature", "geometry": {"type": "Point", "coordinates": [2.317646, 48.858676]}, "properties": {"id_parcelle": "75107000AW0026", "address": "22 RUE DE BOURGOGNE", "sales": 14, "median_price": 505000.0, "median_price_per_sqm": 12916.666666666666, "median_rooms": 0.0, "first_sale": "2021-10-21", "last_sale": "2025-07-04"}}, {"type": "Feature", "geometry": {"type": "Point", "coordinates": [2.304339, 48.859251]}, "properties": {"id_parcelle": "75107000CK0052", "address": "100 RUE ST DOMINIQUE", "sales": 14, "median_price": 949307.0, "median_price_per_sqm": 24532.823529411766, "median_rooms": 0.0, "first_sale": "2021-08-11", "last_sale": "2024-12-03"}}, {"type": "Feature", "geometry": {"type": "Point", "coordinates": [2.300698, 48.858116]}, "properties": {"id_parcelle": "75107000CJ0013", "address": "43 AV RAPP", "sales": 14, "median_price": 910957.5, "median_price_per_sqm": 15292.857142857141, "median_rooms": 1.0, "first_sale": "2021-02-24", "last_sale": "2025-06-25"}}, {"type": "Feature", "geometry": {"type": "Point", "coordinates": [2.315027, 48.858711]}, "properties": {"id_parcelle": "75107000AW0005", "address": "25 RUE DE CONSTANTINE", "sales": 14, "median_price": 7786175.0, "median_price_per_sqm": 40669.85645933014, "median_rooms": 0.0, "first_sale": "2021-07-21", "last_sale": "2022-06-13"}}, {"type": "Feature", "geometry": {"type": "Point", "coordinates": [2.317892, 48.850589]}, "properties": {"id_parcelle": "75107000BF0029", "address": "10 RUE OUDINOT", "sales": 14, "median_price": 1503071.0, "median_price_per_sqm": 15247.0, "median_rooms": 0.0, "first_sale": "2024-07-15", "last_sale": "2025-09-16"}}, {"type": "Feature", "geometry": {"type": "Point", "coordinates": [2.307239, 48.860115]}, "properties": {"id_parcelle": "75107000CL0023", "address": "22 RUE JEAN NICOT", "sales": 14, "median_price": 400000.0, "median_price_per_sqm": 12647.111344537814, "median_rooms": 2.0, "first_sale": "2021-04-28", "last_sale": "2025-06-05"}}, {"type": "Feature", "geometry": {"type": "Point", "coordinates": [2.299395, 48.852633]}, "properties": {"id_parcelle": "75107000BU0026", "address": "50 AV CHARLES FLOQUET", "sales": 14, "median_price": 2320000.0, "median_price_per_sqm": 18612.99940369708, "median_rooms": 0.0, "first_sale": "2021-08-26", "last_sale": "2025-01-30"}}, {"type": "Feature", "geometry": {"type": "Point", "coordinates": [2.327709, 48.858862]}, "properties": {"id_parcelle": "75107000AO0014", "address": "45 RUE DE LILLE", "sales": 14, "median_price": 719065.0, "median_price_per_sqm": 18037.218670076727, "median_rooms": 0.0, "first_sale": "2021-04-08", "last_sale": "2025-07-24"}}, {"type": "Feature", "geometry": {"type": "Point", "coordinates": [2.308027, 48.855549]}, "properties": {"id_parcelle": "75107000BX0003", "address": "21 AV DE LA MOTTE PICQUET", "sales": 14, "median_price": 624807.5, "median_price_per_sqm": 14741.198138297872, "median_rooms": 0.0, "first_sale": "2023-04-24", "last_sale": "2025-09-15"}}, {"type": "Feature", "geometry": {"type": "Point", "coordinates": [2.304347, 48.855617]}, "properties": {"id_parcelle": "75107000BW0101", "address": "50 AV BOSQUET", "sales": 14, "median_price": 1551500.0, "median_price_per_sqm": 14800.0, "median_rooms": 0.0, "first_sale": "2021-10-20", "last_sale": "2023-09-21"}}, {"type": "Feature", "geometry": {"type": "Point", "coordinates": [2.313212, 48.847106]}, "properties": {"id_parcelle": "75107000BI0014", "address": "22 RUE DU GAL BERTRAND", "sales": 14, "median_price": 720315.5, "median_price_per_sqm": 13732.182017543859, "median_rooms": 0.0, "first_sale": "2021-05-03", "last_sale": "2025-02-25"}}, {"type": "Feature", "geometry": {"type": "Point", "coordinates": [2.327488, 48.858313]}, "properties": {"id_parcelle": "75107000AN0059", "address": "43 RUE DE VERNEUIL", "sales": 14, "median_price": 115000.0, "median_price_per_sqm": 8233.620689655172, "median_rooms": 0.0, "first_sale": "2021-08-18", "last_sale": "2025-11-05"}}, {"type": "Feature", "geometry": {"type": "Point", "coordinates": [2.308945, 48.853648]}, "properties": {"id_parcelle": "75107000BR0022", "address": "15 AV DE TOURVILLE", "sales": 14, "median_price": 3650000.0, "median_price_per_sqm": 16505.208333333336, "median_rooms": 0.0, "first_sale": "2023-10-11", "last_sale": "2025-03-28"}}, {"type": "Feature", "geometry": {"type": "Point", "coordinates": [2.308593, 48.861316]}, "properties": {"id_parcelle": "75107000CM0055", "address": "150 RUE DE L UNIVERSITE", "sales": 13, "median_price": 2720200.0, "median_price_per_sqm": 15496.208791208792, "median_rooms": 0.0, "first_sale": "2021-06-17", "last_sale": "2025-03-07"}}, {"type": "Feature", "geometry": {"type": "Point", "coordinates": [2.308581, 48.848373]}, "properties": {"id_parcelle": "75107000BO0039", "address": "2 RUE LEON VAUDOYER", "sales": 13, "median_price": 1850000.0, "median_price_per_sqm": 11212.121212121212, "median_rooms": 6.0, "first_sale": "2021-10-04", "last_sale": "2025-06-13"}}, {"type": "Feature", "geometry": {"type": "Point", "coordinates": [2.296398, 48.85956]}, "properties": {"id_parcelle": "75107000CQ0011", "address": "225 RUE DE L UNIVERSITE", "sales": 13, "median_price": 2270000.0, "median_price_per_sqm": 42157.87037037037, "median_rooms": 0.0, "first_sale": "2021-02-11", "last_sale": "2024-06-17"}}, {"type": "Feature", "geometry": {"type": "Point", "coordinates": [2.305858, 48.855804]}, "properties": {"id_parcelle": "75107000BW0047", "address": "21 RUE BOSQUET", "sales": 13, "median_price": 330000.0, "median_price_per_sqm": 9740.47619047619, "median_rooms": 0.0, "first_sale": "2021-11-10", "last_sale": "2025-06-18"}}, {"type": "Feature", "geometry": {"type": "Point", "coordinates": [2.300823, 48.85235]}, "properties": {"id_parcelle": "75107000BU0010", "address": "7 AV EMILE ACOLLAS", "sales": 13, "median_price": 3500000.0, "median_price_per_sqm": 22707.231040564373, "median_rooms": 0.0, "first_sale": "2023-06-22", "last_sale": "2024-03-21"}}, {"type": "Feature", "geometry": {"type": "Point", "coordinates": [2.30915, 48.852752]}, "properties": {"id_parcelle": "75107000BR0039", "address": "5 AV DE LOWENDAL", "sales": 13, "median_price": 10500000.0, "median_price_per_sqm": 250000.0, "median_rooms": 2.0, "first_sale": "2021-02-12", "last_sale": "2021-02-12"}}, {"type": "Feature", "geometry": {"type": "Point", "coordinates": [2.309301, 48.852598]}, "properties": {"id_parcelle": "75107000BR0037", "address": "25 AV DUQUESNE", "sales": 13, "median_price": 660000.0, "median_price_per_sqm": 11684.249803613511, "median_rooms": 1.0, "first_sale": "2022-03-21", "last_sale": "2025-09-10"}}, {"type": "Feature", "geometry": {"type": "Point", "coordinates": [2.318753, 48.85149]}, "properties": {"id_parcelle": "75107000BF0033", "address": "43 RUE DE BABYLONE", "sales": 13, "median_price": 345000.0, "median_price_per_sqm": 15286.333333333334, "median_rooms": 0.0, "first_sale": "2021-05-21", "last_sale": "2025-03-07"}}, {"type": "Feature", "geometry": {"type": "Point", "coordinates": [2.318752, 48.849018]}, "properties": {"id_parcelle": "75107000BG0013", "address": "21 RUE ROUSSELET", "sales": 13, "median_price": 889700.0, "median_price_per_sqm": 14444.444444444445, "median_rooms": 0.0, "first_sale": "2022-02-11", "last_sale": "2025-12-03"}}, {"type": "Feature", "geometry": {"type": "Point", "coordinates": [2.298152, 48.858598]}, "properties": {"id_parcelle": "75107000CH0008", "address": "2 RUE DU MARECHAL HARISPE", "sales": 13, "median_price": 950000.0, "median_price_per_sqm": 15902.988505747126, "median_rooms": 0.0, "first_sale": "2021-10-11", "last_sale": "2024-10-14"}}, {"type": "Feature", "geometry": {"type": "Point", "coordinates": [2.321251, 48.856139]}, "properties": {"id_parcelle": "75107000AL0002", "address": "89 RUE DE GRENELLE", "sales": 13, "median_price": 1040000.0, "median_price_per_sqm": 14966.666666666666, "median_rooms": 0.0, "first_sale": "2021-09-02", "last_sale": "2024-06-20"}}, {"type": "Feature", "geometry": {"type": "Point", "coordinates": [2.309189, 48.854554]}, "properties": {"id_parcelle": "75107000BX0055", "address": "92 BD DE LA TOUR MAUBOURG", "sales": 13, "median_price": 1700000.0, "median_price_per_sqm": 19936.835786616557, "median_rooms": 0.0, "first_sale": "2021-09-01", "last_sale": "2023-04-05"}}, {"type": "Feature", "geometry": {"type": "Point", "coordinates": [2.313604, 48.846498]}, "properties": {"id_parcelle": "75107000BI0009", "address": "59 AV DE SAXE", "sales": 13, "median_price": 980000.0, "median_price_per_sqm": 13170.731707317073, "median_rooms": 1.0, "first_sale": "2021-04-20", "last_sale": "2025-02-19"}}, {"type": "Feature", "geometry": {"type": "Point", "coordinates": [2.320427, 48.861846]}, "properties": {"id_parcelle": "75107000AP0003", "address": "286 BD SAINT GERMAIN", "sales": 13, "median_price": 2850000.0, "median_price_per_sqm": 12099.264705882353, "median_rooms": 0.0, "first_sale": "2022-06-13", "last_sale": "2025-05-27"}}, {"type": "Feature", "geometry": {"type": "Point", "coordinates": [2.301693, 48.858441]}, "properties": {"id_parcelle": "75107000CJ0035", "address": "114 RUE ST DOMINIQUE", "sales": 13, "median_price": 1923000.0, "median_price_per_sqm": 15675.990675990677, "median_rooms": 0.0, "first_sale": "2021-01-07", "last_sale": "2025-06-02"}}, {"type": "Feature", "geometry": {"type": "Point", "coordinates": [2.300875, 48.856842]}, "properties": {"id_parcelle": "75107000CE0005", "address": "46 AV DE LA BOURDONNAIS", "sales": 13, "median_price": 1472570.0, "median_price_per_sqm": 15052.083333333334, "median_rooms": 0.0, "first_sale": "2021-10-29", "last_sale": "2025-03-14"}}, {"type": "Feature", "geometry": {"type": "Point", "coordinates": [2.309569, 48.861628]}, "properties": {"id_parcelle": "75107000CM0027", "address": "9 RUE SURCOUF", "sales": 13, "median_price": 650400.0, "median_price_per_sqm": 15384.615384615385, "median_rooms": 0.0, "first_sale": "2021-10-27", "last_sale": "2025-07-24"}}, {"type": "Feature", "geometry": {"type": "Point", "coordinates": [2.292802, 48.856809]}, "properties": {"id_parcelle": "75107000CS0007", "address": "11 AV DE SUFFREN", "sales": 13, "median_price": 2105000.0, "median_price_per_sqm": 19136.363636363636, "median_rooms": 0.0, "first_sale": "2021-01-20", "last_sale": "2025-07-29"}}, {"type": "Feature", "geometry": {"type": "Point", "coordinates": [2.312509, 48.848989]}, "properties": {"id_parcelle": "75107000BK0033", "address": "39 AV DE BRETEUIL", "sales": 13, "median_price": 3000000.0, "median_price_per_sqm": 15640.013726835965, "median_rooms": 0.0, "first_sale": "2021-03-12", "last_sale": "2025-05-07"}}, {"type": "Feature", "geometry": {"type": "Point", "coordinates": [2.296598, 48.860297]}, "properties": {"id_parcelle": "75107000CP0004", "address": "7 AV DE LA BOURDONNAIS", "sales": 13, "median_price": 2524272.0, "median_price_per_sqm": 12878.938775510203, "median_rooms": 0.0, "first_sale": "2021-01-07", "last_sale": "2025-03-10"}}, {"type": "Feature", "geometry": {"type": "Point", "coordinates": [2.329682, 48.855668]}, "properties": {"id_parcelle": "75107000AD0044", "address": "18 RUE DU PRE AUX CLERCS", "sales": 13, "median_price": 1770000.0, "median_price_per_sqm": 19056.049213943952, "median_rooms": 0.0, "first_sale": "2022-06-28", "last_sale": "2024-03-28"}}, {"type": "Feature", "geometry": {"type": "Point", "coordinates": [2.311597, 48.852543]}, "properties": {"id_parcelle": "75107000BL0006", "address": "8 AV DE BRETEUIL", "sales": 13, "median_price": 1318000.0, "median_price_per_sqm": 23328.085183836913, "median_rooms": 0.0, "first_sale": "2021-07-27", "last_sale": "2024-04-12"}}, {"type": "Feature", "geometry": {"type": "Point", "coordinates": [2.3036, 48.861981]}, "properties": {"id_parcelle": "75107000CN0006", "address": "16 RUE COGNACQ JAY", "sales": 13, "median_price": 3230100.0, "median_price_per_sqm": 14682.272727272728, "median_rooms": 0.0, "first_sale": "2021-01-26", "last_sale": "2023-12-06"}}, {"type": "Feature", "geometry": {"type": "Point", "coordinates": [2.328904, 48.8577]}, "properties": {"id_parcelle": "75107000AC0083", "address": "22 RUE DE BEAUNE", "sales": 13, "median_price": 1474700.0, "median_price_per_sqm": 28654.629629629628, "median_rooms": 1.0, "first_sale": "2022-07-12", "last_sale": "2025-06-12"}}, {"type": "Feature", "geometry": {"type": "Point", "coordinates": [2.308271, 48.848074]}, "properties": {"id_parcelle": "75107000BO0037", "address": "5 RUE ALBERT DE LAPPARENT", "sales": 13, "median_price": 1241548.0, "median_price_per_sqm": 16221.423932966745, "median_rooms": 0.0, "first_sale": "2021-03-12", "last_sale": "2023-09-04"}}, {"type": "Feature", "geometry": {"type": "Point", "coordinates": [2.31944, 48.850157]}, "properties": {"id_parcelle": "75107000BG0045", "address": "60 RUE VANEAU", "sales": 13, "median_price": 1940000.0, "median_price_per_sqm": 19147.677793904208, "median_rooms": 0.0, "first_sale": "2022-10-10", "last_sale": "2024-09-30"}}, {"type": "Feature", "geometry": {"type": "Point", "coordinates": [2.308384, 48.857193]}, "properties": {"id_parcelle": "75107000BY0150", "address": "8 SQ DE LA TOUR MAUBOURG", "sales": 13, "median_price": 2250000.0, "median_price_per_sqm": 18811.18881118881, "median_rooms": 0.0, "first_sale": "2022-05-03", "last_sale": "2025-12-03"}}, {"type": "Feature", "geometry": {"type": "Point", "coordinates": [2.317883, 48.857693]}, "properties": {"id_parcelle": "75107000AX0020", "address": "134 RUE DE GRENELLE", "sales": 13, "median_price": 7211538.0, "median_price_per_sqm": 2.074688796680498, "median_rooms": 0.0, "first_sale": "2022-09-01", "last_sale": "2025-12-18"}}, {"type": "Feature", "geometry": {"type": "Point", "coordinates": [2.309674, 48.859554]}, "properties": {"id_parcelle": "75107000BZ0084", "address": "42 BD DE LA TOUR MAUBOURG", "sales": 13, "median_price": 1948000.0, "median_price_per_sqm": 29002.759462759463, "median_rooms": 0.0, "first_sale": "2021-09-06", "last_sale": "2025-09-09"}}, {"type": "Feature", "geometry": {"type": "Point", "coordinates": [2.302154, 48.859475]}, "properties": {"id_parcelle": "75107000CJ0057", "address": "5 RUE DUPONT DES LOGES", "sales": 13, "median_price": 1405215.0, "median_price_per_sqm": 15274.076086956522, "median_rooms": 0.0, "first_sale": "2021-02-24", "last_sale": "2022-03-29"}}, {"type": "Feature", "geometry": {"type": "Point", "coordinates": [2.320497, 48.85881]}, "properties": {"id_parcelle": "75107000AX0040", "address": "27 RUE ST DOMINIQUE", "sales": 13, "median_price": 310000.0, "median_price_per_sqm": 15151.515151515152, "median_rooms": 0.0, "first_sale": "2021-01-26", "last_sale": "2025-11-24"}}, {"type": "Feature", "geometry": {"type": "Point", "coordinates": [2.311013, 48.849591]}, "properties": {"id_parcelle": "75107000BN0018", "address": "54 AV DE BRETEUIL", "sales": 13, "median_price": 1180000.0, "median_price_per_sqm": 24081.632653061224, "median_rooms": 0.0, "first_sale": "2021-02-12", "last_sale": "2025-12-05"}}, {"type": "Feature", "geometry": {"type": "Point", "coordinates": [2.319004, 48.849079]}, "properties": {"id_parcelle": "75107000BG0031", "address": "20 RUE PIERRE LEROUX", "sales": 13, "median_price": 155000.0, "median_price_per_sqm": 13159.090909090908, "median_rooms": 0.0, "first_sale": "2021-07-27", "last_sale": "2023-02-06"}}, {"type": "Feature", "geometry": {"type": "Point", "coordinates": [2.302644, 48.857792]}, "properties": {"id_parcelle": "75107000CD0084", "address": "12 RUE DE L EXPOSITION", "sales": 13, "median_price": 161000.0, "median_price_per_sqm": 13000.0, "median_rooms": 1.0, "first_sale": "2021-02-11", "last_sale": "2025-02-07"}}, {"type": "Feature", "geometry": {"type": "Point", "coordinates": [2.309445, 48.858989]}, "properties": {"id_parcelle": "75107000BZ0078", "address": "13 RUE DE LA COMETE", "sales": 13, "median_price": 730000.0, "median_price_per_sqm": 14990.840840840841, "median_rooms": 0.0, "first_sale": "2022-09-14", "last_sale": "2025-03-25"}}, {"type": "Feature", "geometry": {"type": "Point", "coordinates": [2.298849, 48.858141]}, "properties": {"id_parcelle": "75107000CH0013", "address": "32 AV DE LA BOURDONNAIS", "sales": 13, "median_price": 100000.0, "median_price_per_sqm": 5009.966777408637, "median_rooms": 0.0, "first_sale": "2021-12-29", "last_sale": "2025-07-10"}}, {"type": "Feature", "geometry": {"type": "Point", "coordinates": [2.323707, 48.859572]}, "properties": {"id_parcelle": "75107000AQ0024", "address": "86 RUE DE L UNIVERSITE", "sales": 13, "median_price": 640000.0, "median_price_per_sqm": 13855.0, "median_rooms": 0.0, "first_sale": "2021-02-18", "last_sale": "2025-12-08"}}, {"type": "Feature", "geometry": {"type": "Point", "coordinates": [2.325699, 48.858694]}, "properties": {"id_parcelle": "75107000AO0027", "address": "68 RUE DE L UNIVERSITE", "sales": 13, "median_price": 130000.0, "median_price_per_sqm": 1040.0, "median_rooms": 0.0, "first_sale": "2021-06-11", "last_sale": "2025-07-31"}}, {"type": "Feature", "geometry": {"type": "Point", "coordinates": [2.327165, 48.852116]}, "properties": {"id_parcelle": "75107000AF0037", "address": "39 BD RASPAIL", "sales": 13, "median_price": 5000000.0, "median_price_per_sqm": 17621.42691145712, "median_rooms": 0.0, "first_sale": "2021-10-11", "last_sale": "2025-03-26"}}, {"type": "Feature", "geometry": {"type": "Point", "coordinates": [2.310648, 48.858374]}, "properties": {"id_parcelle": "75107000AV0019", "address": "148 RUE DE GRENELLE", "sales": 13, "median_price": 741558.0, "median_price_per_sqm": 12120.0, "median_rooms": 2.0, "first_sale": "2021-10-28", "last_sale": "2025-09-29"}}, {"type": "Feature", "geometry": {"type": "Point", "coordinates": [2.298958, 48.859729]}, "properties": {"id_parcelle": "75107000CI0019", "address": "16 RUE DE MONTTESSUY", "sales": 13, "median_price": 500000.0, "median_price_per_sqm": 12857.142857142857, "median_rooms": 1.0, "first_sale": "2021-02-26", "last_sale": "2025-07-24"}}, {"type": "Feature", "geometry": {"type": "Point", "coordinates": [2.325057, 48.855871]}, "properties": {"id_parcelle": "75107000AL0066", "address": "3 RUE PAUL LOUIS COURIER", "sales": 13, "median_price": 35000.0, "median_price_per_sqm": 411.7647058823529, "median_rooms": 0.0, "first_sale": "2022-06-14", "last_sale": "2025-05-19"}}, {"type": "Feature", "geometry": {"type": "Point", "coordinates": [2.319081, 48.848014]}, "properties": {"id_parcelle": "75107000BG0021", "address": "37 RUE ROUSSELET", "sales": 13, "median_price": 862000.0, "median_price_per_sqm": 14366.666666666666, "median_rooms": 0.0, "first_sale": "2021-06-11", "last_sale": "2025-12-01"}}, {"type": "Feature", "geometry": {"type": "Point", "coordinates": [2.310535, 48.860253]}, "properties": {"id_parcelle": "75107000AU0008", "address": "23 BD DE LA TOUR MAUBOURG", "sales": 12, "median_price": 847500.0, "median_price_per_sqm": 12455.357142857143, "median_rooms": 0.0, "first_sale": "2021-04-30", "last_sale": "2023-11-21"}}, {"type": "Feature", "geometry": {"type": "Point", "coordinates": [2.327066, 48.85193]}, "properties": {"id_parcelle": "75107000AF0041", "address": "41 BD RASPAIL", "sales": 12, "median_price": 4797200.0, "median_price_per_sqm": 30362.025316455696, "median_rooms": 0.0, "first_sale": "2024-01-23", "last_sale": "2025-11-21"}}, {"type": "Feature", "geometry": {"type": "Point", "coordinates": [2.309648, 48.859061]}, "properties": {"id_parcelle": "75107000BZ0088", "address": "48 BD DE LA TOUR MAUBOURG", "sales": 12, "median_price": 3434525.0, "median_price_per_sqm": 39537.47379454927, "median_rooms": 0.0, "first_sale": "2022-01-14", "last_sale": "2025-02-25"}}, {"type": "Feature", "geometry": {"type": "Point", "coordinates": [2.308702, 48.859017]}, "properties": {"id_parcelle": "75107000BZ0067", "address": "12 RUE DE LA COMETE", "sales": 12, "median_price": 2450000.0, "median_price_per_sqm": 24864.74561655648, "median_rooms": 0.0, "first_sale": "2021-06-02", "last_sale": "2024-10-21"}}, {"type": "Feature", "geometry": {"type": "Point", "coordinates": [2.328626, 48.854655]}, "properties": {"id_parcelle": "75107000AE0075", "address": "189 BD SAINT GERMAIN", "sales": 12, "median_price": 2189000.0, "median_price_per_sqm": 19843.75, "median_rooms": 0.0, "first_sale": "2023-04-11", "last_sale": "2025-10-30"}}, {"type": "Feature", "geometry": {"type": "Point", "coordinates": [2.308604, 48.861568]}, "properties": {"id_parcelle": "75107000CM0054", "address": "3 AV ROBERT SCHUMAN", "sales": 12, "median_price": 2621359.0, "median_price_per_sqm": 14093.327956989247, "median_rooms": 0.0, "first_sale": "2022-02-01", "last_sale": "2025-10-16"}}, {"type": "Feature", "geometry": {"type": "Point", "coordinates": [2.327414, 48.858766]}, "properties": {"id_parcelle": "75107000AO0016", "address": "54 RUE DE VERNEUIL", "sales": 12, "median_price": 960000.0, "median_price_per_sqm": 16204.212454212455, "median_rooms": 0.5, "first_sale": "2021-09-07", "last_sale": "2022-09-12"}}, {"type": "Feature", "geometry": {"type": "Point", "coordinates": [2.324686, 48.859696]}, "properties": {"id_parcelle": "75107000AO0038", "address": "77 RUE DE LILLE", "sales": 12, "median_price": 5418713.0, "median_price_per_sqm": 29296.11872826627, "median_rooms": 3.0, "first_sale": "2021-03-08", "last_sale": "2025-12-11"}}, {"type": "Feature", "geometry": {"type": "Point", "coordinates": [2.303846, 48.855813]}, "properties": {"id_parcelle": "75107000BW0094", "address": "33 RUE DU CHAMP DE MARS", "sales": 12, "median_price": 547058.0, "median_price_per_sqm": 13569.444444444445, "median_rooms": 0.5, "first_sale": "2021-11-04", "last_sale": "2025-12-23"}}, {"type": "Feature", "geometry": {"type": "Point", "coordinates": [2.305061, 48.854776]}, "properties": {"id_parcelle": "75107000BW0079", "address": "68 AV BOSQUET", "sales": 12, "median_price": 820000.0, "median_price_per_sqm": 14157.303370786516, "median_rooms": 0.0, "first_sale": "2021-06-21", "last_sale": "2025-11-04"}}, {"type": "Feature", "geometry": {"type": "Point", "coordinates": [2.316256, 48.848137]}, "properties": {"id_parcelle": "75107000BH0002", "address": "59 BD DES INVALIDES", "sales": 12, "median_price": 5029000.0, "median_price_per_sqm": 18535.458414134882, "median_rooms": 0.0, "first_sale": "2022-06-09", "last_sale": "2025-02-05"}}, {"type": "Feature", "geometry": {"type": "Point", "coordinates": [2.307103, 48.858221]}, "properties": {"id_parcelle": "75107000BZ0013", "address": "174 RUE DE GRENELLE", "sales": 12, "median_price": 752500.0, "median_price_per_sqm": 14102.611940298508, "median_rooms": 1.5, "first_sale": "2021-01-28", "last_sale": "2025-09-30"}}, {"type": "Feature", "geometry": {"type": "Point", "coordinates": [2.30576, 48.857123]}, "properties": {"id_parcelle": "75107000BY0037", "address": "7 RUE VALADON", "sales": 12, "median_price": 550000.0, "median_price_per_sqm": 13414.634146341463, "median_rooms": 2.0, "first_sale": "2021-04-30", "last_sale": "2025-07-31"}}, {"type": "Feature", "geometry": {"type": "Point", "coordinates": [2.29975, 48.852405]}, "properties": {"id_parcelle": "75107000BU0025", "address": "2 AV EMILE ACOLLAS", "sales": 12, "median_price": 1910000.0, "median_price_per_sqm": 12483.660130718954, "median_rooms": 0.0, "first_sale": "2021-10-28", "last_sale": "2025-06-13"}}, {"type": "Feature", "geometry": {"type": "Point", "coordinates": [2.326255, 48.85248]}, "properties": {"id_parcelle": "75107000AG0026", "address": "2 RUE CHOMEL", "sales": 12, "median_price": 2270660.0, "median_price_per_sqm": 14929.577464788732, "median_rooms": 0.0, "first_sale": "2021-06-09", "last_sale": "2025-12-17"}}, {"type": "Feature", "geometry": {"type": "Point", "coordinates": [2.306625, 48.847934]}, "properties": {"id_parcelle": "75107000BO0017", "address": "131 AV DE SUFFREN", "sales": 12, "median_price": 1250000.0, "median_price_per_sqm": 13873.792270531401, "median_rooms": 0.0, "first_sale": "2022-06-10", "last_sale": "2025-12-15"}}, {"type": "Feature", "geometry": {"type": "Point", "coordinates": [2.305926, 48.857028]}, "properties": {"id_parcelle": "75107000BY0035", "address": "32 RUE CLER", "sales": 12, "median_price": 458500.0, "median_price_per_sqm": 14095.238095238095, "median_rooms": 1.0, "first_sale": "2021-02-05", "last_sale": "2025-07-29"}}, {"type": "Feature", "geometry": {"type": "Point", "coordinates": [2.323833, 48.859013]}, "properties": {"id_parcelle": "75107000AN0001", "address": "13 RUE DE BELLECHASSE", "sales": 12, "median_price": 230000.0, "median_price_per_sqm": 6282.679738562091, "median_rooms": 0.0, "first_sale": "2022-07-06", "last_sale": "2024-05-03"}}, {"type": "Feature", "geometry": {"type": "Point", "coordinates": [2.320761, 48.855549]}, "properties": {"id_parcelle": "75107000AL0111", "address": "49 RUE DE BELLECHASSE", "sales": 12, "median_price": 1204023.6, "median_price_per_sqm": 16250.0, "median_rooms": 1.0, "first_sale": "2022-06-21", "last_sale": "2024-03-26"}}, {"type": "Feature", "geometry": {"type": "Point", "coordinates": [2.325192, 48.855216]}, "properties": {"id_parcelle": "75107000AL0072", "address": "65 RUE DU BAC", "sales": 12, "median_price": 858110.5, "median_price_per_sqm": 27777.777777777777, "median_rooms": 1.5, "first_sale": "2021-04-27", "last_sale": "2025-12-23"}}, {"type": "Feature", "geometry": {"type": "Point", "coordinates": [2.331977, 48.858204]}, "properties": {"id_parcelle": "75107000AB0041", "address": "7 QUAI VOLTAIRE", "sales": 12, "median_price": 12500000.0, "median_price_per_sqm": 15408.805031446542, "median_rooms": 0.0, "first_sale": "2021-11-02", "last_sale": "2025-03-14"}}, {"type": "Feature", "geometry": {"type": "Point", "coordinates": [2.318456, 48.851895]}, "properties": {"id_parcelle": "75107000BE0037", "address": "46 RUE DE BABYLONE", "sales": 12, "median_price": 415468.75, "median_price_per_sqm": 13539.68253968254, "median_rooms": 0.5, "first_sale": "2021-04-13", "last_sale": "2025-11-04"}}, {"type": "Feature", "geometry": {"type": "Point", "coordinates": [2.328433, 48.854536]}, "properties": {"id_parcelle": "75107000AE0026", "address": "26 RUE ST GUILLAUME", "sales": 12, "median_price": 233250.0, "median_price_per_sqm": 14646.464646464647, "median_rooms": 0.0, "first_sale": "2021-10-19", "last_sale": "2025-10-28"}}, {"type": "Feature", "geometry": {"type": "Point", "coordinates": [2.327433, 48.854036]}, "properties": {"id_parcelle": "75107000AE0017", "address": "38 RUE DE GRENELLE", "sales": 12, "median_price": 1307205.75, "median_price_per_sqm": 17500.0, "median_rooms": 0.0, "first_sale": "2022-03-31", "last_sale": "2025-11-07"}}, {"type": "Feature", "geometry": {"type": "Point", "coordinates": [2.31874, 48.85424]}, "properties": {"id_parcelle": "75107000BD0022", "address": "10 CITE VANEAU", "sales": 12, "median_price": 5400000.0, "median_price_per_sqm": 21789.445652173912, "median_rooms": 0.0, "first_sale": "2022-12-15", "last_sale": "2023-07-13"}}, {"type": "Feature", "geometry": {"type": "Point", "coordinates": [2.326406, 48.854807]}, "properties": {"id_parcelle": "75107000AE0010", "address": "9 RUE DE LUYNES", "sales": 12, "median_price": 1678600.0, "median_price_per_sqm": 23149.65694682676, "median_rooms": 0.0, "first_sale": "2021-06-01", "last_sale": "2025-01-31"}}, {"type": "Feature", "geometry": {"type": "Point", "coordinates": [2.315593, 48.849807]}, "properties": {"id_parcelle": "75107000BF0011", "address": "20 RUE OUDINOT", "sales": 12, "median_price": 800000.0, "median_price_per_sqm": 17500.0, "median_rooms": 0.0, "first_sale": "2022-05-10", "last_sale": "2025-04-10"}}, {"type": "Feature", "geometry": {"type": "Point", "coordinates": [2.308632, 48.853382]}, "properties": {"id_parcelle": "75107000BR0013", "address": "6 AV DE LOWENDAL", "sales": 12, "median_price": 851880.0, "median_price_per_sqm": 14744.525547445255, "median_rooms": 0.0, "first_sale": "2022-07-20", "last_sale": "2025-09-03"}}, {"type": "Feature", "geometry": {"type": "Point", "coordinates": [2.308441, 48.858163]}, "properties": {"id_parcelle": "75107000BZ0056", "address": "168 RUE DE GRENELLE", "sales": 12, "median_price": 1377400.0, "median_price_per_sqm": 12034.340659340658, "median_rooms": 0.0, "first_sale": "2024-02-27", "last_sale": "2025-03-31"}}, {"type": "Feature", "geometry": {"type": "Point", "coordinates": [2.307312, 48.85871]}, "properties": {"id_parcelle": "75107000BZ0023", "address": "12 RUE AMELIE", "sales": 12, "median_price": 932143.0, "median_price_per_sqm": 22552.794392523363, "median_rooms": 0.5, "first_sale": "2021-09-17", "last_sale": "2025-12-19"}}, {"type": "Feature", "geometry": {"type": "Point", "coordinates": [2.309722, 48.849793]}, "properties": {"id_parcelle": "75107000BN0039", "address": "11 VLA DE SAXE", "sales": 12, "median_price": 1700000.0, "median_price_per_sqm": 15454.545454545454, "median_rooms": 0.0, "first_sale": "2023-03-09", "last_sale": "2025-01-20"}}, {"type": "Feature", "geometry": {"type": "Point", "coordinates": [2.30577, 48.862126]}, "properties": {"id_parcelle": "75107000CM0001", "address": "71 QUAI D ORSAY", "sales": 12, "median_price": 2400000.0, "median_price_per_sqm": 12409.85576923077, "median_rooms": 0.0, "first_sale": "2021-08-27", "last_sale": "2023-07-07"}}, {"type": "Feature", "geometry": {"type": "Point", "coordinates": [2.309149, 48.857269]}, "properties": {"id_parcelle": "75107000BY0124", "address": "6 AV DE LA MOTTE PICQUET", "sales": 12, "median_price": 989276.0, "median_price_per_sqm": 19728.429633427324, "median_rooms": 0.0, "first_sale": "2022-06-21", "last_sale": "2025-05-23"}}, {"type": "Feature", "geometry": {"type": "Point", "coordinates": [2.307214, 48.856968]}, "properties": {"id_parcelle": "75107000BY0084", "address": "15 RUE DUVIVIER", "sales": 12, "median_price": 473800.0, "median_price_per_sqm": 20000.0, "median_rooms": 0.0, "first_sale": "2022-09-09", "last_sale": "2024-07-18"}}, {"type": "Feature", "geometry": {"type": "Point", "coordinates": [2.304625, 48.860667]}, "properties": {"id_parcelle": "75107000CK0093", "address": "157 RUE DE L UNIVERSITE", "sales": 12, "median_price": 1145000.0, "median_price_per_sqm": 12734.375, "median_rooms": 0.0, "first_sale": "2023-02-09", "last_sale": "2025-09-26"}}, {"type": "Feature", "geometry": {"type": "Point", "coordinates": [2.318257, 48.858517]}, "properties": {"id_parcelle": "75107000AX0010", "address": "23 RUE DE BOURGOGNE", "sales": 12, "median_price": 1202500.0, "median_price_per_sqm": 18455.172413793105, "median_rooms": 0.0, "first_sale": "2021-11-25", "last_sale": "2025-10-31"}}, {"type": "Feature", "geometry": {"type": "Point", "coordinates": [2.309564, 48.858787]}, "properties": {"id_parcelle": "75107000BZ0076", "address": "17 RUE DE LA COMETE", "sales": 12, "median_price": 500000.0, "median_price_per_sqm": 19342.105263157893, "median_rooms": 0.5, "first_sale": "2021-02-04", "last_sale": "2022-10-27"}}, {"type": "Feature", "geometry": {"type": "Point", "coordinates": [2.309993, 48.849718]}, "properties": {"id_parcelle": "75107000BN0012", "address": "12 VLA DE SAXE", "sales": 12, "median_price": 669900.0, "median_price_per_sqm": 15081.31130063966, "median_rooms": 0.0, "first_sale": "2023-10-27", "last_sale": "2025-10-17"}}, {"type": "Feature", "geometry": {"type": "Point", "coordinates": [2.325912, 48.852043]}, "properties": {"id_parcelle": "75107000AF0051", "address": "9 RUE CHOMEL", "sales": 12, "median_price": 1333000.0, "median_price_per_sqm": 15015.95744680851, "median_rooms": 0.0, "first_sale": "2021-11-18", "last_sale": "2025-03-27"}}, {"type": "Feature", "geometry": {"type": "Point", "coordinates": [2.313606, 48.853298]}, "properties": {"id_parcelle": "75107000BL0042", "address": "3 PL VAUBAN", "sales": 12, "median_price": 5831000.0, "median_price_per_sqm": 25581.132075471698, "median_rooms": 1.0, "first_sale": "2021-12-22", "last_sale": "2025-06-12"}}, {"type": "Feature", "geometry": {"type": "Point", "coordinates": [2.304638, 48.861552]}, "properties": {"id_parcelle": "75107000CN0017", "address": "5 RUE COGNACQ JAY", "sales": 12, "median_price": 689000.0, "median_price_per_sqm": 14417.682926829268, "median_rooms": 0.5, "first_sale": "2021-09-22", "last_sale": "2025-09-15"}}, {"type": "Feature", "geometry": {"type": "Point", "coordinates": [2.303939, 48.861645]}, "properties": {"id_parcelle": "75107000CN0020", "address": "11 RUE COGNACQ JAY", "sales": 12, "median_price": 3848000.0, "median_price_per_sqm": 14673.229166666668, "median_rooms": 0.5, "first_sale": "2021-01-05", "last_sale": "2025-09-19"}}, {"type": "Feature", "geometry": {"type": "Point", "coordinates": [2.331454, 48.85858]}, "properties": {"id_parcelle": "75107000AB0032", "address": "15 QUAI VOLTAIRE", "sales": 12, "median_price": 7900000.0, "median_price_per_sqm": 102228.82761437909, "median_rooms": 0.0, "first_sale": "2022-12-15", "last_sale": "2024-11-20"}}, {"type": "Feature", "geometry": {"type": "Point", "coordinates": [2.327471, 48.858096]}, "properties": {"id_parcelle": "75107000AN0058", "address": "50 RUE DE L UNIVERSITE", "sales": 12, "median_price": 790000.0, "median_price_per_sqm": 17980.76923076923, "median_rooms": 0.0, "first_sale": "2021-07-27", "last_sale": "2025-08-05"}}, {"type": "Feature", "geometry": {"type": "Point", "coordinates": [2.329826, 48.855148]}, "properties": {"id_parcelle": "75107000AD0073", "address": "13 RUE ST GUILLAUME", "sales": 12, "median_price": 1227400.0, "median_price_per_sqm": 17096.774193548386, "median_rooms": 0.0, "first_sale": "2021-03-11", "last_sale": "2024-11-29"}}, {"type": "Feature", "geometry": {"type": "Point", "coordinates": [2.316469, 48.847857]}, "properties": {"id_parcelle": "75107000BI0031", "address": "61 BD DES INVALIDES", "sales": 12, "median_price": 1202500.0, "median_price_per_sqm": 18509.56043956044, "median_rooms": 0.0, "first_sale": "2022-04-06", "last_sale": "2025-07-07"}}, {"type": "Feature", "geometry": {"type": "Point", "coordinates": [2.323956, 48.854704]}, "properties": {"id_parcelle": "75107000AL0033", "address": "90 RUE DU BAC", "sales": 12, "median_price": 1682500.0, "median_price_per_sqm": 15535.714285714286, "median_rooms": 0.0, "first_sale": "2021-03-15", "last_sale": "2025-07-07"}}, {"type": "Feature", "geometry": {"type": "Point", "coordinates": [2.305526, 48.856726]}, "properties": {"id_parcelle": "75107000BY0026", "address": "18 RUE VALADON", "sales": 12, "median_price": 3900.0, "median_price_per_sqm": 11619.047619047618, "median_rooms": 0.0, "first_sale": "2021-08-04", "last_sale": "2025-02-19"}}, {"type": "Feature", "geometry": {"type": "Point", "coordinates": [2.323855, 48.855854]}, "properties": {"id_parcelle": "75107000AL0047", "address": "15 RUE DE ST SIMON", "sales": 12, "median_price": 967500.0, "median_price_per_sqm": 12985.611510791367, "median_rooms": 0.0, "first_sale": "2021-06-28", "last_sale": "2025-03-28"}}, {"type": "Feature", "geometry": {"type": "Point", "coordinates": [2.300661, 48.860741]}, "properties": {"id_parcelle": "75107000CI0038", "address": "4 AV RAPP", "sales": 12, "median_price": 1187075.0, "median_price_per_sqm": 18063.846153846152, "median_rooms": 1.0, "first_sale": "2021-06-07", "last_sale": "2025-06-13"}}, {"type": "Feature", "geometry": {"type": "Point", "coordinates": [2.323489, 48.853812]}, "properties": {"id_parcelle": "75107000AK0045", "address": "102 RUE DU BAC", "sales": 12, "median_price": 17352000.0, "median_price_per_sqm": 105163.63636363637, "median_rooms": 0.5, "first_sale": "2024-09-27", "last_sale": "2024-09-27"}}, {"type": "Feature", "geometry": {"type": "Point", "coordinates": [2.302477, 48.858025]}, "properties": {"id_parcelle": "75107000CD0081", "address": "6 RUE DE L EXPOSITION", "sales": 12, "median_price": 288470.0, "median_price_per_sqm": 3360.8384520884524, "median_rooms": 0.0, "first_sale": "2022-02-04", "last_sale": "2024-11-15"}}, {"type": "Feature", "geometry": {"type": "Point", "coordinates": [2.301442, 48.857832]}, "properties": {"id_parcelle": "75107000CD0011", "address": "2 RUE AUGEREAU", "sales": 12, "median_price": 452750.0, "median_price_per_sqm": 12933.854907539118, "median_rooms": 0.0, "first_sale": "2021-09-17", "last_sale": "2025-08-06"}}, {"type": "Feature", "geometry": {"type": "Point", "coordinates": [2.318053, 48.848111]}, "properties": {"id_parcelle": "75107000BH0022", "address": "76 RUE DE SEVRES", "sales": 12, "median_price": 560000.0, "median_price_per_sqm": 14733.333333333332, "median_rooms": 0.5, "first_sale": "2021-09-02", "last_sale": "2024-10-17"}}, {"type": "Feature", "geometry": {"type": "Point", "coordinates": [2.29269, 48.856855]}, "properties": {"id_parcelle": "75107000CS0008", "address": "9 AV DE SUFFREN", "sales": 11, "median_price": 2152800.0, "median_price_per_sqm": 17125.84793187348, "median_rooms": 0.0, "first_sale": "2021-07-08", "last_sale": "2024-06-28"}}, {"type": "Feature", "geometry": {"type": "Point", "coordinates": [2.307128, 48.857479]}, "properties": {"id_parcelle": "75107000BY0088", "address": "4 CITE NEGRIER", "sales": 11, "median_price": 500000.0, "median_price_per_sqm": 13537.5, "median_rooms": 2.0, "first_sale": "2021-04-29", "last_sale": "2025-12-30"}}, {"type": "Feature", "geometry": {"type": "Point", "coordinates": [2.305413, 48.856836]}, "properties": {"id_parcelle": "75107000BY0024", "address": "14 RUE VALADON", "sales": 11, "median_price": 225000.0, "median_price_per_sqm": 11702.302631578947, "median_rooms": 1.0, "first_sale": "2021-09-22", "last_sale": "2025-12-08"}}, {"type": "Feature", "geometry": {"type": "Point", "coordinates": [2.301717, 48.857311]}, "properties": {"id_parcelle": "75107000CD0019", "address": "12 RUE AUGEREAU", "sales": 11, "median_price": 300000.0, "median_price_per_sqm": 11978.571428571428, "median_rooms": 1.0, "first_sale": "2022-01-05", "last_sale": "2024-12-20"}}, {"type": "Feature", "geometry": {"type": "Point", "coordinates": [2.307975, 48.849288]}, "properties": {"id_parcelle": "75107000BO0001", "address": "22 AV DE SAXE", "sales": 11, "median_price": 1460000.0, "median_price_per_sqm": 17444.444444444445, "median_rooms": 0.0, "first_sale": "2022-05-31", "last_sale": "2023-11-21"}}, {"type": "Feature", "geometry": {"type": "Point", "coordinates": [2.327063, 48.8565]}, "properties": {"id_parcelle": "75107000AD0017", "address": "9 RUE MONTALEMBERT", "sales": 11, "median_price": 1730300.0, "median_price_per_sqm": 20454.545454545456, "median_rooms": 0.0, "first_sale": "2022-06-20", "last_sale": "2025-03-31"}}, {"type": "Feature", "geometry": {"type": "Point", "coordinates": [2.301727, 48.856983]}, "properties": {"id_parcelle": "75107000CD0025", "address": "67 AV DE LA BOURDONNAIS", "sales": 11, "median_price": 501000.0, "median_price_per_sqm": 11115.151515151516, "median_rooms": 2.0, "first_sale": "2021-02-19", "last_sale": "2025-10-31"}}, {"type": "Feature", "geometry": {"type": "Point", "coordinates": [2.308542, 48.862198]}, "properties": {"id_parcelle": "75107000CM0017", "address": "55 QUAI D ORSAY", "sales": 11, "median_price": 6650000.0, "median_price_per_sqm": 24094.202898550724, "median_rooms": 0.0, "first_sale": "2021-12-23", "last_sale": "2022-04-21"}}, {"type": "Feature", "geometry": {"type": "Point", "coordinates": [2.327991, 48.855574]}, "properties": {"id_parcelle": "75107000AD0032", "address": "218 BD SAINT GERMAIN", "sales": 11, "median_price": 1600000.0, "median_price_per_sqm": 17727.272727272728, "median_rooms": 0.0, "first_sale": "2021-05-06", "last_sale": "2025-04-24"}}, {"type": "Feature", "geometry": {"type": "Point", "coordinates": [2.305617, 48.857759]}, "properties": {"id_parcelle": "75107000CD0138", "address": "188 RUE DE GRENELLE", "sales": 11, "median_price": 935000.0, "median_price_per_sqm": 12104.323308270676, "median_rooms": 3.0, "first_sale": "2021-07-20", "last_sale": "2025-12-30"}}, {"type": "Feature", "geometry": {"type": "Point", "coordinates": [2.32586, 48.853741]}, "properties": {"id_parcelle": "75107000AL0106", "address": "16 RUE DE VARENNE", "sales": 11, "median_price": 1554000.0, "median_price_per_sqm": 15518.75, "median_rooms": 0.0, "first_sale": "2022-04-12", "last_sale": "2025-03-14"}}, {"type": "Feature", "geometry": {"type": "Point", "coordinates": [2.32042, 48.861024]}, "properties": {"id_parcelle": "75107000AP0043", "address": "1 RUE DE COURTY", "sales": 11, "median_price": 2250000.0, "median_price_per_sqm": 17721.518987341773, "median_rooms": 0.0, "first_sale": "2022-03-31", "last_sale": "2025-08-28"}}, {"type": "Feature", "geometry": {"type": "Point", "coordinates": [2.326477, 48.856847]}, "properties": {"id_parcelle": "75107000AN0027", "address": "44 RUE DU BAC", "sales": 11, "median_price": 2910000.0, "median_price_per_sqm": 22342.107843137255, "median_rooms": 2.0, "first_sale": "2021-01-06", "last_sale": "2025-12-19"}}, {"type": "Feature", "geometry": {"type": "Point", "coordinates": [2.309142, 48.860535]}, "properties": {"id_parcelle": "75107000CL0052", "address": "22 RUE SURCOUF", "sales": 11, "median_price": 590100.0, "median_price_per_sqm": 12890.259329538267, "median_rooms": 2.0, "first_sale": "2021-02-26", "last_sale": "2025-12-09"}}, {"type": "Feature", "geometry": {"type": "Point", "coordinates": [2.318862, 48.850197]}, "properties": {"id_parcelle": "75107000BG0087", "address": "7 RUE OUDINOT", "sales": 11, "median_price": 500000.0, "median_price_per_sqm": 13287.671232876712, "median_rooms": 2.0, "first_sale": "2021-01-28", "last_sale": "2024-03-22"}}, {"type": "Feature", "geometry": {"type": "Point", "coordinates": [2.313816, 48.846272]}, "properties": {"id_parcelle": "75107000BI0010", "address": "61 AV DE SAXE", "sales": 11, "median_price": 593790.0, "median_price_per_sqm": 13006.07281553398, "median_rooms": 0.0, "first_sale": "2021-04-22", "last_sale": "2024-05-13"}}, {"type": "Feature", "geometry": {"type": "Point", "coordinates": [2.33025, 48.858567]}, "properties": {"id_parcelle": "75107000AB0021", "address": "36 RUE DE LILLE", "sales": 11, "median_price": 2652380.0, "median_price_per_sqm": 25503.653846153848, "median_rooms": 0.0, "first_sale": "2021-09-17", "last_sale": "2025-03-24"}}, {"type": "Feature", "geometry": {"type": "Point", "coordinates": [2.330237, 48.858982]}, "properties": {"id_parcelle": "75107000AB0019", "address": "1 RUE DE BEAUNE", "sales": 11, "median_price": 4000000.0, "median_price_per_sqm": 38271.42857142857, "median_rooms": 0.0, "first_sale": "2021-05-27", "last_sale": "2024-02-28"}}, {"type": "Feature", "geometry": {"type": "Point", "coordinates": [2.318824, 48.854545]}, "properties": {"id_parcelle": "75107000BD0023", "address": "8 CITE VANEAU", "sales": 11, "median_price": 3970000.0, "median_price_per_sqm": 20120.530726256984, "median_rooms": 0.0, "first_sale": "2022-02-14", "last_sale": "2022-06-30"}}, {"type": "Feature", "geometry": {"type": "Point", "coordinates": [2.329147, 48.854574]}, "properties": {"id_parcelle": "75107000AE0029", "address": "19 RUE ST GUILLAUME", "sales": 11, "median_price": 2221300.0, "median_price_per_sqm": 21174.242424242424, "median_rooms": 2.0, "first_sale": "2021-03-31", "last_sale": "2025-07-07"}}, {"type": "Feature", "geometry": {"type": "Point", "coordinates": [2.319686, 48.848802]}, "properties": {"id_parcelle": "75107000BG0063", "address": "21 RUE PIERRE LEROUX", "sales": 11, "median_price": 715000.0, "median_price_per_sqm": 13681.159420289856, "median_rooms": 0.0, "first_sale": "2023-06-30", "last_sale": "2025-09-22"}}, {"type": "Feature", "geometry": {"type": "Point", "coordinates": [2.317328, 48.850239]}, "properties": {"id_parcelle": "75107000BF0016", "address": "14 RUE OUDINOT", "sales": 11, "median_price": 1161000.0, "median_price_per_sqm": 13952.82, "median_rooms": 0.0, "first_sale": "2021-05-06", "last_sale": "2025-01-29"}}, {"type": "Feature", "geometry": {"type": "Point", "coordinates": [2.328438, 48.858745]}, "properties": {"id_parcelle": "75107000AO0003", "address": "39 RUE DE LILLE", "sales": 11, "median_price": 1280000.0, "median_price_per_sqm": 14993.58108108108, "median_rooms": 2.0, "first_sale": "2022-06-13", "last_sale": "2025-11-20"}}, {"type": "Feature", "geometry": {"type": "Point", "coordinates": [2.316728, 48.847916]}, "properties": {"id_parcelle": "75107000BI0032", "address": "4 AV CONSTANT COQUELIN", "sales": 11, "median_price": 395800.0, "median_price_per_sqm": 12127.04858062628, "median_rooms": 0.0, "first_sale": "2021-04-23", "last_sale": "2024-12-11"}}, {"type": "Feature", "geometry": {"type": "Point", "coordinates": [2.310743, 48.850663]}, "properties": {"id_parcelle": "75107000BM0026", "address": "34 AV DUQUESNE", "sales": 11, "median_price": 1695000.0, "median_price_per_sqm": 24494.55, "median_rooms": 0.0, "first_sale": "2021-01-29", "last_sale": "2024-07-09"}}, {"type": "Feature", "geometry": {"type": "Point", "coordinates": [2.309029, 48.857537]}, "properties": {"id_parcelle": "75107000BY0188", "address": "137 RUE DE GRENELLE", "sales": 11, "median_price": 2000000.0, "median_price_per_sqm": 19545.454545454544, "median_rooms": 0.0, "first_sale": "2022-04-29", "last_sale": "2025-08-29"}}, {"type": "Feature", "geometry": {"type": "Point", "coordinates": [2.327354, 48.852]}, "properties": {"id_parcelle": "75107000AF0040", "address": "16 RUE DE SEVRES", "sales": 11, "median_price": 4000000.0, "median_price_per_sqm": 21142.85714285714, "median_rooms": 0.0, "first_sale": "2022-02-10", "last_sale": "2024-04-22"}}, {"type": "Feature", "geometry": {"type": "Point", "coordinates": [2.302433, 48.857094]}, "properties": {"id_parcelle": "75107000CD0042", "address": "17 RUE AUGEREAU", "sales": 11, "median_price": 272000.0, "median_price_per_sqm": 11812.386363636364, "median_rooms": 1.0, "first_sale": "2021-09-28", "last_sale": "2025-09-10"}}, {"type": "Feature", "geometry": {"type": "Point", "coordinates": [2.329087, 48.855126]}, "properties": {"id_parcelle": "75107000AD0039", "address": "204 BD SAINT GERMAIN", "sales": 11, "median_price": 1500000.0, "median_price_per_sqm": 17571.428571428572, "median_rooms": 3.0, "first_sale": "2022-04-13", "last_sale": "2025-10-10"}}, {"type": "Feature", "geometry": {"type": "Point", "coordinates": [2.326934, 48.858902]}, "properties": {"id_parcelle": "75107000AO0020", "address": "60 RUE DE VERNEUIL", "sales": 11, "median_price": 590000.0, "median_price_per_sqm": 13609.545454545456, "median_rooms": 0.0, "first_sale": "2022-09-27", "last_sale": "2025-06-20"}}, {"type": "Feature", "geometry": {"type": "Point", "coordinates": [2.312811, 48.847905]}, "properties": {"id_parcelle": "75107000BJ0013", "address": "12 RUE DU GAL BERTRAND", "sales": 11, "median_price": 482500.0, "median_price_per_sqm": 14278.826060606061, "median_rooms": 0.0, "first_sale": "2021-09-09", "last_sale": "2025-08-27"}}, {"type": "Feature", "geometry": {"type": "Point", "coordinates": [2.306756, 48.854456]}, "properties": {"id_parcelle": "75107000BX0023", "address": "26 AV DE TOURVILLE", "sales": 11, "median_price": 579000.0, "median_price_per_sqm": 12384.68075385494, "median_rooms": 3.0, "first_sale": "2021-01-28", "last_sale": "2025-09-17"}}, {"type": "Feature", "geometry": {"type": "Point", "coordinates": [2.298999, 48.858035]}, "properties": {"id_parcelle": "75107000CH0016", "address": "34 AV DE LA BOURDONNAIS", "sales": 11, "median_price": 1895000.0, "median_price_per_sqm": 13288.590604026846, "median_rooms": 0.0, "first_sale": "2022-05-10", "last_sale": "2023-12-08"}}, {"type": "Feature", "geometry": {"type": "Point", "coordinates": [2.306898, 48.854882]}, "properties": {"id_parcelle": "75107000BX0011", "address": "33 AV DE LA MOTTE PICQUET", "sales": 11, "median_price": 250000.0, "median_price_per_sqm": 15082.829824561402, "median_rooms": 0.0, "first_sale": "2021-09-28", "last_sale": "2025-03-14"}}, {"type": "Feature", "geometry": {"type": "Point", "coordinates": [2.327734, 48.858656]}, "properties": {"id_parcelle": "75107000AO0012", "address": "48 RUE DE VERNEUIL", "sales": 11, "median_price": 955000.0, "median_price_per_sqm": 14909.09090909091, "median_rooms": 0.0, "first_sale": "2021-02-03", "last_sale": "2024-01-24"}}, {"type": "Feature", "geometry": {"type": "Point", "coordinates": [2.309253, 48.855478]}, "properties": {"id_parcelle": "75107000BX0049", "address": "86 BD DE LA TOUR MAUBOURG", "sales": 11, "median_price": 456731.0, "median_price_per_sqm": 13208.28125, "median_rooms": 0.0, "first_sale": "2022-05-25", "last_sale": "2025-10-27"}}, {"type": "Feature", "geometry": {"type": "Point", "coordinates": [2.319463, 48.852899]}, "properties": {"id_parcelle": "75107000AJ0001", "address": "25 RUE VANEAU", "sales": 11, "median_price": 775000.0, "median_price_per_sqm": 20454.545454545456, "median_rooms": 0.0, "first_sale": "2021-07-08", "last_sale": "2023-07-20"}}, {"type": "Feature", "geometry": {"type": "Point", "coordinates": [2.322328, 48.851774]}, "properties": {"id_parcelle": "75107000AJ0020", "address": "24 RUE DE BABYLONE", "sales": 11, "median_price": 1026000.0, "median_price_per_sqm": 18961.125, "median_rooms": 0.0, "first_sale": "2022-07-06", "last_sale": "2025-04-30"}}, {"type": "Feature", "geometry": {"type": "Point", "coordinates": [2.30756, 48.855202]}, "properties": {"id_parcelle": "75107000BX0007", "address": "25 AV DE LA MOTTE PICQUET", "sales": 11, "median_price": 225000.0, "median_price_per_sqm": 12788.461538461539, "median_rooms": 1.0, "first_sale": "2021-09-02", "last_sale": "2025-03-31"}}, {"type": "Feature", "geometry": {"type": "Point", "coordinates": [2.317433, 48.847397]}, "properties": {"id_parcelle": "75107000BI0049", "address": "84 RUE DE SEVRES", "sales": 11, "median_price": 2480000.0, "median_price_per_sqm": 15625.0, "median_rooms": 0.0, "first_sale": "2021-05-07", "last_sale": "2025-10-22"}}, {"type": "Feature", "geometry": {"type": "Point", "coordinates": [2.316983, 48.850326]}, "properties": {"id_parcelle": "75107000BF0017", "address": "19 RUE MONSIEUR", "sales": 11, "median_price": 384800.0, "median_price_per_sqm": 14207.244897959183, "median_rooms": 1.0, "first_sale": "2021-08-26", "last_sale": "2025-10-17"}}, {"type": "Feature", "geometry": {"type": "Point", "coordinates": [2.318671, 48.850679]}, "properties": {"id_parcelle": "75107000BF0039", "address": "6 RUE OUDINOT", "sales": 11, "median_price": 720000.0, "median_price_per_sqm": 14400.0, "median_rooms": 0.0, "first_sale": "2021-07-20", "last_sale": "2023-10-09"}}, {"type": "Feature", "geometry": {"type": "Point", "coordinates": [2.305649, 48.860313]}, "properties": {"id_parcelle": "75107000CK0073", "address": "14 RUE MALAR", "sales": 11, "median_price": 4500.0, "median_price_per_sqm": 14504.66165413534, "median_rooms": 0.0, "first_sale": "2022-02-08", "last_sale": "2023-05-25"}}, {"type": "Feature", "geometry": {"type": "Point", "coordinates": [2.317285, 48.857208]}, "properties": {"id_parcelle": "75107000AY0008", "address": "40 RUE DE BOURGOGNE", "sales": 11, "median_price": 3870000.0, "median_price_per_sqm": 138214.2857142857, "median_rooms": 1.0, "first_sale": "2022-11-25", "last_sale": "2022-11-25"}}, {"type": "Feature", "geometry": {"type": "Point", "coordinates": [2.31975, 48.848207]}, "properties": {"id_parcelle": "75107000BG0075", "address": "29 RUE PIERRE LEROUX", "sales": 11, "median_price": 300000.0, "median_price_per_sqm": 10079.366666666667, "median_rooms": 1.0, "first_sale": "2022-07-01", "last_sale": "2025-04-22"}}, {"type": "Feature", "geometry": {"type": "Point", "coordinates": [2.318626, 48.848198]}, "properties": {"id_parcelle": "75107000BH0017", "address": "28 RUE ROUSSELET", "sales": 11, "median_price": 590000.0, "median_price_per_sqm": 14750.0, "median_rooms": 0.0, "first_sale": "2021-11-22", "last_sale": "2024-04-11"}}, {"type": "Feature", "geometry": {"type": "Point", "coordinates": [2.298276, 48.85921]}, "properties": {"id_parcelle": "75107000CI0057", "address": "15 RUE DE MONTTESSUY", "sales": 11, "median_price": 500000.0, "median_price_per_sqm": 14222.588652482269, "median_rooms": 1.0, "first_sale": "2022-05-19", "last_sale": "2025-11-20"}}, {"type": "Feature", "geometry": {"type": "Point", "coordinates": [2.302368, 48.85827]}, "properties": {"id_parcelle": "75107000CD0078", "address": "131 RUE ST DOMINIQUE", "sales": 11, "median_price": 1100000.0, "median_price_per_sqm": 14680.555555555555, "median_rooms": 3.0, "first_sale": "2021-03-16", "last_sale": "2024-06-11"}}, {"type": "Feature", "geometry": {"type": "Point", "coordinates": [2.324668, 48.854739]}, "properties": {"id_parcelle": "75107000AL0090", "address": "63 RUE DE GRENELLE", "sales": 10, "median_price": 900000.0, "median_price_per_sqm": 17647.058823529413, "median_rooms": 0.5, "first_sale": "2021-02-18", "last_sale": "2025-07-10"}}, {"type": "Feature", "geometry": {"type": "Point", "coordinates": [2.31974, 48.851518]}, "properties": {"id_parcelle": "75107000AI0020", "address": "35 RUE DE BABYLONE", "sales": 10, "median_price": 746250.0, "median_price_per_sqm": 14973.958333333334, "median_rooms": 1.0, "first_sale": "2023-09-01", "last_sale": "2023-09-22"}}, {"type": "Feature", "geometry": {"type": "Point", "coordinates": [2.307688, 48.854875]}, "properties": {"id_parcelle": "75107000BX0030", "address": "30 RUE CHEVERT", "sales": 10, "median_price": 680255.0, "median_price_per_sqm": 12118.121442125237, "median_rooms": 2.0, "first_sale": "2021-06-03", "last_sale": "2024-11-20"}}, {"type": "Feature", "geometry": {"type": "Point", "coordinates": [2.303886, 48.855679]}, "properties": {"id_parcelle": "75107000BW0089", "address": "97 AV DE LA BOURDONNAIS", "sales": 10, "median_price": 902591.0, "median_price_per_sqm": 17809.52380952381, "median_rooms": 1.0, "first_sale": "2021-09-29", "last_sale": "2025-10-03"}}, {"type": "Feature", "geometry": {"type": "Point", "coordinates": [2.306931, 48.848153]}, "properties": {"id_parcelle": "75107000BO0015", "address": "69 AV DE SEGUR", "sales": 10, "median_price": 710000.0, "median_price_per_sqm": 26428.571428571428, "median_rooms": 0.0, "first_sale": "2022-09-15", "last_sale": "2025-06-11"}}, {"type": "Feature", "geometry": {"type": "Point", "coordinates": [2.297875, 48.853374]}, "properties": {"id_parcelle": "75107000CF0020", "address": "6 AV DU GAL DETRIE", "sales": 10, "median_price": 1728900.0, "median_price_per_sqm": 12097.902097902097, "median_rooms": 0.0, "first_sale": "2022-02-04", "last_sale": "2025-06-06"}}, {"type": "Feature", "geometry": {"type": "Point", "coordinates": [2.295211, 48.855146]}, "properties": {"id_parcelle": "75107000CG0009", "address": "33 AV DE SUFFREN", "sales": 10, "median_price": 2011200.0, "median_price_per_sqm": 17136.57401422107, "median_rooms": 0.0, "first_sale": "2021-06-11", "last_sale": "2025-08-11"}}, {"type": "Feature", "geometry": {"type": "Point", "coordinates": [2.326632, 48.859197]}, "properties": {"id_parcelle": "75107000AO0022", "address": "57 RUE DE LILLE", "sales": 10, "median_price": 752500.0, "median_price_per_sqm": 10459.45945945946, "median_rooms": 1.0, "first_sale": "2022-01-28", "last_sale": "2025-11-25"}}, {"type": "Feature", "geometry": {"type": "Point", "coordinates": [2.318418, 48.85142]}, "properties": {"id_parcelle": "75107000BF0031", "address": "47 RUE DE BABYLONE", "sales": 10, "median_price": 860000.0, "median_price_per_sqm": 15591.216216216217, "median_rooms": 0.0, "first_sale": "2022-04-25", "last_sale": "2024-06-21"}}, {"type": "Feature", "geometry": {"type": "Point", "coordinates": [2.306284, 48.857558]}, "properties": {"id_parcelle": "75107000BY0045", "address": "163 RUE DE GRENELLE", "sales": 10, "median_price": 357740.0, "median_price_per_sqm": 13721.481481481482, "median_rooms": 1.0, "first_sale": "2021-05-21", "last_sale": "2025-10-13"}}, {"type": "Feature", "geometry": {"type": "Point", "coordinates": [2.307629, 48.856181]}, "properties": {"id_parcelle": "75107000BY0078", "address": "25 RUE DUVIVIER", "sales": 10, "median_price": 619000.0, "median_price_per_sqm": 13253.10534591195, "median_rooms": 1.0, "first_sale": "2021-05-07", "last_sale": "2025-07-24"}}, {"type": "Feature", "geometry": {"type": "Point", "coordinates": [2.316276, 48.856155]}, "properties": {"id_parcelle": "75107000AY0024", "address": "90 RUE DE VARENNE", "sales": 10, "median_price": 1190000.0, "median_price_per_sqm": 11434.21052631579, "median_rooms": 0.0, "first_sale": "2021-03-12", "last_sale": "2024-11-05"}}, {"type": "Feature", "geometry": {"type": "Point", "coordinates": [2.325978, 48.856309]}, "properties": {"id_parcelle": "75107000AN0023", "address": "52 RUE DU BAC", "sales": 10, "median_price": 502500.0, "median_price_per_sqm": 12287.517531556801, "median_rooms": 1.0, "first_sale": "2022-07-06", "last_sale": "2023-12-27"}}, {"type": "Feature", "geometry": {"type": "Point", "coordinates": [2.325857, 48.856622]}, "properties": {"id_parcelle": "75107000AN0021", "address": "242 BD SAINT GERMAIN", "sales": 10, "median_price": 477208.0, "median_price_per_sqm": 29442.148692810457, "median_rooms": 1.0, "first_sale": "2021-04-29", "last_sale": "2024-06-24"}}, {"type": "Feature", "geometry": {"type": "Point", "coordinates": [2.324887, 48.856275]}, "properties": {"id_parcelle": "75107000AM0037", "address": "209 BD SAINT GERMAIN", "sales": 10, "median_price": 2740000.0, "median_price_per_sqm": 21957.382039573822, "median_rooms": 0.0, "first_sale": "2021-05-21", "last_sale": "2025-11-19"}}, {"type": "Feature", "geometry": {"type": "Point", "coordinates": [2.322599, 48.857387]}, "properties": {"id_parcelle": "75107000AM0008", "address": "31 RUE DE BELLECHASSE", "sales": 10, "median_price": 2320000.0, "median_price_per_sqm": 17389.333333333332, "median_rooms": 1.0, "first_sale": "2021-01-27", "last_sale": "2025-11-17"}}, {"type": "Feature", "geometry": {"type": "Point", "coordinates": [2.299063, 48.852645]}, "properties": {"id_parcelle": "75107000BU0028", "address": "61 AV DE SUFFREN", "sales": 10, "median_price": 953337.0, "median_price_per_sqm": 12067.556962025317, "median_rooms": 1.0, "first_sale": "2022-02-25", "last_sale": "2025-03-31"}}, {"type": "Feature", "geometry": {"type": "Point", "coordinates": [2.330198, 48.855541]}, "properties": {"id_parcelle": "75107000AD0070", "address": "10 RUE PERRONET", "sales": 10, "median_price": 600000.0, "median_price_per_sqm": 3750.0, "median_rooms": 0.0, "first_sale": "2025-11-05", "last_sale": "2025-11-05"}}, {"type": "Feature", "geometry": {"type": "Point", "coordinates": [2.324101, 48.853677]}, "properties": {"id_parcelle": "75107000AG0004", "address": "93 RUE DU BAC", "sales": 10, "median_price": 1305000.0, "median_price_per_sqm": 14602.557070629693, "median_rooms": 1.5, "first_sale": "2022-11-18", "last_sale": "2025-11-17"}}, {"type": "Feature", "geometry": {"type": "Point", "coordinates": [2.307917, 48.859977]}, "properties": {"id_parcelle": "75107000CL0029", "address": "15 RUE JEAN NICOT", "sales": 10, "median_price": 1100000.0, "median_price_per_sqm": 15458.333333333332, "median_rooms": 0.0, "first_sale": "2022-02-22", "last_sale": "2024-12-27"}}, {"type": "Feature", "geometry": {"type": "Point", "coordinates": [2.29706, 48.858423]}, "properties": {"id_parcelle": "75107000CH0031", "address": "4 AV ELISEE RECLUS", "sales": 10, "median_price": 2995000.0, "median_price_per_sqm": 18217.007351622735, "median_rooms": 0.0, "first_sale": "2023-04-24", "last_sale": "2025-07-25"}}, {"type": "Feature", "geometry": {"type": "Point", "coordinates": [2.310768, 48.861296]}, "properties": {"id_parcelle": "75107000AT0011", "address": "11 BD DE LA TOUR MAUBOURG", "sales": 10, "median_price": 1700000.0, "median_price_per_sqm": 18342.36754677391, "median_rooms": 0.0, "first_sale": "2024-11-07", "last_sale": "2025-07-18"}}, {"type": "Feature", "geometry": {"type": "Point", "coordinates": [2.31136, 48.862262]}, "properties": {"id_parcelle": "75107000AT0008", "address": "39 QUAI D ORSAY", "sales": 10, "median_price": 2040000.0, "median_price_per_sqm": 27576.887232059646, "median_rooms": 0.0, "first_sale": "2021-03-31", "last_sale": "2023-01-20"}}, {"type": "Feature", "geometry": {"type": "Point", "coordinates": [2.302478, 48.85641]}, "properties": {"id_parcelle": "75107000CD0036", "address": "218 RUE DE GRENELLE", "sales": 10, "median_price": 505000.0, "median_price_per_sqm": 15294.117647058823, "median_rooms": 1.0, "first_sale": "2022-01-28", "last_sale": "2025-05-26"}}, {"type": "Feature", "geometry": {"type": "Point", "coordinates": [2.319924, 48.848939]}, "properties": {"id_parcelle": "75107000BG0062", "address": "80 RUE VANEAU", "sales": 10, "median_price": 896224.0, "median_price_per_sqm": 14215.686274509804, "median_rooms": 1.0, "first_sale": "2021-12-14", "last_sale": "2025-03-12"}}, {"type": "Feature", "geometry": {"type": "Point", "coordinates": [2.318458, 48.850059]}, "properties": {"id_parcelle": "75107000BG0038", "address": "4 RUE PIERRE LEROUX", "sales": 10, "median_price": 405000.0, "median_price_per_sqm": 12695.952380952382, "median_rooms": 1.5, "first_sale": "2021-02-26", "last_sale": "2024-03-05"}}, {"type": "Feature", "geometry": {"type": "Point", "coordinates": [2.302817, 48.85546]}, "properties": {"id_parcelle": "75107000BV0010", "address": "19 AV EMILE DESCHANEL", "sales": 10, "median_price": 3770000.0, "median_price_per_sqm": 25078.92804698972, "median_rooms": 0.0, "first_sale": "2021-06-14", "last_sale": "2025-09-05"}}, {"type": "Feature", "geometry": {"type": "Point", "coordinates": [2.316776, 48.850088]}, "properties": {"id_parcelle": "75107000BF0013", "address": "21 RUE MONSIEUR", "sales": 10, "median_price": 3410577.0, "median_price_per_sqm": 15412.22009569378, "median_rooms": 0.0, "first_sale": "2021-02-11", "last_sale": "2024-12-04"}}, {"type": "Feature", "geometry": {"type": "Point", "coordinates": [2.308809, 48.85722]}, "properties": {"id_parcelle": "75107000BY0151", "address": "7 SQ DE LA TOUR MAUBOURG", "sales": 10, "median_price": 2465000.0, "median_price_per_sqm": 15903.225806451614, "median_rooms": 0.0, "first_sale": "2022-09-27", "last_sale": "2024-07-04"}}, {"type": "Feature", "geometry": {"type": "Point", "coordinates": [2.321745, 48.85763]}, "properties": {"id_parcelle": "75107000AX0089", "address": "44 RUE DE BELLECHASSE", "sales": 10, "median_price": 3520000.0, "median_price_per_sqm": 26074.074074074073, "median_rooms": 3.5, "first_sale": "2021-05-06", "last_sale": "2023-09-15"}}, {"type": "Feature", "geometry": {"type": "Point", "coordinates": [2.306525, 48.858247]}, "properties": {"id_parcelle": "75107000BZ0011", "address": "180 RUE DE GRENELLE", "sales": 10, "median_price": 431500.0, "median_price_per_sqm": 15902.307692307691, "median_rooms": 0.0, "first_sale": "2021-03-26", "last_sale": "2025-09-25"}}, {"type": "Feature", "geometry": {"type": "Point", "coordinates": [2.308574, 48.849736]}, "properties": {"id_parcelle": "75107000BN0004", "address": "53 AV DE SEGUR", "sales": 10, "median_price": 700000.0, "median_price_per_sqm": 17607.14285714286, "median_rooms": 0.0, "first_sale": "2021-03-19", "last_sale": "2023-09-22"}}, {"type": "Feature", "geometry": {"type": "Point", "coordinates": [2.32446, 48.859318]}, "properties": {"id_parcelle": "75107000AO0034", "address": "80 RUE DE L UNIVERSITE", "sales": 10, "median_price": 1048125.0, "median_price_per_sqm": 18481.25, "median_rooms": 1.0, "first_sale": "2021-07-09", "last_sale": "2025-07-23"}}, {"type": "Feature", "geometry": {"type": "Point", "coordinates": [2.323231, 48.85297]}, "properties": {"id_parcelle": "75107000AK0039", "address": "112 RUE DU BAC", "sales": 10, "median_price": 1300000.0, "median_price_per_sqm": 20223.92290249433, "median_rooms": 0.0, "first_sale": "2021-07-01", "last_sale": "2024-02-28"}}, {"type": "Feature", "geometry": {"type": "Point", "coordinates": [2.311021, 48.859768]}, "properties": {"id_parcelle": "75107000AV0032", "address": "32 RUE FABERT", "sales": 10, "median_price": 2208000.0, "median_price_per_sqm": 20670.2329594478, "median_rooms": 0.0, "first_sale": "2022-01-25", "last_sale": "2025-12-16"}}, {"type": "Feature", "geometry": {"type": "Point", "coordinates": [2.300576, 48.860219]}, "properties": {"id_parcelle": "75107000CI0029", "address": "12 AV RAPP", "sales": 10, "median_price": 1290000.0, "median_price_per_sqm": 15339.805825242718, "median_rooms": 0.0, "first_sale": "2021-06-29", "last_sale": "2025-03-05"}}, {"type": "Feature", "geometry": {"type": "Point", "coordinates": [2.324455, 48.85539]}, "properties": {"id_parcelle": "75107000AL0042", "address": "82 RUE DE GRENELLE", "sales": 10, "median_price": 1579750.0, "median_price_per_sqm": 16666.666666666668, "median_rooms": 0.0, "first_sale": "2021-09-21", "last_sale": "2025-10-23"}}, {"type": "Feature", "geometry": {"type": "Point", "coordinates": [2.323127, 48.85284]}, "properties": {"id_parcelle": "75107000AJ0018", "address": "114 RUE DU BAC", "sales": 10, "median_price": 1595000.0, "median_price_per_sqm": 19216.86746987952, "median_rooms": 0.5, "first_sale": "2021-10-13", "last_sale": "2025-07-29"}}, {"type": "Feature", "geometry": {"type": "Point", "coordinates": [2.305594, 48.856521]}, "properties": {"id_parcelle": "75107000BY0028", "address": "12 RUE DU CHAMP DE MARS", "sales": 10, "median_price": 170000.0, "median_price_per_sqm": 12166.677248677248, "median_rooms": 1.0, "first_sale": "2021-02-17", "last_sale": "2024-11-06"}}, {"type": "Feature", "geometry": {"type": "Point", "coordinates": [2.301923, 48.85705]}, "properties": {"id_parcelle": "75107000CD0024", "address": "16 RUE AUGEREAU", "sales": 10, "median_price": 356500.0, "median_price_per_sqm": 11626.233333333334, "median_rooms": 1.0, "first_sale": "2021-05-26", "last_sale": "2025-07-21"}}, {"type": "Feature", "geometry": {"type": "Point", "coordinates": [2.305784, 48.860963]}, "properties": {"id_parcelle": "75107000CL0001", "address": "15 RUE MALAR", "sales": 10, "median_price": 465000.0, "median_price_per_sqm": 13574.074074074075, "median_rooms": 1.0, "first_sale": "2021-01-14", "last_sale": "2025-07-31"}}, {"type": "Feature", "geometry": {"type": "Point", "coordinates": [2.31783, 48.851951]}, "properties": {"id_parcelle": "75107000BE0016", "address": "56 RUE DE BABYLONE", "sales": 10, "median_price": 795000.0, "median_price_per_sqm": 15709.643201542913, "median_rooms": 2.0, "first_sale": "2021-11-04", "last_sale": "2024-08-27"}}, {"type": "Feature", "geometry": {"type": "Point", "coordinates": [2.321693, 48.858232]}, "properties": {"id_parcelle": "75107000AX0050", "address": "10 RUE LAS CASES", "sales": 10, "median_price": 2252972.5, "median_price_per_sqm": 48119.305589756215, "median_rooms": 0.0, "first_sale": "2022-03-29", "last_sale": "2024-09-26"}}, {"type": "Feature", "geometry": {"type": "Point", "coordinates": [2.316975, 48.851908]}, "properties": {"id_parcelle": "75107000BE0011", "address": "44 RUE BARBET DE JOUY", "sales": 10, "median_price": 1793200.0, "median_price_per_sqm": 24735.0, "median_rooms": 0.0, "first_sale": "2021-07-26", "last_sale": "2023-10-13"}}, {"type": "Feature", "geometry": {"type": "Point", "coordinates": [2.309492, 48.85652]}, "properties": {"id_parcelle": "75107000BY0129", "address": "72 BD DE LA TOUR MAUBOURG", "sales": 10, "median_price": 1445000.0, "median_price_per_sqm": 16235.955056179775, "median_rooms": 2.0, "first_sale": "2021-06-17", "last_sale": "2024-10-17"}}, {"type": "Feature", "geometry": {"type": "Point", "coordinates": [2.309563, 48.856677]}, "properties": {"id_parcelle": "75107000BY0128", "address": "70 BD DE LA TOUR MAUBOURG", "sales": 10, "median_price": 959800.0, "median_price_per_sqm": 20399.415204678364, "median_rooms": 0.0, "first_sale": "2021-09-24", "last_sale": "2025-12-17"}}, {"type": "Feature", "geometry": {"type": "Point", "coordinates": [2.324528, 48.855264]}, "properties": {"id_parcelle": "75107000AL0040", "address": "80 RUE DE GRENELLE", "sales": 10, "median_price": 1715000.0, "median_price_per_sqm": 17800.0, "median_rooms": 3.5, "first_sale": "2021-07-20", "last_sale": "2025-12-30"}}, {"type": "Feature", "geometry": {"type": "Point", "coordinates": [2.324152, 48.855649]}, "properties": {"id_parcelle": "75107000AL0044", "address": "86 RUE DE GRENELLE", "sales": 10, "median_price": 9250000.0, "median_price_per_sqm": 84145.54905782976, "median_rooms": 0.5, "first_sale": "2021-05-11", "last_sale": "2023-07-28"}}, {"type": "Feature", "geometry": {"type": "Point", "coordinates": [2.328491, 48.858047]}, "properties": {"id_parcelle": "75107000AC0092", "address": "35 RUE DE VERNEUIL", "sales": 10, "median_price": 953509.28, "median_price_per_sqm": 16832.82268170426, "median_rooms": 1.5, "first_sale": "2023-04-26", "last_sale": "2025-09-08"}}, {"type": "Feature", "geometry": {"type": "Point", "coordinates": [2.304606, 48.8589]}, "properties": {"id_parcelle": "75107000CD0125", "address": "117 RUE SAINT DOMINIQUE", "sales": 10, "median_price": 1270000.0, "median_price_per_sqm": 13179.108485499462, "median_rooms": 0.0, "first_sale": "2021-01-28", "last_sale": "2025-03-24"}}, {"type": "Feature", "geometry": {"type": "Point", "coordinates": [2.330481, 48.855489]}, "properties": {"id_parcelle": "75107000AD0065", "address": "30 RUE DES SAINTS PERES", "sales": 10, "median_price": 1150000.0, "median_price_per_sqm": 19166.666666666668, "median_rooms": 0.0, "first_sale": "2021-01-15", "last_sale": "2024-11-07"}}, {"type": "Feature", "geometry": {"type": "Point", "coordinates": [2.314229, 48.84978]}, "properties": {"id_parcelle": "75107000BK0017", "address": "40 BD DES INVALIDES", "sales": 10, "median_price": 3602512.5, "median_price_per_sqm": 16470.58823529412, "median_rooms": 2.0, "first_sale": "2021-03-18", "last_sale": "2025-11-04"}}, {"type": "Feature", "geometry": {"type": "Point", "coordinates": [2.32996, 48.857563]}, "properties": {"id_parcelle": "75107000AC0069", "address": "21 RUE DE VERNEUIL", "sales": 10, "median_price": 13831500.0, "median_price_per_sqm": 43223.4375, "median_rooms": 0.0, "first_sale": "2022-12-16", "last_sale": "2024-06-14"}}, {"type": "Feature", "geometry": {"type": "Point", "coordinates": [2.305785, 48.854938]}, "properties": {"id_parcelle": "75107000BW0074", "address": "85 AV BOSQUET", "sales": 10, "median_price": 1422500.0, "median_price_per_sqm": 14950.0, "median_rooms": 0.0, "first_sale": "2021-05-07", "last_sale": "2025-09-01"}}, {"type": "Feature", "geometry": {"type": "Point", "coordinates": [2.3316, 48.856938]}, "properties": {"id_parcelle": "75107000AC0044", "address": "12 RUE DES SAINTS PERES", "sales": 10, "median_price": 37700000.0, "median_price_per_sqm": 102808.29165063486, "median_rooms": 2.0, "first_sale": "2023-03-08", "last_sale": "2025-06-30"}}, {"type": "Feature", "geometry": {"type": "Point", "coordinates": [2.309095, 48.848059]}, "properties": {"id_parcelle": "75107000BO0046", "address": "7 RUE LEON VAUDOYER", "sales": 10, "median_price": 1538175.0, "median_price_per_sqm": 12116.055045871559, "median_rooms": 0.0, "first_sale": "2022-03-31", "last_sale": "2024-04-24"}}, {"type": "Feature", "geometry": {"type": "Point", "coordinates": [2.311083, 48.847936]}, "properties": {"id_parcelle": "75107000BN0029", "address": "43 AV DE SAXE", "sales": 9, "median_price": 580000.0, "median_price_per_sqm": 9700.0, "median_rooms": 0.0, "first_sale": "2022-09-29", "last_sale": "2025-03-13"}}, {"type": "Feature", "geometry": {"type": "Point", "coordinates": [2.331519, 48.856807]}, "properties": {"id_parcelle": "75107000AC0045", "address": "14 RUE DES SAINTS PERES", "sales": 9, "median_price": 2548077.0, "median_price_per_sqm": 54872.79885057471, "median_rooms": 2.0, "first_sale": "2021-12-22", "last_sale": "2025-05-20"}}, {"type": "Feature", "geometry": {"type": "Point", "coordinates": [2.3316, 48.856574]}, "properties": {"id_parcelle": "75107000AC0047", "address": "18 RUE DES SAINTS PERES", "sales": 9, "median_price": 3045850.0, "median_price_per_sqm": 13229.166666666666, "median_rooms": 1.0, "first_sale": "2021-03-08", "last_sale": "2025-12-19"}}, {"type": "Feature", "geometry": {"type": "Point", "coordinates": [2.3051, 48.86136]}, "properties": {"id_parcelle": "75107000CN0014", "address": "170 RUE DE L UNIVERSITE", "sales": 9, "median_price": 3850000.0, "median_price_per_sqm": 21537.55868544601, "median_rooms": 0.0, "first_sale": "2021-03-30", "last_sale": "2021-07-20"}}, {"type": "Feature", "geometry": {"type": "Point", "coordinates": [2.313563, 48.849191]}, "properties": {"id_parcelle": "75107000BK0032", "address": "52 AV DUQUESNE", "sales": 9, "median_price": 764400.0, "median_price_per_sqm": 13485.795454545454, "median_rooms": 0.0, "first_sale": "2022-08-09", "last_sale": "2025-07-03"}}, {"type": "Feature", "geometry": {"type": "Point", "coordinates": [2.327205, 48.857336]}, "properties": {"id_parcelle": "75107000AN0036", "address": "34 RUE DU BAC", "sales": 9, "median_price": 2968100.0, "median_price_per_sqm": 20443.833812260535, "median_rooms": 0.0, "first_sale": "2021-07-15", "last_sale": "2024-05-22"}}, {"type": "Feature", "geometry": {"type": "Point", "coordinates": [2.327265, 48.855839]}, "properties": {"id_parcelle": "75107000AD0030", "address": "226 BD SAINT GERMAIN", "sales": 9, "median_price": 5736300.0, "median_price_per_sqm": 20138.46785343934, "median_rooms": 0.0, "first_sale": "2021-08-23", "last_sale": "2025-03-20"}}, {"type": "Feature", "geometry": {"type": "Point", "coordinates": [2.330641, 48.857039]}, "properties": {"id_parcelle": "75107000AC0057", "address": "16 RUE DE L UNIVERSITE", "sales": 9, "median_price": 3450000.0, "median_price_per_sqm": 21165.644171779142, "median_rooms": 0.0, "first_sale": "2025-06-04", "last_sale": "2025-10-27"}}, {"type": "Feature", "geometry": {"type": "Point", "coordinates": [2.306053, 48.860753]}, "properties": {"id_parcelle": "75107000CL0015", "address": "145 RUE DE L UNIVERSITE", "sales": 9, "median_price": 65000.0, "median_price_per_sqm": null, "median_rooms": 0.0, "first_sale": "2022-04-14", "last_sale": "2025-03-26"}}, {"type": "Feature", "geometry": {"type": "Point", "coordinates": [2.322138, 48.857714]}, "properties": {"id_parcelle": "75107000AX0059", "address": "1 RUE LAS CASES", "sales": 9, "median_price": 2850000.0, "median_price_per_sqm": 19000.0, "median_rooms": 0.0, "first_sale": "2021-11-08", "last_sale": "2024-06-19"}}, {"type": "Feature", "geometry": {"type": "Point", "coordinates": [2.319512, 48.85462]}, "properties": {"id_parcelle": "75107000BD0029", "address": "61 RUE DE VARENNE", "sales": 9, "median_price": 2870000.0, "median_price_per_sqm": 24741.379310344826, "median_rooms": 0.0, "first_sale": "2021-09-14", "last_sale": "2025-01-30"}}, {"type": "Feature", "geometry": {"type": "Point", "coordinates": [2.316683, 48.851939]}, "properties": {"id_parcelle": "75107000BE0009", "address": "68 RUE DE BABYLONE", "sales": 9, "median_price": 950000.0, "median_price_per_sqm": 16994.827586206895, "median_rooms": 1.0, "first_sale": "2021-06-14", "last_sale": "2025-01-31"}}, {"type": "Feature", "geometry": {"type": "Point", "coordinates": [2.308255, 48.856563]}, "properties": {"id_parcelle": "75107000BY0108", "address": "16 AV DE LA MOTTE PICQUET", "sales": 9, "median_price": 1100000.0, "median_price_per_sqm": 16598.793363499244, "median_rooms": 0.0, "first_sale": "2021-11-26", "last_sale": "2025-12-22"}}, {"type": "Feature", "geometry": {"type": "Point", "coordinates": [2.331831, 48.857606]}, "properties": {"id_parcelle": "75107000AC0036", "address": "5 RUE DE LILLE", "sales": 9, "median_price": 2000000.0, "median_price_per_sqm": 19803.92156862745, "median_rooms": 0.0, "first_sale": "2023-09-25", "last_sale": "2025-05-21"}}, {"type": "Feature", "geometry": {"type": "Point", "coordinates": [2.302146, 48.856901]}, "properties": {"id_parcelle": "75107000CD0028", "address": "18 RUE AUGEREAU", "sales": 9, "median_price": 170000.0, "median_price_per_sqm": 9850.0, "median_rooms": 2.0, "first_sale": "2022-03-10", "last_sale": "2025-09-15"}}, {"type": "Feature", "geometry": {"type": "Point", "coordinates": [2.301617, 48.857124]}, "properties": {"id_parcelle": "75107000CD0021", "address": "65 AV DE LA BOURDONNAIS", "sales": 9, "median_price": 23800.0, "median_price_per_sqm": 7121.587301587301, "median_rooms": 0.0, "first_sale": "2022-05-25", "last_sale": "2025-10-31"}}, {"type": "Feature", "geometry": {"type": "Point", "coordinates": [2.319404, 48.849472]}, "properties": {"id_parcelle": "75107000BG0051", "address": "5 RUE D OLIVET", "sales": 9, "median_price": 1150000.0, "median_price_per_sqm": 13181.818181818182, "median_rooms": 1.0, "first_sale": "2021-05-27", "last_sale": "2025-11-07"}}, {"type": "Feature", "geometry": {"type": "Point", "coordinates": [2.318952, 48.848919]}, "properties": {"id_parcelle": "75107000BG0030", "address": "22 RUE PIERRE LEROUX", "sales": 9, "median_price": 325000.0, "median_price_per_sqm": 11009.198412698413, "median_rooms": 1.0, "first_sale": "2021-02-18", "last_sale": "2025-11-07"}}, {"type": "Feature", "geometry": {"type": "Point", "coordinates": [2.31845, 48.850229]}, "properties": {"id_parcelle": "75107000BG0040", "address": "9 RUE OUDINOT", "sales": 9, "median_price": 340000.0, "median_price_per_sqm": 12065.217391304348, "median_rooms": 1.0, "first_sale": "2021-04-28", "last_sale": "2024-10-03"}}, {"type": "Feature", "geometry": {"type": "Point", "coordinates": [2.318783, 48.850897]}, "properties": {"id_parcelle": "75107000BF0038", "address": "52 RUE VANEAU", "sales": 9, "median_price": 1303000.0, "median_price_per_sqm": 14313.04347826087, "median_rooms": 0.0, "first_sale": "2024-01-24", "last_sale": "2024-10-29"}}, {"type": "Feature", "geometry": {"type": "Point", "coordinates": [2.324113, 48.852907]}, "properties": {"id_parcelle": "75107000AG0009", "address": "101 RUE DU BAC", "sales": 9, "median_price": 13400000.0, "median_price_per_sqm": 20164.772727272728, "median_rooms": 2.0, "first_sale": "2021-03-31", "last_sale": "2025-12-15"}}, {"type": "Feature", "geometry": {"type": "Point", "coordinates": [2.302685, 48.859459]}, "properties": {"id_parcelle": "75107000CJ0061", "address": "14 AV BOSQUET", "sales": 9, "median_price": 158750.0, "median_price_per_sqm": 5397.117942583732, "median_rooms": 1.0, "first_sale": "2021-11-20", "last_sale": "2021-11-20"}}, {"type": "Feature", "geometry": {"type": "Point", "coordinates": [2.316642, 48.856552]}, "properties": {"id_parcelle": "75107000AY0015", "address": "52 RUE DE BOURGOGNE", "sales": 9, "median_price": 2112000.0, "median_price_per_sqm": 16600.0, "median_rooms": 1.0, "first_sale": "2024-04-24", "last_sale": "2025-10-16"}}, {"type": "Feature", "geometry": {"type": "Point", "coordinates": [2.305465, 48.858958]}, "properties": {"id_parcelle": "75107000BZ0002", "address": "3 RUE CLER", "sales": 9, "median_price": 293000.0, "median_price_per_sqm": 10400.0, "median_rooms": 0.0, "first_sale": "2021-12-08", "last_sale": "2025-02-07"}}, {"type": "Feature", "geometry": {"type": "Point", "coordinates": [2.305518, 48.859121]}, "properties": {"id_parcelle": "75107000BZ0003", "address": "109 RUE ST DOMINIQUE", "sales": 9, "median_price": 750000.0, "median_price_per_sqm": 26281.25, "median_rooms": 0.0, "first_sale": "2024-12-16", "last_sale": "2025-12-23"}}, {"type": "Feature", "geometry": {"type": "Point", "coordinates": [2.328435, 48.853145]}, "properties": {"id_parcelle": "75107000AF0018", "address": "15 RUE DE GRENELLE", "sales": 9, "median_price": 7700000.0, "median_price_per_sqm": 26291.666666666668, "median_rooms": 0.0, "first_sale": "2023-07-28", "last_sale": "2025-11-07"}}, {"type": "Feature", "geometry": {"type": "Point", "coordinates": [2.326622, 48.853889]}, "properties": {"id_parcelle": "75107000AE0066", "address": "39 RUE DE GRENELLE", "sales": 9, "median_price": 1188350.0, "median_price_per_sqm": 15930.555555555555, "median_rooms": 3.0, "first_sale": "2021-12-28", "last_sale": "2025-09-08"}}, {"type": "Feature", "geometry": {"type": "Point", "coordinates": [2.301506, 48.860739]}, "properties": {"id_parcelle": "75107000CK0080", "address": "8 CITE DE L ALMA", "sales": 9, "median_price": 330000.0, "median_price_per_sqm": 15022.619047619048, "median_rooms": 0.0, "first_sale": "2021-07-15", "last_sale": "2025-03-26"}}, {"type": "Feature", "geometry": {"type": "Point", "coordinates": [2.297413, 48.859966]}, "properties": {"id_parcelle": "75107000CI0003", "address": "219 RUE DE L UNIVERSITE", "sales": 9, "median_price": 1880000.0, "median_price_per_sqm": 17000.57251908397, "median_rooms": 0.0, "first_sale": "2021-11-04", "last_sale": "2025-03-31"}}, {"type": "Feature", "geometry": {"type": "Point", "coordinates": [2.309316, 48.859244]}, "properties": {"id_parcelle": "75107000BZ0080", "address": "9 RUE DE LA COMETE", "sales": 9, "median_price": 574000.0, "median_price_per_sqm": 10493.055555555555, "median_rooms": 0.0, "first_sale": "2021-07-27", "last_sale": "2025-01-16"}}, {"type": "Feature", "geometry": {"type": "Point", "coordinates": [2.310875, 48.858314]}, "properties": {"id_parcelle": "75107000AV0020", "address": "146 RUE DE GRENELLE", "sales": 9, "median_price": 3415000.0, "median_price_per_sqm": 24049.295774647886, "median_rooms": 0.0, "first_sale": "2021-09-22", "last_sale": "2022-12-08"}}, {"type": "Feature", "geometry": {"type": "Point", "coordinates": [2.309645, 48.858411]}, "properties": {"id_parcelle": "75107000BZ0093", "address": "158 RUE DE GRENELLE", "sales": 9, "median_price": 2150000.0, "median_price_per_sqm": 11685.823754789271, "median_rooms": 0.0, "first_sale": "2021-12-16", "last_sale": "2022-04-13"}}, {"type": "Feature", "geometry": {"type": "Point", "coordinates": [2.298966, 48.859042]}, "properties": {"id_parcelle": "75107000CI0048", "address": "10 RUE DU GAL CAMOU", "sales": 9, "median_price": 847500.0, "median_price_per_sqm": 14253.907142857144, "median_rooms": 0.0, "first_sale": "2021-02-24", "last_sale": "2025-03-21"}}, {"type": "Feature", "geometry": {"type": "Point", "coordinates": [2.298243, 48.859153]}, "properties": {"id_parcelle": "75107000CI0055", "address": "25 AV DE LA BOURDONNAIS", "sales": 9, "median_price": 980000.0, "median_price_per_sqm": 17625.0, "median_rooms": 1.0, "first_sale": "2024-07-25", "last_sale": "2025-03-31"}}, {"type": "Feature", "geometry": {"type": "Point", "coordinates": [2.323489, 48.854423]}, "properties": {"id_parcelle": "75107000AL0028", "address": "94 RUE DU BAC", "sales": 9, "median_price": 1167000.0, "median_price_per_sqm": 12966.666666666666, "median_rooms": 0.0, "first_sale": "2021-02-02", "last_sale": "2025-10-03"}}, {"type": "Feature", "geometry": {"type": "Point", "coordinates": [2.325098, 48.855154]}, "properties": {"id_parcelle": "75107000AL0073", "address": "67 RUE DU BAC", "sales": 9, "median_price": 544000.0, "median_price_per_sqm": 17251.85185185185, "median_rooms": 1.0, "first_sale": "2022-10-11", "last_sale": "2025-11-06"}}, {"type": "Feature", "geometry": {"type": "Point", "coordinates": [2.303895, 48.857162]}, "properties": {"id_parcelle": "75107000CD0116", "address": "34 AV BOSQUET", "sales": 9, "median_price": 1950000.0, "median_price_per_sqm": 9755.244755244756, "median_rooms": 0.0, "first_sale": "2022-05-11", "last_sale": "2025-09-30"}}, {"type": "Feature", "geometry": {"type": "Point", "coordinates": [2.303507, 48.857606]}, "properties": {"id_parcelle": "75107000CD0111", "address": "26 AV BOSQUET", "sales": 9, "median_price": 990000.0, "median_price_per_sqm": 13378.378378378378, "median_rooms": 1.0, "first_sale": "2021-06-29", "last_sale": "2025-08-07"}}, {"type": "Feature", "geometry": {"type": "Point", "coordinates": [2.307971, 48.855291]}, "properties": {"id_parcelle": "75107000BX0033", "address": "24 RUE CHEVERT", "sales": 9, "median_price": 600000.0, "median_price_per_sqm": 17125.8064516129, "median_rooms": 1.0, "first_sale": "2021-06-29", "last_sale": "2025-09-12"}}, {"type": "Feature", "geometry": {"type": "Point", "coordinates": [2.309367, 48.855726]}, "properties": {"id_parcelle": "75107000BX0047", "address": "80 BD DE LA TOUR MAUBOURG", "sales": 9, "median_price": 857200.0, "median_price_per_sqm": 17755.102040816328, "median_rooms": 0.0, "first_sale": "2021-09-30", "last_sale": "2025-08-05"}}, {"type": "Feature", "geometry": {"type": "Point", "coordinates": [2.320095, 48.854451]}, "properties": {"id_parcelle": "75107000AK0004", "address": "3 RUE VANEAU", "sales": 9, "median_price": 110400.0, "median_price_per_sqm": 16791.217501585288, "median_rooms": 0.0, "first_sale": "2021-08-11", "last_sale": "2024-02-08"}}, {"type": "Feature", "geometry": {"type": "Point", "coordinates": [2.324757, 48.854357]}, "properties": {"id_parcelle": "75107000AL0120", "address": "83 RUE DU BAC", "sales": 9, "median_price": 5300000.0, "median_price_per_sqm": 31927.710843373494, "median_rooms": 2.0, "first_sale": "2021-02-23", "last_sale": "2023-06-26"}}, {"type": "Feature", "geometry": {"type": "Point", "coordinates": [2.324256, 48.854385]}, "properties": {"id_parcelle": "75107000AL0095", "address": "81 RUE DU BAC", "sales": 9, "median_price": 1180000.0, "median_price_per_sqm": 19037.67605633803, "median_rooms": 0.0, "first_sale": "2022-10-10", "last_sale": "2025-03-24"}}, {"type": "Feature", "geometry": {"type": "Point", "coordinates": [2.324675, 48.854008]}, "properties": {"id_parcelle": "75107000AL0098", "address": "28 RUE DE VARENNE", "sales": 9, "median_price": 640000.0, "median_price_per_sqm": 15656.586021505376, "median_rooms": 0.0, "first_sale": "2022-02-22", "last_sale": "2025-07-07"}}, {"type": "Feature", "geometry": {"type": "Point", "coordinates": [2.29913, 48.857952]}, "properties": {"id_parcelle": "75107000CH0017", "address": "36 AV DE LA BOURDONNAIS", "sales": 9, "median_price": 2070000.0, "median_price_per_sqm": 16289.573243243243, "median_rooms": 0.0, "first_sale": "2021-02-26", "last_sale": "2025-06-27"}}, {"type": "Feature", "geometry": {"type": "Point", "coordinates": [2.322915, 48.85437]}, "properties": {"id_parcelle": "75107000AL0027", "address": "44 RUE DE VARENNE", "sales": 9, "median_price": 1400000.0, "median_price_per_sqm": 27521.575342465752, "median_rooms": 0.0, "first_sale": "2022-12-16", "last_sale": "2025-10-09"}}, {"type": "Feature", "geometry": {"type": "Point", "coordinates": [2.299144, 48.857724]}, "properties": {"id_parcelle": "75107000CH0020", "address": "4 AV EMILE POUVILLON", "sales": 9, "median_price": 2350000.0, "median_price_per_sqm": 17054.263565891473, "median_rooms": 0.0, "first_sale": "2021-12-27", "last_sale": "2025-05-28"}}, {"type": "Feature", "geometry": {"type": "Point", "coordinates": [2.312403, 48.84839]}, "properties": {"id_parcelle": "75107000BJ0003", "address": "57 AV DE BRETEUIL", "sales": 9, "median_price": 550000.0, "median_price_per_sqm": 16666.666666666668, "median_rooms": 0.0, "first_sale": "2022-07-07", "last_sale": "2024-03-05"}}, {"type": "Feature", "geometry": {"type": "Point", "coordinates": [2.31276, 48.847786]}, "properties": {"id_parcelle": "75107000BJ0010", "address": "22 RUE DUROC", "sales": 9, "median_price": 853000.0, "median_price_per_sqm": 19865.76923076923, "median_rooms": 0.0, "first_sale": "2023-09-13", "last_sale": "2025-09-11"}}, {"type": "Feature", "geometry": {"type": "Point", "coordinates": [2.3214, 48.861324]}, "properties": {"id_parcelle": "75107000AP0011", "address": "84 RUE DE LILLE", "sales": 9, "median_price": 1511000.0, "median_price_per_sqm": 20350.985221674877, "median_rooms": 0.0, "first_sale": "2021-05-10", "last_sale": "2025-03-31"}}, {"type": "Feature", "geometry": {"type": "Point", "coordinates": [2.303168, 48.857017]}, "properties": {"id_parcelle": "75107000CD0092", "address": "30 RUE DE L EXPOSITION", "sales": 9, "median_price": 275000.0, "median_price_per_sqm": 11250.0, "median_rooms": 1.0, "first_sale": "2022-10-21", "last_sale": "2025-01-31"}}, {"type": "Feature", "geometry": {"type": "Point", "coordinates": [2.301545, 48.856287]}, "properties": {"id_parcelle": "75107000CE0011", "address": "9 AV EMILE DESCHANEL", "sales": 9, "median_price": 5250400.0, "median_price_per_sqm": 21606.584362139918, "median_rooms": 0.0, "first_sale": "2022-03-29", "last_sale": "2025-01-22"}}, {"type": "Feature", "geometry": {"type": "Point", "coordinates": [2.297008, 48.853932]}, "properties": {"id_parcelle": "75107000CF0005", "address": "6 RUE CHAMPFLEURY", "sales": 9, "median_price": 340000.0, "median_price_per_sqm": 15050.462962962964, "median_rooms": 0.0, "first_sale": "2021-05-17", "last_sale": "2025-12-23"}}, {"type": "Feature", "geometry": {"type": "Point", "coordinates": [2.326023, 48.852074]}, "properties": {"id_parcelle": "75107000AF0052", "address": "7 RUE CHOMEL", "sales": 9, "median_price": 1110000.0, "median_price_per_sqm": 7586.95652173913, "median_rooms": 0.0, "first_sale": "2022-06-30", "last_sale": "2025-05-26"}}, {"type": "Feature", "geometry": {"type": "Point", "coordinates": [2.319383, 48.851546]}, "properties": {"id_parcelle": "75107000AI0002", "address": "39 RUE DE BABYLONE", "sales": 9, "median_price": 870000.0, "median_price_per_sqm": 16111.111111111111, "median_rooms": 0.0, "first_sale": "2021-03-16", "last_sale": "2025-08-27"}}, {"type": "Feature", "geometry": {"type": "Point", "coordinates": [2.307254, 48.848416]}, "properties": {"id_parcelle": "75107000BO0014", "address": "1 RUE JOSE MARIA DE HEREDIA", "sales": 9, "median_price": 1700000.0, "median_price_per_sqm": 15389.29045973957, "median_rooms": 0.0, "first_sale": "2022-06-24", "last_sale": "2025-02-06"}}, {"type": "Feature", "geometry": {"type": "Point", "coordinates": [2.306045, 48.857875]}, "properties": {"id_parcelle": "75107000BZ0009", "address": "23 RUE CLER", "sales": 9, "median_price": 430000.0, "median_price_per_sqm": 11621.621621621622, "median_rooms": 0.0, "first_sale": "2021-06-29", "last_sale": "2025-09-25"}}, {"type": "Feature", "geometry": {"type": "Point", "coordinates": [2.318282, 48.849758]}, "properties": {"id_parcelle": "75107000BG0006", "address": "7 RUE ROUSSELET", "sales": 9, "median_price": 560000.0, "median_price_per_sqm": 12195.121951219513, "median_rooms": 1.0, "first_sale": "2022-03-30", "last_sale": "2025-08-08"}}, {"type": "Feature", "geometry": {"type": "Point", "coordinates": [2.318717, 48.848869]}, "properties": {"id_parcelle": "75107000BG0014", "address": "23 RUE ROUSSELET", "sales": 9, "median_price": 1920000.0, "median_price_per_sqm": 10818.181818181818, "median_rooms": 2.0, "first_sale": "2022-09-30", "last_sale": "2025-03-31"}}, {"type": "Feature", "geometry": {"type": "Point", "coordinates": [2.306568, 48.857147]}, "properties": {"id_parcelle": "75107000BY0055", "address": "35 RUE CLER", "sales": 9, "median_price": 295000.0, "median_price_per_sqm": 13409.09090909091, "median_rooms": 1.0, "first_sale": "2021-03-19", "last_sale": "2025-08-26"}}, {"type": "Feature", "geometry": {"type": "Point", "coordinates": [2.32928, 48.855067]}, "properties": {"id_parcelle": "75107000AD0041", "address": "202 BD SAINT GERMAIN", "sales": 9, "median_price": 3360000.0, "median_price_per_sqm": 24210.526315789473, "median_rooms": 1.0, "first_sale": "2022-06-01", "last_sale": "2024-06-13"}}, {"type": "Feature", "geometry": {"type": "Point", "coordinates": [2.292953, 48.856691]}, "properties": {"id_parcelle": "75107000CS0006", "address": "11 AV DE SUFFREN", "sales": 9, "median_price": 1900000.0, "median_price_per_sqm": 14074.074074074075, "median_rooms": 0.0, "first_sale": "2021-09-15", "last_sale": "2025-05-14"}}, {"type": "Feature", "geometry": {"type": "Point", "coordinates": [2.330546, 48.85801]}, "properties": {"id_parcelle": "75107000AC0022", "address": "19 RUE DE LILLE", "sales": 9, "median_price": 3300000.0, "median_price_per_sqm": 20625.0, "median_rooms": 2.0, "first_sale": "2021-11-17", "last_sale": "2025-07-16"}}, {"type": "Feature", "geometry": {"type": "Point", "coordinates": [2.307998, 48.853699]}, "properties": {"id_parcelle": "75107000BR0010", "address": "21 AV DE TOURVILLE", "sales": 8, "median_price": 1603925.0, "median_price_per_sqm": 17632.694586559737, "median_rooms": 0.5, "first_sale": "2023-07-24", "last_sale": "2025-10-03"}}, {"type": "Feature", "geometry": {"type": "Point", "coordinates": [2.307705, 48.853667]}, "properties": {"id_parcelle": "75107000BR0007", "address": "7 AV DUQUESNE", "sales": 8, "median_price": 330000.0, "median_price_per_sqm": 13200.0, "median_rooms": 0.0, "first_sale": "2021-08-09", "last_sale": "2025-07-24"}}, {"type": "Feature", "geometry": {"type": "Point", "coordinates": [2.301005, 48.858154]}, "properties": {"id_parcelle": "75107000CJ0015", "address": "120 RUE ST DOMINIQUE", "sales": 8, "median_price": 1030000.0, "median_price_per_sqm": 14107.142857142859, "median_rooms": 0.0, "first_sale": "2021-10-26", "last_sale": "2023-07-03"}}, {"type": "Feature", "geometry": {"type": "Point", "coordinates": [2.298567, 48.859209]}, "properties": {"id_parcelle": "75107000CI0052", "address": "11 RUE DE MONTTESSUY", "sales": 8, "median_price": 1432700.0, "median_price_per_sqm": 24540.51051051051, "median_rooms": 1.0, "first_sale": "2021-05-04", "last_sale": "2024-12-30"}}, {"type": "Feature", "geometry": {"type": "Point", "coordinates": [2.305703, 48.860163]}, "properties": {"id_parcelle": "75107000CK0075", "address": "18 RUE MALAR", "sales": 8, "median_price": 281416.0, "median_price_per_sqm": 12523.809523809523, "median_rooms": 1.0, "first_sale": "2021-10-25", "last_sale": "2025-12-23"}}, {"type": "Feature", "geometry": {"type": "Point", "coordinates": [2.301566, 48.860898]}, "properties": {"id_parcelle": "75107000CK0001", "address": "183 RUE DE L UNIVERSITE", "sales": 8, "median_price": 735000.0, "median_price_per_sqm": 13809.52380952381, "median_rooms": 1.0, "first_sale": "2021-02-11", "last_sale": "2024-12-20"}}, {"type": "Feature", "geometry": {"type": "Point", "coordinates": [2.302318, 48.859425]}, "properties": {"id_parcelle": "75107000CJ0058", "address": "7 RUE DUPONT DES LOGES", "sales": 8, "median_price": 500000.0, "median_price_per_sqm": 2463.054187192118, "median_rooms": 0.0, "first_sale": "2023-02-07", "last_sale": "2025-10-30"}}, {"type": "Feature", "geometry": {"type": "Point", "coordinates": [2.319408, 48.851422]}, "properties": {"id_parcelle": "75107000AI0003", "address": "45 RUE VANEAU", "sales": 8, "median_price": 1260900.0, "median_price_per_sqm": 11702.773109243697, "median_rooms": 0.0, "first_sale": "2022-04-15", "last_sale": "2025-07-18"}}, {"type": "Feature", "geometry": {"type": "Point", "coordinates": [2.316827, 48.856158]}, "properties": {"id_parcelle": "75107000AY0027", "address": "56 RUE DE BOURGOGNE", "sales": 8, "median_price": 1032557.5, "median_price_per_sqm": 11854.945054945056, "median_rooms": 0.5, "first_sale": "2021-09-06", "last_sale": "2025-04-14"}}, {"type": "Feature", "geometry": {"type": "Point", "coordinates": [2.30766, 48.856047]}, "properties": {"id_parcelle": "75107000BY0077", "address": "20 AV DE LA MOTTE PICQUET", "sales": 8, "median_price": 1375000.0, "median_price_per_sqm": 15221.518987341773, "median_rooms": 2.0, "first_sale": "2024-09-09", "last_sale": "2025-11-13"}}, {"type": "Feature", "geometry": {"type": "Point", "coordinates": [2.318311, 48.853383]}, "properties": {"id_parcelle": "75107000BD0013", "address": "4 RUE DE CHANALEILLES", "sales": 8, "median_price": 72500.0, "median_price_per_sqm": null, "median_rooms": 0.0, "first_sale": "2021-05-11", "last_sale": "2024-01-12"}}, {"type": "Feature", "geometry": {"type": "Point", "coordinates": [2.319363, 48.854156]}, "properties": {"id_parcelle": "75107000BD0020", "address": "12 RUE VANEAU", "sales": 8, "median_price": 1503500.0, "median_price_per_sqm": 48473.68421052631, "median_rooms": 1.5, "first_sale": "2021-06-01", "last_sale": "2022-05-30"}}, {"type": "Feature", "geometry": {"type": "Point", "coordinates": [2.317002, 48.853269]}, "properties": {"id_parcelle": "75107000BE0002", "address": "26 RUE BARBET DE JOUY", "sales": 8, "median_price": 6254000.0, "median_price_per_sqm": 23038.624338624337, "median_rooms": 0.0, "first_sale": "2023-01-04", "last_sale": "2025-05-27"}}, {"type": "Feature", "geometry": {"type": "Point", "coordinates": [2.322075, 48.857654]}, "properties": {"id_parcelle": "75107000AX0060", "address": "42 RUE DE BELLECHASSE", "sales": 8, "median_price": 1223800.0, "median_price_per_sqm": 16764.383561643837, "median_rooms": 2.0, "first_sale": "2021-11-29", "last_sale": "2024-04-30"}}, {"type": "Feature", "geometry": {"type": "Point", "coordinates": [2.319883, 48.858296]}, "properties": {"id_parcelle": "75107000AX0073", "address": "9 RUE CASIMIR PERIER", "sales": 8, "median_price": 1350000.0, "median_price_per_sqm": 48931.81228934405, "median_rooms": 0.0, "first_sale": "2021-04-09", "last_sale": "2024-01-04"}}, {"type": "Feature", "geometry": {"type": "Point", "coordinates": [2.320921, 48.858494]}, "properties": {"id_parcelle": "75107000AX0046", "address": "18 RUE LAS CASES", "sales": 8, "median_price": 1600000.0, "median_price_per_sqm": 29891.304347826088, "median_rooms": 0.0, "first_sale": "2022-10-05", "last_sale": "2025-02-12"}}, {"type": "Feature", "geometry": {"type": "Point", "coordinates": [2.309806, 48.849264]}, "properties": {"id_parcelle": "75107000BN0015", "address": "4 VLA DE SAXE", "sales": 8, "median_price": 590000.0, "median_price_per_sqm": 11777.777777777777, "median_rooms": 2.0, "first_sale": "2021-06-10", "last_sale": "2024-12-23"}}, {"type": "Feature", "geometry": {"type": "Point", "coordinates": [2.299973, 48.85845]}, "properties": {"id_parcelle": "75107000CJ0002", "address": "30 AV RAPP", "sales": 8, "median_price": 135550.0, "median_price_per_sqm": 1589.6928715874622, "median_rooms": 0.0, "first_sale": "2021-03-31", "last_sale": "2024-05-07"}}, {"type": "Feature", "geometry": {"type": "Point", "coordinates": [2.298768, 48.858869]}, "properties": {"id_parcelle": "75107000CI0049", "address": "12 RUE DU GAL CAMOU", "sales": 8, "median_price": 910250.0, "median_price_per_sqm": 14577.124935995904, "median_rooms": 0.0, "first_sale": "2021-11-08", "last_sale": "2025-03-20"}}, {"type": "Feature", "geometry": {"type": "Point", "coordinates": [2.300374, 48.860149]}, "properties": {"id_parcelle": "75107000CI0030", "address": "1 AV FRANCO RUSSE", "sales": 8, "median_price": 1385000.0, "median_price_per_sqm": 12395.483389324374, "median_rooms": 1.5, "first_sale": "2021-07-02", "last_sale": "2024-04-08"}}, {"type": "Feature", "geometry": {"type": "Point", "coordinates": [2.299375, 48.859797]}, "properties": {"id_parcelle": "75107000CI0021", "address": "12 RUE DE MONTTESSUY", "sales": 8, "median_price": 1359500.0, "median_price_per_sqm": 14310.526315789473, "median_rooms": 0.0, "first_sale": "2021-11-16", "last_sale": "2025-10-23"}}, {"type": "Feature", "geometry": {"type": "Point", "coordinates": [2.320177, 48.854596]}, "properties": {"id_parcelle": "75107000AK0003", "address": "1 RUE VANEAU", "sales": 8, "median_price": 899000.0, "median_price_per_sqm": 12842.857142857143, "median_rooms": 1.0, "first_sale": "2021-12-23", "last_sale": "2025-12-02"}}, {"type": "Feature", "geometry": {"type": "Point", "coordinates": [2.323242, 48.851335]}, "properties": {"id_parcelle": "75107000AI0017", "address": "134 RUE DU BAC", "sales": 8, "median_price": 755095.0, "median_price_per_sqm": 15095.238095238095, "median_rooms": 0.5, "first_sale": "2021-02-19", "last_sale": "2025-09-15"}}, {"type": "Feature", "geometry": {"type": "Point", "coordinates": [2.320157, 48.855056]}, "properties": {"id_parcelle": "75107000AL0009", "address": "57 RUE DE BELLECHASSE", "sales": 8, "median_price": 2235000.0, "median_price_per_sqm": 15964.285714285714, "median_rooms": 0.0, "first_sale": "2021-05-26", "last_sale": "2025-11-06"}}, {"type": "Feature", "geometry": {"type": "Point", "coordinates": [2.323312, 48.855932]}, "properties": {"id_parcelle": "75107000AM0014", "address": "94 RUE DE GRENELLE", "sales": 8, "median_price": 89500.0, "median_price_per_sqm": 8773.546273546273, "median_rooms": 0.0, "first_sale": "2021-03-24", "last_sale": "2023-12-21"}}, {"type": "Feature", "geometry": {"type": "Point", "coordinates": [2.297342, 48.858937]}, "properties": {"id_parcelle": "75107000CH0002", "address": "3 AV SILVESTRE DE SACY", "sales": 8, "median_price": 2200000.0, "median_price_per_sqm": 12359.550561797752, "median_rooms": 0.0, "first_sale": "2023-05-02", "last_sale": "2025-09-30"}}, {"type": "Feature", "geometry": {"type": "Point", "coordinates": [2.297952, 48.858699]}, "properties": {"id_parcelle": "75107000CH0005", "address": "24 AV DE LA BOURDONNAIS", "sales": 8, "median_price": 2836538.0, "median_price_per_sqm": 85074.18537151703, "median_rooms": 0.0, "first_sale": "2022-09-28", "last_sale": "2023-09-06"}}, {"type": "Feature", "geometry": {"type": "Point", "coordinates": [2.311451, 48.851251]}, "properties": {"id_parcelle": "75107000BM0003", "address": "28 AV DE BRETEUIL", "sales": 8, "median_price": 561750.0, "median_price_per_sqm": 13266.968325791855, "median_rooms": 0.0, "first_sale": "2021-12-07", "last_sale": "2024-02-09"}}, {"type": "Feature", "geometry": {"type": "Point", "coordinates": [2.304267, 48.855355]}, "properties": {"id_parcelle": "75107000BW0085", "address": "105 AV DE LA BOURDONNAIS", "sales": 8, "median_price": 1357500.0, "median_price_per_sqm": 13836.566541510221, "median_rooms": 0.0, "first_sale": "2021-09-30", "last_sale": "2025-12-08"}}, {"type": "Feature", "geometry": {"type": "Point", "coordinates": [2.306563, 48.856007]}, "properties": {"id_parcelle": "75107000BW0057", "address": "1 RUE BOSQUET", "sales": 8, "median_price": 342500.0, "median_price_per_sqm": 8571.42857142857, "median_rooms": 0.0, "first_sale": "2023-10-18", "last_sale": "2025-12-23"}}, {"type": "Feature", "geometry": {"type": "Point", "coordinates": [2.305672, 48.855387]}, "properties": {"id_parcelle": "75107000BW0062", "address": "79 AV BOSQUET", "sales": 8, "median_price": 1615500.0, "median_price_per_sqm": 15975.0, "median_rooms": 1.0, "first_sale": "2021-01-25", "last_sale": "2023-04-14"}}, {"type": "Feature", "geometry": {"type": "Point", "coordinates": [2.305281, 48.855924]}, "properties": {"id_parcelle": "75107000BW0039", "address": "69 AV BOSQUET", "sales": 8, "median_price": 1040000.0, "median_price_per_sqm": 14505.128205128205, "median_rooms": 0.0, "first_sale": "2022-09-07", "last_sale": "2024-10-23"}}, {"type": "Feature", "geometry": {"type": "Point", "coordinates": [2.301749, 48.856151]}, "properties": {"id_parcelle": "75107000CE0012", "address": "11 AV EMILE DESCHANEL", "sales": 8, "median_price": 400000.0, "median_price_per_sqm": 16000.0, "median_rooms": 0.0, "first_sale": "2022-07-05", "last_sale": "2023-12-19"}}, {"type": "Feature", "geometry": {"type": "Point", "coordinates": [2.326627, 48.857385]}, "properties": {"id_parcelle": "75107000AN0031", "address": "3 IMP DE VALMY", "sales": 8, "median_price": 1633000.0, "median_price_per_sqm": 18327.272727272728, "median_rooms": 0.0, "first_sale": "2021-05-26", "last_sale": "2025-07-18"}}, {"type": "Feature", "geometry": {"type": "Point", "coordinates": [2.314284, 48.846418]}, "properties": {"id_parcelle": "75107000BI0025", "address": "29 RUE DU GAL BERTRAND", "sales": 8, "median_price": 533100.0, "median_price_per_sqm": 12903.225806451614, "median_rooms": 2.0, "first_sale": "2021-08-24", "last_sale": "2025-03-31"}}, {"type": "Feature", "geometry": {"type": "Point", "coordinates": [2.31166, 48.852713]}, "properties": {"id_parcelle": "75107000BL0005", "address": "6 AV DE BRETEUIL", "sales": 8, "median_price": 157000.0, "median_price_per_sqm": 18633.720930232557, "median_rooms": 0.0, "first_sale": "2021-12-09", "last_sale": "2022-07-25"}}, {"type": "Feature", "geometry": {"type": "Point", "coordinates": [2.312529, 48.849307]}, "properties": {"id_parcelle": "75107000BK0035", "address": "35 AV DE BRETEUIL", "sales": 8, "median_price": 2161850.0, "median_price_per_sqm": 19344.598214285714, "median_rooms": 0.0, "first_sale": "2022-08-31", "last_sale": "2024-09-30"}}, {"type": "Feature", "geometry": {"type": "Point", "coordinates": [2.328262, 48.858498]}, "properties": {"id_parcelle": "75107000AO0006", "address": "14 RUE DU BAC", "sales": 8, "median_price": 1948100.0, "median_price_per_sqm": 26715.736842105263, "median_rooms": 0.5, "first_sale": "2021-12-14", "last_sale": "2024-08-02"}}, {"type": "Feature", "geometry": {"type": "Point", "coordinates": [2.312481, 48.848532]}, "properties": {"id_parcelle": "75107000BJ0002", "address": "55 AV DE BRETEUIL", "sales": 8, "median_price": 3326100.0, "median_price_per_sqm": 19722.222222222223, "median_rooms": 0.0, "first_sale": "2022-07-12", "last_sale": "2023-08-31"}}, {"type": "Feature", "geometry": {"type": "Point", "coordinates": [2.317053, 48.858553]}, "properties": {"id_parcelle": "75107000AW0041", "address": "140 RUE DE GRENELLE", "sales": 8, "median_price": 10538461.5, "median_price_per_sqm": 31693.891250839115, "median_rooms": 1.5, "first_sale": "2022-07-11", "last_sale": "2025-07-02"}}, {"type": "Feature", "geometry": {"type": "Point", "coordinates": [2.309488, 48.858614]}, "properties": {"id_parcelle": "75107000BZ0075", "address": "19 RUE DE LA COMETE", "sales": 8, "median_price": 320000.0, "median_price_per_sqm": 14000.0, "median_rooms": 1.5, "first_sale": "2021-01-27", "last_sale": "2025-10-13"}}, {"type": "Feature", "geometry": {"type": "Point", "coordinates": [2.309395, 48.858871]}, "properties": {"id_parcelle": "75107000BZ0077", "address": "15 RUE DE LA COMETE", "sales": 8, "median_price": 1672400.0, "median_price_per_sqm": 14565.52278037383, "median_rooms": 0.0, "first_sale": "2021-08-02", "last_sale": "2025-07-18"}}, {"type": "Feature", "geometry": {"type": "Point", "coordinates": [2.307531, 48.859528]}, "properties": {"id_parcelle": "75107000BZ0041", "address": "91 RUE ST DOMINIQUE", "sales": 8, "median_price": 1244224.0, "median_price_per_sqm": 14301.425287356322, "median_rooms": 0.0, "first_sale": "2023-05-10", "last_sale": "2025-10-30"}}, {"type": "Feature", "geometry": {"type": "Point", "coordinates": [2.306872, 48.858206]}, "properties": {"id_parcelle": "75107000BZ0012", "address": "176 RUE DE GRENELLE", "sales": 8, "median_price": 400000.0, "median_price_per_sqm": 12000.0, "median_rooms": 0.5, "first_sale": "2021-04-26", "last_sale": "2025-07-08"}}, {"type": "Feature", "geometry": {"type": "Point", "coordinates": [2.3088, 48.857822]}, "properties": {"id_parcelle": "75107000BY0154", "address": "1 SQ DE LA TOUR MAUBOURG", "sales": 8, "median_price": 4980000.0, "median_price_per_sqm": 42931.03448275862, "median_rooms": 1.5, "first_sale": "2021-09-16", "last_sale": "2024-05-06"}}, {"type": "Feature", "geometry": {"type": "Point", "coordinates": [2.307392, 48.858297]}, "properties": {"id_parcelle": "75107000BZ0025", "address": "18 RUE AMELIE", "sales": 8, "median_price": 693439.0, "median_price_per_sqm": 17756.651515151516, "median_rooms": 0.5, "first_sale": "2021-08-03", "last_sale": "2023-03-09"}}, {"type": "Feature", "geometry": {"type": "Point", "coordinates": [2.307712, 48.858894]}, "properties": {"id_parcelle": "75107000BZ0035", "address": "11 RUE AMELIE", "sales": 8, "median_price": 364500.0, "median_price_per_sqm": 11783.571428571428, "median_rooms": 1.0, "first_sale": "2021-02-10", "last_sale": "2025-06-13"}}, {"type": "Feature", "geometry": {"type": "Point", "coordinates": [2.306916, 48.859328]}, "properties": {"id_parcelle": "75107000BZ0016", "address": "99 RUE ST DOMINIQUE", "sales": 8, "median_price": 485000.0, "median_price_per_sqm": 14517.361111111111, "median_rooms": 0.5, "first_sale": "2021-11-04", "last_sale": "2023-10-16"}}, {"type": "Feature", "geometry": {"type": "Point", "coordinates": [2.305375, 48.859095]}, "properties": {"id_parcelle": "75107000BZ0001", "address": "1 RUE CLER", "sales": 8, "median_price": 3250000.0, "median_price_per_sqm": 24865.90485074627, "median_rooms": 0.0, "first_sale": "2023-03-08", "last_sale": "2025-11-14"}}, {"type": "Feature", "geometry": {"type": "Point", "coordinates": [2.304188, 48.85591]}, "properties": {"id_parcelle": "75107000BW0096", "address": "29 RUE DU CHAMP DE MARS", "sales": 8, "median_price": 335574.7, "median_price_per_sqm": 12250.0, "median_rooms": 0.5, "first_sale": "2022-01-26", "last_sale": "2025-09-25"}}, {"type": "Feature", "geometry": {"type": "Point", "coordinates": [2.317775, 48.847556]}, "properties": {"id_parcelle": "75107000BI0047", "address": "80 RUE DE SEVRES", "sales": 8, "median_price": 1095000.0, "median_price_per_sqm": 13192.5, "median_rooms": 0.0, "first_sale": "2022-10-17", "last_sale": "2025-06-05"}}, {"type": "Feature", "geometry": {"type": "Point", "coordinates": [2.307929, 48.855429]}, "properties": {"id_parcelle": "75107000BX0004", "address": "21 AV DE LA MOTTE PICQUET", "sales": 8, "median_price": 712000.0, "median_price_per_sqm": 13750.0, "median_rooms": 2.0, "first_sale": "2021-05-05", "last_sale": "2024-04-02"}}, {"type": "Feature", "geometry": {"type": "Point", "coordinates": [2.30747, 48.855075]}, "properties": {"id_parcelle": "75107000BX0008", "address": "27 AV DE LA MOTTE PICQUET", "sales": 8, "median_price": 497820.5, "median_price_per_sqm": 13593.75, "median_rooms": 2.0, "first_sale": "2021-04-08", "last_sale": "2025-04-10"}}, {"type": "Feature", "geometry": {"type": "Point", "coordinates": [2.324935, 48.859562]}, "properties": {"id_parcelle": "75107000AO0047", "address": "75 RUE DE LILLE", "sales": 8, "median_price": 47950000.0, "median_price_per_sqm": 479500.0, "median_rooms": 1.0, "first_sale": "2022-09-29", "last_sale": "2022-09-29"}}, {"type": "Feature", "geometry": {"type": "Point", "coordinates": [2.319996, 48.848767]}, "properties": {"id_parcelle": "75107000BG0065", "address": "82 RUE VANEAU", "sales": 8, "median_price": 1140000.0, "median_price_per_sqm": 14408.602150537634, "median_rooms": 0.0, "first_sale": "2021-07-21", "last_sale": "2024-12-09"}}, {"type": "Feature", "geometry": {"type": "Point", "coordinates": [2.303209, 48.856739]}, "properties": {"id_parcelle": "75107000CD0056", "address": "21 RUE DU GROS CAILLOU", "sales": 8, "median_price": 713500.0, "median_price_per_sqm": 14380.952380952382, "median_rooms": 1.0, "first_sale": "2022-06-07", "last_sale": "2024-05-16"}}, {"type": "Feature", "geometry": {"type": "Point", "coordinates": [2.317567, 48.860416]}, "properties": {"id_parcelle": "75107000AR0018", "address": "6 PL DU PALAIS BOURBON", "sales": 8, "median_price": 1620000.0, "median_price_per_sqm": 18013.777777777777, "median_rooms": 1.5, "first_sale": "2022-09-19", "last_sale": "2025-04-16"}}, {"type": "Feature", "geometry": {"type": "Point", "coordinates": [2.323916, 48.859992]}, "properties": {"id_parcelle": "75107000AQ0018", "address": "83 RUE DE LILLE", "sales": 8, "median_price": 1747500.0, "median_price_per_sqm": 24045.454545454544, "median_rooms": 0.0, "first_sale": "2021-03-24", "last_sale": "2022-12-20"}}, {"type": "Feature", "geometry": {"type": "Point", "coordinates": [2.324985, 48.859038]}, "properties": {"id_parcelle": "75107000AO0031", "address": "74 RUE DE L UNIVERSITE", "sales": 8, "median_price": 2367300.0, "median_price_per_sqm": 15627.368421052632, "median_rooms": 1.0, "first_sale": "2021-12-02", "last_sale": "2024-03-28"}}, {"type": "Feature", "geometry": {"type": "Point", "coordinates": [2.302927, 48.857273]}, "properties": {"id_parcelle": "75107000CD0062", "address": "24 RUE DE L EXPOSITION", "sales": 8, "median_price": 530000.0, "median_price_per_sqm": 12183.333333333332, "median_rooms": 1.0, "first_sale": "2022-06-07", "last_sale": "2025-08-22"}}, {"type": "Feature", "geometry": {"type": "Point", "coordinates": [2.311043, 48.859625]}, "properties": {"id_parcelle": "75107000AV0030", "address": "36 RUE FABERT", "sales": 8, "median_price": 355000.0, "median_price_per_sqm": 13750.0, "median_rooms": 1.0, "first_sale": "2022-09-02", "last_sale": "2025-10-02"}}, {"type": "Feature", "geometry": {"type": "Point", "coordinates": [2.307684, 48.848271]}, "properties": {"id_parcelle": "75107000BO0010", "address": "10 RUE ALBERT DE LAPPARENT", "sales": 8, "median_price": 1192500.0, "median_price_per_sqm": 15332.463884430177, "median_rooms": 0.0, "first_sale": "2021-11-02", "last_sale": "2025-12-05"}}, {"type": "Feature", "geometry": {"type": "Point", "coordinates": [2.308152, 48.853317]}, "properties": {"id_parcelle": "75107000BR0014", "address": "15 AV DUQUESNE", "sales": 8, "median_price": 425000.0, "median_price_per_sqm": 14482.758620689656, "median_rooms": 2.0, "first_sale": "2021-02-09", "last_sale": "2025-12-29"}}, {"type": "Feature", "geometry": {"type": "Point", "coordinates": [2.309862, 48.848028]}, "properties": {"id_parcelle": "75107000BO0055", "address": "48 AV DE SAXE", "sales": 8, "median_price": 2049566.0, "median_price_per_sqm": 17086.355498721226, "median_rooms": 0.0, "first_sale": "2021-05-10", "last_sale": "2024-06-11"}}, {"type": "Feature", "geometry": {"type": "Point", "coordinates": [2.306419, 48.859678]}, "properties": {"id_parcelle": "75107000CL0011", "address": "37 RUE MALAR", "sales": 8, "median_price": 300000.0, "median_price_per_sqm": 11538.461538461539, "median_rooms": 1.0, "first_sale": "2021-12-10", "last_sale": "2025-12-01"}}, {"type": "Feature", "geometry": {"type": "Point", "coordinates": [2.309175, 48.860395]}, "properties": {"id_parcelle": "75107000CL0053", "address": "24 RUE SURCOUF", "sales": 8, "median_price": 495150.0, "median_price_per_sqm": 14566.497695852533, "median_rooms": 1.0, "first_sale": "2021-08-23", "last_sale": "2023-11-23"}}, {"type": "Feature", "geometry": {"type": "Point", "coordinates": [2.326868, 48.855308]}, "properties": {"id_parcelle": "75107000AE0001", "address": "199 BD SAINT GERMAIN", "sales": 8, "median_price": 11510000.0, "median_price_per_sqm": 45205.479452054795, "median_rooms": 0.0, "first_sale": "2023-11-30", "last_sale": "2025-12-10"}}, {"type": "Feature", "geometry": {"type": "Point", "coordinates": [2.300519, 48.852593]}, "properties": {"id_parcelle": "75107000BU0008", "address": "3 AV EMILE ACOLLAS", "sales": 8, "median_price": 2808550.0, "median_price_per_sqm": 14838.721804511279, "median_rooms": 0.0, "first_sale": "2021-04-28", "last_sale": "2024-02-22"}}, {"type": "Feature", "geometry": {"type": "Point", "coordinates": [2.309184, 48.853724]}, "properties": {"id_parcelle": "75107000BR0023", "address": "98 BD DE LA TOUR MAUBOURG", "sales": 8, "median_price": 2272547.5, "median_price_per_sqm": 20938.94894688645, "median_rooms": 0.0, "first_sale": "2022-03-10", "last_sale": "2024-07-10"}}, {"type": "Feature", "geometry": {"type": "Point", "coordinates": [2.309583, 48.852576]}, "properties": {"id_parcelle": "75107000BR0036", "address": "27 AV DUQUESNE", "sales": 8, "median_price": 836500.0, "median_price_per_sqm": 11179.973262032086, "median_rooms": 1.5, "first_sale": "2021-12-14", "last_sale": "2023-11-28"}}, {"type": "Feature", "geometry": {"type": "Point", "coordinates": [2.307766, 48.860437]}, "properties": {"id_parcelle": "75107000CL0033", "address": "11 RUE JEAN NICOT", "sales": 8, "median_price": 965000.0, "median_price_per_sqm": 16744.18604651163, "median_rooms": 0.0, "first_sale": "2021-08-31", "last_sale": "2023-11-08"}}, {"type": "Feature", "geometry": {"type": "Point", "coordinates": [2.30859, 48.86006]}, "properties": {"id_parcelle": "75107000CL0042", "address": "64 RUE ST DOMINIQUE", "sales": 8, "median_price": 495000.0, "median_price_per_sqm": 14482.758620689656, "median_rooms": 1.0, "first_sale": "2021-12-03", "last_sale": "2024-12-13"}}, {"type": "Feature", "geometry": {"type": "Point", "coordinates": [2.309173, 48.856215]}, "properties": {"id_parcelle": "75107000BY0136", "address": "6 RUE CHEVERT", "sales": 8, "median_price": 612500.0, "median_price_per_sqm": 15721.429801894918, "median_rooms": 0.5, "first_sale": "2021-06-01", "last_sale": "2025-05-05"}}, {"type": "Feature", "geometry": {"type": "Point", "coordinates": [2.307751, 48.857278]}, "properties": {"id_parcelle": "75107000BY0099", "address": "3 RUE ERNEST PSICHARI", "sales": 8, "median_price": 83500.0, "median_price_per_sqm": 12997.150997150997, "median_rooms": 0.0, "first_sale": "2021-03-16", "last_sale": "2025-12-18"}}, {"type": "Feature", "geometry": {"type": "Point", "coordinates": [2.308353, 48.856669]}, "properties": {"id_parcelle": "75107000BY0109", "address": "16 AV DE LA MOTTE PICQUET", "sales": 8, "median_price": 720000.0, "median_price_per_sqm": 13656.761673741661, "median_rooms": 1.5, "first_sale": "2021-02-18", "last_sale": "2023-10-09"}}, {"type": "Feature", "geometry": {"type": "Point", "coordinates": [2.318619, 48.851878]}, "properties": {"id_parcelle": "75107000BE0038", "address": "44 RUE DE BABYLONE", "sales": 8, "median_price": 947500.0, "median_price_per_sqm": 13775.079365079366, "median_rooms": 1.0, "first_sale": "2022-01-14", "last_sale": "2025-11-07"}}, {"type": "Feature", "geometry": {"type": "Point", "coordinates": [2.318498, 48.852041]}, "properties": {"id_parcelle": "75107000BE0035", "address": "38 RUE VANEAU", "sales": 8, "median_price": 995000.0, "median_price_per_sqm": 16440.035132545512, "median_rooms": 0.5, "first_sale": "2021-10-27", "last_sale": "2024-10-11"}}, {"type": "Feature", "geometry": {"type": "Point", "coordinates": [2.331008, 48.857675]}, "properties": {"id_parcelle": "75107000AC0027", "address": "20 RUE DE VERNEUIL", "sales": 8, "median_price": 1200000.0, "median_price_per_sqm": 20253.968253968254, "median_rooms": 1.0, "first_sale": "2022-07-21", "last_sale": "2025-07-15"}}, {"type": "Feature", "geometry": {"type": "Point", "coordinates": [2.32983, 48.858126]}, "properties": {"id_parcelle": "75107000AC0017", "address": "25 RUE DE LILLE", "sales": 8, "median_price": 675989.125, "median_price_per_sqm": 16888.398486759143, "median_rooms": 2.0, "first_sale": "2022-09-23", "last_sale": "2025-07-25"}}, {"type": "Feature", "geometry": {"type": "Point", "coordinates": [2.309533, 48.862042]}, "properties": {"id_parcelle": "75107000CM0029", "address": "47 QUAI D ORSAY", "sales": 8, "median_price": 1130000.0, "median_price_per_sqm": 14579.579579579578, "median_rooms": 0.5, "first_sale": "2021-01-12", "last_sale": "2024-12-30"}}, {"type": "Feature", "geometry": {"type": "Point", "coordinates": [2.29567, 48.860097]}, "properties": {"id_parcelle": "75107000CQ0006", "address": "4 AV DE LA BOURDONNAIS", "sales": 8, "median_price": 182500.0, "median_price_per_sqm": 11694.757213230121, "median_rooms": 0.0, "first_sale": "2021-07-30", "last_sale": "2024-12-16"}}, {"type": "Feature", "geometry": {"type": "Point", "coordinates": [2.302714, 48.862028]}, "properties": {"id_parcelle": "75107000CN0003", "address": "89 QUAI D ORSAY", "sales": 8, "median_price": 5204475.0, "median_price_per_sqm": 23785.78131459281, "median_rooms": 0.0, "first_sale": "2022-11-21", "last_sale": "2023-04-26"}}, {"type": "Feature", "geometry": {"type": "Point", "coordinates": [2.308032, 48.861339]}, "properties": {"id_parcelle": "75107000CM0035", "address": "6 AV SULLY-PRUDHOMME", "sales": 8, "median_price": 2500000.0, "median_price_per_sqm": 13038.243420754632, "median_rooms": 0.0, "first_sale": "2021-06-23", "last_sale": "2025-03-06"}}, {"type": "Feature", "geometry": {"type": "Point", "coordinates": [2.309998, 48.861263]}, "properties": {"id_parcelle": "75107000CM0024", "address": "18 BD DE LA TOUR MAUBOURG", "sales": 8, "median_price": 1952286.0, "median_price_per_sqm": 16258.371049990785, "median_rooms": 0.0, "first_sale": "2021-02-25", "last_sale": "2024-04-29"}}, {"type": "Feature", "geometry": {"type": "Point", "coordinates": [2.309626, 48.861309]}, "properties": {"id_parcelle": "75107000CM0025", "address": "146 RUE DE L UNIVERSITE", "sales": 8, "median_price": 2880000.0, "median_price_per_sqm": 36307.60610729794, "median_rooms": 0.0, "first_sale": "2023-10-26", "last_sale": "2024-05-30"}}, {"type": "Feature", "geometry": {"type": "Point", "coordinates": [2.306525, 48.861396]}, "properties": {"id_parcelle": "75107000CM0041", "address": "8 RUE JEAN NICOT", "sales": 7, "median_price": 2300000.0, "median_price_per_sqm": 14649.68152866242, "median_rooms": 5.0, "first_sale": "2021-05-28", "last_sale": "2021-12-29"}}, {"type": "Feature", "geometry": {"type": "Point", "coordinates": [2.306371, 48.86147]}, "properties": {"id_parcelle": "75107000CM0044", "address": "5 RUE DU COLONEL COMBES", "sales": 7, "median_price": 2500000.0, "median_price_per_sqm": 19083.969465648854, "median_rooms": 0.0, "first_sale": "2021-05-05", "last_sale": "2025-07-08"}}, {"type": "Feature", "geometry": {"type": "Point", "coordinates": [2.306328, 48.861814]}, "properties": {"id_parcelle": "75107000CM0006", "address": "2 RUE DU COLONEL COMBES", "sales": 7, "median_price": 1233045.9, "median_price_per_sqm": 19500.33854489164, "median_rooms": 0.0, "first_sale": "2024-01-02", "last_sale": "2024-02-26"}}, {"type": "Feature", "geometry": {"type": "Point", "coordinates": [2.309956, 48.861631]}, "properties": {"id_parcelle": "75107000CM0021", "address": "10 BD DE LA TOUR MAUBOURG", "sales": 7, "median_price": 1720500.0, "median_price_per_sqm": 13830.55152394775, "median_rooms": 0.0, "first_sale": "2021-10-08", "last_sale": "2023-07-10"}}, {"type": "Feature", "geometry": {"type": "Point", "coordinates": [2.296393, 48.860415]}, "properties": {"id_parcelle": "75107000CP0005", "address": "5 AV DE LA BOURDONNAIS", "sales": 7, "median_price": 2395000.0, "median_price_per_sqm": 16681.81818181818, "median_rooms": 0.0, "first_sale": "2022-01-13", "last_sale": "2025-02-11"}}, {"type": "Feature", "geometry": {"type": "Point", "coordinates": [2.329678, 48.858187]}, "properties": {"id_parcelle": "75107000AC0099", "address": "19 RUE DE BEAUNE", "sales": 7, "median_price": 280250.0, "median_price_per_sqm": 14775.0, "median_rooms": 1.0, "first_sale": "2021-12-06", "last_sale": "2023-10-18"}}, {"type": "Feature", "geometry": {"type": "Point", "coordinates": [2.308192, 48.856428]}, "properties": {"id_parcelle": "75107000BY0096", "address": "18 AV DE LA MOTTE PICQUET", "sales": 7, "median_price": 1636600.0, "median_price_per_sqm": 15002.573099415204, "median_rooms": 0.0, "first_sale": "2021-04-14", "last_sale": "2025-03-19"}}, {"type": "Feature", "geometry": {"type": "Point", "coordinates": [2.327188, 48.853743]}, "properties": {"id_parcelle": "75107000AE0055", "address": "4 RUE DE LA CHAISE", "sales": 7, "median_price": 556250.0, "median_price_per_sqm": 13804.347826086956, "median_rooms": 2.0, "first_sale": "2021-06-18", "last_sale": "2025-06-02"}}, {"type": "Feature", "geometry": {"type": "Point", "coordinates": [2.304951, 48.861517]}, "properties": {"id_parcelle": "75107000CN0016", "address": "3 RUE COGNACQ JAY", "sales": 7, "median_price": 2451923.0, "median_price_per_sqm": 13254.054054054053, "median_rooms": 0.0, "first_sale": "2023-10-11", "last_sale": "2025-07-28"}}, {"type": "Feature", "geometry": {"type": "Point", "coordinates": [2.331309, 48.857786]}, "properties": {"id_parcelle": "75107000AC0030", "address": "11 RUE DE LILLE", "sales": 7, "median_price": 960000.0, "median_price_per_sqm": 15588.131009615385, "median_rooms": 3.0, "first_sale": "2021-10-01", "last_sale": "2024-06-11"}}, {"type": "Feature", "geometry": {"type": "Point", "coordinates": [2.302091, 48.86084]}, "properties": {"id_parcelle": "75107000CK0083", "address": "2 CITE DE L ALMA", "sales": 7, "median_price": 2577000.0, "median_price_per_sqm": 13957.700366684126, "median_rooms": 0.0, "first_sale": "2021-06-17", "last_sale": "2023-10-25"}}, {"type": "Feature", "geometry": {"type": "Point", "coordinates": [2.30406, 48.860351]}, "properties": {"id_parcelle": "75107000CK0097", "address": "159 RUE DE L UNIVERSITE", "sales": 7, "median_price": 57300.0, "median_price_per_sqm": 20192.30769230769, "median_rooms": 0.0, "first_sale": "2021-12-28", "last_sale": "2025-08-06"}}, {"type": "Feature", "geometry": {"type": "Point", "coordinates": [2.301934, 48.857819]}, "properties": {"id_parcelle": "75107000CD0071", "address": "3 RUE AUGEREAU", "sales": 7, "median_price": 260000.0, "median_price_per_sqm": 11591.278409090908, "median_rooms": 1.0, "first_sale": "2022-03-04", "last_sale": "2025-11-20"}}, {"type": "Feature", "geometry": {"type": "Point", "coordinates": [2.302756, 48.85763]}, "properties": {"id_parcelle": "75107000CD0086", "address": "16 RUE DE L EXPOSITION", "sales": 7, "median_price": 259200.0, "median_price_per_sqm": 12391.666666666668, "median_rooms": 1.0, "first_sale": "2021-02-18", "last_sale": "2025-12-23"}}, {"type": "Feature", "geometry": {"type": "Point", "coordinates": [2.319434, 48.849337]}, "properties": {"id_parcelle": "75107000BG0053", "address": "13 RUE PIERRE LEROUX", "sales": 7, "median_price": 900000.0, "median_price_per_sqm": 14030.76923076923, "median_rooms": 3.0, "first_sale": "2021-12-03", "last_sale": "2025-10-15"}}, {"type": "Feature", "geometry": {"type": "Point", "coordinates": [2.319176, 48.849412]}, "properties": {"id_parcelle": "75107000BG0052", "address": "7 RUE D OLIVET", "sales": 7, "median_price": 418000.0, "median_price_per_sqm": 12514.774774774774, "median_rooms": 2.0, "first_sale": "2021-07-19", "last_sale": "2022-04-29"}}, {"type": "Feature", "geometry": {"type": "Point", "coordinates": [2.302, 48.85695]}, "properties": {"id_parcelle": "75107000CD0027", "address": "16 RUE AUGEREAU", "sales": 7, "median_price": 745000.0, "median_price_per_sqm": 12782.258064516129, "median_rooms": 0.0, "first_sale": "2022-03-31", "last_sale": "2025-11-05"}}, {"type": "Feature", "geometry": {"type": "Point", "coordinates": [2.309843, 48.860106]}, "properties": {"id_parcelle": "75107000CL0061", "address": "31 RUE SURCOUF", "sales": 7, "median_price": 615000.0, "median_price_per_sqm": 11603.77358490566, "median_rooms": 0.0, "first_sale": "2021-05-11", "last_sale": "2024-09-10"}}, {"type": "Feature", "geometry": {"type": "Point", "coordinates": [2.326292, 48.854778]}, "properties": {"id_parcelle": "75107000AE0011", "address": "11 RUE DE LUYNES", "sales": 7, "median_price": 229800.0, "median_price_per_sqm": 12391.304347826086, "median_rooms": 0.0, "first_sale": "2021-02-17", "last_sale": "2024-06-21"}}, {"type": "Feature", "geometry": {"type": "Point", "coordinates": [2.326809, 48.853335]}, "properties": {"id_parcelle": "75107000AE0061", "address": "4 RUE DE VARENNE", "sales": 7, "median_price": 950000.0, "median_price_per_sqm": 18000.0, "median_rooms": 1.0, "first_sale": "2021-10-19", "last_sale": "2025-01-24"}}, {"type": "Feature", "geometry": {"type": "Point", "coordinates": [2.317653, 48.860674]}, "properties": {"id_parcelle": "75107000AR0016", "address": "2 PL DU PALAIS BOURBON", "sales": 7, "median_price": 4050000.0, "median_price_per_sqm": 21315.78947368421, "median_rooms": 0.0, "first_sale": "2022-05-24", "last_sale": "2022-07-06"}}, {"type": "Feature", "geometry": {"type": "Point", "coordinates": [2.317048, 48.860608]}, "properties": {"id_parcelle": "75107000AR0014", "address": "91 RUE DE L UNIVERSITE", "sales": 7, "median_price": 174375.0, "median_price_per_sqm": null, "median_rooms": 0.0, "first_sale": "2022-06-23", "last_sale": "2022-06-23"}}, {"type": "Feature", "geometry": {"type": "Point", "coordinates": [2.302813, 48.858457]}, "properties": {"id_parcelle": "75107000CD0106", "address": "125 RUE ST DOMINIQUE", "sales": 7, "median_price": 705000.0, "median_price_per_sqm": 14521.27659574468, "median_rooms": 0.0, "first_sale": "2022-04-21", "last_sale": "2024-10-11"}}, {"type": "Feature", "geometry": {"type": "Point", "coordinates": [2.303565, 48.857497]}, "properties": {"id_parcelle": "75107000CD0112", "address": "28 AV BOSQUET", "sales": 7, "median_price": 793000.0, "median_price_per_sqm": 12456.945945945947, "median_rooms": 0.0, "first_sale": "2021-09-17", "last_sale": "2025-12-18"}}, {"type": "Feature", "geometry": {"type": "Point", "coordinates": [2.305067, 48.857066]}, "properties": {"id_parcelle": "75107000BY0182", "address": "3 PAS DE L UNION", "sales": 7, "median_price": 255000.0, "median_price_per_sqm": 12200.0, "median_rooms": 1.0, "first_sale": "2023-04-17", "last_sale": "2025-05-20"}}, {"type": "Feature", "geometry": {"type": "Point", "coordinates": [2.318124, 48.858732]}, "properties": {"id_parcelle": "75107000AX0004", "address": "19 RUE DE BOURGOGNE", "sales": 7, "median_price": 105000.0, "median_price_per_sqm": 25217.391304347828, "median_rooms": 0.0, "first_sale": "2024-04-11", "last_sale": "2025-04-30"}}, {"type": "Feature", "geometry": {"type": "Point", "coordinates": [2.318182, 48.849954]}, "properties": {"id_parcelle": "75107000BG0004", "address": "3 RUE ROUSSELET", "sales": 7, "median_price": 490000.0, "median_price_per_sqm": 12497.368421052632, "median_rooms": 1.0, "first_sale": "2021-02-03", "last_sale": "2024-11-19"}}, {"type": "Feature", "geometry": {"type": "Point", "coordinates": [2.309499, 48.858241]}, "properties": {"id_parcelle": "75107000BZ0072", "address": "160 RUE DE GRENELLE", "sales": 7, "median_price": 234900.0, "median_price_per_sqm": 14840.625, "median_rooms": 0.0, "first_sale": "2021-05-19", "last_sale": "2025-12-03"}}, {"type": "Feature", "geometry": {"type": "Point", "coordinates": [2.31874, 48.858665]}, "properties": {"id_parcelle": "75107000AX0007", "address": "14 RUE DE MARTIGNAC", "sales": 7, "median_price": 950000.0, "median_price_per_sqm": 14303.246753246753, "median_rooms": 0.0, "first_sale": "2024-03-27", "last_sale": "2025-08-04"}}, {"type": "Feature", "geometry": {"type": "Point", "coordinates": [2.308733, 48.859685]}, "properties": {"id_parcelle": "75107000BZ0063", "address": "2 RUE DE LA COMETE", "sales": 7, "median_price": 586530.0, "median_price_per_sqm": 12778.838808250573, "median_rooms": 0.0, "first_sale": "2022-02-15", "last_sale": "2025-09-16"}}, {"type": "Feature", "geometry": {"type": "Point", "coordinates": [2.319584, 48.848914]}, "properties": {"id_parcelle": "75107000BG0061", "address": "21 RUE PIERRE LEROUX", "sales": 7, "median_price": 535000.0, "median_price_per_sqm": 13663.973684210527, "median_rooms": 1.0, "first_sale": "2023-04-18", "last_sale": "2025-04-18"}}, {"type": "Feature", "geometry": {"type": "Point", "coordinates": [2.319567, 48.849935]}, "properties": {"id_parcelle": "75107000BG0047", "address": "64 RUE VANEAU", "sales": 7, "median_price": 775120.0, "median_price_per_sqm": 14073.085585585586, "median_rooms": 1.0, "first_sale": "2021-06-10", "last_sale": "2025-06-30"}}, {"type": "Feature", "geometry": {"type": "Point", "coordinates": [2.324851, 48.858566]}, "properties": {"id_parcelle": "75107000AN0011", "address": "1 RUE DE VILLERSEXEL", "sales": 7, "median_price": 3900000.0, "median_price_per_sqm": 17191.51494331845, "median_rooms": 0.0, "first_sale": "2021-07-30", "last_sale": "2022-07-21"}}, {"type": "Feature", "geometry": {"type": "Point", "coordinates": [2.324607, 48.857795]}, "properties": {"id_parcelle": "75107000AN0018", "address": "250 BD SAINT GERMAIN", "sales": 7, "median_price": 6804000.0, "median_price_per_sqm": 20968.134957825678, "median_rooms": 0.0, "first_sale": "2021-12-22", "last_sale": "2024-09-26"}}, {"type": "Feature", "geometry": {"type": "Point", "coordinates": [2.309199, 48.85964]}, "properties": {"id_parcelle": "75107000BZ0082", "address": "75 RUE ST DOMINIQUE", "sales": 7, "median_price": 942000.0, "median_price_per_sqm": 13679.929577464789, "median_rooms": 0.0, "first_sale": "2021-04-28", "last_sale": "2025-07-02"}}, {"type": "Feature", "geometry": {"type": "Point", "coordinates": [2.318752, 48.851035]}, "properties": {"id_parcelle": "75107000BF0037", "address": "50 RUE VANEAU", "sales": 7, "median_price": 413000.0, "median_price_per_sqm": 11821.428571428572, "median_rooms": 2.0, "first_sale": "2021-03-19", "last_sale": "2025-09-19"}}, {"type": "Feature", "geometry": {"type": "Point", "coordinates": [2.325318, 48.859594]}, "properties": {"id_parcelle": "75107000AO0052", "address": "71 RUE DE LILLE", "sales": 7, "median_price": 2500000.0, "median_price_per_sqm": 18971.90635451505, "median_rooms": 1.0, "first_sale": "2021-06-17", "last_sale": "2025-05-16"}}, {"type": "Feature", "geometry": {"type": "Point", "coordinates": [2.307176, 48.854525]}, "properties": {"id_parcelle": "75107000BX0027", "address": "38 RUE CHEVERT", "sales": 7, "median_price": 624100.0, "median_price_per_sqm": 11538.461538461539, "median_rooms": 1.0, "first_sale": "2022-08-26", "last_sale": "2024-08-29"}}, {"type": "Feature", "geometry": {"type": "Point", "coordinates": [2.31707, 48.848517]}, "properties": {"id_parcelle": "75107000BH0006", "address": "9 AV CONSTANT COQUELIN", "sales": 7, "median_price": 1600962.0, "median_price_per_sqm": 15251.455726552918, "median_rooms": 0.0, "first_sale": "2022-11-03", "last_sale": "2024-09-04"}}, {"type": "Feature", "geometry": {"type": "Point", "coordinates": [2.31993, 48.848419]}, "properties": {"id_parcelle": "75107000BG0071", "address": "54 RUE DE SEVRES", "sales": 7, "median_price": 245000.0, "median_price_per_sqm": 13953.488372093023, "median_rooms": 0.0, "first_sale": "2021-02-22", "last_sale": "2024-12-13"}}, {"type": "Feature", "geometry": {"type": "Point", "coordinates": [2.303311, 48.856829]}, "properties": {"id_parcelle": "75107000CD0094", "address": "208 RUE DE GRENELLE", "sales": 7, "median_price": 854570.0, "median_price_per_sqm": 20233.571428571428, "median_rooms": 0.0, "first_sale": "2021-06-30", "last_sale": "2023-03-16"}}, {"type": "Feature", "geometry": {"type": "Point", "coordinates": [2.303573, 48.857081]}, "properties": {"id_parcelle": "75107000CD0096", "address": "29 RUE DE L EXPOSITION", "sales": 7, "median_price": 355000.0, "median_price_per_sqm": 14791.666666666666, "median_rooms": 1.0, "first_sale": "2021-04-30", "last_sale": "2024-07-02"}}, {"type": "Feature", "geometry": {"type": "Point", "coordinates": [2.322133, 48.860107]}, "properties": {"id_parcelle": "75107000AP0031", "address": "100 RUE DE L UNIVERSITE", "sales": 7, "median_price": 10000.0, "median_price_per_sqm": 757.1339999999999, "median_rooms": 0.0, "first_sale": "2021-01-27", "last_sale": "2022-12-05"}}, {"type": "Feature", "geometry": {"type": "Point", "coordinates": [2.321211, 48.861323]}, "properties": {"id_parcelle": "75107000AP0010", "address": "86 RUE DE LILLE", "sales": 7, "median_price": 5190845.0, "median_price_per_sqm": 25083.056478405317, "median_rooms": 0.0, "first_sale": "2021-09-10", "last_sale": "2025-02-11"}}, {"type": "Feature", "geometry": {"type": "Point", "coordinates": [2.319627, 48.848432]}, "properties": {"id_parcelle": "75107000BG0074", "address": "27 RUE PIERRE LEROUX", "sales": 7, "median_price": 215000.0, "median_price_per_sqm": 11888.888888888889, "median_rooms": 1.0, "first_sale": "2022-07-11", "last_sale": "2025-09-19"}}, {"type": "Feature", "geometry": {"type": "Point", "coordinates": [2.304651, 48.857749]}, "properties": {"id_parcelle": "75107000CD0121", "address": "3 SQ DE ROBIAC", "sales": 7, "median_price": 1411230.0, "median_price_per_sqm": 15013.08510638298, "median_rooms": 0.0, "first_sale": "2023-09-25", "last_sale": "2024-10-23"}}, {"type": "Feature", "geometry": {"type": "Point", "coordinates": [2.323332, 48.859667]}, "properties": {"id_parcelle": "75107000AQ0013", "address": "7 RUE DE SOLFERINO", "sales": 7, "median_price": 1007000.0, "median_price_per_sqm": 5257.692307692308, "median_rooms": 0.0, "first_sale": "2024-07-04", "last_sale": "2025-05-23"}}, {"type": "Feature", "geometry": {"type": "Point", "coordinates": [2.32326, 48.858885]}, "properties": {"id_parcelle": "75107000AQ0033", "address": "22 RUE DE BELLECHASSE", "sales": 7, "median_price": 169769.31, "median_price_per_sqm": 12755.952380952382, "median_rooms": 1.0, "first_sale": "2021-10-01", "last_sale": "2025-06-06"}}, {"type": "Feature", "geometry": {"type": "Point", "coordinates": [2.309151, 48.854353]}, "properties": {"id_parcelle": "75107000BX0056", "address": "94 BD DE LA TOUR MAUBOURG", "sales": 7, "median_price": 2487550.0, "median_price_per_sqm": 20330.58959694989, "median_rooms": 0.0, "first_sale": "2023-06-26", "last_sale": "2024-05-07"}}, {"type": "Feature", "geometry": {"type": "Point", "coordinates": [2.313585, 48.846666]}, "properties": {"id_parcelle": "75107000BI0013", "address": "26 RUE DU GAL BERTRAND", "sales": 7, "median_price": 626000.0, "median_price_per_sqm": 11605.882352941177, "median_rooms": 2.0, "first_sale": "2021-01-08", "last_sale": "2025-03-31"}}, {"type": "Feature", "geometry": {"type": "Point", "coordinates": [2.327353, 48.857593]}, "properties": {"id_parcelle": "75107000AN0038", "address": "30 RUE DU BAC", "sales": 7, "median_price": 5721890.0, "median_price_per_sqm": 31337.992757878255, "median_rooms": 2.0, "first_sale": "2021-12-29", "last_sale": "2024-04-24"}}, {"type": "Feature", "geometry": {"type": "Point", "coordinates": [2.305041, 48.859007]}, "properties": {"id_parcelle": "75107000CD0127", "address": "2 RUE CLER", "sales": 7, "median_price": 533350.0, "median_price_per_sqm": 15555.555555555555, "median_rooms": 1.0, "first_sale": "2021-11-05", "last_sale": "2025-09-12"}}, {"type": "Feature", "geometry": {"type": "Point", "coordinates": [2.305026, 48.857825]}, "properties": {"id_parcelle": "75107000CD0130", "address": "4 SQ DE ROBIAC", "sales": 7, "median_price": 1130000.0, "median_price_per_sqm": 16663.628831814414, "median_rooms": 0.0, "first_sale": "2023-01-16", "last_sale": "2024-05-24"}}, {"type": "Feature", "geometry": {"type": "Point", "coordinates": [2.327276, 48.858791]}, "properties": {"id_parcelle": "75107000AO0017", "address": "56 RUE DE VERNEUIL", "sales": 7, "median_price": 1202000.0, "median_price_per_sqm": 16412.0, "median_rooms": 2.0, "first_sale": "2021-03-15", "last_sale": "2022-05-25"}}, {"type": "Feature", "geometry": {"type": "Point", "coordinates": [2.304069, 48.856327]}, "properties": {"id_parcelle": "75107000BW0005", "address": "22 RUE DU CHAMP DE MARS", "sales": 7, "median_price": 400000.0, "median_price_per_sqm": 10810.81081081081, "median_rooms": 0.0, "first_sale": "2022-01-17", "last_sale": "2025-11-04"}}, {"type": "Feature", "geometry": {"type": "Point", "coordinates": [2.309371, 48.84951]}, "properties": {"id_parcelle": "75107000BN0007", "address": "13 AV DE SAXE", "sales": 7, "median_price": 1100000.0, "median_price_per_sqm": 16530.76923076923, "median_rooms": 0.0, "first_sale": "2021-01-27", "last_sale": "2023-11-07"}}, {"type": "Feature", "geometry": {"type": "Point", "coordinates": [2.321405, 48.857801]}, "properties": {"id_parcelle": "75107000AX0064", "address": "7 RUE LAS CASES", "sales": 7, "median_price": 10963867.0, "median_price_per_sqm": 22859.575995615636, "median_rooms": 0.0, "first_sale": "2022-03-23", "last_sale": "2022-06-28"}}, {"type": "Feature", "geometry": {"type": "Point", "coordinates": [2.309369, 48.850572]}, "properties": {"id_parcelle": "75107000BM0035", "address": "2 VLA DE SEGUR", "sales": 7, "median_price": 980000.0, "median_price_per_sqm": 14490.892857142857, "median_rooms": 0.0, "first_sale": "2021-12-09", "last_sale": "2025-12-01"}}, {"type": "Feature", "geometry": {"type": "Point", "coordinates": [2.31608, 48.856169]}, "properties": {"id_parcelle": "75107000AY0023", "address": "92 RUE DE VARENNE", "sales": 7, "median_price": 2173100.0, "median_price_per_sqm": 19926.521739130436, "median_rooms": 0.0, "first_sale": "2024-07-05", "last_sale": "2025-02-06"}}, {"type": "Feature", "geometry": {"type": "Point", "coordinates": [2.319126, 48.85412]}, "properties": {"id_parcelle": "75107000BD0021", "address": "9 CITE VANEAU", "sales": 7, "median_price": 420000.0, "median_price_per_sqm": 21717.977528089887, "median_rooms": 0.0, "first_sale": "2021-06-30", "last_sale": "2025-02-20"}}, {"type": "Feature", "geometry": {"type": "Point", "coordinates": [2.306348, 48.857341]}, "properties": {"id_parcelle": "75107000BY0051", "address": "31 RUE CLER", "sales": 7, "median_price": 1770150.0, "median_price_per_sqm": 36878.125, "median_rooms": 3.0, "first_sale": "2022-10-26", "last_sale": "2023-10-23"}}, {"type": "Feature", "geometry": {"type": "Point", "coordinates": [2.298691, 48.858243]}, "properties": {"id_parcelle": "75107000CH0012", "address": "30 AV DE LA BOURDONNAIS", "sales": 7, "median_price": 2400400.0, "median_price_per_sqm": 7896.970062771608, "median_rooms": 0.0, "first_sale": "2023-04-13", "last_sale": "2025-06-13"}}, {"type": "Feature", "geometry": {"type": "Point", "coordinates": [2.321083, 48.855832]}, "properties": {"id_parcelle": "75107000AL0003", "address": "45 RUE DE BELLECHASSE", "sales": 7, "median_price": 5650000.0, "median_price_per_sqm": 21003.71747211896, "median_rooms": 0.0, "first_sale": "2024-02-22", "last_sale": "2025-12-10"}}, {"type": "Feature", "geometry": {"type": "Point", "coordinates": [2.324196, 48.855467]}, "properties": {"id_parcelle": "75107000AL0043", "address": "84 RUE DE GRENELLE", "sales": 7, "median_price": 800000.0, "median_price_per_sqm": 15384.615384615385, "median_rooms": 0.0, "first_sale": "2021-06-23", "last_sale": "2024-10-17"}}, {"type": "Feature", "geometry": {"type": "Point", "coordinates": [2.305639, 48.857337]}, "properties": {"id_parcelle": "75107000BY0041", "address": "3 RUE VALADON", "sales": 7, "median_price": 790000.0, "median_price_per_sqm": 13265.538847117794, "median_rooms": 0.0, "first_sale": "2021-09-15", "last_sale": "2025-03-24"}}, {"type": "Feature", "geometry": {"type": "Point", "coordinates": [2.310498, 48.85082]}, "properties": {"id_parcelle": "75107000BM0025", "address": "28 AV DUQUESNE", "sales": 7, "median_price": 1504765.0, "median_price_per_sqm": 16592.9203539823, "median_rooms": 0.0, "first_sale": "2022-03-10", "last_sale": "2025-09-12"}}, {"type": "Feature", "geometry": {"type": "Point", "coordinates": [2.303056, 48.86098]}, "properties": {"id_parcelle": "75107000CK0045", "address": "171 RUE DE L UNIVERSITE", "sales": 7, "median_price": 605000.0, "median_price_per_sqm": 11626.785714285714, "median_rooms": 0.0, "first_sale": "2024-11-29", "last_sale": "2025-01-24"}}, {"type": "Feature", "geometry": {"type": "Point", "coordinates": [2.306428, 48.857625]}, "properties": {"id_parcelle": "75107000BY0046", "address": "161 RUE DE GRENELLE", "sales": 7, "median_price": 486000.0, "median_price_per_sqm": 15235.29411764706, "median_rooms": 1.0, "first_sale": "2021-01-29", "last_sale": "2023-12-11"}}, {"type": "Feature", "geometry": {"type": "Point", "coordinates": [2.305912, 48.856867]}, "properties": {"id_parcelle": "75107000BY0034", "address": "11 RUE VALADON", "sales": 7, "median_price": 440000.0, "median_price_per_sqm": 12409.09090909091, "median_rooms": 1.0, "first_sale": "2022-05-09", "last_sale": "2025-10-14"}}, {"type": "Feature", "geometry": {"type": "Point", "coordinates": [2.316741, 48.855928]}, "properties": {"id_parcelle": "75107000AY0029", "address": "86 RUE DE VARENNE", "sales": 7, "median_price": 1082900.0, "median_price_per_sqm": 8439.206406989444, "median_rooms": 2.0, "first_sale": "2021-04-09", "last_sale": "2025-07-31"}}, {"type": "Feature", "geometry": {"type": "Point", "coordinates": [2.299216, 48.852709]}, "properties": {"id_parcelle": "75107000BU0029", "address": "48 AV CHARLES FLOQUET", "sales": 7, "median_price": 1597900.0, "median_price_per_sqm": 16925.275, "median_rooms": 0.0, "first_sale": "2021-10-05", "last_sale": "2025-09-01"}}, {"type": "Feature", "geometry": {"type": "Point", "coordinates": [2.298898, 48.852914]}, "properties": {"id_parcelle": "75107000BU0032", "address": "44 AV CHARLES FLOQUET", "sales": 7, "median_price": 1730000.0, "median_price_per_sqm": 15727.272727272728, "median_rooms": 0.0, "first_sale": "2022-06-16", "last_sale": "2025-07-08"}}, {"type": "Feature", "geometry": {"type": "Point", "coordinates": [2.298721, 48.85303]}, "properties": {"id_parcelle": "75107000BU0035", "address": "42 AV CHARLES FLOQUET", "sales": 7, "median_price": 540000.0, "median_price_per_sqm": 11316.661051212937, "median_rooms": 0.0, "first_sale": "2021-10-28", "last_sale": "2025-04-30"}}, {"type": "Feature", "geometry": {"type": "Point", "coordinates": [2.298569, 48.853146]}, "properties": {"id_parcelle": "75107000BU0036", "address": "40 AV CHARLES FLOQUET", "sales": 7, "median_price": 656500.0, "median_price_per_sqm": 10967.741935483871, "median_rooms": 0.0, "first_sale": "2022-12-27", "last_sale": "2024-12-19"}}, {"type": "Feature", "geometry": {"type": "Point", "coordinates": [2.299864, 48.852946]}, "properties": {"id_parcelle": "75107000BU0006", "address": "43 AV CHARLES FLOQUET", "sales": 7, "median_price": 130000.0, "median_price_per_sqm": 872.0001995709225, "median_rooms": 0.0, "first_sale": "2025-11-17", "last_sale": "2025-11-17"}}, {"type": "Feature", "geometry": {"type": "Point", "coordinates": [2.308012, 48.853459]}, "properties": {"id_parcelle": "75107000BR0009", "address": "13 AV DUQUESNE", "sales": 7, "median_price": 1295465.0, "median_price_per_sqm": 18242.53061426032, "median_rooms": 0.0, "first_sale": "2022-08-31", "last_sale": "2024-05-31"}}, {"type": "Feature", "geometry": {"type": "Point", "coordinates": [2.296589, 48.859491]}, "properties": {"id_parcelle": "75107000CQ0013", "address": "16 AV DE LA BOURDONNAIS", "sales": 7, "median_price": 3240000.0, "median_price_per_sqm": 15283.775510204083, "median_rooms": 0.0, "first_sale": "2021-10-15", "last_sale": "2022-02-17"}}, {"type": "Feature", "geometry": {"type": "Point", "coordinates": [2.308419, 48.848257]}, "properties": {"id_parcelle": "75107000BO0038", "address": "3 RUE ALBERT DE LAPPARENT", "sales": 7, "median_price": 105000.0, "median_price_per_sqm": 13333.333333333334, "median_rooms": 0.0, "first_sale": "2022-11-03", "last_sale": "2025-05-22"}}, {"type": "Feature", "geometry": {"type": "Point", "coordinates": [2.292615, 48.856969]}, "properties": {"id_parcelle": "75107000CS0011", "address": "1 RUE DE BUENOS AIRES", "sales": 7, "median_price": 2030000.0, "median_price_per_sqm": 20492.894056847545, "median_rooms": 0.0, "first_sale": "2022-04-08", "last_sale": "2025-11-19"}}, {"type": "Feature", "geometry": {"type": "Point", "coordinates": [2.30592, 48.859731]}, "properties": {"id_parcelle": "75107000CK0078", "address": "26 RUE MALAR", "sales": 7, "median_price": 635000.0, "median_price_per_sqm": 15156.25, "median_rooms": 0.0, "first_sale": "2021-11-02", "last_sale": "2025-09-16"}}, {"type": "Feature", "geometry": {"type": "Point", "coordinates": [2.326856, 48.853734]}, "properties": {"id_parcelle": "75107000AE0063", "address": "35 RUE DE GRENELLE", "sales": 7, "median_price": 630000.0, "median_price_per_sqm": 20005.483146067414, "median_rooms": 1.0, "first_sale": "2022-09-07", "last_sale": "2024-03-07"}}, {"type": "Feature", "geometry": {"type": "Point", "coordinates": [2.303702, 48.859659]}, "properties": {"id_parcelle": "75107000CK0036", "address": "12 PAS LANDRIEU", "sales": 7, "median_price": 920000.0, "median_price_per_sqm": 13137.106918238995, "median_rooms": 2.0, "first_sale": "2022-01-10", "last_sale": "2025-12-05"}}, {"type": "Feature", "geometry": {"type": "Point", "coordinates": [2.31957, 48.851295]}, "properties": {"id_parcelle": "75107000AI0006", "address": "37 RUE DE BABYLONE", "sales": 7, "median_price": 4500000.0, "median_price_per_sqm": 47248.803827751195, "median_rooms": 1.0, "first_sale": "2021-06-17", "last_sale": "2025-05-13"}}, {"type": "Feature", "geometry": {"type": "Point", "coordinates": [2.326825, 48.852994]}, "properties": {"id_parcelle": "75107000AF0006", "address": "31 BD RASPAIL", "sales": 7, "median_price": 558000.0, "median_price_per_sqm": 12857.142857142857, "median_rooms": 1.0, "first_sale": "2021-08-13", "last_sale": "2025-12-23"}}, {"type": "Feature", "geometry": {"type": "Point", "coordinates": [2.301385, 48.858425]}, "properties": {"id_parcelle": "75107000CJ0033", "address": "116 RUE ST DOMINIQUE", "sales": 7, "median_price": 2100000.0, "median_price_per_sqm": 12413.793103448275, "median_rooms": 0.0, "first_sale": "2024-02-26", "last_sale": "2025-04-28"}}, {"type": "Feature", "geometry": {"type": "Point", "coordinates": [2.329582, 48.858723]}, "properties": {"id_parcelle": "75107000AB0013", "address": "44 RUE DE LILLE", "sales": 7, "median_price": 2698000.0, "median_price_per_sqm": 11938.39142948513, "median_rooms": 0.0, "first_sale": "2021-07-09", "last_sale": "2025-10-10"}}, {"type": "Feature", "geometry": {"type": "Point", "coordinates": [2.305612, 48.855258]}, "properties": {"id_parcelle": "75107000BW0064", "address": "81 AV BOSQUET", "sales": 7, "median_price": 2200000.0, "median_price_per_sqm": 14473.684210526315, "median_rooms": 0.0, "first_sale": "2023-12-12", "last_sale": "2025-12-12"}}, {"type": "Feature", "geometry": {"type": "Point", "coordinates": [2.305748, 48.855749]}, "properties": {"id_parcelle": "75107000BW0046", "address": "25 RUE BOSQUET", "sales": 7, "median_price": 210476.0, "median_price_per_sqm": 13682.533333333333, "median_rooms": 1.0, "first_sale": "2021-03-23", "last_sale": "2025-11-20"}}, {"type": "Feature", "geometry": {"type": "Point", "coordinates": [2.311371, 48.85136]}, "properties": {"id_parcelle": "75107000BM0002", "address": "26 AV DE BRETEUIL", "sales": 7, "median_price": 220000.0, "median_price_per_sqm": 7333.333333333333, "median_rooms": 2.0, "first_sale": "2021-01-29", "last_sale": "2024-10-14"}}, {"type": "Feature", "geometry": {"type": "Point", "coordinates": [2.313172, 48.851414]}, "properties": {"id_parcelle": "75107000BK0006", "address": "4 PL DU PRESIDENT MITHOUARD", "sales": 7, "median_price": 1715000.0, "median_price_per_sqm": 14952.834821428572, "median_rooms": 3.0, "first_sale": "2021-03-08", "last_sale": "2021-11-30"}}, {"type": "Feature", "geometry": {"type": "Point", "coordinates": [2.300386, 48.856933]}, "properties": {"id_parcelle": "75107000CE0003", "address": "1 AV EMILE DESCHANEL", "sales": 7, "median_price": 7500000.0, "median_price_per_sqm": 35418.05926916221, "median_rooms": 0.0, "first_sale": "2025-09-15", "last_sale": "2025-10-30"}}, {"type": "Feature", "geometry": {"type": "Point", "coordinates": [2.304854, 48.854902]}, "properties": {"id_parcelle": "75107000BW0081", "address": "115 AV DE LA BOURDONNAIS", "sales": 7, "median_price": 760000.0, "median_price_per_sqm": 14727.559523809523, "median_rooms": 0.0, "first_sale": "2021-11-04", "last_sale": "2023-06-19"}}, {"type": "Feature", "geometry": {"type": "Point", "coordinates": [2.304158, 48.85545]}, "properties": {"id_parcelle": "75107000BW0086", "address": "103 AV DE LA BOURDONNAIS", "sales": 7, "median_price": 1300000.0, "median_price_per_sqm": 13295.0, "median_rooms": 0.0, "first_sale": "2023-09-12", "last_sale": "2025-01-24"}}, {"type": "Feature", "geometry": {"type": "Point", "coordinates": [2.305483, 48.857945]}, "properties": {"id_parcelle": "75107000CD0136", "address": "20 RUE CLER", "sales": 7, "median_price": 1100000.0, "median_price_per_sqm": 21047.619047619046, "median_rooms": 1.0, "first_sale": "2023-06-15", "last_sale": "2024-11-29"}}, {"type": "Feature", "geometry": {"type": "Point", "coordinates": [2.314645, 48.849483]}, "properties": {"id_parcelle": "75107000BK0020", "address": "46 BD DES INVALIDES", "sales": 7, "median_price": 1108700.0, "median_price_per_sqm": 11304.892257462687, "median_rooms": 0.0, "first_sale": "2023-10-23", "last_sale": "2025-05-28"}}, {"type": "Feature", "geometry": {"type": "Point", "coordinates": [2.314212, 48.84941]}, "properties": {"id_parcelle": "75107000BK0022", "address": "55 AV DUQUESNE", "sales": 7, "median_price": 160000.0, "median_price_per_sqm": 15033.052382279187, "median_rooms": 0.0, "first_sale": "2021-01-29", "last_sale": "2024-08-01"}}, {"type": "Feature", "geometry": {"type": "Point", "coordinates": [2.297793, 48.859508]}, "properties": {"id_parcelle": "75107000CI0008", "address": "19 AV DE LA BOURDONNAIS", "sales": 7, "median_price": 342400.0, "median_price_per_sqm": 14886.95652173913, "median_rooms": 0.0, "first_sale": "2021-06-30", "last_sale": "2025-02-19"}}, {"type": "Feature", "geometry": {"type": "Point", "coordinates": [2.299182, 48.859801]}, "properties": {"id_parcelle": "75107000CI0020", "address": "14 RUE DE MONTTESSUY", "sales": 7, "median_price": 600000.0, "median_price_per_sqm": 11739.795918367347, "median_rooms": 0.0, "first_sale": "2021-04-15", "last_sale": "2023-03-17"}}, {"type": "Feature", "geometry": {"type": "Point", "coordinates": [2.298963, 48.857946]}, "properties": {"id_parcelle": "75107000CH0015", "address": "15 AV ELISEE RECLUS", "sales": 7, "median_price": 3557800.0, "median_price_per_sqm": 10493.529411764706, "median_rooms": 0.0, "first_sale": "2021-08-24", "last_sale": "2022-01-24"}}, {"type": "Feature", "geometry": {"type": "Point", "coordinates": [2.29475, 48.855577]}, "properties": {"id_parcelle": "75107000CG0015", "address": "14 AV CHARLES FLOQUET", "sales": 7, "median_price": 2160000.0, "median_price_per_sqm": 23333.333333333336, "median_rooms": 0.0, "first_sale": "2021-11-16", "last_sale": "2025-02-26"}}, {"type": "Feature", "geometry": {"type": "Point", "coordinates": [2.323232, 48.858075]}, "properties": {"id_parcelle": "75107000AM0002", "address": "223 BD SAINT GERMAIN", "sales": 7, "median_price": 2350000.0, "median_price_per_sqm": 30128.20512820513, "median_rooms": 0.0, "first_sale": "2023-01-10", "last_sale": "2024-06-19"}}, {"type": "Feature", "geometry": {"type": "Point", "coordinates": [2.32283, 48.856525]}, "properties": {"id_parcelle": "75107000AM0010", "address": "102 RUE DE GRENELLE", "sales": 7, "median_price": 264000.0, "median_price_per_sqm": 18545.88704726826, "median_rooms": 0.0, "first_sale": "2021-11-04", "last_sale": "2025-11-27"}}, {"type": "Feature", "geometry": {"type": "Point", "coordinates": [2.311554, 48.852732]}, "properties": {"id_parcelle": "75107000BL0004", "address": "5 AV DE SEGUR", "sales": 7, "median_price": 2180000.0, "median_price_per_sqm": 16148.148148148148, "median_rooms": 0.0, "first_sale": "2024-07-24", "last_sale": "2024-12-17"}}, {"type": "Feature", "geometry": {"type": "Point", "coordinates": [2.314594, 48.849553]}, "properties": {"id_parcelle": "75107000BK0019", "address": "44 BD DES INVALIDES", "sales": 7, "median_price": 1200000.0, "median_price_per_sqm": 13793.103448275862, "median_rooms": 0.0, "first_sale": "2021-06-24", "last_sale": "2022-03-11"}}, {"type": "Feature", "geometry": {"type": "Point", "coordinates": [2.30247, 48.856995]}, "properties": {"id_parcelle": "75107000CD0041", "address": "19 RUE AUGEREAU", "sales": 6, "median_price": 222225.0, "median_price_per_sqm": 11928.57142857143, "median_rooms": 1.0, "first_sale": "2021-07-29", "last_sale": "2025-12-29"}}, {"type": "Feature", "geometry": {"type": "Point", "coordinates": [2.302598, 48.857042]}, "properties": {"id_parcelle": "75107000CD0050", "address": "12 RUE DU GROS CAILLOU", "sales": 6, "median_price": 210990.0, "median_price_per_sqm": 12411.176470588236, "median_rooms": 0.5, "first_sale": "2021-10-26", "last_sale": "2025-11-24"}}, {"type": "Feature", "geometry": {"type": "Point", "coordinates": [2.314956, 48.858561]}, "properties": {"id_parcelle": "75107000AW0004", "address": "25 RUE DE CONSTANTINE", "sales": 6, "median_price": 402500.0, "median_price_per_sqm": 29526.688907422853, "median_rooms": 0.0, "first_sale": "2021-04-20", "last_sale": "2025-03-10"}}, {"type": "Feature", "geometry": {"type": "Point", "coordinates": [2.310487, 48.860108]}, "properties": {"id_parcelle": "75107000AU0010", "address": "25 BD DE LA TOUR MAUBOURG", "sales": 6, "median_price": 1727500.0, "median_price_per_sqm": 8071.245186136072, "median_rooms": 0.0, "first_sale": "2022-10-27", "last_sale": "2023-07-06"}}, {"type": "Feature", "geometry": {"type": "Point", "coordinates": [2.305316, 48.857012]}, "properties": {"id_parcelle": "75107000BY0022", "address": "10 RUE VALADON", "sales": 6, "median_price": 521250.0, "median_price_per_sqm": 15437.5, "median_rooms": 0.5, "first_sale": "2021-07-30", "last_sale": "2024-04-25"}}, {"type": "Feature", "geometry": {"type": "Point", "coordinates": [2.300813, 48.857549]}, "properties": {"id_parcelle": "75107000CD0005", "address": "51 AV DE LA BOURDONNAIS", "sales": 6, "median_price": 513000.0, "median_price_per_sqm": 9679.245283018869, "median_rooms": 1.5, "first_sale": "2021-05-20", "last_sale": "2025-03-26"}}, {"type": "Feature", "geometry": {"type": "Point", "coordinates": [2.331635, 48.858304]}, "properties": {"id_parcelle": "75107000AB0033", "address": "11 QUAI VOLTAIRE", "sales": 6, "median_price": 2702461.5, "median_price_per_sqm": 13194.960212201591, "median_rooms": 0.0, "first_sale": "2022-03-18", "last_sale": "2025-03-24"}}, {"type": "Feature", "geometry": {"type": "Point", "coordinates": [2.308315, 48.853229]}, "properties": {"id_parcelle": "75107000BR0015", "address": "17 AV DUQUESNE", "sales": 6, "median_price": 1550000.0, "median_price_per_sqm": 12958.632115548004, "median_rooms": 1.5, "first_sale": "2021-11-04", "last_sale": "2024-10-30"}}, {"type": "Feature", "geometry": {"type": "Point", "coordinates": [2.301978, 48.857713]}, "properties": {"id_parcelle": "75107000CD0070", "address": "5 RUE AUGEREAU", "sales": 6, "median_price": 500000.0, "median_price_per_sqm": 18258.373205741627, "median_rooms": 1.0, "first_sale": "2021-01-06", "last_sale": "2025-07-31"}}, {"type": "Feature", "geometry": {"type": "Point", "coordinates": [2.310596, 48.860112]}, "properties": {"id_parcelle": "75107000AU0011", "address": "46 RUE ST DOMINIQUE", "sales": 6, "median_price": 153000.0, "median_price_per_sqm": 1627.659574468085, "median_rooms": 1.5, "first_sale": "2021-12-27", "last_sale": "2025-12-23"}}, {"type": "Feature", "geometry": {"type": "Point", "coordinates": [2.308155, 48.859987]}, "properties": {"id_parcelle": "75107000CL0030", "address": "70 RUE ST DOMINIQUE", "sales": 6, "median_price": 759615.0, "median_price_per_sqm": 19910.25, "median_rooms": 1.0, "first_sale": "2021-09-29", "last_sale": "2023-12-12"}}, {"type": "Feature", "geometry": {"type": "Point", "coordinates": [2.307289, 48.847802]}, "properties": {"id_parcelle": "75107000BO0024", "address": "10 RUE JOSE MARIA DE HEREDIA", "sales": 6, "median_price": 1525000.0, "median_price_per_sqm": 13586.321934945789, "median_rooms": 3.5, "first_sale": "2022-05-12", "last_sale": "2025-06-17"}}, {"type": "Feature", "geometry": {"type": "Point", "coordinates": [2.3062, 48.861937]}, "properties": {"id_parcelle": "75107000CM0007", "address": "4 RUE JEAN NICOT", "sales": 6, "median_price": 2500000.0, "median_price_per_sqm": 18622.33231707317, "median_rooms": 3.0, "first_sale": "2022-02-02", "last_sale": "2025-10-13"}}, {"type": "Feature", "geometry": {"type": "Point", "coordinates": [2.306615, 48.86129]}, "properties": {"id_parcelle": "75107000CM0042", "address": "8 RUE JEAN NICOT", "sales": 6, "median_price": 1941525.0, "median_price_per_sqm": 13583.487654320987, "median_rooms": 0.0, "first_sale": "2022-12-06", "last_sale": "2022-12-06"}}, {"type": "Feature", "geometry": {"type": "Point", "coordinates": [2.324152, 48.858832]}, "properties": {"id_parcelle": "75107000AN0009", "address": "57 RUE DE L UNIVERSITE", "sales": 6, "median_price": 2407000.0, "median_price_per_sqm": 18699.270072992702, "median_rooms": 0.0, "first_sale": "2022-09-20", "last_sale": "2024-03-18"}}, {"type": "Feature", "geometry": {"type": "Point", "coordinates": [2.312434, 48.848278]}, "properties": {"id_parcelle": "75107000BJ0004", "address": "59 AV DE BRETEUIL", "sales": 6, "median_price": 400000.0, "median_price_per_sqm": 10810.81081081081, "median_rooms": 1.0, "first_sale": "2022-01-31", "last_sale": "2023-09-29"}}, {"type": "Feature", "geometry": {"type": "Point", "coordinates": [2.316748, 48.850851]}, "properties": {"id_parcelle": "75107000BF0020", "address": "11 RUE MONSIEUR", "sales": 6, "median_price": 8000.0, "median_price_per_sqm": 75.0, "median_rooms": 0.0, "first_sale": "2021-06-29", "last_sale": "2025-07-18"}}, {"type": "Feature", "geometry": {"type": "Point", "coordinates": [2.319789, 48.849566]}, "properties": {"id_parcelle": "75107000BG0049", "address": "70 RUE VANEAU", "sales": 6, "median_price": 487500.0, "median_price_per_sqm": 8416.666666666666, "median_rooms": 1.5, "first_sale": "2022-03-11", "last_sale": "2025-06-02"}}, {"type": "Feature", "geometry": {"type": "Point", "coordinates": [2.318765, 48.857646]}, "properties": {"id_parcelle": "75107000AX0031", "address": "3 RUE DE CHAMPAGNY", "sales": 6, "median_price": 700000.0, "median_price_per_sqm": 12527.112676056338, "median_rooms": 0.5, "first_sale": "2022-04-07", "last_sale": "2025-11-04"}}, {"type": "Feature", "geometry": {"type": "Point", "coordinates": [2.307991, 48.858873]}, "properties": {"id_parcelle": "75107000BZ0050", "address": "13 PAS JEAN NICOT", "sales": 6, "median_price": 175000.0, "median_price_per_sqm": 12218.75, "median_rooms": 1.0, "first_sale": "2021-06-18", "last_sale": "2025-09-05"}}, {"type": "Feature", "geometry": {"type": "Point", "coordinates": [2.317911, 48.857882]}, "properties": {"id_parcelle": "75107000AX0017", "address": "31 RUE DE BOURGOGNE", "sales": 6, "median_price": 470000.0, "median_price_per_sqm": 10000.0, "median_rooms": 0.5, "first_sale": "2021-12-08", "last_sale": "2025-10-07"}}, {"type": "Feature", "geometry": {"type": "Point", "coordinates": [2.317603, 48.858567]}, "properties": {"id_parcelle": "75107000AW0025", "address": "24 RUE DE BOURGOGNE", "sales": 6, "median_price": 1860000.0, "median_price_per_sqm": 16363.636363636364, "median_rooms": 0.0, "first_sale": "2021-07-30", "last_sale": "2025-06-30"}}, {"type": "Feature", "geometry": {"type": "Point", "coordinates": [2.309415, 48.858482]}, "properties": {"id_parcelle": "75107000BZ0074", "address": "21 RUE DE LA COMETE", "sales": 6, "median_price": 270000.0, "median_price_per_sqm": 10434.782608695652, "median_rooms": 0.5, "first_sale": "2021-01-15", "last_sale": "2025-10-27"}}, {"type": "Feature", "geometry": {"type": "Point", "coordinates": [2.317614, 48.847454]}, "properties": {"id_parcelle": "75107000BI0048", "address": "82 RUE DE SEVRES", "sales": 6, "median_price": 10000.0, "median_price_per_sqm": 117.6470588235294, "median_rooms": 5.0, "first_sale": "2022-07-27", "last_sale": "2024-11-13"}}, {"type": "Feature", "geometry": {"type": "Point", "coordinates": [2.312982, 48.847783]}, "properties": {"id_parcelle": "75107000BJ0011", "address": "20 RUE DUROC", "sales": 6, "median_price": 760000.0, "median_price_per_sqm": 14143.222506393862, "median_rooms": 0.0, "first_sale": "2021-09-10", "last_sale": "2024-12-19"}}, {"type": "Feature", "geometry": {"type": "Point", "coordinates": [2.303967, 48.85584]}, "properties": {"id_parcelle": "75107000BW0095", "address": "31 RUE DU CHAMP DE MARS", "sales": 6, "median_price": 340000.0, "median_price_per_sqm": 12239.583333333332, "median_rooms": 1.0, "first_sale": "2021-07-08", "last_sale": "2025-03-27"}}, {"type": "Feature", "geometry": {"type": "Point", "coordinates": [2.316816, 48.857421]}, "properties": {"id_parcelle": "75107000AY0004", "address": "121 RUE DE GRENELLE", "sales": 6, "median_price": 662500.0, "median_price_per_sqm": 11644.345238095239, "median_rooms": 0.5, "first_sale": "2021-09-02", "last_sale": "2023-09-25"}}, {"type": "Feature", "geometry": {"type": "Point", "coordinates": [2.307689, 48.858988]}, "properties": {"id_parcelle": "75107000BZ0036", "address": "11 RUE AMELIE", "sales": 6, "median_price": 162500.0, "median_price_per_sqm": 13722.853535353535, "median_rooms": 1.0, "first_sale": "2022-03-17", "last_sale": "2023-06-12"}}, {"type": "Feature", "geometry": {"type": "Point", "coordinates": [2.309255, 48.859422]}, "properties": {"id_parcelle": "75107000BZ0081", "address": "5 RUE DE LA COMETE", "sales": 6, "median_price": 36000.0, "median_price_per_sqm": 49.438202247191015, "median_rooms": 0.0, "first_sale": "2022-07-20", "last_sale": "2025-03-27"}}, {"type": "Feature", "geometry": {"type": "Point", "coordinates": [2.309096, 48.858313]}, "properties": {"id_parcelle": "75107000BZ0071", "address": "20 RUE DE LA COMETE", "sales": 6, "median_price": 730000.0, "median_price_per_sqm": 12725.0, "median_rooms": 0.5, "first_sale": "2022-03-08", "last_sale": "2024-07-12"}}, {"type": "Feature", "geometry": {"type": "Point", "coordinates": [2.305991, 48.855504]}, "properties": {"id_parcelle": "75107000BW0113", "address": "3 PAS DE LA VIERGE", "sales": 6, "median_price": 297350.0, "median_price_per_sqm": 12588.846153846154, "median_rooms": 0.5, "first_sale": "2021-03-23", "last_sale": "2025-10-29"}}, {"type": "Feature", "geometry": {"type": "Point", "coordinates": [2.30361, 48.855805]}, "properties": {"id_parcelle": "75107000BW0093", "address": "35 RUE DU CHAMP DE MARS", "sales": 6, "median_price": 570000.0, "median_price_per_sqm": 12391.304347826086, "median_rooms": 1.5, "first_sale": "2023-01-25", "last_sale": "2025-03-07"}}, {"type": "Feature", "geometry": {"type": "Point", "coordinates": [2.304936, 48.854966]}, "properties": {"id_parcelle": "75107000BW0107", "address": "64 AV BOSQUET", "sales": 6, "median_price": 252500.0, "median_price_per_sqm": 9833.333333333332, "median_rooms": 0.5, "first_sale": "2021-12-10", "last_sale": "2024-10-01"}}, {"type": "Feature", "geometry": {"type": "Point", "coordinates": [2.318326, 48.849695]}, "properties": {"id_parcelle": "75107000BG0007", "address": "9 RUE ROUSSELET", "sales": 6, "median_price": 375000.0, "median_price_per_sqm": 12931.034482758621, "median_rooms": 1.0, "first_sale": "2022-05-16", "last_sale": "2024-11-26"}}, {"type": "Feature", "geometry": {"type": "Point", "coordinates": [2.302605, 48.857101]}, "properties": {"id_parcelle": "75107000CD0049", "address": "10 RUE DU GROS CAILLOU", "sales": 6, "median_price": 285000.0, "median_price_per_sqm": 12391.304347826086, "median_rooms": 0.5, "first_sale": "2022-04-27", "last_sale": "2025-12-19"}}, {"type": "Feature", "geometry": {"type": "Point", "coordinates": [2.307775, 48.855065]}, "properties": {"id_parcelle": "75107000BX0031", "address": "28 RUE CHEVERT", "sales": 6, "median_price": 2831950.0, "median_price_per_sqm": 30127.127659574468, "median_rooms": 1.5, "first_sale": "2021-02-12", "last_sale": "2022-05-20"}}, {"type": "Feature", "geometry": {"type": "Point", "coordinates": [2.318208, 48.848581]}, "properties": {"id_parcelle": "75107000BH0013", "address": "20 RUE ROUSSELET", "sales": 6, "median_price": 483127.5, "median_price_per_sqm": 15221.89705882353, "median_rooms": 1.5, "first_sale": "2022-09-02", "last_sale": "2024-12-19"}}, {"type": "Feature", "geometry": {"type": "Point", "coordinates": [2.318304, 48.848519]}, "properties": {"id_parcelle": "75107000BH0014", "address": "22 RUE ROUSSELET", "sales": 6, "median_price": 470000.0, "median_price_per_sqm": 13333.333333333334, "median_rooms": 1.0, "first_sale": "2022-02-25", "last_sale": "2024-10-14"}}, {"type": "Feature", "geometry": {"type": "Point", "coordinates": [2.32317, 48.860773]}, "properties": {"id_parcelle": "75107000AP0018", "address": "72 RUE DE LILLE", "sales": 6, "median_price": 2888700.0, "median_price_per_sqm": 19273.333333333332, "median_rooms": 0.5, "first_sale": "2021-06-11", "last_sale": "2022-09-19"}}, {"type": "Feature", "geometry": {"type": "Point", "coordinates": [2.322833, 48.860301]}, "properties": {"id_parcelle": "75107000AP0028", "address": "95 RUE DE LILLE", "sales": 6, "median_price": 4585000.0, "median_price_per_sqm": 25699.926900584796, "median_rooms": 0.0, "first_sale": "2021-05-07", "last_sale": "2023-05-22"}}, {"type": "Feature", "geometry": {"type": "Point", "coordinates": [2.306837, 48.854712]}, "properties": {"id_parcelle": "75107000BX0012", "address": "35 AV DE LA MOTTE PICQUET", "sales": 6, "median_price": 690100.0, "median_price_per_sqm": 6.25, "median_rooms": 2.0, "first_sale": "2021-11-29", "last_sale": "2025-11-26"}}, {"type": "Feature", "geometry": {"type": "Point", "coordinates": [2.326866, 48.85911]}, "properties": {"id_parcelle": "75107000AO0021", "address": "55 RUE DE LILLE", "sales": 6, "median_price": 3350000.0, "median_price_per_sqm": 108211.49268956138, "median_rooms": 0.0, "first_sale": "2024-11-14", "last_sale": "2024-11-14"}}, {"type": "Feature", "geometry": {"type": "Point", "coordinates": [2.306551, 48.854582]}, "properties": {"id_parcelle": "75107000BX0016", "address": "39 AV DE LA MOTTE PICQUET", "sales": 6, "median_price": 228937.5, "median_price_per_sqm": 10828.125, "median_rooms": 1.0, "first_sale": "2022-10-11", "last_sale": "2025-10-27"}}, {"type": "Feature", "geometry": {"type": "Point", "coordinates": [2.308164, 48.855587]}, "properties": {"id_parcelle": "75107000BX0002", "address": "2 RUE BOUGAINVILLE", "sales": 6, "median_price": 690000.0, "median_price_per_sqm": 15333.333333333334, "median_rooms": 1.0, "first_sale": "2023-04-14", "last_sale": "2025-10-31"}}, {"type": "Feature", "geometry": {"type": "Point", "coordinates": [2.307039, 48.854827]}, "properties": {"id_parcelle": "75107000BX0010", "address": "31 AV DE LA MOTTE PICQUET", "sales": 6, "median_price": 650000.0, "median_price_per_sqm": 14444.444444444445, "median_rooms": 2.0, "first_sale": "2022-09-09", "last_sale": "2025-11-21"}}, {"type": "Feature", "geometry": {"type": "Point", "coordinates": [2.304617, 48.855414]}, "properties": {"id_parcelle": "75107000BW0103", "address": "56 AV BOSQUET", "sales": 6, "median_price": 946000.0, "median_price_per_sqm": 16727.441860465115, "median_rooms": 0.0, "first_sale": "2021-05-12", "last_sale": "2022-09-30"}}, {"type": "Feature", "geometry": {"type": "Point", "coordinates": [2.304578, 48.857402]}, "properties": {"id_parcelle": "75107000CD0117", "address": "47 AV BOSQUET", "sales": 6, "median_price": 1200000.0, "median_price_per_sqm": 13186.813186813188, "median_rooms": 1.0, "first_sale": "2022-08-29", "last_sale": "2025-09-22"}}, {"type": "Feature", "geometry": {"type": "Point", "coordinates": [2.304596, 48.857551]}, "properties": {"id_parcelle": "75107000CD0119", "address": "196 RUE DE GRENELLE", "sales": 6, "median_price": 393000.0, "median_price_per_sqm": 11536.5, "median_rooms": 0.5, "first_sale": "2022-02-14", "last_sale": "2025-03-24"}}, {"type": "Feature", "geometry": {"type": "Point", "coordinates": [2.315847, 48.851633]}, "properties": {"id_parcelle": "75107000BF0003", "address": "59 RUE DE BABYLONE", "sales": 6, "median_price": 1785749.0, "median_price_per_sqm": 14965.991051942383, "median_rooms": 0.5, "first_sale": "2022-07-20", "last_sale": "2025-03-25"}}, {"type": "Feature", "geometry": {"type": "Point", "coordinates": [2.30733, 48.856783]}, "properties": {"id_parcelle": "75107000BY0082", "address": "19 RUE DUVIVIER", "sales": 6, "median_price": 285250.0, "median_price_per_sqm": 11410.0, "median_rooms": 1.0, "first_sale": "2023-08-07", "last_sale": "2025-02-13"}}, {"type": "Feature", "geometry": {"type": "Point", "coordinates": [2.30932, 48.856325]}, "properties": {"id_parcelle": "75107000BY0133", "address": "4 RUE CHEVERT", "sales": 6, "median_price": 1166858.8, "median_price_per_sqm": 14585.735, "median_rooms": 2.0, "first_sale": "2022-04-04", "last_sale": "2025-05-15"}}, {"type": "Feature", "geometry": {"type": "Point", "coordinates": [2.331818, 48.85706]}, "properties": {"id_parcelle": "75107000AC0042", "address": "10 RUE DES SAINTS PERES", "sales": 6, "median_price": 1175000.0, "median_price_per_sqm": 34558.82352941176, "median_rooms": 0.0, "first_sale": "2022-02-15", "last_sale": "2024-09-19"}}, {"type": "Feature", "geometry": {"type": "Point", "coordinates": [2.330307, 48.85781]}, "properties": {"id_parcelle": "75107000AC0023", "address": "24 RUE DE VERNEUIL", "sales": 6, "median_price": 764000.0, "median_price_per_sqm": 11263.659699303264, "median_rooms": 0.0, "first_sale": "2022-09-27", "last_sale": "2025-12-04"}}, {"type": "Feature", "geometry": {"type": "Point", "coordinates": [2.331094, 48.857859]}, "properties": {"id_parcelle": "75107000AC0026", "address": "13 RUE DE LILLE", "sales": 6, "median_price": 367176.0, "median_price_per_sqm": 14135.632592592592, "median_rooms": 1.0, "first_sale": "2021-06-29", "last_sale": "2025-11-04"}}, {"type": "Feature", "geometry": {"type": "Point", "coordinates": [2.328448, 48.857945]}, "properties": {"id_parcelle": "75107000AC0091", "address": "21 RUE DU BAC", "sales": 6, "median_price": 1972500.0, "median_price_per_sqm": 19689.814814814818, "median_rooms": 2.5, "first_sale": "2022-04-27", "last_sale": "2024-12-17"}}, {"type": "Feature", "geometry": {"type": "Point", "coordinates": [2.303024, 48.861397]}, "properties": {"id_parcelle": "75107000CN0024", "address": "184 RUE DE L UNIVERSITE", "sales": 6, "median_price": 911250.0, "median_price_per_sqm": 12666.701287910262, "median_rooms": 0.0, "first_sale": "2022-11-23", "last_sale": "2023-03-24"}}, {"type": "Feature", "geometry": {"type": "Point", "coordinates": [2.328304, 48.857822]}, "properties": {"id_parcelle": "75107000AC0090", "address": "23 RUE DU BAC", "sales": 6, "median_price": 492500.0, "median_price_per_sqm": 10942.887931034482, "median_rooms": 2.0, "first_sale": "2021-07-28", "last_sale": "2025-06-06"}}, {"type": "Feature", "geometry": {"type": "Point", "coordinates": [2.305872, 48.860841]}, "properties": {"id_parcelle": "75107000CL0002", "address": "17 RUE MALAR", "sales": 6, "median_price": 289775.0, "median_price_per_sqm": 13523.03448275862, "median_rooms": 1.0, "first_sale": "2022-07-08", "last_sale": "2022-09-07"}}, {"type": "Feature", "geometry": {"type": "Point", "coordinates": [2.306032, 48.86044]}, "properties": {"id_parcelle": "75107000CL0006", "address": "25 RUE MALAR", "sales": 6, "median_price": 500000.0, "median_price_per_sqm": 10638.297872340425, "median_rooms": 1.0, "first_sale": "2021-09-29", "last_sale": "2022-12-13"}}, {"type": "Feature", "geometry": {"type": "Point", "coordinates": [2.328457, 48.853736]}, "properties": {"id_parcelle": "75107000AE0039", "address": "31 RUE ST GUILLAUME", "sales": 6, "median_price": 4320000.0, "median_price_per_sqm": 180.98159509202455, "median_rooms": 5.5, "first_sale": "2023-07-25", "last_sale": "2023-07-27"}}, {"type": "Feature", "geometry": {"type": "Point", "coordinates": [2.329878, 48.854857]}, "properties": {"id_parcelle": "75107000AD0076", "address": "196 BD SAINT GERMAIN", "sales": 6, "median_price": 2500000.0, "median_price_per_sqm": 21422.77445460943, "median_rooms": 0.0, "first_sale": "2025-09-22", "last_sale": "2025-09-23"}}, {"type": "Feature", "geometry": {"type": "Point", "coordinates": [2.327044, 48.853635]}, "properties": {"id_parcelle": "75107000AE0057", "address": "8 RUE DE LA CHAISE", "sales": 6, "median_price": 695000.0, "median_price_per_sqm": 15151.515151515152, "median_rooms": 2.0, "first_sale": "2022-04-06", "last_sale": "2025-03-28"}}, {"type": "Feature", "geometry": {"type": "Point", "coordinates": [2.307518, 48.848275]}, "properties": {"id_parcelle": "75107000BO0012", "address": "5 RUE JOSE MARIA DE HEREDIA", "sales": 6, "median_price": 967030.0, "median_price_per_sqm": 15852.95081967213, "median_rooms": 0.5, "first_sale": "2025-01-17", "last_sale": "2025-12-08"}}, {"type": "Feature", "geometry": {"type": "Point", "coordinates": [2.309343, 48.860051]}, "properties": {"id_parcelle": "75107000CL0059", "address": "54 RUE ST DOMINIQUE", "sales": 6, "median_price": 240000.0, "median_price_per_sqm": 11247.058823529413, "median_rooms": 0.5, "first_sale": "2023-03-08", "last_sale": "2025-08-26"}}, {"type": "Feature", "geometry": {"type": "Point", "coordinates": [2.309263, 48.860025]}, "properties": {"id_parcelle": "75107000CL0058", "address": "56 RUE ST DOMINIQUE", "sales": 6, "median_price": 275000.0, "median_price_per_sqm": 13161.59420289855, "median_rooms": 0.0, "first_sale": "2022-03-28", "last_sale": "2024-08-27"}}, {"type": "Feature", "geometry": {"type": "Point", "coordinates": [2.330084, 48.855597]}, "properties": {"id_parcelle": "75107000AD0071", "address": "15 RUE DU PRE AUX CLERCS", "sales": 6, "median_price": 630000.0, "median_price_per_sqm": 9411.764705882353, "median_rooms": 0.0, "first_sale": "2023-09-01", "last_sale": "2025-07-10"}}, {"type": "Feature", "geometry": {"type": "Point", "coordinates": [2.302042, 48.860705]}, "properties": {"id_parcelle": "75107000CK0085", "address": "3 CITE DE L ALMA", "sales": 6, "median_price": 467940.0, "median_price_per_sqm": 14078.947368421053, "median_rooms": 1.0, "first_sale": "2021-03-25", "last_sale": "2025-02-03"}}, {"type": "Feature", "geometry": {"type": "Point", "coordinates": [2.305236, 48.856822]}, "properties": {"id_parcelle": "75107000BY0013", "address": "7 PAS DE L UNION", "sales": 6, "median_price": 393000.0, "median_price_per_sqm": 13100.0, "median_rooms": 0.5, "first_sale": "2021-06-22", "last_sale": "2022-03-21"}}, {"type": "Feature", "geometry": {"type": "Point", "coordinates": [2.301789, 48.856226]}, "properties": {"id_parcelle": "75107000CE0013", "address": "54 AV DE LA BOURDONNAIS", "sales": 6, "median_price": 2105000.0, "median_price_per_sqm": 15531.456953642384, "median_rooms": 0.0, "first_sale": "2023-06-29", "last_sale": "2025-06-24"}}, {"type": "Feature", "geometry": {"type": "Point", "coordinates": [2.298068, 48.853502]}, "properties": {"id_parcelle": "75107000CF0018", "address": "38 AV CHARLES FLOQUET", "sales": 6, "median_price": 1002500.0, "median_price_per_sqm": 13107.142857142857, "median_rooms": 0.0, "first_sale": "2023-04-13", "last_sale": "2025-02-03"}}, {"type": "Feature", "geometry": {"type": "Point", "coordinates": [2.304491, 48.855202]}, "properties": {"id_parcelle": "75107000BW0084", "address": "107 AV DE LA BOURDONNAIS", "sales": 6, "median_price": 1097500.0, "median_price_per_sqm": 16895.238095238095, "median_rooms": 2.5, "first_sale": "2021-07-05", "last_sale": "2023-06-01"}}, {"type": "Feature", "geometry": {"type": "Point", "coordinates": [2.313327, 48.849218]}, "properties": {"id_parcelle": "75107000BK0031", "address": "50 AV DUQUESNE", "sales": 6, "median_price": 1024270.0, "median_price_per_sqm": 13672.5, "median_rooms": 0.0, "first_sale": "2021-06-07", "last_sale": "2022-10-27"}}, {"type": "Feature", "geometry": {"type": "Point", "coordinates": [2.311464, 48.852219]}, "properties": {"id_parcelle": "75107000BL0010", "address": "14 AV DE BRETEUIL", "sales": 6, "median_price": 86850.0, "median_price_per_sqm": null, "median_rooms": 0.0, "first_sale": "2021-09-30", "last_sale": "2025-10-13"}}, {"type": "Feature", "geometry": {"type": "Point", "coordinates": [2.31321, 48.847446]}, "properties": {"id_parcelle": "75107000BI0017", "address": "11 RUE DUROC", "sales": 6, "median_price": 1756495.0, "median_price_per_sqm": 14637.458333333334, "median_rooms": 0.0, "first_sale": "2025-07-31", "last_sale": "2025-09-11"}}, {"type": "Feature", "geometry": {"type": "Point", "coordinates": [2.312532, 48.84917]}, "properties": {"id_parcelle": "75107000BK0034", "address": "37 AV DE BRETEUIL", "sales": 6, "median_price": 2012460.0, "median_price_per_sqm": 24675.9477124183, "median_rooms": 0.0, "first_sale": "2021-06-21", "last_sale": "2021-08-19"}}, {"type": "Feature", "geometry": {"type": "Point", "coordinates": [2.305166, 48.857633]}, "properties": {"id_parcelle": "75107000CD0131", "address": "2 SQ DE ROBIAC", "sales": 6, "median_price": 920000.0, "median_price_per_sqm": 13671.875, "median_rooms": 0.0, "first_sale": "2022-03-18", "last_sale": "2025-11-04"}}, {"type": "Feature", "geometry": {"type": "Point", "coordinates": [2.327904, 48.858229]}, "properties": {"id_parcelle": "75107000AN0061", "address": "39 RUE DE VERNEUIL", "sales": 6, "median_price": 435000.0, "median_price_per_sqm": 10357.142857142857, "median_rooms": 2.0, "first_sale": "2021-12-20", "last_sale": "2025-12-04"}}, {"type": "Feature", "geometry": {"type": "Point", "coordinates": [2.327784, 48.857935]}, "properties": {"id_parcelle": "75107000AN0065", "address": "46 RUE DE L UNIVERSITE", "sales": 6, "median_price": 972500.0, "median_price_per_sqm": 14958.333333333332, "median_rooms": 2.0, "first_sale": "2021-01-13", "last_sale": "2025-05-16"}}, {"type": "Feature", "geometry": {"type": "Point", "coordinates": [2.303727, 48.856264]}, "properties": {"id_parcelle": "75107000BW0004", "address": "24 RUE DU CHAMP DE MARS", "sales": 6, "median_price": 678000.0, "median_price_per_sqm": 13465.470588235294, "median_rooms": 1.0, "first_sale": "2022-09-30", "last_sale": "2024-06-28"}}, {"type": "Feature", "geometry": {"type": "Point", "coordinates": [2.298231, 48.859585]}, "properties": {"id_parcelle": "75107000CI0011", "address": "22 RUE DE MONTTESSUY", "sales": 6, "median_price": 500000.0, "median_price_per_sqm": 9706.153846153846, "median_rooms": 0.0, "first_sale": "2023-01-31", "last_sale": "2025-02-13"}}, {"type": "Feature", "geometry": {"type": "Point", "coordinates": [2.298107, 48.859197]}, "properties": {"id_parcelle": "75107000CI0058", "address": "23 AV DE LA BOURDONNAIS", "sales": 6, "median_price": 959170.0, "median_price_per_sqm": 19813.71710526316, "median_rooms": 2.5, "first_sale": "2021-03-04", "last_sale": "2023-09-15"}}, {"type": "Feature", "geometry": {"type": "Point", "coordinates": [2.300676, 48.860631]}, "properties": {"id_parcelle": "75107000CI0039", "address": "6 AV RAPP", "sales": 6, "median_price": 893870.0, "median_price_per_sqm": 11988.372093023256, "median_rooms": 0.5, "first_sale": "2021-01-22", "last_sale": "2024-10-31"}}, {"type": "Feature", "geometry": {"type": "Point", "coordinates": [2.323599, 48.85424]}, "properties": {"id_parcelle": "75107000AL0030", "address": "36 RUE DE VARENNE", "sales": 6, "median_price": 1521600.0, "median_price_per_sqm": 12198.205128205129, "median_rooms": 0.0, "first_sale": "2022-05-03", "last_sale": "2022-11-25"}}, {"type": "Feature", "geometry": {"type": "Point", "coordinates": [2.322791, 48.853974]}, "properties": {"id_parcelle": "75107000AK0026", "address": "43 RUE DE VARENNE", "sales": 6, "median_price": 1650000.0, "median_price_per_sqm": 11399.057825086307, "median_rooms": 0.0, "first_sale": "2022-04-20", "last_sale": "2025-06-05"}}, {"type": "Feature", "geometry": {"type": "Point", "coordinates": [2.319707, 48.853302]}, "properties": {"id_parcelle": "75107000AK0012", "address": "19 RUE VANEAU", "sales": 6, "median_price": 965000.0, "median_price_per_sqm": 29640.659863945577, "median_rooms": 1.0, "first_sale": "2021-06-30", "last_sale": "2025-12-19"}}, {"type": "Feature", "geometry": {"type": "Point", "coordinates": [2.323303, 48.85146]}, "properties": {"id_parcelle": "75107000AI0016", "address": "132 RUE DU BAC", "sales": 6, "median_price": 178000.0, "median_price_per_sqm": 15912.5, "median_rooms": 0.0, "first_sale": "2023-09-29", "last_sale": "2025-07-21"}}, {"type": "Feature", "geometry": {"type": "Point", "coordinates": [2.322623, 48.857656]}, "properties": {"id_parcelle": "75107000AM0004", "address": "29 RUE DE BELLECHASSE", "sales": 6, "median_price": 1125000.0, "median_price_per_sqm": 18444.444444444445, "median_rooms": 0.0, "first_sale": "2021-10-13", "last_sale": "2024-06-17"}}, {"type": "Feature", "geometry": {"type": "Point", "coordinates": [2.324532, 48.854657]}, "properties": {"id_parcelle": "75107000AL0093", "address": "77 RUE DU BAC", "sales": 6, "median_price": 506185.0, "median_price_per_sqm": 15628.178571428572, "median_rooms": 2.0, "first_sale": "2021-03-31", "last_sale": "2025-12-29"}}, {"type": "Feature", "geometry": {"type": "Point", "coordinates": [2.312837, 48.85288]}, "properties": {"id_parcelle": "75107000BL0038", "address": "2 AV DE VILLARS", "sales": 6, "median_price": 7472231.5, "median_price_per_sqm": 61111.16294227188, "median_rooms": 3.0, "first_sale": "2022-03-18", "last_sale": "2024-01-19"}}, {"type": "Feature", "geometry": {"type": "Point", "coordinates": [2.313435, 48.85183]}, "properties": {"id_parcelle": "75107000BL0027", "address": "14 AV DE VILLARS", "sales": 6, "median_price": 946000.0, "median_price_per_sqm": 23073.170731707316, "median_rooms": 0.0, "first_sale": "2022-01-28", "last_sale": "2023-06-29"}}, {"type": "Feature", "geometry": {"type": "Point", "coordinates": [2.305575, 48.856176]}, "properties": {"id_parcelle": "75107000BW0019", "address": "15 RUE DU CHAMP DE MARS", "sales": 6, "median_price": 387500.0, "median_price_per_sqm": 14633.190883190884, "median_rooms": 1.0, "first_sale": "2021-02-12", "last_sale": "2024-05-15"}}, {"type": "Feature", "geometry": {"type": "Point", "coordinates": [2.311142, 48.852089]}, "properties": {"id_parcelle": "75107000BL0012", "address": "13 AV DE SEGUR", "sales": 6, "median_price": 2700000.0, "median_price_per_sqm": 13857.493857493857, "median_rooms": 0.0, "first_sale": "2024-06-26", "last_sale": "2025-06-13"}}, {"type": "Feature", "geometry": {"type": "Point", "coordinates": [2.297503, 48.85902]}, "properties": {"id_parcelle": "75107000CH0001", "address": "1 AV SILVESTRE DE SACY", "sales": 6, "median_price": 6082100.0, "median_price_per_sqm": 15698.205854579792, "median_rooms": 0.0, "first_sale": "2021-12-06", "last_sale": "2025-05-21"}}, {"type": "Feature", "geometry": {"type": "Point", "coordinates": [2.294648, 48.855507]}, "properties": {"id_parcelle": "75107000CG0014", "address": "27 AV DE SUFFREN", "sales": 6, "median_price": 1358200.0, "median_price_per_sqm": 11914.035087719298, "median_rooms": 2.5, "first_sale": "2022-03-04", "last_sale": "2023-01-25"}}, {"type": "Feature", "geometry": {"type": "Point", "coordinates": [2.306068, 48.855839]}, "properties": {"id_parcelle": "75107000BW0050", "address": "15 RUE BOSQUET", "sales": 6, "median_price": 378000.0, "median_price_per_sqm": 11542.857142857143, "median_rooms": 1.0, "first_sale": "2021-08-06", "last_sale": "2022-07-05"}}, {"type": "Feature", "geometry": {"type": "Point", "coordinates": [2.305647, 48.856042]}, "properties": {"id_parcelle": "75107000BW0035", "address": "24 RUE BOSQUET", "sales": 6, "median_price": 465000.0, "median_price_per_sqm": 18600.0, "median_rooms": 0.5, "first_sale": "2022-05-02", "last_sale": "2022-12-15"}}, {"type": "Feature", "geometry": {"type": "Point", "coordinates": [2.314227, 48.853381]}, "properties": {"id_parcelle": "75107000BL0040", "address": "1 AV DE TOURVILLE", "sales": 6, "median_price": 717400.0, "median_price_per_sqm": 9502.941176470587, "median_rooms": 0.0, "first_sale": "2022-07-01", "last_sale": "2025-09-05"}}, {"type": "Feature", "geometry": {"type": "Point", "coordinates": [2.314174, 48.85328]}, "properties": {"id_parcelle": "75107000BL0041", "address": "12 BD DES INVALIDES", "sales": 6, "median_price": 1540000.0, "median_price_per_sqm": 14962.962962962964, "median_rooms": 0.0, "first_sale": "2022-06-07", "last_sale": "2023-11-30"}}, {"type": "Feature", "geometry": {"type": "Point", "coordinates": [2.316518, 48.847627]}, "properties": {"id_parcelle": "75107000BI0040", "address": "63 BD DES INVALIDES", "sales": 6, "median_price": 5150000.0, "median_price_per_sqm": 16830.065359477125, "median_rooms": 0.0, "first_sale": "2021-11-08", "last_sale": "2023-11-23"}}, {"type": "Feature", "geometry": {"type": "Point", "coordinates": [2.317529, 48.847529]}, "properties": {"id_parcelle": "75107000BI0045", "address": "10 AV DANIEL LESUEUR", "sales": 6, "median_price": 1555000.0, "median_price_per_sqm": 11280.0, "median_rooms": 2.5, "first_sale": "2021-03-31", "last_sale": "2025-07-25"}}, {"type": "Feature", "geometry": {"type": "Point", "coordinates": [2.324014, 48.856602]}, "properties": {"id_parcelle": "75107000AM0023", "address": "6 RUE DE ST SIMON", "sales": 6, "median_price": 614000.0, "median_price_per_sqm": 21111.11111111111, "median_rooms": 0.0, "first_sale": "2022-10-04", "last_sale": "2024-02-08"}}, {"type": "Feature", "geometry": {"type": "Point", "coordinates": [2.312695, 48.851389]}, "properties": {"id_parcelle": "75107000BK0002", "address": "19 AV DE BRETEUIL", "sales": 6, "median_price": 1630875.0, "median_price_per_sqm": 19297.752808988764, "median_rooms": 0.0, "first_sale": "2023-03-09", "last_sale": "2025-05-27"}}, {"type": "Feature", "geometry": {"type": "Point", "coordinates": [2.297164, 48.854092]}, "properties": {"id_parcelle": "75107000CF0006", "address": "30 AV CHARLES FLOQUET", "sales": 6, "median_price": 1119350.0, "median_price_per_sqm": 16355.14705882353, "median_rooms": 0.0, "first_sale": "2023-05-04", "last_sale": "2024-09-09"}}, {"type": "Feature", "geometry": {"type": "Point", "coordinates": [2.295433, 48.855215]}, "properties": {"id_parcelle": "75107000CG0007", "address": "4 AV DU DOCTEUR BROUARDEL", "sales": 6, "median_price": 2850000.0, "median_price_per_sqm": 11680.327868852459, "median_rooms": 0.0, "first_sale": "2024-07-16", "last_sale": "2025-09-01"}}, {"type": "Feature", "geometry": {"type": "Point", "coordinates": [2.294396, 48.856414]}, "properties": {"id_parcelle": "75107000CG0002", "address": "5 AV CHARLES FLOQUET", "sales": 6, "median_price": 4600000.0, "median_price_per_sqm": 27078.120656102306, "median_rooms": 0.0, "first_sale": "2021-12-29", "last_sale": "2025-12-19"}}, {"type": "Feature", "geometry": {"type": "Point", "coordinates": [2.325944, 48.853634]}, "properties": {"id_parcelle": "75107000AL0107", "address": "14 RUE DE VARENNE", "sales": 6, "median_price": 364754.05, "median_price_per_sqm": 20774.400852272727, "median_rooms": 0.0, "first_sale": "2021-05-18", "last_sale": "2025-10-01"}}, {"type": "Feature", "geometry": {"type": "Point", "coordinates": [2.302733, 48.856709]}, "properties": {"id_parcelle": "75107000CD0139", "address": "18 RUE DU GROS CAILLOU", "sales": 6, "median_price": 657000.0, "median_price_per_sqm": 13408.163265306122, "median_rooms": 2.0, "first_sale": "2022-05-31", "last_sale": "2024-10-22"}}, {"type": "Feature", "geometry": {"type": "Point", "coordinates": [2.306955, 48.85656]}, "properties": {"id_parcelle": "75107000BY0064", "address": "1 RUE DU CHAMP DE MARS", "sales": 6, "median_price": 95000.0, "median_price_per_sqm": 8636.363636363636, "median_rooms": 0.5, "first_sale": "2023-03-28", "last_sale": "2025-11-13"}}, {"type": "Feature", "geometry": {"type": "Point", "coordinates": [2.309336, 48.849314]}, "properties": {"id_parcelle": "75107000BN0008", "address": "17 AV DE SAXE", "sales": 6, "median_price": 1739600.0, "median_price_per_sqm": 12127.699805068227, "median_rooms": 0.0, "first_sale": "2023-06-09", "last_sale": "2023-09-07"}}, {"type": "Feature", "geometry": {"type": "Point", "coordinates": [2.316974, 48.853134]}, "properties": {"id_parcelle": "75107000BE0003", "address": "28 RUE BARBET DE JOUY", "sales": 6, "median_price": 3363636.4, "median_price_per_sqm": 20646.02087912088, "median_rooms": 1.5, "first_sale": "2021-01-28", "last_sale": "2025-05-06"}}, {"type": "Feature", "geometry": {"type": "Point", "coordinates": [2.301774, 48.860939]}, "properties": {"id_parcelle": "75107000CK0007", "address": "181 RUE DE L UNIVERSITE", "sales": 6, "median_price": 1271250.0, "median_price_per_sqm": 17066.441441441442, "median_rooms": 0.0, "first_sale": "2022-04-29", "last_sale": "2024-03-22"}}, {"type": "Feature", "geometry": {"type": "Point", "coordinates": [2.311083, 48.851413]}, "properties": {"id_parcelle": "75107000BM0039", "address": "39 AV DUQUESNE", "sales": 6, "median_price": 336460.0, "median_price_per_sqm": 12581.666666666666, "median_rooms": 2.0, "first_sale": "2022-07-21", "last_sale": "2023-06-30"}}, {"type": "Feature", "geometry": {"type": "Point", "coordinates": [2.318175, 48.850144]}, "properties": {"id_parcelle": "75107000BG0003", "address": "13 RUE OUDINOT", "sales": 6, "median_price": 350000.0, "median_price_per_sqm": 11666.666666666666, "median_rooms": 0.0, "first_sale": "2021-05-07", "last_sale": "2025-03-26"}}, {"type": "Feature", "geometry": {"type": "Point", "coordinates": [2.318486, 48.849448]}, "properties": {"id_parcelle": "75107000BG0009", "address": "15 RUE ROUSSELET", "sales": 6, "median_price": 547500.0, "median_price_per_sqm": 13809.52380952381, "median_rooms": 0.5, "first_sale": "2022-01-18", "last_sale": "2024-02-14"}}, {"type": "Feature", "geometry": {"type": "Point", "coordinates": [2.306242, 48.856692]}, "properties": {"id_parcelle": "75107000BY0031", "address": "38 RUE CLER", "sales": 6, "median_price": 2000000.0, "median_price_per_sqm": 30798.38900734423, "median_rooms": 0.0, "first_sale": "2021-03-31", "last_sale": "2023-03-30"}}, {"type": "Feature", "geometry": {"type": "Point", "coordinates": [2.318379, 48.849553]}, "properties": {"id_parcelle": "75107000BG0008", "address": "11 RUE ROUSSELET", "sales": 6, "median_price": 1575000.0, "median_price_per_sqm": 48125.0, "median_rooms": 1.5, "first_sale": "2021-02-26", "last_sale": "2023-02-09"}}, {"type": "Feature", "geometry": {"type": "Point", "coordinates": [2.308962, 48.856162]}, "properties": {"id_parcelle": "75107000BY0137", "address": "13 AV DE LA MOTTE PICQUET", "sales": 6, "median_price": 1130000.0, "median_price_per_sqm": 10654.166666666666, "median_rooms": 0.0, "first_sale": "2021-05-20", "last_sale": "2024-09-25"}}, {"type": "Feature", "geometry": {"type": "Point", "coordinates": [2.306779, 48.856523]}, "properties": {"id_parcelle": "75107000BY0063", "address": "3 RUE DU CHAMP DE MARS", "sales": 6, "median_price": 254250.0, "median_price_per_sqm": 12352.941176470587, "median_rooms": 0.5, "first_sale": "2021-08-03", "last_sale": "2024-10-23"}}, {"type": "Feature", "geometry": {"type": "Point", "coordinates": [2.30882, 48.85606]}, "properties": {"id_parcelle": "75107000BY0138", "address": "13 AV DE LA MOTTE PICQUET", "sales": 6, "median_price": 1015000.0, "median_price_per_sqm": 14391.666666666666, "median_rooms": 1.5, "first_sale": "2023-01-17", "last_sale": "2025-02-28"}}, {"type": "Feature", "geometry": {"type": "Point", "coordinates": [2.306905, 48.85626]}, "properties": {"id_parcelle": "75107000BY0068", "address": "51 RUE CLER", "sales": 6, "median_price": 220000.0, "median_price_per_sqm": 14496.842105263157, "median_rooms": 1.0, "first_sale": "2022-08-29", "last_sale": "2024-09-03"}}, {"type": "Feature", "geometry": {"type": "Point", "coordinates": [2.318949, 48.855028]}, "properties": {"id_parcelle": "75107000BD0026", "address": "63 RUE DE VARENNE", "sales": 6, "median_price": 5450000.0, "median_price_per_sqm": 23527.15510052812, "median_rooms": 0.0, "first_sale": "2021-10-07", "last_sale": "2025-04-30"}}, {"type": "Feature", "geometry": {"type": "Point", "coordinates": [2.321924, 48.858148]}, "properties": {"id_parcelle": "75107000AX0053", "address": "8 RUE LAS CASES", "sales": 6, "median_price": 4410591.0, "median_price_per_sqm": 32671.044444444444, "median_rooms": 0.5, "first_sale": "2022-05-13", "last_sale": "2024-02-01"}}, {"type": "Feature", "geometry": {"type": "Point", "coordinates": [2.318274, 48.857167]}, "properties": {"id_parcelle": "75107000AY0049", "address": "109 RUE DE GRENELLE", "sales": 6, "median_price": 887047.5, "median_price_per_sqm": 11173.991185897436, "median_rooms": 0.0, "first_sale": "2022-03-18", "last_sale": "2025-03-28"}}, {"type": "Feature", "geometry": {"type": "Point", "coordinates": [2.319931, 48.855195]}, "properties": {"id_parcelle": "75107000AY0062", "address": "72 RUE DE BELLECHASSE", "sales": 6, "median_price": 850000.0, "median_price_per_sqm": 16591.2, "median_rooms": 0.0, "first_sale": "2021-07-30", "last_sale": "2023-06-20"}}, {"type": "Feature", "geometry": {"type": "Point", "coordinates": [2.317243, 48.856034]}, "properties": {"id_parcelle": "75107000AY0033", "address": "57 RUE DE BOURGOGNE", "sales": 6, "median_price": 1170000.0, "median_price_per_sqm": 11700.0, "median_rooms": 0.0, "first_sale": "2021-09-15", "last_sale": "2022-02-09"}}, {"type": "Feature", "geometry": {"type": "Point", "coordinates": [2.316629, 48.856059]}, "properties": {"id_parcelle": "75107000AY0026", "address": "88 RUE DE VARENNE", "sales": 6, "median_price": 3200000.0, "median_price_per_sqm": 24427.480916030534, "median_rooms": 1.5, "first_sale": "2023-03-28", "last_sale": "2023-03-28"}}, {"type": "Feature", "geometry": {"type": "Point", "coordinates": [2.308717, 48.849616]}, "properties": {"id_parcelle": "75107000BN0005", "address": "9 AV DE SAXE", "sales": 6, "median_price": 455000.0, "median_price_per_sqm": 17348.484848484848, "median_rooms": 1.5, "first_sale": "2021-02-08", "last_sale": "2024-04-04"}}, {"type": "Feature", "geometry": {"type": "Point", "coordinates": [2.309897, 48.851161]}, "properties": {"id_parcelle": "75107000BM0014", "address": "25 AV DE SEGUR", "sales": 6, "median_price": 345000.0, "median_price_per_sqm": 14150.641025641025, "median_rooms": 1.5, "first_sale": "2021-04-08", "last_sale": "2024-10-15"}}, {"type": "Feature", "geometry": {"type": "Point", "coordinates": [2.304382, 48.86097]}, "properties": {"id_parcelle": "75107000CK0062", "address": "157 RUE DE L UNIVERSITE", "sales": 6, "median_price": 890000.0, "median_price_per_sqm": 13784.473684210527, "median_rooms": 1.0, "first_sale": "2022-10-04", "last_sale": "2024-09-17"}}, {"type": "Feature", "geometry": {"type": "Point", "coordinates": [2.301955, 48.859567]}, "properties": {"id_parcelle": "75107000CJ0055", "address": "7 RUE EDMOND VALENTIN", "sales": 6, "median_price": 2070000.0, "median_price_per_sqm": 15149.038461538461, "median_rooms": 0.0, "first_sale": "2024-06-26", "last_sale": "2024-07-17"}}, {"type": "Feature", "geometry": {"type": "Point", "coordinates": [2.324169, 48.853786]}, "properties": {"id_parcelle": "75107000AG0002", "address": "25 RUE DE VARENNE", "sales": 6, "median_price": 398500.0, "median_price_per_sqm": 13821.21212121212, "median_rooms": 2.0, "first_sale": "2021-05-03", "last_sale": "2025-12-18"}}, {"type": "Feature", "geometry": {"type": "Point", "coordinates": [2.300901, 48.858217]}, "properties": {"id_parcelle": "75107000CJ0017", "address": "41 AV RAPP", "sales": 6, "median_price": 1505000.0, "median_price_per_sqm": 16129.032258064517, "median_rooms": 0.5, "first_sale": "2021-09-30", "last_sale": "2022-12-13"}}, {"type": "Feature", "geometry": {"type": "Point", "coordinates": [2.301172, 48.858925]}, "properties": {"id_parcelle": "75107000CJ0021", "address": "3 SQ RAPP", "sales": 6, "median_price": 3445000.0, "median_price_per_sqm": 16327.014218009479, "median_rooms": 0.0, "first_sale": "2021-11-15", "last_sale": "2023-07-24"}}, {"type": "Feature", "geometry": {"type": "Point", "coordinates": [2.305883, 48.859805]}, "properties": {"id_parcelle": "75107000CK0077", "address": "24 RUE MALAR", "sales": 6, "median_price": 354050.0, "median_price_per_sqm": 13913.953488372093, "median_rooms": 0.5, "first_sale": "2024-02-21", "last_sale": "2025-09-29"}}, {"type": "Feature", "geometry": {"type": "Point", "coordinates": [2.325859, 48.853243]}, "properties": {"id_parcelle": "75107000AG0020", "address": "13 RUE DE VARENNE", "sales": 6, "median_price": 6547000.0, "median_price_per_sqm": 21784.106862945548, "median_rooms": 4.0, "first_sale": "2021-02-19", "last_sale": "2024-09-30"}}, {"type": "Feature", "geometry": {"type": "Point", "coordinates": [2.303648, 48.860507]}, "properties": {"id_parcelle": "75107000CK0048", "address": "5 PAS LANDRIEU", "sales": 6, "median_price": 145000.0, "median_price_per_sqm": 6949.375, "median_rooms": 1.0, "first_sale": "2022-07-07", "last_sale": "2024-07-01"}}, {"type": "Feature", "geometry": {"type": "Point", "coordinates": [2.300216, 48.85272]}, "properties": {"id_parcelle": "75107000BU0007", "address": "1 AV EMILE ACOLLAS", "sales": 6, "median_price": 2262360.0, "median_price_per_sqm": 29213.286713286714, "median_rooms": 0.0, "first_sale": "2024-10-08", "last_sale": "2025-01-07"}}, {"type": "Feature", "geometry": {"type": "Point", "coordinates": [2.299388, 48.853311]}, "properties": {"id_parcelle": "75107000BU0003", "address": "37 AV CHARLES FLOQUET", "sales": 6, "median_price": 3130000.0, "median_price_per_sqm": 32268.0412371134, "median_rooms": 1.5, "first_sale": "2021-12-10", "last_sale": "2022-02-11"}}, {"type": "Feature", "geometry": {"type": "Point", "coordinates": [2.296523, 48.859655]}, "properties": {"id_parcelle": "75107000CQ0012", "address": "223 RUE DE L UNIVERSITE", "sales": 6, "median_price": 1470550.0, "median_price_per_sqm": 14626.787128712871, "median_rooms": 0.0, "first_sale": "2022-05-30", "last_sale": "2025-02-20"}}, {"type": "Feature", "geometry": {"type": "Point", "coordinates": [2.331003, 48.858611]}, "properties": {"id_parcelle": "75107000AB0025", "address": "17 QUAI VOLTAIRE", "sales": 6, "median_price": 1511200.0, "median_price_per_sqm": 17879.93650793651, "median_rooms": 0.0, "first_sale": "2021-06-30", "last_sale": "2025-07-17"}}, {"type": "Feature", "geometry": {"type": "Point", "coordinates": [2.292466, 48.856866]}, "properties": {"id_parcelle": "75107000CS0009", "address": "7 AV DE SUFFREN", "sales": 6, "median_price": 1053850.0, "median_price_per_sqm": 55.55555555555556, "median_rooms": 1.5, "first_sale": "2021-10-26", "last_sale": "2022-09-16"}}, {"type": "Feature", "geometry": {"type": "Point", "coordinates": [2.330053, 48.858673]}, "properties": {"id_parcelle": "75107000AB0017", "address": "5 RUE DE BEAUNE", "sales": 6, "median_price": 974750.0, "median_price_per_sqm": 21443.548387096773, "median_rooms": 0.5, "first_sale": "2021-09-27", "last_sale": "2024-02-28"}}, {"type": "Feature", "geometry": {"type": "Point", "coordinates": [2.304257, 48.861587]}, "properties": {"id_parcelle": "75107000CN0019", "address": "7 RUE COGNACQ JAY", "sales": 5, "median_price": 70000.0, "median_price_per_sqm": 8102.867121507472, "median_rooms": 0.0, "first_sale": "2021-01-19", "last_sale": "2025-06-24"}}, {"type": "Feature", "geometry": {"type": "Point", "coordinates": [2.304745, 48.861379]}, "properties": {"id_parcelle": "75107000CN0015", "address": "172 RUE DE L UNIVERSITE", "sales": 5, "median_price": 624000.0, "median_price_per_sqm": 15281.41239173884, "median_rooms": 0.0, "first_sale": "2021-03-22", "last_sale": "2023-06-23"}}, {"type": "Feature", "geometry": {"type": "Point", "coordinates": [2.331493, 48.856718]}, "properties": {"id_parcelle": "75107000AC0046", "address": "16 RUE DES SAINTS PERES", "sales": 5, "median_price": 1411200.0, "median_price_per_sqm": 17640.0, "median_rooms": 3.0, "first_sale": "2022-09-12", "last_sale": "2025-10-17"}}, {"type": "Feature", "geometry": {"type": "Point", "coordinates": [2.308037, 48.847888]}, "properties": {"id_parcelle": "75107000BO0034", "address": "9 RUE JOSE MARIA DE HEREDIA", "sales": 5, "median_price": 1079000.0, "median_price_per_sqm": 14386.805555555555, "median_rooms": 0.0, "first_sale": "2022-11-14", "last_sale": "2024-09-10"}}, {"type": "Feature", "geometry": {"type": "Point", "coordinates": [2.310968, 48.849083]}, "properties": {"id_parcelle": "75107000BN0020", "address": "60 AV DE BRETEUIL", "sales": 5, "median_price": 665000.0, "median_price_per_sqm": 16675.96153846154, "median_rooms": 0.0, "first_sale": "2024-09-05", "last_sale": "2025-02-07"}}, {"type": "Feature", "geometry": {"type": "Point", "coordinates": [2.329363, 48.858479]}, "properties": {"id_parcelle": "75107000AC0009", "address": "33 RUE DE LILLE", "sales": 5, "median_price": 600000.0, "median_price_per_sqm": 13380.952380952382, "median_rooms": 0.0, "first_sale": "2021-01-28", "last_sale": "2024-10-28"}}, {"type": "Feature", "geometry": {"type": "Point", "coordinates": [2.297727, 48.853662]}, "properties": {"id_parcelle": "75107000CF0022", "address": "34 AV CHARLES FLOQUET", "sales": 5, "median_price": 1300000.0, "median_price_per_sqm": 13000.0, "median_rooms": 0.0, "first_sale": "2021-12-17", "last_sale": "2025-12-31"}}, {"type": "Feature", "geometry": {"type": "Point", "coordinates": [2.326962, 48.85707]}, "properties": {"id_parcelle": "75107000AN0033", "address": "40 RUE DU BAC", "sales": 5, "median_price": 505000.0, "median_price_per_sqm": 15986.615842490843, "median_rooms": 0.0, "first_sale": "2022-12-13", "last_sale": "2025-08-26"}}, {"type": "Feature", "geometry": {"type": "Point", "coordinates": [2.297421, 48.854523]}, "properties": {"id_parcelle": "75107000CF0010", "address": "19 AV CHARLES FLOQUET", "sales": 5, "median_price": 3000000.0, "median_price_per_sqm": 15544.238370325325, "median_rooms": 0.0, "first_sale": "2022-10-28", "last_sale": "2025-11-14"}}, {"type": "Feature", "geometry": {"type": "Point", "coordinates": [2.30336, 48.857396]}, "properties": {"id_parcelle": "75107000CD0100", "address": "23 RUE DE L EXPOSITION", "sales": 5, "median_price": 236900.0, "median_price_per_sqm": 13250.0, "median_rooms": 1.0, "first_sale": "2021-07-27", "last_sale": "2025-11-03"}}, {"type": "Feature", "geometry": {"type": "Point", "coordinates": [2.30361, 48.857353]}, "properties": {"id_parcelle": "75107000CD0113", "address": "30 AV BOSQUET", "sales": 5, "median_price": 310000.0, "median_price_per_sqm": 8144.132653061224, "median_rooms": 0.0, "first_sale": "2021-03-24", "last_sale": "2022-12-15"}}, {"type": "Feature", "geometry": {"type": "Point", "coordinates": [2.30415, 48.856786]}, "properties": {"id_parcelle": "75107000BW0009", "address": "38 AV BOSQUET", "sales": 5, "median_price": 1015000.0, "median_price_per_sqm": 14295.774647887323, "median_rooms": 0.0, "first_sale": "2022-06-21", "last_sale": "2024-07-30"}}, {"type": "Feature", "geometry": {"type": "Point", "coordinates": [2.304195, 48.85639]}, "properties": {"id_parcelle": "75107000BW0012", "address": "40 AV BOSQUET", "sales": 5, "median_price": 1700000.0, "median_price_per_sqm": 12916.666666666666, "median_rooms": 0.0, "first_sale": "2023-02-07", "last_sale": "2025-10-15"}}, {"type": "Feature", "geometry": {"type": "Point", "coordinates": [2.309628, 48.850267]}, "properties": {"id_parcelle": "75107000BM0033", "address": "6 VLA DE SEGUR", "sales": 5, "median_price": 2043000.0, "median_price_per_sqm": 15294.667097608275, "median_rooms": 3.0, "first_sale": "2021-04-23", "last_sale": "2025-01-17"}}, {"type": "Feature", "geometry": {"type": "Point", "coordinates": [2.302674, 48.854856]}, "properties": {"id_parcelle": "75107000BV0007", "address": "24 AV EMILE DESCHANEL", "sales": 5, "median_price": 8699600.0, "median_price_per_sqm": 24165.555555555555, "median_rooms": 0.0, "first_sale": "2022-11-30", "last_sale": "2022-11-30"}}, {"type": "Feature", "geometry": {"type": "Point", "coordinates": [2.311486, 48.852048]}, "properties": {"id_parcelle": "75107000BL0013", "address": "16 AV DE BRETEUIL", "sales": 5, "median_price": 3300000.0, "median_price_per_sqm": 17368.42105263158, "median_rooms": 0.0, "first_sale": "2024-02-29", "last_sale": "2024-04-05"}}, {"type": "Feature", "geometry": {"type": "Point", "coordinates": [2.311479, 48.851961]}, "properties": {"id_parcelle": "75107000BL0014", "address": "18 AV DE BRETEUIL", "sales": 5, "median_price": 900000.0, "median_price_per_sqm": 20000.0, "median_rooms": 1.0, "first_sale": "2021-10-01", "last_sale": "2024-10-21"}}, {"type": "Feature", "geometry": {"type": "Point", "coordinates": [2.311464, 48.851851]}, "properties": {"id_parcelle": "75107000BL0015", "address": "20 AV DE BRETEUIL", "sales": 5, "median_price": 2775000.0, "median_price_per_sqm": 14651.162790697674, "median_rooms": 0.0, "first_sale": "2022-05-16", "last_sale": "2024-07-08"}}, {"type": "Feature", "geometry": {"type": "Point", "coordinates": [2.313179, 48.851864]}, "properties": {"id_parcelle": "75107000BL0026", "address": "4 RUE D ESTREES", "sales": 5, "median_price": 620000.0, "median_price_per_sqm": 15517.241379310344, "median_rooms": 2.0, "first_sale": "2021-03-26", "last_sale": "2023-12-22"}}, {"type": "Feature", "geometry": {"type": "Point", "coordinates": [2.312884, 48.852202]}, "properties": {"id_parcelle": "75107000BL0031", "address": "9 AV DE BRETEUIL", "sales": 5, "median_price": 201824.0, "median_price_per_sqm": 13522.727272727272, "median_rooms": 0.0, "first_sale": "2021-08-30", "last_sale": "2022-11-30"}}, {"type": "Feature", "geometry": {"type": "Point", "coordinates": [2.323456, 48.855953]}, "properties": {"id_parcelle": "75107000AM0016", "address": "16 RUE DE ST SIMON", "sales": 5, "median_price": 1200000.0, "median_price_per_sqm": 16515.151515151512, "median_rooms": 2.0, "first_sale": "2021-02-10", "last_sale": "2021-10-15"}}, {"type": "Feature", "geometry": {"type": "Point", "coordinates": [2.327984, 48.85857]}, "properties": {"id_parcelle": "75107000AO0009", "address": "46 RUE DE VERNEUIL", "sales": 5, "median_price": 1191000.0, "median_price_per_sqm": 20968.65306122449, "median_rooms": 0.0, "first_sale": "2021-06-01", "last_sale": "2025-05-23"}}, {"type": "Feature", "geometry": {"type": "Point", "coordinates": [2.327517, 48.858708]}, "properties": {"id_parcelle": "75107000AO0013", "address": "52 RUE DE VERNEUIL", "sales": 5, "median_price": 563854.0, "median_price_per_sqm": 20000.0, "median_rooms": 1.0, "first_sale": "2023-05-30", "last_sale": "2024-12-18"}}, {"type": "Feature", "geometry": {"type": "Point", "coordinates": [2.293946, 48.855974]}, "properties": {"id_parcelle": "75107000CG0021", "address": "21 AV DE SUFFREN", "sales": 5, "median_price": 1260000.0, "median_price_per_sqm": 12050.0, "median_rooms": 0.0, "first_sale": "2023-01-30", "last_sale": "2024-11-20"}}, {"type": "Feature", "geometry": {"type": "Point", "coordinates": [2.298718, 48.858048]}, "properties": {"id_parcelle": "75107000CH0014", "address": "11 AV ELISEE RECLUS", "sales": 5, "median_price": 1927800.0, "median_price_per_sqm": 18360.0, "median_rooms": 4.0, "first_sale": "2021-02-22", "last_sale": "2023-03-03"}}, {"type": "Feature", "geometry": {"type": "Point", "coordinates": [2.3204, 48.855278]}, "properties": {"id_parcelle": "75107000AL0123", "address": "55 RUE DE BELLECHASSE", "sales": 5, "median_price": 420000.0, "median_price_per_sqm": 10000.0, "median_rooms": 0.0, "first_sale": "2022-06-10", "last_sale": "2024-01-22"}}, {"type": "Feature", "geometry": {"type": "Point", "coordinates": [2.325522, 48.854389]}, "properties": {"id_parcelle": "75107000AL0126", "address": "51 RUE DE GRENELLE", "sales": 5, "median_price": 250000.0, "median_price_per_sqm": 9500.0, "median_rooms": 0.0, "first_sale": "2024-05-02", "last_sale": "2024-12-30"}}, {"type": "Feature", "geometry": {"type": "Point", "coordinates": [2.324095, 48.855971]}, "properties": {"id_parcelle": "75107000AL0049", "address": "11 RUE DE ST SIMON", "sales": 5, "median_price": 1224000.0, "median_price_per_sqm": 35216.84210526316, "median_rooms": 0.0, "first_sale": "2023-03-28", "last_sale": "2023-03-28"}}, {"type": "Feature", "geometry": {"type": "Point", "coordinates": [2.317971, 48.859942]}, "properties": {"id_parcelle": "75107000AR0022", "address": "22 RUE ST DOMINIQUE", "sales": 5, "median_price": 4615000.0, "median_price_per_sqm": 16760.590656015494, "median_rooms": 0.0, "first_sale": "2021-01-05", "last_sale": "2024-03-29"}}, {"type": "Feature", "geometry": {"type": "Point", "coordinates": [2.302471, 48.857287]}, "properties": {"id_parcelle": "75107000CD0046", "address": "4 RUE DU GROS CAILLOU", "sales": 5, "median_price": 2200000.0, "median_price_per_sqm": 48888.88888888889, "median_rooms": 1.0, "first_sale": "2021-06-30", "last_sale": "2021-06-30"}}, {"type": "Feature", "geometry": {"type": "Point", "coordinates": [2.303112, 48.856914]}, "properties": {"id_parcelle": "75107000CD0058", "address": "17 RUE DU GROS CAILLOU", "sales": 5, "median_price": 1400000.0, "median_price_per_sqm": 18421.052631578947, "median_rooms": 1.0, "first_sale": "2021-10-08", "last_sale": "2024-12-30"}}, {"type": "Feature", "geometry": {"type": "Point", "coordinates": [2.302704, 48.857498]}, "properties": {"id_parcelle": "75107000CD0065", "address": "1 RUE DU GROS CAILLOU", "sales": 5, "median_price": 1143000.0, "median_price_per_sqm": 13447.058823529413, "median_rooms": 1.0, "first_sale": "2021-04-30", "last_sale": "2023-01-20"}}, {"type": "Feature", "geometry": {"type": "Point", "coordinates": [2.302098, 48.857524]}, "properties": {"id_parcelle": "75107000CD0068", "address": "9 RUE AUGEREAU", "sales": 5, "median_price": 550000.0, "median_price_per_sqm": 12447.619047619048, "median_rooms": 0.0, "first_sale": "2022-09-30", "last_sale": "2023-11-30"}}, {"type": "Feature", "geometry": {"type": "Point", "coordinates": [2.315528, 48.858127]}, "properties": {"id_parcelle": "75107000AW0016", "address": "142 RUE DE GRENELLE", "sales": 5, "median_price": 6930526.5, "median_price_per_sqm": 20626.566964285714, "median_rooms": 0.0, "first_sale": "2021-09-15", "last_sale": "2021-09-15"}}, {"type": "Feature", "geometry": {"type": "Point", "coordinates": [2.309794, 48.858267]}, "properties": {"id_parcelle": "75107000BZ0097", "address": "58 BD DE LA TOUR MAUBOURG", "sales": 5, "median_price": 850000.0, "median_price_per_sqm": 13934.426229508197, "median_rooms": 4.0, "first_sale": "2021-04-13", "last_sale": "2022-11-21"}}, {"type": "Feature", "geometry": {"type": "Point", "coordinates": [2.300723, 48.857609]}, "properties": {"id_parcelle": "75107000CD0004", "address": "49 AV DE LA BOURDONNAIS", "sales": 5, "median_price": 810000.0, "median_price_per_sqm": 15341.6149068323, "median_rooms": 2.0, "first_sale": "2021-08-04", "last_sale": "2023-10-31"}}, {"type": "Feature", "geometry": {"type": "Point", "coordinates": [2.301381, 48.857956]}, "properties": {"id_parcelle": "75107000CD0010", "address": "141 RUE ST DOMINIQUE", "sales": 5, "median_price": 705000.0, "median_price_per_sqm": 12350.0, "median_rooms": 2.0, "first_sale": "2021-05-06", "last_sale": "2022-06-01"}}, {"type": "Feature", "geometry": {"type": "Point", "coordinates": [2.32502, 48.859743]}, "properties": {"id_parcelle": "75107000AO0048", "address": "75 RUE DE LILLE", "sales": 5, "median_price": 2160000.0, "median_price_per_sqm": 9058.608058608057, "median_rooms": 0.0, "first_sale": "2022-09-29", "last_sale": "2025-06-04"}}, {"type": "Feature", "geometry": {"type": "Point", "coordinates": [2.322965, 48.860028]}, "properties": {"id_parcelle": "75107000AP0026", "address": "8 RUE DE SOLFERINO", "sales": 5, "median_price": 2000000.0, "median_price_per_sqm": 439.85045084671214, "median_rooms": 0.0, "first_sale": "2021-10-21", "last_sale": "2024-10-18"}}, {"type": "Feature", "geometry": {"type": "Point", "coordinates": [2.301795, 48.856914]}, "properties": {"id_parcelle": "75107000CD0026", "address": "69 AV DE LA BOURDONNAIS", "sales": 5, "median_price": 1059200.0, "median_price_per_sqm": 14258.888888888889, "median_rooms": 0.0, "first_sale": "2024-09-06", "last_sale": "2025-03-31"}}, {"type": "Feature", "geometry": {"type": "Point", "coordinates": [2.307296, 48.859998]}, "properties": {"id_parcelle": "75107000CL0024", "address": "22 RUE JEAN NICOT", "sales": 5, "median_price": 605134.94, "median_price_per_sqm": 14170.90909090909, "median_rooms": 2.0, "first_sale": "2023-02-22", "last_sale": "2025-10-17"}}, {"type": "Feature", "geometry": {"type": "Point", "coordinates": [2.307245, 48.859847]}, "properties": {"id_parcelle": "75107000CL0025", "address": "78 RUE ST DOMINIQUE", "sales": 5, "median_price": 735000.0, "median_price_per_sqm": 19722.222222222223, "median_rooms": 1.0, "first_sale": "2021-10-20", "last_sale": "2025-01-30"}}, {"type": "Feature", "geometry": {"type": "Point", "coordinates": [2.330065, 48.854293]}, "properties": {"id_parcelle": "75107000AE0034", "address": "50 RUE DES SAINTS PERES", "sales": 5, "median_price": 428000.0, "median_price_per_sqm": 16498.9010989011, "median_rooms": 1.0, "first_sale": "2021-03-30", "last_sale": "2025-06-24"}}, {"type": "Feature", "geometry": {"type": "Point", "coordinates": [2.317273, 48.848047]}, "properties": {"id_parcelle": "75107000BI0034", "address": "8 AV CONSTANT COQUELIN", "sales": 5, "median_price": 1800000.0, "median_price_per_sqm": 15143.985349462366, "median_rooms": 0.0, "first_sale": "2024-04-05", "last_sale": "2024-05-31"}}, {"type": "Feature", "geometry": {"type": "Point", "coordinates": [2.313199, 48.851529]}, "properties": {"id_parcelle": "75107000BK0007", "address": "5 RUE D ESTREES", "sales": 5, "median_price": 1315000.0, "median_price_per_sqm": 11050.420168067227, "median_rooms": 0.0, "first_sale": "2021-08-26", "last_sale": "2025-03-24"}}, {"type": "Feature", "geometry": {"type": "Point", "coordinates": [2.302615, 48.855597]}, "properties": {"id_parcelle": "75107000BV0011", "address": "17 AV EMILE DESCHANEL", "sales": 5, "median_price": 3200000.0, "median_price_per_sqm": 17877.09497206704, "median_rooms": 0.0, "first_sale": "2021-02-12", "last_sale": "2023-08-23"}}, {"type": "Feature", "geometry": {"type": "Point", "coordinates": [2.303319, 48.855322]}, "properties": {"id_parcelle": "75107000BV0017", "address": "68 AV DE LA BOURDONNAIS", "sales": 5, "median_price": 1210000.0, "median_price_per_sqm": 7244.047619047619, "median_rooms": 0.0, "first_sale": "2021-10-06", "last_sale": "2023-09-26"}}, {"type": "Feature", "geometry": {"type": "Point", "coordinates": [2.313224, 48.849367]}, "properties": {"id_parcelle": "75107000BK0030", "address": "48 AV DUQUESNE", "sales": 5, "median_price": 4040200.0, "median_price_per_sqm": 51649.42096555873, "median_rooms": 0.0, "first_sale": "2022-09-29", "last_sale": "2022-09-29"}}, {"type": "Feature", "geometry": {"type": "Point", "coordinates": [2.319104, 48.860337]}, "properties": {"id_parcelle": "75107000AQ0005", "address": "5 PL DU PALAIS BOURBON", "sales": 5, "median_price": 100000.0, "median_price_per_sqm": 9900.512118104287, "median_rooms": 0.0, "first_sale": "2022-04-22", "last_sale": "2025-07-07"}}, {"type": "Feature", "geometry": {"type": "Point", "coordinates": [2.322585, 48.859488]}, "properties": {"id_parcelle": "75107000AQ0044", "address": "69 RUE DE L UNIVERSITE", "sales": 5, "median_price": 1335000.0, "median_price_per_sqm": 21642.534246575342, "median_rooms": 0.0, "first_sale": "2021-01-14", "last_sale": "2025-10-01"}}, {"type": "Feature", "geometry": {"type": "Point", "coordinates": [2.319504, 48.853031]}, "properties": {"id_parcelle": "75107000AK0014", "address": "23 RUE VANEAU", "sales": 5, "median_price": 1250000.0, "median_price_per_sqm": 19057.971014492752, "median_rooms": 0.0, "first_sale": "2024-04-22", "last_sale": "2025-12-16"}}, {"type": "Feature", "geometry": {"type": "Point", "coordinates": [2.321292, 48.853411]}, "properties": {"id_parcelle": "75107000AK0043", "address": "6 CITE DE VARENNE", "sales": 5, "median_price": 300.0, "median_price_per_sqm": 8.333333333333334, "median_rooms": 1.0, "first_sale": "2023-09-12", "last_sale": "2024-07-09"}}, {"type": "Feature", "geometry": {"type": "Point", "coordinates": [2.324945, 48.855748]}, "properties": {"id_parcelle": "75107000AL0063", "address": "68 RUE DU BAC", "sales": 5, "median_price": 240000.0, "median_price_per_sqm": 8571.42857142857, "median_rooms": 1.0, "first_sale": "2025-01-07", "last_sale": "2025-09-04"}}, {"type": "Feature", "geometry": {"type": "Point", "coordinates": [2.299915, 48.859923]}, "properties": {"id_parcelle": "75107000CI0023", "address": "8 RUE DE MONTTESSUY", "sales": 5, "median_price": 515000.0, "median_price_per_sqm": 12560.975609756097, "median_rooms": 1.0, "first_sale": "2021-06-28", "last_sale": "2024-08-29"}}, {"type": "Feature", "geometry": {"type": "Point", "coordinates": [2.298438, 48.859229]}, "properties": {"id_parcelle": "75107000CI0056", "address": "13 RUE DE MONTTESSUY", "sales": 5, "median_price": 815821.4, "median_price_per_sqm": 16708.333333333332, "median_rooms": 3.0, "first_sale": "2021-09-20", "last_sale": "2024-12-10"}}, {"type": "Feature", "geometry": {"type": "Point", "coordinates": [2.320067, 48.854231]}, "properties": {"id_parcelle": "75107000AK0006", "address": "7 RUE VANEAU", "sales": 5, "median_price": 3000000.0, "median_price_per_sqm": 21818.891491022638, "median_rooms": 0.0, "first_sale": "2023-11-06", "last_sale": "2025-12-23"}}, {"type": "Feature", "geometry": {"type": "Point", "coordinates": [2.300799, 48.85807]}, "properties": {"id_parcelle": "75107000CJ0014", "address": "122 RUE ST DOMINIQUE", "sales": 5, "median_price": 715000.0, "median_price_per_sqm": 14062.5, "median_rooms": 1.0, "first_sale": "2021-05-05", "last_sale": "2025-07-04"}}, {"type": "Feature", "geometry": {"type": "Point", "coordinates": [2.309399, 48.859104]}, "properties": {"id_parcelle": "75107000BZ0079", "address": "11 RUE DE LA COMETE", "sales": 5, "median_price": 580000.0, "median_price_per_sqm": 14250.0, "median_rooms": 2.0, "first_sale": "2021-06-04", "last_sale": "2025-05-06"}}, {"type": "Feature", "geometry": {"type": "Point", "coordinates": [2.320317, 48.858887]}, "properties": {"id_parcelle": "75107000AX0035", "address": "31 RUE ST DOMINIQUE", "sales": 5, "median_price": 60000.0, "median_price_per_sqm": 69.93006993006993, "median_rooms": 1.0, "first_sale": "2021-12-15", "last_sale": "2025-04-01"}}, {"type": "Feature", "geometry": {"type": "Point", "coordinates": [2.32005, 48.858736]}, "properties": {"id_parcelle": "75107000AX0037", "address": "5 RUE CASIMIR PERIER", "sales": 5, "median_price": 700000.0, "median_price_per_sqm": 21721.598877980363, "median_rooms": 0.0, "first_sale": "2025-06-26", "last_sale": "2025-11-13"}}, {"type": "Feature", "geometry": {"type": "Point", "coordinates": [2.311181, 48.860097]}, "properties": {"id_parcelle": "75107000AU0013", "address": "30 RUE FABERT", "sales": 5, "median_price": 426000.0, "median_price_per_sqm": 11944.444444444445, "median_rooms": 0.0, "first_sale": "2022-02-03", "last_sale": "2023-03-21"}}, {"type": "Feature", "geometry": {"type": "Point", "coordinates": [2.307874, 48.85934]}, "properties": {"id_parcelle": "75107000BZ0045", "address": "3 PAS JEAN NICOT", "sales": 5, "median_price": 440010.0, "median_price_per_sqm": 10400.0, "median_rooms": 2.0, "first_sale": "2022-01-12", "last_sale": "2024-03-19"}}, {"type": "Feature", "geometry": {"type": "Point", "coordinates": [2.30814, 48.858406]}, "properties": {"id_parcelle": "75107000BZ0053", "address": "17 PAS JEAN NICOT", "sales": 5, "median_price": 353900.0, "median_price_per_sqm": 11059.375, "median_rooms": 0.0, "first_sale": "2021-09-13", "last_sale": "2024-12-23"}}, {"type": "Feature", "geometry": {"type": "Point", "coordinates": [2.317146, 48.857285]}, "properties": {"id_parcelle": "75107000AY0007", "address": "38 RUE DE BOURGOGNE", "sales": 5, "median_price": 630000.0, "median_price_per_sqm": 12875.533500000001, "median_rooms": 2.0, "first_sale": "2021-02-05", "last_sale": "2024-06-27"}}, {"type": "Feature", "geometry": {"type": "Point", "coordinates": [2.31108, 48.860528]}, "properties": {"id_parcelle": "75107000AU0016", "address": "24 RUE FABERT", "sales": 5, "median_price": 1290690.0, "median_price_per_sqm": 17138.636363636364, "median_rooms": 2.0, "first_sale": "2021-02-26", "last_sale": "2021-12-15"}}, {"type": "Feature", "geometry": {"type": "Point", "coordinates": [2.310496, 48.859785]}, "properties": {"id_parcelle": "75107000AV0001", "address": "27 BD DE LA TOUR MAUBOURG", "sales": 5, "median_price": 1152000.0, "median_price_per_sqm": 15857.393617021276, "median_rooms": 0.0, "first_sale": "2021-09-08", "last_sale": "2023-11-21"}}, {"type": "Feature", "geometry": {"type": "Point", "coordinates": [2.310531, 48.858833]}, "properties": {"id_parcelle": "75107000AV0010", "address": "41 BD DE LA TOUR MAUBOURG", "sales": 5, "median_price": 359000.0, "median_price_per_sqm": 11378.571428571428, "median_rooms": 0.0, "first_sale": "2022-04-07", "last_sale": "2024-08-07"}}, {"type": "Feature", "geometry": {"type": "Point", "coordinates": [2.310858, 48.8585]}, "properties": {"id_parcelle": "75107000AV0021", "address": "50 RUE FABERT", "sales": 5, "median_price": 5800000.0, "median_price_per_sqm": 13891.673028683608, "median_rooms": 0.0, "first_sale": "2022-03-17", "last_sale": "2023-03-02"}}, {"type": "Feature", "geometry": {"type": "Point", "coordinates": [2.308441, 48.856961]}, "properties": {"id_parcelle": "75107000BY0155", "address": "10 SQ DE LA TOUR MAUBOURG", "sales": 5, "median_price": 3440000.0, "median_price_per_sqm": 19111.11111111111, "median_rooms": 0.0, "first_sale": "2025-02-17", "last_sale": "2025-02-17"}}, {"type": "Feature", "geometry": {"type": "Point", "coordinates": [2.307008, 48.859439]}, "properties": {"id_parcelle": "75107000BZ0017", "address": "97 RUE ST DOMINIQUE", "sales": 5, "median_price": 683175.0, "median_price_per_sqm": 13490.30612244898, "median_rooms": 2.0, "first_sale": "2022-05-16", "last_sale": "2024-06-28"}}, {"type": "Feature", "geometry": {"type": "Point", "coordinates": [2.319086, 48.857272]}, "properties": {"id_parcelle": "75107000AX0081", "address": "27 RUE CASIMIR PERIER", "sales": 5, "median_price": 1520000.0, "median_price_per_sqm": 16521.739130434784, "median_rooms": 2.0, "first_sale": "2022-06-23", "last_sale": "2025-03-31"}}, {"type": "Feature", "geometry": {"type": "Point", "coordinates": [2.316509, 48.848283]}, "properties": {"id_parcelle": "75107000BH0003", "address": "3 AV CONSTANT COQUELIN", "sales": 5, "median_price": 2600000.0, "median_price_per_sqm": 12149.532710280373, "median_rooms": 0.0, "first_sale": "2023-07-28", "last_sale": "2023-07-28"}}, {"type": "Feature", "geometry": {"type": "Point", "coordinates": [2.303476, 48.85578]}, "properties": {"id_parcelle": "75107000BW0092", "address": "37 RUE DU CHAMP DE MARS", "sales": 5, "median_price": 650000.0, "median_price_per_sqm": 13400.0, "median_rooms": 2.0, "first_sale": "2021-02-12", "last_sale": "2025-08-19"}}, {"type": "Feature", "geometry": {"type": "Point", "coordinates": [2.308064, 48.855684]}, "properties": {"id_parcelle": "75107000BX0001", "address": "19 AV DE LA MOTTE PICQUET", "sales": 5, "median_price": 2535000.0, "median_price_per_sqm": 61347.85353535353, "median_rooms": 0.0, "first_sale": "2022-08-30", "last_sale": "2022-08-30"}}, {"type": "Feature", "geometry": {"type": "Point", "coordinates": [2.307831, 48.855141]}, "properties": {"id_parcelle": "75107000BX0032", "address": "26 RUE CHEVERT", "sales": 5, "median_price": 1124200.0, "median_price_per_sqm": 13110.051282051281, "median_rooms": 0.0, "first_sale": "2024-11-20", "last_sale": "2025-09-12"}}, {"type": "Feature", "geometry": {"type": "Point", "coordinates": [2.320091, 48.848502]}, "properties": {"id_parcelle": "75107000BG0069", "address": "50 RUE DE SEVRES", "sales": 5, "median_price": 340000.0, "median_price_per_sqm": 13000.0, "median_rooms": 0.0, "first_sale": "2021-07-21", "last_sale": "2023-06-06"}}, {"type": "Feature", "geometry": {"type": "Point", "coordinates": [2.329621, 48.854349]}, "properties": {"id_parcelle": "75107000AE0031", "address": "181 BD SAINT GERMAIN", "sales": 5, "median_price": 4192300.0, "median_price_per_sqm": 23417.238752603924, "median_rooms": 0.0, "first_sale": "2021-09-06", "last_sale": "2022-04-11"}}, {"type": "Feature", "geometry": {"type": "Point", "coordinates": [2.305593, 48.860393]}, "properties": {"id_parcelle": "75107000CK0072", "address": "12 RUE MALAR", "sales": 5, "median_price": 305000.0, "median_price_per_sqm": 8829.642857142857, "median_rooms": 1.0, "first_sale": "2022-05-05", "last_sale": "2024-08-02"}}, {"type": "Feature", "geometry": {"type": "Point", "coordinates": [2.305678, 48.86022]}, "properties": {"id_parcelle": "75107000CK0074", "address": "16 RUE MALAR", "sales": 5, "median_price": 550000.0, "median_price_per_sqm": 13750.0, "median_rooms": 1.0, "first_sale": "2022-07-25", "last_sale": "2024-03-28"}}, {"type": "Feature", "geometry": {"type": "Point", "coordinates": [2.318133, 48.847655]}, "properties": {"id_parcelle": "75107000BH0025", "address": "78 RUE DE SEVRES", "sales": 5, "median_price": 802800.0, "median_price_per_sqm": 14333.333333333334, "median_rooms": 2.0, "first_sale": "2022-04-22", "last_sale": "2025-12-05"}}, {"type": "Feature", "geometry": {"type": "Point", "coordinates": [2.305882, 48.860771]}, "properties": {"id_parcelle": "75107000CL0003", "address": "19 RUE MALAR", "sales": 5, "median_price": 292800.0, "median_price_per_sqm": 11111.111111111111, "median_rooms": 1.0, "first_sale": "2022-02-17", "last_sale": "2024-01-25"}}, {"type": "Feature", "geometry": {"type": "Point", "coordinates": [2.30737, 48.858401]}, "properties": {"id_parcelle": "75107000BZ0024", "address": "18 RUE AMELIE", "sales": 5, "median_price": 385000.0, "median_price_per_sqm": 26090.0, "median_rooms": 0.0, "first_sale": "2021-10-22", "last_sale": "2024-06-24"}}, {"type": "Feature", "geometry": {"type": "Point", "coordinates": [2.317481, 48.857842]}, "properties": {"id_parcelle": "75107000AW0022", "address": "34 RUE DE BOURGOGNE", "sales": 5, "median_price": 455000.0, "median_price_per_sqm": 11973.684210526315, "median_rooms": 0.0, "first_sale": "2021-03-26", "last_sale": "2025-09-18"}}, {"type": "Feature", "geometry": {"type": "Point", "coordinates": [2.316823, 48.857192]}, "properties": {"id_parcelle": "75107000AY0009", "address": "42 RUE DE BOURGOGNE", "sales": 5, "median_price": 284250.0, "median_price_per_sqm": 17418.55158730159, "median_rooms": 0.0, "first_sale": "2022-11-10", "last_sale": "2025-07-17"}}, {"type": "Feature", "geometry": {"type": "Point", "coordinates": [2.302563, 48.858728]}, "properties": {"id_parcelle": "75107000CJ0038", "address": "108 RUE ST DOMINIQUE", "sales": 5, "median_price": 1487000.0, "median_price_per_sqm": 18804.01234567901, "median_rooms": 0.0, "first_sale": "2021-03-19", "last_sale": "2023-10-09"}}, {"type": "Feature", "geometry": {"type": "Point", "coordinates": [2.302032, 48.858839]}, "properties": {"id_parcelle": "75107000CJ0043", "address": "9 RUE SEDILLOT", "sales": 5, "median_price": 603397.0, "median_price_per_sqm": 17239.914285714287, "median_rooms": 1.0, "first_sale": "2021-03-02", "last_sale": "2023-03-10"}}, {"type": "Feature", "geometry": {"type": "Point", "coordinates": [2.318317, 48.85804]}, "properties": {"id_parcelle": "75107000AX0014", "address": "24 RUE DE MARTIGNAC", "sales": 5, "median_price": 1070000.0, "median_price_per_sqm": 30571.428571428572, "median_rooms": 0.0, "first_sale": "2022-01-21", "last_sale": "2023-07-18"}}, {"type": "Feature", "geometry": {"type": "Point", "coordinates": [2.31785, 48.857786]}, "properties": {"id_parcelle": "75107000AX0018", "address": "33 RUE DE BOURGOGNE", "sales": 5, "median_price": 523784.97, "median_price_per_sqm": 13094.624249999999, "median_rooms": 0.0, "first_sale": "2021-04-27", "last_sale": "2025-05-15"}}, {"type": "Feature", "geometry": {"type": "Point", "coordinates": [2.318329, 48.857444]}, "properties": {"id_parcelle": "75107000AX0022", "address": "130 RUE DE GRENELLE", "sales": 5, "median_price": 1070890.0, "median_price_per_sqm": 15698.552884615385, "median_rooms": 3.0, "first_sale": "2021-07-23", "last_sale": "2025-05-26"}}, {"type": "Feature", "geometry": {"type": "Point", "coordinates": [2.326293, 48.852217]}, "properties": {"id_parcelle": "75107000AF0059", "address": "42 BD RASPAIL", "sales": 5, "median_price": 4225490.0, "median_price_per_sqm": 25773.848314606745, "median_rooms": 0.0, "first_sale": "2021-09-20", "last_sale": "2023-11-08"}}, {"type": "Feature", "geometry": {"type": "Point", "coordinates": [2.324318, 48.853121]}, "properties": {"id_parcelle": "75107000AG0008", "address": "99 RUE DU BAC", "sales": 5, "median_price": 821250.0, "median_price_per_sqm": 14452.287234042553, "median_rooms": 0.0, "first_sale": "2021-12-20", "last_sale": "2025-02-17"}}, {"type": "Feature", "geometry": {"type": "Point", "coordinates": [2.324382, 48.852797]}, "properties": {"id_parcelle": "75107000AG0012", "address": "6 RUE DE COMMAILLE", "sales": 5, "median_price": 1200000.0, "median_price_per_sqm": 22641.509433962263, "median_rooms": 0.0, "first_sale": "2021-07-27", "last_sale": "2023-10-06"}}, {"type": "Feature", "geometry": {"type": "Point", "coordinates": [2.324788, 48.853383]}, "properties": {"id_parcelle": "75107000AG0015", "address": "21 RUE DE VARENNE", "sales": 5, "median_price": 4940000.0, "median_price_per_sqm": 30063.113331621258, "median_rooms": 0.0, "first_sale": "2025-12-02", "last_sale": "2025-12-02"}}, {"type": "Feature", "geometry": {"type": "Point", "coordinates": [2.301186, 48.859171]}, "properties": {"id_parcelle": "75107000CJ0027", "address": "4 RUE SEDILLOT", "sales": 5, "median_price": 697328.6, "median_price_per_sqm": 16080.930393996248, "median_rooms": 0.0, "first_sale": "2021-06-02", "last_sale": "2024-06-12"}}, {"type": "Feature", "geometry": {"type": "Point", "coordinates": [2.301598, 48.858552]}, "properties": {"id_parcelle": "75107000CJ0034", "address": "14 RUE SEDILLOT", "sales": 5, "median_price": 1294000.0, "median_price_per_sqm": 9305.96107055961, "median_rooms": 0.0, "first_sale": "2025-06-10", "last_sale": "2025-07-01"}}, {"type": "Feature", "geometry": {"type": "Point", "coordinates": [2.302157, 48.858597]}, "properties": {"id_parcelle": "75107000CJ0036", "address": "112 RUE ST DOMINIQUE", "sales": 5, "median_price": 163700.0, "median_price_per_sqm": 9320.392857142857, "median_rooms": 0.0, "first_sale": "2023-11-06", "last_sale": "2024-09-06"}}, {"type": "Feature", "geometry": {"type": "Point", "coordinates": [2.325292, 48.853428]}, "properties": {"id_parcelle": "75107000AG0018", "address": "2 RUE DE LA PLANCHE", "sales": 5, "median_price": 2300000.0, "median_price_per_sqm": 8277.348777348778, "median_rooms": 0.0, "first_sale": "2023-03-24", "last_sale": "2024-09-25"}}, {"type": "Feature", "geometry": {"type": "Point", "coordinates": [2.325324, 48.852551]}, "properties": {"id_parcelle": "75107000AG0038", "address": "11 RUE DE LA PLANCHE", "sales": 5, "median_price": 3160000.0, "median_price_per_sqm": 24548.95104895105, "median_rooms": 0.0, "first_sale": "2021-04-20", "last_sale": "2024-01-31"}}, {"type": "Feature", "geometry": {"type": "Point", "coordinates": [2.320549, 48.848844]}, "properties": {"id_parcelle": "75107000AH0004", "address": "83 RUE VANEAU", "sales": 5, "median_price": 1150000.0, "median_price_per_sqm": 16197.18309859155, "median_rooms": 0.0, "first_sale": "2022-07-01", "last_sale": "2024-12-17"}}, {"type": "Feature", "geometry": {"type": "Point", "coordinates": [2.326369, 48.85191]}, "properties": {"id_parcelle": "75107000AF0054", "address": "46 BD RASPAIL", "sales": 5, "median_price": 207000.0, "median_price_per_sqm": 17000.0, "median_rooms": 0.0, "first_sale": "2021-02-15", "last_sale": "2025-07-02"}}, {"type": "Feature", "geometry": {"type": "Point", "coordinates": [2.322828, 48.851501]}, "properties": {"id_parcelle": "75107000AI0011", "address": "19 RUE DE BABYLONE", "sales": 5, "median_price": 561905.0, "median_price_per_sqm": 11587.301587301587, "median_rooms": 2.0, "first_sale": "2022-05-03", "last_sale": "2024-05-23"}}, {"type": "Feature", "geometry": {"type": "Point", "coordinates": [2.30251, 48.859342]}, "properties": {"id_parcelle": "75107000CJ0062", "address": "9 RUE DUPONT DES LOGES", "sales": 5, "median_price": 3085000.0, "median_price_per_sqm": 13711.111111111111, "median_rooms": 0.0, "first_sale": "2021-10-04", "last_sale": "2021-10-04"}}, {"type": "Feature", "geometry": {"type": "Point", "coordinates": [2.317082, 48.855755]}, "properties": {"id_parcelle": "75107000AY0030", "address": "61 RUE DE BOURGOGNE", "sales": 5, "median_price": 230000.0, "median_price_per_sqm": 16920.566908371788, "median_rooms": 0.0, "first_sale": "2023-06-13", "last_sale": "2025-10-08"}}, {"type": "Feature", "geometry": {"type": "Point", "coordinates": [2.317576, 48.857367]}, "properties": {"id_parcelle": "75107000AY0043", "address": "39 RUE DE BOURGOGNE", "sales": 5, "median_price": 1040000.0, "median_price_per_sqm": 12647.058823529413, "median_rooms": 3.0, "first_sale": "2021-12-06", "last_sale": "2025-10-15"}}, {"type": "Feature", "geometry": {"type": "Point", "coordinates": [2.309341, 48.856469]}, "properties": {"id_parcelle": "75107000BY0131", "address": "7 AV DE LA MOTTE PICQUET", "sales": 5, "median_price": 434000.0, "median_price_per_sqm": 11843.75, "median_rooms": 2.0, "first_sale": "2021-10-19", "last_sale": "2025-01-16"}}, {"type": "Feature", "geometry": {"type": "Point", "coordinates": [2.318623, 48.849087]}, "properties": {"id_parcelle": "75107000BG0012", "address": "19 RUE ROUSSELET", "sales": 5, "median_price": 1933800.0, "median_price_per_sqm": 11038.666666666666, "median_rooms": 2.0, "first_sale": "2021-11-15", "last_sale": "2023-09-28"}}, {"type": "Feature", "geometry": {"type": "Point", "coordinates": [2.305929, 48.857136]}, "properties": {"id_parcelle": "75107000BY0036", "address": "30 RUE CLER", "sales": 5, "median_price": 627060.0, "median_price_per_sqm": 13770.76923076923, "median_rooms": 3.0, "first_sale": "2021-04-13", "last_sale": "2024-05-21"}}, {"type": "Feature", "geometry": {"type": "Point", "coordinates": [2.327728, 48.852454]}, "properties": {"id_parcelle": "75107000AF0035", "address": "5 RUE RECAMIER", "sales": 5, "median_price": 2450000.0, "median_price_per_sqm": 17132.867132867133, "median_rooms": 0.0, "first_sale": "2021-07-23", "last_sale": "2024-10-23"}}, {"type": "Feature", "geometry": {"type": "Point", "coordinates": [2.325584, 48.851881]}, "properties": {"id_parcelle": "75107000AF0048", "address": "8 RUE DE BABYLONE", "sales": 5, "median_price": 1720000.0, "median_price_per_sqm": 20476.190476190477, "median_rooms": 0.0, "first_sale": "2021-05-05", "last_sale": "2024-09-27"}}, {"type": "Feature", "geometry": {"type": "Point", "coordinates": [2.305533, 48.856616]}, "properties": {"id_parcelle": "75107000BY0027", "address": "20 RUE VALADON", "sales": 5, "median_price": 218000.0, "median_price_per_sqm": 11270.0, "median_rooms": 1.0, "first_sale": "2023-06-09", "last_sale": "2024-03-28"}}, {"type": "Feature", "geometry": {"type": "Point", "coordinates": [2.308289, 48.855531]}, "properties": {"id_parcelle": "75107000BX0035", "address": "4 RUE BOUGAINVILLE", "sales": 5, "median_price": 890000.0, "median_price_per_sqm": 14814.814814814816, "median_rooms": 2.0, "first_sale": "2023-03-17", "last_sale": "2023-09-04"}}, {"type": "Feature", "geometry": {"type": "Point", "coordinates": [2.318916, 48.851413]}, "properties": {"id_parcelle": "75107000BF0035", "address": "44 RUE VANEAU", "sales": 5, "median_price": 718216.0, "median_price_per_sqm": 12816.416040100252, "median_rooms": 2.0, "first_sale": "2021-04-29", "last_sale": "2025-10-15"}}, {"type": "Feature", "geometry": {"type": "Point", "coordinates": [2.318498, 48.849946]}, "properties": {"id_parcelle": "75107000BG0037", "address": "6 RUE PIERRE LEROUX", "sales": 5, "median_price": 1299800.0, "median_price_per_sqm": 31852.63157894737, "median_rooms": 1.0, "first_sale": "2021-12-08", "last_sale": "2024-07-09"}}, {"type": "Feature", "geometry": {"type": "Point", "coordinates": [2.317305, 48.847457]}, "properties": {"id_parcelle": "75107000BI0044", "address": "8 AV DANIEL LESUEUR", "sales": 5, "median_price": 145000.0, "median_price_per_sqm": 5402.159436834094, "median_rooms": 0.0, "first_sale": "2021-03-10", "last_sale": "2025-02-19"}}, {"type": "Feature", "geometry": {"type": "Point", "coordinates": [2.319846, 48.849337]}, "properties": {"id_parcelle": "75107000BG0055", "address": "74 RUE VANEAU", "sales": 5, "median_price": 925000.0, "median_price_per_sqm": 15350.877192982456, "median_rooms": 0.0, "first_sale": "2021-04-15", "last_sale": "2023-02-10"}}, {"type": "Feature", "geometry": {"type": "Point", "coordinates": [2.317569, 48.851936]}, "properties": {"id_parcelle": "75107000BE0014", "address": "60 RUE DE BABYLONE", "sales": 5, "median_price": 1307000.0, "median_price_per_sqm": 13336.734693877552, "median_rooms": 1.0, "first_sale": "2023-01-09", "last_sale": "2025-07-03"}}, {"type": "Feature", "geometry": {"type": "Point", "coordinates": [2.317662, 48.851943]}, "properties": {"id_parcelle": "75107000BE0015", "address": "58 RUE DE BABYLONE", "sales": 5, "median_price": 1100000.0, "median_price_per_sqm": 12222.222222222223, "median_rooms": 1.0, "first_sale": "2022-04-22", "last_sale": "2024-06-20"}}, {"type": "Feature", "geometry": {"type": "Point", "coordinates": [2.306764, 48.856808]}, "properties": {"id_parcelle": "75107000BY0062", "address": "43 RUE CLER", "sales": 5, "median_price": 2366500.0, "median_price_per_sqm": 35320.89552238806, "median_rooms": 3.0, "first_sale": "2023-04-06", "last_sale": "2023-05-31"}}, {"type": "Feature", "geometry": {"type": "Point", "coordinates": [2.318525, 48.849321]}, "properties": {"id_parcelle": "75107000BG0010", "address": "15 RUE ROUSSELET", "sales": 5, "median_price": 482200.0, "median_price_per_sqm": 7653.9682539682535, "median_rooms": 0.0, "first_sale": "2022-10-26", "last_sale": "2025-03-25"}}, {"type": "Feature", "geometry": {"type": "Point", "coordinates": [2.303857, 48.859027]}, "properties": {"id_parcelle": "75107000CK0029", "address": "104 RUE ST DOMINIQUE", "sales": 5, "median_price": 930000.0, "median_price_per_sqm": 12236.842105263158, "median_rooms": 0.0, "first_sale": "2022-07-06", "last_sale": "2023-02-16"}}, {"type": "Feature", "geometry": {"type": "Point", "coordinates": [2.317814, 48.852959]}, "properties": {"id_parcelle": "75107000BE0021", "address": "21 RUE BARBET DE JOUY", "sales": 5, "median_price": 1900000.0, "median_price_per_sqm": 21240.79283887468, "median_rooms": 0.0, "first_sale": "2021-01-14", "last_sale": "2025-03-20"}}, {"type": "Feature", "geometry": {"type": "Point", "coordinates": [2.318872, 48.852947]}, "properties": {"id_parcelle": "75107000BE0028", "address": "3 RUE DE CHANALEILLES", "sales": 5, "median_price": 1182000.0, "median_price_per_sqm": 36905.882352941175, "median_rooms": 1.0, "first_sale": "2021-09-03", "last_sale": "2021-10-08"}}, {"type": "Feature", "geometry": {"type": "Point", "coordinates": [2.318969, 48.852937]}, "properties": {"id_parcelle": "75107000BE0029", "address": "26 RUE VANEAU", "sales": 5, "median_price": 1546550.0, "median_price_per_sqm": 15461.916666666668, "median_rooms": 0.0, "first_sale": "2022-10-06", "last_sale": "2024-11-14"}}, {"type": "Feature", "geometry": {"type": "Point", "coordinates": [2.307047, 48.856081]}, "properties": {"id_parcelle": "75107000BY0071", "address": "51 RUE CLER", "sales": 5, "median_price": 3750000.0, "median_price_per_sqm": 22866.56862745098, "median_rooms": 0.0, "first_sale": "2023-02-24", "last_sale": "2024-08-26"}}, {"type": "Feature", "geometry": {"type": "Point", "coordinates": [2.304111, 48.859725]}, "properties": {"id_parcelle": "75107000CK0050", "address": "11 PAS LANDRIEU", "sales": 5, "median_price": 354000.0, "median_price_per_sqm": 13111.111111111111, "median_rooms": 2.0, "first_sale": "2021-10-07", "last_sale": "2023-05-12"}}, {"type": "Feature", "geometry": {"type": "Point", "coordinates": [2.326731, 48.853468]}, "properties": {"id_parcelle": "75107000AE0062", "address": "8 RUE DE VARENNE", "sales": 5, "median_price": 405000.0, "median_price_per_sqm": 15294.117647058823, "median_rooms": 1.0, "first_sale": "2021-08-30", "last_sale": "2025-04-10"}}, {"type": "Feature", "geometry": {"type": "Point", "coordinates": [2.326739, 48.853774]}, "properties": {"id_parcelle": "75107000AE0064", "address": "37 RUE DE GRENELLE", "sales": 5, "median_price": 422000.0, "median_price_per_sqm": 13304.812834224598, "median_rooms": 1.0, "first_sale": "2021-12-07", "last_sale": "2025-03-31"}}, {"type": "Feature", "geometry": {"type": "Point", "coordinates": [2.30154, 48.860091]}, "properties": {"id_parcelle": "75107000CK0021", "address": "19 AV RAPP", "sales": 5, "median_price": 352000.0, "median_price_per_sqm": 15174.129353233831, "median_rooms": 1.0, "first_sale": "2024-02-01", "last_sale": "2025-07-31"}}, {"type": "Feature", "geometry": {"type": "Point", "coordinates": [2.328881, 48.852601]}, "properties": {"id_parcelle": "75107000AF0022", "address": "74 RUE DES SAINTS PERES", "sales": 5, "median_price": 7595500.0, "median_price_per_sqm": 19263.157894736843, "median_rooms": 1.0, "first_sale": "2022-05-11", "last_sale": "2023-12-07"}}, {"type": "Feature", "geometry": {"type": "Point", "coordinates": [2.329226, 48.857418]}, "properties": {"id_parcelle": "75107000AC0081", "address": "34 RUE DE L UNIVERSITE", "sales": 5, "median_price": 600000.0, "median_price_per_sqm": 10130.30303030303, "median_rooms": 0.0, "first_sale": "2021-03-09", "last_sale": "2025-03-19"}}, {"type": "Feature", "geometry": {"type": "Point", "coordinates": [2.30236, 48.862063]}, "properties": {"id_parcelle": "75107000CN0002", "address": "93 QUAI D ORSAY", "sales": 5, "median_price": 765000.0, "median_price_per_sqm": 13015.625, "median_rooms": 0.0, "first_sale": "2023-11-23", "last_sale": "2024-05-14"}}, {"type": "Feature", "geometry": {"type": "Point", "coordinates": [2.326119, 48.85541]}, "properties": {"id_parcelle": "75107000AD0003", "address": "5 BD RASPAIL", "sales": 5, "median_price": 6480980.0, "median_price_per_sqm": 175250.98979591837, "median_rooms": 0.0, "first_sale": "2022-11-18", "last_sale": "2022-11-18"}}, {"type": "Feature", "geometry": {"type": "Point", "coordinates": [2.323983, 48.858708]}, "properties": {"id_parcelle": "75107000AN0007", "address": "6 RUE DE VILLERSEXEL", "sales": 5, "median_price": 2900000.0, "median_price_per_sqm": 15853.658536585366, "median_rooms": 4.0, "first_sale": "2024-09-23", "last_sale": "2025-06-02"}}, {"type": "Feature", "geometry": {"type": "Point", "coordinates": [2.324202, 48.858789]}, "properties": {"id_parcelle": "75107000AN0008", "address": "4 RUE DE VILLERSEXEL", "sales": 5, "median_price": 445000.0, "median_price_per_sqm": 7071.110152430256, "median_rooms": 0.0, "first_sale": "2023-10-03", "last_sale": "2023-10-03"}}, {"type": "Feature", "geometry": {"type": "Point", "coordinates": [2.32464, 48.858426]}, "properties": {"id_parcelle": "75107000AN0013", "address": "3 RUE DE VILLERSEXEL", "sales": 5, "median_price": 3641400.0, "median_price_per_sqm": 14559.444444444445, "median_rooms": 0.0, "first_sale": "2023-06-22", "last_sale": "2023-06-30"}}, {"type": "Feature", "geometry": {"type": "Point", "coordinates": [2.309694, 48.850828]}, "properties": {"id_parcelle": "75107000BM0019", "address": "35 AV DE SEGUR", "sales": 5, "median_price": 2805610.0, "median_price_per_sqm": 12752.772727272728, "median_rooms": 0.0, "first_sale": "2021-01-21", "last_sale": "2025-09-23"}}, {"type": "Feature", "geometry": {"type": "Point", "coordinates": [2.311388, 48.850557]}, "properties": {"id_parcelle": "75107000BM0028", "address": "38 AV DUQUESNE", "sales": 5, "median_price": 307000.0, "median_price_per_sqm": 9052.380952380952, "median_rooms": 1.0, "first_sale": "2021-03-12", "last_sale": "2025-03-31"}}, {"type": "Feature", "geometry": {"type": "Point", "coordinates": [2.326832, 48.856023]}, "properties": {"id_parcelle": "75107000AD0011", "address": "232 BD SAINT GERMAIN", "sales": 5, "median_price": 2300000.0, "median_price_per_sqm": 18427.51842751843, "median_rooms": 0.0, "first_sale": "2023-09-07", "last_sale": "2024-03-28"}}, {"type": "Feature", "geometry": {"type": "Point", "coordinates": [2.327016, 48.856345]}, "properties": {"id_parcelle": "75107000AD0016", "address": "2 RUE DE GRIBEAUVAL", "sales": 5, "median_price": 4275000.0, "median_price_per_sqm": 22382.198952879582, "median_rooms": 0.0, "first_sale": "2022-03-21", "last_sale": "2024-09-06"}}, {"type": "Feature", "geometry": {"type": "Point", "coordinates": [2.309839, 48.851035]}, "properties": {"id_parcelle": "75107000BM0016", "address": "29 AV DE SEGUR", "sales": 5, "median_price": 505000.0, "median_price_per_sqm": 17094.78021978022, "median_rooms": 0.0, "first_sale": "2022-07-21", "last_sale": "2025-06-04"}}, {"type": "Feature", "geometry": {"type": "Point", "coordinates": [2.331192, 48.856934]}, "properties": {"id_parcelle": "75107000AC0052", "address": "10 RUE DE L UNIVERSITE", "sales": 5, "median_price": 4400000.0, "median_price_per_sqm": 26017.85714285714, "median_rooms": 0.0, "first_sale": "2023-11-30", "last_sale": "2024-03-08"}}, {"type": "Feature", "geometry": {"type": "Point", "coordinates": [2.295439, 48.860163]}, "properties": {"id_parcelle": "75107000CQ0002", "address": "67 QUAI JACQUES CHIRAC", "sales": 4, "median_price": 2200050.0, "median_price_per_sqm": 13499.015848670757, "median_rooms": 0.5, "first_sale": "2022-03-11", "last_sale": "2022-06-27"}}, {"type": "Feature", "geometry": {"type": "Point", "coordinates": [2.329717, 48.857944]}, "properties": {"id_parcelle": "75107000AC0016", "address": "34 RUE DE VERNEUIL", "sales": 4, "median_price": 833750.0, "median_price_per_sqm": 18948.863636363636, "median_rooms": 1.0, "first_sale": "2021-06-07", "last_sale": "2022-09-08"}}, {"type": "Feature", "geometry": {"type": "Point", "coordinates": [2.308555, 48.848207]}, "properties": {"id_parcelle": "75107000BO0040", "address": "4 RUE LEON VAUDOYER", "sales": 4, "median_price": 1285000.0, "median_price_per_sqm": 15394.586906290115, "median_rooms": 2.0, "first_sale": "2021-03-29", "last_sale": "2023-06-07"}}, {"type": "Feature", "geometry": {"type": "Point", "coordinates": [2.330217, 48.85813]}, "properties": {"id_parcelle": "75107000AC0021", "address": "21 RUE DE LILLE", "sales": 4, "median_price": 1123095.0, "median_price_per_sqm": 12909.137931034482, "median_rooms": 0.0, "first_sale": "2024-05-13", "last_sale": "2024-08-09"}}, {"type": "Feature", "geometry": {"type": "Point", "coordinates": [2.331546, 48.856466]}, "properties": {"id_parcelle": "75107000AC0048", "address": "2 RUE DE L UNIVERSITE", "sales": 4, "median_price": 1583500.0, "median_price_per_sqm": 21328.671328671328, "median_rooms": 0.0, "first_sale": "2022-01-25", "last_sale": "2023-04-14"}}, {"type": "Feature", "geometry": {"type": "Point", "coordinates": [2.308979, 48.849647]}, "properties": {"id_parcelle": "75107000BN0006", "address": "9 AV DE SAXE", "sales": 4, "median_price": 1710000.0, "median_price_per_sqm": 17100.0, "median_rooms": 0.0, "first_sale": "2024-08-27", "last_sale": "2024-08-27"}}, {"type": "Feature", "geometry": {"type": "Point", "coordinates": [2.326225, 48.858634]}, "properties": {"id_parcelle": "75107000AN0048", "address": "55 RUE DE VERNEUIL", "sales": 4, "median_price": 2353503.0, "median_price_per_sqm": 16738.63669754072, "median_rooms": 1.5, "first_sale": "2022-06-30", "last_sale": "2023-12-14"}}, {"type": "Feature", "geometry": {"type": "Point", "coordinates": [2.326758, 48.858496]}, "properties": {"id_parcelle": "75107000AN0051", "address": "51 RUE DE VERNEUIL", "sales": 4, "median_price": 1212500.0, "median_price_per_sqm": 13115.502450980392, "median_rooms": 2.0, "first_sale": "2022-05-05", "last_sale": "2023-06-26"}}, {"type": "Feature", "geometry": {"type": "Point", "coordinates": [2.303332, 48.858452]}, "properties": {"id_parcelle": "75107000CD0109", "address": "20 AV BOSQUET", "sales": 4, "median_price": 1128000.0, "median_price_per_sqm": 11873.684210526315, "median_rooms": 0.0, "first_sale": "2022-09-16", "last_sale": "2025-02-13"}}, {"type": "Feature", "geometry": {"type": "Point", "coordinates": [2.30446, 48.857616]}, "properties": {"id_parcelle": "75107000CD0118", "address": "47 AV BOSQUET", "sales": 4, "median_price": 2500000.0, "median_price_per_sqm": 11037.296037296037, "median_rooms": 0.0, "first_sale": "2022-04-12", "last_sale": "2022-09-29"}}, {"type": "Feature", "geometry": {"type": "Point", "coordinates": [2.313675, 48.85289]}, "properties": {"id_parcelle": "75107000BL0047", "address": "5 AV DE VILLARS", "sales": 4, "median_price": 2535490.0, "median_price_per_sqm": 17769.142335766424, "median_rooms": 2.0, "first_sale": "2023-01-23", "last_sale": "2023-07-18"}}, {"type": "Feature", "geometry": {"type": "Point", "coordinates": [2.310757, 48.85174]}, "properties": {"id_parcelle": "75107000BL0019", "address": "37 AV DUQUESNE", "sales": 4, "median_price": 86750.0, "median_price_per_sqm": null, "median_rooms": 0.0, "first_sale": "2021-08-06", "last_sale": "2025-04-16"}}, {"type": "Feature", "geometry": {"type": "Point", "coordinates": [2.307333, 48.84837]}, "properties": {"id_parcelle": "75107000BO0013", "address": "3 RUE JOSE MARIA DE HEREDIA", "sales": 4, "median_price": 155000.0, "median_price_per_sqm": 13648.648648648648, "median_rooms": 0.0, "first_sale": "2021-01-29", "last_sale": "2025-05-06"}}, {"type": "Feature", "geometry": {"type": "Point", "coordinates": [2.314096, 48.853161]}, "properties": {"id_parcelle": "75107000BL0044", "address": "14 BD DES INVALIDES", "sales": 4, "median_price": 4050000.0, "median_price_per_sqm": 16875.0, "median_rooms": 0.0, "first_sale": "2022-02-03", "last_sale": "2022-02-03"}}, {"type": "Feature", "geometry": {"type": "Point", "coordinates": [2.326166, 48.858008]}, "properties": {"id_parcelle": "75107000AN0045", "address": "41 RUE DE L UNIVERSITE", "sales": 4, "median_price": 4586000.0, "median_price_per_sqm": 24026.73107890499, "median_rooms": 2.0, "first_sale": "2021-02-12", "last_sale": "2022-06-21"}}, {"type": "Feature", "geometry": {"type": "Point", "coordinates": [2.325605, 48.858084]}, "properties": {"id_parcelle": "75107000AN0047", "address": "47 RUE DE L UNIVERSITE", "sales": 4, "median_price": 4834000.0, "median_price_per_sqm": 38541.666666666664, "median_rooms": 2.5, "first_sale": "2021-03-24", "last_sale": "2024-11-04"}}, {"type": "Feature", "geometry": {"type": "Point", "coordinates": [2.307533, 48.847669]}, "properties": {"id_parcelle": "75107000BO0028", "address": "14 RUE JOSE MARIA DE HEREDIA", "sales": 4, "median_price": 596500.0, "median_price_per_sqm": 12351.325757575758, "median_rooms": 1.0, "first_sale": "2024-02-20", "last_sale": "2025-06-06"}}, {"type": "Feature", "geometry": {"type": "Point", "coordinates": [2.310485, 48.852724]}, "properties": {"id_parcelle": "75107000BR0025", "address": "2 AV DE SEGUR", "sales": 4, "median_price": 370000.0, "median_price_per_sqm": 10639.192598822541, "median_rooms": 0.5, "first_sale": "2021-06-07", "last_sale": "2024-09-06"}}, {"type": "Feature", "geometry": {"type": "Point", "coordinates": [2.301724, 48.859901]}, "properties": {"id_parcelle": "75107000CK0024", "address": "10 RUE EDMOND VALENTIN", "sales": 4, "median_price": 2606000.0, "median_price_per_sqm": 13228.426395939086, "median_rooms": 0.0, "first_sale": "2022-03-25", "last_sale": "2022-05-25"}}, {"type": "Feature", "geometry": {"type": "Point", "coordinates": [2.302347, 48.859989]}, "properties": {"id_parcelle": "75107000CK0027", "address": "4 RUE EDMOND VALENTIN", "sales": 4, "median_price": 2345000.0, "median_price_per_sqm": 13899.37106918239, "median_rooms": 1.0, "first_sale": "2022-03-09", "last_sale": "2023-06-19"}}, {"type": "Feature", "geometry": {"type": "Point", "coordinates": [2.318548, 48.852184]}, "properties": {"id_parcelle": "75107000BE0034", "address": "36 RUE VANEAU", "sales": 4, "median_price": 519000.0, "median_price_per_sqm": 16269.59247648903, "median_rooms": 1.0, "first_sale": "2023-07-29", "last_sale": "2024-01-31"}}, {"type": "Feature", "geometry": {"type": "Point", "coordinates": [2.316926, 48.851956]}, "properties": {"id_parcelle": "75107000BE0010", "address": "42 RUE BARBET DE JOUY", "sales": 4, "median_price": 998100.0, "median_price_per_sqm": 13394.308300395256, "median_rooms": 1.5, "first_sale": "2025-07-15", "last_sale": "2025-07-22"}}, {"type": "Feature", "geometry": {"type": "Point", "coordinates": [2.305772, 48.857517]}, "properties": {"id_parcelle": "75107000BY0044", "address": "165 RUE DE GRENELLE", "sales": 4, "median_price": 2228650.0, "median_price_per_sqm": 32774.26470588235, "median_rooms": 3.0, "first_sale": "2021-06-23", "last_sale": "2024-09-11"}}, {"type": "Feature", "geometry": {"type": "Point", "coordinates": [2.328334, 48.853252]}, "properties": {"id_parcelle": "75107000AF0017", "address": "17 RUE DE GRENELLE", "sales": 4, "median_price": 1205900.0, "median_price_per_sqm": 14968.253968253968, "median_rooms": 2.0, "first_sale": "2021-03-19", "last_sale": "2024-04-19"}}, {"type": "Feature", "geometry": {"type": "Point", "coordinates": [2.32846, 48.852067]}, "properties": {"id_parcelle": "75107000AF0026", "address": "80 RUE DES SAINTS PERES", "sales": 4, "median_price": 295000.0, "median_price_per_sqm": 20784.09090909091, "median_rooms": 0.5, "first_sale": "2021-06-29", "last_sale": "2021-06-29"}}, {"type": "Feature", "geometry": {"type": "Point", "coordinates": [2.328193, 48.851986]}, "properties": {"id_parcelle": "75107000AF0028", "address": "2 RUE RECAMIER", "sales": 4, "median_price": 1827500.0, "median_price_per_sqm": 23270.440251572327, "median_rooms": 2.5, "first_sale": "2021-01-22", "last_sale": "2022-12-06"}}, {"type": "Feature", "geometry": {"type": "Point", "coordinates": [2.303167, 48.860383]}, "properties": {"id_parcelle": "75107000CK0040", "address": "17 AV BOSQUET", "sales": 4, "median_price": 633400.0, "median_price_per_sqm": 12668.0, "median_rooms": 0.0, "first_sale": "2024-12-16", "last_sale": "2025-07-08"}}, {"type": "Feature", "geometry": {"type": "Point", "coordinates": [2.303363, 48.861013]}, "properties": {"id_parcelle": "75107000CK0046", "address": "169 RUE DE L UNIVERSITE", "sales": 4, "median_price": 1503850.0, "median_price_per_sqm": 27924.606962380683, "median_rooms": 0.5, "first_sale": "2023-03-22", "last_sale": "2023-08-25"}}, {"type": "Feature", "geometry": {"type": "Point", "coordinates": [2.329505, 48.857764]}, "properties": {"id_parcelle": "75107000AC0074", "address": "27 RUE DE VERNEUIL", "sales": 4, "median_price": 1100000.0, "median_price_per_sqm": 11578.947368421053, "median_rooms": 0.0, "first_sale": "2022-11-30", "last_sale": "2022-11-30"}}, {"type": "Feature", "geometry": {"type": "Point", "coordinates": [2.329395, 48.857702]}, "properties": {"id_parcelle": "75107000AC0077", "address": "31 RUE DE BEAUNE", "sales": 4, "median_price": 1200000.0, "median_price_per_sqm": 34313.725490196084, "median_rooms": 1.0, "first_sale": "2021-04-09", "last_sale": "2022-07-26"}}, {"type": "Feature", "geometry": {"type": "Point", "coordinates": [2.329338, 48.857626]}, "properties": {"id_parcelle": "75107000AC0078", "address": "33 RUE DE BEAUNE", "sales": 4, "median_price": 643940.0, "median_price_per_sqm": 14075.22920203735, "median_rooms": 1.5, "first_sale": "2022-07-01", "last_sale": "2024-07-24"}}, {"type": "Feature", "geometry": {"type": "Point", "coordinates": [2.308477, 48.853132]}, "properties": {"id_parcelle": "75107000BR0016", "address": "19 AV DUQUESNE", "sales": 4, "median_price": 2458717.0, "median_price_per_sqm": 19059.821705426355, "median_rooms": 0.0, "first_sale": "2022-06-22", "last_sale": "2024-12-13"}}, {"type": "Feature", "geometry": {"type": "Point", "coordinates": [2.308999, 48.853419]}, "properties": {"id_parcelle": "75107000BR0018", "address": "4 AV DE LOWENDAL", "sales": 4, "median_price": 1774000.0, "median_price_per_sqm": 19711.11111111111, "median_rooms": 0.0, "first_sale": "2023-03-30", "last_sale": "2023-05-30"}}, {"type": "Feature", "geometry": {"type": "Point", "coordinates": [2.326803, 48.852505]}, "properties": {"id_parcelle": "75107000AF0004", "address": "26 RUE DE LA CHAISE", "sales": 4, "median_price": 1680000.0, "median_price_per_sqm": 14000.0, "median_rooms": 0.0, "first_sale": "2023-12-12", "last_sale": "2024-01-22"}}, {"type": "Feature", "geometry": {"type": "Point", "coordinates": [2.307151, 48.861333]}, "properties": {"id_parcelle": "75107000CM0038", "address": "160 RUE DE L UNIVERSITE", "sales": 4, "median_price": 2080000.0, "median_price_per_sqm": 14647.887323943662, "median_rooms": 0.0, "first_sale": "2021-06-03", "last_sale": "2025-01-22"}}, {"type": "Feature", "geometry": {"type": "Point", "coordinates": [2.328489, 48.857765]}, "properties": {"id_parcelle": "75107000AC0088", "address": "40 RUE DE L UNIVERSITE", "sales": 4, "median_price": 2598588.0, "median_price_per_sqm": 21203.158416957944, "median_rooms": 1.5, "first_sale": "2023-06-30", "last_sale": "2024-12-26"}}, {"type": "Feature", "geometry": {"type": "Point", "coordinates": [2.326152, 48.855265]}, "properties": {"id_parcelle": "75107000AD0004", "address": "7 BD RASPAIL", "sales": 4, "median_price": 4325000.0, "median_price_per_sqm": 19313.99793630693, "median_rooms": 3.0, "first_sale": "2021-05-12", "last_sale": "2023-01-31"}}, {"type": "Feature", "geometry": {"type": "Point", "coordinates": [2.322846, 48.854494]}, "properties": {"id_parcelle": "75107000AL0026", "address": "46 RUE DE VARENNE", "sales": 4, "median_price": 520000.0, "median_price_per_sqm": 10833.333333333334, "median_rooms": 0.5, "first_sale": "2024-10-14", "last_sale": "2024-10-14"}}, {"type": "Feature", "geometry": {"type": "Point", "coordinates": [2.298439, 48.858264]}, "properties": {"id_parcelle": "75107000CH0010", "address": "9 AV ELISEE RECLUS", "sales": 4, "median_price": 2514000.0, "median_price_per_sqm": 22052.63157894737, "median_rooms": 0.0, "first_sale": "2022-09-19", "last_sale": "2022-09-19"}}, {"type": "Feature", "geometry": {"type": "Point", "coordinates": [2.323129, 48.856345]}, "properties": {"id_parcelle": "75107000AM0012", "address": "98 RUE DE GRENELLE", "sales": 4, "median_price": 1221686.0, "median_price_per_sqm": 19837.356425171867, "median_rooms": 1.0, "first_sale": "2024-04-11", "last_sale": "2024-06-26"}}, {"type": "Feature", "geometry": {"type": "Point", "coordinates": [2.29518, 48.855295]}, "properties": {"id_parcelle": "75107000CG0011", "address": "18 AV CHARLES FLOQUET", "sales": 4, "median_price": 365716.0, "median_price_per_sqm": 8489.474632527264, "median_rooms": 0.5, "first_sale": "2021-10-29", "last_sale": "2023-10-20"}}, {"type": "Feature", "geometry": {"type": "Point", "coordinates": [2.327272, 48.857785]}, "properties": {"id_parcelle": "75107000AN0067", "address": "31 RUE DE L UNIVERSITE", "sales": 4, "median_price": 2362730.0, "median_price_per_sqm": 15857.24832214765, "median_rooms": 0.0, "first_sale": "2024-12-16", "last_sale": "2024-12-16"}}, {"type": "Feature", "geometry": {"type": "Point", "coordinates": [2.324155, 48.85505]}, "properties": {"id_parcelle": "75107000AL0038", "address": "69 RUE DE GRENELLE", "sales": 4, "median_price": 2000000.0, "median_price_per_sqm": 14285.714285714286, "median_rooms": 0.0, "first_sale": "2022-02-05", "last_sale": "2023-04-21"}}, {"type": "Feature", "geometry": {"type": "Point", "coordinates": [2.323912, 48.855933]}, "properties": {"id_parcelle": "75107000AL0048", "address": "13 RUE DE ST SIMON", "sales": 4, "median_price": 1824601.2, "median_price_per_sqm": 32010.547368421052, "median_rooms": 1.0, "first_sale": "2023-01-13", "last_sale": "2023-09-22"}}, {"type": "Feature", "geometry": {"type": "Point", "coordinates": [2.324349, 48.856159]}, "properties": {"id_parcelle": "75107000AL0053", "address": "13 RUE PAUL LOUIS COURIER", "sales": 4, "median_price": 2212500.0, "median_price_per_sqm": 18437.5, "median_rooms": 2.5, "first_sale": "2024-09-13", "last_sale": "2024-11-14"}}, {"type": "Feature", "geometry": {"type": "Point", "coordinates": [2.299267, 48.857875]}, "properties": {"id_parcelle": "75107000CH0018", "address": "38 AV DE LA BOURDONNAIS", "sales": 4, "median_price": 2356235.0, "median_price_per_sqm": 15708.233333333334, "median_rooms": 3.0, "first_sale": "2021-10-15", "last_sale": "2022-04-01"}}, {"type": "Feature", "geometry": {"type": "Point", "coordinates": [2.297217, 48.859903]}, "properties": {"id_parcelle": "75107000CI0002", "address": "221 RUE DE L UNIVERSITE", "sales": 4, "median_price": 2327200.0, "median_price_per_sqm": 19075.409836065573, "median_rooms": 0.0, "first_sale": "2023-03-01", "last_sale": "2023-03-01"}}, {"type": "Feature", "geometry": {"type": "Point", "coordinates": [2.302888, 48.856647]}, "properties": {"id_parcelle": "75107000CD0054", "address": "212 RUE DE GRENELLE", "sales": 4, "median_price": 1040225.0, "median_price_per_sqm": 19537.654320987655, "median_rooms": 1.0, "first_sale": "2022-12-12", "last_sale": "2023-10-13"}}, {"type": "Feature", "geometry": {"type": "Point", "coordinates": [2.316248, 48.860184]}, "properties": {"id_parcelle": "75107000AR0010", "address": "30 RUE ST DOMINIQUE", "sales": 4, "median_price": 3800000.0, "median_price_per_sqm": 12842.738095238095, "median_rooms": 1.0, "first_sale": "2021-12-15", "last_sale": "2025-03-28"}}, {"type": "Feature", "geometry": {"type": "Point", "coordinates": [2.31799, 48.860222]}, "properties": {"id_parcelle": "75107000AR0020", "address": "8 PL DU PALAIS BOURBON", "sales": 4, "median_price": 642000.0, "median_price_per_sqm": 11400.0, "median_rooms": 0.5, "first_sale": "2025-05-28", "last_sale": "2025-09-18"}}, {"type": "Feature", "geometry": {"type": "Point", "coordinates": [2.302571, 48.856832]}, "properties": {"id_parcelle": "75107000CD0039", "address": "23 RUE AUGEREAU", "sales": 4, "median_price": 522650.0, "median_price_per_sqm": 8139.53488372093, "median_rooms": 0.5, "first_sale": "2021-12-21", "last_sale": "2023-12-18"}}, {"type": "Feature", "geometry": {"type": "Point", "coordinates": [2.323399, 48.854291]}, "properties": {"id_parcelle": "75107000AL0029", "address": "38 RUE DE VARENNE", "sales": 4, "median_price": 3576940.0, "median_price_per_sqm": 27514.923076923078, "median_rooms": 0.0, "first_sale": "2022-10-05", "last_sale": "2024-09-26"}}, {"type": "Feature", "geometry": {"type": "Point", "coordinates": [2.323881, 48.854624]}, "properties": {"id_parcelle": "75107000AL0032", "address": "92 RUE DU BAC", "sales": 4, "median_price": 1439291.5, "median_price_per_sqm": 19944.17652173913, "median_rooms": 1.0, "first_sale": "2021-06-30", "last_sale": "2024-05-16"}}, {"type": "Feature", "geometry": {"type": "Point", "coordinates": [2.324077, 48.854874]}, "properties": {"id_parcelle": "75107000AL0036", "address": "86 RUE DU BAC", "sales": 4, "median_price": 3100000.0, "median_price_per_sqm": 19299.28040580394, "median_rooms": 2.5, "first_sale": "2025-10-07", "last_sale": "2025-11-04"}}, {"type": "Feature", "geometry": {"type": "Point", "coordinates": [2.302815, 48.857523]}, "properties": {"id_parcelle": "75107000CD0087", "address": "18 RUE DE L EXPOSITION", "sales": 4, "median_price": 403156.5, "median_price_per_sqm": 12128.153846153846, "median_rooms": 2.0, "first_sale": "2021-10-06", "last_sale": "2022-10-19"}}, {"type": "Feature", "geometry": {"type": "Point", "coordinates": [2.301726, 48.858087]}, "properties": {"id_parcelle": "75107000CD0075", "address": "137 RUE ST DOMINIQUE", "sales": 4, "median_price": 1380000.0, "median_price_per_sqm": 36121.794871794875, "median_rooms": 1.0, "first_sale": "2022-03-14", "last_sale": "2022-03-14"}}, {"type": "Feature", "geometry": {"type": "Point", "coordinates": [2.302432, 48.858117]}, "properties": {"id_parcelle": "75107000CD0080", "address": "4 RUE DE L EXPOSITION", "sales": 4, "median_price": 100000.0, "median_price_per_sqm": 5000.0, "median_rooms": 0.5, "first_sale": "2023-07-21", "last_sale": "2025-03-31"}}, {"type": "Feature", "geometry": {"type": "Point", "coordinates": [2.302716, 48.856884]}, "properties": {"id_parcelle": "75107000CD0052", "address": "16 RUE DU GROS CAILLOU", "sales": 4, "median_price": 155500.0, "median_price_per_sqm": 8.0, "median_rooms": 2.0, "first_sale": "2024-06-27", "last_sale": "2025-04-15"}}, {"type": "Feature", "geometry": {"type": "Point", "coordinates": [2.305716, 48.85721]}, "properties": {"id_parcelle": "75107000BY0038", "address": "5 RUE VALADON", "sales": 4, "median_price": 598950.0, "median_price_per_sqm": 14492.753623188406, "median_rooms": 1.0, "first_sale": "2021-05-19", "last_sale": "2022-03-31"}}, {"type": "Feature", "geometry": {"type": "Point", "coordinates": [2.317319, 48.853857]}, "properties": {"id_parcelle": "75107000BD0005", "address": "18 RUE BARBET DE JOUY", "sales": 4, "median_price": 4117000.0, "median_price_per_sqm": 69267.58546626096, "median_rooms": 0.5, "first_sale": "2025-10-07", "last_sale": "2025-10-07"}}, {"type": "Feature", "geometry": {"type": "Point", "coordinates": [2.319157, 48.853506]}, "properties": {"id_parcelle": "75107000BD0015", "address": "22 RUE VANEAU", "sales": 4, "median_price": 2000000.0, "median_price_per_sqm": 51282.05128205128, "median_rooms": 1.5, "first_sale": "2024-05-22", "last_sale": "2024-05-22"}}, {"type": "Feature", "geometry": {"type": "Point", "coordinates": [2.320584, 48.858633]}, "properties": {"id_parcelle": "75107000AX0042", "address": "22 RUE LAS CASES", "sales": 4, "median_price": 2600000.0, "median_price_per_sqm": 18978.10218978102, "median_rooms": 0.0, "first_sale": "2023-08-23", "last_sale": "2023-08-23"}}, {"type": "Feature", "geometry": {"type": "Point", "coordinates": [2.321082, 48.858401]}, "properties": {"id_parcelle": "75107000AX0047", "address": "16 RUE LAS CASES", "sales": 4, "median_price": 369940.0, "median_price_per_sqm": 13212.142857142857, "median_rooms": 1.0, "first_sale": "2022-09-01", "last_sale": "2024-03-19"}}, {"type": "Feature", "geometry": {"type": "Point", "coordinates": [2.305286, 48.856743]}, "properties": {"id_parcelle": "75107000BY0012", "address": "9 PAS DE L UNION", "sales": 4, "median_price": 414525.0, "median_price_per_sqm": 10908.552631578947, "median_rooms": 1.0, "first_sale": "2021-07-22", "last_sale": "2023-10-25"}}, {"type": "Feature", "geometry": {"type": "Point", "coordinates": [2.318992, 48.848466]}, "properties": {"id_parcelle": "75107000BG0018", "address": "31 RUE ROUSSELET", "sales": 4, "median_price": 723000.0, "median_price_per_sqm": 12617.194570135747, "median_rooms": 1.0, "first_sale": "2021-07-27", "last_sale": "2024-02-26"}}, {"type": "Feature", "geometry": {"type": "Point", "coordinates": [2.309281, 48.854814]}, "properties": {"id_parcelle": "75107000BX0052", "address": "88 BD DE LA TOUR MAUBOURG", "sales": 4, "median_price": 1547241.5, "median_price_per_sqm": 15008.57960199005, "median_rooms": 2.0, "first_sale": "2023-06-20", "last_sale": "2024-05-30"}}, {"type": "Feature", "geometry": {"type": "Point", "coordinates": [2.328188, 48.852182]}, "properties": {"id_parcelle": "75107000AF0029", "address": "4 RUE RECAMIER", "sales": 4, "median_price": 345000.0, "median_price_per_sqm": 23750.0, "median_rooms": 0.0, "first_sale": "2021-05-07", "last_sale": "2024-03-12"}}, {"type": "Feature", "geometry": {"type": "Point", "coordinates": [2.318781, 48.849432]}, "properties": {"id_parcelle": "75107000BG0034", "address": "12 RUE PIERRE LEROUX", "sales": 4, "median_price": 242500.0, "median_price_per_sqm": 13444.271412680755, "median_rooms": 0.0, "first_sale": "2022-04-19", "last_sale": "2025-08-29"}}, {"type": "Feature", "geometry": {"type": "Point", "coordinates": [2.307567, 48.854328]}, "properties": {"id_parcelle": "75107000BX0069", "address": "33 RUE CHEVERT", "sales": 4, "median_price": 291075.0, "median_price_per_sqm": 14789.861111111111, "median_rooms": 1.0, "first_sale": "2021-12-17", "last_sale": "2024-03-05"}}, {"type": "Feature", "geometry": {"type": "Point", "coordinates": [2.306774, 48.856906]}, "properties": {"id_parcelle": "75107000BY0060", "address": "16 RUE DUVIVIER", "sales": 4, "median_price": 428000.0, "median_price_per_sqm": 11642.490842490843, "median_rooms": 1.0, "first_sale": "2023-10-11", "last_sale": "2025-02-10"}}, {"type": "Feature", "geometry": {"type": "Point", "coordinates": [2.316739, 48.847393]}, "properties": {"id_parcelle": "75107000BI0041", "address": "65 BD DES INVALIDES", "sales": 4, "median_price": 4545179.0, "median_price_per_sqm": 18541.198213683856, "median_rooms": 0.0, "first_sale": "2022-10-10", "last_sale": "2024-07-18"}}, {"type": "Feature", "geometry": {"type": "Point", "coordinates": [2.320057, 48.849115]}, "properties": {"id_parcelle": "75107000BG0057", "address": "78 RUE VANEAU", "sales": 4, "median_price": 775000.0, "median_price_per_sqm": 13589.118198874296, "median_rooms": 0.0, "first_sale": "2021-04-01", "last_sale": "2022-10-28"}}, {"type": "Feature", "geometry": {"type": "Point", "coordinates": [2.319709, 48.848684]}, "properties": {"id_parcelle": "75107000BG0064", "address": "23 RUE PIERRE LEROUX", "sales": 4, "median_price": 1483500.0, "median_price_per_sqm": 15707.997311827956, "median_rooms": 1.5, "first_sale": "2025-07-04", "last_sale": "2025-12-29"}}, {"type": "Feature", "geometry": {"type": "Point", "coordinates": [2.307828, 48.858492]}, "properties": {"id_parcelle": "75107000BZ0031", "address": "17 RUE AMELIE", "sales": 4, "median_price": 246890.0, "median_price_per_sqm": 12016.521739130434, "median_rooms": 1.0, "first_sale": "2021-07-23", "last_sale": "2025-06-26"}}, {"type": "Feature", "geometry": {"type": "Point", "coordinates": [2.318115, 48.859054]}, "properties": {"id_parcelle": "75107000AX0001", "address": "15 RUE DE BOURGOGNE", "sales": 4, "median_price": 3200000.0, "median_price_per_sqm": 11851.851851851852, "median_rooms": 0.0, "first_sale": "2024-05-14", "last_sale": "2024-05-14"}}, {"type": "Feature", "geometry": {"type": "Point", "coordinates": [2.318093, 48.858109]}, "properties": {"id_parcelle": "75107000AX0013", "address": "27 RUE DE BOURGOGNE", "sales": 4, "median_price": 366500.0, "median_price_per_sqm": 11474.489795918367, "median_rooms": 0.5, "first_sale": "2023-07-12", "last_sale": "2024-11-05"}}, {"type": "Feature", "geometry": {"type": "Point", "coordinates": [2.316816, 48.857034]}, "properties": {"id_parcelle": "75107000AY0011", "address": "46 RUE DE BOURGOGNE", "sales": 4, "median_price": 8100000.0, "median_price_per_sqm": 12480.739599383667, "median_rooms": 0.0, "first_sale": "2021-12-22", "last_sale": "2021-12-22"}}, {"type": "Feature", "geometry": {"type": "Point", "coordinates": [2.329384, 48.853474]}, "properties": {"id_parcelle": "75107000AE0040", "address": "60 RUE DES SAINTS PERES", "sales": 4, "median_price": 10114300.0, "median_price_per_sqm": 17745.26315789474, "median_rooms": 5.0, "first_sale": "2025-11-14", "last_sale": "2025-12-11"}}, {"type": "Feature", "geometry": {"type": "Point", "coordinates": [2.302703, 48.85965]}, "properties": {"id_parcelle": "75107000CJ0060", "address": "14 AV BOSQUET", "sales": 4, "median_price": 283375.0, "median_price_per_sqm": 13277.777777777777, "median_rooms": 1.0, "first_sale": "2021-02-23", "last_sale": "2023-09-11"}}, {"type": "Feature", "geometry": {"type": "Point", "coordinates": [2.301785, 48.859176]}, "properties": {"id_parcelle": "75107000CJ0049", "address": "4 RUE DUPONT DES LOGES", "sales": 4, "median_price": 557367.5, "median_price_per_sqm": 12703.899886877829, "median_rooms": 1.0, "first_sale": "2023-08-03", "last_sale": "2024-05-24"}}, {"type": "Feature", "geometry": {"type": "Point", "coordinates": [2.315389, 48.849837]}, "properties": {"id_parcelle": "75107000BF0009", "address": "47 BD DES INVALIDES", "sales": 4, "median_price": 800000.0, "median_price_per_sqm": 7142.857142857143, "median_rooms": 0.0, "first_sale": "2022-04-09", "last_sale": "2022-04-09"}}, {"type": "Feature", "geometry": {"type": "Point", "coordinates": [2.307282, 48.856882]}, "properties": {"id_parcelle": "75107000BY0083", "address": "17 RUE DUVIVIER", "sales": 4, "median_price": 285000.0, "median_price_per_sqm": 13564.55781372549, "median_rooms": 1.0, "first_sale": "2022-04-27", "last_sale": "2025-03-31"}}, {"type": "Feature", "geometry": {"type": "Point", "coordinates": [2.307132, 48.857103]}, "properties": {"id_parcelle": "75107000BY0085", "address": "13 RUE DUVIVIER", "sales": 4, "median_price": 635050.0, "median_price_per_sqm": 14584.375, "median_rooms": 0.5, "first_sale": "2021-02-12", "last_sale": "2024-10-31"}}, {"type": "Feature", "geometry": {"type": "Point", "coordinates": [2.301703, 48.859154]}, "properties": {"id_parcelle": "75107000CJ0050", "address": "3 RUE SEDILLOT", "sales": 4, "median_price": 492500.0, "median_price_per_sqm": 10151.515151515152, "median_rooms": 0.0, "first_sale": "2024-10-04", "last_sale": "2025-11-17"}}, {"type": "Feature", "geometry": {"type": "Point", "coordinates": [2.317286, 48.856144]}, "properties": {"id_parcelle": "75107000AY0034", "address": "55 RUE DE BOURGOGNE", "sales": 4, "median_price": 510000.0, "median_price_per_sqm": 11533.933333333332, "median_rooms": 0.5, "first_sale": "2025-02-13", "last_sale": "2025-03-14"}}, {"type": "Feature", "geometry": {"type": "Point", "coordinates": [2.318535, 48.857094]}, "properties": {"id_parcelle": "75107000AY0050", "address": "105 RUE DE GRENELLE", "sales": 4, "median_price": 1460000.0, "median_price_per_sqm": 7788.3746526908635, "median_rooms": 1.5, "first_sale": "2021-10-29", "last_sale": "2021-12-14"}}, {"type": "Feature", "geometry": {"type": "Point", "coordinates": [2.308762, 48.855885]}, "properties": {"id_parcelle": "75107000BY0139", "address": "12 RUE CHEVERT", "sales": 4, "median_price": 835000.0, "median_price_per_sqm": 14152.542372881357, "median_rooms": 1.0, "first_sale": "2021-09-08", "last_sale": "2024-07-29"}}, {"type": "Feature", "geometry": {"type": "Point", "coordinates": [2.30834, 48.857779]}, "properties": {"id_parcelle": "75107000BY0147", "address": "2 SQ DE LA TOUR MAUBOURG", "sales": 4, "median_price": 1677920.0, "median_price_per_sqm": 16698.579234972676, "median_rooms": 0.0, "first_sale": "2023-06-12", "last_sale": "2025-07-09"}}, {"type": "Feature", "geometry": {"type": "Point", "coordinates": [2.301343, 48.857414]}, "properties": {"id_parcelle": "75107000CD0016", "address": "59 AV DE LA BOURDONNAIS", "sales": 4, "median_price": 2553600.0, "median_price_per_sqm": 15021.176470588236, "median_rooms": 0.0, "first_sale": "2024-07-10", "last_sale": "2024-07-16"}}, {"type": "Feature", "geometry": {"type": "Point", "coordinates": [2.301532, 48.857621]}, "properties": {"id_parcelle": "75107000CD0013", "address": "6 RUE AUGEREAU", "sales": 4, "median_price": 418500.0, "median_price_per_sqm": 14436.969696969696, "median_rooms": 0.5, "first_sale": "2021-02-03", "last_sale": "2025-05-15"}}, {"type": "Feature", "geometry": {"type": "Point", "coordinates": [2.311395, 48.851432]}, "properties": {"id_parcelle": "75107000BM0001", "address": "24 AV DE BRETEUIL", "sales": 4, "median_price": 1605000.0, "median_price_per_sqm": 14459.45945945946, "median_rooms": 2.5, "first_sale": "2023-06-30", "last_sale": "2024-04-22"}}, {"type": "Feature", "geometry": {"type": "Point", "coordinates": [2.306487, 48.856155]}, "properties": {"id_parcelle": "75107000BW0027", "address": "2 RUE BOSQUET", "sales": 4, "median_price": 562600.0, "median_price_per_sqm": 14065.0, "median_rooms": 1.0, "first_sale": "2021-04-26", "last_sale": "2025-10-31"}}, {"type": "Feature", "geometry": {"type": "Point", "coordinates": [2.307176, 48.860237]}, "properties": {"id_parcelle": "75107000CL0022", "address": "20 RUE JEAN NICOT", "sales": 4, "median_price": 375170.0, "median_price_per_sqm": 12716.781609195401, "median_rooms": 0.5, "first_sale": "2023-05-30", "last_sale": "2024-07-08"}}, {"type": "Feature", "geometry": {"type": "Point", "coordinates": [2.329189, 48.854361]}, "properties": {"id_parcelle": "75107000AE0037", "address": "21 RUE SAINT GUILLAUME", "sales": 4, "median_price": 4123000.0, "median_price_per_sqm": 19087.962962962964, "median_rooms": 0.0, "first_sale": "2022-04-14", "last_sale": "2025-09-25"}}, {"type": "Feature", "geometry": {"type": "Point", "coordinates": [2.302393, 48.856525]}, "properties": {"id_parcelle": "75107000CD0035", "address": "81 AV DE LA BOURDONNAIS", "sales": 4, "median_price": 810000.0, "median_price_per_sqm": 12656.25, "median_rooms": 2.0, "first_sale": "2022-07-01", "last_sale": "2025-12-30"}}, {"type": "Feature", "geometry": {"type": "Point", "coordinates": [2.313743, 48.849934]}, "properties": {"id_parcelle": "75107000BK0025", "address": "7 PL DU PRESIDENT MITHOUARD", "sales": 4, "median_price": 1145000.0, "median_price_per_sqm": 14312.5, "median_rooms": 0.0, "first_sale": "2021-09-30", "last_sale": "2023-03-21"}}, {"type": "Feature", "geometry": {"type": "Point", "coordinates": [2.305578, 48.85575]}, "properties": {"id_parcelle": "75107000BW0044", "address": "27 RUE BOSQUET", "sales": 4, "median_price": 462500.0, "median_price_per_sqm": 12500.0, "median_rooms": 2.0, "first_sale": "2021-09-09", "last_sale": "2024-09-23"}}, {"type": "Feature", "geometry": {"type": "Point", "coordinates": [2.306147, 48.855852]}, "properties": {"id_parcelle": "75107000BW0051", "address": "15 RUE BOSQUET", "sales": 4, "median_price": 337250.0, "median_price_per_sqm": 12231.481481481482, "median_rooms": 1.5, "first_sale": "2025-05-26", "last_sale": "2025-09-19"}}, {"type": "Feature", "geometry": {"type": "Point", "coordinates": [2.314141, 48.852416]}, "properties": {"id_parcelle": "75107000BL0056", "address": "26 BD DES INVALIDES", "sales": 4, "median_price": 378096.25, "median_price_per_sqm": 8240.679347826086, "median_rooms": 0.5, "first_sale": "2021-12-08", "last_sale": "2023-02-22"}}, {"type": "Feature", "geometry": {"type": "Point", "coordinates": [2.312535, 48.849603]}, "properties": {"id_parcelle": "75107000BK0038", "address": "29 AV DE BRETEUIL", "sales": 4, "median_price": 891500.0, "median_price_per_sqm": 12047.297297297297, "median_rooms": 1.0, "first_sale": "2023-04-26", "last_sale": "2024-07-23"}}, {"type": "Feature", "geometry": {"type": "Point", "coordinates": [2.311699, 48.852969]}, "properties": {"id_parcelle": "75107000BL0001", "address": "1 AV DE SEGUR", "sales": 4, "median_price": 300000.0, "median_price_per_sqm": 8571.42857142857, "median_rooms": 2.0, "first_sale": "2023-07-19", "last_sale": "2025-11-14"}}, {"type": "Feature", "geometry": {"type": "Point", "coordinates": [2.306493, 48.855561]}, "properties": {"id_parcelle": "75107000BW0067", "address": "56 RUE CLER", "sales": 4, "median_price": 1619520.0, "median_price_per_sqm": 19994.074074074073, "median_rooms": 0.0, "first_sale": "2023-06-12", "last_sale": "2025-11-18"}}, {"type": "Feature", "geometry": {"type": "Point", "coordinates": [2.314252, 48.850161]}, "properties": {"id_parcelle": "75107000BK0012", "address": "36 BD DES INVALIDES", "sales": 4, "median_price": 1095467.5, "median_price_per_sqm": 13802.740963855422, "median_rooms": 1.0, "first_sale": "2023-07-13", "last_sale": "2025-04-14"}}, {"type": "Feature", "geometry": {"type": "Point", "coordinates": [2.314401, 48.849671]}, "properties": {"id_parcelle": "75107000BK0018", "address": "42 BD DES INVALIDES", "sales": 4, "median_price": 2679000.0, "median_price_per_sqm": 15653.005464480875, "median_rooms": 1.0, "first_sale": "2022-03-15", "last_sale": "2024-10-31"}}, {"type": "Feature", "geometry": {"type": "Point", "coordinates": [2.321961, 48.857526]}, "properties": {"id_parcelle": "75107000AX0088", "address": "44 RUE DE BELLECHASSE", "sales": 4, "median_price": 1000000.0, "median_price_per_sqm": 20024.420024420026, "median_rooms": 2.0, "first_sale": "2023-06-19", "last_sale": "2025-03-31"}}, {"type": "Feature", "geometry": {"type": "Point", "coordinates": [2.317231, 48.857477]}, "properties": {"id_parcelle": "75107000AY0006", "address": "119 RUE DE GRENELLE", "sales": 4, "median_price": 822002.5, "median_price_per_sqm": 13915.423076923076, "median_rooms": 1.0, "first_sale": "2023-03-29", "last_sale": "2023-09-21"}}, {"type": "Feature", "geometry": {"type": "Point", "coordinates": [2.310698, 48.859714]}, "properties": {"id_parcelle": "75107000AV0003", "address": "67 RUE ST DOMINIQUE", "sales": 4, "median_price": 853095.0, "median_price_per_sqm": 14419.399425287356, "median_rooms": 1.0, "first_sale": "2022-05-30", "last_sale": "2023-06-22"}}, {"type": "Feature", "geometry": {"type": "Point", "coordinates": [2.31095, 48.859327]}, "properties": {"id_parcelle": "75107000AV0028", "address": "38 RUE FABERT", "sales": 4, "median_price": 2321500.0, "median_price_per_sqm": 13050.98814229249, "median_rooms": 0.0, "first_sale": "2023-06-30", "last_sale": "2024-03-28"}}, {"type": "Feature", "geometry": {"type": "Point", "coordinates": [2.309726, 48.858958]}, "properties": {"id_parcelle": "75107000BZ0089", "address": "50 BD DE LA TOUR MAUBOURG", "sales": 4, "median_price": 890000.0, "median_price_per_sqm": 12714.285714285714, "median_rooms": 2.0, "first_sale": "2021-01-20", "last_sale": "2023-03-02"}}, {"type": "Feature", "geometry": {"type": "Point", "coordinates": [2.311204, 48.861782]}, "properties": {"id_parcelle": "75107000AT0009", "address": "4 RUE FABERT", "sales": 4, "median_price": 1642500.0, "median_price_per_sqm": 31848.484848484848, "median_rooms": 0.0, "first_sale": "2023-12-29", "last_sale": "2024-12-19"}}, {"type": "Feature", "geometry": {"type": "Point", "coordinates": [2.303389, 48.855778]}, "properties": {"id_parcelle": "75107000BW0091", "address": "39 RUE DU CHAMP DE MARS", "sales": 4, "median_price": 1428650.0, "median_price_per_sqm": 22322.65625, "median_rooms": 1.5, "first_sale": "2022-04-12", "last_sale": "2023-03-10"}}, {"type": "Feature", "geometry": {"type": "Point", "coordinates": [2.307664, 48.855293]}, "properties": {"id_parcelle": "75107000BX0006", "address": "23 AV DE LA MOTTE PICQUET", "sales": 4, "median_price": 1308172.0, "median_price_per_sqm": 16567.968137254902, "median_rooms": 1.5, "first_sale": "2022-09-12", "last_sale": "2022-09-26"}}, {"type": "Feature", "geometry": {"type": "Point", "coordinates": [2.30615, 48.857903]}, "properties": {"id_parcelle": "75107000BZ0010", "address": "184 RUE DE GRENELLE", "sales": 4, "median_price": 401775.0, "median_price_per_sqm": 13747.71505376344, "median_rooms": 2.0, "first_sale": "2021-02-17", "last_sale": "2025-01-08"}}, {"type": "Feature", "geometry": {"type": "Point", "coordinates": [2.312632, 48.847043]}, "properties": {"id_parcelle": "75107000BI0005", "address": "53 AV DE SAXE", "sales": 4, "median_price": 765000.0, "median_price_per_sqm": 14750.0, "median_rooms": 0.0, "first_sale": "2021-06-04", "last_sale": "2024-06-28"}}, {"type": "Feature", "geometry": {"type": "Point", "coordinates": [2.30811, 48.855437]}, "properties": {"id_parcelle": "75107000BX0034", "address": "22 RUE CHEVERT", "sales": 4, "median_price": 1460000.0, "median_price_per_sqm": 15795.180722891566, "median_rooms": 2.0, "first_sale": "2021-03-26", "last_sale": "2022-09-01"}}, {"type": "Feature", "geometry": {"type": "Point", "coordinates": [2.306399, 48.85446]}, "properties": {"id_parcelle": "75107000BX0019", "address": "1 PL DE L ECOLE MILITAIRE", "sales": 4, "median_price": 584515.0, "median_price_per_sqm": 20980.6, "median_rooms": 1.0, "first_sale": "2023-10-09", "last_sale": "2025-07-23"}}, {"type": "Feature", "geometry": {"type": "Point", "coordinates": [2.320203, 48.848595]}, "properties": {"id_parcelle": "75107000BG0067", "address": "48 RUE DE SEVRES", "sales": 4, "median_price": 467000.0, "median_price_per_sqm": 13610.576923076922, "median_rooms": 1.5, "first_sale": "2021-03-05", "last_sale": "2023-11-13"}}, {"type": "Feature", "geometry": {"type": "Point", "coordinates": [2.329332, 48.853013]}, "properties": {"id_parcelle": "75107000AE0043", "address": "14 RUE DE GRENELLE", "sales": 4, "median_price": 4451750.0, "median_price_per_sqm": 49263.15789473684, "median_rooms": 0.0, "first_sale": "2022-05-11", "last_sale": "2024-10-17"}}, {"type": "Feature", "geometry": {"type": "Point", "coordinates": [2.329409, 48.853157]}, "properties": {"id_parcelle": "75107000AE0044", "address": "66 RUE DES SAINTS PERES", "sales": 4, "median_price": 990225.0, "median_price_per_sqm": 20480.106382978724, "median_rooms": 0.5, "first_sale": "2021-07-13", "last_sale": "2022-11-04"}}, {"type": "Feature", "geometry": {"type": "Point", "coordinates": [2.306603, 48.859674]}, "properties": {"id_parcelle": "75107000CL0012", "address": "86 RUE ST DOMINIQUE", "sales": 4, "median_price": 300090.0, "median_price_per_sqm": 13250.0, "median_rooms": 1.0, "first_sale": "2021-07-08", "last_sale": "2024-12-20"}}, {"type": "Feature", "geometry": {"type": "Point", "coordinates": [2.326841, 48.855196]}, "properties": {"id_parcelle": "75107000AE0002", "address": "3 RUE DE LUYNES", "sales": 4, "median_price": 4978800.0, "median_price_per_sqm": 15723.255813953489, "median_rooms": 0.0, "first_sale": "2021-07-12", "last_sale": "2022-04-29"}}, {"type": "Feature", "geometry": {"type": "Point", "coordinates": [2.305325, 48.860987]}, "properties": {"id_parcelle": "75107000CK0067", "address": "2 RUE MALAR", "sales": 4, "median_price": 360063.0, "median_price_per_sqm": 14051.333333333334, "median_rooms": 1.5, "first_sale": "2021-11-19", "last_sale": "2025-09-10"}}, {"type": "Feature", "geometry": {"type": "Point", "coordinates": [2.305348, 48.860909]}, "properties": {"id_parcelle": "75107000CK0068", "address": "2 RUE MALAR", "sales": 4, "median_price": 257500.0, "median_price_per_sqm": 8044.117647058823, "median_rooms": 0.5, "first_sale": "2021-05-07", "last_sale": "2025-02-21"}}, {"type": "Feature", "geometry": {"type": "Point", "coordinates": [2.323751, 48.859832]}, "properties": {"id_parcelle": "75107000AQ0015", "address": "5 RUE DE SOLFERINO", "sales": 4, "median_price": 1592435.9, "median_price_per_sqm": 10248.846654040404, "median_rooms": 1.0, "first_sale": "2021-01-05", "last_sale": "2023-02-14"}}, {"type": "Feature", "geometry": {"type": "Point", "coordinates": [2.323704, 48.859442]}, "properties": {"id_parcelle": "75107000AQ0025", "address": "14 RUE DE BELLECHASSE", "sales": 4, "median_price": 1535000.0, "median_price_per_sqm": 15548.197203826343, "median_rooms": 0.0, "first_sale": "2021-11-30", "last_sale": "2024-06-28"}}, {"type": "Feature", "geometry": {"type": "Point", "coordinates": [2.323122, 48.859317]}, "properties": {"id_parcelle": "75107000AQ0029", "address": "9 RUE DE SOLFERINO", "sales": 4, "median_price": 2249250.0, "median_price_per_sqm": 15000.0, "median_rooms": 1.5, "first_sale": "2022-09-30", "last_sale": "2025-07-31"}}, {"type": "Feature", "geometry": {"type": "Point", "coordinates": [2.323202, 48.858753]}, "properties": {"id_parcelle": "75107000AQ0034", "address": "258 BD SAINT GERMAIN", "sales": 4, "median_price": 1231000.0, "median_price_per_sqm": 6248.730964467005, "median_rooms": 2.5, "first_sale": "2024-07-29", "last_sale": "2024-12-18"}}, {"type": "Feature", "geometry": {"type": "Point", "coordinates": [2.302206, 48.856665]}, "properties": {"id_parcelle": "75107000CD0032", "address": "77 AV DE LA BOURDONNAIS", "sales": 4, "median_price": 364610.0, "median_price_per_sqm": 11181.944444444445, "median_rooms": 1.5, "first_sale": "2021-07-19", "last_sale": "2024-06-17"}}, {"type": "Feature", "geometry": {"type": "Point", "coordinates": [2.302307, 48.856623]}, "properties": {"id_parcelle": "75107000CD0034", "address": "24 RUE AUGEREAU", "sales": 4, "median_price": 337500.0, "median_price_per_sqm": 10416.666666666668, "median_rooms": 0.5, "first_sale": "2022-03-22", "last_sale": "2025-08-05"}}, {"type": "Feature", "geometry": {"type": "Point", "coordinates": [2.303167, 48.855196]}, "properties": {"id_parcelle": "75107000BV0008", "address": "23 AV EMILE DESCHANEL", "sales": 4, "median_price": 5076000.0, "median_price_per_sqm": 101262.10400478184, "median_rooms": 0.5, "first_sale": "2021-10-06", "last_sale": "2021-10-06"}}, {"type": "Feature", "geometry": {"type": "Point", "coordinates": [2.303106, 48.855395]}, "properties": {"id_parcelle": "75107000BV0016", "address": "66 AV DE LA BOURDONNAIS", "sales": 4, "median_price": 1512500.0, "median_price_per_sqm": 14268.867924528302, "median_rooms": 0.0, "first_sale": "2025-08-11", "last_sale": "2025-08-11"}}, {"type": "Feature", "geometry": {"type": "Point", "coordinates": [2.324889, 48.855602]}, "properties": {"id_parcelle": "75107000AL0062", "address": "70 RUE DU BAC", "sales": 4, "median_price": 2150000.0, "median_price_per_sqm": 13953.488372093023, "median_rooms": 0.0, "first_sale": "2022-03-10", "last_sale": "2022-03-18"}}, {"type": "Feature", "geometry": {"type": "Point", "coordinates": [2.319407, 48.852672]}, "properties": {"id_parcelle": "75107000AJ0003", "address": "29 RUE VANEAU", "sales": 4, "median_price": 2600000.0, "median_price_per_sqm": 31325.301204819276, "median_rooms": 2.0, "first_sale": "2023-03-29", "last_sale": "2024-04-30"}}, {"type": "Feature", "geometry": {"type": "Point", "coordinates": [2.299932, 48.857994]}, "properties": {"id_parcelle": "75107000CJ0009", "address": "45 AV DE LA BOURDONNAIS", "sales": 4, "median_price": 576731.0, "median_price_per_sqm": 14418.275, "median_rooms": 1.0, "first_sale": "2023-03-31", "last_sale": "2024-09-09"}}, {"type": "Feature", "geometry": {"type": "Point", "coordinates": [2.300639, 48.857995]}, "properties": {"id_parcelle": "75107000CJ0012", "address": "124 RUE ST DOMINIQUE", "sales": 4, "median_price": 365000.0, "median_price_per_sqm": 16590.909090909092, "median_rooms": 1.5, "first_sale": "2021-04-20", "last_sale": "2022-09-07"}}, {"type": "Feature", "geometry": {"type": "Point", "coordinates": [2.301071, 48.858327]}, "properties": {"id_parcelle": "75107000CJ0016", "address": "118 RUE ST DOMINIQUE", "sales": 4, "median_price": 640366.0, "median_price_per_sqm": 14252.647005444645, "median_rooms": 0.0, "first_sale": "2021-01-27", "last_sale": "2023-02-24"}}, {"type": "Feature", "geometry": {"type": "Point", "coordinates": [2.297955, 48.860103]}, "properties": {"id_parcelle": "75107000CI0015", "address": "213 RUE DE L UNIVERSITE", "sales": 4, "median_price": 1298000.0, "median_price_per_sqm": 51279.01234567901, "median_rooms": 0.0, "first_sale": "2022-09-28", "last_sale": "2023-11-28"}}, {"type": "Feature", "geometry": {"type": "Point", "coordinates": [2.310794, 48.860438]}, "properties": {"id_parcelle": "75107000AU0007", "address": "21 BD DE LA TOUR MAUBOURG", "sales": 4, "median_price": 480000.0, "median_price_per_sqm": 9047.619047619046, "median_rooms": 1.0, "first_sale": "2022-12-07", "last_sale": "2025-06-05"}}, {"type": "Feature", "geometry": {"type": "Point", "coordinates": [2.311167, 48.86024]}, "properties": {"id_parcelle": "75107000AU0014", "address": "28 RUE FABERT", "sales": 4, "median_price": 3850000.0, "median_price_per_sqm": 22254.335260115608, "median_rooms": 0.0, "first_sale": "2021-09-10", "last_sale": "2025-06-06"}}, {"type": "Feature", "geometry": {"type": "Point", "coordinates": [2.309473, 48.858351]}, "properties": {"id_parcelle": "75107000BZ0073", "address": "21 RUE DE LA COMETE", "sales": 4, "median_price": 830000.0, "median_price_per_sqm": 29642.85714285714, "median_rooms": 0.0, "first_sale": "2021-03-29", "last_sale": "2021-05-07"}}, {"type": "Feature", "geometry": {"type": "Point", "coordinates": [2.3076, 48.859539]}, "properties": {"id_parcelle": "75107000BZ0042", "address": "89 RUE ST DOMINIQUE", "sales": 4, "median_price": 635500.0, "median_price_per_sqm": 13440.0, "median_rooms": 3.0, "first_sale": "2021-09-13", "last_sale": "2025-07-02"}}, {"type": "Feature", "geometry": {"type": "Point", "coordinates": [2.295785, 48.86003]}, "properties": {"id_parcelle": "75107000CQ0007", "address": "6 AV DE LA BOURDONNAIS", "sales": 4, "median_price": 2149800.0, "median_price_per_sqm": 16536.923076923078, "median_rooms": 0.0, "first_sale": "2022-06-15", "last_sale": "2022-06-15"}}, {"type": "Feature", "geometry": {"type": "Point", "coordinates": [2.328921, 48.858221]}, "properties": {"id_parcelle": "75107000AC0004", "address": "40 RUE DE VERNEUIL", "sales": 4, "median_price": 1665000.0, "median_price_per_sqm": 17435.897435897437, "median_rooms": 2.0, "first_sale": "2022-09-13", "last_sale": "2024-09-27"}}, {"type": "Feature", "geometry": {"type": "Point", "coordinates": [2.308159, 48.847952]}, "properties": {"id_parcelle": "75107000BO0036", "address": "7 RUE ALBERT DE LAPPARENT", "sales": 4, "median_price": 665745.0, "median_price_per_sqm": 14472.717391304348, "median_rooms": 1.0, "first_sale": "2021-08-10", "last_sale": "2025-06-02"}}, {"type": "Feature", "geometry": {"type": "Point", "coordinates": [2.326108, 48.856386]}, "properties": {"id_parcelle": "75107000AN0024", "address": "50 RUE DU BAC", "sales": 4, "median_price": 915700.0, "median_price_per_sqm": 17500.0, "median_rooms": 0.5, "first_sale": "2022-10-17", "last_sale": "2025-09-12"}}, {"type": "Feature", "geometry": {"type": "Point", "coordinates": [2.300645, 48.856967]}, "properties": {"id_parcelle": "75107000CE0002", "address": "44 AV DE LA BOURDONNAIS", "sales": 4, "median_price": 1487075.0, "median_price_per_sqm": 6791.044776119403, "median_rooms": 0.0, "first_sale": "2021-03-31", "last_sale": "2024-12-18"}}, {"type": "Feature", "geometry": {"type": "Point", "coordinates": [2.308451, 48.848032]}, "properties": {"id_parcelle": "75107000BO0041", "address": "6 RUE LEON VAUDOYER", "sales": 4, "median_price": 1390850.0, "median_price_per_sqm": 13529.254716981133, "median_rooms": 1.5, "first_sale": "2022-04-11", "last_sale": "2024-03-07"}}, {"type": "Feature", "geometry": {"type": "Point", "coordinates": [2.302669, 48.858387]}, "properties": {"id_parcelle": "75107000CD0105", "address": "127 RUE SAINT DOMINIQUE", "sales": 4, "median_price": 802500.0, "median_price_per_sqm": 10341.666666666668, "median_rooms": 1.5, "first_sale": "2021-06-03", "last_sale": "2025-04-24"}}, {"type": "Feature", "geometry": {"type": "Point", "coordinates": [2.325239, 48.855847]}, "properties": {"id_parcelle": "75107000AL0067", "address": "62 RUE DU BAC", "sales": 4, "median_price": 2036650.0, "median_price_per_sqm": 17557.327586206895, "median_rooms": 3.0, "first_sale": "2024-05-22", "last_sale": "2025-01-03"}}, {"type": "Feature", "geometry": {"type": "Point", "coordinates": [2.325222, 48.855008]}, "properties": {"id_parcelle": "75107000AL0080", "address": "70 RUE DE GRENELLE", "sales": 4, "median_price": 668065.0, "median_price_per_sqm": 14340.775943396227, "median_rooms": 1.0, "first_sale": "2022-11-17", "last_sale": "2025-03-25"}}, {"type": "Feature", "geometry": {"type": "Point", "coordinates": [2.301147, 48.855793]}, "properties": {"id_parcelle": "75107000CE0017", "address": "12 AV EMILE DESCHANEL", "sales": 4, "median_price": 3397000.0, "median_price_per_sqm": 21231.25, "median_rooms": 0.0, "first_sale": "2021-12-27", "last_sale": "2022-10-31"}}, {"type": "Feature", "geometry": {"type": "Point", "coordinates": [2.296638, 48.854196]}, "properties": {"id_parcelle": "75107000CF0003", "address": "41 AV DE SUFFREN", "sales": 4, "median_price": 1209523.0, "median_price_per_sqm": 13744.579545454546, "median_rooms": 0.0, "first_sale": "2022-10-19", "last_sale": "2025-09-05"}}, {"type": "Feature", "geometry": {"type": "Point", "coordinates": [2.294957, 48.855276]}, "properties": {"id_parcelle": "75107000CG0010", "address": "31 AV DE SUFFREN", "sales": 4, "median_price": 1852800.0, "median_price_per_sqm": 16691.891891891893, "median_rooms": 0.0, "first_sale": "2022-05-31", "last_sale": "2024-08-30"}}, {"type": "Feature", "geometry": {"type": "Point", "coordinates": [2.302856, 48.857453]}, "properties": {"id_parcelle": "75107000CD0088", "address": "20 RUE DE L EXPOSITION", "sales": 4, "median_price": 322500.0, "median_price_per_sqm": 15735.645933014355, "median_rooms": 0.5, "first_sale": "2023-06-08", "last_sale": "2024-05-24"}}, {"type": "Feature", "geometry": {"type": "Point", "coordinates": [2.303089, 48.857124]}, "properties": {"id_parcelle": "75107000CD0091", "address": "28 RUE DE L EXPOSITION", "sales": 4, "median_price": 1440000.0, "median_price_per_sqm": 33560.9756097561, "median_rooms": 0.0, "first_sale": "2023-02-09", "last_sale": "2023-02-09"}}, {"type": "Feature", "geometry": {"type": "Point", "coordinates": [2.303618, 48.856981]}, "properties": {"id_parcelle": "75107000CD0095", "address": "206 RUE DE GRENELLE", "sales": 4, "median_price": 772500.0, "median_price_per_sqm": 16000.0, "median_rooms": 0.0, "first_sale": "2021-02-24", "last_sale": "2023-03-31"}}, {"type": "Feature", "geometry": {"type": "Point", "coordinates": [2.323512, 48.858502]}, "properties": {"id_parcelle": "75107000AN0004", "address": "256 BD SAINT GERMAIN", "sales": 4, "median_price": 3240000.0, "median_price_per_sqm": 21958.23095823096, "median_rooms": 2.0, "first_sale": "2023-12-13", "last_sale": "2023-12-13"}}, {"type": "Feature", "geometry": {"type": "Point", "coordinates": [2.330028, 48.858573]}, "properties": {"id_parcelle": "75107000AB0016", "address": "38 RUE DE LILLE", "sales": 4, "median_price": 368625.0, "median_price_per_sqm": 14229.074074074073, "median_rooms": 1.0, "first_sale": "2022-06-24", "last_sale": "2025-09-25"}}, {"type": "Feature", "geometry": {"type": "Point", "coordinates": [2.330855, 48.85771]}, "properties": {"id_parcelle": "75107000AC0024", "address": "22 RUE DE VERNEUIL", "sales": 4, "median_price": 1375000.0, "median_price_per_sqm": 18478.260869565216, "median_rooms": 1.5, "first_sale": "2021-03-26", "last_sale": "2025-09-16"}}, {"type": "Feature", "geometry": {"type": "Point", "coordinates": [2.308486, 48.861866]}, "properties": {"id_parcelle": "75107000CM0016", "address": "3 AV SULLY-PRUDHOMME", "sales": 4, "median_price": 1924957.5, "median_price_per_sqm": 16594.46120689655, "median_rooms": 1.5, "first_sale": "2024-05-13", "last_sale": "2024-07-01"}}, {"type": "Feature", "geometry": {"type": "Point", "coordinates": [2.309818, 48.85068]}, "properties": {"id_parcelle": "75107000BM0020", "address": "1 VLA DE SEGUR", "sales": 4, "median_price": 3110000.0, "median_price_per_sqm": 12054.263565891473, "median_rooms": 0.0, "first_sale": "2022-06-07", "last_sale": "2023-01-06"}}, {"type": "Feature", "geometry": {"type": "Point", "coordinates": [2.299004, 48.853512]}, "properties": {"id_parcelle": "75107000BU0001", "address": "33 AV CHARLES FLOQUET", "sales": 4, "median_price": 1885000.0, "median_price_per_sqm": 23333.333333333332, "median_rooms": 0.0, "first_sale": "2025-01-30", "last_sale": "2025-02-26"}}, {"type": "Feature", "geometry": {"type": "Point", "coordinates": [2.299226, 48.852537]}, "properties": {"id_parcelle": "75107000BU0027", "address": "6 RUE JEAN CARRIES", "sales": 4, "median_price": 1735000.0, "median_price_per_sqm": 11193.548387096775, "median_rooms": 0.0, "first_sale": "2024-10-16", "last_sale": "2025-05-07"}}, {"type": "Feature", "geometry": {"type": "Point", "coordinates": [2.301947, 48.855285]}, "properties": {"id_parcelle": "75107000BV0004", "address": "18 AV EMILE DESCHANEL", "sales": 4, "median_price": 3630000.0, "median_price_per_sqm": 23204.761904761905, "median_rooms": 1.0, "first_sale": "2021-04-09", "last_sale": "2022-09-30"}}, {"type": "Feature", "geometry": {"type": "Point", "coordinates": [2.324513, 48.85664]}, "properties": {"id_parcelle": "75107000AM0033", "address": "213 BD SAINT GERMAIN", "sales": 4, "median_price": 2622500.0, "median_price_per_sqm": 17910.74121956475, "median_rooms": 2.0, "first_sale": "2021-11-02", "last_sale": "2022-04-28"}}, {"type": "Feature", "geometry": {"type": "Point", "coordinates": [2.309792, 48.860374]}, "properties": {"id_parcelle": "75107000CL0063", "address": "27 RUE SURCOUF", "sales": 4, "median_price": 338000.0, "median_price_per_sqm": 12071.42857142857, "median_rooms": 2.0, "first_sale": "2021-04-08", "last_sale": "2025-12-01"}}, {"type": "Feature", "geometry": {"type": "Point", "coordinates": [2.309789, 48.850968]}, "properties": {"id_parcelle": "75107000BM0017", "address": "31 AV DE SEGUR", "sales": 4, "median_price": 656000.0, "median_price_per_sqm": 12311.32075471698, "median_rooms": 0.0, "first_sale": "2022-03-16", "last_sale": "2022-06-03"}}, {"type": "Feature", "geometry": {"type": "Point", "coordinates": [2.328552, 48.855241]}, "properties": {"id_parcelle": "75107000AD0035", "address": "212 BD SAINT GERMAIN", "sales": 4, "median_price": 2116401.0, "median_price_per_sqm": 21595.928571428572, "median_rooms": 1.0, "first_sale": "2023-03-22", "last_sale": "2024-12-13"}}, {"type": "Feature", "geometry": {"type": "Point", "coordinates": [2.329547, 48.855784]}, "properties": {"id_parcelle": "75107000AD0045", "address": "16 RUE DU PRE AUX CLERCS", "sales": 4, "median_price": 2000000.0, "median_price_per_sqm": 21276.59574468085, "median_rooms": 0.0, "first_sale": "2024-06-25", "last_sale": "2024-06-25"}}, {"type": "Feature", "geometry": {"type": "Point", "coordinates": [2.330323, 48.856195]}, "properties": {"id_parcelle": "75107000AD0059", "address": "9 RUE DU PRE AUX CLERCS", "sales": 4, "median_price": 2438000.0, "median_price_per_sqm": 22163.636363636364, "median_rooms": 0.0, "first_sale": "2022-07-11", "last_sale": "2022-07-11"}}, {"type": "Feature", "geometry": {"type": "Point", "coordinates": [2.307631, 48.860823]}, "properties": {"id_parcelle": "75107000CL0081", "address": "135 RUE DE L UNIVERSITE", "sales": 4, "median_price": 2100000.0, "median_price_per_sqm": 38750.0, "median_rooms": 0.0, "first_sale": "2022-02-18", "last_sale": "2022-02-18"}}, {"type": "Feature", "geometry": {"type": "Point", "coordinates": [2.326132, 48.855093]}, "properties": {"id_parcelle": "75107000AD0005", "address": "9 BD RASPAIL", "sales": 4, "median_price": 946000.0, "median_price_per_sqm": 10231.707317073171, "median_rooms": 2.0, "first_sale": "2021-05-27", "last_sale": "2024-09-05"}}, {"type": "Feature", "geometry": {"type": "Point", "coordinates": [2.329389, 48.855634]}, "properties": {"id_parcelle": "75107000AD0043", "address": "14 RUE ST GUILLAUME", "sales": 3, "median_price": 3010000.0, "median_price_per_sqm": 34746.968283582086, "median_rooms": 2.0, "first_sale": "2024-05-15", "last_sale": "2025-09-23"}}, {"type": "Feature", "geometry": {"type": "Point", "coordinates": [2.32968, 48.855942]}, "properties": {"id_parcelle": "75107000AD0046", "address": "14 RUE DU PRE AUX CLERCS", "sales": 3, "median_price": 2650000.0, "median_price_per_sqm": 20384.615384615383, "median_rooms": 0.0, "first_sale": "2025-10-24", "last_sale": "2025-10-24"}}, {"type": "Feature", "geometry": {"type": "Point", "coordinates": [2.330587, 48.856569]}, "properties": {"id_parcelle": "75107000AD0055", "address": "7 RUE DE L UNIVERSITE", "sales": 3, "median_price": 2360650.0, "median_price_per_sqm": 22482.380952380954, "median_rooms": 0.0, "first_sale": "2025-05-20", "last_sale": "2025-07-16"}}, {"type": "Feature", "geometry": {"type": "Point", "coordinates": [2.326218, 48.855217]}, "properties": {"id_parcelle": "75107000AD0006", "address": "6 RUE DE LUYNES", "sales": 3, "median_price": 30000.0, "median_price_per_sqm": 1071.4285714285713, "median_rooms": 2.0, "first_sale": "2021-04-16", "last_sale": "2024-09-30"}}, {"type": "Feature", "geometry": {"type": "Point", "coordinates": [2.326292, 48.855414]}, "properties": {"id_parcelle": "75107000AD0007", "address": "4 RUE DE LUYNES", "sales": 3, "median_price": 2403846.0, "median_price_per_sqm": 17419.17391304348, "median_rooms": 0.0, "first_sale": "2022-02-28", "last_sale": "2022-02-28"}}, {"type": "Feature", "geometry": {"type": "Point", "coordinates": [2.326357, 48.85551]}, "properties": {"id_parcelle": "75107000AD0008", "address": "203 BD SAINT GERMAIN", "sales": 3, "median_price": 1950000.0, "median_price_per_sqm": 11818.181818181818, "median_rooms": 0.0, "first_sale": "2025-12-05", "last_sale": "2025-12-05"}}, {"type": "Feature", "geometry": {"type": "Point", "coordinates": [2.328449, 48.855379]}, "properties": {"id_parcelle": "75107000AD0034", "address": "214 BD SAINT GERMAIN", "sales": 3, "median_price": 840000.0, "median_price_per_sqm": 12000.0, "median_rooms": 0.0, "first_sale": "2022-02-08", "last_sale": "2022-02-08"}}, {"type": "Feature", "geometry": {"type": "Point", "coordinates": [2.308796, 48.860891]}, "properties": {"id_parcelle": "75107000CL0046", "address": "125 RUE DE L UNIVERSITE", "sales": 3, "median_price": 1390000.0, "median_price_per_sqm": 5560.0, "median_rooms": 0.0, "first_sale": "2021-03-29", "last_sale": "2023-02-28"}}, {"type": "Feature", "geometry": {"type": "Point", "coordinates": [2.309729, 48.86089]}, "properties": {"id_parcelle": "75107000CL0078", "address": "119 RUE DE L UNIVERSITE", "sales": 3, "median_price": 3850000.0, "median_price_per_sqm": 16108.78661087866, "median_rooms": 0.0, "first_sale": "2023-11-24", "last_sale": "2023-11-24"}}, {"type": "Feature", "geometry": {"type": "Point", "coordinates": [2.300561, 48.851676]}, "properties": {"id_parcelle": "75107000BU0013", "address": "12 PL JOFFRE", "sales": 3, "median_price": 1630000.0, "median_price_per_sqm": 11608.899297423886, "median_rooms": 2.0, "first_sale": "2022-01-28", "last_sale": "2023-04-11"}}, {"type": "Feature", "geometry": {"type": "Point", "coordinates": [2.323664, 48.856787]}, "properties": {"id_parcelle": "75107000AM0025", "address": "11 PAS DE LA VISITATION", "sales": 3, "median_price": 365000.0, "median_price_per_sqm": 65984.20577617329, "median_rooms": 1.0, "first_sale": "2022-06-22", "last_sale": "2025-10-17"}}, {"type": "Feature", "geometry": {"type": "Point", "coordinates": [2.323951, 48.85708]}, "properties": {"id_parcelle": "75107000AM0031", "address": "215 BD SAINT GERMAIN", "sales": 3, "median_price": 1500000.0, "median_price_per_sqm": 12820.51282051282, "median_rooms": 3.0, "first_sale": "2022-03-04", "last_sale": "2025-08-07"}}, {"type": "Feature", "geometry": {"type": "Point", "coordinates": [2.330602, 48.858356]}, "properties": {"id_parcelle": "75107000AB0023", "address": "32 RUE DE LILLE", "sales": 3, "median_price": 740000.0, "median_price_per_sqm": 28562.820512820515, "median_rooms": 0.0, "first_sale": "2022-04-13", "last_sale": "2024-09-24"}}, {"type": "Feature", "geometry": {"type": "Point", "coordinates": [2.292429, 48.85706]}, "properties": {"id_parcelle": "75107000CS0012", "address": "1 RUE DE BUENOS AIRES", "sales": 3, "median_price": 2475000.0, "median_price_per_sqm": 21710.526315789473, "median_rooms": 0.0, "first_sale": "2021-07-05", "last_sale": "2022-09-15"}}, {"type": "Feature", "geometry": {"type": "Point", "coordinates": [2.329853, 48.858578]}, "properties": {"id_parcelle": "75107000AB0014", "address": "9 RUE DE BEAUNE", "sales": 3, "median_price": 515543.0, "median_price_per_sqm": 15937.5, "median_rooms": 2.0, "first_sale": "2025-02-28", "last_sale": "2025-03-31"}}, {"type": "Feature", "geometry": {"type": "Point", "coordinates": [2.329017, 48.85882]}, "properties": {"id_parcelle": "75107000AB0006", "address": "50 RUE DE LILLE", "sales": 3, "median_price": 2500000.0, "median_price_per_sqm": 126794.25837320574, "median_rooms": 1.0, "first_sale": "2022-07-26", "last_sale": "2022-07-26"}}, {"type": "Feature", "geometry": {"type": "Point", "coordinates": [2.304887, 48.858968]}, "properties": {"id_parcelle": "75107000CD0126", "address": "115 RUE ST DOMINIQUE", "sales": 3, "median_price": 1810900.0, "median_price_per_sqm": 11388.888888888889, "median_rooms": 4.0, "first_sale": "2021-10-12", "last_sale": "2024-12-20"}}, {"type": "Feature", "geometry": {"type": "Point", "coordinates": [2.305336, 48.85821]}, "properties": {"id_parcelle": "75107000CD0133", "address": "14 RUE CLER", "sales": 3, "median_price": 285110.0, "median_price_per_sqm": 10091.25, "median_rooms": 0.0, "first_sale": "2024-01-05", "last_sale": "2025-11-13"}}, {"type": "Feature", "geometry": {"type": "Point", "coordinates": [2.327224, 48.857463]}, "properties": {"id_parcelle": "75107000AN0037", "address": "32 RUE DU BAC", "sales": 3, "median_price": 3404925.0, "median_price_per_sqm": 22699.5, "median_rooms": 0.0, "first_sale": "2022-05-16", "last_sale": "2022-05-16"}}, {"type": "Feature", "geometry": {"type": "Point", "coordinates": [2.303512, 48.857178]}, "properties": {"id_parcelle": "75107000CD0097", "address": "27 RUE DE L EXPOSITION", "sales": 3, "median_price": 166667.0, "median_price_per_sqm": 11010.72619047619, "median_rooms": 1.0, "first_sale": "2023-09-29", "last_sale": "2024-11-21"}}, {"type": "Feature", "geometry": {"type": "Point", "coordinates": [2.30324, 48.857582]}, "properties": {"id_parcelle": "75107000CD0102", "address": "19 RUE DE L EXPOSITION", "sales": 3, "median_price": 459075.0, "median_price_per_sqm": 12500.0, "median_rooms": 2.0, "first_sale": "2021-03-11", "last_sale": "2024-09-19"}}, {"type": "Feature", "geometry": {"type": "Point", "coordinates": [2.301577, 48.856371]}, "properties": {"id_parcelle": "75107000CE0010", "address": "52 AV DE LA BOURDONNAIS", "sales": 3, "median_price": 1351000.0, "median_price_per_sqm": 22516.666666666664, "median_rooms": 0.0, "first_sale": "2025-06-04", "last_sale": "2025-06-04"}}, {"type": "Feature", "geometry": {"type": "Point", "coordinates": [2.323994, 48.85803]}, "properties": {"id_parcelle": "75107000AN0017", "address": "252 BD SAINT GERMAIN", "sales": 3, "median_price": 2025000.0, "median_price_per_sqm": 15242.017879948915, "median_rooms": 5.0, "first_sale": "2021-10-06", "last_sale": "2022-03-11"}}, {"type": "Feature", "geometry": {"type": "Point", "coordinates": [2.326872, 48.857272]}, "properties": {"id_parcelle": "75107000AN0032", "address": "2 IMP DE VALMY", "sales": 3, "median_price": 500000.0, "median_price_per_sqm": 14929.577464788732, "median_rooms": 0.0, "first_sale": "2025-03-27", "last_sale": "2025-05-26"}}, {"type": "Feature", "geometry": {"type": "Point", "coordinates": [2.30047, 48.857197]}, "properties": {"id_parcelle": "75107000CE0001", "address": "42 AV DE LA BOURDONNAIS", "sales": 3, "median_price": 78000.0, "median_price_per_sqm": null, "median_rooms": 0.0, "first_sale": "2022-04-05", "last_sale": "2024-01-25"}}, {"type": "Feature", "geometry": {"type": "Point", "coordinates": [2.309204, 48.853596]}, "properties": {"id_parcelle": "75107000BR0021", "address": "100 BD DE LA TOUR MAUBOURG", "sales": 3, "median_price": 1000.0, "median_price_per_sqm": 8.893280632411066, "median_rooms": 2.0, "first_sale": "2021-10-06", "last_sale": "2025-07-08"}}, {"type": "Feature", "geometry": {"type": "Point", "coordinates": [2.329155, 48.858952]}, "properties": {"id_parcelle": "75107000AB0004", "address": "7 RUE DU BAC", "sales": 3, "median_price": 4600000.0, "median_price_per_sqm": 22369.869942196532, "median_rooms": 6.0, "first_sale": "2021-03-19", "last_sale": "2021-05-31"}}, {"type": "Feature", "geometry": {"type": "Point", "coordinates": [2.310825, 48.848291]}, "properties": {"id_parcelle": "75107000BN0024", "address": "37 AV DE SAXE", "sales": 3, "median_price": 650000.0, "median_price_per_sqm": 12561.590909090908, "median_rooms": 2.0, "first_sale": "2022-03-02", "last_sale": "2023-09-06"}}, {"type": "Feature", "geometry": {"type": "Point", "coordinates": [2.308525, 48.847715]}, "properties": {"id_parcelle": "75107000BO0043", "address": "14 RUE PERIGNON", "sales": 3, "median_price": 150000.0, "median_price_per_sqm": 5357.142857142857, "median_rooms": 0.0, "first_sale": "2021-06-29", "last_sale": "2024-07-23"}}, {"type": "Feature", "geometry": {"type": "Point", "coordinates": [2.309111, 48.847909]}, "properties": {"id_parcelle": "75107000BO0045", "address": "9 RUE LEON VAUDOYER", "sales": 3, "median_price": 1010000.0, "median_price_per_sqm": 9534.090909090908, "median_rooms": 0.0, "first_sale": "2023-03-30", "last_sale": "2025-10-03"}}, {"type": "Feature", "geometry": {"type": "Point", "coordinates": [2.30908, 48.848227]}, "properties": {"id_parcelle": "75107000BO0047", "address": "5 RUE LEON VAUDOYER", "sales": 3, "median_price": 1650000.0, "median_price_per_sqm": 15000.0, "median_rooms": 0.0, "first_sale": "2022-07-08", "last_sale": "2023-06-20"}}, {"type": "Feature", "geometry": {"type": "Point", "coordinates": [2.307972, 48.847943]}, "properties": {"id_parcelle": "75107000BO0035", "address": "9 RUE ALBERT DE LAPPARENT", "sales": 3, "median_price": 220000.0, "median_price_per_sqm": null, "median_rooms": 0.0, "first_sale": "2021-05-12", "last_sale": "2021-07-07"}}, {"type": "Feature", "geometry": {"type": "Point", "coordinates": [2.331389, 48.857137]}, "properties": {"id_parcelle": "75107000AC0053", "address": "7 RUE DE VERNEUIL", "sales": 3, "median_price": 185000.0, "median_price_per_sqm": 13291.25, "median_rooms": 0.0, "first_sale": "2021-03-19", "last_sale": "2025-06-12"}}, {"type": "Feature", "geometry": {"type": "Point", "coordinates": [2.30862, 48.858183]}, "properties": {"id_parcelle": "75107000BZ0057", "address": "166 RUE DE GRENELLE", "sales": 3, "median_price": 295000.0, "median_price_per_sqm": 7638.888888888889, "median_rooms": 4.0, "first_sale": "2021-10-22", "last_sale": "2021-12-21"}}, {"type": "Feature", "geometry": {"type": "Point", "coordinates": [2.318648, 48.857693]}, "properties": {"id_parcelle": "75107000AX0030", "address": "5 RUE DE CHAMPAGNY", "sales": 3, "median_price": 1635000.0, "median_price_per_sqm": 21513.157894736843, "median_rooms": 0.0, "first_sale": "2021-06-04", "last_sale": "2021-06-04"}}, {"type": "Feature", "geometry": {"type": "Point", "coordinates": [2.32022, 48.858845]}, "properties": {"id_parcelle": "75107000AX0036", "address": "3 RUE CASIMIR PERIER", "sales": 3, "median_price": 2335800.0, "median_price_per_sqm": 19964.102564102563, "median_rooms": 0.0, "first_sale": "2021-09-09", "last_sale": "2021-09-09"}}, {"type": "Feature", "geometry": {"type": "Point", "coordinates": [2.320385, 48.858697]}, "properties": {"id_parcelle": "75107000AX0039", "address": "24 RUE LAS CASES", "sales": 3, "median_price": 1925000.0, "median_price_per_sqm": 19254.464285714286, "median_rooms": 3.0, "first_sale": "2021-07-06", "last_sale": "2022-05-20"}}, {"type": "Feature", "geometry": {"type": "Point", "coordinates": [2.299634, 48.858361]}, "properties": {"id_parcelle": "75107000CJ0003", "address": "39 AV DE LA BOURDONNAIS", "sales": 3, "median_price": 1770000.0, "median_price_per_sqm": 17019.23076923077, "median_rooms": 0.0, "first_sale": "2024-12-06", "last_sale": "2024-12-06"}}, {"type": "Feature", "geometry": {"type": "Point", "coordinates": [2.299772, 48.858237]}, "properties": {"id_parcelle": "75107000CJ0004", "address": "41 AV DE LA BOURDONNAIS", "sales": 3, "median_price": 5239400.0, "median_price_per_sqm": 19623.220973782772, "median_rooms": 0.0, "first_sale": "2022-06-14", "last_sale": "2022-06-14"}}, {"type": "Feature", "geometry": {"type": "Point", "coordinates": [2.297828, 48.859426]}, "properties": {"id_parcelle": "75107000CI0009", "address": "26 RUE DE MONTTESSUY", "sales": 3, "median_price": 475000.0, "median_price_per_sqm": 14952.991452991453, "median_rooms": 2.0, "first_sale": "2021-03-18", "last_sale": "2022-11-18"}}, {"type": "Feature", "geometry": {"type": "Point", "coordinates": [2.300139, 48.86012]}, "properties": {"id_parcelle": "75107000CI0031", "address": "3 AV FRANCO RUSSE", "sales": 3, "median_price": 2450000.0, "median_price_per_sqm": 12894.736842105263, "median_rooms": 0.0, "first_sale": "2023-03-10", "last_sale": "2023-03-10"}}, {"type": "Feature", "geometry": {"type": "Point", "coordinates": [2.299929, 48.860058]}, "properties": {"id_parcelle": "75107000CI0032", "address": "5 AV FRANCO RUSSE", "sales": 3, "median_price": 1650000.0, "median_price_per_sqm": 8823.529411764706, "median_rooms": 0.0, "first_sale": "2025-11-03", "last_sale": "2025-11-03"}}, {"type": "Feature", "geometry": {"type": "Point", "coordinates": [2.299651, 48.860042]}, "properties": {"id_parcelle": "75107000CI0033", "address": "7 AV FRANCO RUSSE", "sales": 3, "median_price": 1750000.0, "median_price_per_sqm": 13888.888888888889, "median_rooms": 0.0, "first_sale": "2025-05-07", "last_sale": "2025-07-15"}}, {"type": "Feature", "geometry": {"type": "Point", "coordinates": [2.320085, 48.854383]}, "properties": {"id_parcelle": "75107000AK0005", "address": "5 RUE VANEAU", "sales": 3, "median_price": 2825000.0, "median_price_per_sqm": 21730.76923076923, "median_rooms": 0.0, "first_sale": "2024-02-07", "last_sale": "2024-06-17"}}, {"type": "Feature", "geometry": {"type": "Point", "coordinates": [2.322573, 48.853121]}, "properties": {"id_parcelle": "75107000AK0037", "address": "110 RUE DU BAC", "sales": 3, "median_price": 2500000.0, "median_price_per_sqm": 26315.78947368421, "median_rooms": 0.0, "first_sale": "2024-07-19", "last_sale": "2024-07-19"}}, {"type": "Feature", "geometry": {"type": "Point", "coordinates": [2.324702, 48.855433]}, "properties": {"id_parcelle": "75107000AL0059", "address": "78 RUE DU BAC", "sales": 3, "median_price": 75000.0, "median_price_per_sqm": 3750.0, "median_rooms": 1.0, "first_sale": "2021-07-09", "last_sale": "2024-06-04"}}, {"type": "Feature", "geometry": {"type": "Point", "coordinates": [2.324754, 48.855481]}, "properties": {"id_parcelle": "75107000AL0060", "address": "74 RUE DU BAC", "sales": 3, "median_price": 297550.0, "median_price_per_sqm": 4959.016393442623, "median_rooms": 1.0, "first_sale": "2021-07-20", "last_sale": "2024-07-05"}}, {"type": "Feature", "geometry": {"type": "Point", "coordinates": [2.328225, 48.853712]}, "properties": {"id_parcelle": "75107000AE0052", "address": "30 RUE DE GRENELLE", "sales": 3, "median_price": 90000.0, "median_price_per_sqm": 14735.483870967742, "median_rooms": 0.0, "first_sale": "2025-05-28", "last_sale": "2025-10-08"}}, {"type": "Feature", "geometry": {"type": "Point", "coordinates": [2.3303, 48.855175]}, "properties": {"id_parcelle": "75107000AD0078", "address": "5 RUE PERRONET", "sales": 3, "median_price": 350000.0, "median_price_per_sqm": 14177.777777777777, "median_rooms": 1.0, "first_sale": "2021-02-10", "last_sale": "2022-05-12"}}, {"type": "Feature", "geometry": {"type": "Point", "coordinates": [2.30169, 48.860783]}, "properties": {"id_parcelle": "75107000CK0081", "address": "6 CITE DE L ALMA", "sales": 3, "median_price": 627000.0, "median_price_per_sqm": 11400.0, "median_rooms": 0.0, "first_sale": "2024-07-04", "last_sale": "2024-07-04"}}, {"type": "Feature", "geometry": {"type": "Point", "coordinates": [2.318526, 48.848323]}, "properties": {"id_parcelle": "75107000BH0016", "address": "26 RUE ROUSSELET", "sales": 3, "median_price": 2735922.0, "median_price_per_sqm": 35338.9925, "median_rooms": 3.0, "first_sale": "2022-10-27", "last_sale": "2022-10-27"}}, {"type": "Feature", "geometry": {"type": "Point", "coordinates": [2.313757, 48.846441]}, "properties": {"id_parcelle": "75107000BI0011", "address": "30 RUE DU GAL BERTRAND", "sales": 3, "median_price": 620000.0, "median_price_per_sqm": 12997.350291467937, "median_rooms": 2.0, "first_sale": "2021-02-25", "last_sale": "2025-04-08"}}, {"type": "Feature", "geometry": {"type": "Point", "coordinates": [2.319815, 48.848602]}, "properties": {"id_parcelle": "75107000BG0083", "address": "25 RUE PIERRE LEROUX", "sales": 3, "median_price": 763660.0, "median_price_per_sqm": 13166.551724137931, "median_rooms": 2.0, "first_sale": "2021-09-30", "last_sale": "2025-10-13"}}, {"type": "Feature", "geometry": {"type": "Point", "coordinates": [2.316727, 48.848363]}, "properties": {"id_parcelle": "75107000BH0004", "address": "5 AV CONSTANT COQUELIN", "sales": 3, "median_price": 1300000.0, "median_price_per_sqm": 11206.896551724138, "median_rooms": 0.0, "first_sale": "2021-02-09", "last_sale": "2025-04-29"}}, {"type": "Feature", "geometry": {"type": "Point", "coordinates": [2.304484, 48.855978]}, "properties": {"id_parcelle": "75107000BW0099", "address": "46 AV BOSQUET", "sales": 3, "median_price": 615000.0, "median_price_per_sqm": 19163.04347826087, "median_rooms": 2.0, "first_sale": "2021-05-03", "last_sale": "2024-01-18"}}, {"type": "Feature", "geometry": {"type": "Point", "coordinates": [2.305367, 48.855926]}, "properties": {"id_parcelle": "75107000BW0118", "address": "32 RUE BOSQUET", "sales": 3, "median_price": 410000.0, "median_price_per_sqm": 11565.126050420167, "median_rooms": 1.0, "first_sale": "2022-03-08", "last_sale": "2022-04-19"}}, {"type": "Feature", "geometry": {"type": "Point", "coordinates": [2.306407, 48.859162]}, "properties": {"id_parcelle": "75107000BZ0015", "address": "103 RUE ST DOMINIQUE", "sales": 3, "median_price": 884615.0, "median_price_per_sqm": 12580.645161290322, "median_rooms": 2.0, "first_sale": "2021-06-07", "last_sale": "2023-12-19"}}, {"type": "Feature", "geometry": {"type": "Point", "coordinates": [2.320089, 48.858381]}, "properties": {"id_parcelle": "75107000AX0071", "address": "21 RUE LAS CASES", "sales": 3, "median_price": 1038264.2, "median_price_per_sqm": 15828.049161820047, "median_rooms": 3.0, "first_sale": "2022-12-28", "last_sale": "2023-04-03"}}, {"type": "Feature", "geometry": {"type": "Point", "coordinates": [2.31998, 48.858139]}, "properties": {"id_parcelle": "75107000AX0074", "address": "11 RUE CASIMIR PERIER", "sales": 3, "median_price": 230000.0, "median_price_per_sqm": 14569.58393113343, "median_rooms": 1.0, "first_sale": "2021-04-14", "last_sale": "2022-03-24"}}, {"type": "Feature", "geometry": {"type": "Point", "coordinates": [2.310401, 48.858338]}, "properties": {"id_parcelle": "75107000AV0014", "address": "47 BD DE LA TOUR MAUBOURG", "sales": 3, "median_price": 210000.0, "median_price_per_sqm": 11052.631578947368, "median_rooms": 1.0, "first_sale": "2021-07-23", "last_sale": "2024-06-18"}}, {"type": "Feature", "geometry": {"type": "Point", "coordinates": [2.313541, 48.849857]}, "properties": {"id_parcelle": "75107000BK0026", "address": "9 PL DU PRESIDENT MITHOUARD", "sales": 3, "median_price": 1778850.0, "median_price_per_sqm": 13897.265625, "median_rooms": 0.0, "first_sale": "2023-09-19", "last_sale": "2025-01-21"}}, {"type": "Feature", "geometry": {"type": "Point", "coordinates": [2.311418, 48.852586]}, "properties": {"id_parcelle": "75107000BL0007", "address": "7 AV DE SEGUR", "sales": 3, "median_price": 3583966.0, "median_price_per_sqm": 16747.504672897197, "median_rooms": 0.0, "first_sale": "2021-07-09", "last_sale": "2021-07-09"}}, {"type": "Feature", "geometry": {"type": "Point", "coordinates": [2.312871, 48.851301]}, "properties": {"id_parcelle": "75107000BK0005", "address": "6 PL DU PRESIDENT MITHOUARD", "sales": 3, "median_price": 3150000.0, "median_price_per_sqm": 17547.619047619046, "median_rooms": 5.0, "first_sale": "2022-03-14", "last_sale": "2024-03-15"}}, {"type": "Feature", "geometry": {"type": "Point", "coordinates": [2.314453, 48.849461]}, "properties": {"id_parcelle": "75107000BK0021", "address": "4 RUE EBLE", "sales": 3, "median_price": 1479650.0, "median_price_per_sqm": 43156.458333333336, "median_rooms": 0.0, "first_sale": "2021-12-03", "last_sale": "2021-12-03"}}, {"type": "Feature", "geometry": {"type": "Point", "coordinates": [2.305559, 48.856021]}, "properties": {"id_parcelle": "75107000BW0036", "address": "28 RUE BOSQUET", "sales": 3, "median_price": 380000.0, "median_price_per_sqm": 27260.869565217392, "median_rooms": 1.0, "first_sale": "2025-10-03", "last_sale": "2025-10-03"}}, {"type": "Feature", "geometry": {"type": "Point", "coordinates": [2.306262, 48.855875]}, "properties": {"id_parcelle": "75107000BW0054", "address": "9 RUE BOSQUET", "sales": 3, "median_price": 310000.0, "median_price_per_sqm": 9117.64705882353, "median_rooms": 0.0, "first_sale": "2024-11-28", "last_sale": "2024-11-28"}}, {"type": "Feature", "geometry": {"type": "Point", "coordinates": [2.314009, 48.852308]}, "properties": {"id_parcelle": "75107000BL0058", "address": "15 AV DE VILLARS", "sales": 3, "median_price": 1350000.0, "median_price_per_sqm": 16875.0, "median_rooms": 0.0, "first_sale": "2021-07-08", "last_sale": "2025-07-09"}}, {"type": "Feature", "geometry": {"type": "Point", "coordinates": [2.326939, 48.853394]}, "properties": {"id_parcelle": "75107000AE0059", "address": "12 RUE DE LA CHAISE", "sales": 3, "median_price": 960128.6, "median_price_per_sqm": 16732.005769230767, "median_rooms": 3.0, "first_sale": "2021-01-29", "last_sale": "2022-01-21"}}, {"type": "Feature", "geometry": {"type": "Point", "coordinates": [2.330118, 48.854342]}, "properties": {"id_parcelle": "75107000AE0033", "address": "177 BD SAINT GERMAIN", "sales": 3, "median_price": 1872000.0, "median_price_per_sqm": 18806.711409395975, "median_rooms": 3.0, "first_sale": "2022-03-21", "last_sale": "2024-10-17"}}, {"type": "Feature", "geometry": {"type": "Point", "coordinates": [2.319979, 48.861501]}, "properties": {"id_parcelle": "75107000AP0056", "address": "241 BD SAINT GERMAIN", "sales": 3, "median_price": 1950000.0, "median_price_per_sqm": 18571.428571428572, "median_rooms": 0.0, "first_sale": "2024-01-23", "last_sale": "2024-01-23"}}, {"type": "Feature", "geometry": {"type": "Point", "coordinates": [2.301559, 48.857523]}, "properties": {"id_parcelle": "75107000CD0014", "address": "8 RUE AUGEREAU", "sales": 3, "median_price": 365385.0, "median_price_per_sqm": 11072.272727272728, "median_rooms": 2.0, "first_sale": "2023-03-31", "last_sale": "2024-05-07"}}, {"type": "Feature", "geometry": {"type": "Point", "coordinates": [2.301616, 48.857448]}, "properties": {"id_parcelle": "75107000CD0015", "address": "8 RUE AUGEREAU", "sales": 3, "median_price": 300000.0, "median_price_per_sqm": 13187.5, "median_rooms": 1.0, "first_sale": "2021-09-08", "last_sale": "2022-02-18"}}, {"type": "Feature", "geometry": {"type": "Point", "coordinates": [2.301458, 48.857307]}, "properties": {"id_parcelle": "75107000CD0017", "address": "61 AV DE LA BOURDONNAIS", "sales": 3, "median_price": 1562650.0, "median_price_per_sqm": 11082.624113475178, "median_rooms": 0.0, "first_sale": "2024-03-14", "last_sale": "2024-07-10"}}, {"type": "Feature", "geometry": {"type": "Point", "coordinates": [2.301692, 48.857399]}, "properties": {"id_parcelle": "75107000CD0018", "address": "10 RUE AUGEREAU", "sales": 3, "median_price": 283150.0, "median_price_per_sqm": 11116.834098737083, "median_rooms": 0.0, "first_sale": "2023-02-09", "last_sale": "2023-06-16"}}, {"type": "Feature", "geometry": {"type": "Point", "coordinates": [2.323395, 48.860617]}, "properties": {"id_parcelle": "75107000AP0019", "address": "6 RUE DE SOLFERINO", "sales": 3, "median_price": 450000.0, "median_price_per_sqm": 19333.333333333332, "median_rooms": 1.0, "first_sale": "2021-04-22", "last_sale": "2024-06-28"}}, {"type": "Feature", "geometry": {"type": "Point", "coordinates": [2.322022, 48.860514]}, "properties": {"id_parcelle": "75107000AP0034", "address": "103 RUE DE LILLE", "sales": 3, "median_price": 1103553.0, "median_price_per_sqm": 16977.73846153846, "median_rooms": 0.0, "first_sale": "2023-09-29", "last_sale": "2025-07-30"}}, {"type": "Feature", "geometry": {"type": "Point", "coordinates": [2.317223, 48.855901]}, "properties": {"id_parcelle": "75107000AY0032", "address": "59 RUE DE BOURGOGNE", "sales": 3, "median_price": 1020000.0, "median_price_per_sqm": 28625.8064516129, "median_rooms": 1.0, "first_sale": "2022-02-25", "last_sale": "2023-04-12"}}, {"type": "Feature", "geometry": {"type": "Point", "coordinates": [2.317473, 48.856592]}, "properties": {"id_parcelle": "75107000AY0038", "address": "47 RUE DE BOURGOGNE", "sales": 3, "median_price": 401000.0, "median_price_per_sqm": 13500.0, "median_rooms": 2.0, "first_sale": "2021-11-10", "last_sale": "2024-02-26"}}, {"type": "Feature", "geometry": {"type": "Point", "coordinates": [2.308502, 48.855842]}, "properties": {"id_parcelle": "75107000BY0141", "address": "17 AV DE LA MOTTE PICQUET", "sales": 3, "median_price": 1705000.0, "median_price_per_sqm": 17947.36842105263, "median_rooms": 0.0, "first_sale": "2022-05-31", "last_sale": "2025-07-23"}}, {"type": "Feature", "geometry": {"type": "Point", "coordinates": [2.308365, 48.857578]}, "properties": {"id_parcelle": "75107000BY0148", "address": "4 SQ DE LA TOUR MAUBOURG", "sales": 3, "median_price": 245000.0, "median_price_per_sqm": 14770.653846153846, "median_rooms": 1.0, "first_sale": "2021-03-11", "last_sale": "2021-11-16"}}, {"type": "Feature", "geometry": {"type": "Point", "coordinates": [2.308383, 48.857386]}, "properties": {"id_parcelle": "75107000BY0149", "address": "6 SQ DE LA TOUR MAUBOURG", "sales": 3, "median_price": 1236715.0, "median_price_per_sqm": 13298.010752688173, "median_rooms": 0.0, "first_sale": "2021-08-24", "last_sale": "2021-08-24"}}, {"type": "Feature", "geometry": {"type": "Point", "coordinates": [2.316173, 48.84996]}, "properties": {"id_parcelle": "75107000BF0012", "address": "16 RUE OUDINOT", "sales": 3, "median_price": 1900000.0, "median_price_per_sqm": 19791.666666666668, "median_rooms": 0.0, "first_sale": "2022-01-31", "last_sale": "2022-01-31"}}, {"type": "Feature", "geometry": {"type": "Point", "coordinates": [2.307747, 48.856239]}, "properties": {"id_parcelle": "75107000BY0095", "address": "18 AV DE LA MOTTE PICQUET", "sales": 3, "median_price": 1900000.0, "median_price_per_sqm": 6464.323873252069, "median_rooms": 0.0, "first_sale": "2021-10-27", "last_sale": "2021-10-27"}}, {"type": "Feature", "geometry": {"type": "Point", "coordinates": [2.302154, 48.859553]}, "properties": {"id_parcelle": "75107000CJ0056", "address": "5 RUE EDMOND VALENTIN", "sales": 3, "median_price": 2750000.0, "median_price_per_sqm": 18456.375838926175, "median_rooms": 1.0, "first_sale": "2022-05-06", "last_sale": "2022-05-06"}}, {"type": "Feature", "geometry": {"type": "Point", "coordinates": [2.302644, 48.859278]}, "properties": {"id_parcelle": "75107000CJ0063", "address": "11 RUE DUPONT DES LOGES", "sales": 3, "median_price": 125000.0, "median_price_per_sqm": 11093.75, "median_rooms": 0.0, "first_sale": "2023-07-13", "last_sale": "2024-04-26"}}, {"type": "Feature", "geometry": {"type": "Point", "coordinates": [2.326006, 48.852484]}, "properties": {"id_parcelle": "75107000AG0027", "address": "4 RUE CHOMEL", "sales": 3, "median_price": 135000.0, "median_price_per_sqm": 7547.46835443038, "median_rooms": 0.0, "first_sale": "2022-06-08", "last_sale": "2025-09-29"}}, {"type": "Feature", "geometry": {"type": "Point", "coordinates": [2.325847, 48.852455]}, "properties": {"id_parcelle": "75107000AG0028", "address": "6 RUE CHOMEL", "sales": 3, "median_price": 705000.0, "median_price_per_sqm": 11750.0, "median_rooms": 0.0, "first_sale": "2024-09-18", "last_sale": "2024-09-18"}}, {"type": "Feature", "geometry": {"type": "Point", "coordinates": [2.324511, 48.851939]}, "properties": {"id_parcelle": "75107000AG0032", "address": "14 RUE CHOMEL", "sales": 3, "median_price": 3280000.0, "median_price_per_sqm": 17826.08695652174, "median_rooms": 0.0, "first_sale": "2025-09-19", "last_sale": "2025-09-19"}}, {"type": "Feature", "geometry": {"type": "Point", "coordinates": [2.319955, 48.85009]}, "properties": {"id_parcelle": "75107000AH0003", "address": "63 RUE VANEAU", "sales": 3, "median_price": 380000.0, "median_price_per_sqm": 8301.88679245283, "median_rooms": 0.0, "first_sale": "2021-07-21", "last_sale": "2025-12-09"}}, {"type": "Feature", "geometry": {"type": "Point", "coordinates": [2.301376, 48.858939]}, "properties": {"id_parcelle": "75107000CJ0029", "address": "8 RUE SEDILLOT", "sales": 3, "median_price": 1400000.0, "median_price_per_sqm": 46290.32258064516, "median_rooms": 0.0, "first_sale": "2022-06-30", "last_sale": "2022-06-30"}}, {"type": "Feature", "geometry": {"type": "Point", "coordinates": [2.318215, 48.857949]}, "properties": {"id_parcelle": "75107000AX0015", "address": "26 RUE DE MARTIGNAC", "sales": 3, "median_price": 10000.0, "median_price_per_sqm": 66.2251655629139, "median_rooms": 0.0, "first_sale": "2021-05-10", "last_sale": "2021-05-10"}}, {"type": "Feature", "geometry": {"type": "Point", "coordinates": [2.318542, 48.85763]}, "properties": {"id_parcelle": "75107000AX0028", "address": "3 RUE DE MARTIGNAC", "sales": 3, "median_price": 2100000.0, "median_price_per_sqm": 70000.0, "median_rooms": 1.0, "first_sale": "2022-05-20", "last_sale": "2022-05-20"}}, {"type": "Feature", "geometry": {"type": "Point", "coordinates": [2.318555, 48.857711]}, "properties": {"id_parcelle": "75107000AX0029", "address": "1 RUE DE MARTIGNAC", "sales": 3, "median_price": 2700000.0, "median_price_per_sqm": 32185.17518248175, "median_rooms": 4.0, "first_sale": "2023-04-06", "last_sale": "2024-05-23"}}, {"type": "Feature", "geometry": {"type": "Point", "coordinates": [2.317744, 48.847657]}, "properties": {"id_parcelle": "75107000BI0046", "address": "12 AV DANIEL LESUEUR", "sales": 3, "median_price": 2163380.0, "median_price_per_sqm": 13692.278481012658, "median_rooms": 0.0, "first_sale": "2021-02-26", "last_sale": "2021-02-26"}}, {"type": "Feature", "geometry": {"type": "Point", "coordinates": [2.312653, 48.848297]}, "properties": {"id_parcelle": "75107000BJ0016", "address": "6 RUE DU GAL BERTRAND", "sales": 3, "median_price": 1650332.0, "median_price_per_sqm": 12694.861538461539, "median_rooms": 0.0, "first_sale": "2025-10-15", "last_sale": "2025-10-15"}}, {"type": "Feature", "geometry": {"type": "Point", "coordinates": [2.303584, 48.855709]}, "properties": {"id_parcelle": "75107000BW0090", "address": "95 AV DE LA BOURDONNAIS", "sales": 3, "median_price": 550000.0, "median_price_per_sqm": 12790.697674418605, "median_rooms": 0.0, "first_sale": "2024-04-26", "last_sale": "2024-04-26"}}, {"type": "Feature", "geometry": {"type": "Point", "coordinates": [2.319408, 48.849093]}, "properties": {"id_parcelle": "75107000BG0059", "address": "15 RUE PIERRE LEROUX", "sales": 3, "median_price": 369000.0, "median_price_per_sqm": 9942.857142857143, "median_rooms": 3.0, "first_sale": "2024-01-18", "last_sale": "2024-12-20"}}, {"type": "Feature", "geometry": {"type": "Point", "coordinates": [2.319115, 48.848759]}, "properties": {"id_parcelle": "75107000BG0029", "address": "24 RUE PIERRE LEROUX", "sales": 3, "median_price": 305500.0, "median_price_per_sqm": 15039.268292682927, "median_rooms": 1.0, "first_sale": "2022-06-14", "last_sale": "2025-10-17"}}, {"type": "Feature", "geometry": {"type": "Point", "coordinates": [2.318367, 48.850147]}, "properties": {"id_parcelle": "75107000BG0039", "address": "11 RUE OUDINOT", "sales": 3, "median_price": 185000.0, "median_price_per_sqm": 11111.111111111111, "median_rooms": 1.0, "first_sale": "2023-10-23", "last_sale": "2025-11-03"}}, {"type": "Feature", "geometry": {"type": "Point", "coordinates": [2.319669, 48.849812]}, "properties": {"id_parcelle": "75107000BG0048", "address": "66 RUE VANEAU", "sales": 3, "median_price": 70000.0, "median_price_per_sqm": 13571.42857142857, "median_rooms": 0.0, "first_sale": "2021-06-23", "last_sale": "2024-05-02"}}, {"type": "Feature", "geometry": {"type": "Point", "coordinates": [2.319749, 48.84948]}, "properties": {"id_parcelle": "75107000BG0054", "address": "72 RUE VANEAU", "sales": 3, "median_price": 1800000.0, "median_price_per_sqm": 13763.749137187231, "median_rooms": 5.0, "first_sale": "2021-02-04", "last_sale": "2023-11-30"}}, {"type": "Feature", "geometry": {"type": "Point", "coordinates": [2.304798, 48.857167]}, "properties": {"id_parcelle": "75107000BY0002", "address": "175 RUE DE GRENELLE", "sales": 3, "median_price": 410000.0, "median_price_per_sqm": 12058.823529411764, "median_rooms": 0.0, "first_sale": "2023-03-21", "last_sale": "2025-12-01"}}, {"type": "Feature", "geometry": {"type": "Point", "coordinates": [2.305339, 48.856485]}, "properties": {"id_parcelle": "75107000BY0009", "address": "14 RUE DU CHAMP DE MARS", "sales": 3, "median_price": 190000.0, "median_price_per_sqm": 9871.735294117647, "median_rooms": 1.0, "first_sale": "2022-08-29", "last_sale": "2025-07-16"}}, {"type": "Feature", "geometry": {"type": "Point", "coordinates": [2.305245, 48.857326]}, "properties": {"id_parcelle": "75107000BY0019", "address": "169 RUE DE GRENELLE", "sales": 3, "median_price": 420000.0, "median_price_per_sqm": 13941.379310344828, "median_rooms": 1.0, "first_sale": "2021-01-28", "last_sale": "2023-09-22"}}, {"type": "Feature", "geometry": {"type": "Point", "coordinates": [2.308574, 48.855357]}, "properties": {"id_parcelle": "75107000BX0038", "address": "17 RUE CHEVERT", "sales": 3, "median_price": 355000.0, "median_price_per_sqm": 14200.0, "median_rooms": 0.0, "first_sale": "2024-11-06", "last_sale": "2024-11-06"}}, {"type": "Feature", "geometry": {"type": "Point", "coordinates": [2.325554, 48.851933]}, "properties": {"id_parcelle": "75107000AF0047", "address": "11 RUE CHOMEL", "sales": 3, "median_price": 109000.0, "median_price_per_sqm": 8363.636363636364, "median_rooms": 0.0, "first_sale": "2023-10-09", "last_sale": "2025-10-17"}}, {"type": "Feature", "geometry": {"type": "Point", "coordinates": [2.304132, 48.859566]}, "properties": {"id_parcelle": "75107000CK0051", "address": "13 PAS LANDRIEU", "sales": 3, "median_price": 325472.0, "median_price_per_sqm": 12856.076923076922, "median_rooms": 2.0, "first_sale": "2021-08-03", "last_sale": "2023-05-31"}}, {"type": "Feature", "geometry": {"type": "Point", "coordinates": [2.304758, 48.860878]}, "properties": {"id_parcelle": "75107000CK0063", "address": "155 RUE DE L UNIVERSITE", "sales": 3, "median_price": 2150000.0, "median_price_per_sqm": 25595.238095238095, "median_rooms": 0.0, "first_sale": "2021-12-22", "last_sale": "2021-12-22"}}, {"type": "Feature", "geometry": {"type": "Point", "coordinates": [2.306147, 48.85666]}, "properties": {"id_parcelle": "75107000BY0030", "address": "8 RUE DU CHAMP DE MARS", "sales": 3, "median_price": 397000.0, "median_price_per_sqm": 22408.594138102337, "median_rooms": 0.0, "first_sale": "2022-06-23", "last_sale": "2023-03-30"}}, {"type": "Feature", "geometry": {"type": "Point", "coordinates": [2.3153, 48.856281]}, "properties": {"id_parcelle": "75107000AY0018", "address": "17 BD DES INVALIDES", "sales": 3, "median_price": 684797.0, "median_price_per_sqm": 13960.939024390244, "median_rooms": 3.0, "first_sale": "2024-01-15", "last_sale": "2024-03-22"}}, {"type": "Feature", "geometry": {"type": "Point", "coordinates": [2.302539, 48.857955]}, "properties": {"id_parcelle": "75107000CD0082", "address": "8 RUE DE L EXPOSITION", "sales": 3, "median_price": 165000.0, "median_price_per_sqm": 11404.761904761905, "median_rooms": 1.0, "first_sale": "2022-11-09", "last_sale": "2025-07-10"}}, {"type": "Feature", "geometry": {"type": "Point", "coordinates": [2.327125, 48.858804]}, "properties": {"id_parcelle": "75107000AO0018", "address": "58 RUE DE VERNEUIL", "sales": 3, "median_price": 3000000.0, "median_price_per_sqm": 16249.35064935065, "median_rooms": 2.0, "first_sale": "2023-10-25", "last_sale": "2024-10-17"}}, {"type": "Feature", "geometry": {"type": "Point", "coordinates": [2.326418, 48.85896]}, "properties": {"id_parcelle": "75107000AO0026", "address": "9 RUE DE POITIERS", "sales": 3, "median_price": 450000.0, "median_price_per_sqm": 13596.491228070176, "median_rooms": 1.0, "first_sale": "2022-12-20", "last_sale": "2025-11-14"}}, {"type": "Feature", "geometry": {"type": "Point", "coordinates": [2.302677, 48.856971]}, "properties": {"id_parcelle": "75107000CD0051", "address": "14 RUE DU GROS CAILLOU", "sales": 3, "median_price": 674600.0, "median_price_per_sqm": 12866.250917094643, "median_rooms": 2.0, "first_sale": "2022-12-19", "last_sale": "2025-03-06"}}, {"type": "Feature", "geometry": {"type": "Point", "coordinates": [2.302947, 48.856668]}, "properties": {"id_parcelle": "75107000CD0055", "address": "20 RUE DU GROS CAILLOU", "sales": 3, "median_price": 389800.0, "median_price_per_sqm": 12181.25, "median_rooms": 0.0, "first_sale": "2022-04-14", "last_sale": "2023-11-17"}}, {"type": "Feature", "geometry": {"type": "Point", "coordinates": [2.296833, 48.858594]}, "properties": {"id_parcelle": "75107000CH0028", "address": "2 AV ELISEE RECLUS", "sales": 3, "median_price": 5385000.0, "median_price_per_sqm": 18192.567567567567, "median_rooms": 0.0, "first_sale": "2021-05-20", "last_sale": "2021-05-20"}}, {"type": "Feature", "geometry": {"type": "Point", "coordinates": [2.320576, 48.855439]}, "properties": {"id_parcelle": "75107000AL0006", "address": "51 RUE DE BELLECHASSE", "sales": 3, "median_price": 6000000.0, "median_price_per_sqm": 36585.365853658535, "median_rooms": 3.0, "first_sale": "2022-05-24", "last_sale": "2023-06-30"}}, {"type": "Feature", "geometry": {"type": "Point", "coordinates": [2.323524, 48.85527]}, "properties": {"id_parcelle": "75107000AL0023", "address": "75 RUE DE GRENELLE", "sales": 3, "median_price": 37000.0, "median_price_per_sqm": 201.08695652173913, "median_rooms": 6.0, "first_sale": "2022-06-20", "last_sale": "2022-06-20"}}, {"type": "Feature", "geometry": {"type": "Point", "coordinates": [2.2986, 48.85816]}, "properties": {"id_parcelle": "75107000CH0011", "address": "11 AV ELISEE RECLUS", "sales": 3, "median_price": 3490000.0, "median_price_per_sqm": 24928.571428571428, "median_rooms": 0.0, "first_sale": "2022-10-28", "last_sale": "2022-10-28"}}, {"type": "Feature", "geometry": {"type": "Point", "coordinates": [2.325402, 48.854909]}, "properties": {"id_parcelle": "75107000AL0114", "address": "6 RUE DE GRENELLE", "sales": 3, "median_price": 378664.0, "median_price_per_sqm": 15146.56, "median_rooms": 2.0, "first_sale": "2024-07-04", "last_sale": "2025-06-27"}}, {"type": "Feature", "geometry": {"type": "Point", "coordinates": [2.322817, 48.857853]}, "properties": {"id_parcelle": "75107000AM0003", "address": "7 RUE ST DOMINIQUE", "sales": 3, "median_price": 2600000.0, "median_price_per_sqm": 9848.488579828132, "median_rooms": 5.0, "first_sale": "2022-04-28", "last_sale": "2023-07-17"}}, {"type": "Feature", "geometry": {"type": "Point", "coordinates": [2.308024, 48.861517]}, "properties": {"id_parcelle": "75107000CM0034", "address": "4 AV SULLY-PRUDHOMME", "sales": 3, "median_price": 3540000.0, "median_price_per_sqm": 15391.304347826086, "median_rooms": 0.0, "first_sale": "2021-12-10", "last_sale": "2021-12-10"}}, {"type": "Feature", "geometry": {"type": "Point", "coordinates": [2.303496, 48.862102]}, "properties": {"id_parcelle": "75107000CN0007", "address": "83 QUAI D ORSAY", "sales": 3, "median_price": 1800000.0, "median_price_per_sqm": 15789.473684210527, "median_rooms": 0.0, "first_sale": "2025-03-17", "last_sale": "2025-03-17"}}, {"type": "Feature", "geometry": {"type": "Point", "coordinates": [2.329055, 48.857882]}, "properties": {"id_parcelle": "75107000AC0085", "address": "31 RUE DE VERNEUIL", "sales": 3, "median_price": 1981000.0, "median_price_per_sqm": 15238.461538461539, "median_rooms": 0.0, "first_sale": "2025-07-02", "last_sale": "2025-07-02"}}, {"type": "Feature", "geometry": {"type": "Point", "coordinates": [2.329483, 48.857972]}, "properties": {"id_parcelle": "75107000AC0098", "address": "36 RUE DE VERNEUIL", "sales": 3, "median_price": 624000.0, "median_price_per_sqm": 16111.111111111111, "median_rooms": 2.0, "first_sale": "2021-02-03", "last_sale": "2024-03-11"}}, {"type": "Feature", "geometry": {"type": "Point", "coordinates": [2.305772, 48.861981]}, "properties": {"id_parcelle": "75107000CM0002", "address": "3 RUE MALAR", "sales": 3, "median_price": 120000.0, "median_price_per_sqm": 12875.0, "median_rooms": 0.0, "first_sale": "2022-09-20", "last_sale": "2023-06-23"}}, {"type": "Feature", "geometry": {"type": "Point", "coordinates": [2.329589, 48.857627]}, "properties": {"id_parcelle": "75107000AC0073", "address": "25 RUE DE VERNEUIL", "sales": 3, "median_price": 695588.0, "median_price_per_sqm": 13911.76, "median_rooms": 2.0, "first_sale": "2022-06-02", "last_sale": "2025-12-29"}}, {"type": "Feature", "geometry": {"type": "Point", "coordinates": [2.307628, 48.85378]}, "properties": {"id_parcelle": "75107000BR0005", "address": "25 AV DE TOURVILLE", "sales": 3, "median_price": 840000.0, "median_price_per_sqm": 12923.076923076924, "median_rooms": 3.0, "first_sale": "2021-11-30", "last_sale": "2024-07-17"}}, {"type": "Feature", "geometry": {"type": "Point", "coordinates": [2.326936, 48.852824]}, "properties": {"id_parcelle": "75107000AF0005", "address": "22 RUE DE LA CHAISE", "sales": 3, "median_price": 2880000.0, "median_price_per_sqm": 17360.523076923077, "median_rooms": 1.0, "first_sale": "2023-06-29", "last_sale": "2025-03-04"}}, {"type": "Feature", "geometry": {"type": "Point", "coordinates": [2.328195, 48.853314]}, "properties": {"id_parcelle": "75107000AF0015", "address": "23 RUE DE GRENELLE", "sales": 3, "median_price": 401000.0, "median_price_per_sqm": 13366.666666666666, "median_rooms": 1.0, "first_sale": "2022-06-30", "last_sale": "2023-06-01"}}, {"type": "Feature", "geometry": {"type": "Point", "coordinates": [2.328534, 48.852347]}, "properties": {"id_parcelle": "75107000AF0024", "address": "76 RUE DES SAINTS PERES", "sales": 3, "median_price": 2816950.0, "median_price_per_sqm": 16440.68181818182, "median_rooms": 1.0, "first_sale": "2022-09-30", "last_sale": "2023-06-30"}}, {"type": "Feature", "geometry": {"type": "Point", "coordinates": [2.318356, 48.852971]}, "properties": {"id_parcelle": "75107000BE0025", "address": "11 RUE DE CHANALEILLES", "sales": 3, "median_price": 23500000.0, "median_price_per_sqm": 214784.94623655913, "median_rooms": 3.0, "first_sale": "2023-05-17", "last_sale": "2023-05-17"}}, {"type": "Feature", "geometry": {"type": "Point", "coordinates": [2.316809, 48.852168]}, "properties": {"id_parcelle": "75107000BE0007", "address": "40 RUE BARBET DE JOUY", "sales": 3, "median_price": 4450000.0, "median_price_per_sqm": 25428.571428571428, "median_rooms": 0.0, "first_sale": "2025-07-29", "last_sale": "2025-07-29"}}, {"type": "Feature", "geometry": {"type": "Point", "coordinates": [2.306453, 48.857522]}, "properties": {"id_parcelle": "75107000BY0048", "address": "4 RUE DUVIVIER", "sales": 3, "median_price": 1287600.0, "median_price_per_sqm": 15148.235294117647, "median_rooms": 0.0, "first_sale": "2022-04-28", "last_sale": "2022-09-30"}}, {"type": "Feature", "geometry": {"type": "Point", "coordinates": [2.307288, 48.84764]}, "properties": {"id_parcelle": "75107000BO0026", "address": "139 AV DE SUFFREN", "sales": 3, "median_price": 1265000.0, "median_price_per_sqm": 12047.619047619048, "median_rooms": 1.0, "first_sale": "2024-01-05", "last_sale": "2024-01-05"}}, {"type": "Feature", "geometry": {"type": "Point", "coordinates": [2.307729, 48.847532]}, "properties": {"id_parcelle": "75107000BO0029", "address": "16 RUE JOSE MARIA DE HEREDIA", "sales": 3, "median_price": 1790000.0, "median_price_per_sqm": 15042.01680672269, "median_rooms": 0.0, "first_sale": "2023-09-28", "last_sale": "2023-09-28"}}, {"type": "Feature", "geometry": {"type": "Point", "coordinates": [2.307794, 48.847491]}, "properties": {"id_parcelle": "75107000BO0031", "address": "18 RUE JOSE MARIA DE HEREDIA", "sales": 3, "median_price": 1680000.0, "median_price_per_sqm": 15272.727272727272, "median_rooms": 0.0, "first_sale": "2024-06-25", "last_sale": "2024-06-25"}}, {"type": "Feature", "geometry": {"type": "Point", "coordinates": [2.31022, 48.852338]}, "properties": {"id_parcelle": "75107000BR0031", "address": "4 AV DE SEGUR", "sales": 3, "median_price": 1750000.0, "median_price_per_sqm": 14869.751851851852, "median_rooms": 1.0, "first_sale": "2021-06-15", "last_sale": "2025-02-28"}}, {"type": "Feature", "geometry": {"type": "Point", "coordinates": [2.309918, 48.852139]}, "properties": {"id_parcelle": "75107000BR0033", "address": "6 AV DE SEGUR", "sales": 3, "median_price": 1624816.0, "median_price_per_sqm": 11720.907070707071, "median_rooms": 1.0, "first_sale": "2022-05-06", "last_sale": "2024-05-14"}}, {"type": "Feature", "geometry": {"type": "Point", "coordinates": [2.308078, 48.849191]}, "properties": {"id_parcelle": "75107000BO0002", "address": "24 AV DE SAXE", "sales": 3, "median_price": 1778846.0, "median_price_per_sqm": 12890.188405797102, "median_rooms": 0.0, "first_sale": "2023-09-12", "last_sale": "2023-09-12"}}, {"type": "Feature", "geometry": {"type": "Point", "coordinates": [2.306804, 48.848033]}, "properties": {"id_parcelle": "75107000BO0016", "address": "71 AV DE SEGUR", "sales": 3, "median_price": 1000000.0, "median_price_per_sqm": 10526.315789473685, "median_rooms": 0.0, "first_sale": "2024-06-28", "last_sale": "2024-07-30"}}, {"type": "Feature", "geometry": {"type": "Point", "coordinates": [2.306991, 48.848039]}, "properties": {"id_parcelle": "75107000BO0019", "address": "4 RUE JOSE MARIA DE HEREDIA", "sales": 3, "median_price": 1825243.0, "median_price_per_sqm": 12249.953020134228, "median_rooms": 0.0, "first_sale": "2021-07-26", "last_sale": "2021-08-05"}}, {"type": "Feature", "geometry": {"type": "Point", "coordinates": [2.307174, 48.847923]}, "properties": {"id_parcelle": "75107000BO0021", "address": "8 RUE JOSE MARIA DE HEREDIA", "sales": 3, "median_price": 669000.0, "median_price_per_sqm": 11242.278937381405, "median_rooms": 3.0, "first_sale": "2022-03-17", "last_sale": "2022-05-09"}}, {"type": "Feature", "geometry": {"type": "Point", "coordinates": [2.307423, 48.847726]}, "properties": {"id_parcelle": "75107000BO0025", "address": "12 RUE JOSE MARIA DE HEREDIA", "sales": 3, "median_price": 1535000.0, "median_price_per_sqm": 14481.132075471698, "median_rooms": 0.0, "first_sale": "2023-03-24", "last_sale": "2023-03-24"}}, {"type": "Feature", "geometry": {"type": "Point", "coordinates": [2.314094, 48.852889]}, "properties": {"id_parcelle": "75107000BL0048", "address": "18 BD DES INVALIDES", "sales": 3, "median_price": 280000.0, "median_price_per_sqm": 18666.666666666668, "median_rooms": 1.0, "first_sale": "2021-04-06", "last_sale": "2024-09-09"}}, {"type": "Feature", "geometry": {"type": "Point", "coordinates": [2.306236, 48.85637]}, "properties": {"id_parcelle": "75107000BW0023", "address": "5 RUE DU CHAMP DE MARS", "sales": 3, "median_price": 266000.0, "median_price_per_sqm": 2829.7872340425533, "median_rooms": 0.0, "first_sale": "2021-02-10", "last_sale": "2021-02-10"}}, {"type": "Feature", "geometry": {"type": "Point", "coordinates": [2.310972, 48.851675]}, "properties": {"id_parcelle": "75107000BL0020", "address": "18 RUE D ESTREES", "sales": 3, "median_price": 230000.0, "median_price_per_sqm": 13506.278916060806, "median_rooms": 1.0, "first_sale": "2021-11-24", "last_sale": "2022-01-28"}}, {"type": "Feature", "geometry": {"type": "Point", "coordinates": [2.311236, 48.851643]}, "properties": {"id_parcelle": "75107000BL0021", "address": "22 AV DE BRETEUIL", "sales": 3, "median_price": 658900.0, "median_price_per_sqm": 16070.731707317073, "median_rooms": 0.0, "first_sale": "2024-07-17", "last_sale": "2024-07-17"}}, {"type": "Feature", "geometry": {"type": "Point", "coordinates": [2.304092, 48.856564]}, "properties": {"id_parcelle": "75107000BW0011", "address": "40 AV BOSQUET", "sales": 3, "median_price": 456950.0, "median_price_per_sqm": 11778.448275862069, "median_rooms": 0.0, "first_sale": "2023-10-24", "last_sale": "2023-11-02"}}, {"type": "Feature", "geometry": {"type": "Point", "coordinates": [2.304251, 48.856317]}, "properties": {"id_parcelle": "75107000BW0013", "address": "42 AV BOSQUET", "sales": 3, "median_price": 2017500.0, "median_price_per_sqm": 14834.558823529413, "median_rooms": 0.0, "first_sale": "2022-09-08", "last_sale": "2022-09-08"}}, {"type": "Feature", "geometry": {"type": "Point", "coordinates": [2.327362, 48.858349]}, "properties": {"id_parcelle": "75107000AN0056", "address": "45 RUE DE VERNEUIL", "sales": 3, "median_price": 180000.0, "median_price_per_sqm": 13846.153846153846, "median_rooms": 1.0, "first_sale": "2021-06-04", "last_sale": "2023-08-07"}}, {"type": "Feature", "geometry": {"type": "Point", "coordinates": [2.327837, 48.858059]}, "properties": {"id_parcelle": "75107000AN0064", "address": "24 RUE DU BAC", "sales": 3, "median_price": 3150000.0, "median_price_per_sqm": 17213.114754098362, "median_rooms": 0.0, "first_sale": "2022-10-10", "last_sale": "2022-10-10"}}, {"type": "Feature", "geometry": {"type": "Point", "coordinates": [2.304794, 48.857522]}, "properties": {"id_parcelle": "75107000CD0120", "address": "1 SQ DE ROBIAC", "sales": 3, "median_price": 1632000.0, "median_price_per_sqm": 14442.477876106195, "median_rooms": 0.0, "first_sale": "2022-06-13", "last_sale": "2023-01-11"}}, {"type": "Feature", "geometry": {"type": "Point", "coordinates": [2.331451, 48.857707]}, "properties": {"id_parcelle": "75107000AC0031", "address": "9 RUE DE LILLE", "sales": 3, "median_price": 10000.0, "median_price_per_sqm": 7165.898617511521, "median_rooms": 1.0, "first_sale": "2022-05-13", "last_sale": "2023-02-24"}}, {"type": "Feature", "geometry": {"type": "Point", "coordinates": [2.331662, 48.857404]}, "properties": {"id_parcelle": "75107000AC0037", "address": "6 RUE DE VERNEUIL", "sales": 3, "median_price": 1050000.0, "median_price_per_sqm": 17361.11111111111, "median_rooms": 2.0, "first_sale": "2021-12-01", "last_sale": "2022-09-30"}}, {"type": "Feature", "geometry": {"type": "Point", "coordinates": [2.328614, 48.858273]}, "properties": {"id_parcelle": "75107000AC0003", "address": "42 RUE DE VERNEUIL", "sales": 3, "median_price": 1800000.0, "median_price_per_sqm": 20000.0, "median_rooms": 0.0, "first_sale": "2025-09-08", "last_sale": "2025-09-08"}}, {"type": "Feature", "geometry": {"type": "Point", "coordinates": [2.332498, 48.858109]}, "properties": {"id_parcelle": "75107000AB0044", "address": "3 QUAI VOLTAIRE", "sales": 3, "median_price": 225000.0, "median_price_per_sqm": 16071.42857142857, "median_rooms": 0.0, "first_sale": "2022-03-14", "last_sale": "2022-09-16"}}, {"type": "Feature", "geometry": {"type": "Point", "coordinates": [2.329221, 48.859057]}, "properties": {"id_parcelle": "75107000AB0003", "address": "5 RUE DU BAC", "sales": 3, "median_price": 1400000.0, "median_price_per_sqm": 13651.960784313727, "median_rooms": 1.0, "first_sale": "2025-03-10", "last_sale": "2025-03-31"}}, {"type": "Feature", "geometry": {"type": "Point", "coordinates": [2.303564, 48.861711]}, "properties": {"id_parcelle": "75107000CN0021", "address": "13 RUE COGNACQ JAY", "sales": 3, "median_price": 75000000.0, "median_price_per_sqm": 40205.44758718854, "median_rooms": 0.0, "first_sale": "2021-06-09", "last_sale": "2021-06-09"}}, {"type": "Feature", "geometry": {"type": "Point", "coordinates": [2.329927, 48.857976]}, "properties": {"id_parcelle": "75107000AC0019", "address": "32 RUE DE VERNEUIL", "sales": 3, "median_price": 2700000.0, "median_price_per_sqm": 23657.142857142855, "median_rooms": 4.0, "first_sale": "2021-10-27", "last_sale": "2022-04-14"}}, {"type": "Feature", "geometry": {"type": "Point", "coordinates": [2.296815, 48.860174]}, "properties": {"id_parcelle": "75107000CP0003", "address": "9 AV DE LA BOURDONNAIS", "sales": 2, "median_price": 2823200.0, "median_price_per_sqm": 17645.0, "median_rooms": 3.0, "first_sale": "2021-07-30", "last_sale": "2021-07-30"}}, {"type": "Feature", "geometry": {"type": "Point", "coordinates": [2.295525, 48.860233]}, "properties": {"id_parcelle": "75107000CQ0003", "address": "65 QUAI JACQUES CHIRAC", "sales": 2, "median_price": 1400000.0, "median_price_per_sqm": 15730.337078651686, "median_rooms": 2.0, "first_sale": "2023-07-10", "last_sale": "2023-07-10"}}, {"type": "Feature", "geometry": {"type": "Point", "coordinates": [2.295972, 48.85994]}, "properties": {"id_parcelle": "75107000CQ0008", "address": "8 AV DE LA BOURDONNAIS", "sales": 2, "median_price": 158262.245, "median_price_per_sqm": 9545.454545454546, "median_rooms": 0.5, "first_sale": "2021-01-22", "last_sale": "2024-07-10"}}, {"type": "Feature", "geometry": {"type": "Point", "coordinates": [2.29288, 48.856546]}, "properties": {"id_parcelle": "75107000CS0005", "address": "4 AV OCTAVE GREARD", "sales": 2, "median_price": 360000.0, "median_price_per_sqm": 5294.117647058823, "median_rooms": 1.0, "first_sale": "2024-04-11", "last_sale": "2024-04-11"}}, {"type": "Feature", "geometry": {"type": "Point", "coordinates": [2.309134, 48.848346]}, "properties": {"id_parcelle": "75107000BO0048", "address": "3 RUE LEON VAUDOYER", "sales": 2, "median_price": 1798170.5, "median_price_per_sqm": 16347.004545454545, "median_rooms": 2.5, "first_sale": "2023-03-06", "last_sale": "2023-03-06"}}, {"type": "Feature", "geometry": {"type": "Point", "coordinates": [2.309117, 48.848537]}, "properties": {"id_parcelle": "75107000BO0049", "address": "40 AV DE SAXE", "sales": 2, "median_price": 300000.0, "median_price_per_sqm": 12195.121951219513, "median_rooms": 0.5, "first_sale": "2021-07-13", "last_sale": "2025-04-30"}}, {"type": "Feature", "geometry": {"type": "Point", "coordinates": [2.309732, 48.847989]}, "properties": {"id_parcelle": "75107000BO0052", "address": "4 RUE PERIGNON", "sales": 2, "median_price": 600000.0, "median_price_per_sqm": 11320.754716981131, "median_rooms": 1.0, "first_sale": "2022-03-29", "last_sale": "2022-03-29"}}, {"type": "Feature", "geometry": {"type": "Point", "coordinates": [2.307443, 48.853824]}, "properties": {"id_parcelle": "75107000BR0002", "address": "27 AV DE TOURVILLE", "sales": 2, "median_price": 650000.0, "median_price_per_sqm": 14130.434782608696, "median_rooms": 0.0, "first_sale": "2022-07-05", "last_sale": "2025-03-31"}}, {"type": "Feature", "geometry": {"type": "Point", "coordinates": [2.310848, 48.848186]}, "properties": {"id_parcelle": "75107000BN0025", "address": "39 AV DE SAXE", "sales": 2, "median_price": 1792750.0, "median_price_per_sqm": 13897.286821705426, "median_rooms": 2.0, "first_sale": "2022-03-10", "last_sale": "2022-03-10"}}, {"type": "Feature", "geometry": {"type": "Point", "coordinates": [2.311108, 48.848067]}, "properties": {"id_parcelle": "75107000BN0027", "address": "72 AV DE BRETEUIL", "sales": 2, "median_price": 1232500.0, "median_price_per_sqm": 15216.04938271605, "median_rooms": 1.5, "first_sale": "2023-06-09", "last_sale": "2023-06-09"}}, {"type": "Feature", "geometry": {"type": "Point", "coordinates": [2.329767, 48.857592]}, "properties": {"id_parcelle": "75107000AC0070", "address": "23 RUE DE VERNEUIL", "sales": 2, "median_price": 4000000.0, "median_price_per_sqm": 26666.666666666668, "median_rooms": 3.5, "first_sale": "2025-06-16", "last_sale": "2025-06-16"}}, {"type": "Feature", "geometry": {"type": "Point", "coordinates": [2.329327, 48.857582]}, "properties": {"id_parcelle": "75107000AC0079", "address": "35 RUE DE BEAUNE", "sales": 2, "median_price": 348000.0, "median_price_per_sqm": 17400.0, "median_rooms": 0.5, "first_sale": "2024-02-05", "last_sale": "2024-02-05"}}, {"type": "Feature", "geometry": {"type": "Point", "coordinates": [2.329256, 48.857528]}, "properties": {"id_parcelle": "75107000AC0080", "address": "37 RUE DE BEAUNE", "sales": 2, "median_price": 2085250.0, "median_price_per_sqm": 35952.58620689655, "median_rooms": 0.0, "first_sale": "2022-02-16", "last_sale": "2025-09-24"}}, {"type": "Feature", "geometry": {"type": "Point", "coordinates": [2.32884, 48.857575]}, "properties": {"id_parcelle": "75107000AC0082", "address": "36 RUE DE L UNIVERSITE", "sales": 2, "median_price": 1864800.0, "median_price_per_sqm": 94652.72727272726, "median_rooms": 1.5, "first_sale": "2024-09-30", "last_sale": "2024-09-30"}}, {"type": "Feature", "geometry": {"type": "Point", "coordinates": [2.329742, 48.858405]}, "properties": {"id_parcelle": "75107000AC0093", "address": "11 RUE DE BEAUNE", "sales": 2, "median_price": 727140.0, "median_price_per_sqm": 14542.8, "median_rooms": 1.0, "first_sale": "2022-09-09", "last_sale": "2022-09-09"}}, {"type": "Feature", "geometry": {"type": "Point", "coordinates": [2.306147, 48.862171]}, "properties": {"id_parcelle": "75107000CM0009", "address": "2 RUE JEAN NICOT", "sales": 2, "median_price": 1900000.0, "median_price_per_sqm": 17272.727272727272, "median_rooms": 1.5, "first_sale": "2025-07-15", "last_sale": "2025-07-15"}}, {"type": "Feature", "geometry": {"type": "Point", "coordinates": [2.309558, 48.861515]}, "properties": {"id_parcelle": "75107000CM0026", "address": "11 RUE SURCOUF", "sales": 2, "median_price": 732508.0, "median_price_per_sqm": 12208.466666666667, "median_rooms": 1.0, "first_sale": "2023-07-04", "last_sale": "2023-07-04"}}, {"type": "Feature", "geometry": {"type": "Point", "coordinates": [2.309506, 48.861969]}, "properties": {"id_parcelle": "75107000CM0052", "address": "5 RUE SURCOUF", "sales": 2, "median_price": 690000.0, "median_price_per_sqm": 12105.263157894737, "median_rooms": 2.0, "first_sale": "2023-02-15", "last_sale": "2023-02-15"}}, {"type": "Feature", "geometry": {"type": "Point", "coordinates": [2.331322, 48.858169]}, "properties": {"id_parcelle": "75107000AB0034", "address": "18 RUE DE LILLE", "sales": 2, "median_price": 750000.0, "median_price_per_sqm": 18292.682926829268, "median_rooms": 1.5, "first_sale": "2023-01-26", "last_sale": "2023-01-26"}}, {"type": "Feature", "geometry": {"type": "Point", "coordinates": [2.292285, 48.856986]}, "properties": {"id_parcelle": "75107000CS0013", "address": "3 RUE DE BUENOS AIRES", "sales": 2, "median_price": 895000.0, "median_price_per_sqm": 11776.315789473685, "median_rooms": 2.0, "first_sale": "2024-04-25", "last_sale": "2024-04-25"}}, {"type": "Feature", "geometry": {"type": "Point", "coordinates": [2.323792, 48.856688]}, "properties": {"id_parcelle": "75107000AM0024", "address": "4 PAS DE LA VISITATION", "sales": 2, "median_price": 1055000.0, "median_price_per_sqm": 15289.855072463768, "median_rooms": 0.5, "first_sale": "2025-12-18", "last_sale": "2025-12-18"}}, {"type": "Feature", "geometry": {"type": "Point", "coordinates": [2.325599, 48.856742]}, "properties": {"id_parcelle": "75107000AN0020", "address": "242 BD SAINT GERMAIN", "sales": 2, "median_price": 5930000.0, "median_price_per_sqm": 56695.25786713287, "median_rooms": 0.0, "first_sale": "2021-11-26", "last_sale": "2021-11-26"}}, {"type": "Feature", "geometry": {"type": "Point", "coordinates": [2.326117, 48.856634]}, "properties": {"id_parcelle": "75107000AN0026", "address": "46 RUE DU BAC", "sales": 2, "median_price": 3750000.0, "median_price_per_sqm": 15314.657461497609, "median_rooms": 0.0, "first_sale": "2023-06-29", "last_sale": "2025-09-29"}}, {"type": "Feature", "geometry": {"type": "Point", "coordinates": [2.301435, 48.856499]}, "properties": {"id_parcelle": "75107000CE0009", "address": "50 AV DE LA BOURDONNAIS", "sales": 2, "median_price": 82500.0, "median_price_per_sqm": null, "median_rooms": 0.0, "first_sale": "2022-10-18", "last_sale": "2023-07-21"}}, {"type": "Feature", "geometry": {"type": "Point", "coordinates": [2.297487, 48.85369]}, "properties": {"id_parcelle": "75107000CF0024", "address": "49 AV DE SUFFREN", "sales": 2, "median_price": 897280.0, "median_price_per_sqm": 13004.057971014492, "median_rooms": 1.5, "first_sale": "2025-07-18", "last_sale": "2025-07-18"}}, {"type": "Feature", "geometry": {"type": "Point", "coordinates": [2.325254, 48.855339]}, "properties": {"id_parcelle": "75107000AL0069", "address": "63 RUE DU BAC", "sales": 2, "median_price": 4400000.0, "median_price_per_sqm": 6596.958734080415, "median_rooms": 0.0, "first_sale": "2025-07-25", "last_sale": "2025-07-25"}}, {"type": "Feature", "geometry": {"type": "Point", "coordinates": [2.324826, 48.855047]}, "properties": {"id_parcelle": "75107000AL0075", "address": "71 RUE DU BAC", "sales": 2, "median_price": 1262250.0, "median_price_per_sqm": 16430.14705882353, "median_rooms": 2.5, "first_sale": "2024-07-12", "last_sale": "2025-07-28"}}, {"type": "Feature", "geometry": {"type": "Point", "coordinates": [2.325293, 48.854991]}, "properties": {"id_parcelle": "75107000AL0081", "address": "68 RUE DE GRENELLE", "sales": 2, "median_price": 384400.0, "median_price_per_sqm": 10303.896103896104, "median_rooms": 2.5, "first_sale": "2022-07-26", "last_sale": "2024-07-10"}}, {"type": "Feature", "geometry": {"type": "Point", "coordinates": [2.324353, 48.854524]}, "properties": {"id_parcelle": "75107000AL0094", "address": "79 RUE DU BAC", "sales": 2, "median_price": 2876257.5, "median_price_per_sqm": 28762.575, "median_rooms": 6.0, "first_sale": "2023-04-05", "last_sale": "2024-09-19"}}, {"type": "Feature", "geometry": {"type": "Point", "coordinates": [2.325729, 48.85396]}, "properties": {"id_parcelle": "75107000AL0109", "address": "16 BD RASPAIL", "sales": 2, "median_price": 3015200.0, "median_price_per_sqm": 11686.821705426357, "median_rooms": 3.5, "first_sale": "2021-06-18", "last_sale": "2021-06-18"}}, {"type": "Feature", "geometry": {"type": "Point", "coordinates": [2.321021, 48.855716]}, "properties": {"id_parcelle": "75107000AL0110", "address": "47 RUE DE BELLECHASSE", "sales": 2, "median_price": 1622500.0, "median_price_per_sqm": 17591.454272863568, "median_rooms": 2.5, "first_sale": "2021-10-28", "last_sale": "2023-03-27"}}, {"type": "Feature", "geometry": {"type": "Point", "coordinates": [2.303478, 48.857233]}, "properties": {"id_parcelle": "75107000CD0098", "address": "27 RUE DE L EXPOSITION", "sales": 2, "median_price": 192350.0, "median_price_per_sqm": 14796.153846153846, "median_rooms": 0.5, "first_sale": "2022-12-22", "last_sale": "2022-12-22"}}, {"type": "Feature", "geometry": {"type": "Point", "coordinates": [2.327408, 48.857721]}, "properties": {"id_parcelle": "75107000AN0040", "address": "29 RUE DE L UNIVERSITE", "sales": 2, "median_price": 302225.0, "median_price_per_sqm": 12593.75, "median_rooms": 1.0, "first_sale": "2022-04-20", "last_sale": "2022-05-18"}}, {"type": "Feature", "geometry": {"type": "Point", "coordinates": [2.327319, 48.858166]}, "properties": {"id_parcelle": "75107000AN0057", "address": "52 RUE DE L UNIVERSITE", "sales": 2, "median_price": 700000.0, "median_price_per_sqm": 16279.06976744186, "median_rooms": 1.5, "first_sale": "2025-11-27", "last_sale": "2025-11-27"}}, {"type": "Feature", "geometry": {"type": "Point", "coordinates": [2.328046, 48.858155]}, "properties": {"id_parcelle": "75107000AN0063", "address": "22 RUE DU BAC", "sales": 2, "median_price": 1410000.0, "median_price_per_sqm": 13151.107594936708, "median_rooms": 2.0, "first_sale": "2025-06-30", "last_sale": "2025-11-06"}}, {"type": "Feature", "geometry": {"type": "Point", "coordinates": [2.32833, 48.858666]}, "properties": {"id_parcelle": "75107000AO0004", "address": "10 RUE DU BAC", "sales": 2, "median_price": 372675.0, "median_price_per_sqm": 6654.910714285715, "median_rooms": 2.0, "first_sale": "2022-07-12", "last_sale": "2024-12-23"}}, {"type": "Feature", "geometry": {"type": "Point", "coordinates": [2.328238, 48.858537]}, "properties": {"id_parcelle": "75107000AO0005", "address": "12 RUE DU BAC", "sales": 2, "median_price": 1487000.0, "median_price_per_sqm": 10621.42857142857, "median_rooms": 1.5, "first_sale": "2022-10-18", "last_sale": "2022-10-18"}}, {"type": "Feature", "geometry": {"type": "Point", "coordinates": [2.32819, 48.858366]}, "properties": {"id_parcelle": "75107000AO0008", "address": "44 RUE DE VERNEUIL", "sales": 2, "median_price": 820000.0, "median_price_per_sqm": 15769.23076923077, "median_rooms": 1.0, "first_sale": "2022-07-05", "last_sale": "2022-07-05"}}, {"type": "Feature", "geometry": {"type": "Point", "coordinates": [2.32352, 48.856151]}, "properties": {"id_parcelle": "75107000AM0018", "address": "12 RUE DE ST SIMON", "sales": 2, "median_price": 1100000.0, "median_price_per_sqm": 15942.028985507246, "median_rooms": 1.0, "first_sale": "2024-01-24", "last_sale": "2024-01-24"}}, {"type": "Feature", "geometry": {"type": "Point", "coordinates": [2.323759, 48.856361]}, "properties": {"id_parcelle": "75107000AM0020", "address": "8 RUE DE SAINT SIMON", "sales": 2, "median_price": 800000.0, "median_price_per_sqm": 10666.666666666666, "median_rooms": 1.5, "first_sale": "2025-10-28", "last_sale": "2025-10-28"}}, {"type": "Feature", "geometry": {"type": "Point", "coordinates": [2.323337, 48.855845]}, "properties": {"id_parcelle": "75107000AM0015", "address": "18 RUE DE ST SIMON", "sales": 2, "median_price": 2563350.0, "median_price_per_sqm": 19870.93023255814, "median_rooms": 3.0, "first_sale": "2021-06-18", "last_sale": "2021-06-18"}}, {"type": "Feature", "geometry": {"type": "Point", "coordinates": [2.294224, 48.855942]}, "properties": {"id_parcelle": "75107000CG0019", "address": "10 AV CHARLES FLOQUET", "sales": 2, "median_price": 2130000.0, "median_price_per_sqm": 17750.0, "median_rooms": 2.5, "first_sale": "2022-05-30", "last_sale": "2022-05-30"}}, {"type": "Feature", "geometry": {"type": "Point", "coordinates": [2.294021, 48.856033]}, "properties": {"id_parcelle": "75107000CG0020", "address": "8 AV CHARLES FLOQUET", "sales": 2, "median_price": 14000000.0, "median_price_per_sqm": 253804.34782608695, "median_rooms": 0.0, "first_sale": "2025-11-26", "last_sale": "2025-11-26"}}, {"type": "Feature", "geometry": {"type": "Point", "coordinates": [2.297592, 48.858823]}, "properties": {"id_parcelle": "75107000CH0003", "address": "3 AV ELISEE RECLUS", "sales": 2, "median_price": 2910000.0, "median_price_per_sqm": 10738.007380073801, "median_rooms": 3.0, "first_sale": "2023-10-24", "last_sale": "2023-10-24"}}, {"type": "Feature", "geometry": {"type": "Point", "coordinates": [2.298007, 48.858537]}, "properties": {"id_parcelle": "75107000CH0007", "address": "4 RUE DU MARECHAL HARISPE", "sales": 2, "median_price": 122500.0, "median_price_per_sqm": null, "median_rooms": 0.0, "first_sale": "2021-06-04", "last_sale": "2023-05-16"}}, {"type": "Feature", "geometry": {"type": "Point", "coordinates": [2.299476, 48.857808]}, "properties": {"id_parcelle": "75107000CH0019", "address": "2 AV EMILE POUVILLON", "sales": 2, "median_price": 2150000.0, "median_price_per_sqm": 16165.413533834586, "median_rooms": 2.5, "first_sale": "2023-09-04", "last_sale": "2023-09-04"}}, {"type": "Feature", "geometry": {"type": "Point", "coordinates": [2.297523, 48.858168]}, "properties": {"id_parcelle": "75107000CH0025", "address": "10 AV ELISEE RECLUS", "sales": 2, "median_price": 984000.0, "median_price_per_sqm": 11855.421686746988, "median_rooms": 1.5, "first_sale": "2023-09-27", "last_sale": "2023-09-27"}}, {"type": "Feature", "geometry": {"type": "Point", "coordinates": [2.324114, 48.856079]}, "properties": {"id_parcelle": "75107000AL0050", "address": "9 RUE DE ST SIMON", "sales": 2, "median_price": 326675.0, "median_price_per_sqm": 13993.055555555555, "median_rooms": 1.0, "first_sale": "2022-04-06", "last_sale": "2024-07-16"}}, {"type": "Feature", "geometry": {"type": "Point", "coordinates": [2.322671, 48.859415]}, "properties": {"id_parcelle": "75107000AQ0045", "address": "262 BD SAINT GERMAIN", "sales": 2, "median_price": 1160216.5, "median_price_per_sqm": 12891.294444444444, "median_rooms": 3.0, "first_sale": "2021-06-30", "last_sale": "2022-03-24"}}, {"type": "Feature", "geometry": {"type": "Point", "coordinates": [2.317378, 48.860592]}, "properties": {"id_parcelle": "75107000AR0015", "address": "89 RUE DE L UNIVERSITE", "sales": 2, "median_price": 4374300.0, "median_price_per_sqm": 31929.19708029197, "median_rooms": 2.0, "first_sale": "2022-06-13", "last_sale": "2022-06-13"}}, {"type": "Feature", "geometry": {"type": "Point", "coordinates": [2.302315, 48.85727]}, "properties": {"id_parcelle": "75107000CD0044", "address": "2 RUE DU GROS CAILLOU", "sales": 2, "median_price": 243000.0, "median_price_per_sqm": 14250.0, "median_rooms": 0.5, "first_sale": "2022-04-25", "last_sale": "2025-10-17"}}, {"type": "Feature", "geometry": {"type": "Point", "coordinates": [2.302574, 48.857146]}, "properties": {"id_parcelle": "75107000CD0048", "address": "8 RUE DU GROS CAILLOU", "sales": 2, "median_price": 324710.0, "median_price_per_sqm": 18039.444444444445, "median_rooms": 0.5, "first_sale": "2025-03-12", "last_sale": "2025-03-12"}}, {"type": "Feature", "geometry": {"type": "Point", "coordinates": [2.303013, 48.857031]}, "properties": {"id_parcelle": "75107000CD0059", "address": "15 RUE DU GROS CAILLOU", "sales": 2, "median_price": 460000.0, "median_price_per_sqm": 13529.411764705883, "median_rooms": 1.0, "first_sale": "2025-11-25", "last_sale": "2025-11-25"}}, {"type": "Feature", "geometry": {"type": "Point", "coordinates": [2.301927, 48.858023]}, "properties": {"id_parcelle": "75107000CD0076", "address": "135 RUE SAINT DOMINIQUE", "sales": 2, "median_price": 207066.5, "median_price_per_sqm": 12180.382352941177, "median_rooms": 1.0, "first_sale": "2021-10-21", "last_sale": "2025-06-16"}}, {"type": "Feature", "geometry": {"type": "Point", "coordinates": [2.302725, 48.857702]}, "properties": {"id_parcelle": "75107000CD0085", "address": "14 RUE DE L EXPOSITION", "sales": 2, "median_price": 465630.0, "median_price_per_sqm": 13303.714285714286, "median_rooms": 1.0, "first_sale": "2022-03-10", "last_sale": "2022-03-10"}}, {"type": "Feature", "geometry": {"type": "Point", "coordinates": [2.324197, 48.859366]}, "properties": {"id_parcelle": "75107000AO0035", "address": "82 RUE DE L UNIVERSITE", "sales": 2, "median_price": 1020000.0, "median_price_per_sqm": 15937.5, "median_rooms": 1.5, "first_sale": "2025-11-06", "last_sale": "2025-11-06"}}, {"type": "Feature", "geometry": {"type": "Point", "coordinates": [2.325111, 48.859556]}, "properties": {"id_parcelle": "75107000AO0040", "address": "73 RUE DE LILLE", "sales": 2, "median_price": 1850000.0, "median_price_per_sqm": 17289.719626168226, "median_rooms": 2.0, "first_sale": "2025-01-22", "last_sale": "2025-01-22"}}, {"type": "Feature", "geometry": {"type": "Point", "coordinates": [2.323344, 48.860277]}, "properties": {"id_parcelle": "75107000AP0023", "address": "8 RUE DE SOLFERINO", "sales": 2, "median_price": 2302000.0, "median_price_per_sqm": 20017.391304347828, "median_rooms": 2.0, "first_sale": "2021-04-15", "last_sale": "2021-04-15"}}, {"type": "Feature", "geometry": {"type": "Point", "coordinates": [2.310878, 48.859719]}, "properties": {"id_parcelle": "75107000AV0031", "address": "65 RUE ST DOMINIQUE", "sales": 2, "median_price": 444000.0, "median_price_per_sqm": 12055.677655677657, "median_rooms": 1.0, "first_sale": "2021-05-11", "last_sale": "2021-09-03"}}, {"type": "Feature", "geometry": {"type": "Point", "coordinates": [2.300691, 48.857686]}, "properties": {"id_parcelle": "75107000CD0003", "address": "147 RUE SAINT DOMINIQUE", "sales": 2, "median_price": 600000.0, "median_price_per_sqm": 12765.95744680851, "median_rooms": 1.5, "first_sale": "2025-10-13", "last_sale": "2025-10-13"}}, {"type": "Feature", "geometry": {"type": "Point", "coordinates": [2.300976, 48.857396]}, "properties": {"id_parcelle": "75107000CD0007", "address": "55 AV DE LA BOURDONNAIS", "sales": 2, "median_price": 830000.0, "median_price_per_sqm": 16274.509803921568, "median_rooms": 1.5, "first_sale": "2023-07-31", "last_sale": "2023-07-31"}}, {"type": "Feature", "geometry": {"type": "Point", "coordinates": [2.301522, 48.857211]}, "properties": {"id_parcelle": "75107000CD0020", "address": "63 AV DE LA BOURDONNAIS", "sales": 2, "median_price": 554250.0, "median_price_per_sqm": 12039.473684210527, "median_rooms": 1.5, "first_sale": "2021-01-25", "last_sale": "2024-06-25"}}, {"type": "Feature", "geometry": {"type": "Point", "coordinates": [2.302075, 48.856697]}, "properties": {"id_parcelle": "75107000CD0031", "address": "75 AV DE LA BOURDONNAIS", "sales": 2, "median_price": 1127750.0, "median_price_per_sqm": 18795.833333333332, "median_rooms": 2.0, "first_sale": "2022-02-28", "last_sale": "2022-02-28"}}, {"type": "Feature", "geometry": {"type": "Point", "coordinates": [2.320179, 48.861191]}, "properties": {"id_parcelle": "75107000AP0046", "address": "239 BD SAINT GERMAIN", "sales": 2, "median_price": 1638000.0, "median_price_per_sqm": 18000.0, "median_rooms": 2.0, "first_sale": "2025-09-11", "last_sale": "2025-09-11"}}, {"type": "Feature", "geometry": {"type": "Point", "coordinates": [2.320011, 48.860986]}, "properties": {"id_parcelle": "75107000AP0049", "address": "6 RUE DE COURTY", "sales": 2, "median_price": 263000.0, "median_price_per_sqm": 7527.241379310344, "median_rooms": 1.0, "first_sale": "2023-09-05", "last_sale": "2023-09-05"}}, {"type": "Feature", "geometry": {"type": "Point", "coordinates": [2.319862, 48.860978]}, "properties": {"id_parcelle": "75107000AP0051", "address": "106 RUE DE L UNIVERSITE", "sales": 2, "median_price": 196500.0, "median_price_per_sqm": 11558.823529411766, "median_rooms": 1.0, "first_sale": "2022-11-07", "last_sale": "2022-11-07"}}, {"type": "Feature", "geometry": {"type": "Point", "coordinates": [2.318975, 48.860603]}, "properties": {"id_parcelle": "75107000AQ0001", "address": "1 PL DU PALAIS BOURBON", "sales": 2, "median_price": 5495920.0, "median_price_per_sqm": 29707.675675675677, "median_rooms": 2.5, "first_sale": "2021-05-31", "last_sale": "2021-05-31"}}, {"type": "Feature", "geometry": {"type": "Point", "coordinates": [2.318752, 48.860198]}, "properties": {"id_parcelle": "75107000AQ0007", "address": "9 PL DU PALAIS BOURBON", "sales": 2, "median_price": 44800.0, "median_price_per_sqm": 302.7027027027027, "median_rooms": 1.5, "first_sale": "2021-12-20", "last_sale": "2021-12-20"}}, {"type": "Feature", "geometry": {"type": "Point", "coordinates": [2.323437, 48.859184]}, "properties": {"id_parcelle": "75107000AQ0027", "address": "65 RUE DE L UNIVERSITE", "sales": 2, "median_price": 1583000.0, "median_price_per_sqm": 17206.521739130436, "median_rooms": 2.0, "first_sale": "2023-10-02", "last_sale": "2023-10-02"}}, {"type": "Feature", "geometry": {"type": "Point", "coordinates": [2.324473, 48.856123]}, "properties": {"id_parcelle": "75107000AL0054", "address": "11 RUE PAUL LOUIS COURIER", "sales": 2, "median_price": 2160000.0, "median_price_per_sqm": 21818.18181818182, "median_rooms": 2.0, "first_sale": "2024-12-03", "last_sale": "2024-12-03"}}, {"type": "Feature", "geometry": {"type": "Point", "coordinates": [2.319356, 48.85217]}, "properties": {"id_parcelle": "75107000AJ0007", "address": "37 RUE VANEAU", "sales": 2, "median_price": 5800000.0, "median_price_per_sqm": 32768.3615819209, "median_rooms": 2.0, "first_sale": "2024-12-12", "last_sale": "2024-12-12"}}, {"type": "Feature", "geometry": {"type": "Point", "coordinates": [2.320264, 48.854713]}, "properties": {"id_parcelle": "75107000AK0002", "address": "57 RUE DE VARENNE", "sales": 2, "median_price": 500000.0, "median_price_per_sqm": 11615.384615384615, "median_rooms": 2.0, "first_sale": "2024-07-09", "last_sale": "2024-07-09"}}, {"type": "Feature", "geometry": {"type": "Point", "coordinates": [2.320038, 48.8541]}, "properties": {"id_parcelle": "75107000AK0007", "address": "9 RUE VANEAU", "sales": 2, "median_price": 780000.0, "median_price_per_sqm": 13448.275862068966, "median_rooms": 1.0, "first_sale": "2022-09-29", "last_sale": "2022-09-29"}}, {"type": "Feature", "geometry": {"type": "Point", "coordinates": [2.323248, 48.853081]}, "properties": {"id_parcelle": "75107000AK0038", "address": "110 RUE DU BAC", "sales": 2, "median_price": 1257000.0, "median_price_per_sqm": null, "median_rooms": 0.0, "first_sale": "2024-07-19", "last_sale": "2024-10-02"}}, {"type": "Feature", "geometry": {"type": "Point", "coordinates": [2.297528, 48.859999]}, "properties": {"id_parcelle": "75107000CI0004", "address": "217 RUE DE L UNIVERSITE", "sales": 2, "median_price": 1987700.0, "median_price_per_sqm": 15058.333333333334, "median_rooms": 3.0, "first_sale": "2023-02-13", "last_sale": "2023-02-13"}}, {"type": "Feature", "geometry": {"type": "Point", "coordinates": [2.30024, 48.859905]}, "properties": {"id_parcelle": "75107000CI0025", "address": "4 RUE DE MONTTESSUY", "sales": 2, "median_price": 800000.0, "median_price_per_sqm": 16326.530612244898, "median_rooms": 1.0, "first_sale": "2024-12-26", "last_sale": "2024-12-26"}}, {"type": "Feature", "geometry": {"type": "Point", "coordinates": [2.299873, 48.858066]}, "properties": {"id_parcelle": "75107000CJ0008", "address": "43 AV DE LA BOURDONNAIS", "sales": 2, "median_price": 357500.0, "median_price_per_sqm": 13250.0, "median_rooms": 1.5, "first_sale": "2021-04-01", "last_sale": "2022-09-22"}}, {"type": "Feature", "geometry": {"type": "Point", "coordinates": [2.301008, 48.858848]}, "properties": {"id_parcelle": "75107000CJ0022", "address": "33 AV RAPP", "sales": 2, "median_price": 1025000.0, "median_price_per_sqm": 32743.055555555555, "median_rooms": 1.0, "first_sale": "2024-04-05", "last_sale": "2024-04-05"}}, {"type": "Feature", "geometry": {"type": "Point", "coordinates": [2.318826, 48.857622]}, "properties": {"id_parcelle": "75107000AX0032", "address": "2 RUE CASIMIR PERIER", "sales": 2, "median_price": 1201923.0, "median_price_per_sqm": 20032.05, "median_rooms": 1.5, "first_sale": "2023-03-09", "last_sale": "2023-03-09"}}, {"type": "Feature", "geometry": {"type": "Point", "coordinates": [2.320636, 48.858731]}, "properties": {"id_parcelle": "75107000AX0041", "address": "25 RUE ST DOMINIQUE", "sales": 2, "median_price": 120000.0, "median_price_per_sqm": 7500.0, "median_rooms": 0.5, "first_sale": "2022-02-09", "last_sale": "2023-02-10"}}, {"type": "Feature", "geometry": {"type": "Point", "coordinates": [2.307886, 48.859237]}, "properties": {"id_parcelle": "75107000BZ0046", "address": "5 PAS JEAN NICOT", "sales": 2, "median_price": 1900000.0, "median_price_per_sqm": 46913.58024691358, "median_rooms": 0.0, "first_sale": "2021-03-18", "last_sale": "2021-03-18"}}, {"type": "Feature", "geometry": {"type": "Point", "coordinates": [2.307993, 48.858985]}, "properties": {"id_parcelle": "75107000BZ0049", "address": "11 PAS JEAN NICOT", "sales": 2, "median_price": 256500.0, "median_price_per_sqm": 10687.5, "median_rooms": 1.0, "first_sale": "2023-05-09", "last_sale": "2023-05-09"}}, {"type": "Feature", "geometry": {"type": "Point", "coordinates": [2.30817, 48.858221]}, "properties": {"id_parcelle": "75107000BZ0054", "address": "19 PAS JEAN NICOT", "sales": 2, "median_price": 39000.0, "median_price_per_sqm": null, "median_rooms": 0.0, "first_sale": "2021-12-09", "last_sale": "2023-05-09"}}, {"type": "Feature", "geometry": {"type": "Point", "coordinates": [2.310822, 48.86142]}, "properties": {"id_parcelle": "75107000AT0012", "address": "9 BD DE LA TOUR MAUBOURG", "sales": 2, "median_price": 694800.0, "median_price_per_sqm": 15790.90909090909, "median_rooms": 1.5, "first_sale": "2023-02-02", "last_sale": "2023-02-02"}}, {"type": "Feature", "geometry": {"type": "Point", "coordinates": [2.310882, 48.861725]}, "properties": {"id_parcelle": "75107000AT0014", "address": "3 BD DE LA TOUR MAUBOURG", "sales": 2, "median_price": 700750.0, "median_price_per_sqm": 14301.020408163266, "median_rooms": 1.0, "first_sale": "2022-10-28", "last_sale": "2024-10-30"}}, {"type": "Feature", "geometry": {"type": "Point", "coordinates": [2.311004, 48.860378]}, "properties": {"id_parcelle": "75107000AU0015", "address": "26 RUE FABERT", "sales": 2, "median_price": 884000.0, "median_price_per_sqm": 17894.736842105263, "median_rooms": 0.0, "first_sale": "2024-05-06", "last_sale": "2024-07-17"}}, {"type": "Feature", "geometry": {"type": "Point", "coordinates": [2.31053, 48.858575]}, "properties": {"id_parcelle": "75107000AV0012", "address": "43 BD DE LA TOUR MAUBOURG", "sales": 2, "median_price": 202500.0, "median_price_per_sqm": null, "median_rooms": 0.0, "first_sale": "2025-01-16", "last_sale": "2025-02-26"}}, {"type": "Feature", "geometry": {"type": "Point", "coordinates": [2.319542, 48.857873]}, "properties": {"id_parcelle": "75107000AX0077", "address": "17 RUE CASIMIR PERIER", "sales": 2, "median_price": 2113300.0, "median_price_per_sqm": 20126.666666666668, "median_rooms": 2.5, "first_sale": "2021-11-02", "last_sale": "2021-11-02"}}, {"type": "Feature", "geometry": {"type": "Point", "coordinates": [2.319527, 48.857539]}, "properties": {"id_parcelle": "75107000AX0079", "address": "23 RUE CASIMIR PERIER", "sales": 2, "median_price": 2905000.0, "median_price_per_sqm": 26409.090909090908, "median_rooms": 1.0, "first_sale": "2025-09-15", "last_sale": "2025-09-15"}}, {"type": "Feature", "geometry": {"type": "Point", "coordinates": [2.308819, 48.857616]}, "properties": {"id_parcelle": "75107000BY0153", "address": "3 SQ DE LA TOUR MAUBOURG", "sales": 2, "median_price": 1900000.0, "median_price_per_sqm": 17512.62626262626, "median_rooms": 0.0, "first_sale": "2022-10-07", "last_sale": "2022-10-07"}}, {"type": "Feature", "geometry": {"type": "Point", "coordinates": [2.309012, 48.85786]}, "properties": {"id_parcelle": "75107000BY0187", "address": "137 RUE DE GRENELLE", "sales": 2, "median_price": 1350000.0, "median_price_per_sqm": 10000.0, "median_rooms": 0.0, "first_sale": "2022-04-29", "last_sale": "2023-06-29"}}, {"type": "Feature", "geometry": {"type": "Point", "coordinates": [2.307807, 48.858582]}, "properties": {"id_parcelle": "75107000BZ0032", "address": "15 RUE AMELIE", "sales": 2, "median_price": 277885.0, "median_price_per_sqm": 13894.25, "median_rooms": 0.5, "first_sale": "2024-09-20", "last_sale": "2024-09-20"}}, {"type": "Feature", "geometry": {"type": "Point", "coordinates": [2.307683, 48.859077]}, "properties": {"id_parcelle": "75107000BZ0037", "address": "9 RUE AMELIE", "sales": 2, "median_price": 180000.0, "median_price_per_sqm": 10250.0, "median_rooms": 1.0, "first_sale": "2025-03-28", "last_sale": "2025-09-09"}}, {"type": "Feature", "geometry": {"type": "Point", "coordinates": [2.307638, 48.859149]}, "properties": {"id_parcelle": "75107000BZ0038", "address": "7 RUE AMELIE", "sales": 2, "median_price": 330000.0, "median_price_per_sqm": 18333.333333333332, "median_rooms": 0.5, "first_sale": "2022-07-11", "last_sale": "2022-07-11"}}, {"type": "Feature", "geometry": {"type": "Point", "coordinates": [2.318037, 48.857604]}, "properties": {"id_parcelle": "75107000AX0021", "address": "30 RUE DE MARTIGNAC", "sales": 2, "median_price": 1750000.0, "median_price_per_sqm": 18421.052631578947, "median_rooms": 1.5, "first_sale": "2021-11-09", "last_sale": "2021-11-09"}}, {"type": "Feature", "geometry": {"type": "Point", "coordinates": [2.318456, 48.857438]}, "properties": {"id_parcelle": "75107000AX0024", "address": "128 RUE DE GRENELLE", "sales": 2, "median_price": 1335000.0, "median_price_per_sqm": 19925.373134328358, "median_rooms": 1.5, "first_sale": "2022-08-05", "last_sale": "2022-08-05"}}, {"type": "Feature", "geometry": {"type": "Point", "coordinates": [2.32605, 48.851936]}, "properties": {"id_parcelle": "75107000AF0053", "address": "4 RUE DE BABYLONE", "sales": 2, "median_price": 3950000.0, "median_price_per_sqm": 21944.444444444445, "median_rooms": 3.0, "first_sale": "2021-07-13", "last_sale": "2021-07-13"}}, {"type": "Feature", "geometry": {"type": "Point", "coordinates": [2.326276, 48.852019]}, "properties": {"id_parcelle": "75107000AF0056", "address": "44 BD RASPAIL", "sales": 2, "median_price": 90500.0, "median_price_per_sqm": null, "median_rooms": 0.0, "first_sale": "2022-04-08", "last_sale": "2023-11-06"}}, {"type": "Feature", "geometry": {"type": "Point", "coordinates": [2.324119, 48.853504]}, "properties": {"id_parcelle": "75107000AG0006", "address": "95 RUE DU BAC", "sales": 2, "median_price": 77500.0, "median_price_per_sqm": 7562.5, "median_rooms": 0.5, "first_sale": "2021-07-19", "last_sale": "2021-09-08"}}, {"type": "Feature", "geometry": {"type": "Point", "coordinates": [2.323947, 48.852825]}, "properties": {"id_parcelle": "75107000AG0011", "address": "8 RUE DE COMMAILLE", "sales": 2, "median_price": 1200000.0, "median_price_per_sqm": 20338.98305084746, "median_rooms": 1.5, "first_sale": "2025-09-18", "last_sale": "2025-09-18"}}, {"type": "Feature", "geometry": {"type": "Point", "coordinates": [2.32518, 48.852425]}, "properties": {"id_parcelle": "75107000AG0039", "address": "15 RUE DE LA PLANCHE", "sales": 2, "median_price": 1420300.0, "median_price_per_sqm": 16709.41176470588, "median_rooms": 2.0, "first_sale": "2021-06-28", "last_sale": "2021-06-28"}}, {"type": "Feature", "geometry": {"type": "Point", "coordinates": [2.31926, 48.851545]}, "properties": {"id_parcelle": "75107000AI0001", "address": "43 RUE VANEAU", "sales": 2, "median_price": 758250.0, "median_price_per_sqm": 9681.132783195799, "median_rooms": 1.5, "first_sale": "2022-02-17", "last_sale": "2025-06-10"}}, {"type": "Feature", "geometry": {"type": "Point", "coordinates": [2.30276, 48.859344]}, "properties": {"id_parcelle": "75107000CJ0064", "address": "16 AV BOSQUET", "sales": 2, "median_price": 2100000.0, "median_price_per_sqm": 13125.0, "median_rooms": 3.0, "first_sale": "2022-10-14", "last_sale": "2022-10-14"}}, {"type": "Feature", "geometry": {"type": "Point", "coordinates": [2.315592, 48.851638]}, "properties": {"id_parcelle": "75107000BF0002", "address": "61 RUE DE BABYLONE", "sales": 2, "median_price": 17900000.0, "median_price_per_sqm": 16467.341306347746, "median_rooms": 0.0, "first_sale": "2021-04-09", "last_sale": "2023-01-26"}}, {"type": "Feature", "geometry": {"type": "Point", "coordinates": [2.307565, 48.856307]}, "properties": {"id_parcelle": "75107000BY0079", "address": "25 RUE DUVIVIER", "sales": 2, "median_price": 567000.0, "median_price_per_sqm": 10309.09090909091, "median_rooms": 1.5, "first_sale": "2023-09-15", "last_sale": "2023-09-15"}}, {"type": "Feature", "geometry": {"type": "Point", "coordinates": [2.307176, 48.857776]}, "properties": {"id_parcelle": "75107000BY0091", "address": "153 RUE DE GRENELLE", "sales": 2, "median_price": 365017.5, "median_price_per_sqm": 11080.011574074073, "median_rooms": 0.5, "first_sale": "2021-03-25", "last_sale": "2024-02-08"}}, {"type": "Feature", "geometry": {"type": "Point", "coordinates": [2.308443, 48.856775]}, "properties": {"id_parcelle": "75107000BY0111", "address": "14 AV DE LA MOTTE PICQUET", "sales": 2, "median_price": 1345000.0, "median_price_per_sqm": 18424.657534246577, "median_rooms": 2.5, "first_sale": "2022-07-13", "last_sale": "2022-07-13"}}, {"type": "Feature", "geometry": {"type": "Point", "coordinates": [2.309045, 48.856286]}, "properties": {"id_parcelle": "75107000BY0135", "address": "11 AV DE LA MOTTE PICQUET", "sales": 2, "median_price": 1302170.0, "median_price_per_sqm": 18085.694444444445, "median_rooms": 1.0, "first_sale": "2022-08-25", "last_sale": "2022-08-25"}}, {"type": "Feature", "geometry": {"type": "Point", "coordinates": [2.317605, 48.856496]}, "properties": {"id_parcelle": "75107000AY0039", "address": "6 CITE MARTIGNAC", "sales": 2, "median_price": 320000.0, "median_price_per_sqm": null, "median_rooms": 0.0, "first_sale": "2022-06-08", "last_sale": "2022-06-08"}}, {"type": "Feature", "geometry": {"type": "Point", "coordinates": [2.318911, 48.854877]}, "properties": {"id_parcelle": "75107000BD0025", "address": "4 CITE VANEAU", "sales": 2, "median_price": 2420000.0, "median_price_per_sqm": 12284.263959390863, "median_rooms": 3.0, "first_sale": "2023-03-22", "last_sale": "2023-03-22"}}, {"type": "Feature", "geometry": {"type": "Point", "coordinates": [2.321099, 48.858559]}, "properties": {"id_parcelle": "75107000AX0045", "address": "21 RUE ST DOMINIQUE", "sales": 2, "median_price": 1646850.0, "median_price_per_sqm": 14971.363636363636, "median_rooms": 1.5, "first_sale": "2023-05-12", "last_sale": "2023-05-12"}}, {"type": "Feature", "geometry": {"type": "Point", "coordinates": [2.321977, 48.857748]}, "properties": {"id_parcelle": "75107000AX0061", "address": "3 RUE LAS CASES", "sales": 2, "median_price": 1451923.0, "median_price_per_sqm": 37240.88214285714, "median_rooms": 1.0, "first_sale": "2022-11-22", "last_sale": "2022-11-22"}}, {"type": "Feature", "geometry": {"type": "Point", "coordinates": [2.320543, 48.858091]}, "properties": {"id_parcelle": "75107000AX0067", "address": "13 RUE LAS CASES", "sales": 2, "median_price": 42326160.0, "median_price_per_sqm": 32558.584615384614, "median_rooms": 32.0, "first_sale": "2021-02-23", "last_sale": "2021-02-23"}}, {"type": "Feature", "geometry": {"type": "Point", "coordinates": [2.318802, 48.848798]}, "properties": {"id_parcelle": "75107000BG0015", "address": "25 RUE ROUSSELET", "sales": 2, "median_price": 445000.0, "median_price_per_sqm": 12361.111111111111, "median_rooms": 1.0, "first_sale": "2022-07-28", "last_sale": "2022-07-28"}}, {"type": "Feature", "geometry": {"type": "Point", "coordinates": [2.318962, 48.848567]}, "properties": {"id_parcelle": "75107000BG0017", "address": "29 RUE ROUSSELET", "sales": 2, "median_price": 461165.0, "median_price_per_sqm": 13563.676470588236, "median_rooms": 1.0, "first_sale": "2023-06-13", "last_sale": "2023-06-13"}}, {"type": "Feature", "geometry": {"type": "Point", "coordinates": [2.306101, 48.856909]}, "properties": {"id_parcelle": "75107000BY0033", "address": "34 RUE CLER", "sales": 2, "median_price": 76424.22, "median_price_per_sqm": 1592.17125, "median_rooms": 1.5, "first_sale": "2022-04-14", "last_sale": "2022-04-14"}}, {"type": "Feature", "geometry": {"type": "Point", "coordinates": [2.306675, 48.857202]}, "properties": {"id_parcelle": "75107000BY0054", "address": "10 RUE DUVIVIER", "sales": 2, "median_price": 205000.0, "median_price_per_sqm": 9069.478908188587, "median_rooms": 1.5, "first_sale": "2021-03-19", "last_sale": "2021-10-06"}}, {"type": "Feature", "geometry": {"type": "Point", "coordinates": [2.30671, 48.857025]}, "properties": {"id_parcelle": "75107000BY0056", "address": "14 RUE DUVIVIER", "sales": 2, "median_price": 253187.5, "median_price_per_sqm": 12715.0, "median_rooms": 1.0, "first_sale": "2022-06-29", "last_sale": "2025-01-27"}}, {"type": "Feature", "geometry": {"type": "Point", "coordinates": [2.306643, 48.85689]}, "properties": {"id_parcelle": "75107000BY0059", "address": "41 RUE CLER", "sales": 2, "median_price": 191000.0, "median_price_per_sqm": 7243.75, "median_rooms": 1.5, "first_sale": "2022-05-05", "last_sale": "2022-11-30"}}, {"type": "Feature", "geometry": {"type": "Point", "coordinates": [2.306891, 48.856828]}, "properties": {"id_parcelle": "75107000BY0061", "address": "18 RUE DUVIVIER", "sales": 2, "median_price": 155365.0, "median_price_per_sqm": 10377.638888888889, "median_rooms": 1.0, "first_sale": "2025-09-05", "last_sale": "2025-10-07"}}, {"type": "Feature", "geometry": {"type": "Point", "coordinates": [2.316444, 48.851958]}, "properties": {"id_parcelle": "75107000BE0008", "address": "70 RUE DE BABYLONE", "sales": 2, "median_price": 780000.0, "median_price_per_sqm": 14444.444444444445, "median_rooms": 1.0, "first_sale": "2022-03-08", "last_sale": "2022-03-08"}}, {"type": "Feature", "geometry": {"type": "Point", "coordinates": [2.317361, 48.851886]}, "properties": {"id_parcelle": "75107000BE0012", "address": "37 RUE BARBET DE JOUY", "sales": 2, "median_price": 545500.0, "median_price_per_sqm": 12528.735632183909, "median_rooms": 1.0, "first_sale": "2022-11-18", "last_sale": "2025-01-31"}}, {"type": "Feature", "geometry": {"type": "Point", "coordinates": [2.317432, 48.851993]}, "properties": {"id_parcelle": "75107000BE0013", "address": "35 RUE BARBET DE JOUY", "sales": 2, "median_price": 700000.0, "median_price_per_sqm": 14583.333333333334, "median_rooms": 1.5, "first_sale": "2024-02-19", "last_sale": "2024-02-19"}}, {"type": "Feature", "geometry": {"type": "Point", "coordinates": [2.317925, 48.851939]}, "properties": {"id_parcelle": "75107000BE0017", "address": "54 RUE DE BABYLONE", "sales": 2, "median_price": 527000.0, "median_price_per_sqm": 15969.69696969697, "median_rooms": 1.0, "first_sale": "2023-01-23", "last_sale": "2023-01-23"}}, {"type": "Feature", "geometry": {"type": "Point", "coordinates": [2.318732, 48.852955]}, "properties": {"id_parcelle": "75107000BE0027", "address": "5 RUE DE CHANALEILLES", "sales": 2, "median_price": 962500.0, "median_price_per_sqm": 15820.073439412485, "median_rooms": 3.5, "first_sale": "2021-12-02", "last_sale": "2024-01-04"}}, {"type": "Feature", "geometry": {"type": "Point", "coordinates": [2.316965, 48.85299]}, "properties": {"id_parcelle": "75107000BE0040", "address": "30 RUE BARBET DE JOUY", "sales": 2, "median_price": 1700000.0, "median_price_per_sqm": 25000.0, "median_rooms": 1.0, "first_sale": "2023-06-16", "last_sale": "2023-06-16"}}, {"type": "Feature", "geometry": {"type": "Point", "coordinates": [2.302839, 48.859214]}, "properties": {"id_parcelle": "75107000CJ0065", "address": "16 AV BOSQUET", "sales": 2, "median_price": 185000.0, "median_price_per_sqm": 7037.037037037037, "median_rooms": 1.0, "first_sale": "2022-05-20", "last_sale": "2025-06-10"}}, {"type": "Feature", "geometry": {"type": "Point", "coordinates": [2.303043, 48.859063]}, "properties": {"id_parcelle": "75107000CJ0066", "address": "16 AV BOSQUET", "sales": 2, "median_price": 278000.0, "median_price_per_sqm": 9928.57142857143, "median_rooms": 1.0, "first_sale": "2024-03-06", "last_sale": "2024-03-06"}}, {"type": "Feature", "geometry": {"type": "Point", "coordinates": [2.302013, 48.860941]}, "properties": {"id_parcelle": "75107000CK0008", "address": "179 RUE DE L UNIVERSITE", "sales": 2, "median_price": 4900000.0, "median_price_per_sqm": 20416.666666666668, "median_rooms": 3.0, "first_sale": "2021-09-24", "last_sale": "2021-09-24"}}, {"type": "Feature", "geometry": {"type": "Point", "coordinates": [2.303754, 48.859198]}, "properties": {"id_parcelle": "75107000CK0031", "address": "31 AV BOSQUET", "sales": 2, "median_price": 37202200.0, "median_price_per_sqm": 29977.59871071716, "median_rooms": 0.0, "first_sale": "2022-12-14", "last_sale": "2023-04-20"}}, {"type": "Feature", "geometry": {"type": "Point", "coordinates": [2.30297, 48.860843]}, "properties": {"id_parcelle": "75107000CK0043", "address": "11 AV BOSQUET", "sales": 2, "median_price": 3400000.0, "median_price_per_sqm": 26153.846153846152, "median_rooms": 2.5, "first_sale": "2024-07-12", "last_sale": "2024-07-12"}}, {"type": "Feature", "geometry": {"type": "Point", "coordinates": [2.326822, 48.852816]}, "properties": {"id_parcelle": "75107000AF0002", "address": "33 BD RASPAIL", "sales": 2, "median_price": 100000.0, "median_price_per_sqm": null, "median_rooms": 0.0, "first_sale": "2022-06-24", "last_sale": "2022-06-24"}}, {"type": "Feature", "geometry": {"type": "Point", "coordinates": [2.32681, 48.852629]}, "properties": {"id_parcelle": "75107000AF0003", "address": "35 BD RASPAIL", "sales": 2, "median_price": 1334750.0, "median_price_per_sqm": 19259.25925925926, "median_rooms": 2.0, "first_sale": "2022-10-17", "last_sale": "2024-06-27"}}, {"type": "Feature", "geometry": {"type": "Point", "coordinates": [2.327662, 48.851969]}, "properties": {"id_parcelle": "75107000AF0039", "address": "1 RUE RECAMIER", "sales": 2, "median_price": 2520000.0, "median_price_per_sqm": 20487.80487804878, "median_rooms": 2.5, "first_sale": "2024-06-03", "last_sale": "2024-06-03"}}, {"type": "Feature", "geometry": {"type": "Point", "coordinates": [2.325765, 48.851977]}, "properties": {"id_parcelle": "75107000AF0050", "address": "11 RUE CHOMEL", "sales": 2, "median_price": 990000.0, "median_price_per_sqm": 14558.823529411764, "median_rooms": 1.5, "first_sale": "2023-09-06", "last_sale": "2023-09-06"}}, {"type": "Feature", "geometry": {"type": "Point", "coordinates": [2.309322, 48.855607]}, "properties": {"id_parcelle": "75107000BX0048", "address": "84 BD DE LA TOUR MAUBOURG", "sales": 2, "median_price": 900000.0, "median_price_per_sqm": 15000.0, "median_rooms": 1.0, "first_sale": "2025-07-11", "last_sale": "2025-07-11"}}, {"type": "Feature", "geometry": {"type": "Point", "coordinates": [2.309322, 48.855148]}, "properties": {"id_parcelle": "75107000BX0051", "address": "88 BD DE LA TOUR MAUBOURG", "sales": 2, "median_price": 2302885.0, "median_price_per_sqm": 16809.379562043796, "median_rooms": 2.5, "first_sale": "2024-09-23", "last_sale": "2024-09-23"}}, {"type": "Feature", "geometry": {"type": "Point", "coordinates": [2.309233, 48.854214]}, "properties": {"id_parcelle": "75107000BX0059", "address": "4 AV DE TOURVILLE", "sales": 2, "median_price": 547619.0, "median_price_per_sqm": 11408.729166666666, "median_rooms": 0.5, "first_sale": "2025-11-26", "last_sale": "2025-11-26"}}, {"type": "Feature", "geometry": {"type": "Point", "coordinates": [2.3081, 48.854359]}, "properties": {"id_parcelle": "75107000BX0064", "address": "14 AV DE TOURVILLE", "sales": 2, "median_price": 10000.0, "median_price_per_sqm": 135.13513513513513, "median_rooms": 2.0, "first_sale": "2023-11-23", "last_sale": "2023-11-23"}}, {"type": "Feature", "geometry": {"type": "Point", "coordinates": [2.307833, 48.854441]}, "properties": {"id_parcelle": "75107000BX0065", "address": "29 RUE CHEVERT", "sales": 2, "median_price": 307500.0, "median_price_per_sqm": 11363.636363636364, "median_rooms": 1.0, "first_sale": "2021-03-15", "last_sale": "2025-12-30"}}, {"type": "Feature", "geometry": {"type": "Point", "coordinates": [2.319058, 48.848268]}, "properties": {"id_parcelle": "75107000BG0020", "address": "35 RUE ROUSSELET", "sales": 2, "median_price": 496500.0, "median_price_per_sqm": 14456.25, "median_rooms": 0.0, "first_sale": "2021-02-26", "last_sale": "2025-02-25"}}, {"type": "Feature", "geometry": {"type": "Point", "coordinates": [2.319551, 48.848096]}, "properties": {"id_parcelle": "75107000BG0024", "address": "34 RUE PIERRE LEROUX", "sales": 2, "median_price": 129000.0, "median_price_per_sqm": 5473.684210526316, "median_rooms": 1.0, "first_sale": "2023-02-16", "last_sale": "2023-02-16"}}, {"type": "Feature", "geometry": {"type": "Point", "coordinates": [2.319462, 48.848128]}, "properties": {"id_parcelle": "75107000BG0025", "address": "64 RUE DE SEVRES", "sales": 2, "median_price": 450119.0, "median_price_per_sqm": 11728.083895853422, "median_rooms": 0.0, "first_sale": "2022-02-10", "last_sale": "2022-12-08"}}, {"type": "Feature", "geometry": {"type": "Point", "coordinates": [2.316971, 48.850183]}, "properties": {"id_parcelle": "75107000BF0014", "address": "14 RUE OUDINOT", "sales": 2, "median_price": 119000.0, "median_price_per_sqm": null, "median_rooms": 1.0, "first_sale": "2021-07-28", "last_sale": "2021-07-28"}}, {"type": "Feature", "geometry": {"type": "Point", "coordinates": [2.31672, 48.851207]}, "properties": {"id_parcelle": "75107000BF0022", "address": "7 RUE MONSIEUR", "sales": 2, "median_price": 3800000.0, "median_price_per_sqm": 31404.95867768595, "median_rooms": 3.5, "first_sale": "2021-10-08", "last_sale": "2021-10-08"}}, {"type": "Feature", "geometry": {"type": "Point", "coordinates": [2.318022, 48.85011]}, "properties": {"id_parcelle": "75107000BG0002", "address": "15 RUE OUDINOT", "sales": 2, "median_price": 245000.0, "median_price_per_sqm": 7918.5, "median_rooms": 0.5, "first_sale": "2024-03-21", "last_sale": "2024-03-21"}}, {"type": "Feature", "geometry": {"type": "Point", "coordinates": [2.317475, 48.848095]}, "properties": {"id_parcelle": "75107000BI0035", "address": "10 AV CONSTANT COQUELIN", "sales": 2, "median_price": 1847160.0, "median_price_per_sqm": 15522.35294117647, "median_rooms": 2.0, "first_sale": "2021-05-21", "last_sale": "2021-05-21"}}, {"type": "Feature", "geometry": {"type": "Point", "coordinates": [2.316794, 48.847233]}, "properties": {"id_parcelle": "75107000BI0052", "address": "67 BD DES INVALIDES", "sales": 2, "median_price": 1895000.0, "median_price_per_sqm": 9768.041237113403, "median_rooms": 3.0, "first_sale": "2023-07-06", "last_sale": "2023-07-06"}}, {"type": "Feature", "geometry": {"type": "Point", "coordinates": [2.312721, 48.848179]}, "properties": {"id_parcelle": "75107000BJ0015", "address": "8 RUE DU GAL BERTRAND", "sales": 2, "median_price": 696800.0, "median_price_per_sqm": 12013.793103448275, "median_rooms": 1.5, "first_sale": "2025-10-08", "last_sale": "2025-10-08"}}, {"type": "Feature", "geometry": {"type": "Point", "coordinates": [2.304369, 48.855927]}, "properties": {"id_parcelle": "75107000BW0097", "address": "25 RUE DU CHAMP DE MARS", "sales": 2, "median_price": 138000.5, "median_price_per_sqm": 3942.871428571428, "median_rooms": 3.0, "first_sale": "2022-01-17", "last_sale": "2022-01-17"}}, {"type": "Feature", "geometry": {"type": "Point", "coordinates": [2.304308, 48.855813]}, "properties": {"id_parcelle": "75107000BW0100", "address": "48 AV BOSQUET", "sales": 2, "median_price": 1032500.0, "median_price_per_sqm": 16132.8125, "median_rooms": 1.5, "first_sale": "2023-06-27", "last_sale": "2023-06-27"}}, {"type": "Feature", "geometry": {"type": "Point", "coordinates": [2.307153, 48.854386]}, "properties": {"id_parcelle": "75107000BX0026", "address": "22 AV DE TOURVILLE", "sales": 2, "median_price": 815000.0, "median_price_per_sqm": 12164.179104477613, "median_rooms": 2.0, "first_sale": "2023-02-13", "last_sale": "2023-02-13"}}, {"type": "Feature", "geometry": {"type": "Point", "coordinates": [2.307448, 48.85466]}, "properties": {"id_parcelle": "75107000BX0028", "address": "34 RUE CHEVERT", "sales": 2, "median_price": 339000.0, "median_price_per_sqm": 13038.461538461539, "median_rooms": 1.0, "first_sale": "2022-01-21", "last_sale": "2022-01-21"}}, {"type": "Feature", "geometry": {"type": "Point", "coordinates": [2.318376, 48.848383]}, "properties": {"id_parcelle": "75107000BH0015", "address": "24 RUE ROUSSELET", "sales": 2, "median_price": 345000.0, "median_price_per_sqm": 8414.634146341463, "median_rooms": 1.5, "first_sale": "2025-01-16", "last_sale": "2025-01-16"}}, {"type": "Feature", "geometry": {"type": "Point", "coordinates": [2.318843, 48.847883]}, "properties": {"id_parcelle": "75107000BH0019", "address": "70 RUE DE SEVRES", "sales": 2, "median_price": 108800.0, "median_price_per_sqm": 3200.0, "median_rooms": 0.5, "first_sale": "2023-11-22", "last_sale": "2023-11-22"}}, {"type": "Feature", "geometry": {"type": "Point", "coordinates": [2.305449, 48.860723]}, "properties": {"id_parcelle": "75107000CK0070", "address": "6 RUE MALAR", "sales": 2, "median_price": 680000.0, "median_price_per_sqm": 15111.111111111111, "median_rooms": 2.0, "first_sale": "2022-03-24", "last_sale": "2022-03-24"}}, {"type": "Feature", "geometry": {"type": "Point", "coordinates": [2.301864, 48.860799]}, "properties": {"id_parcelle": "75107000CK0082", "address": "4 CITE DE L ALMA", "sales": 2, "median_price": 542000.0, "median_price_per_sqm": 10840.0, "median_rooms": 1.0, "first_sale": "2022-04-22", "last_sale": "2022-04-22"}}, {"type": "Feature", "geometry": {"type": "Point", "coordinates": [2.302204, 48.860744]}, "properties": {"id_parcelle": "75107000CK0084", "address": "6 AV BOSQUET", "sales": 2, "median_price": 1650000.0, "median_price_per_sqm": 11379.310344827587, "median_rooms": 3.0, "first_sale": "2021-06-23", "last_sale": "2021-06-23"}}, {"type": "Feature", "geometry": {"type": "Point", "coordinates": [2.301785, 48.860657]}, "properties": {"id_parcelle": "75107000CK0087", "address": "7 CITE DE L ALMA", "sales": 2, "median_price": 851550.0, "median_price_per_sqm": 14433.050847457627, "median_rooms": 1.5, "first_sale": "2025-06-17", "last_sale": "2025-06-17"}}, {"type": "Feature", "geometry": {"type": "Point", "coordinates": [2.3305, 48.855017]}, "properties": {"id_parcelle": "75107000AD0081", "address": "36 RUE DES SAINTS PERES", "sales": 2, "median_price": 475000.0, "median_price_per_sqm": 13194.444444444445, "median_rooms": 1.0, "first_sale": "2021-09-03", "last_sale": "2021-09-03"}}, {"type": "Feature", "geometry": {"type": "Point", "coordinates": [2.327788, 48.855452]}, "properties": {"id_parcelle": "75107000AD0089", "address": "220 BD SAINT GERMAIN", "sales": 2, "median_price": 683500.0, "median_price_per_sqm": 13670.0, "median_rooms": 1.0, "first_sale": "2022-08-31", "last_sale": "2022-08-31"}}, {"type": "Feature", "geometry": {"type": "Point", "coordinates": [2.328414, 48.853599]}, "properties": {"id_parcelle": "75107000AE0050", "address": "26 RUE DE GRENELLE", "sales": 2, "median_price": 251000.0, "median_price_per_sqm": 13944.444444444445, "median_rooms": 1.0, "first_sale": "2021-09-15", "last_sale": "2025-05-17"}}, {"type": "Feature", "geometry": {"type": "Point", "coordinates": [2.32808, 48.853751]}, "properties": {"id_parcelle": "75107000AE0053", "address": "33 RUE ST GUILLAUME", "sales": 2, "median_price": 198000.0, "median_price_per_sqm": null, "median_rooms": 0.0, "first_sale": "2024-07-22", "last_sale": "2024-07-22"}}, {"type": "Feature", "geometry": {"type": "Point", "coordinates": [2.307442, 48.859852]}, "properties": {"id_parcelle": "75107000CL0026", "address": "76 RUE ST DOMINIQUE", "sales": 2, "median_price": 102500.0, "median_price_per_sqm": null, "median_rooms": 0.0, "first_sale": "2022-11-24", "last_sale": "2024-04-03"}}, {"type": "Feature", "geometry": {"type": "Point", "coordinates": [2.307565, 48.859773]}, "properties": {"id_parcelle": "75107000CL0028", "address": "74 RUE ST DOMINIQUE", "sales": 2, "median_price": 1269006.0, "median_price_per_sqm": 22166.35, "median_rooms": 0.0, "first_sale": "2022-06-14", "last_sale": "2022-06-29"}}, {"type": "Feature", "geometry": {"type": "Point", "coordinates": [2.307612, 48.860522]}, "properties": {"id_parcelle": "75107000CL0034", "address": "9 RUE JEAN NICOT", "sales": 2, "median_price": 286220.0, "median_price_per_sqm": 13968.75, "median_rooms": 1.0, "first_sale": "2021-03-29", "last_sale": "2021-06-18"}}, {"type": "Feature", "geometry": {"type": "Point", "coordinates": [2.313928, 48.852508]}, "properties": {"id_parcelle": "75107000BL0054", "address": "13 AV DE VILLARS", "sales": 2, "median_price": 1615000.0, "median_price_per_sqm": 14681.818181818182, "median_rooms": 2.5, "first_sale": "2021-07-13", "last_sale": "2021-07-13"}}, {"type": "Feature", "geometry": {"type": "Point", "coordinates": [2.31413, 48.852333]}, "properties": {"id_parcelle": "75107000BL0057", "address": "28 BD DES INVALIDES", "sales": 2, "median_price": 1320000.0, "median_price_per_sqm": 13469.387755102041, "median_rooms": 1.0, "first_sale": "2024-09-09", "last_sale": "2024-09-09"}}, {"type": "Feature", "geometry": {"type": "Point", "coordinates": [2.306352, 48.85639]}, "properties": {"id_parcelle": "75107000BW0024", "address": "40 RUE CLER", "sales": 2, "median_price": 3815000.0, "median_price_per_sqm": 58112.30618038873, "median_rooms": 0.0, "first_sale": "2024-03-28", "last_sale": "2024-03-28"}}, {"type": "Feature", "geometry": {"type": "Point", "coordinates": [2.305935, 48.856094]}, "properties": {"id_parcelle": "75107000BW0032", "address": "16 RUE BOSQUET", "sales": 2, "median_price": 390000.0, "median_price_per_sqm": 10263.157894736842, "median_rooms": 1.0, "first_sale": "2024-12-19", "last_sale": "2024-12-19"}}, {"type": "Feature", "geometry": {"type": "Point", "coordinates": [2.3059, 48.856076]}, "properties": {"id_parcelle": "75107000BW0033", "address": "18 RUE BOSQUET", "sales": 2, "median_price": 341000.0, "median_price_per_sqm": 13640.0, "median_rooms": 1.0, "first_sale": "2022-08-30", "last_sale": "2022-08-30"}}, {"type": "Feature", "geometry": {"type": "Point", "coordinates": [2.305747, 48.856077]}, "properties": {"id_parcelle": "75107000BW0034", "address": "20 RUE BOSQUET", "sales": 2, "median_price": 259350.0, "median_price_per_sqm": 10806.25, "median_rooms": 1.0, "first_sale": "2024-12-13", "last_sale": "2024-12-13"}}, {"type": "Feature", "geometry": {"type": "Point", "coordinates": [2.305381, 48.85571]}, "properties": {"id_parcelle": "75107000BW0040", "address": "71 AV BOSQUET", "sales": 2, "median_price": 480875.0, "median_price_per_sqm": 11728.658536585366, "median_rooms": 1.0, "first_sale": "2022-06-10", "last_sale": "2022-06-10"}}, {"type": "Feature", "geometry": {"type": "Point", "coordinates": [2.305419, 48.855645]}, "properties": {"id_parcelle": "75107000BW0041", "address": "73 AV BOSQUET", "sales": 2, "median_price": 343850.0, "median_price_per_sqm": 13754.0, "median_rooms": 0.5, "first_sale": "2021-12-01", "last_sale": "2021-12-01"}}, {"type": "Feature", "geometry": {"type": "Point", "coordinates": [2.306424, 48.85592]}, "properties": {"id_parcelle": "75107000BW0056", "address": "3 RUE BOSQUET", "sales": 2, "median_price": 288000.0, "median_price_per_sqm": 9290.322580645161, "median_rooms": 1.0, "first_sale": "2021-09-18", "last_sale": "2021-09-18"}}, {"type": "Feature", "geometry": {"type": "Point", "coordinates": [2.311656, 48.852843]}, "properties": {"id_parcelle": "75107000BL0003", "address": "4 AV DE BRETEUIL", "sales": 2, "median_price": 1750000.0, "median_price_per_sqm": 15086.206896551725, "median_rooms": 2.5, "first_sale": "2022-04-08", "last_sale": "2022-04-08"}}, {"type": "Feature", "geometry": {"type": "Point", "coordinates": [2.311332, 48.852403]}, "properties": {"id_parcelle": "75107000BL0008", "address": "11 AV DE SEGUR", "sales": 2, "median_price": 1866000.0, "median_price_per_sqm": 17439.252336448597, "median_rooms": 2.0, "first_sale": "2025-10-20", "last_sale": "2025-10-20"}}, {"type": "Feature", "geometry": {"type": "Point", "coordinates": [2.310451, 48.850331]}, "properties": {"id_parcelle": "75107000BM0031", "address": "5 VLA DE SEGUR", "sales": 2, "median_price": 1020000.0, "median_price_per_sqm": 20400.0, "median_rooms": 1.0, "first_sale": "2022-05-13", "last_sale": "2022-05-13"}}, {"type": "Feature", "geometry": {"type": "Point", "coordinates": [2.304082, 48.854805]}, "properties": {"id_parcelle": "75107000BV0022", "address": "74 AV DE LA BOURDONNAIS", "sales": 2, "median_price": 820062.5, "median_price_per_sqm": 11718.75, "median_rooms": 0.0, "first_sale": "2022-07-28", "last_sale": "2025-12-23"}}, {"type": "Feature", "geometry": {"type": "Point", "coordinates": [2.303914, 48.854713]}, "properties": {"id_parcelle": "75107000BV0023", "address": "5 AV FREDERIC LE PLAY", "sales": 2, "median_price": 191000.0, "median_price_per_sqm": null, "median_rooms": 0.0, "first_sale": "2023-12-20", "last_sale": "2023-12-20"}}, {"type": "Feature", "geometry": {"type": "Point", "coordinates": [2.30356, 48.856431]}, "properties": {"id_parcelle": "75107000BW0003", "address": "195 RUE DE GRENELLE", "sales": 2, "median_price": 524000.0, "median_price_per_sqm": 14971.42857142857, "median_rooms": 1.0, "first_sale": "2022-05-03", "last_sale": "2022-05-03"}}, {"type": "Feature", "geometry": {"type": "Point", "coordinates": [2.304084, 48.856876]}, "properties": {"id_parcelle": "75107000BW0008", "address": "36 AV BOSQUET", "sales": 2, "median_price": 609350.0, "median_price_per_sqm": 12444.444444444445, "median_rooms": 1.5, "first_sale": "2024-05-07", "last_sale": "2025-07-15"}}, {"type": "Feature", "geometry": {"type": "Point", "coordinates": [2.310557, 48.851774]}, "properties": {"id_parcelle": "75107000BL0018", "address": "35 AV DUQUESNE", "sales": 2, "median_price": 457000.0, "median_price_per_sqm": 14741.935483870968, "median_rooms": 1.0, "first_sale": "2023-08-03", "last_sale": "2023-08-03"}}, {"type": "Feature", "geometry": {"type": "Point", "coordinates": [2.312954, 48.851828]}, "properties": {"id_parcelle": "75107000BL0025", "address": "6 RUE D ESTREES", "sales": 2, "median_price": 812600.0, "median_price_per_sqm": 15933.333333333334, "median_rooms": 2.0, "first_sale": "2023-06-16", "last_sale": "2023-06-16"}}, {"type": "Feature", "geometry": {"type": "Point", "coordinates": [2.313274, 48.851959]}, "properties": {"id_parcelle": "75107000BL0028", "address": "12 AV DE VILLARS", "sales": 2, "median_price": 955330.0, "median_price_per_sqm": 14158.690476190477, "median_rooms": 2.5, "first_sale": "2021-04-07", "last_sale": "2022-05-20"}}, {"type": "Feature", "geometry": {"type": "Point", "coordinates": [2.312875, 48.85276]}, "properties": {"id_parcelle": "75107000BL0037", "address": "1 AV DE BRETEUIL", "sales": 2, "median_price": 1250000.0, "median_price_per_sqm": 14705.882352941177, "median_rooms": 1.0, "first_sale": "2023-01-19", "last_sale": "2023-01-19"}}, {"type": "Feature", "geometry": {"type": "Point", "coordinates": [2.309746, 48.849477]}, "properties": {"id_parcelle": "75107000BN0042", "address": "6 VLA DE SAXE", "sales": 2, "median_price": 2239900.0, "median_price_per_sqm": 33505.68021022842, "median_rooms": 4.0, "first_sale": "2021-01-05", "last_sale": "2021-01-05"}}, {"type": "Feature", "geometry": {"type": "Point", "coordinates": [2.307678, 48.848942]}, "properties": {"id_parcelle": "75107000BO0007", "address": "59 AV DE SEGUR", "sales": 2, "median_price": 23000000.0, "median_price_per_sqm": 20702.070207020704, "median_rooms": 0.0, "first_sale": "2021-09-30", "last_sale": "2023-06-02"}}, {"type": "Feature", "geometry": {"type": "Point", "coordinates": [2.308221, 48.847781]}, "properties": {"id_parcelle": "75107000BO0033", "address": "11 RUE JOSE MARIA DE HEREDIA", "sales": 2, "median_price": 1442000.0, "median_price_per_sqm": 12539.130434782608, "median_rooms": 2.0, "first_sale": "2025-10-08", "last_sale": "2025-10-08"}}, {"type": "Feature", "geometry": {"type": "Point", "coordinates": [2.309875, 48.852272]}, "properties": {"id_parcelle": "75107000BR0034", "address": "33 AV DUQUESNE", "sales": 2, "median_price": 100000.0, "median_price_per_sqm": 7692.307692307692, "median_rooms": 0.5, "first_sale": "2024-12-30", "last_sale": "2024-12-30"}}, {"type": "Feature", "geometry": {"type": "Point", "coordinates": [2.308488, 48.853319]}, "properties": {"id_parcelle": "75107000BR0044", "address": "10 AV DE LOWENDAL", "sales": 2, "median_price": 90000.0, "median_price_per_sqm": null, "median_rooms": 0.0, "first_sale": "2021-11-05", "last_sale": "2022-11-18"}}, {"type": "Feature", "geometry": {"type": "Point", "coordinates": [2.300701, 48.851782]}, "properties": {"id_parcelle": "75107000BU0012", "address": "12 AV EMILE ACOLLAS", "sales": 2, "median_price": 570000.0, "median_price_per_sqm": 18387.09677419355, "median_rooms": 1.0, "first_sale": "2024-06-28", "last_sale": "2024-06-28"}}, {"type": "Feature", "geometry": {"type": "Point", "coordinates": [2.310335, 48.851127]}, "properties": {"id_parcelle": "75107000BM0012", "address": "24 AV DUQUESNE", "sales": 2, "median_price": 1081538.5, "median_price_per_sqm": 14322.216783216783, "median_rooms": 3.0, "first_sale": "2021-10-13", "last_sale": "2023-04-14"}}, {"type": "Feature", "geometry": {"type": "Point", "coordinates": [2.309849, 48.850889]}, "properties": {"id_parcelle": "75107000BM0018", "address": "33 AV DE SEGUR", "sales": 2, "median_price": 431600.0, "median_price_per_sqm": 14882.758620689656, "median_rooms": 1.0, "first_sale": "2022-03-09", "last_sale": "2022-03-09"}}, {"type": "Feature", "geometry": {"type": "Point", "coordinates": [2.310455, 48.851055]}, "properties": {"id_parcelle": "75107000BM0024", "address": "26 AV DUQUESNE", "sales": 2, "median_price": 300000.0, "median_price_per_sqm": 12500.0, "median_rooms": 1.0, "first_sale": "2023-08-02", "last_sale": "2023-08-02"}}, {"type": "Feature", "geometry": {"type": "Point", "coordinates": [2.311284, 48.850604]}, "properties": {"id_parcelle": "75107000BM0027", "address": "36 AV DUQUESNE", "sales": 2, "median_price": 1723000.0, "median_price_per_sqm": 12762.962962962964, "median_rooms": 2.5, "first_sale": "2025-07-15", "last_sale": "2025-07-15"}}, {"type": "Feature", "geometry": {"type": "Point", "coordinates": [2.307861, 48.860691]}, "properties": {"id_parcelle": "75107000CL0038", "address": "133 RUE DE L UNIVERSITE", "sales": 2, "median_price": 475600.0, "median_price_per_sqm": 555.0176918889495, "median_rooms": 0.0, "first_sale": "2023-04-12", "last_sale": "2023-04-12"}}, {"type": "Feature", "geometry": {"type": "Point", "coordinates": [2.308285, 48.859974]}, "properties": {"id_parcelle": "75107000CL0041", "address": "68 RUE ST DOMINIQUE", "sales": 2, "median_price": 241500.0, "median_price_per_sqm": 11612.12814645309, "median_rooms": 1.5, "first_sale": "2021-04-23", "last_sale": "2021-10-07"}}, {"type": "Feature", "geometry": {"type": "Point", "coordinates": [2.309183, 48.860992]}, "properties": {"id_parcelle": "75107000CL0048", "address": "121 RUE DE L UNIVERSITE", "sales": 2, "median_price": 205000.0, "median_price_per_sqm": 12058.823529411764, "median_rooms": 0.5, "first_sale": "2023-07-04", "last_sale": "2023-07-04"}}, {"type": "Feature", "geometry": {"type": "Point", "coordinates": [2.309716, 48.860562]}, "properties": {"id_parcelle": "75107000CL0065", "address": "23 RUE SURCOUF", "sales": 2, "median_price": 685000.0, "median_price_per_sqm": 13700.0, "median_rooms": 1.0, "first_sale": "2025-06-30", "last_sale": "2025-06-30"}}, {"type": "Feature", "geometry": {"type": "Point", "coordinates": [2.30988, 48.860364]}, "properties": {"id_parcelle": "75107000CL0070", "address": "24 BD DE LA TOUR MAUBOURG", "sales": 2, "median_price": 419586.0, "median_price_per_sqm": 13112.0625, "median_rooms": 1.0, "first_sale": "2025-07-23", "last_sale": "2025-07-23"}}, {"type": "Feature", "geometry": {"type": "Point", "coordinates": [2.32977, 48.855997]}, "properties": {"id_parcelle": "75107000AD0047", "address": "12 RUE DU PRE AUX CLERCS", "sales": 2, "median_price": 1496000.0, "median_price_per_sqm": 17600.0, "median_rooms": 2.0, "first_sale": "2022-09-09", "last_sale": "2022-09-09"}}, {"type": "Feature", "geometry": {"type": "Point", "coordinates": [2.330239, 48.856083]}, "properties": {"id_parcelle": "75107000AD0060", "address": "11 RUE DU PRE AUX CLERCS", "sales": 2, "median_price": 237600.0, "median_price_per_sqm": 11314.285714285714, "median_rooms": 0.5, "first_sale": "2022-06-02", "last_sale": "2022-06-02"}}, {"type": "Feature", "geometry": {"type": "Point", "coordinates": [2.330439, 48.85537]}, "properties": {"id_parcelle": "75107000AD0068", "address": "6 RUE PERRONET", "sales": 2, "median_price": 560000.0, "median_price_per_sqm": 10965.909090909092, "median_rooms": 0.5, "first_sale": "2022-07-26", "last_sale": "2022-11-29"}}, {"type": "Feature", "geometry": {"type": "Point", "coordinates": [2.331478, 48.85656]}, "properties": {"id_parcelle": "75107000AC0049", "address": "4 RUE DE L UNIVERSITE", "sales": 2, "median_price": 1521000.0, "median_price_per_sqm": 15210.0, "median_rooms": 2.0, "first_sale": "2021-10-08", "last_sale": "2021-10-08"}}, {"type": "Feature", "geometry": {"type": "Point", "coordinates": [2.331372, 48.856639]}, "properties": {"id_parcelle": "75107000AC0050", "address": "6 RUE DE L UNIVERSITE", "sales": 2, "median_price": 1162000.0, "median_price_per_sqm": 12859.011983370017, "median_rooms": 0.0, "first_sale": "2023-05-16", "last_sale": "2023-05-16"}}, {"type": "Feature", "geometry": {"type": "Point", "coordinates": [2.330931, 48.856884]}, "properties": {"id_parcelle": "75107000AC0055", "address": "12 RUE DE L UNIVERSITE", "sales": 2, "median_price": 757100.0, "median_price_per_sqm": 13614.82142857143, "median_rooms": 1.5, "first_sale": "2021-02-04", "last_sale": "2022-12-14"}}, {"type": "Feature", "geometry": {"type": "Point", "coordinates": [2.330508, 48.85707]}, "properties": {"id_parcelle": "75107000AC0062", "address": "18 RUE DE L UNIVERSITE", "sales": 2, "median_price": 6350000.0, "median_price_per_sqm": 27608.695652173912, "median_rooms": 3.5, "first_sale": "2025-06-13", "last_sale": "2025-06-13"}}, {"type": "Feature", "geometry": {"type": "Point", "coordinates": [2.32972, 48.85834]}, "properties": {"id_parcelle": "75107000AC0012", "address": "13 RUE DE BEAUNE", "sales": 2, "median_price": 353650.0, "median_price_per_sqm": 11051.5625, "median_rooms": 1.5, "first_sale": "2022-09-16", "last_sale": "2023-06-13"}}]}