{"type": "FeatureCollection", "features": [{"type": "Feature", "geometry": {"type": "Point", "coordinates": [3.21882, 48.460389]}, "properties": {"year": 2021, "valeur_fonciere": 150000.0, "type_local": "Maison", "surface_reelle_bati": 85.0, "nombre_pieces_principales": 4.0, "adresse_nom_voie": "RUE MARCEL VIALLET", "price_per_sqm": 1764.7058823529412, "date_iso": "2021-09-20", "parcelle": "77347000AB0078", "addr_num": "4"}}, {"type": "Feature", "geometry": {"type": "Point", "coordinates": [3.229741, 48.469261]}, "properties": {"year": 2021, "valeur_fonciere": 125000.0, "type_local": "Dépendance", "surface_reelle_bati": null, "nombre_pieces_principales": 0.0, "adresse_nom_voie": "RUE DU HAUT DE MOULIN D OCLE", "price_per_sqm": null, "date_iso": "2021-10-04", "parcelle": "773470000C0095", "addr_num": "1"}}, {"type": "Feature", "geometry": {"type": "Point", "coordinates": [3.229741, 48.469261]}, "properties": {"year": 2021, "valeur_fonciere": 125000.0, "type_local": "Maison", "surface_reelle_bati": 103.0, "nombre_pieces_principales": 3.0, "adresse_nom_voie": "RUE DU HAUT DE MOULIN D OCLE", "price_per_sqm": 1213.5922330097087, "date_iso": "2021-10-04", "parcelle": "773470000C0095", "addr_num": "1"}}, {"type": "Feature", "geometry": {"type": "Point", "coordinates": [3.229156, 48.466961]}, "properties": {"year": 2021, "valeur_fonciere": 177650.0, "type_local": "Maison", "surface_reelle_bati": 148.0, "nombre_pieces_principales": 5.0, "adresse_nom_voie": "RUE DU MOULIN D OCLE", "price_per_sqm": 1200.337837837838, "date_iso": "2021-10-08", "parcelle": "773470000C1047", "addr_num": "15"}}, {"type": "Feature", "geometry": {"type": "Point", "coordinates": [3.229156, 48.466961]}, "properties": {"year": 2021, "valeur_fonciere": 177650.0, "type_local": "Dépendance", "surface_reelle_bati": null, "nombre_pieces_principales": 0.0, "adresse_nom_voie": "RUE DU MOULIN D OCLE", "price_per_sqm": null, "date_iso": "2021-10-08", "parcelle": "773470000C1047", "addr_num": "15"}}, {"type": "Feature", "geometry": {"type": "Point", "coordinates": [3.229327, 48.466922]}, "properties": {"year": 2021, "valeur_fonciere": 177650.0, "type_local": null, "surface_reelle_bati": null, "nombre_pieces_principales": null, "adresse_nom_voie": "RUE DU MOULIN D OCLE", "price_per_sqm": null, "date_iso": "2021-10-08", "parcelle": "773470000C1048", "addr_num": "15"}}, {"type": "Feature", "geometry": {"type": "Point", "coordinates": [3.211977, 48.458916]}, "properties": {"year": 2021, "valeur_fonciere": 1500.0, "type_local": null, "surface_reelle_bati": null, "nombre_pieces_principales": null, "adresse_nom_voie": "COUTURE", "price_per_sqm": null, "date_iso": "2021-10-08", "parcelle": "77347000AB0170", "addr_num": ""}}, {"type": "Feature", "geometry": {"type": "Point", "coordinates": [3.21182, 48.458889]}, "properties": {"year": 2021, "valeur_fonciere": 1500.0, "type_local": null, "surface_reelle_bati": null, "nombre_pieces_principales": null, "adresse_nom_voie": "COUTURE", "price_per_sqm": null, "date_iso": "2021-10-08", "parcelle": "77347000AB0171", "addr_num": ""}}, {"type": "Feature", "geometry": {"type": "Point", "coordinates": [3.22331, 48.462282]}, "properties": {"year": 2021, "valeur_fonciere": 214000.0, "type_local": "Maison", "surface_reelle_bati": 64.0, "nombre_pieces_principales": 3.0, "adresse_nom_voie": "RUE DES VIEILLES VIGNES", "price_per_sqm": 3343.75, "date_iso": "2021-10-13", "parcelle": "77347000ZD0101", "addr_num": "8"}}, {"type": "Feature", "geometry": {"type": "Point", "coordinates": [3.232625, 48.465329]}, "properties": {"year": 2021, "valeur_fonciere": 10000.0, "type_local": "Dépendance", "surface_reelle_bati": null, "nombre_pieces_principales": 0.0, "adresse_nom_voie": "RUE DE L ABREUVOIR", "price_per_sqm": null, "date_iso": "2021-12-04", "parcelle": "773470000C0185", "addr_num": "9"}}, {"type": "Feature", "geometry": {"type": "Point", "coordinates": [3.232931, 48.465381]}, "properties": {"year": 2021, "valeur_fonciere": 10000.0, "type_local": null, "surface_reelle_bati": null, "nombre_pieces_principales": null, "adresse_nom_voie": "HAMEAU DU MOULIN D OCLE", "price_per_sqm": null, "date_iso": "2021-12-04", "parcelle": "773470000C0186", "addr_num": ""}}, {"type": "Feature", "geometry": {"type": "Point", "coordinates": [3.232931, 48.465381]}, "properties": {"year": 2021, "valeur_fonciere": 10000.0, "type_local": null, "surface_reelle_bati": null, "nombre_pieces_principales": null, "adresse_nom_voie": "HAMEAU DU MOULIN D OCLE", "price_per_sqm": null, "date_iso": "2021-12-04", "parcelle": "773470000C0186", "addr_num": ""}}, {"type": "Feature", "geometry": {"type": "Point", "coordinates": [3.222446, 48.461493]}, "properties": {"year": 2021, "valeur_fonciere": 38150.0, "type_local": null, "surface_reelle_bati": null, "nombre_pieces_principales": null, "adresse_nom_voie": "LES VIEILLES VIGNES", "price_per_sqm": null, "date_iso": "2021-12-11", "parcelle": "77347000ZD0182", "addr_num": ""}}, {"type": "Feature", "geometry": {"type": "Point", "coordinates": [3.222175, 48.461468]}, "properties": {"year": 2021, "valeur_fonciere": 38150.0, "type_local": null, "surface_reelle_bati": null, "nombre_pieces_principales": null, "adresse_nom_voie": "LES VIEILLES VIGNES", "price_per_sqm": null, "date_iso": "2021-12-11", "parcelle": "77347000ZD0181", "addr_num": ""}}, {"type": "Feature", "geometry": {"type": "Point", "coordinates": [3.228698, 48.465769]}, "properties": {"year": 2021, "valeur_fonciere": 65000.0, "type_local": null, "surface_reelle_bati": null, "nombre_pieces_principales": null, "adresse_nom_voie": "LA PIECE DU BOURG", "price_per_sqm": null, "date_iso": "2021-12-02", "parcelle": "773470000C1089", "addr_num": ""}}, {"type": "Feature", "geometry": {"type": "Point", "coordinates": [3.230415, 48.469541]}, "properties": {"year": 2021, "valeur_fonciere": 50000.0, "type_local": null, "surface_reelle_bati": null, "nombre_pieces_principales": null, "adresse_nom_voie": "HAMEAU DU MOULIN D OCLE", "price_per_sqm": null, "date_iso": "2021-12-08", "parcelle": "773470000C1154", "addr_num": ""}}, {"type": "Feature", "geometry": {"type": "Point", "coordinates": [3.230338, 48.469583]}, "properties": {"year": 2021, "valeur_fonciere": 50000.0, "type_local": null, "surface_reelle_bati": null, "nombre_pieces_principales": null, "adresse_nom_voie": "HAMEAU DU MOULIN D OCLE", "price_per_sqm": null, "date_iso": "2021-12-08", "parcelle": "773470000C1158", "addr_num": ""}}, {"type": "Feature", "geometry": {"type": "Point", "coordinates": [3.230676, 48.469639]}, "properties": {"year": 2021, "valeur_fonciere": 50000.0, "type_local": null, "surface_reelle_bati": null, "nombre_pieces_principales": null, "adresse_nom_voie": "HAMEAU DU MOULIN D OCLE", "price_per_sqm": null, "date_iso": "2021-12-08", "parcelle": "773470000C1161", "addr_num": ""}}, {"type": "Feature", "geometry": {"type": "Point", "coordinates": [3.230704, 48.469684]}, "properties": {"year": 2021, "valeur_fonciere": 50000.0, "type_local": null, "surface_reelle_bati": null, "nombre_pieces_principales": null, "adresse_nom_voie": "HAMEAU DU MOULIN D OCLE", "price_per_sqm": null, "date_iso": "2021-12-08", "parcelle": "773470000C1165", "addr_num": ""}}, {"type": "Feature", "geometry": {"type": "Point", "coordinates": [3.232992, 48.465089]}, "properties": {"year": 2021, "valeur_fonciere": 65000.0, "type_local": "Maison", "surface_reelle_bati": 44.0, "nombre_pieces_principales": 2.0, "adresse_nom_voie": "RUE DE L ABREUVOIR", "price_per_sqm": 1477.2727272727273, "date_iso": "2021-03-12", "parcelle": "773470000C0189", "addr_num": "26"}}, {"type": "Feature", "geometry": {"type": "Point", "coordinates": [3.232894, 48.464985]}, "properties": {"year": 2021, "valeur_fonciere": 65000.0, "type_local": null, "surface_reelle_bati": null, "nombre_pieces_principales": null, "adresse_nom_voie": "HAMEAU DU MOULIN D OCLE", "price_per_sqm": null, "date_iso": "2021-03-12", "parcelle": "773470000C0190", "addr_num": ""}}, {"type": "Feature", "geometry": {"type": "Point", "coordinates": [3.200958, 48.468473]}, "properties": {"year": 2021, "valeur_fonciere": 86822.74, "type_local": null, "surface_reelle_bati": null, "nombre_pieces_principales": null, "adresse_nom_voie": "LE VERT", "price_per_sqm": null, "date_iso": "2021-03-09", "parcelle": "77347000ZA0001", "addr_num": ""}}, {"type": "Feature", "geometry": {"type": "Point", "coordinates": [3.220989, 48.476815]}, "properties": {"year": 2021, "valeur_fonciere": 86822.74, "type_local": null, "surface_reelle_bati": null, "nombre_pieces_principales": null, "adresse_nom_voie": "LES VAUX", "price_per_sqm": null, "date_iso": "2021-03-09", "parcelle": "77347000ZC0063", "addr_num": ""}}, {"type": "Feature", "geometry": {"type": "Point", "coordinates": [3.226673, 48.455787]}, "properties": {"year": 2021, "valeur_fonciere": 86822.74, "type_local": null, "surface_reelle_bati": null, "nombre_pieces_principales": null, "adresse_nom_voie": "LES SAUVAGEONS", "price_per_sqm": null, "date_iso": "2021-03-09", "parcelle": "77347000ZE0014", "addr_num": ""}}, {"type": "Feature", "geometry": {"type": "Point", "coordinates": [3.230385, 48.471258]}, "properties": {"year": 2021, "valeur_fonciere": 130000.0, "type_local": "Maison", "surface_reelle_bati": 60.0, "nombre_pieces_principales": 3.0, "adresse_nom_voie": "RUE DU HAUT DE MOULIN D OCLE", "price_per_sqm": 2166.6666666666665, "date_iso": "2021-04-29", "parcelle": "773470000B0076", "addr_num": "26"}}, {"type": "Feature", "geometry": {"type": "Point", "coordinates": [3.230921, 48.471404]}, "properties": {"year": 2021, "valeur_fonciere": 130000.0, "type_local": null, "surface_reelle_bati": null, "nombre_pieces_principales": null, "adresse_nom_voie": "BAS DE CHATIVOT", "price_per_sqm": null, "date_iso": "2021-04-29", "parcelle": "773470000B0077", "addr_num": ""}}, {"type": "Feature", "geometry": {"type": "Point", "coordinates": [3.231031, 48.471297]}, "properties": {"year": 2021, "valeur_fonciere": 130000.0, "type_local": null, "surface_reelle_bati": null, "nombre_pieces_principales": null, "adresse_nom_voie": "BAS DE CHATIVOT", "price_per_sqm": null, "date_iso": "2021-04-29", "parcelle": "773470000B0078", "addr_num": ""}}, {"type": "Feature", "geometry": {"type": "Point", "coordinates": [3.226329, 48.462754]}, "properties": {"year": 2021, "valeur_fonciere": 192600.0, "type_local": "Maison", "surface_reelle_bati": 88.0, "nombre_pieces_principales": 5.0, "adresse_nom_voie": "RES DES ORMES", "price_per_sqm": 2188.6363636363635, "date_iso": "2021-05-14", "parcelle": "77347000AC0189", "addr_num": "34"}}, {"type": "Feature", "geometry": {"type": "Point", "coordinates": [3.220338, 48.461278]}, "properties": {"year": 2021, "valeur_fonciere": 180000.0, "type_local": "Maison", "surface_reelle_bati": 71.0, "nombre_pieces_principales": 4.0, "adresse_nom_voie": "GR GRANDE RUE DE COUTURE", "price_per_sqm": 2535.211267605634, "date_iso": "2021-06-07", "parcelle": "77347000ZD0156", "addr_num": "20"}}, {"type": "Feature", "geometry": {"type": "Point", "coordinates": [3.220338, 48.461278]}, "properties": {"year": 2021, "valeur_fonciere": 180000.0, "type_local": "Maison", "surface_reelle_bati": 71.0, "nombre_pieces_principales": 4.0, "adresse_nom_voie": "GR GRANDE RUE DE COUTURE", "price_per_sqm": 2535.211267605634, "date_iso": "2021-06-07", "parcelle": "77347000ZD0156", "addr_num": "20"}}, {"type": "Feature", "geometry": {"type": "Point", "coordinates": [3.218212, 48.447051]}, "properties": {"year": 2021, "valeur_fonciere": 59543.5, "type_local": null, "surface_reelle_bati": null, "nombre_pieces_principales": null, "adresse_nom_voie": "LES PETITES EPAVES", "price_per_sqm": null, "date_iso": "2021-06-28", "parcelle": "773470000D0753", "addr_num": ""}}, {"type": "Feature", "geometry": {"type": "Point", "coordinates": [3.217453, 48.447357]}, "properties": {"year": 2021, "valeur_fonciere": 59543.5, "type_local": null, "surface_reelle_bati": null, "nombre_pieces_principales": null, "adresse_nom_voie": "LES PETITES EPAVES", "price_per_sqm": null, "date_iso": "2021-06-28", "parcelle": "773470000D0754", "addr_num": ""}}, {"type": "Feature", "geometry": {"type": "Point", "coordinates": [3.21868, 48.448091]}, "properties": {"year": 2021, "valeur_fonciere": 59543.5, "type_local": null, "surface_reelle_bati": null, "nombre_pieces_principales": null, "adresse_nom_voie": "LES PETITES EPAVES", "price_per_sqm": null, "date_iso": "2021-06-28", "parcelle": "773470000D0756", "addr_num": ""}}, {"type": "Feature", "geometry": {"type": "Point", "coordinates": [3.216801, 48.447028]}, "properties": {"year": 2021, "valeur_fonciere": 59543.5, "type_local": null, "surface_reelle_bati": null, "nombre_pieces_principales": null, "adresse_nom_voie": "LES PATURES", "price_per_sqm": null, "date_iso": "2021-06-28", "parcelle": "773470000D0808", "addr_num": ""}}, {"type": "Feature", "geometry": {"type": "Point", "coordinates": [3.213603, 48.464825]}, "properties": {"year": 2021, "valeur_fonciere": 59543.5, "type_local": null, "surface_reelle_bati": null, "nombre_pieces_principales": null, "adresse_nom_voie": "LES CHAMPS DE COUTURE", "price_per_sqm": null, "date_iso": "2021-06-28", "parcelle": "77347000ZA0037", "addr_num": ""}}, {"type": "Feature", "geometry": {"type": "Point", "coordinates": [3.214784, 48.475944]}, "properties": {"year": 2021, "valeur_fonciere": 59543.5, "type_local": null, "surface_reelle_bati": null, "nombre_pieces_principales": null, "adresse_nom_voie": "LA PLANTE", "price_per_sqm": null, "date_iso": "2021-06-28", "parcelle": "77347000ZB0033", "addr_num": ""}}, {"type": "Feature", "geometry": {"type": "Point", "coordinates": [3.226035, 48.474264]}, "properties": {"year": 2021, "valeur_fonciere": 59543.5, "type_local": null, "surface_reelle_bati": null, "nombre_pieces_principales": null, "adresse_nom_voie": "POCOTTE", "price_per_sqm": null, "date_iso": "2021-06-28", "parcelle": "77347000ZC0010", "addr_num": ""}}, {"type": "Feature", "geometry": {"type": "Point", "coordinates": [3.220474, 48.482648]}, "properties": {"year": 2021, "valeur_fonciere": 59543.5, "type_local": null, "surface_reelle_bati": null, "nombre_pieces_principales": null, "adresse_nom_voie": "LES VAUX", "price_per_sqm": null, "date_iso": "2021-06-28", "parcelle": "77347000ZC0074", "addr_num": ""}}, {"type": "Feature", "geometry": {"type": "Point", "coordinates": [3.230037, 48.473435]}, "properties": {"year": 2021, "valeur_fonciere": 59543.5, "type_local": null, "surface_reelle_bati": null, "nombre_pieces_principales": null, "adresse_nom_voie": "LE HAUT DE CHATIVOT", "price_per_sqm": null, "date_iso": "2021-06-28", "parcelle": "77347000ZC0088", "addr_num": ""}}, {"type": "Feature", "geometry": {"type": "Point", "coordinates": [3.230037, 48.473435]}, "properties": {"year": 2021, "valeur_fonciere": 59543.5, "type_local": null, "surface_reelle_bati": null, "nombre_pieces_principales": null, "adresse_nom_voie": "LE HAUT DE CHATIVOT", "price_per_sqm": null, "date_iso": "2021-06-28", "parcelle": "77347000ZC0088", "addr_num": ""}}, {"type": "Feature", "geometry": {"type": "Point", "coordinates": [3.205773, 48.460902]}, "properties": {"year": 2021, "valeur_fonciere": 59543.5, "type_local": null, "surface_reelle_bati": null, "nombre_pieces_principales": null, "adresse_nom_voie": "LES MURIERS", "price_per_sqm": null, "date_iso": "2021-06-28", "parcelle": "77347000ZD0006", "addr_num": ""}}, {"type": "Feature", "geometry": {"type": "Point", "coordinates": [3.205787, 48.461386]}, "properties": {"year": 2021, "valeur_fonciere": 59543.5, "type_local": null, "surface_reelle_bati": null, "nombre_pieces_principales": null, "adresse_nom_voie": "LES MURIERS", "price_per_sqm": null, "date_iso": "2021-06-28", "parcelle": "77347000ZD0007", "addr_num": ""}}, {"type": "Feature", "geometry": {"type": "Point", "coordinates": [3.208717, 48.460602]}, "properties": {"year": 2021, "valeur_fonciere": 59543.5, "type_local": null, "surface_reelle_bati": null, "nombre_pieces_principales": null, "adresse_nom_voie": "LE CLAPIER", "price_per_sqm": null, "date_iso": "2021-06-28", "parcelle": "77347000ZD0010", "addr_num": ""}}, {"type": "Feature", "geometry": {"type": "Point", "coordinates": [3.209155, 48.460889]}, "properties": {"year": 2021, "valeur_fonciere": 59543.5, "type_local": null, "surface_reelle_bati": null, "nombre_pieces_principales": null, "adresse_nom_voie": "LE CLAPIER", "price_per_sqm": null, "date_iso": "2021-06-28", "parcelle": "77347000ZD0015", "addr_num": ""}}, {"type": "Feature", "geometry": {"type": "Point", "coordinates": [3.20887, 48.461673]}, "properties": {"year": 2021, "valeur_fonciere": 59543.5, "type_local": null, "surface_reelle_bati": null, "nombre_pieces_principales": null, "adresse_nom_voie": "LE CLAPIER", "price_per_sqm": null, "date_iso": "2021-06-28", "parcelle": "77347000ZD0020", "addr_num": ""}}, {"type": "Feature", "geometry": {"type": "Point", "coordinates": [3.208548, 48.462256]}, "properties": {"year": 2021, "valeur_fonciere": 59543.5, "type_local": null, "surface_reelle_bati": null, "nombre_pieces_principales": null, "adresse_nom_voie": "LE CLAPIER", "price_per_sqm": null, "date_iso": "2021-06-28", "parcelle": "77347000ZD0021", "addr_num": ""}}, {"type": "Feature", "geometry": {"type": "Point", "coordinates": [3.233342, 48.463779]}, "properties": {"year": 2021, "valeur_fonciere": 146000.0, "type_local": "Maison", "surface_reelle_bati": 50.0, "nombre_pieces_principales": 4.0, "adresse_nom_voie": "RUE DE L ABREUVOIR", "price_per_sqm": 2920.0, "date_iso": "2021-07-28", "parcelle": "773470000C0211", "addr_num": "6"}}, {"type": "Feature", "geometry": {"type": "Point", "coordinates": [3.233282, 48.463873]}, "properties": {"year": 2021, "valeur_fonciere": 146000.0, "type_local": null, "surface_reelle_bati": null, "nombre_pieces_principales": null, "adresse_nom_voie": "HAMEAU DU MOULIN D OCLE", "price_per_sqm": null, "date_iso": "2021-07-28", "parcelle": "773470000C0934", "addr_num": ""}}, {"type": "Feature", "geometry": {"type": "Point", "coordinates": [3.233657, 48.463949]}, "properties": {"year": 2021, "valeur_fonciere": 146000.0, "type_local": null, "surface_reelle_bati": null, "nombre_pieces_principales": null, "adresse_nom_voie": "HAMEAU DU MOULIN D OCLE", "price_per_sqm": null, "date_iso": "2021-07-28", "parcelle": "773470000C0935", "addr_num": ""}}, {"type": "Feature", "geometry": {"type": "Point", "coordinates": [3.22629, 48.462965]}, "properties": {"year": 2021, "valeur_fonciere": 218750.0, "type_local": "Maison", "surface_reelle_bati": 99.0, "nombre_pieces_principales": 5.0, "adresse_nom_voie": "RES DES ORMES", "price_per_sqm": 2209.59595959596, "date_iso": "2021-07-26", "parcelle": "77347000AC0188", "addr_num": "33"}}, {"type": "Feature", "geometry": {"type": "Point", "coordinates": [3.21289, 48.459674]}, "properties": {"year": 2021, "valeur_fonciere": 133000.0, "type_local": "Dépendance", "surface_reelle_bati": null, "nombre_pieces_principales": 0.0, "adresse_nom_voie": "GR GRANDE RUE DE COUTURE", "price_per_sqm": null, "date_iso": "2021-07-31", "parcelle": "77347000AB0152", "addr_num": "81"}}, {"type": "Feature", "geometry": {"type": "Point", "coordinates": [3.21289, 48.459674]}, "properties": {"year": 2021, "valeur_fonciere": 133000.0, "type_local": "Maison", "surface_reelle_bati": 79.0, "nombre_pieces_principales": 4.0, "adresse_nom_voie": "GR GRANDE RUE DE COUTURE", "price_per_sqm": 1683.5443037974683, "date_iso": "2021-07-31", "parcelle": "77347000AB0152", "addr_num": "81"}}, {"type": "Feature", "geometry": {"type": "Point", "coordinates": [3.211074, 48.45764]}, "properties": {"year": 2021, "valeur_fonciere": 5000.0, "type_local": null, "surface_reelle_bati": null, "nombre_pieces_principales": null, "adresse_nom_voie": "LE BOIS DE LA NOUE AUX VAC", "price_per_sqm": null, "date_iso": "2021-08-31", "parcelle": "773470000D0001", "addr_num": ""}}, {"type": "Feature", "geometry": {"type": "Point", "coordinates": [3.211169, 48.457509]}, "properties": {"year": 2021, "valeur_fonciere": 409000.0, "type_local": null, "surface_reelle_bati": null, "nombre_pieces_principales": null, "adresse_nom_voie": "LE BOIS DE LA MOTTE", "price_per_sqm": null, "date_iso": "2021-08-31", "parcelle": "773470000D1037", "addr_num": ""}}, {"type": "Feature", "geometry": {"type": "Point", "coordinates": [3.211078, 48.457279]}, "properties": {"year": 2021, "valeur_fonciere": 409000.0, "type_local": null, "surface_reelle_bati": null, "nombre_pieces_principales": null, "adresse_nom_voie": "LE BOIS DE LA MOTTE", "price_per_sqm": null, "date_iso": "2021-08-31", "parcelle": "773470000D1097", "addr_num": ""}}, {"type": "Feature", "geometry": {"type": "Point", "coordinates": [3.211277, 48.457355]}, "properties": {"year": 2021, "valeur_fonciere": 409000.0, "type_local": "Maison", "surface_reelle_bati": 150.0, "nombre_pieces_principales": 4.0, "adresse_nom_voie": "GR GRANDE RUE DE COUTURE", "price_per_sqm": 2726.6666666666665, "date_iso": "2021-08-31", "parcelle": "773470000D1100", "addr_num": "80"}}, {"type": "Feature", "geometry": {"type": "Point", "coordinates": [3.211277, 48.457355]}, "properties": {"year": 2021, "valeur_fonciere": 409000.0, "type_local": "Dépendance", "surface_reelle_bati": null, "nombre_pieces_principales": 0.0, "adresse_nom_voie": "GR GRANDE RUE DE COUTURE", "price_per_sqm": null, "date_iso": "2021-08-31", "parcelle": "773470000D1100", "addr_num": "80"}}, {"type": "Feature", "geometry": {"type": "Point", "coordinates": [3.217191, 48.460218]}, "properties": {"year": 2022, "valeur_fonciere": 286000.0, "type_local": "Dépendance", "surface_reelle_bati": null, "nombre_pieces_principales": 0.0, "adresse_nom_voie": "GR GRANDE RUE DE COUTURE", "price_per_sqm": null, "date_iso": "2022-01-07", "parcelle": "77347000AB0288", "addr_num": "57"}}, {"type": "Feature", "geometry": {"type": "Point", "coordinates": [3.217191, 48.460218]}, "properties": {"year": 2022, "valeur_fonciere": 286000.0, "type_local": "Dépendance", "surface_reelle_bati": null, "nombre_pieces_principales": 0.0, "adresse_nom_voie": "GR GRANDE RUE DE COUTURE", "price_per_sqm": null, "date_iso": "2022-01-07", "parcelle": "77347000AB0288", "addr_num": "57"}}, {"type": "Feature", "geometry": {"type": "Point", "coordinates": [3.217191, 48.460218]}, "properties": {"year": 2022, "valeur_fonciere": 286000.0, "type_local": "Appartement", "surface_reelle_bati": 105.0, "nombre_pieces_principales": 5.0, "adresse_nom_voie": "GR GRANDE RUE DE COUTURE", "price_per_sqm": 2723.809523809524, "date_iso": "2022-01-07", "parcelle": "77347000AB0288", "addr_num": "57"}}, {"type": "Feature", "geometry": {"type": "Point", "coordinates": [3.217191, 48.460218]}, "properties": {"year": 2022, "valeur_fonciere": 286000.0, "type_local": "Dépendance", "surface_reelle_bati": null, "nombre_pieces_principales": 0.0, "adresse_nom_voie": "GR GRANDE RUE DE COUTURE", "price_per_sqm": null, "date_iso": "2022-01-07", "parcelle": "77347000AB0288", "addr_num": "57"}}, {"type": "Feature", "geometry": {"type": "Point", "coordinates": [3.217191, 48.460218]}, "properties": {"year": 2022, "valeur_fonciere": 286000.0, "type_local": "Dépendance", "surface_reelle_bati": null, "nombre_pieces_principales": 0.0, "adresse_nom_voie": "GR GRANDE RUE DE COUTURE", "price_per_sqm": null, "date_iso": "2022-01-07", "parcelle": "77347000AB0288", "addr_num": "57"}}, {"type": "Feature", "geometry": {"type": "Point", "coordinates": [3.217191, 48.460218]}, "properties": {"year": 2022, "valeur_fonciere": 286000.0, "type_local": "Dépendance", "surface_reelle_bati": null, "nombre_pieces_principales": 0.0, "adresse_nom_voie": "GR GRANDE RUE DE COUTURE", "price_per_sqm": null, "date_iso": "2022-01-07", "parcelle": "77347000AB0288", "addr_num": "57"}}, {"type": "Feature", "geometry": {"type": "Point", "coordinates": [3.217191, 48.460218]}, "properties": {"year": 2022, "valeur_fonciere": 286000.0, "type_local": "Appartement", "surface_reelle_bati": 30.0, "nombre_pieces_principales": 1.0, "adresse_nom_voie": "GR GRANDE RUE DE COUTURE", "price_per_sqm": 9533.333333333334, "date_iso": "2022-01-07", "parcelle": "77347000AB0288", "addr_num": "57"}}, {"type": "Feature", "geometry": {"type": "Point", "coordinates": [3.217347, 48.460075]}, "properties": {"year": 2022, "valeur_fonciere": 286000.0, "type_local": null, "surface_reelle_bati": null, "nombre_pieces_principales": null, "adresse_nom_voie": "COUTURE", "price_per_sqm": null, "date_iso": "2022-01-07", "parcelle": "77347000AB0289", "addr_num": ""}}, {"type": "Feature", "geometry": {"type": "Point", "coordinates": [3.211648, 48.459582]}, "properties": {"year": 2022, "valeur_fonciere": 320000.0, "type_local": "Maison", "surface_reelle_bati": 163.0, "nombre_pieces_principales": 4.0, "adresse_nom_voie": "GR GRANDE RUE DE COUTURE", "price_per_sqm": 1963.1901840490798, "date_iso": "2022-01-25", "parcelle": "77347000AB0167", "addr_num": "89"}}, {"type": "Feature", "geometry": {"type": "Point", "coordinates": [3.211735, 48.459326]}, "properties": {"year": 2022, "valeur_fonciere": 320000.0, "type_local": null, "surface_reelle_bati": null, "nombre_pieces_principales": null, "adresse_nom_voie": "COUTURE", "price_per_sqm": null, "date_iso": "2022-01-25", "parcelle": "77347000AB0168", "addr_num": ""}}, {"type": "Feature", "geometry": {"type": "Point", "coordinates": [3.211483, 48.459372]}, "properties": {"year": 2022, "valeur_fonciere": 320000.0, "type_local": null, "surface_reelle_bati": null, "nombre_pieces_principales": null, "adresse_nom_voie": "COUTURE", "price_per_sqm": null, "date_iso": "2022-01-25", "parcelle": "77347000AB0180", "addr_num": ""}}, {"type": "Feature", "geometry": {"type": "Point", "coordinates": [3.23245, 48.465238]}, "properties": {"year": 2022, "valeur_fonciere": 5500.0, "type_local": null, "surface_reelle_bati": null, "nombre_pieces_principales": null, "adresse_nom_voie": "HAMEAU DU MOULIN D OCLE", "price_per_sqm": null, "date_iso": "2022-01-19", "parcelle": "773470000C0238", "addr_num": ""}}, {"type": "Feature", "geometry": {"type": "Point", "coordinates": [3.218715, 48.460561]}, "properties": {"year": 2022, "valeur_fonciere": 120000.0, "type_local": "Maison", "surface_reelle_bati": 109.0, "nombre_pieces_principales": 4.0, "adresse_nom_voie": "RUE MARCEL VIALLET", "price_per_sqm": 1100.9174311926606, "date_iso": "2022-01-28", "parcelle": "77347000AB0079", "addr_num": "2"}}, {"type": "Feature", "geometry": {"type": "Point", "coordinates": [3.218715, 48.460561]}, "properties": {"year": 2022, "valeur_fonciere": 120000.0, "type_local": "Dépendance", "surface_reelle_bati": null, "nombre_pieces_principales": 0.0, "adresse_nom_voie": "RUE MARCEL VIALLET", "price_per_sqm": null, "date_iso": "2022-01-28", "parcelle": "77347000AB0079", "addr_num": "2"}}, {"type": "Feature", "geometry": {"type": "Point", "coordinates": [3.230299, 48.469356]}, "properties": {"year": 2022, "valeur_fonciere": 54500.0, "type_local": null, "surface_reelle_bati": null, "nombre_pieces_principales": null, "adresse_nom_voie": "HAMEAU DU MOULIN D OCLE", "price_per_sqm": null, "date_iso": "2022-02-12", "parcelle": "773470000C1151", "addr_num": ""}}, {"type": "Feature", "geometry": {"type": "Point", "coordinates": [3.23068, 48.469436]}, "properties": {"year": 2022, "valeur_fonciere": 54500.0, "type_local": null, "surface_reelle_bati": null, "nombre_pieces_principales": null, "adresse_nom_voie": "HAMEAU DU MOULIN D OCLE", "price_per_sqm": null, "date_iso": "2022-02-12", "parcelle": "773470000C1152", "addr_num": ""}}, {"type": "Feature", "geometry": {"type": "Point", "coordinates": [3.229892, 48.469433]}, "properties": {"year": 2022, "valeur_fonciere": 54500.0, "type_local": null, "surface_reelle_bati": null, "nombre_pieces_principales": null, "adresse_nom_voie": "HAMEAU DU MOULIN D OCLE", "price_per_sqm": null, "date_iso": "2022-02-12", "parcelle": "773470000C1153", "addr_num": ""}}, {"type": "Feature", "geometry": {"type": "Point", "coordinates": [3.23072, 48.469499]}, "properties": {"year": 2022, "valeur_fonciere": 54500.0, "type_local": null, "surface_reelle_bati": null, "nombre_pieces_principales": null, "adresse_nom_voie": "HAMEAU DU MOULIN D OCLE", "price_per_sqm": null, "date_iso": "2022-02-12", "parcelle": "773470000C1155", "addr_num": ""}}, {"type": "Feature", "geometry": {"type": "Point", "coordinates": [3.231223, 48.469542]}, "properties": {"year": 2022, "valeur_fonciere": 54500.0, "type_local": null, "surface_reelle_bati": null, "nombre_pieces_principales": null, "adresse_nom_voie": "HAMEAU DU MOULIN D OCLE", "price_per_sqm": null, "date_iso": "2022-02-12", "parcelle": "773470000C1157", "addr_num": ""}}, {"type": "Feature", "geometry": {"type": "Point", "coordinates": [3.231216, 48.469571]}, "properties": {"year": 2022, "valeur_fonciere": 54500.0, "type_local": null, "surface_reelle_bati": null, "nombre_pieces_principales": null, "adresse_nom_voie": "HAMEAU DU MOULIN D OCLE", "price_per_sqm": null, "date_iso": "2022-02-12", "parcelle": "773470000C1160", "addr_num": ""}}, {"type": "Feature", "geometry": {"type": "Point", "coordinates": [3.231207, 48.469607]}, "properties": {"year": 2022, "valeur_fonciere": 54500.0, "type_local": null, "surface_reelle_bati": null, "nombre_pieces_principales": null, "adresse_nom_voie": "HAMEAU DU MOULIN D OCLE", "price_per_sqm": null, "date_iso": "2022-02-12", "parcelle": "773470000C1163", "addr_num": ""}}, {"type": "Feature", "geometry": {"type": "Point", "coordinates": [3.230967, 48.469285]}, "properties": {"year": 2022, "valeur_fonciere": 54500.0, "type_local": null, "surface_reelle_bati": null, "nombre_pieces_principales": null, "adresse_nom_voie": "HAMEAU DU MOULIN D OCLE", "price_per_sqm": null, "date_iso": "2022-02-12", "parcelle": "773470000C1168", "addr_num": ""}}, {"type": "Feature", "geometry": {"type": "Point", "coordinates": [3.214404, 48.459669]}, "properties": {"year": 2022, "valeur_fonciere": 158000.0, "type_local": "Maison", "surface_reelle_bati": 80.0, "nombre_pieces_principales": 3.0, "adresse_nom_voie": "RUE DE LA NOUE", "price_per_sqm": 1975.0, "date_iso": "2022-02-22", "parcelle": "77347000AB0121", "addr_num": "3"}}, {"type": "Feature", "geometry": {"type": "Point", "coordinates": [3.220959, 48.447929]}, "properties": {"year": 2022, "valeur_fonciere": 3590.0, "type_local": null, "surface_reelle_bati": null, "nombre_pieces_principales": null, "adresse_nom_voie": "LES GRANDES EPAVES", "price_per_sqm": null, "date_iso": "2022-02-05", "parcelle": "773470000D0745", "addr_num": ""}}, {"type": "Feature", "geometry": {"type": "Point", "coordinates": [3.220913, 48.446732]}, "properties": {"year": 2022, "valeur_fonciere": 3590.0, "type_local": null, "surface_reelle_bati": null, "nombre_pieces_principales": null, "adresse_nom_voie": "LES GRANDES EPAVES", "price_per_sqm": null, "date_iso": "2022-02-05", "parcelle": "773470000D0748", "addr_num": ""}}, {"type": "Feature", "geometry": {"type": "Point", "coordinates": [3.221449, 48.44662]}, "properties": {"year": 2022, "valeur_fonciere": 3590.0, "type_local": null, "surface_reelle_bati": null, "nombre_pieces_principales": null, "adresse_nom_voie": "LES GRANDES EPAVES", "price_per_sqm": null, "date_iso": "2022-02-05", "parcelle": "773470000D0750", "addr_num": ""}}, {"type": "Feature", "geometry": {"type": "Point", "coordinates": [3.229027, 48.468155]}, "properties": {"year": 2022, "valeur_fonciere": 69002.0, "type_local": null, "surface_reelle_bati": null, "nombre_pieces_principales": null, "adresse_nom_voie": "RUE DU MOULIN D OCLE", "price_per_sqm": null, "date_iso": "2022-03-10", "parcelle": "77347000ZC0146", "addr_num": ""}}, {"type": "Feature", "geometry": {"type": "Point", "coordinates": [3.21174, 48.458539]}, "properties": {"year": 2022, "valeur_fonciere": 500.0, "type_local": null, "surface_reelle_bati": null, "nombre_pieces_principales": null, "adresse_nom_voie": "COUTURE", "price_per_sqm": null, "date_iso": "2022-04-02", "parcelle": "77347000AB0175", "addr_num": ""}}, {"type": "Feature", "geometry": {"type": "Point", "coordinates": [3.219861, 48.460572]}, "properties": {"year": 2022, "valeur_fonciere": 189000.0, "type_local": "Maison", "surface_reelle_bati": 91.0, "nombre_pieces_principales": 5.0, "adresse_nom_voie": "GR GRANDE RUE DE COUTURE", "price_per_sqm": 2076.923076923077, "date_iso": "2022-03-25", "parcelle": "77347000AB0217", "addr_num": "47"}}, {"type": "Feature", "geometry": {"type": "Point", "coordinates": [3.219861, 48.460572]}, "properties": {"year": 2022, "valeur_fonciere": 189000.0, "type_local": "Maison", "surface_reelle_bati": 91.0, "nombre_pieces_principales": 5.0, "adresse_nom_voie": "GR GRANDE RUE DE COUTURE", "price_per_sqm": 2076.923076923077, "date_iso": "2022-03-25", "parcelle": "77347000AB0217", "addr_num": "47"}}, {"type": "Feature", "geometry": {"type": "Point", "coordinates": [3.230573, 48.469835]}, "properties": {"year": 2022, "valeur_fonciere": 51500.0, "type_local": null, "surface_reelle_bati": null, "nombre_pieces_principales": null, "adresse_nom_voie": "HAMEAU DU MOULIN D OCLE", "price_per_sqm": null, "date_iso": "2022-04-12", "parcelle": "773470000C1164", "addr_num": ""}}, {"type": "Feature", "geometry": {"type": "Point", "coordinates": [3.230573, 48.469835]}, "properties": {"year": 2022, "valeur_fonciere": 51500.0, "type_local": null, "surface_reelle_bati": null, "nombre_pieces_principales": null, "adresse_nom_voie": "HAMEAU DU MOULIN D OCLE", "price_per_sqm": null, "date_iso": "2022-04-12", "parcelle": "773470000C1164", "addr_num": ""}}, {"type": "Feature", "geometry": {"type": "Point", "coordinates": [3.22989, 48.469771]}, "properties": {"year": 2022, "valeur_fonciere": 51500.0, "type_local": null, "surface_reelle_bati": null, "nombre_pieces_principales": null, "adresse_nom_voie": "HAMEAU DU MOULIN D OCLE", "price_per_sqm": null, "date_iso": "2022-04-12", "parcelle": "773470000C1166", "addr_num": ""}}, {"type": "Feature", "geometry": {"type": "Point", "coordinates": [3.230726, 48.469915]}, "properties": {"year": 2022, "valeur_fonciere": 51500.0, "type_local": null, "surface_reelle_bati": null, "nombre_pieces_principales": null, "adresse_nom_voie": "HAMEAU DU MOULIN D OCLE", "price_per_sqm": null, "date_iso": "2022-04-12", "parcelle": "773470000C1167", "addr_num": ""}}, {"type": "Feature", "geometry": {"type": "Point", "coordinates": [3.226845, 48.464932]}, "properties": {"year": 2022, "valeur_fonciere": 198000.0, "type_local": "Maison", "surface_reelle_bati": 150.0, "nombre_pieces_principales": 6.0, "adresse_nom_voie": "RTE NATIONALE", "price_per_sqm": 1320.0, "date_iso": "2022-04-12", "parcelle": "773470000C0009", "addr_num": "7"}}, {"type": "Feature", "geometry": {"type": "Point", "coordinates": [3.226845, 48.464932]}, "properties": {"year": 2022, "valeur_fonciere": 198000.0, "type_local": "Dépendance", "surface_reelle_bati": null, "nombre_pieces_principales": 0.0, "adresse_nom_voie": "RTE NATIONALE", "price_per_sqm": null, "date_iso": "2022-04-12", "parcelle": "773470000C0009", "addr_num": "7"}}, {"type": "Feature", "geometry": {"type": "Point", "coordinates": [3.226845, 48.464932]}, "properties": {"year": 2022, "valeur_fonciere": 198000.0, "type_local": "Dépendance", "surface_reelle_bati": null, "nombre_pieces_principales": 0.0, "adresse_nom_voie": "RTE NATIONALE", "price_per_sqm": null, "date_iso": "2022-04-12", "parcelle": "773470000C0009", "addr_num": "7"}}, {"type": "Feature", "geometry": {"type": "Point", "coordinates": [3.227368, 48.465013]}, "properties": {"year": 2022, "valeur_fonciere": 198000.0, "type_local": null, "surface_reelle_bati": null, "nombre_pieces_principales": null, "adresse_nom_voie": "LA PIECE DU BOURG", "price_per_sqm": null, "date_iso": "2022-04-12", "parcelle": "773470000C0010", "addr_num": ""}}, {"type": "Feature", "geometry": {"type": "Point", "coordinates": [3.227472, 48.465152]}, "properties": {"year": 2022, "valeur_fonciere": 198000.0, "type_local": null, "surface_reelle_bati": null, "nombre_pieces_principales": null, "adresse_nom_voie": "LA PIECE DU BOURG", "price_per_sqm": null, "date_iso": "2022-04-12", "parcelle": "773470000C0011", "addr_num": ""}}, {"type": "Feature", "geometry": {"type": "Point", "coordinates": [3.2194, 48.459655]}, "properties": {"year": 2022, "valeur_fonciere": 43000.0, "type_local": null, "surface_reelle_bati": null, "nombre_pieces_principales": null, "adresse_nom_voie": "COUTURE", "price_per_sqm": null, "date_iso": "2022-04-15", "parcelle": "77347000AB0384", "addr_num": ""}}, {"type": "Feature", "geometry": {"type": "Point", "coordinates": [3.219274, 48.459733]}, "properties": {"year": 2022, "valeur_fonciere": 43000.0, "type_local": null, "surface_reelle_bati": null, "nombre_pieces_principales": null, "adresse_nom_voie": "COUTURE", "price_per_sqm": null, "date_iso": "2022-04-15", "parcelle": "77347000AB0386", "addr_num": ""}}, {"type": "Feature", "geometry": {"type": "Point", "coordinates": [3.212832, 48.45907]}, "properties": {"year": 2022, "valeur_fonciere": 50000.0, "type_local": "Maison", "surface_reelle_bati": 45.0, "nombre_pieces_principales": 2.0, "adresse_nom_voie": "RUE DE LA FONTAINE", "price_per_sqm": 1111.111111111111, "date_iso": "2022-05-16", "parcelle": "77347000AB0157", "addr_num": "6"}}, {"type": "Feature", "geometry": {"type": "Point", "coordinates": [3.212796, 48.458897]}, "properties": {"year": 2022, "valeur_fonciere": 50000.0, "type_local": null, "surface_reelle_bati": null, "nombre_pieces_principales": null, "adresse_nom_voie": "RUE DE LA FONTAINE", "price_per_sqm": null, "date_iso": "2022-05-16", "parcelle": "77347000AB0346", "addr_num": "8"}}, {"type": "Feature", "geometry": {"type": "Point", "coordinates": [3.212405, 48.458694]}, "properties": {"year": 2022, "valeur_fonciere": 50000.0, "type_local": null, "surface_reelle_bati": null, "nombre_pieces_principales": null, "adresse_nom_voie": "COUTURE", "price_per_sqm": null, "date_iso": "2022-05-16", "parcelle": "77347000AB0348", "addr_num": ""}}, {"type": "Feature", "geometry": {"type": "Point", "coordinates": [3.212405, 48.458694]}, "properties": {"year": 2022, "valeur_fonciere": 50000.0, "type_local": null, "surface_reelle_bati": null, "nombre_pieces_principales": null, "adresse_nom_voie": "COUTURE", "price_per_sqm": null, "date_iso": "2022-05-16", "parcelle": "77347000AB0348", "addr_num": ""}}, {"type": "Feature", "geometry": {"type": "Point", "coordinates": [3.221912, 48.461636]}, "properties": {"year": 2022, "valeur_fonciere": 44000.0, "type_local": null, "surface_reelle_bati": null, "nombre_pieces_principales": null, "adresse_nom_voie": "LES VIEILLES VIGNES", "price_per_sqm": null, "date_iso": "2022-05-06", "parcelle": "77347000ZD0178", "addr_num": ""}}, {"type": "Feature", "geometry": {"type": "Point", "coordinates": [3.221977, 48.461534]}, "properties": {"year": 2022, "valeur_fonciere": 44000.0, "type_local": null, "surface_reelle_bati": null, "nombre_pieces_principales": null, "adresse_nom_voie": "LES VIEILLES VIGNES", "price_per_sqm": null, "date_iso": "2022-05-06", "parcelle": "77347000ZD0179", "addr_num": ""}}, {"type": "Feature", "geometry": {"type": "Point", "coordinates": [3.222018, 48.461486]}, "properties": {"year": 2022, "valeur_fonciere": 44000.0, "type_local": null, "surface_reelle_bati": null, "nombre_pieces_principales": null, "adresse_nom_voie": "LES VIEILLES VIGNES", "price_per_sqm": null, "date_iso": "2022-05-06", "parcelle": "77347000ZD0180", "addr_num": ""}}, {"type": "Feature", "geometry": {"type": "Point", "coordinates": [3.229143, 48.469944]}, "properties": {"year": 2022, "valeur_fonciere": 163000.0, "type_local": "Dépendance", "surface_reelle_bati": null, "nombre_pieces_principales": 0.0, "adresse_nom_voie": "RUE DU MOULIN D OCLE", "price_per_sqm": null, "date_iso": "2022-07-02", "parcelle": "773470000C0087", "addr_num": "34"}}, {"type": "Feature", "geometry": {"type": "Point", "coordinates": [3.229143, 48.469944]}, "properties": {"year": 2022, "valeur_fonciere": 163000.0, "type_local": "Dépendance", "surface_reelle_bati": null, "nombre_pieces_principales": 0.0, "adresse_nom_voie": "RUE DU MOULIN D OCLE", "price_per_sqm": null, "date_iso": "2022-07-02", "parcelle": "773470000C0087", "addr_num": "34"}}, {"type": "Feature", "geometry": {"type": "Point", "coordinates": [3.229143, 48.469944]}, "properties": {"year": 2022, "valeur_fonciere": 163000.0, "type_local": "Maison", "surface_reelle_bati": 122.0, "nombre_pieces_principales": 3.0, "adresse_nom_voie": "RUE DU MOULIN D OCLE", "price_per_sqm": 1336.0655737704917, "date_iso": "2022-07-02", "parcelle": "773470000C0087", "addr_num": "34"}}, {"type": "Feature", "geometry": {"type": "Point", "coordinates": [3.226128, 48.464589]}, "properties": {"year": 2022, "valeur_fonciere": 190000.0, "type_local": "Maison", "surface_reelle_bati": 73.0, "nombre_pieces_principales": 4.0, "adresse_nom_voie": "RTE NATIONALE", "price_per_sqm": 2602.7397260273974, "date_iso": "2022-06-27", "parcelle": "77347000ZD0136", "addr_num": "8"}}, {"type": "Feature", "geometry": {"type": "Point", "coordinates": [3.226128, 48.464589]}, "properties": {"year": 2022, "valeur_fonciere": 190000.0, "type_local": "Maison", "surface_reelle_bati": 73.0, "nombre_pieces_principales": 4.0, "adresse_nom_voie": "RTE NATIONALE", "price_per_sqm": 2602.7397260273974, "date_iso": "2022-06-27", "parcelle": "77347000ZD0136", "addr_num": "8"}}, {"type": "Feature", "geometry": {"type": "Point", "coordinates": [3.231579, 48.465402]}, "properties": {"year": 2022, "valeur_fonciere": 107500.0, "type_local": "Maison", "surface_reelle_bati": 130.0, "nombre_pieces_principales": 5.0, "adresse_nom_voie": "RUE DU MOULIN D OCLE", "price_per_sqm": 826.9230769230769, "date_iso": "2022-06-30", "parcelle": "773470000C1094", "addr_num": "5"}}, {"type": "Feature", "geometry": {"type": "Point", "coordinates": [3.231579, 48.465402]}, "properties": {"year": 2022, "valeur_fonciere": 107500.0, "type_local": "Dépendance", "surface_reelle_bati": null, "nombre_pieces_principales": 0.0, "adresse_nom_voie": "RUE DU MOULIN D OCLE", "price_per_sqm": null, "date_iso": "2022-06-30", "parcelle": "773470000C1094", "addr_num": "5"}}, {"type": "Feature", "geometry": {"type": "Point", "coordinates": [3.231579, 48.465402]}, "properties": {"year": 2022, "valeur_fonciere": 107500.0, "type_local": "Maison", "surface_reelle_bati": 130.0, "nombre_pieces_principales": 5.0, "adresse_nom_voie": "RUE DU MOULIN D OCLE", "price_per_sqm": 826.9230769230769, "date_iso": "2022-06-30", "parcelle": "773470000C1094", "addr_num": "5"}}, {"type": "Feature", "geometry": {"type": "Point", "coordinates": [3.231579, 48.465402]}, "properties": {"year": 2022, "valeur_fonciere": 107500.0, "type_local": "Dépendance", "surface_reelle_bati": null, "nombre_pieces_principales": 0.0, "adresse_nom_voie": "RUE DU MOULIN D OCLE", "price_per_sqm": null, "date_iso": "2022-06-30", "parcelle": "773470000C1094", "addr_num": "5"}}, {"type": "Feature", "geometry": {"type": "Point", "coordinates": [3.213625, 48.458827]}, "properties": {"year": 2022, "valeur_fonciere": 25000.0, "type_local": null, "surface_reelle_bati": null, "nombre_pieces_principales": null, "adresse_nom_voie": "COUTURE", "price_per_sqm": null, "date_iso": "2022-06-20", "parcelle": "77347000AB0275", "addr_num": ""}}, {"type": "Feature", "geometry": {"type": "Point", "coordinates": [3.234927, 48.472463]}, "properties": {"year": 2022, "valeur_fonciere": 979.45, "type_local": null, "surface_reelle_bati": null, "nombre_pieces_principales": null, "adresse_nom_voie": "BAS DE CHATIVOT", "price_per_sqm": null, "date_iso": "2022-08-04", "parcelle": "773470000B0044", "addr_num": ""}}, {"type": "Feature", "geometry": {"type": "Point", "coordinates": [3.234884, 48.465355]}, "properties": {"year": 2022, "valeur_fonciere": 979.45, "type_local": null, "surface_reelle_bati": null, "nombre_pieces_principales": null, "adresse_nom_voie": "LE PAILLE", "price_per_sqm": null, "date_iso": "2022-08-04", "parcelle": "773470000C0270", "addr_num": ""}}, {"type": "Feature", "geometry": {"type": "Point", "coordinates": [3.239071, 48.468166]}, "properties": {"year": 2022, "valeur_fonciere": 979.45, "type_local": null, "surface_reelle_bati": null, "nombre_pieces_principales": null, "adresse_nom_voie": "LES NOUES", "price_per_sqm": null, "date_iso": "2022-08-04", "parcelle": "773470000C0398", "addr_num": ""}}, {"type": "Feature", "geometry": {"type": "Point", "coordinates": [3.239733, 48.465549]}, "properties": {"year": 2022, "valeur_fonciere": 979.45, "type_local": null, "surface_reelle_bati": null, "nombre_pieces_principales": null, "adresse_nom_voie": "CHAMBRY", "price_per_sqm": null, "date_iso": "2022-08-04", "parcelle": "773470000C0497", "addr_num": ""}}, {"type": "Feature", "geometry": {"type": "Point", "coordinates": [3.238162, 48.4657]}, "properties": {"year": 2022, "valeur_fonciere": 979.45, "type_local": null, "surface_reelle_bati": null, "nombre_pieces_principales": null, "adresse_nom_voie": "CHAMBRY", "price_per_sqm": null, "date_iso": "2022-08-04", "parcelle": "773470000C0499", "addr_num": ""}}, {"type": "Feature", "geometry": {"type": "Point", "coordinates": [3.240799, 48.46213]}, "properties": {"year": 2022, "valeur_fonciere": 979.45, "type_local": null, "surface_reelle_bati": null, "nombre_pieces_principales": null, "adresse_nom_voie": "LES SARAZINS", "price_per_sqm": null, "date_iso": "2022-08-04", "parcelle": "773470000C0570", "addr_num": ""}}, {"type": "Feature", "geometry": {"type": "Point", "coordinates": [3.236323, 48.467589]}, "properties": {"year": 2022, "valeur_fonciere": 8000.0, "type_local": null, "surface_reelle_bati": null, "nombre_pieces_principales": null, "adresse_nom_voie": "CHAMBRY", "price_per_sqm": null, "date_iso": "2022-11-18", "parcelle": "773470000C0476", "addr_num": ""}}, {"type": "Feature", "geometry": {"type": "Point", "coordinates": [3.236705, 48.467359]}, "properties": {"year": 2022, "valeur_fonciere": 8000.0, "type_local": null, "surface_reelle_bati": null, "nombre_pieces_principales": null, "adresse_nom_voie": "CHAMBRY", "price_per_sqm": null, "date_iso": "2022-11-18", "parcelle": "773470000C0478", "addr_num": ""}}, {"type": "Feature", "geometry": {"type": "Point", "coordinates": [3.228926, 48.451541]}, "properties": {"year": 2022, "valeur_fonciere": 8000.0, "type_local": null, "surface_reelle_bati": null, "nombre_pieces_principales": null, "adresse_nom_voie": "LES SAUVAGEONS", "price_per_sqm": null, "date_iso": "2022-11-18", "parcelle": "773470000D0566", "addr_num": ""}}, {"type": "Feature", "geometry": {"type": "Point", "coordinates": [3.20649, 48.470694]}, "properties": {"year": 2022, "valeur_fonciere": 135818.0, "type_local": null, "surface_reelle_bati": null, "nombre_pieces_principales": null, "adresse_nom_voie": "LA REMISE", "price_per_sqm": null, "date_iso": "2022-09-29", "parcelle": "77347000ZA0020", "addr_num": ""}}, {"type": "Feature", "geometry": {"type": "Point", "coordinates": [3.206667, 48.471958]}, "properties": {"year": 2022, "valeur_fonciere": 135818.0, "type_local": null, "surface_reelle_bati": null, "nombre_pieces_principales": null, "adresse_nom_voie": "LA REMISE", "price_per_sqm": null, "date_iso": "2022-09-29", "parcelle": "77347000ZA0021", "addr_num": ""}}, {"type": "Feature", "geometry": {"type": "Point", "coordinates": [3.220772, 48.472075]}, "properties": {"year": 2022, "valeur_fonciere": 135818.0, "type_local": null, "surface_reelle_bati": null, "nombre_pieces_principales": null, "adresse_nom_voie": "LE FOND DE LA PLANTE", "price_per_sqm": null, "date_iso": "2022-09-29", "parcelle": "77347000ZB0016", "addr_num": ""}}, {"type": "Feature", "geometry": {"type": "Point", "coordinates": [3.2307, 48.476207]}, "properties": {"year": 2022, "valeur_fonciere": 135818.0, "type_local": null, "surface_reelle_bati": null, "nombre_pieces_principales": null, "adresse_nom_voie": "LE HAUT DE CHATIVOT", "price_per_sqm": null, "date_iso": "2022-09-29", "parcelle": "77347000ZC0086", "addr_num": ""}}, {"type": "Feature", "geometry": {"type": "Point", "coordinates": [3.2307, 48.476207]}, "properties": {"year": 2022, "valeur_fonciere": 135818.0, "type_local": null, "surface_reelle_bati": null, "nombre_pieces_principales": null, "adresse_nom_voie": "LE HAUT DE CHATIVOT", "price_per_sqm": null, "date_iso": "2022-09-29", "parcelle": "77347000ZC0086", "addr_num": ""}}, {"type": "Feature", "geometry": {"type": "Point", "coordinates": [3.212606, 48.462117]}, "properties": {"year": 2022, "valeur_fonciere": 135818.0, "type_local": null, "surface_reelle_bati": null, "nombre_pieces_principales": null, "adresse_nom_voie": "LES FOSSES DE COUTURE", "price_per_sqm": null, "date_iso": "2022-09-29", "parcelle": "77347000ZD0024", "addr_num": ""}}, {"type": "Feature", "geometry": {"type": "Point", "coordinates": [3.213483, 48.462138]}, "properties": {"year": 2022, "valeur_fonciere": 135818.0, "type_local": null, "surface_reelle_bati": null, "nombre_pieces_principales": null, "adresse_nom_voie": "LES FOSSES DE COUTURE", "price_per_sqm": null, "date_iso": "2022-09-29", "parcelle": "77347000ZD0025", "addr_num": ""}}, {"type": "Feature", "geometry": {"type": "Point", "coordinates": [3.210209, 48.459709]}, "properties": {"year": 2022, "valeur_fonciere": 273000.0, "type_local": "Dépendance", "surface_reelle_bati": null, "nombre_pieces_principales": 0.0, "adresse_nom_voie": "GR GRANDE RUE DE COUTURE", "price_per_sqm": null, "date_iso": "2022-12-03", "parcelle": "77347000ZD0065", "addr_num": "76"}}, {"type": "Feature", "geometry": {"type": "Point", "coordinates": [3.210209, 48.459709]}, "properties": {"year": 2022, "valeur_fonciere": 273000.0, "type_local": "Maison", "surface_reelle_bati": 161.0, "nombre_pieces_principales": 4.0, "adresse_nom_voie": "GR GRANDE RUE DE COUTURE", "price_per_sqm": 1695.6521739130435, "date_iso": "2022-12-03", "parcelle": "77347000ZD0065", "addr_num": "76"}}, {"type": "Feature", "geometry": {"type": "Point", "coordinates": [3.210209, 48.459709]}, "properties": {"year": 2022, "valeur_fonciere": 273000.0, "type_local": "Dépendance", "surface_reelle_bati": null, "nombre_pieces_principales": 0.0, "adresse_nom_voie": "GR GRANDE RUE DE COUTURE", "price_per_sqm": null, "date_iso": "2022-12-03", "parcelle": "77347000ZD0065", "addr_num": "76"}}, {"type": "Feature", "geometry": {"type": "Point", "coordinates": [3.210209, 48.459709]}, "properties": {"year": 2022, "valeur_fonciere": 273000.0, "type_local": "Maison", "surface_reelle_bati": 161.0, "nombre_pieces_principales": 4.0, "adresse_nom_voie": "GR GRANDE RUE DE COUTURE", "price_per_sqm": 1695.6521739130435, "date_iso": "2022-12-03", "parcelle": "77347000ZD0065", "addr_num": "76"}}, {"type": "Feature", "geometry": {"type": "Point", "coordinates": [3.21506, 48.460691]}, "properties": {"year": 2022, "valeur_fonciere": 55000.0, "type_local": null, "surface_reelle_bati": null, "nombre_pieces_principales": null, "adresse_nom_voie": "COUTURE", "price_per_sqm": null, "date_iso": "2022-11-28", "parcelle": "77347000AB0227", "addr_num": ""}}, {"type": "Feature", "geometry": {"type": "Point", "coordinates": [3.229386, 48.46947]}, "properties": {"year": 2022, "valeur_fonciere": 180000.0, "type_local": "Dépendance", "surface_reelle_bati": null, "nombre_pieces_principales": 0.0, "adresse_nom_voie": "RUE DU MOULIN D OCLE", "price_per_sqm": null, "date_iso": "2022-12-23", "parcelle": "773470000C0093", "addr_num": "28"}}, {"type": "Feature", "geometry": {"type": "Point", "coordinates": [3.229386, 48.46947]}, "properties": {"year": 2022, "valeur_fonciere": 180000.0, "type_local": "Maison", "surface_reelle_bati": 103.0, "nombre_pieces_principales": 3.0, "adresse_nom_voie": "RUE DU MOULIN D OCLE", "price_per_sqm": 1747.5728155339805, "date_iso": "2022-12-23", "parcelle": "773470000C0093", "addr_num": "28"}}, {"type": "Feature", "geometry": {"type": "Point", "coordinates": [3.229556, 48.469291]}, "properties": {"year": 2022, "valeur_fonciere": 180000.0, "type_local": null, "surface_reelle_bati": null, "nombre_pieces_principales": null, "adresse_nom_voie": "HAMEAU DU MOULIN D OCLE", "price_per_sqm": null, "date_iso": "2022-12-23", "parcelle": "773470000C0094", "addr_num": ""}}, {"type": "Feature", "geometry": {"type": "Point", "coordinates": [3.229556, 48.469291]}, "properties": {"year": 2022, "valeur_fonciere": 180000.0, "type_local": null, "surface_reelle_bati": null, "nombre_pieces_principales": null, "adresse_nom_voie": "HAMEAU DU MOULIN D OCLE", "price_per_sqm": null, "date_iso": "2022-12-23", "parcelle": "773470000C0094", "addr_num": ""}}, {"type": "Feature", "geometry": {"type": "Point", "coordinates": [3.238991, 48.459165]}, "properties": {"year": 2022, "valeur_fonciere": 450.0, "type_local": null, "surface_reelle_bati": null, "nombre_pieces_principales": null, "adresse_nom_voie": "LA BORNE PERCEE", "price_per_sqm": null, "date_iso": "2022-10-29", "parcelle": "773470000C0665", "addr_num": ""}}, {"type": "Feature", "geometry": {"type": "Point", "coordinates": [3.213105, 48.459054]}, "properties": {"year": 2023, "valeur_fonciere": 83000.0, "type_local": null, "surface_reelle_bati": null, "nombre_pieces_principales": null, "adresse_nom_voie": "COUTURE", "price_per_sqm": null, "date_iso": "2023-01-25", "parcelle": "77347000AB0145", "addr_num": ""}}, {"type": "Feature", "geometry": {"type": "Point", "coordinates": [3.213254, 48.45906]}, "properties": {"year": 2023, "valeur_fonciere": 83000.0, "type_local": null, "surface_reelle_bati": null, "nombre_pieces_principales": null, "adresse_nom_voie": "COUTURE", "price_per_sqm": null, "date_iso": "2023-01-25", "parcelle": "77347000AB0146", "addr_num": ""}}, {"type": "Feature", "geometry": {"type": "Point", "coordinates": [3.213241, 48.459178]}, "properties": {"year": 2023, "valeur_fonciere": 83000.0, "type_local": null, "surface_reelle_bati": null, "nombre_pieces_principales": null, "adresse_nom_voie": "COUTURE", "price_per_sqm": null, "date_iso": "2023-01-25", "parcelle": "77347000AB0192", "addr_num": ""}}, {"type": "Feature", "geometry": {"type": "Point", "coordinates": [3.22429, 48.461321]}, "properties": {"year": 2023, "valeur_fonciere": 86000.0, "type_local": "Dépendance", "surface_reelle_bati": null, "nombre_pieces_principales": 0.0, "adresse_nom_voie": "GR GRANDE RUE DE COUTURE", "price_per_sqm": null, "date_iso": "2023-02-10", "parcelle": "77347000AC0061", "addr_num": "13"}}, {"type": "Feature", "geometry": {"type": "Point", "coordinates": [3.22429, 48.461321]}, "properties": {"year": 2023, "valeur_fonciere": 86000.0, "type_local": "Dépendance", "surface_reelle_bati": null, "nombre_pieces_principales": 0.0, "adresse_nom_voie": "GR GRANDE RUE DE COUTURE", "price_per_sqm": null, "date_iso": "2023-02-10", "parcelle": "77347000AC0061", "addr_num": "13"}}, {"type": "Feature", "geometry": {"type": "Point", "coordinates": [3.22429, 48.461321]}, "properties": {"year": 2023, "valeur_fonciere": 86000.0, "type_local": "Dépendance", "surface_reelle_bati": null, "nombre_pieces_principales": 0.0, "adresse_nom_voie": "GR GRANDE RUE DE COUTURE", "price_per_sqm": null, "date_iso": "2023-02-10", "parcelle": "77347000AC0061", "addr_num": "13"}}, {"type": "Feature", "geometry": {"type": "Point", "coordinates": [3.22429, 48.461321]}, "properties": {"year": 2023, "valeur_fonciere": 86000.0, "type_local": "Maison", "surface_reelle_bati": 51.0, "nombre_pieces_principales": 3.0, "adresse_nom_voie": "GR GRANDE RUE DE COUTURE", "price_per_sqm": 1686.2745098039215, "date_iso": "2023-02-10", "parcelle": "77347000AC0061", "addr_num": "13"}}, {"type": "Feature", "geometry": {"type": "Point", "coordinates": [3.22431, 48.461122]}, "properties": {"year": 2023, "valeur_fonciere": 86000.0, "type_local": null, "surface_reelle_bati": null, "nombre_pieces_principales": null, "adresse_nom_voie": "LES ORMES", "price_per_sqm": null, "date_iso": "2023-02-10", "parcelle": "77347000AC0062", "addr_num": ""}}, {"type": "Feature", "geometry": {"type": "Point", "coordinates": [3.213524, 48.45942]}, "properties": {"year": 2023, "valeur_fonciere": 131250.0, "type_local": null, "surface_reelle_bati": null, "nombre_pieces_principales": null, "adresse_nom_voie": "COUTURE", "price_per_sqm": null, "date_iso": "2023-03-24", "parcelle": "77347000AB0273", "addr_num": ""}}, {"type": "Feature", "geometry": {"type": "Point", "coordinates": [3.213303, 48.459702]}, "properties": {"year": 2023, "valeur_fonciere": 131250.0, "type_local": "Dépendance", "surface_reelle_bati": null, "nombre_pieces_principales": 0.0, "adresse_nom_voie": "GR GRANDE RUE DE COUTURE", "price_per_sqm": null, "date_iso": "2023-03-24", "parcelle": "77347000AB0360", "addr_num": "79"}}, {"type": "Feature", "geometry": {"type": "Point", "coordinates": [3.213303, 48.459702]}, "properties": {"year": 2023, "valeur_fonciere": 131250.0, "type_local": "Maison", "surface_reelle_bati": 273.0, "nombre_pieces_principales": 7.0, "adresse_nom_voie": "GR GRANDE RUE DE COUTURE", "price_per_sqm": 480.7692307692308, "date_iso": "2023-03-24", "parcelle": "77347000AB0360", "addr_num": "79"}}, {"type": "Feature", "geometry": {"type": "Point", "coordinates": [3.213485, 48.459697]}, "properties": {"year": 2023, "valeur_fonciere": 131250.0, "type_local": "Local industriel. commercial ou assimilé", "surface_reelle_bati": 36.0, "nombre_pieces_principales": 0.0, "adresse_nom_voie": "GR GRANDE RUE DE COUTURE", "price_per_sqm": 3645.8333333333335, "date_iso": "2023-03-24", "parcelle": "77347000AB0361", "addr_num": "79"}}, {"type": "Feature", "geometry": {"type": "Point", "coordinates": [3.225957, 48.4629]}, "properties": {"year": 2023, "valeur_fonciere": 216200.0, "type_local": "Maison", "surface_reelle_bati": 109.0, "nombre_pieces_principales": 6.0, "adresse_nom_voie": "RES DES ORMES", "price_per_sqm": 1983.48623853211, "date_iso": "2023-04-01", "parcelle": "77347000AC0190", "addr_num": "35"}}, {"type": "Feature", "geometry": {"type": "Point", "coordinates": [3.211696, 48.459211]}, "properties": {"year": 2023, "valeur_fonciere": 1200.0, "type_local": null, "surface_reelle_bati": null, "nombre_pieces_principales": null, "adresse_nom_voie": "COUTURE", "price_per_sqm": null, "date_iso": "2023-04-12", "parcelle": "77347000AB0169", "addr_num": ""}}, {"type": "Feature", "geometry": {"type": "Point", "coordinates": [3.211686, 48.458444]}, "properties": {"year": 2023, "valeur_fonciere": 1200.0, "type_local": null, "surface_reelle_bati": null, "nombre_pieces_principales": null, "adresse_nom_voie": "COUTURE", "price_per_sqm": null, "date_iso": "2023-04-12", "parcelle": "77347000AB0176", "addr_num": ""}}, {"type": "Feature", "geometry": {"type": "Point", "coordinates": [3.211565, 48.458825]}, "properties": {"year": 2023, "valeur_fonciere": 1200.0, "type_local": null, "surface_reelle_bati": null, "nombre_pieces_principales": null, "adresse_nom_voie": "COUTURE", "price_per_sqm": null, "date_iso": "2023-04-12", "parcelle": "77347000AB0178", "addr_num": ""}}, {"type": "Feature", "geometry": {"type": "Point", "coordinates": [3.211888, 48.458514]}, "properties": {"year": 2023, "valeur_fonciere": 150.0, "type_local": null, "surface_reelle_bati": null, "nombre_pieces_principales": null, "adresse_nom_voie": "COUTURE", "price_per_sqm": null, "date_iso": "2023-04-12", "parcelle": "77347000AB0173", "addr_num": ""}}, {"type": "Feature", "geometry": {"type": "Point", "coordinates": [3.234614, 48.473439]}, "properties": {"year": 2023, "valeur_fonciere": 30000.0, "type_local": null, "surface_reelle_bati": null, "nombre_pieces_principales": null, "adresse_nom_voie": "BAS DE CHATIVOT", "price_per_sqm": null, "date_iso": "2023-05-25", "parcelle": "773470000B0040", "addr_num": ""}}, {"type": "Feature", "geometry": {"type": "Point", "coordinates": [3.238961, 48.469022]}, "properties": {"year": 2023, "valeur_fonciere": 30000.0, "type_local": null, "surface_reelle_bati": null, "nombre_pieces_principales": null, "adresse_nom_voie": "LES NOUES", "price_per_sqm": null, "date_iso": "2023-05-25", "parcelle": "773470000C0387", "addr_num": ""}}, {"type": "Feature", "geometry": {"type": "Point", "coordinates": [3.238464, 48.468473]}, "properties": {"year": 2023, "valeur_fonciere": 30000.0, "type_local": null, "surface_reelle_bati": null, "nombre_pieces_principales": null, "adresse_nom_voie": "LES NOUES", "price_per_sqm": null, "date_iso": "2023-05-25", "parcelle": "773470000C0393", "addr_num": ""}}, {"type": "Feature", "geometry": {"type": "Point", "coordinates": [3.239011, 48.46805]}, "properties": {"year": 2023, "valeur_fonciere": 30000.0, "type_local": null, "surface_reelle_bati": null, "nombre_pieces_principales": null, "adresse_nom_voie": "LES NOUES", "price_per_sqm": null, "date_iso": "2023-05-25", "parcelle": "773470000C0400", "addr_num": ""}}, {"type": "Feature", "geometry": {"type": "Point", "coordinates": [3.238909, 48.467839]}, "properties": {"year": 2023, "valeur_fonciere": 30000.0, "type_local": null, "surface_reelle_bati": null, "nombre_pieces_principales": null, "adresse_nom_voie": "LES NOUES", "price_per_sqm": null, "date_iso": "2023-05-25", "parcelle": "773470000C0406", "addr_num": ""}}, {"type": "Feature", "geometry": {"type": "Point", "coordinates": [3.236633, 48.469466]}, "properties": {"year": 2023, "valeur_fonciere": 30000.0, "type_local": null, "surface_reelle_bati": null, "nombre_pieces_principales": null, "adresse_nom_voie": "CHAMBRY", "price_per_sqm": null, "date_iso": "2023-05-25", "parcelle": "773470000C0435", "addr_num": ""}}, {"type": "Feature", "geometry": {"type": "Point", "coordinates": [3.236495, 48.468053]}, "properties": {"year": 2023, "valeur_fonciere": 30000.0, "type_local": null, "surface_reelle_bati": null, "nombre_pieces_principales": null, "adresse_nom_voie": "CHAMBRY", "price_per_sqm": null, "date_iso": "2023-05-25", "parcelle": "773470000C0472", "addr_num": ""}}, {"type": "Feature", "geometry": {"type": "Point", "coordinates": [3.237064, 48.463267]}, "properties": {"year": 2023, "valeur_fonciere": 30000.0, "type_local": null, "surface_reelle_bati": null, "nombre_pieces_principales": null, "adresse_nom_voie": "CHAMBRY", "price_per_sqm": null, "date_iso": "2023-05-25", "parcelle": "773470000C0506", "addr_num": ""}}, {"type": "Feature", "geometry": {"type": "Point", "coordinates": [3.23854, 48.463482]}, "properties": {"year": 2023, "valeur_fonciere": 30000.0, "type_local": null, "surface_reelle_bati": null, "nombre_pieces_principales": null, "adresse_nom_voie": "CHAMBRY", "price_per_sqm": null, "date_iso": "2023-05-25", "parcelle": "773470000C0513", "addr_num": ""}}, {"type": "Feature", "geometry": {"type": "Point", "coordinates": [3.241634, 48.461802]}, "properties": {"year": 2023, "valeur_fonciere": 30000.0, "type_local": null, "surface_reelle_bati": null, "nombre_pieces_principales": null, "adresse_nom_voie": "LES SARAZINS", "price_per_sqm": null, "date_iso": "2023-05-25", "parcelle": "773470000C0580", "addr_num": ""}}, {"type": "Feature", "geometry": {"type": "Point", "coordinates": [3.243218, 48.460092]}, "properties": {"year": 2023, "valeur_fonciere": 30000.0, "type_local": null, "surface_reelle_bati": null, "nombre_pieces_principales": null, "adresse_nom_voie": "LES SARAZINS", "price_per_sqm": null, "date_iso": "2023-05-25", "parcelle": "773470000C0600", "addr_num": ""}}, {"type": "Feature", "geometry": {"type": "Point", "coordinates": [3.244006, 48.458256]}, "properties": {"year": 2023, "valeur_fonciere": 30000.0, "type_local": null, "surface_reelle_bati": null, "nombre_pieces_principales": null, "adresse_nom_voie": "LES SAUDRIEUES", "price_per_sqm": null, "date_iso": "2023-05-25", "parcelle": "773470000C0737", "addr_num": ""}}, {"type": "Feature", "geometry": {"type": "Point", "coordinates": [3.218751, 48.460257]}, "properties": {"year": 2023, "valeur_fonciere": 106000.0, "type_local": null, "surface_reelle_bati": null, "nombre_pieces_principales": null, "adresse_nom_voie": "COUTURE", "price_per_sqm": null, "date_iso": "2023-06-02", "parcelle": "77347000AB0077", "addr_num": ""}}, {"type": "Feature", "geometry": {"type": "Point", "coordinates": [3.219007, 48.460072]}, "properties": {"year": 2023, "valeur_fonciere": 106000.0, "type_local": "Dépendance", "surface_reelle_bati": null, "nombre_pieces_principales": 0.0, "adresse_nom_voie": "RUE MARCEL VIALLET", "price_per_sqm": null, "date_iso": "2023-06-02", "parcelle": "77347000AB0385", "addr_num": "6"}}, {"type": "Feature", "geometry": {"type": "Point", "coordinates": [3.219007, 48.460072]}, "properties": {"year": 2023, "valeur_fonciere": 106000.0, "type_local": "Maison", "surface_reelle_bati": 100.0, "nombre_pieces_principales": 3.0, "adresse_nom_voie": "RUE MARCEL VIALLET", "price_per_sqm": 1060.0, "date_iso": "2023-06-02", "parcelle": "77347000AB0385", "addr_num": "6"}}, {"type": "Feature", "geometry": {"type": "Point", "coordinates": [3.219187, 48.459907]}, "properties": {"year": 2023, "valeur_fonciere": 106000.0, "type_local": null, "surface_reelle_bati": null, "nombre_pieces_principales": null, "adresse_nom_voie": "COUTURE", "price_per_sqm": null, "date_iso": "2023-06-02", "parcelle": "77347000AB0387", "addr_num": ""}}, {"type": "Feature", "geometry": {"type": "Point", "coordinates": [3.232173, 48.471656]}, "properties": {"year": 2023, "valeur_fonciere": 2000.0, "type_local": null, "surface_reelle_bati": null, "nombre_pieces_principales": null, "adresse_nom_voie": "BAS DE CHATIVOT", "price_per_sqm": null, "date_iso": "2023-06-27", "parcelle": "773470000B0097", "addr_num": ""}}, {"type": "Feature", "geometry": {"type": "Point", "coordinates": [3.236359, 48.463095]}, "properties": {"year": 2023, "valeur_fonciere": 2000.0, "type_local": null, "surface_reelle_bati": null, "nombre_pieces_principales": null, "adresse_nom_voie": "LE PAILLE", "price_per_sqm": null, "date_iso": "2023-06-27", "parcelle": "773470000C0253", "addr_num": ""}}, {"type": "Feature", "geometry": {"type": "Point", "coordinates": [3.241281, 48.458728]}, "properties": {"year": 2023, "valeur_fonciere": 2000.0, "type_local": null, "surface_reelle_bati": null, "nombre_pieces_principales": null, "adresse_nom_voie": "LES SARAZINS", "price_per_sqm": null, "date_iso": "2023-06-27", "parcelle": "773470000C0655", "addr_num": ""}}, {"type": "Feature", "geometry": {"type": "Point", "coordinates": [3.230111, 48.451845]}, "properties": {"year": 2023, "valeur_fonciere": 137000.0, "type_local": null, "surface_reelle_bati": null, "nombre_pieces_principales": null, "adresse_nom_voie": "LES SAUVAGEONS", "price_per_sqm": null, "date_iso": "2023-07-10", "parcelle": "773470000D0544", "addr_num": ""}}, {"type": "Feature", "geometry": {"type": "Point", "coordinates": [3.230004, 48.451632]}, "properties": {"year": 2023, "valeur_fonciere": 137000.0, "type_local": null, "surface_reelle_bati": null, "nombre_pieces_principales": null, "adresse_nom_voie": "LES SAUVAGEONS", "price_per_sqm": null, "date_iso": "2023-07-10", "parcelle": "773470000D0545", "addr_num": ""}}, {"type": "Feature", "geometry": {"type": "Point", "coordinates": [3.231537, 48.445434]}, "properties": {"year": 2023, "valeur_fonciere": 137000.0, "type_local": null, "surface_reelle_bati": null, "nombre_pieces_principales": null, "adresse_nom_voie": "LES SOIXANTE", "price_per_sqm": null, "date_iso": "2023-07-10", "parcelle": "773470000D0640", "addr_num": ""}}, {"type": "Feature", "geometry": {"type": "Point", "coordinates": [3.217125, 48.44766]}, "properties": {"year": 2023, "valeur_fonciere": 137000.0, "type_local": null, "surface_reelle_bati": null, "nombre_pieces_principales": null, "adresse_nom_voie": "LES PATURES", "price_per_sqm": null, "date_iso": "2023-07-10", "parcelle": "773470000D0807", "addr_num": ""}}, {"type": "Feature", "geometry": {"type": "Point", "coordinates": [3.220513, 48.450807]}, "properties": {"year": 2023, "valeur_fonciere": 137000.0, "type_local": null, "surface_reelle_bati": null, "nombre_pieces_principales": null, "adresse_nom_voie": "COUTON", "price_per_sqm": null, "date_iso": "2023-07-10", "parcelle": "77347000ZE0008", "addr_num": ""}}, {"type": "Feature", "geometry": {"type": "Point", "coordinates": [3.235123, 48.465873]}, "properties": {"year": 2023, "valeur_fonciere": 3242.0, "type_local": null, "surface_reelle_bati": null, "nombre_pieces_principales": null, "adresse_nom_voie": "LE PAILLE", "price_per_sqm": null, "date_iso": "2023-07-11", "parcelle": "773470000C0299", "addr_num": ""}}, {"type": "Feature", "geometry": {"type": "Point", "coordinates": [3.215966, 48.45686]}, "properties": {"year": 2023, "valeur_fonciere": 3242.0, "type_local": null, "surface_reelle_bati": null, "nombre_pieces_principales": null, "adresse_nom_voie": "LE BOIS DE LA NOUE AUX VAC", "price_per_sqm": null, "date_iso": "2023-07-11", "parcelle": "773470000D0053", "addr_num": ""}}, {"type": "Feature", "geometry": {"type": "Point", "coordinates": [3.216208, 48.455884]}, "properties": {"year": 2023, "valeur_fonciere": 3242.0, "type_local": null, "surface_reelle_bati": null, "nombre_pieces_principales": null, "adresse_nom_voie": "LE BOIS DE LA NOUE AUX VAC", "price_per_sqm": null, "date_iso": "2023-07-11", "parcelle": "773470000D0111", "addr_num": ""}}, {"type": "Feature", "geometry": {"type": "Point", "coordinates": [3.215593, 48.454593]}, "properties": {"year": 2023, "valeur_fonciere": 3242.0, "type_local": null, "surface_reelle_bati": null, "nombre_pieces_principales": null, "adresse_nom_voie": "LE BOIS DE LA NOUE AUX VAC", "price_per_sqm": null, "date_iso": "2023-07-11", "parcelle": "773470000D0171", "addr_num": ""}}, {"type": "Feature", "geometry": {"type": "Point", "coordinates": [3.21854, 48.457141]}, "properties": {"year": 2023, "valeur_fonciere": 3242.0, "type_local": null, "surface_reelle_bati": null, "nombre_pieces_principales": null, "adresse_nom_voie": "LES MAISONS BLANCHES", "price_per_sqm": null, "date_iso": "2023-07-11", "parcelle": "773470000D0263", "addr_num": ""}}, {"type": "Feature", "geometry": {"type": "Point", "coordinates": [3.219478, 48.45697]}, "properties": {"year": 2023, "valeur_fonciere": 3242.0, "type_local": null, "surface_reelle_bati": null, "nombre_pieces_principales": null, "adresse_nom_voie": "LES MAISONS BLANCHES", "price_per_sqm": null, "date_iso": "2023-07-11", "parcelle": "773470000D0270", "addr_num": ""}}, {"type": "Feature", "geometry": {"type": "Point", "coordinates": [3.223633, 48.45704]}, "properties": {"year": 2023, "valeur_fonciere": 3242.0, "type_local": null, "surface_reelle_bati": null, "nombre_pieces_principales": null, "adresse_nom_voie": "COUTON", "price_per_sqm": null, "date_iso": "2023-07-11", "parcelle": "773470000D0364", "addr_num": ""}}, {"type": "Feature", "geometry": {"type": "Point", "coordinates": [3.223104, 48.457383]}, "properties": {"year": 2023, "valeur_fonciere": 3242.0, "type_local": null, "surface_reelle_bati": null, "nombre_pieces_principales": null, "adresse_nom_voie": "COUTON", "price_per_sqm": null, "date_iso": "2023-07-11", "parcelle": "773470000D0367", "addr_num": ""}}, {"type": "Feature", "geometry": {"type": "Point", "coordinates": [3.221094, 48.456253]}, "properties": {"year": 2023, "valeur_fonciere": 3242.0, "type_local": null, "surface_reelle_bati": null, "nombre_pieces_principales": null, "adresse_nom_voie": "COUTON", "price_per_sqm": null, "date_iso": "2023-07-11", "parcelle": "773470000D0420", "addr_num": ""}}, {"type": "Feature", "geometry": {"type": "Point", "coordinates": [3.216523, 48.453532]}, "properties": {"year": 2023, "valeur_fonciere": 3242.0, "type_local": null, "surface_reelle_bati": null, "nombre_pieces_principales": null, "adresse_nom_voie": "LES PATURES", "price_per_sqm": null, "date_iso": "2023-07-11", "parcelle": "773470000D0792", "addr_num": ""}}, {"type": "Feature", "geometry": {"type": "Point", "coordinates": [3.209162, 48.467951]}, "properties": {"year": 2023, "valeur_fonciere": 5826.0, "type_local": null, "surface_reelle_bati": null, "nombre_pieces_principales": null, "adresse_nom_voie": "LA REMISE", "price_per_sqm": null, "date_iso": "2023-10-19", "parcelle": "77347000ZA0016", "addr_num": ""}}, {"type": "Feature", "geometry": {"type": "Point", "coordinates": [3.234785, 48.468914]}, "properties": {"year": 2023, "valeur_fonciere": 234208.0, "type_local": null, "surface_reelle_bati": null, "nombre_pieces_principales": null, "adresse_nom_voie": "LE PAILLE", "price_per_sqm": null, "date_iso": "2023-10-30", "parcelle": "773470000C0348", "addr_num": ""}}, {"type": "Feature", "geometry": {"type": "Point", "coordinates": [3.20649, 48.470694]}, "properties": {"year": 2023, "valeur_fonciere": 234208.0, "type_local": null, "surface_reelle_bati": null, "nombre_pieces_principales": null, "adresse_nom_voie": "LA REMISE", "price_per_sqm": null, "date_iso": "2023-10-30", "parcelle": "77347000ZA0020", "addr_num": ""}}, {"type": "Feature", "geometry": {"type": "Point", "coordinates": [3.206667, 48.471958]}, "properties": {"year": 2023, "valeur_fonciere": 234208.0, "type_local": null, "surface_reelle_bati": null, "nombre_pieces_principales": null, "adresse_nom_voie": "LA REMISE", "price_per_sqm": null, "date_iso": "2023-10-30", "parcelle": "77347000ZA0021", "addr_num": ""}}, {"type": "Feature", "geometry": {"type": "Point", "coordinates": [3.220772, 48.472075]}, "properties": {"year": 2023, "valeur_fonciere": 234208.0, "type_local": null, "surface_reelle_bati": null, "nombre_pieces_principales": null, "adresse_nom_voie": "LE FOND DE LA PLANTE", "price_per_sqm": null, "date_iso": "2023-10-30", "parcelle": "77347000ZB0016", "addr_num": ""}}, {"type": "Feature", "geometry": {"type": "Point", "coordinates": [3.2307, 48.476207]}, "properties": {"year": 2023, "valeur_fonciere": 234208.0, "type_local": null, "surface_reelle_bati": null, "nombre_pieces_principales": null, "adresse_nom_voie": "LE HAUT DE CHATIVOT", "price_per_sqm": null, "date_iso": "2023-10-30", "parcelle": "77347000ZC0086", "addr_num": ""}}, {"type": "Feature", "geometry": {"type": "Point", "coordinates": [3.2307, 48.476207]}, "properties": {"year": 2023, "valeur_fonciere": 234208.0, "type_local": null, "surface_reelle_bati": null, "nombre_pieces_principales": null, "adresse_nom_voie": "LE HAUT DE CHATIVOT", "price_per_sqm": null, "date_iso": "2023-10-30", "parcelle": "77347000ZC0086", "addr_num": ""}}, {"type": "Feature", "geometry": {"type": "Point", "coordinates": [3.212606, 48.462117]}, "properties": {"year": 2023, "valeur_fonciere": 234208.0, "type_local": null, "surface_reelle_bati": null, "nombre_pieces_principales": null, "adresse_nom_voie": "LES FOSSES DE COUTURE", "price_per_sqm": null, "date_iso": "2023-10-30", "parcelle": "77347000ZD0024", "addr_num": ""}}, {"type": "Feature", "geometry": {"type": "Point", "coordinates": [3.213483, 48.462138]}, "properties": {"year": 2023, "valeur_fonciere": 234208.0, "type_local": null, "surface_reelle_bati": null, "nombre_pieces_principales": null, "adresse_nom_voie": "LES FOSSES DE COUTURE", "price_per_sqm": null, "date_iso": "2023-10-30", "parcelle": "77347000ZD0025", "addr_num": ""}}, {"type": "Feature", "geometry": {"type": "Point", "coordinates": [3.224858, 48.445564]}, "properties": {"year": 2023, "valeur_fonciere": 2971.64, "type_local": null, "surface_reelle_bati": null, "nombre_pieces_principales": null, "adresse_nom_voie": "LE CHATELET", "price_per_sqm": null, "date_iso": "2023-10-25", "parcelle": "773470000D0706", "addr_num": ""}}, {"type": "Feature", "geometry": {"type": "Point", "coordinates": [3.207281, 48.453671]}, "properties": {"year": 2023, "valeur_fonciere": 39804.59, "type_local": null, "surface_reelle_bati": null, "nombre_pieces_principales": null, "adresse_nom_voie": "LE BOIS DE LA MOTTE", "price_per_sqm": null, "date_iso": "2023-10-25", "parcelle": "773470000D0995", "addr_num": ""}}, {"type": "Feature", "geometry": {"type": "Point", "coordinates": [3.229247, 48.468934]}, "properties": {"year": 2023, "valeur_fonciere": 105000.0, "type_local": "Maison", "surface_reelle_bati": 80.0, "nombre_pieces_principales": 3.0, "adresse_nom_voie": "RUE DU MOULIN D OCLE", "price_per_sqm": 1312.5, "date_iso": "2023-12-08", "parcelle": "773470000C0062", "addr_num": "27"}}, {"type": "Feature", "geometry": {"type": "Point", "coordinates": [3.234785, 48.468914]}, "properties": {"year": 2023, "valeur_fonciere": 236058.0, "type_local": null, "surface_reelle_bati": null, "nombre_pieces_principales": null, "adresse_nom_voie": "LE PAILLE", "price_per_sqm": null, "date_iso": "2023-12-13", "parcelle": "773470000C0348", "addr_num": ""}}, {"type": "Feature", "geometry": {"type": "Point", "coordinates": [3.20649, 48.470694]}, "properties": {"year": 2023, "valeur_fonciere": 236058.0, "type_local": null, "surface_reelle_bati": null, "nombre_pieces_principales": null, "adresse_nom_voie": "LA REMISE", "price_per_sqm": null, "date_iso": "2023-12-13", "parcelle": "77347000ZA0020", "addr_num": ""}}, {"type": "Feature", "geometry": {"type": "Point", "coordinates": [3.206667, 48.471958]}, "properties": {"year": 2023, "valeur_fonciere": 236058.0, "type_local": null, "surface_reelle_bati": null, "nombre_pieces_principales": null, "adresse_nom_voie": "LA REMISE", "price_per_sqm": null, "date_iso": "2023-12-13", "parcelle": "77347000ZA0021", "addr_num": ""}}, {"type": "Feature", "geometry": {"type": "Point", "coordinates": [3.220772, 48.472075]}, "properties": {"year": 2023, "valeur_fonciere": 236058.0, "type_local": null, "surface_reelle_bati": null, "nombre_pieces_principales": null, "adresse_nom_voie": "LE FOND DE LA PLANTE", "price_per_sqm": null, "date_iso": "2023-12-13", "parcelle": "77347000ZB0016", "addr_num": ""}}, {"type": "Feature", "geometry": {"type": "Point", "coordinates": [3.2307, 48.476207]}, "properties": {"year": 2023, "valeur_fonciere": 236058.0, "type_local": null, "surface_reelle_bati": null, "nombre_pieces_principales": null, "adresse_nom_voie": "LE HAUT DE CHATIVOT", "price_per_sqm": null, "date_iso": "2023-12-13", "parcelle": "77347000ZC0086", "addr_num": ""}}, {"type": "Feature", "geometry": {"type": "Point", "coordinates": [3.2307, 48.476207]}, "properties": {"year": 2023, "valeur_fonciere": 236058.0, "type_local": null, "surface_reelle_bati": null, "nombre_pieces_principales": null, "adresse_nom_voie": "LE HAUT DE CHATIVOT", "price_per_sqm": null, "date_iso": "2023-12-13", "parcelle": "77347000ZC0086", "addr_num": ""}}, {"type": "Feature", "geometry": {"type": "Point", "coordinates": [3.212606, 48.462117]}, "properties": {"year": 2023, "valeur_fonciere": 236058.0, "type_local": null, "surface_reelle_bati": null, "nombre_pieces_principales": null, "adresse_nom_voie": "LES FOSSES DE COUTURE", "price_per_sqm": null, "date_iso": "2023-12-13", "parcelle": "77347000ZD0024", "addr_num": ""}}, {"type": "Feature", "geometry": {"type": "Point", "coordinates": [3.213483, 48.462138]}, "properties": {"year": 2023, "valeur_fonciere": 236058.0, "type_local": null, "surface_reelle_bati": null, "nombre_pieces_principales": null, "adresse_nom_voie": "LES FOSSES DE COUTURE", "price_per_sqm": null, "date_iso": "2023-12-13", "parcelle": "77347000ZD0025", "addr_num": ""}}, {"type": "Feature", "geometry": {"type": "Point", "coordinates": [3.228972, 48.465856]}, "properties": {"year": 2023, "valeur_fonciere": 179000.0, "type_local": "Dépendance", "surface_reelle_bati": null, "nombre_pieces_principales": 0.0, "adresse_nom_voie": "RUE DE LA RIVIERE", "price_per_sqm": null, "date_iso": "2023-12-30", "parcelle": "773470000C0963", "addr_num": "8"}}, {"type": "Feature", "geometry": {"type": "Point", "coordinates": [3.228972, 48.465856]}, "properties": {"year": 2023, "valeur_fonciere": 179000.0, "type_local": "Maison", "surface_reelle_bati": 73.0, "nombre_pieces_principales": 4.0, "adresse_nom_voie": "RUE DE LA RIVIERE", "price_per_sqm": 2452.054794520548, "date_iso": "2023-12-30", "parcelle": "773470000C0963", "addr_num": "8"}}, {"type": "Feature", "geometry": {"type": "Point", "coordinates": [3.228972, 48.465856]}, "properties": {"year": 2023, "valeur_fonciere": 179000.0, "type_local": "Dépendance", "surface_reelle_bati": null, "nombre_pieces_principales": 0.0, "adresse_nom_voie": "RUE DE LA RIVIERE", "price_per_sqm": null, "date_iso": "2023-12-30", "parcelle": "773470000C0963", "addr_num": "8"}}, {"type": "Feature", "geometry": {"type": "Point", "coordinates": [3.228972, 48.465856]}, "properties": {"year": 2023, "valeur_fonciere": 179000.0, "type_local": "Maison", "surface_reelle_bati": 73.0, "nombre_pieces_principales": 4.0, "adresse_nom_voie": "RUE DE LA RIVIERE", "price_per_sqm": 2452.054794520548, "date_iso": "2023-12-30", "parcelle": "773470000C0963", "addr_num": "8"}}, {"type": "Feature", "geometry": {"type": "Point", "coordinates": [3.224877, 48.461364]}, "properties": {"year": 2024, "valeur_fonciere": 199900.0, "type_local": null, "surface_reelle_bati": null, "nombre_pieces_principales": null, "adresse_nom_voie": "LES ORMES", "price_per_sqm": null, "date_iso": "2024-01-12", "parcelle": "77347000AC0056", "addr_num": ""}}, {"type": "Feature", "geometry": {"type": "Point", "coordinates": [3.224738, 48.461314]}, "properties": {"year": 2024, "valeur_fonciere": 199900.0, "type_local": "Maison", "surface_reelle_bati": 76.0, "nombre_pieces_principales": 3.0, "adresse_nom_voie": "GR GRANDE RUE DE COUTURE", "price_per_sqm": 2630.2631578947367, "date_iso": "2024-01-12", "parcelle": "77347000AC0057", "addr_num": "9"}}, {"type": "Feature", "geometry": {"type": "Point", "coordinates": [3.224767, 48.461072]}, "properties": {"year": 2024, "valeur_fonciere": 199900.0, "type_local": null, "surface_reelle_bati": null, "nombre_pieces_principales": null, "adresse_nom_voie": "LES ORMES", "price_per_sqm": null, "date_iso": "2024-01-12", "parcelle": "77347000AC0058", "addr_num": ""}}, {"type": "Feature", "geometry": {"type": "Point", "coordinates": [3.224767, 48.461072]}, "properties": {"year": 2024, "valeur_fonciere": 199900.0, "type_local": null, "surface_reelle_bati": null, "nombre_pieces_principales": null, "adresse_nom_voie": "LES ORMES", "price_per_sqm": null, "date_iso": "2024-01-12", "parcelle": "77347000AC0058", "addr_num": ""}}, {"type": "Feature", "geometry": {"type": "Point", "coordinates": [3.224874, 48.461316]}, "properties": {"year": 2024, "valeur_fonciere": 199900.0, "type_local": null, "surface_reelle_bati": null, "nombre_pieces_principales": null, "adresse_nom_voie": "LES ORMES", "price_per_sqm": null, "date_iso": "2024-01-12", "parcelle": "77347000AC0200", "addr_num": ""}}, {"type": "Feature", "geometry": {"type": "Point", "coordinates": [3.230912, 48.453243]}, "properties": {"year": 2024, "valeur_fonciere": 4732.0, "type_local": null, "surface_reelle_bati": null, "nombre_pieces_principales": null, "adresse_nom_voie": "LE BARNOIS", "price_per_sqm": null, "date_iso": "2024-03-21", "parcelle": "773470000C0863", "addr_num": ""}}, {"type": "Feature", "geometry": {"type": "Point", "coordinates": [3.228118, 48.450228]}, "properties": {"year": 2024, "valeur_fonciere": 4732.0, "type_local": null, "surface_reelle_bati": null, "nombre_pieces_principales": null, "adresse_nom_voie": "LES SAUVAGEONS", "price_per_sqm": null, "date_iso": "2024-03-21", "parcelle": "773470000D0567", "addr_num": ""}}, {"type": "Feature", "geometry": {"type": "Point", "coordinates": [3.228777, 48.450461]}, "properties": {"year": 2024, "valeur_fonciere": 4732.0, "type_local": null, "surface_reelle_bati": null, "nombre_pieces_principales": null, "adresse_nom_voie": "LES SAUVAGEONS", "price_per_sqm": null, "date_iso": "2024-03-21", "parcelle": "773470000D0571", "addr_num": ""}}, {"type": "Feature", "geometry": {"type": "Point", "coordinates": [3.213423, 48.447513]}, "properties": {"year": 2024, "valeur_fonciere": 4732.0, "type_local": null, "surface_reelle_bati": null, "nombre_pieces_principales": null, "adresse_nom_voie": "LES PATURES", "price_per_sqm": null, "date_iso": "2024-03-21", "parcelle": "773470000D1059", "addr_num": ""}}, {"type": "Feature", "geometry": {"type": "Point", "coordinates": [3.22579, 48.464884]}, "properties": {"year": 2024, "valeur_fonciere": 140000.0, "type_local": "Maison", "surface_reelle_bati": 88.0, "nombre_pieces_principales": 4.0, "adresse_nom_voie": "RTE NATIONALE", "price_per_sqm": 1590.909090909091, "date_iso": "2024-05-11", "parcelle": "77347000ZD0090", "addr_num": "4"}}, {"type": "Feature", "geometry": {"type": "Point", "coordinates": [3.2261, 48.464975]}, "properties": {"year": 2024, "valeur_fonciere": 140000.0, "type_local": null, "surface_reelle_bati": null, "nombre_pieces_principales": null, "adresse_nom_voie": "FRILURE", "price_per_sqm": null, "date_iso": "2024-05-11", "parcelle": "77347000ZD0170", "addr_num": ""}}, {"type": "Feature", "geometry": {"type": "Point", "coordinates": [3.230091, 48.467117]}, "properties": {"year": 2024, "valeur_fonciere": 55000.0, "type_local": "Dépendance", "surface_reelle_bati": null, "nombre_pieces_principales": 0.0, "adresse_nom_voie": "RUE DU MOULIN D OCLE", "price_per_sqm": null, "date_iso": "2024-05-07", "parcelle": "773470000C0134", "addr_num": "24"}}, {"type": "Feature", "geometry": {"type": "Point", "coordinates": [3.230091, 48.467117]}, "properties": {"year": 2024, "valeur_fonciere": 55000.0, "type_local": "Dépendance", "surface_reelle_bati": null, "nombre_pieces_principales": 0.0, "adresse_nom_voie": "RUE DU MOULIN D OCLE", "price_per_sqm": null, "date_iso": "2024-05-07", "parcelle": "773470000C0134", "addr_num": "24"}}, {"type": "Feature", "geometry": {"type": "Point", "coordinates": [3.229934, 48.466913]}, "properties": {"year": 2024, "valeur_fonciere": 55000.0, "type_local": null, "surface_reelle_bati": null, "nombre_pieces_principales": null, "adresse_nom_voie": "HAMEAU DU MOULIN D OCLE", "price_per_sqm": null, "date_iso": "2024-05-07", "parcelle": "773470000C0140", "addr_num": ""}}, {"type": "Feature", "geometry": {"type": "Point", "coordinates": [3.230189, 48.467239]}, "properties": {"year": 2024, "valeur_fonciere": 55000.0, "type_local": "Dépendance", "surface_reelle_bati": null, "nombre_pieces_principales": 0.0, "adresse_nom_voie": "RUE DE LA RIVIERE", "price_per_sqm": null, "date_iso": "2024-05-07", "parcelle": "773470000C1052", "addr_num": "31"}}, {"type": "Feature", "geometry": {"type": "Point", "coordinates": [3.230189, 48.467239]}, "properties": {"year": 2024, "valeur_fonciere": 55000.0, "type_local": "Dépendance", "surface_reelle_bati": null, "nombre_pieces_principales": 0.0, "adresse_nom_voie": "RUE DE LA RIVIERE", "price_per_sqm": null, "date_iso": "2024-05-07", "parcelle": "773470000C1052", "addr_num": "31"}}, {"type": "Feature", "geometry": {"type": "Point", "coordinates": [3.228411, 48.469718]}, "properties": {"year": 2024, "valeur_fonciere": 142000.0, "type_local": null, "surface_reelle_bati": null, "nombre_pieces_principales": null, "adresse_nom_voie": "HAMEAU DU MOULIN D OCLE", "price_per_sqm": null, "date_iso": "2024-06-07", "parcelle": "773470000C1020", "addr_num": ""}}, {"type": "Feature", "geometry": {"type": "Point", "coordinates": [3.228488, 48.469862]}, "properties": {"year": 2024, "valeur_fonciere": 142000.0, "type_local": "Maison", "surface_reelle_bati": 84.0, "nombre_pieces_principales": 4.0, "adresse_nom_voie": "RUE DU MOULIN D OCLE", "price_per_sqm": 1690.4761904761904, "date_iso": "2024-06-07", "parcelle": "773470000C1022", "addr_num": "41"}}, {"type": "Feature", "geometry": {"type": "Point", "coordinates": [3.229826, 48.468058]}, "properties": {"year": 2024, "valeur_fonciere": 58000.0, "type_local": null, "surface_reelle_bati": null, "nombre_pieces_principales": null, "adresse_nom_voie": "HAMEAU DU MOULIN D OCLE", "price_per_sqm": null, "date_iso": "2024-06-08", "parcelle": "773470000C1115", "addr_num": ""}}, {"type": "Feature", "geometry": {"type": "Point", "coordinates": [3.200958, 48.468473]}, "properties": {"year": 2024, "valeur_fonciere": 17477.3, "type_local": null, "surface_reelle_bati": null, "nombre_pieces_principales": null, "adresse_nom_voie": "LE VERT", "price_per_sqm": null, "date_iso": "2024-06-10", "parcelle": "77347000ZA0001", "addr_num": ""}}, {"type": "Feature", "geometry": {"type": "Point", "coordinates": [3.220989, 48.476815]}, "properties": {"year": 2024, "valeur_fonciere": 17477.3, "type_local": null, "surface_reelle_bati": null, "nombre_pieces_principales": null, "adresse_nom_voie": "LES VAUX", "price_per_sqm": null, "date_iso": "2024-06-10", "parcelle": "77347000ZC0063", "addr_num": ""}}, {"type": "Feature", "geometry": {"type": "Point", "coordinates": [3.226673, 48.455787]}, "properties": {"year": 2024, "valeur_fonciere": 17477.3, "type_local": null, "surface_reelle_bati": null, "nombre_pieces_principales": null, "adresse_nom_voie": "LES SAUVAGEONS", "price_per_sqm": null, "date_iso": "2024-06-10", "parcelle": "77347000ZE0014", "addr_num": ""}}, {"type": "Feature", "geometry": {"type": "Point", "coordinates": [3.228331, 48.466385]}, "properties": {"year": 2024, "valeur_fonciere": 260000.0, "type_local": "Local industriel. commercial ou assimilé", "surface_reelle_bati": 70.0, "nombre_pieces_principales": 0.0, "adresse_nom_voie": "RUE DE LA RIVIERE", "price_per_sqm": 3714.285714285714, "date_iso": "2024-06-14", "parcelle": "773470000C0047", "addr_num": "9"}}, {"type": "Feature", "geometry": {"type": "Point", "coordinates": [3.228331, 48.466385]}, "properties": {"year": 2024, "valeur_fonciere": 260000.0, "type_local": "Maison", "surface_reelle_bati": 129.0, "nombre_pieces_principales": 6.0, "adresse_nom_voie": "RUE DE LA RIVIERE", "price_per_sqm": 2015.5038759689924, "date_iso": "2024-06-14", "parcelle": "773470000C0047", "addr_num": "9"}}, {"type": "Feature", "geometry": {"type": "Point", "coordinates": [3.228255, 48.466292]}, "properties": {"year": 2024, "valeur_fonciere": 260000.0, "type_local": null, "surface_reelle_bati": null, "nombre_pieces_principales": null, "adresse_nom_voie": "HAMEAU DU MOULIN D OCLE", "price_per_sqm": null, "date_iso": "2024-06-14", "parcelle": "773470000C1170", "addr_num": ""}}, {"type": "Feature", "geometry": {"type": "Point", "coordinates": [3.229889, 48.468453]}, "properties": {"year": 2024, "valeur_fonciere": 58000.0, "type_local": null, "surface_reelle_bati": null, "nombre_pieces_principales": null, "adresse_nom_voie": "HAMEAU DU MOULIN D OCLE", "price_per_sqm": null, "date_iso": "2024-08-01", "parcelle": "773470000C1113", "addr_num": ""}}, {"type": "Feature", "geometry": {"type": "Point", "coordinates": [3.233256, 48.468126]}, "properties": {"year": 2024, "valeur_fonciere": 2300.0, "type_local": null, "surface_reelle_bati": null, "nombre_pieces_principales": null, "adresse_nom_voie": "LE PAILLE", "price_per_sqm": null, "date_iso": "2024-08-22", "parcelle": "773470000C0326", "addr_num": ""}}, {"type": "Feature", "geometry": {"type": "Point", "coordinates": [3.24207, 48.457962]}, "properties": {"year": 2024, "valeur_fonciere": 2300.0, "type_local": null, "surface_reelle_bati": null, "nombre_pieces_principales": null, "adresse_nom_voie": "LES SAUDRIEUES", "price_per_sqm": null, "date_iso": "2024-08-22", "parcelle": "773470000C0734", "addr_num": ""}}, {"type": "Feature", "geometry": {"type": "Point", "coordinates": [3.24238, 48.457826]}, "properties": {"year": 2024, "valeur_fonciere": 2300.0, "type_local": null, "surface_reelle_bati": null, "nombre_pieces_principales": null, "adresse_nom_voie": "LES SAUDRIEUES", "price_per_sqm": null, "date_iso": "2024-08-22", "parcelle": "773470000C0738", "addr_num": ""}}, {"type": "Feature", "geometry": {"type": "Point", "coordinates": [3.242021, 48.457627]}, "properties": {"year": 2024, "valeur_fonciere": 2300.0, "type_local": null, "surface_reelle_bati": null, "nombre_pieces_principales": null, "adresse_nom_voie": "LES SAUDRIEUES", "price_per_sqm": null, "date_iso": "2024-08-22", "parcelle": "773470000C0739", "addr_num": ""}}, {"type": "Feature", "geometry": {"type": "Point", "coordinates": [3.234442, 48.467894]}, "properties": {"year": 2024, "valeur_fonciere": 2300.0, "type_local": null, "surface_reelle_bati": null, "nombre_pieces_principales": null, "adresse_nom_voie": "LE PAILLE", "price_per_sqm": null, "date_iso": "2024-08-22", "parcelle": "773470000C0881", "addr_num": ""}}, {"type": "Feature", "geometry": {"type": "Point", "coordinates": [3.234537, 48.46799]}, "properties": {"year": 2024, "valeur_fonciere": 2300.0, "type_local": null, "surface_reelle_bati": null, "nombre_pieces_principales": null, "adresse_nom_voie": "LE PAILLE", "price_per_sqm": null, "date_iso": "2024-08-22", "parcelle": "773470000C0907", "addr_num": ""}}, {"type": "Feature", "geometry": {"type": "Point", "coordinates": [3.217562, 48.457945]}, "properties": {"year": 2024, "valeur_fonciere": 2300.0, "type_local": null, "surface_reelle_bati": null, "nombre_pieces_principales": null, "adresse_nom_voie": "LES MAISONS BLANCHES", "price_per_sqm": null, "date_iso": "2024-08-22", "parcelle": "773470000D0237", "addr_num": ""}}, {"type": "Feature", "geometry": {"type": "Point", "coordinates": [3.220265, 48.454943]}, "properties": {"year": 2024, "valeur_fonciere": 2300.0, "type_local": null, "surface_reelle_bati": null, "nombre_pieces_principales": null, "adresse_nom_voie": "COUTON", "price_per_sqm": null, "date_iso": "2024-08-22", "parcelle": "773470000D0471", "addr_num": ""}}, {"type": "Feature", "geometry": {"type": "Point", "coordinates": [3.223587, 48.475225]}, "properties": {"year": 2024, "valeur_fonciere": 2300.0, "type_local": null, "surface_reelle_bati": null, "nombre_pieces_principales": null, "adresse_nom_voie": "LES PIERREUX", "price_per_sqm": null, "date_iso": "2024-08-22", "parcelle": "77347000ZC0035", "addr_num": ""}}, {"type": "Feature", "geometry": {"type": "Point", "coordinates": [3.239579, 48.460984]}, "properties": {"year": 2024, "valeur_fonciere": 160000.0, "type_local": null, "surface_reelle_bati": null, "nombre_pieces_principales": null, "adresse_nom_voie": "LES SARAZINS", "price_per_sqm": null, "date_iso": "2024-10-14", "parcelle": "773470000C0561", "addr_num": ""}}, {"type": "Feature", "geometry": {"type": "Point", "coordinates": [3.239579, 48.460984]}, "properties": {"year": 2024, "valeur_fonciere": 160000.0, "type_local": null, "surface_reelle_bati": null, "nombre_pieces_principales": null, "adresse_nom_voie": "LES SARAZINS", "price_per_sqm": null, "date_iso": "2024-10-14", "parcelle": "773470000C0561", "addr_num": ""}}, {"type": "Feature", "geometry": {"type": "Point", "coordinates": [3.239507, 48.46082]}, "properties": {"year": 2024, "valeur_fonciere": 160000.0, "type_local": "Dépendance", "surface_reelle_bati": null, "nombre_pieces_principales": 0.0, "adresse_nom_voie": "RTE DES SAUDRIELLES", "price_per_sqm": null, "date_iso": "2024-10-14", "parcelle": "773470000C0562", "addr_num": "1"}}, {"type": "Feature", "geometry": {"type": "Point", "coordinates": [3.239507, 48.46082]}, "properties": {"year": 2024, "valeur_fonciere": 160000.0, "type_local": "Maison", "surface_reelle_bati": 50.0, "nombre_pieces_principales": 2.0, "adresse_nom_voie": "RTE DES SAUDRIELLES", "price_per_sqm": 3200.0, "date_iso": "2024-10-14", "parcelle": "773470000C0562", "addr_num": "1"}}, {"type": "Feature", "geometry": {"type": "Point", "coordinates": [3.239507, 48.46082]}, "properties": {"year": 2024, "valeur_fonciere": 160000.0, "type_local": "Dépendance", "surface_reelle_bati": null, "nombre_pieces_principales": 0.0, "adresse_nom_voie": "RTE DES SAUDRIELLES", "price_per_sqm": null, "date_iso": "2024-10-14", "parcelle": "773470000C0562", "addr_num": "1"}}, {"type": "Feature", "geometry": {"type": "Point", "coordinates": [3.239507, 48.46082]}, "properties": {"year": 2024, "valeur_fonciere": 160000.0, "type_local": "Maison", "surface_reelle_bati": 50.0, "nombre_pieces_principales": 2.0, "adresse_nom_voie": "RTE DES SAUDRIELLES", "price_per_sqm": 3200.0, "date_iso": "2024-10-14", "parcelle": "773470000C0562", "addr_num": "1"}}, {"type": "Feature", "geometry": {"type": "Point", "coordinates": [3.239507, 48.46082]}, "properties": {"year": 2024, "valeur_fonciere": 160000.0, "type_local": "Dépendance", "surface_reelle_bati": null, "nombre_pieces_principales": 0.0, "adresse_nom_voie": "RTE DES SAUDRIELLES", "price_per_sqm": null, "date_iso": "2024-10-14", "parcelle": "773470000C0562", "addr_num": "1"}}, {"type": "Feature", "geometry": {"type": "Point", "coordinates": [3.239507, 48.46082]}, "properties": {"year": 2024, "valeur_fonciere": 160000.0, "type_local": "Maison", "surface_reelle_bati": 50.0, "nombre_pieces_principales": 2.0, "adresse_nom_voie": "RTE DES SAUDRIELLES", "price_per_sqm": 3200.0, "date_iso": "2024-10-14", "parcelle": "773470000C0562", "addr_num": "1"}}, {"type": "Feature", "geometry": {"type": "Point", "coordinates": [3.238876, 48.460507]}, "properties": {"year": 2024, "valeur_fonciere": 160000.0, "type_local": null, "surface_reelle_bati": null, "nombre_pieces_principales": null, "adresse_nom_voie": "LES SARAZINS", "price_per_sqm": null, "date_iso": "2024-10-14", "parcelle": "773470000C0563", "addr_num": ""}}, {"type": "Feature", "geometry": {"type": "Point", "coordinates": [3.23964, 48.460668]}, "properties": {"year": 2024, "valeur_fonciere": 160000.0, "type_local": null, "surface_reelle_bati": null, "nombre_pieces_principales": null, "adresse_nom_voie": "LES SARAZINS", "price_per_sqm": null, "date_iso": "2024-10-14", "parcelle": "773470000C0564", "addr_num": ""}}, {"type": "Feature", "geometry": {"type": "Point", "coordinates": [3.240871, 48.460926]}, "properties": {"year": 2024, "valeur_fonciere": 160000.0, "type_local": null, "surface_reelle_bati": null, "nombre_pieces_principales": null, "adresse_nom_voie": "LES SARAZINS", "price_per_sqm": null, "date_iso": "2024-10-14", "parcelle": "773470000C0565", "addr_num": ""}}, {"type": "Feature", "geometry": {"type": "Point", "coordinates": [3.229892, 48.468257]}, "properties": {"year": 2024, "valeur_fonciere": 58000.0, "type_local": null, "surface_reelle_bati": null, "nombre_pieces_principales": null, "adresse_nom_voie": "HAMEAU DU MOULIN D OCLE", "price_per_sqm": null, "date_iso": "2024-10-09", "parcelle": "773470000C1114", "addr_num": ""}}, {"type": "Feature", "geometry": {"type": "Point", "coordinates": [3.227746, 48.46416]}, "properties": {"year": 2024, "valeur_fonciere": 210000.0, "type_local": "Dépendance", "surface_reelle_bati": null, "nombre_pieces_principales": 0.0, "adresse_nom_voie": "RTE NATIONALE", "price_per_sqm": null, "date_iso": "2024-10-26", "parcelle": "773470000C0004", "addr_num": "13"}}, {"type": "Feature", "geometry": {"type": "Point", "coordinates": [3.227746, 48.46416]}, "properties": {"year": 2024, "valeur_fonciere": 210000.0, "type_local": "Dépendance", "surface_reelle_bati": null, "nombre_pieces_principales": 0.0, "adresse_nom_voie": "RTE NATIONALE", "price_per_sqm": null, "date_iso": "2024-10-26", "parcelle": "773470000C0004", "addr_num": "13"}}, {"type": "Feature", "geometry": {"type": "Point", "coordinates": [3.227746, 48.46416]}, "properties": {"year": 2024, "valeur_fonciere": 210000.0, "type_local": "Maison", "surface_reelle_bati": 85.0, "nombre_pieces_principales": 5.0, "adresse_nom_voie": "RTE NATIONALE", "price_per_sqm": 2470.5882352941176, "date_iso": "2024-10-26", "parcelle": "773470000C0004", "addr_num": "13"}}, {"type": "Feature", "geometry": {"type": "Point", "coordinates": [3.227746, 48.46416]}, "properties": {"year": 2024, "valeur_fonciere": 210000.0, "type_local": "Dépendance", "surface_reelle_bati": null, "nombre_pieces_principales": 0.0, "adresse_nom_voie": "RTE NATIONALE", "price_per_sqm": null, "date_iso": "2024-10-26", "parcelle": "773470000C0004", "addr_num": "13"}}, {"type": "Feature", "geometry": {"type": "Point", "coordinates": [3.227746, 48.46416]}, "properties": {"year": 2024, "valeur_fonciere": 210000.0, "type_local": "Maison", "surface_reelle_bati": 85.0, "nombre_pieces_principales": 5.0, "adresse_nom_voie": "RTE NATIONALE", "price_per_sqm": 2470.5882352941176, "date_iso": "2024-10-26", "parcelle": "773470000C0004", "addr_num": "13"}}, {"type": "Feature", "geometry": {"type": "Point", "coordinates": [3.227746, 48.46416]}, "properties": {"year": 2024, "valeur_fonciere": 210000.0, "type_local": "Dépendance", "surface_reelle_bati": null, "nombre_pieces_principales": 0.0, "adresse_nom_voie": "RTE NATIONALE", "price_per_sqm": null, "date_iso": "2024-10-26", "parcelle": "773470000C0004", "addr_num": "13"}}, {"type": "Feature", "geometry": {"type": "Point", "coordinates": [3.227746, 48.46416]}, "properties": {"year": 2024, "valeur_fonciere": 210000.0, "type_local": "Dépendance", "surface_reelle_bati": null, "nombre_pieces_principales": 0.0, "adresse_nom_voie": "RTE NATIONALE", "price_per_sqm": null, "date_iso": "2024-10-26", "parcelle": "773470000C0004", "addr_num": "13"}}, {"type": "Feature", "geometry": {"type": "Point", "coordinates": [3.227746, 48.46416]}, "properties": {"year": 2024, "valeur_fonciere": 210000.0, "type_local": "Dépendance", "surface_reelle_bati": null, "nombre_pieces_principales": 0.0, "adresse_nom_voie": "RTE NATIONALE", "price_per_sqm": null, "date_iso": "2024-10-26", "parcelle": "773470000C0004", "addr_num": "13"}}, {"type": "Feature", "geometry": {"type": "Point", "coordinates": [3.24778, 48.449218]}, "properties": {"year": 2025, "valeur_fonciere": 110000.0, "type_local": "Maison", "surface_reelle_bati": 23.0, "nombre_pieces_principales": 1.0, "adresse_nom_voie": "LES CHINTRES", "price_per_sqm": 4782.608695652174, "date_iso": "2025-03-06", "parcelle": "773470000C0771", "addr_num": "5294"}}, {"type": "Feature", "geometry": {"type": "Point", "coordinates": [3.247963, 48.449352]}, "properties": {"year": 2025, "valeur_fonciere": 110000.0, "type_local": null, "surface_reelle_bati": null, "nombre_pieces_principales": null, "adresse_nom_voie": "LES CHINTRES", "price_per_sqm": null, "date_iso": "2025-03-06", "parcelle": "773470000C0772", "addr_num": ""}}, {"type": "Feature", "geometry": {"type": "Point", "coordinates": [3.247963, 48.449352]}, "properties": {"year": 2025, "valeur_fonciere": 110000.0, "type_local": null, "surface_reelle_bati": null, "nombre_pieces_principales": null, "adresse_nom_voie": "LES CHINTRES", "price_per_sqm": null, "date_iso": "2025-03-06", "parcelle": "773470000C0772", "addr_num": ""}}, {"type": "Feature", "geometry": {"type": "Point", "coordinates": [3.248061, 48.449386]}, "properties": {"year": 2025, "valeur_fonciere": 110000.0, "type_local": null, "surface_reelle_bati": null, "nombre_pieces_principales": null, "adresse_nom_voie": "LES CHINTRES", "price_per_sqm": null, "date_iso": "2025-03-06", "parcelle": "773470000C0773", "addr_num": ""}}, {"type": "Feature", "geometry": {"type": "Point", "coordinates": [3.248061, 48.449386]}, "properties": {"year": 2025, "valeur_fonciere": 110000.0, "type_local": null, "surface_reelle_bati": null, "nombre_pieces_principales": null, "adresse_nom_voie": "LES CHINTRES", "price_per_sqm": null, "date_iso": "2025-03-06", "parcelle": "773470000C0773", "addr_num": ""}}, {"type": "Feature", "geometry": {"type": "Point", "coordinates": [3.248143, 48.449372]}, "properties": {"year": 2025, "valeur_fonciere": 110000.0, "type_local": null, "surface_reelle_bati": null, "nombre_pieces_principales": null, "adresse_nom_voie": "LES CHINTRES", "price_per_sqm": null, "date_iso": "2025-03-06", "parcelle": "773470000C0982", "addr_num": ""}}, {"type": "Feature", "geometry": {"type": "Point", "coordinates": [3.248143, 48.449372]}, "properties": {"year": 2025, "valeur_fonciere": 110000.0, "type_local": null, "surface_reelle_bati": null, "nombre_pieces_principales": null, "adresse_nom_voie": "LES CHINTRES", "price_per_sqm": null, "date_iso": "2025-03-06", "parcelle": "773470000C0982", "addr_num": ""}}, {"type": "Feature", "geometry": {"type": "Point", "coordinates": [3.248187, 48.449685]}, "properties": {"year": 2025, "valeur_fonciere": 110000.0, "type_local": null, "surface_reelle_bati": null, "nombre_pieces_principales": null, "adresse_nom_voie": "LES CHINTRES", "price_per_sqm": null, "date_iso": "2025-03-06", "parcelle": "773470000C0985", "addr_num": ""}}, {"type": "Feature", "geometry": {"type": "Point", "coordinates": [3.248187, 48.449685]}, "properties": {"year": 2025, "valeur_fonciere": 110000.0, "type_local": null, "surface_reelle_bati": null, "nombre_pieces_principales": null, "adresse_nom_voie": "LES CHINTRES", "price_per_sqm": null, "date_iso": "2025-03-06", "parcelle": "773470000C0985", "addr_num": ""}}, {"type": "Feature", "geometry": {"type": "Point", "coordinates": [3.248557, 48.448898]}, "properties": {"year": 2025, "valeur_fonciere": 110000.0, "type_local": null, "surface_reelle_bati": null, "nombre_pieces_principales": null, "adresse_nom_voie": "LES CHINTRES", "price_per_sqm": null, "date_iso": "2025-03-06", "parcelle": "773470000C0986", "addr_num": ""}}, {"type": "Feature", "geometry": {"type": "Point", "coordinates": [3.248682, 48.448963]}, "properties": {"year": 2025, "valeur_fonciere": 110000.0, "type_local": null, "surface_reelle_bati": null, "nombre_pieces_principales": null, "adresse_nom_voie": "LES CHINTRES", "price_per_sqm": null, "date_iso": "2025-03-06", "parcelle": "773470000C0987", "addr_num": ""}}, {"type": "Feature", "geometry": {"type": "Point", "coordinates": [3.248462, 48.449525]}, "properties": {"year": 2025, "valeur_fonciere": 110000.0, "type_local": null, "surface_reelle_bati": null, "nombre_pieces_principales": null, "adresse_nom_voie": "LES CHINTRES", "price_per_sqm": null, "date_iso": "2025-03-06", "parcelle": "773470000C0988", "addr_num": ""}}, {"type": "Feature", "geometry": {"type": "Point", "coordinates": [3.248262, 48.450039]}, "properties": {"year": 2025, "valeur_fonciere": 110000.0, "type_local": null, "surface_reelle_bati": null, "nombre_pieces_principales": null, "adresse_nom_voie": "LES CHINTRES", "price_per_sqm": null, "date_iso": "2025-03-06", "parcelle": "773470000C0990", "addr_num": ""}}, {"type": "Feature", "geometry": {"type": "Point", "coordinates": [3.232721, 48.465109]}, "properties": {"year": 2025, "valeur_fonciere": 165000.0, "type_local": "Maison", "surface_reelle_bati": 90.0, "nombre_pieces_principales": 4.0, "adresse_nom_voie": "RUE DE L ABREUVOIR", "price_per_sqm": 1833.3333333333333, "date_iso": "2025-02-28", "parcelle": "773470000C0188", "addr_num": "28"}}, {"type": "Feature", "geometry": {"type": "Point", "coordinates": [3.232894, 48.464985]}, "properties": {"year": 2025, "valeur_fonciere": 165000.0, "type_local": null, "surface_reelle_bati": null, "nombre_pieces_principales": null, "adresse_nom_voie": "HAMEAU DU MOULIN D OCLE", "price_per_sqm": null, "date_iso": "2025-02-28", "parcelle": "773470000C0190", "addr_num": ""}}, {"type": "Feature", "geometry": {"type": "Point", "coordinates": [3.230988, 48.471186]}, "properties": {"year": 2025, "valeur_fonciere": 2086.0, "type_local": null, "surface_reelle_bati": null, "nombre_pieces_principales": null, "adresse_nom_voie": "BAS DE CHATIVOT", "price_per_sqm": null, "date_iso": "2025-03-29", "parcelle": "773470000B0128", "addr_num": ""}}, {"type": "Feature", "geometry": {"type": "Point", "coordinates": [3.216845, 48.457193]}, "properties": {"year": 2025, "valeur_fonciere": 2086.0, "type_local": null, "surface_reelle_bati": null, "nombre_pieces_principales": null, "adresse_nom_voie": "LE BOIS DE LA NOUE AUX VAC", "price_per_sqm": null, "date_iso": "2025-03-29", "parcelle": "773470000D0045", "addr_num": ""}}, {"type": "Feature", "geometry": {"type": "Point", "coordinates": [3.216217, 48.457089]}, "properties": {"year": 2025, "valeur_fonciere": 2086.0, "type_local": null, "surface_reelle_bati": null, "nombre_pieces_principales": null, "adresse_nom_voie": "LE BOIS DE LA NOUE AUX VAC", "price_per_sqm": null, "date_iso": "2025-03-29", "parcelle": "773470000D0050", "addr_num": ""}}, {"type": "Feature", "geometry": {"type": "Point", "coordinates": [3.217328, 48.456547]}, "properties": {"year": 2025, "valeur_fonciere": 2086.0, "type_local": null, "surface_reelle_bati": null, "nombre_pieces_principales": null, "adresse_nom_voie": "LE BOIS DE LA NOUE AUX VAC", "price_per_sqm": null, "date_iso": "2025-03-29", "parcelle": "773470000D0084", "addr_num": ""}}, {"type": "Feature", "geometry": {"type": "Point", "coordinates": [3.216872, 48.455934]}, "properties": {"year": 2025, "valeur_fonciere": 2086.0, "type_local": null, "surface_reelle_bati": null, "nombre_pieces_principales": null, "adresse_nom_voie": "LE BOIS DE LA NOUE AUX VAC", "price_per_sqm": null, "date_iso": "2025-03-29", "parcelle": "773470000D0108", "addr_num": ""}}, {"type": "Feature", "geometry": {"type": "Point", "coordinates": [3.216333, 48.455529]}, "properties": {"year": 2025, "valeur_fonciere": 2086.0, "type_local": null, "surface_reelle_bati": null, "nombre_pieces_principales": null, "adresse_nom_voie": "LE BOIS DE LA NOUE AUX VAC", "price_per_sqm": null, "date_iso": "2025-03-29", "parcelle": "773470000D0120", "addr_num": ""}}, {"type": "Feature", "geometry": {"type": "Point", "coordinates": [3.215337, 48.454848]}, "properties": {"year": 2025, "valeur_fonciere": 2086.0, "type_local": null, "surface_reelle_bati": null, "nombre_pieces_principales": null, "adresse_nom_voie": "LE BOIS DE LA NOUE AUX VAC", "price_per_sqm": null, "date_iso": "2025-03-29", "parcelle": "773470000D0168", "addr_num": ""}}, {"type": "Feature", "geometry": {"type": "Point", "coordinates": [3.216048, 48.454398]}, "properties": {"year": 2025, "valeur_fonciere": 2086.0, "type_local": null, "surface_reelle_bati": null, "nombre_pieces_principales": null, "adresse_nom_voie": "LE BOIS DE LA NOUE AUX VAC", "price_per_sqm": null, "date_iso": "2025-03-29", "parcelle": "773470000D0177", "addr_num": ""}}, {"type": "Feature", "geometry": {"type": "Point", "coordinates": [3.214882, 48.454155]}, "properties": {"year": 2025, "valeur_fonciere": 2086.0, "type_local": null, "surface_reelle_bati": null, "nombre_pieces_principales": null, "adresse_nom_voie": "LE BOIS DE LA NOUE AUX VAC", "price_per_sqm": null, "date_iso": "2025-03-29", "parcelle": "773470000D0186", "addr_num": ""}}, {"type": "Feature", "geometry": {"type": "Point", "coordinates": [3.219415, 48.449934]}, "properties": {"year": 2025, "valeur_fonciere": 2086.0, "type_local": null, "surface_reelle_bati": null, "nombre_pieces_principales": null, "adresse_nom_voie": "LES PETITES EPAVES", "price_per_sqm": null, "date_iso": "2025-03-29", "parcelle": "773470000D0759", "addr_num": ""}}, {"type": "Feature", "geometry": {"type": "Point", "coordinates": [3.216028, 48.458178]}, "properties": {"year": 2025, "valeur_fonciere": 1840.0, "type_local": null, "surface_reelle_bati": null, "nombre_pieces_principales": null, "adresse_nom_voie": "GUE BRIDOU", "price_per_sqm": null, "date_iso": "2025-03-29", "parcelle": "773470000D0224", "addr_num": ""}}, {"type": "Feature", "geometry": {"type": "Point", "coordinates": [3.216567, 48.458073]}, "properties": {"year": 2025, "valeur_fonciere": 1840.0, "type_local": null, "surface_reelle_bati": null, "nombre_pieces_principales": null, "adresse_nom_voie": "GUE BRIDOU", "price_per_sqm": null, "date_iso": "2025-03-29", "parcelle": "773470000D0229", "addr_num": ""}}, {"type": "Feature", "geometry": {"type": "Point", "coordinates": [3.21761, 48.458338]}, "properties": {"year": 2025, "valeur_fonciere": 1840.0, "type_local": null, "surface_reelle_bati": null, "nombre_pieces_principales": null, "adresse_nom_voie": "LES MAISONS BLANCHES", "price_per_sqm": null, "date_iso": "2025-03-29", "parcelle": "773470000D0241", "addr_num": ""}}, {"type": "Feature", "geometry": {"type": "Point", "coordinates": [3.218893, 48.457815]}, "properties": {"year": 2025, "valeur_fonciere": 1840.0, "type_local": null, "surface_reelle_bati": null, "nombre_pieces_principales": null, "adresse_nom_voie": "LES MAISONS BLANCHES", "price_per_sqm": null, "date_iso": "2025-03-29", "parcelle": "773470000D0252", "addr_num": ""}}, {"type": "Feature", "geometry": {"type": "Point", "coordinates": [3.222253, 48.456541]}, "properties": {"year": 2025, "valeur_fonciere": 1840.0, "type_local": null, "surface_reelle_bati": null, "nombre_pieces_principales": null, "adresse_nom_voie": "COUTON", "price_per_sqm": null, "date_iso": "2025-03-29", "parcelle": "773470000D0374", "addr_num": ""}}, {"type": "Feature", "geometry": {"type": "Point", "coordinates": [3.2215, 48.456947]}, "properties": {"year": 2025, "valeur_fonciere": 1840.0, "type_local": null, "surface_reelle_bati": null, "nombre_pieces_principales": null, "adresse_nom_voie": "COUTON", "price_per_sqm": null, "date_iso": "2025-03-29", "parcelle": "773470000D0401", "addr_num": ""}}, {"type": "Feature", "geometry": {"type": "Point", "coordinates": [3.221498, 48.456782]}, "properties": {"year": 2025, "valeur_fonciere": 1840.0, "type_local": null, "surface_reelle_bati": null, "nombre_pieces_principales": null, "adresse_nom_voie": "COUTON", "price_per_sqm": null, "date_iso": "2025-03-29", "parcelle": "773470000D0403", "addr_num": ""}}, {"type": "Feature", "geometry": {"type": "Point", "coordinates": [3.220102, 48.454976]}, "properties": {"year": 2025, "valeur_fonciere": 1840.0, "type_local": null, "surface_reelle_bati": null, "nombre_pieces_principales": null, "adresse_nom_voie": "COUTON", "price_per_sqm": null, "date_iso": "2025-03-29", "parcelle": "773470000D0467", "addr_num": ""}}, {"type": "Feature", "geometry": {"type": "Point", "coordinates": [3.22058, 48.454799]}, "properties": {"year": 2025, "valeur_fonciere": 1840.0, "type_local": null, "surface_reelle_bati": null, "nombre_pieces_principales": null, "adresse_nom_voie": "COUTON", "price_per_sqm": null, "date_iso": "2025-03-29", "parcelle": "773470000D0473", "addr_num": ""}}, {"type": "Feature", "geometry": {"type": "Point", "coordinates": [3.216302, 48.453712]}, "properties": {"year": 2025, "valeur_fonciere": 1840.0, "type_local": null, "surface_reelle_bati": null, "nombre_pieces_principales": null, "adresse_nom_voie": "LES PATURES", "price_per_sqm": null, "date_iso": "2025-03-29", "parcelle": "773470000D0791", "addr_num": ""}}, {"type": "Feature", "geometry": {"type": "Point", "coordinates": [3.198888, 48.455076]}, "properties": {"year": 2025, "valeur_fonciere": 1840.0, "type_local": null, "surface_reelle_bati": null, "nombre_pieces_principales": null, "adresse_nom_voie": "LES PRES AU DIABLE", "price_per_sqm": null, "date_iso": "2025-03-29", "parcelle": "773470000D0937", "addr_num": ""}}, {"type": "Feature", "geometry": {"type": "Point", "coordinates": [3.226041, 48.464727]}, "properties": {"year": 2025, "valeur_fonciere": 160000.0, "type_local": "Maison", "surface_reelle_bati": 84.0, "nombre_pieces_principales": 4.0, "adresse_nom_voie": "RTE NATIONALE", "price_per_sqm": 1904.7619047619048, "date_iso": "2025-03-28", "parcelle": "77347000ZD0137", "addr_num": "6"}}, {"type": "Feature", "geometry": {"type": "Point", "coordinates": [3.226041, 48.464727]}, "properties": {"year": 2025, "valeur_fonciere": 160000.0, "type_local": "Maison", "surface_reelle_bati": 84.0, "nombre_pieces_principales": 4.0, "adresse_nom_voie": "RTE NATIONALE", "price_per_sqm": 1904.7619047619048, "date_iso": "2025-03-28", "parcelle": "77347000ZD0137", "addr_num": "6"}}, {"type": "Feature", "geometry": {"type": "Point", "coordinates": [3.230026, 48.468628]}, "properties": {"year": 2025, "valeur_fonciere": 58000.0, "type_local": null, "surface_reelle_bati": null, "nombre_pieces_principales": null, "adresse_nom_voie": "RUE DU MOULIN D OCLE", "price_per_sqm": null, "date_iso": "2025-04-05", "parcelle": "773470000C1112", "addr_num": "26"}}, {"type": "Feature", "geometry": {"type": "Point", "coordinates": [3.2199, 48.46124]}, "properties": {"year": 2025, "valeur_fonciere": 169000.0, "type_local": "Maison", "surface_reelle_bati": 100.0, "nombre_pieces_principales": 5.0, "adresse_nom_voie": "GRANDE RUE DE COUTURE", "price_per_sqm": 1690.0, "date_iso": "2025-03-25", "parcelle": "77347000ZD0154", "addr_num": "22"}}, {"type": "Feature", "geometry": {"type": "Point", "coordinates": [3.238074, 48.464969]}, "properties": {"year": 2025, "valeur_fonciere": 10000.0, "type_local": null, "surface_reelle_bati": null, "nombre_pieces_principales": null, "adresse_nom_voie": "CHAMBRY", "price_per_sqm": null, "date_iso": "2025-05-15", "parcelle": "773470000C0501", "addr_num": ""}}, {"type": "Feature", "geometry": {"type": "Point", "coordinates": [3.23441, 48.463978]}, "properties": {"year": 2025, "valeur_fonciere": 161000.0, "type_local": null, "surface_reelle_bati": null, "nombre_pieces_principales": null, "adresse_nom_voie": "HAMEAU DU MOULIN D OCLE", "price_per_sqm": null, "date_iso": "2025-05-09", "parcelle": "773470000C0216", "addr_num": ""}}, {"type": "Feature", "geometry": {"type": "Point", "coordinates": [3.234076, 48.463713]}, "properties": {"year": 2025, "valeur_fonciere": 161000.0, "type_local": "Maison", "surface_reelle_bati": 139.0, "nombre_pieces_principales": 9.0, "adresse_nom_voie": "RTE D EVERLY", "price_per_sqm": 1158.273381294964, "date_iso": "2025-05-09", "parcelle": "773470000C0223", "addr_num": "21"}}, {"type": "Feature", "geometry": {"type": "Point", "coordinates": [3.234076, 48.463713]}, "properties": {"year": 2025, "valeur_fonciere": 161000.0, "type_local": "Maison", "surface_reelle_bati": 24.0, "nombre_pieces_principales": 1.0, "adresse_nom_voie": "RTE D EVERLY", "price_per_sqm": 6708.333333333333, "date_iso": "2025-05-09", "parcelle": "773470000C0223", "addr_num": "21"}}, {"type": "Feature", "geometry": {"type": "Point", "coordinates": [3.221301, 48.4603]}, "properties": {"year": 2025, "valeur_fonciere": 103000.0, "type_local": null, "surface_reelle_bati": null, "nombre_pieces_principales": null, "adresse_nom_voie": "LES ORMES", "price_per_sqm": null, "date_iso": "2025-05-24", "parcelle": "77347000AC0094", "addr_num": ""}}, {"type": "Feature", "geometry": {"type": "Point", "coordinates": [3.221161, 48.460872]}, "properties": {"year": 2025, "valeur_fonciere": 103000.0, "type_local": "Maison", "surface_reelle_bati": 80.0, "nombre_pieces_principales": 4.0, "adresse_nom_voie": "GRANDE RUE DE COUTURE", "price_per_sqm": 1287.5, "date_iso": "2025-05-24", "parcelle": "77347000AC0095", "addr_num": "39"}}, {"type": "Feature", "geometry": {"type": "Point", "coordinates": [3.221161, 48.460872]}, "properties": {"year": 2025, "valeur_fonciere": 103000.0, "type_local": "Maison", "surface_reelle_bati": 80.0, "nombre_pieces_principales": 4.0, "adresse_nom_voie": "GRANDE RUE DE COUTURE", "price_per_sqm": 1287.5, "date_iso": "2025-05-24", "parcelle": "77347000AC0095", "addr_num": "39"}}, {"type": "Feature", "geometry": {"type": "Point", "coordinates": [3.231638, 48.444659]}, "properties": {"year": 2025, "valeur_fonciere": 78000.0, "type_local": null, "surface_reelle_bati": null, "nombre_pieces_principales": null, "adresse_nom_voie": "LES SOIXANTE", "price_per_sqm": null, "date_iso": "2025-05-12", "parcelle": "773470000D0643", "addr_num": ""}}, {"type": "Feature", "geometry": {"type": "Point", "coordinates": [3.226303, 48.439796]}, "properties": {"year": 2025, "valeur_fonciere": 78000.0, "type_local": null, "surface_reelle_bati": null, "nombre_pieces_principales": null, "adresse_nom_voie": "LES SOIXANTE", "price_per_sqm": null, "date_iso": "2025-05-12", "parcelle": "773470000D0645", "addr_num": ""}}, {"type": "Feature", "geometry": {"type": "Point", "coordinates": [3.233133, 48.443118]}, "properties": {"year": 2025, "valeur_fonciere": 78000.0, "type_local": null, "surface_reelle_bati": null, "nombre_pieces_principales": null, "adresse_nom_voie": "LES SOIXANTE", "price_per_sqm": null, "date_iso": "2025-05-12", "parcelle": "773470000D0647", "addr_num": ""}}, {"type": "Feature", "geometry": {"type": "Point", "coordinates": [3.230638, 48.444917]}, "properties": {"year": 2025, "valeur_fonciere": 78000.0, "type_local": null, "surface_reelle_bati": null, "nombre_pieces_principales": null, "adresse_nom_voie": "LES SOIXANTE", "price_per_sqm": null, "date_iso": "2025-05-12", "parcelle": "773470000D1076", "addr_num": ""}}, {"type": "Feature", "geometry": {"type": "Point", "coordinates": [3.228855, 48.444836]}, "properties": {"year": 2025, "valeur_fonciere": 78000.0, "type_local": null, "surface_reelle_bati": null, "nombre_pieces_principales": null, "adresse_nom_voie": "LES SOIXANTE", "price_per_sqm": null, "date_iso": "2025-05-12", "parcelle": "773470000D1077", "addr_num": ""}}, {"type": "Feature", "geometry": {"type": "Point", "coordinates": [3.228855, 48.444836]}, "properties": {"year": 2025, "valeur_fonciere": 78000.0, "type_local": null, "surface_reelle_bati": null, "nombre_pieces_principales": null, "adresse_nom_voie": "LES SOIXANTE", "price_per_sqm": null, "date_iso": "2025-05-12", "parcelle": "773470000D1077", "addr_num": ""}}, {"type": "Feature", "geometry": {"type": "Point", "coordinates": [3.227642, 48.441435]}, "properties": {"year": 2025, "valeur_fonciere": 78000.0, "type_local": null, "surface_reelle_bati": null, "nombre_pieces_principales": null, "adresse_nom_voie": "LES SOIXANTE", "price_per_sqm": null, "date_iso": "2025-05-12", "parcelle": "773470000D1078", "addr_num": ""}}, {"type": "Feature", "geometry": {"type": "Point", "coordinates": [3.227642, 48.441435]}, "properties": {"year": 2025, "valeur_fonciere": 78000.0, "type_local": null, "surface_reelle_bati": null, "nombre_pieces_principales": null, "adresse_nom_voie": "LES SOIXANTE", "price_per_sqm": null, "date_iso": "2025-05-12", "parcelle": "773470000D1078", "addr_num": ""}}, {"type": "Feature", "geometry": {"type": "Point", "coordinates": [3.227642, 48.441435]}, "properties": {"year": 2025, "valeur_fonciere": 78000.0, "type_local": null, "surface_reelle_bati": null, "nombre_pieces_principales": null, "adresse_nom_voie": "LES SOIXANTE", "price_per_sqm": null, "date_iso": "2025-05-12", "parcelle": "773470000D1078", "addr_num": ""}}, {"type": "Feature", "geometry": {"type": "Point", "coordinates": [3.217244, 48.460723]}, "properties": {"year": 2025, "valeur_fonciere": 80000.0, "type_local": "Dépendance", "surface_reelle_bati": null, "nombre_pieces_principales": 0.0, "adresse_nom_voie": "GRANDE RUE DE COUTURE", "price_per_sqm": null, "date_iso": "2025-06-04", "parcelle": "77347000AB0043", "addr_num": "34"}}, {"type": "Feature", "geometry": {"type": "Point", "coordinates": [3.217244, 48.460723]}, "properties": {"year": 2025, "valeur_fonciere": 80000.0, "type_local": "Maison", "surface_reelle_bati": 35.0, "nombre_pieces_principales": 2.0, "adresse_nom_voie": "GRANDE RUE DE COUTURE", "price_per_sqm": 2285.714285714286, "date_iso": "2025-06-04", "parcelle": "77347000AB0043", "addr_num": "34"}}, {"type": "Feature", "geometry": {"type": "Point", "coordinates": [3.232111, 48.47231]}, "properties": {"year": 2025, "valeur_fonciere": 1100.0, "type_local": null, "surface_reelle_bati": null, "nombre_pieces_principales": null, "adresse_nom_voie": "BAS DE CHATIVOT", "price_per_sqm": null, "date_iso": "2025-06-17", "parcelle": "773470000B0106", "addr_num": ""}}, {"type": "Feature", "geometry": {"type": "Point", "coordinates": [3.231974, 48.470729]}, "properties": {"year": 2025, "valeur_fonciere": 7278.6, "type_local": null, "surface_reelle_bati": null, "nombre_pieces_principales": null, "adresse_nom_voie": "BAS DE CHATIVOT", "price_per_sqm": null, "date_iso": "2025-07-15", "parcelle": "773470000B0061", "addr_num": ""}}, {"type": "Feature", "geometry": {"type": "Point", "coordinates": [3.231424, 48.470931]}, "properties": {"year": 2025, "valeur_fonciere": 7278.6, "type_local": null, "surface_reelle_bati": null, "nombre_pieces_principales": null, "adresse_nom_voie": "BAS DE CHATIVOT", "price_per_sqm": null, "date_iso": "2025-07-15", "parcelle": "773470000B0080", "addr_num": ""}}, {"type": "Feature", "geometry": {"type": "Point", "coordinates": [3.23911, 48.468526]}, "properties": {"year": 2025, "valeur_fonciere": 7278.6, "type_local": null, "surface_reelle_bati": null, "nombre_pieces_principales": null, "adresse_nom_voie": "LES NOUES", "price_per_sqm": null, "date_iso": "2025-07-15", "parcelle": "773470000C0392", "addr_num": ""}}, {"type": "Feature", "geometry": {"type": "Point", "coordinates": [3.233372, 48.459697]}, "properties": {"year": 2025, "valeur_fonciere": 7278.6, "type_local": null, "surface_reelle_bati": null, "nombre_pieces_principales": null, "adresse_nom_voie": "LA PRELE", "price_per_sqm": null, "date_iso": "2025-07-15", "parcelle": "773470000C0693", "addr_num": ""}}, {"type": "Feature", "geometry": {"type": "Point", "coordinates": [3.231898, 48.459253]}, "properties": {"year": 2025, "valeur_fonciere": 7278.6, "type_local": null, "surface_reelle_bati": null, "nombre_pieces_principales": null, "adresse_nom_voie": "LA PRELE", "price_per_sqm": null, "date_iso": "2025-07-15", "parcelle": "773470000C0703", "addr_num": ""}}, {"type": "Feature", "geometry": {"type": "Point", "coordinates": [3.217821, 48.456478]}, "properties": {"year": 2025, "valeur_fonciere": 7278.6, "type_local": null, "surface_reelle_bati": null, "nombre_pieces_principales": null, "adresse_nom_voie": "LE BOIS DE LA NOUE AUX VAC", "price_per_sqm": null, "date_iso": "2025-07-15", "parcelle": "773470000D0087", "addr_num": ""}}, {"type": "Feature", "geometry": {"type": "Point", "coordinates": [3.21744, 48.456342]}, "properties": {"year": 2025, "valeur_fonciere": 7278.6, "type_local": null, "surface_reelle_bati": null, "nombre_pieces_principales": null, "adresse_nom_voie": "LE BOIS DE LA NOUE AUX VAC", "price_per_sqm": null, "date_iso": "2025-07-15", "parcelle": "773470000D0096", "addr_num": ""}}, {"type": "Feature", "geometry": {"type": "Point", "coordinates": [3.217318, 48.456003]}, "properties": {"year": 2025, "valeur_fonciere": 7278.6, "type_local": null, "surface_reelle_bati": null, "nombre_pieces_principales": null, "adresse_nom_voie": "LE BOIS DE LA NOUE AUX VAC", "price_per_sqm": null, "date_iso": "2025-07-15", "parcelle": "773470000D0107", "addr_num": ""}}, {"type": "Feature", "geometry": {"type": "Point", "coordinates": [3.217741, 48.455164]}, "properties": {"year": 2025, "valeur_fonciere": 7278.6, "type_local": null, "surface_reelle_bati": null, "nombre_pieces_principales": null, "adresse_nom_voie": "LE BOIS DE LA NOUE AUX VAC", "price_per_sqm": null, "date_iso": "2025-07-15", "parcelle": "773470000D0134", "addr_num": ""}}, {"type": "Feature", "geometry": {"type": "Point", "coordinates": [3.214581, 48.454772]}, "properties": {"year": 2025, "valeur_fonciere": 7278.6, "type_local": null, "surface_reelle_bati": null, "nombre_pieces_principales": null, "adresse_nom_voie": "LE BOIS DE LA NOUE AUX VAC", "price_per_sqm": null, "date_iso": "2025-07-15", "parcelle": "773470000D0200", "addr_num": ""}}, {"type": "Feature", "geometry": {"type": "Point", "coordinates": [3.217881, 48.458426]}, "properties": {"year": 2025, "valeur_fonciere": 7278.6, "type_local": null, "surface_reelle_bati": null, "nombre_pieces_principales": null, "adresse_nom_voie": "LES MAISONS BLANCHES", "price_per_sqm": null, "date_iso": "2025-07-15", "parcelle": "773470000D0298", "addr_num": ""}}, {"type": "Feature", "geometry": {"type": "Point", "coordinates": [3.228654, 48.450173]}, "properties": {"year": 2025, "valeur_fonciere": 7278.6, "type_local": null, "surface_reelle_bati": null, "nombre_pieces_principales": null, "adresse_nom_voie": "LES SAUVAGEONS", "price_per_sqm": null, "date_iso": "2025-07-15", "parcelle": "773470000D0580", "addr_num": ""}}, {"type": "Feature", "geometry": {"type": "Point", "coordinates": [3.2289, 48.449702]}, "properties": {"year": 2025, "valeur_fonciere": 7278.6, "type_local": null, "surface_reelle_bati": null, "nombre_pieces_principales": null, "adresse_nom_voie": "LES SAUVAGEONS", "price_per_sqm": null, "date_iso": "2025-07-15", "parcelle": "773470000D0593", "addr_num": ""}}, {"type": "Feature", "geometry": {"type": "Point", "coordinates": [3.22872, 48.44816]}, "properties": {"year": 2025, "valeur_fonciere": 7278.6, "type_local": null, "surface_reelle_bati": null, "nombre_pieces_principales": null, "adresse_nom_voie": "LE CHAMP BORDELAI", "price_per_sqm": null, "date_iso": "2025-07-15", "parcelle": "773470000D0613", "addr_num": ""}}, {"type": "Feature", "geometry": {"type": "Point", "coordinates": [3.228785, 48.447819]}, "properties": {"year": 2025, "valeur_fonciere": 7278.6, "type_local": null, "surface_reelle_bati": null, "nombre_pieces_principales": null, "adresse_nom_voie": "LE CHAMP BORDELAI", "price_per_sqm": null, "date_iso": "2025-07-15", "parcelle": "773470000D0616", "addr_num": ""}}, {"type": "Feature", "geometry": {"type": "Point", "coordinates": [3.204402, 48.460195]}, "properties": {"year": 2025, "valeur_fonciere": 7278.6, "type_local": null, "surface_reelle_bati": null, "nombre_pieces_principales": null, "adresse_nom_voie": "LE BOIS DE LA MOTTE", "price_per_sqm": null, "date_iso": "2025-07-15", "parcelle": "773470000D0951", "addr_num": ""}}, {"type": "Feature", "geometry": {"type": "Point", "coordinates": [3.22031, 48.446829]}, "properties": {"year": 2025, "valeur_fonciere": 7278.6, "type_local": null, "surface_reelle_bati": null, "nombre_pieces_principales": null, "adresse_nom_voie": "LES GRANDES EPAVES", "price_per_sqm": null, "date_iso": "2025-07-15", "parcelle": "773470000D1046", "addr_num": ""}}, {"type": "Feature", "geometry": {"type": "Point", "coordinates": [3.21745, 48.454569]}, "properties": {"year": 2025, "valeur_fonciere": 7278.6, "type_local": null, "surface_reelle_bati": null, "nombre_pieces_principales": null, "adresse_nom_voie": "LES PATURES", "price_per_sqm": null, "date_iso": "2025-07-15", "parcelle": "773470000D1053", "addr_num": ""}}, {"type": "Feature", "geometry": {"type": "Point", "coordinates": [3.213145, 48.447511]}, "properties": {"year": 2025, "valeur_fonciere": 7278.6, "type_local": null, "surface_reelle_bati": null, "nombre_pieces_principales": null, "adresse_nom_voie": "LES PATURES", "price_per_sqm": null, "date_iso": "2025-07-15", "parcelle": "773470000D1067", "addr_num": ""}}, {"type": "Feature", "geometry": {"type": "Point", "coordinates": [3.229615, 48.464506]}, "properties": {"year": 2025, "valeur_fonciere": 205000.0, "type_local": "Maison", "surface_reelle_bati": 117.0, "nombre_pieces_principales": 5.0, "adresse_nom_voie": "SEN DE LA MESSE", "price_per_sqm": 1752.1367521367522, "date_iso": "2025-09-10", "parcelle": "773470000C0969", "addr_num": "4"}}, {"type": "Feature", "geometry": {"type": "Point", "coordinates": [3.229615, 48.464506]}, "properties": {"year": 2025, "valeur_fonciere": 205000.0, "type_local": "Maison", "surface_reelle_bati": 117.0, "nombre_pieces_principales": 5.0, "adresse_nom_voie": "SEN DE LA MESSE", "price_per_sqm": 1752.1367521367522, "date_iso": "2025-09-10", "parcelle": "773470000C0969", "addr_num": "4"}}, {"type": "Feature", "geometry": {"type": "Point", "coordinates": [3.211696, 48.459211]}, "properties": {"year": 2025, "valeur_fonciere": 250.0, "type_local": null, "surface_reelle_bati": null, "nombre_pieces_principales": null, "adresse_nom_voie": "COUTURE", "price_per_sqm": null, "date_iso": "2025-09-26", "parcelle": "77347000AB0169", "addr_num": ""}}, {"type": "Feature", "geometry": {"type": "Point", "coordinates": [3.217749, 48.45948]}, "properties": {"year": 2025, "valeur_fonciere": 5000.0, "type_local": null, "surface_reelle_bati": null, "nombre_pieces_principales": null, "adresse_nom_voie": "COUTURE", "price_per_sqm": null, "date_iso": "2025-10-01", "parcelle": "77347000AB0293", "addr_num": ""}}, {"type": "Feature", "geometry": {"type": "Point", "coordinates": [3.213099, 48.458582]}, "properties": {"year": 2025, "valeur_fonciere": 5000.0, "type_local": null, "surface_reelle_bati": null, "nombre_pieces_principales": null, "adresse_nom_voie": "RUE DE LA FONTAINE", "price_per_sqm": null, "date_iso": "2025-10-17", "parcelle": "77347000AB0392", "addr_num": ""}}, {"type": "Feature", "geometry": {"type": "Point", "coordinates": [3.228134, 48.470343]}, "properties": {"year": 2025, "valeur_fonciere": 111000.0, "type_local": "Maison", "surface_reelle_bati": 52.0, "nombre_pieces_principales": 3.0, "adresse_nom_voie": "RUE DU MOULIN D OCLE", "price_per_sqm": 2134.6153846153848, "date_iso": "2025-10-11", "parcelle": "773470000C0898", "addr_num": "42"}}, {"type": "Feature", "geometry": {"type": "Point", "coordinates": [3.228134, 48.470343]}, "properties": {"year": 2025, "valeur_fonciere": 111000.0, "type_local": "Maison", "surface_reelle_bati": 52.0, "nombre_pieces_principales": 3.0, "adresse_nom_voie": "RUE DU MOULIN D OCLE", "price_per_sqm": 2134.6153846153848, "date_iso": "2025-10-11", "parcelle": "773470000C0898", "addr_num": "42"}}, {"type": "Feature", "geometry": {"type": "Point", "coordinates": [3.233171, 48.463448]}, "properties": {"year": 2025, "valeur_fonciere": 210000.0, "type_local": "Maison", "surface_reelle_bati": 165.0, "nombre_pieces_principales": 5.0, "adresse_nom_voie": "RUE DE L ABREUVOIR", "price_per_sqm": 1272.7272727272727, "date_iso": "2025-10-31", "parcelle": "773470000C0960", "addr_num": "1"}}, {"type": "Feature", "geometry": {"type": "Point", "coordinates": [3.21757, 48.460132]}, "properties": {"year": 2025, "valeur_fonciere": 7000.0, "type_local": null, "surface_reelle_bati": null, "nombre_pieces_principales": null, "adresse_nom_voie": "COUTURE", "price_per_sqm": null, "date_iso": "2025-11-06", "parcelle": "77347000AB0290", "addr_num": ""}}, {"type": "Feature", "geometry": {"type": "Point", "coordinates": [3.217839, 48.459989]}, "properties": {"year": 2025, "valeur_fonciere": 7000.0, "type_local": null, "surface_reelle_bati": null, "nombre_pieces_principales": null, "adresse_nom_voie": "COUTURE", "price_per_sqm": null, "date_iso": "2025-11-06", "parcelle": "77347000AB0292", "addr_num": ""}}, {"type": "Feature", "geometry": {"type": "Point", "coordinates": [3.222229, 48.460214]}, "properties": {"year": 2025, "valeur_fonciere": 270000.0, "type_local": "Maison", "surface_reelle_bati": 100.0, "nombre_pieces_principales": 4.0, "adresse_nom_voie": "GRANDE RUE DE COUTURE", "price_per_sqm": 2700.0, "date_iso": "2025-11-07", "parcelle": "77347000AC0224", "addr_num": "33"}}, {"type": "Feature", "geometry": {"type": "Point", "coordinates": [3.222127, 48.460567]}, "properties": {"year": 2025, "valeur_fonciere": 270000.0, "type_local": "Dépendance", "surface_reelle_bati": null, "nombre_pieces_principales": 0.0, "adresse_nom_voie": "GRANDE RUE DE COUTURE", "price_per_sqm": null, "date_iso": "2025-11-07", "parcelle": "77347000AC0226", "addr_num": "33"}}, {"type": "Feature", "geometry": {"type": "Point", "coordinates": [3.222127, 48.460567]}, "properties": {"year": 2025, "valeur_fonciere": 270000.0, "type_local": "Dépendance", "surface_reelle_bati": null, "nombre_pieces_principales": 0.0, "adresse_nom_voie": "GRANDE RUE DE COUTURE", "price_per_sqm": null, "date_iso": "2025-11-07", "parcelle": "77347000AC0226", "addr_num": "33"}}, {"type": "Feature", "geometry": {"type": "Point", "coordinates": [3.234601, 48.472499]}, "properties": {"year": 2025, "valeur_fonciere": 563.0, "type_local": null, "surface_reelle_bati": null, "nombre_pieces_principales": null, "adresse_nom_voie": "BAS DE CHATIVOT", "price_per_sqm": null, "date_iso": "2025-11-14", "parcelle": "773470000B0031", "addr_num": ""}}, {"type": "Feature", "geometry": {"type": "Point", "coordinates": [3.234981, 48.468203]}, "properties": {"year": 2025, "valeur_fonciere": 563.0, "type_local": null, "surface_reelle_bati": null, "nombre_pieces_principales": null, "adresse_nom_voie": "LE PAILLE", "price_per_sqm": null, "date_iso": "2025-11-14", "parcelle": "773470000C0337", "addr_num": ""}}, {"type": "Feature", "geometry": {"type": "Point", "coordinates": [3.238926, 48.469402]}, "properties": {"year": 2025, "valeur_fonciere": 563.0, "type_local": null, "surface_reelle_bati": null, "nombre_pieces_principales": null, "adresse_nom_voie": "LES NOUES", "price_per_sqm": null, "date_iso": "2025-11-14", "parcelle": "773470000C0385", "addr_num": ""}}, {"type": "Feature", "geometry": {"type": "Point", "coordinates": [3.237193, 48.468526]}, "properties": {"year": 2025, "valeur_fonciere": 563.0, "type_local": null, "surface_reelle_bati": null, "nombre_pieces_principales": null, "adresse_nom_voie": "CHAMBRY", "price_per_sqm": null, "date_iso": "2025-11-14", "parcelle": "773470000C0465", "addr_num": ""}}, {"type": "Feature", "geometry": {"type": "Point", "coordinates": [3.237192, 48.468329]}, "properties": {"year": 2025, "valeur_fonciere": 563.0, "type_local": null, "surface_reelle_bati": null, "nombre_pieces_principales": null, "adresse_nom_voie": "CHAMBRY", "price_per_sqm": null, "date_iso": "2025-11-14", "parcelle": "773470000C0468", "addr_num": ""}}, {"type": "Feature", "geometry": {"type": "Point", "coordinates": [3.243351, 48.460354]}, "properties": {"year": 2025, "valeur_fonciere": 563.0, "type_local": null, "surface_reelle_bati": null, "nombre_pieces_principales": null, "adresse_nom_voie": "LES SARAZINS", "price_per_sqm": null, "date_iso": "2025-11-14", "parcelle": "773470000C0596", "addr_num": ""}}, {"type": "Feature", "geometry": {"type": "Point", "coordinates": [3.220984, 48.455948]}, "properties": {"year": 2025, "valeur_fonciere": 563.0, "type_local": null, "surface_reelle_bati": null, "nombre_pieces_principales": null, "adresse_nom_voie": "COUTON", "price_per_sqm": null, "date_iso": "2025-11-14", "parcelle": "773470000D0433", "addr_num": ""}}, {"type": "Feature", "geometry": {"type": "Point", "coordinates": [3.215448, 48.457828]}, "properties": {"year": 2025, "valeur_fonciere": 1916.34, "type_local": null, "surface_reelle_bati": null, "nombre_pieces_principales": null, "adresse_nom_voie": "LE BOIS DE LA NOUE AUX VAC", "price_per_sqm": null, "date_iso": "2025-11-25", "parcelle": "773470000D0004", "addr_num": ""}}, {"type": "Feature", "geometry": {"type": "Point", "coordinates": [3.220622, 48.455506]}, "properties": {"year": 2025, "valeur_fonciere": 1916.34, "type_local": null, "surface_reelle_bati": null, "nombre_pieces_principales": null, "adresse_nom_voie": "COUTON", "price_per_sqm": null, "date_iso": "2025-11-25", "parcelle": "773470000D0445", "addr_num": ""}}, {"type": "Feature", "geometry": {"type": "Point", "coordinates": [3.21584, 48.46131]}, "properties": {"year": 2025, "valeur_fonciere": 90000.0, "type_local": null, "surface_reelle_bati": null, "nombre_pieces_principales": null, "adresse_nom_voie": "COUTURE", "price_per_sqm": null, "date_iso": "2025-12-10", "parcelle": "77347000AB0034", "addr_num": ""}}, {"type": "Feature", "geometry": {"type": "Point", "coordinates": [3.215936, 48.460784]}, "properties": {"year": 2025, "valeur_fonciere": 90000.0, "type_local": null, "surface_reelle_bati": null, "nombre_pieces_principales": null, "adresse_nom_voie": "COUTURE", "price_per_sqm": null, "date_iso": "2025-12-10", "parcelle": "77347000AB0035", "addr_num": ""}}, {"type": "Feature", "geometry": {"type": "Point", "coordinates": [3.216401, 48.460583]}, "properties": {"year": 2025, "valeur_fonciere": 90000.0, "type_local": null, "surface_reelle_bati": null, "nombre_pieces_principales": null, "adresse_nom_voie": "COUTURE", "price_per_sqm": null, "date_iso": "2025-12-10", "parcelle": "77347000AB0037", "addr_num": ""}}, {"type": "Feature", "geometry": {"type": "Point", "coordinates": [3.228998, 48.472484]}, "properties": {"year": 2025, "valeur_fonciere": 3300.0, "type_local": null, "surface_reelle_bati": null, "nombre_pieces_principales": null, "adresse_nom_voie": "LE HAUT DE CHATIVOT", "price_per_sqm": null, "date_iso": "2025-12-22", "parcelle": "77347000ZC0092", "addr_num": ""}}, {"type": "Feature", "geometry": {"type": "Point", "coordinates": [3.2286, 48.472456]}, "properties": {"year": 2025, "valeur_fonciere": 3300.0, "type_local": null, "surface_reelle_bati": null, "nombre_pieces_principales": null, "adresse_nom_voie": "LE HAUT DE CHATIVOT", "price_per_sqm": null, "date_iso": "2025-12-22", "parcelle": "77347000ZC0093", "addr_num": ""}}, {"type": "Feature", "geometry": {"type": "Point", "coordinates": [3.228977, 48.472298]}, "properties": {"year": 2025, "valeur_fonciere": 3300.0, "type_local": null, "surface_reelle_bati": null, "nombre_pieces_principales": null, "adresse_nom_voie": "LE HAUT DE CHATIVOT", "price_per_sqm": null, "date_iso": "2025-12-22", "parcelle": "77347000ZC0094", "addr_num": ""}}, {"type": "Feature", "geometry": {"type": "Point", "coordinates": [3.22453, 48.464895]}, "properties": {"year": 2025, "valeur_fonciere": 3300.0, "type_local": null, "surface_reelle_bati": null, "nombre_pieces_principales": null, "adresse_nom_voie": "FRILURE", "price_per_sqm": null, "date_iso": "2025-12-22", "parcelle": "77347000ZD0040", "addr_num": ""}}, {"type": "Feature", "geometry": {"type": "Point", "coordinates": [3.226324, 48.462465]}, "properties": {"year": 2025, "valeur_fonciere": 210000.0, "type_local": "Maison", "surface_reelle_bati": 171.0, "nombre_pieces_principales": 5.0, "adresse_nom_voie": "RES DES ORMES", "price_per_sqm": 1228.0701754385964, "date_iso": "2025-12-16", "parcelle": "77347000AC0161", "addr_num": "6"}}]}