{"type": "FeatureCollection", "features": [{"type": "Feature", "geometry": {"type": "Point", "coordinates": [3.130228, 48.951594]}, "properties": {"id_parcelle": "77183000AL0291", "address": "11 RUE DES VANNES", "sales": 165, "median_price": 3500000.0, "median_price_per_sqm": 53846.153846153844, "median_rooms": 0.0, "first_sale": "2021-06-01", "last_sale": "2024-09-05"}}, {"type": "Feature", "geometry": {"type": "Point", "coordinates": [3.12771, 48.950199]}, "properties": {"id_parcelle": "77183000AI0098", "address": "25 RUE MICHEL FAUVET", "sales": 59, "median_price": 3541911.8, "median_price_per_sqm": 63248.424999999996, "median_rooms": 0.0, "first_sale": "2024-10-23", "last_sale": "2024-10-23"}}, {"type": "Feature", "geometry": {"type": "Point", "coordinates": [3.132618, 48.948461]}, "properties": {"id_parcelle": "77183000AP0006", "address": "9 RUE DU FAUBOURG", "sales": 58, "median_price": 1050000.0, "median_price_per_sqm": 26586.53846153846, "median_rooms": 1.0, "first_sale": "2024-05-02", "last_sale": "2024-05-02"}}, {"type": "Feature", "geometry": {"type": "Point", "coordinates": [3.125896, 48.948304]}, "properties": {"id_parcelle": "77183000AH0418", "address": "3 RUE CHANZY", "sales": 54, "median_price": 1000000.0, "median_price_per_sqm": 83333.33333333333, "median_rooms": 0.0, "first_sale": "2021-06-29", "last_sale": "2021-06-29"}}, {"type": "Feature", "geometry": {"type": "Point", "coordinates": [3.132579, 48.951638]}, "properties": {"id_parcelle": "77183000AN0384", "address": "18 BD DU HUIT MAI 1945", "sales": 51, "median_price": 183000.0, "median_price_per_sqm": 2772.7272727272725, "median_rooms": 0.0, "first_sale": "2021-03-15", "last_sale": "2025-10-17"}}, {"type": "Feature", "geometry": {"type": "Point", "coordinates": [3.129231, 48.943596]}, "properties": {"id_parcelle": "77183000AZ0113", "address": "2 IMP DU LION", "sales": 39, "median_price": 83000.0, "median_price_per_sqm": 2709.6774193548385, "median_rooms": 0.0, "first_sale": "2021-04-02", "last_sale": "2025-12-01"}}, {"type": "Feature", "geometry": {"type": "Point", "coordinates": [3.127653, 48.942468]}, "properties": {"id_parcelle": "77183000BC0056", "address": "1 BD PASTEUR", "sales": 25, "median_price": 128700.0, "median_price_per_sqm": 2265.625, "median_rooms": 0.0, "first_sale": "2021-09-15", "last_sale": "2025-12-22"}}, {"type": "Feature", "geometry": {"type": "Point", "coordinates": [3.129369, 48.952548]}, "properties": {"id_parcelle": "77183000AL0329", "address": "23 RUE DES VANNES", "sales": 24, "median_price": 164000.0, "median_price_per_sqm": 3036.8852459016393, "median_rooms": 0.0, "first_sale": "2021-01-27", "last_sale": "2025-05-02"}}, {"type": "Feature", "geometry": {"type": "Point", "coordinates": [3.123927, 48.944124]}, "properties": {"id_parcelle": "77183000BC0257", "address": "2 PL DU MEMORIAL", "sales": 23, "median_price": 155000.0, "median_price_per_sqm": 3780.721966205837, "median_rooms": 0.0, "first_sale": "2022-03-07", "last_sale": "2025-09-23"}}, {"type": "Feature", "geometry": {"type": "Point", "coordinates": [3.118969, 48.944333]}, "properties": {"id_parcelle": "77183000BC0297", "address": "48 AV FRANKLIN ROOSEVELT", "sales": 23, "median_price": 96800.0, "median_price_per_sqm": 6012.5, "median_rooms": 0.0, "first_sale": "2021-06-30", "last_sale": "2025-12-08"}}, {"type": "Feature", "geometry": {"type": "Point", "coordinates": [3.121095, 48.943164]}, "properties": {"id_parcelle": "77183000BD0236", "address": "5 RUE DE JOUARRE", "sales": 21, "median_price": 160000.0, "median_price_per_sqm": 2583.400591875168, "median_rooms": 0.0, "first_sale": "2021-08-13", "last_sale": "2025-05-19"}}, {"type": "Feature", "geometry": {"type": "Point", "coordinates": [3.127, 48.950084]}, "properties": {"id_parcelle": "77183000AI0094", "address": "7 RUE ROGER", "sales": 20, "median_price": 170000.0, "median_price_per_sqm": 1842.7522349936144, "median_rooms": 0.0, "first_sale": "2021-03-11", "last_sale": "2024-12-04"}}, {"type": "Feature", "geometry": {"type": "Point", "coordinates": [3.13606, 48.950636]}, "properties": {"id_parcelle": "77183000AN0417", "address": "2 RUE DE REUIL", "sales": 19, "median_price": 122700.0, "median_price_per_sqm": 1757.7201112140872, "median_rooms": 0.0, "first_sale": "2023-12-21", "last_sale": "2025-12-02"}}, {"type": "Feature", "geometry": {"type": "Point", "coordinates": [3.133632, 48.947334]}, "properties": {"id_parcelle": "77183000AP0105", "address": "3 LA VILLE", "sales": 19, "median_price": 125000.0, "median_price_per_sqm": 1677.4891774891776, "median_rooms": 1.0, "first_sale": "2023-08-25", "last_sale": "2025-07-16"}}, {"type": "Feature", "geometry": {"type": "Point", "coordinates": [3.127611, 48.950631]}, "properties": {"id_parcelle": "77183000AI0090", "address": "33 RUE MICHEL FAUVET", "sales": 19, "median_price": 550000.0, "median_price_per_sqm": 12506.459948320415, "median_rooms": 1.0, "first_sale": "2022-03-28", "last_sale": "2022-03-28"}}, {"type": "Feature", "geometry": {"type": "Point", "coordinates": [3.133462, 48.94739]}, "properties": {"id_parcelle": "77183000AP0106", "address": "3 RUE DE CONDE", "sales": 18, "median_price": 350000.0, "median_price_per_sqm": 7291.666666666667, "median_rooms": 1.0, "first_sale": "2023-08-25", "last_sale": "2023-08-25"}}, {"type": "Feature", "geometry": {"type": "Point", "coordinates": [3.135423, 48.951123]}, "properties": {"id_parcelle": "77183000AN0383", "address": "3 RUE DU STADE", "sales": 18, "median_price": 169800.0, "median_price_per_sqm": 2403.75557949823, "median_rooms": 0.0, "first_sale": "2021-10-07", "last_sale": "2025-01-30"}}, {"type": "Feature", "geometry": {"type": "Point", "coordinates": [3.110189, 48.950565]}, "properties": {"id_parcelle": "77183000AC0256", "address": "RUE PIERRE MARX", "sales": 18, "median_price": 164000.0, "median_price_per_sqm": 3390.33195429472, "median_rooms": 0.0, "first_sale": "2022-12-21", "last_sale": "2023-05-23"}}, {"type": "Feature", "geometry": {"type": "Point", "coordinates": [3.126262, 48.943733]}, "properties": {"id_parcelle": "77183000BC0323", "address": "1 RUE DE L ILE CAQUOT", "sales": 17, "median_price": 130000.0, "median_price_per_sqm": 3061.8390129259697, "median_rooms": 0.0, "first_sale": "2022-01-31", "last_sale": "2025-12-08"}}, {"type": "Feature", "geometry": {"type": "Point", "coordinates": [3.131084, 48.957398]}, "properties": {"id_parcelle": "77183000AL0003", "address": "64 AV DU GENERAL LECLERC", "sales": 16, "median_price": 278000.0, "median_price_per_sqm": 2964.4454382826475, "median_rooms": 0.0, "first_sale": "2021-04-30", "last_sale": "2023-04-06"}}, {"type": "Feature", "geometry": {"type": "Point", "coordinates": [3.130897, 48.950317]}, "properties": {"id_parcelle": "77183000AK0263", "address": "4 RUE SAINT NICOLAS", "sales": 16, "median_price": 117500.0, "median_price_per_sqm": 2190.4761904761904, "median_rooms": 1.0, "first_sale": "2023-07-31", "last_sale": "2024-10-23"}}, {"type": "Feature", "geometry": {"type": "Point", "coordinates": [3.132706, 48.947406]}, "properties": {"id_parcelle": "77183000AP0115", "address": "14 RUE DE CONDE", "sales": 16, "median_price": 450000.0, "median_price_per_sqm": 13636.363636363636, "median_rooms": 0.5, "first_sale": "2023-05-26", "last_sale": "2023-05-26"}}, {"type": "Feature", "geometry": {"type": "Point", "coordinates": [3.135421, 48.950768]}, "properties": {"id_parcelle": "77183000AN0418", "address": "3 RUE DES MOULINS", "sales": 15, "median_price": 145000.0, "median_price_per_sqm": 2712.121212121212, "median_rooms": 0.0, "first_sale": "2021-02-04", "last_sale": "2025-03-31"}}, {"type": "Feature", "geometry": {"type": "Point", "coordinates": [3.128569, 48.949818]}, "properties": {"id_parcelle": "77183000AK0127", "address": "42 RUE DES BAS FOSSES", "sales": 15, "median_price": 500000.0, "median_price_per_sqm": 12698.4126984127, "median_rooms": 0.0, "first_sale": "2021-12-08", "last_sale": "2021-12-08"}}, {"type": "Feature", "geometry": {"type": "Point", "coordinates": [3.128426, 48.943193]}, "properties": {"id_parcelle": "77183000AZ0127", "address": "103 RUE DE CONDE", "sales": 14, "median_price": 100000.0, "median_price_per_sqm": 2754.1666666666665, "median_rooms": 1.0, "first_sale": "2021-01-08", "last_sale": "2024-01-25"}}, {"type": "Feature", "geometry": {"type": "Point", "coordinates": [3.125538, 48.950231]}, "properties": {"id_parcelle": "77183000AI0360", "address": "13 RUE DE LA GARE", "sales": 14, "median_price": 57000.0, "median_price_per_sqm": 2000.0, "median_rooms": 0.0, "first_sale": "2021-02-12", "last_sale": "2023-02-28"}}, {"type": "Feature", "geometry": {"type": "Point", "coordinates": [3.115099, 48.950057]}, "properties": {"id_parcelle": "77183000AE0002", "address": "114 RUE PIERRE MARX", "sales": 14, "median_price": 570000.0, "median_price_per_sqm": 13571.42857142857, "median_rooms": 1.0, "first_sale": "2023-06-01", "last_sale": "2023-06-01"}}, {"type": "Feature", "geometry": {"type": "Point", "coordinates": [3.132162, 48.94808]}, "properties": {"id_parcelle": "77183000AP0184", "address": "14 RUE DU PORT AUX MEULES", "sales": 14, "median_price": 81500.0, "median_price_per_sqm": 2037.5, "median_rooms": 2.0, "first_sale": "2021-05-21", "last_sale": "2024-02-28"}}, {"type": "Feature", "geometry": {"type": "Point", "coordinates": [3.129049, 48.940626]}, "properties": {"id_parcelle": "77183000BC0293", "address": "15 RUE DU PARC DE CONDE", "sales": 13, "median_price": 108000.0, "median_price_per_sqm": 1797.944314337757, "median_rooms": 0.0, "first_sale": "2022-05-03", "last_sale": "2023-10-26"}}, {"type": "Feature", "geometry": {"type": "Point", "coordinates": [3.122028, 48.940611]}, "properties": {"id_parcelle": "77183000BD0278", "address": "12 RUE DU PETIT CONDETZ", "sales": 12, "median_price": 300000.0, "median_price_per_sqm": 1923.076923076923, "median_rooms": 0.0, "first_sale": "2023-09-07", "last_sale": "2023-09-07"}}, {"type": "Feature", "geometry": {"type": "Point", "coordinates": [3.142723, 48.939114]}, "properties": {"id_parcelle": "77183000AX0358", "address": "5 RUE DES AVERNES", "sales": 12, "median_price": 205000.0, "median_price_per_sqm": 4006.1619718309857, "median_rooms": 0.0, "first_sale": "2022-09-07", "last_sale": "2022-09-07"}}, {"type": "Feature", "geometry": {"type": "Point", "coordinates": [3.128122, 48.942818]}, "properties": {"id_parcelle": "77183000AZ0192", "address": "1 AV DE MONTMIRAIL", "sales": 11, "median_price": 197000.0, "median_price_per_sqm": 2552.6315789473683, "median_rooms": 0.0, "first_sale": "2024-08-29", "last_sale": "2025-08-29"}}, {"type": "Feature", "geometry": {"type": "Point", "coordinates": [3.126278, 48.950356]}, "properties": {"id_parcelle": "77183000AI0151", "address": "7 RUE DE LA GARE", "sales": 9, "median_price": 55000.0, "median_price_per_sqm": 1756.9444444444443, "median_rooms": 0.0, "first_sale": "2021-06-22", "last_sale": "2025-08-06"}}, {"type": "Feature", "geometry": {"type": "Point", "coordinates": [3.120324, 48.941161]}, "properties": {"id_parcelle": "77183000BD0219", "address": "22 RUE DE JOUARRE", "sales": 9, "median_price": 95500.0, "median_price_per_sqm": 2587.594696969697, "median_rooms": 0.5, "first_sale": "2021-11-05", "last_sale": "2025-11-26"}}, {"type": "Feature", "geometry": {"type": "Point", "coordinates": [3.126707, 48.949789]}, "properties": {"id_parcelle": "77183000AI0336", "address": "9 RUE ROGER", "sales": 8, "median_price": 138000.0, "median_price_per_sqm": 2629.6296296296296, "median_rooms": 0.0, "first_sale": "2021-10-29", "last_sale": "2024-12-20"}}, {"type": "Feature", "geometry": {"type": "Point", "coordinates": [3.141219, 48.949175]}, "properties": {"id_parcelle": "77183000AO0119", "address": "77 RUE RENE MESSEAUX", "sales": 8, "median_price": 454500.0, "median_price_per_sqm": 2705.357142857143, "median_rooms": 2.5, "first_sale": "2021-09-30", "last_sale": "2023-06-28"}}, {"type": "Feature", "geometry": {"type": "Point", "coordinates": [3.132299, 48.948106]}, "properties": {"id_parcelle": "77183000AP0148", "address": "LA VILLE", "sales": 8, "median_price": 78000.0, "median_price_per_sqm": null, "median_rooms": null, "first_sale": "2021-05-21", "last_sale": "2024-02-28"}}, {"type": "Feature", "geometry": {"type": "Point", "coordinates": [3.131874, 48.948119]}, "properties": {"id_parcelle": "77183000AP0157", "address": "5 QUAI DES ANGLAIS", "sales": 8, "median_price": 760000.0, "median_price_per_sqm": 19000.0, "median_rooms": 2.0, "first_sale": "2022-06-17", "last_sale": "2022-06-17"}}, {"type": "Feature", "geometry": {"type": "Point", "coordinates": [3.125849, 48.941408]}, "properties": {"id_parcelle": "77183000BC0349", "address": "32 BD PASTEUR", "sales": 8, "median_price": 148000.0, "median_price_per_sqm": 1850.0, "median_rooms": 0.0, "first_sale": "2023-02-14", "last_sale": "2023-02-14"}}, {"type": "Feature", "geometry": {"type": "Point", "coordinates": [3.123641, 48.943899]}, "properties": {"id_parcelle": "77183000BC0264", "address": "4 PL DU MEMORIAL", "sales": 8, "median_price": 115000.0, "median_price_per_sqm": 1777.3809523809523, "median_rooms": 0.0, "first_sale": "2021-02-01", "last_sale": "2023-08-16"}}, {"type": "Feature", "geometry": {"type": "Point", "coordinates": [3.130693, 48.956233]}, "properties": {"id_parcelle": "77183000AL0402", "address": "58 AV DU GENERAL LECLERC", "sales": 8, "median_price": 178000.0, "median_price_per_sqm": 2920.183982683983, "median_rooms": 0.0, "first_sale": "2021-07-09", "last_sale": "2024-07-16"}}, {"type": "Feature", "geometry": {"type": "Point", "coordinates": [3.133824, 48.964901]}, "properties": {"id_parcelle": "77183000ZD0007", "address": "45 AV DE CHATEAU THIERRY", "sales": 8, "median_price": 270000.0, "median_price_per_sqm": 3857.1428571428573, "median_rooms": 0.0, "first_sale": "2024-07-24", "last_sale": "2024-07-24"}}, {"type": "Feature", "geometry": {"type": "Point", "coordinates": [3.127824, 48.951247]}, "properties": {"id_parcelle": "77183000AL0140", "address": "42 RUE MICHEL FAUVET", "sales": 7, "median_price": 50000.0, "median_price_per_sqm": 2142.8571428571427, "median_rooms": 0.0, "first_sale": "2021-11-10", "last_sale": "2025-01-07"}}, {"type": "Feature", "geometry": {"type": "Point", "coordinates": [3.128858, 48.95043]}, "properties": {"id_parcelle": "77183000AK0148", "address": "25 RUE DES HAUTS FOSSES", "sales": 7, "median_price": 285000.0, "median_price_per_sqm": 7821.428571428572, "median_rooms": 2.0, "first_sale": "2021-10-21", "last_sale": "2021-10-21"}}, {"type": "Feature", "geometry": {"type": "Point", "coordinates": [3.128116, 48.949843]}, "properties": {"id_parcelle": "77183000AI0114", "address": "47 RUE DES BAS FOSSES", "sales": 7, "median_price": 280953.0, "median_price_per_sqm": 8788.363636363636, "median_rooms": 1.0, "first_sale": "2024-03-22", "last_sale": "2024-03-22"}}, {"type": "Feature", "geometry": {"type": "Point", "coordinates": [3.129764, 48.949486]}, "properties": {"id_parcelle": "77183000AK0047", "address": "25 RUE DES PELLETIERS", "sales": 7, "median_price": 250000.0, "median_price_per_sqm": 4166.666666666667, "median_rooms": 0.0, "first_sale": "2024-10-31", "last_sale": "2024-10-31"}}, {"type": "Feature", "geometry": {"type": "Point", "coordinates": [3.12927, 48.948591]}, "properties": {"id_parcelle": "77183000AK0087", "address": "10 RUE DES BAS FOSSES", "sales": 7, "median_price": 90000.0, "median_price_per_sqm": 1914.8936170212767, "median_rooms": 0.0, "first_sale": "2022-11-29", "last_sale": "2025-12-04"}}, {"type": "Feature", "geometry": {"type": "Point", "coordinates": [3.126931, 48.951479]}, "properties": {"id_parcelle": "77183000AI0082", "address": "1 RUE DU LIMON", "sales": 7, "median_price": 312000.0, "median_price_per_sqm": 10075.0, "median_rooms": 1.0, "first_sale": "2021-10-15", "last_sale": "2021-10-15"}}, {"type": "Feature", "geometry": {"type": "Point", "coordinates": [3.122543, 48.949673]}, "properties": {"id_parcelle": "77183000AI0334", "address": "80 RUE PIERRE MARX", "sales": 7, "median_price": 80000.0, "median_price_per_sqm": 2166.666666666667, "median_rooms": 1.0, "first_sale": "2022-09-13", "last_sale": "2025-01-23"}}, {"type": "Feature", "geometry": {"type": "Point", "coordinates": [3.106944, 48.952635]}, "properties": {"id_parcelle": "77183000AC0248", "address": "3 RUE DE MORINTRU D EN BAS", "sales": 6, "median_price": 310000.0, "median_price_per_sqm": 7835.335335335336, "median_rooms": 2.0, "first_sale": "2024-12-17", "last_sale": "2024-12-17"}}, {"type": "Feature", "geometry": {"type": "Point", "coordinates": [3.130698, 48.949019]}, "properties": {"id_parcelle": "77183000AK0025", "address": "5 RUE DES PELLETIERS", "sales": 6, "median_price": 124500.0, "median_price_per_sqm": 1660.0, "median_rooms": 2.0, "first_sale": "2022-06-13", "last_sale": "2024-04-29"}}, {"type": "Feature", "geometry": {"type": "Point", "coordinates": [3.125787, 48.948524]}, "properties": {"id_parcelle": "77183000AH0420", "address": "5 RUE CHANZY", "sales": 6, "median_price": 520000.0, "median_price_per_sqm": 2194.0928270042195, "median_rooms": 0.0, "first_sale": "2021-10-26", "last_sale": "2021-10-26"}}, {"type": "Feature", "geometry": {"type": "Point", "coordinates": [3.123232, 48.960025]}, "properties": {"id_parcelle": "77183000ZH0391", "address": "36 RUE SIMON ROUSSEL", "sales": 6, "median_price": 355000.0, "median_price_per_sqm": 3034.188034188034, "median_rooms": 0.0, "first_sale": "2023-06-20", "last_sale": "2023-06-20"}}, {"type": "Feature", "geometry": {"type": "Point", "coordinates": [3.12173, 48.942451]}, "properties": {"id_parcelle": "77183000BD0242", "address": "4 RUE DU PETIT PAYS", "sales": 6, "median_price": 107000.0, "median_price_per_sqm": 3147.0588235294117, "median_rooms": 1.0, "first_sale": "2021-05-15", "last_sale": "2025-11-05"}}, {"type": "Feature", "geometry": {"type": "Point", "coordinates": [3.132772, 48.964816]}, "properties": {"id_parcelle": "77183000ZD0214", "address": "16 IMP DE ROUGEBOURSE", "sales": 6, "median_price": 270000.0, "median_price_per_sqm": 2076.923076923077, "median_rooms": 0.0, "first_sale": "2023-10-18", "last_sale": "2023-10-18"}}, {"type": "Feature", "geometry": {"type": "Point", "coordinates": [3.134359, 48.948593]}, "properties": {"id_parcelle": "77183000AN0366", "address": "81 RUE DE REUIL", "sales": 6, "median_price": 300000.0, "median_price_per_sqm": 6828.087167070218, "median_rooms": 2.0, "first_sale": "2025-10-13", "last_sale": "2025-10-13"}}, {"type": "Feature", "geometry": {"type": "Point", "coordinates": [3.122517, 48.941937]}, "properties": {"id_parcelle": "77183000BC0248", "address": "9 RUE DU PETIT PAYS", "sales": 6, "median_price": 325000.0, "median_price_per_sqm": 3186.274509803922, "median_rooms": 0.0, "first_sale": "2023-07-12", "last_sale": "2023-07-12"}}, {"type": "Feature", "geometry": {"type": "Point", "coordinates": [3.13182, 48.947907]}, "properties": {"id_parcelle": "77183000AP0160", "address": "5 RUE GUSTAVE MICHON", "sales": 6, "median_price": 59500.0, "median_price_per_sqm": 1827.5862068965516, "median_rooms": 0.5, "first_sale": "2023-10-06", "last_sale": "2024-11-29"}}, {"type": "Feature", "geometry": {"type": "Point", "coordinates": [3.127606, 48.951254]}, "properties": {"id_parcelle": "77183000AL0288", "address": "44 RUE MICHEL FAUVET", "sales": 6, "median_price": 84500.0, "median_price_per_sqm": 2553.5714285714284, "median_rooms": 2.0, "first_sale": "2023-06-08", "last_sale": "2024-12-13"}}, {"type": "Feature", "geometry": {"type": "Point", "coordinates": [3.129131, 48.942539]}, "properties": {"id_parcelle": "77183000AZ0480", "address": "3 AV DE MONTMIRAIL", "sales": 6, "median_price": 141000.0, "median_price_per_sqm": 2587.8851540616247, "median_rooms": 0.0, "first_sale": "2022-04-27", "last_sale": "2025-09-26"}}, {"type": "Feature", "geometry": {"type": "Point", "coordinates": [3.137276, 48.937763]}, "properties": {"id_parcelle": "77183000AX0322", "address": "2 RUE FANNY MARC", "sales": 6, "median_price": 382000.0, "median_price_per_sqm": 3897.9591836734694, "median_rooms": 0.0, "first_sale": "2021-12-02", "last_sale": "2021-12-02"}}, {"type": "Feature", "geometry": {"type": "Point", "coordinates": [3.116953, 48.949469]}, "properties": {"id_parcelle": "77183000AE0066", "address": "99 RUE PIERRE MARX", "sales": 6, "median_price": 299000.0, "median_price_per_sqm": 2512.6050420168067, "median_rooms": 0.0, "first_sale": "2025-08-29", "last_sale": "2025-08-29"}}, {"type": "Feature", "geometry": {"type": "Point", "coordinates": [3.133515, 48.948134]}, "properties": {"id_parcelle": "77183000AP0034", "address": "22 RUE HENRI DUNANT", "sales": 6, "median_price": 115000.0, "median_price_per_sqm": 2425.2657911194497, "median_rooms": 3.0, "first_sale": "2021-04-12", "last_sale": "2025-12-17"}}, {"type": "Feature", "geometry": {"type": "Point", "coordinates": [3.122762, 48.949742]}, "properties": {"id_parcelle": "77183000AI0308", "address": "78 RUE PIERRE MARX", "sales": 6, "median_price": 300000.0, "median_price_per_sqm": 7894.736842105263, "median_rooms": 0.0, "first_sale": "2021-12-08", "last_sale": "2021-12-08"}}, {"type": "Feature", "geometry": {"type": "Point", "coordinates": [3.143326, 48.948077]}, "properties": {"id_parcelle": "77183000AR0218", "address": "4 PL DES NOYERS", "sales": 6, "median_price": 290000.0, "median_price_per_sqm": 2283.464566929134, "median_rooms": 0.0, "first_sale": "2021-05-27", "last_sale": "2021-05-27"}}, {"type": "Feature", "geometry": {"type": "Point", "coordinates": [3.139455, 48.942905]}, "properties": {"id_parcelle": "77183000AW0771", "address": "29 RUE DU FOUR BLANC", "sales": 6, "median_price": 326000.0, "median_price_per_sqm": 2716.6666666666665, "median_rooms": 0.0, "first_sale": "2022-05-27", "last_sale": "2022-05-27"}}, {"type": "Feature", "geometry": {"type": "Point", "coordinates": [3.141654, 48.947324]}, "properties": {"id_parcelle": "77183000AR0253", "address": "19 ALL DES CEDRES", "sales": 6, "median_price": 244000.0, "median_price_per_sqm": 2140.3508771929824, "median_rooms": 6.0, "first_sale": "2021-06-29", "last_sale": "2025-10-10"}}, {"type": "Feature", "geometry": {"type": "Point", "coordinates": [3.132502, 48.948643]}, "properties": {"id_parcelle": "77183000AP0002", "address": "5 RUE DU FAUBOURG", "sales": 6, "median_price": 426000.0, "median_price_per_sqm": 12171.42857142857, "median_rooms": 1.0, "first_sale": "2024-09-13", "last_sale": "2024-09-13"}}, {"type": "Feature", "geometry": {"type": "Point", "coordinates": [3.132398, 48.948132]}, "properties": {"id_parcelle": "77183000AP0216", "address": "12 RUE DU PORT AUX MEULES", "sales": 6, "median_price": 80250.0, "median_price_per_sqm": 2416.6666666666665, "median_rooms": 1.0, "first_sale": "2021-02-22", "last_sale": "2025-12-08"}}, {"type": "Feature", "geometry": {"type": "Point", "coordinates": [3.129504, 48.945599]}, "properties": {"id_parcelle": "77183000AZ0091", "address": "37 QUAI DES ANGLAIS", "sales": 6, "median_price": 80000.0, "median_price_per_sqm": 1619.9753896636587, "median_rooms": 0.0, "first_sale": "2023-12-21", "last_sale": "2025-12-19"}}, {"type": "Feature", "geometry": {"type": "Point", "coordinates": [3.131855, 48.952561]}, "properties": {"id_parcelle": "77183000AL0383", "address": "10 RUE DE CHAMIGNY", "sales": 6, "median_price": 456700.0, "median_price_per_sqm": 3262.1428571428573, "median_rooms": 0.0, "first_sale": "2025-02-24", "last_sale": "2025-02-24"}}, {"type": "Feature", "geometry": {"type": "Point", "coordinates": [3.139251, 48.942618]}, "properties": {"id_parcelle": "77183000AW0996", "address": "27 RUE DU FOUR BLANC", "sales": 6, "median_price": 210000.0, "median_price_per_sqm": 1448.2758620689656, "median_rooms": 0.0, "first_sale": "2021-12-03", "last_sale": "2021-12-03"}}, {"type": "Feature", "geometry": {"type": "Point", "coordinates": [3.12929, 48.951166]}, "properties": {"id_parcelle": "77183000AL0115", "address": "22 RUE DES HAUTS FOSSES", "sales": 6, "median_price": 377000.0, "median_price_per_sqm": 10771.42857142857, "median_rooms": 2.0, "first_sale": "2024-04-03", "last_sale": "2024-04-03"}}, {"type": "Feature", "geometry": {"type": "Point", "coordinates": [3.129718, 48.949511]}, "properties": {"id_parcelle": "77183000AK0051", "address": "29 RUE DES PELLETIERS", "sales": 6, "median_price": 90000.0, "median_price_per_sqm": 1451.6129032258063, "median_rooms": 0.0, "first_sale": "2021-04-28", "last_sale": "2023-12-23"}}, {"type": "Feature", "geometry": {"type": "Point", "coordinates": [3.130015, 48.949358]}, "properties": {"id_parcelle": "77183000AK0041", "address": "17 RUE DES PELLETIERS", "sales": 5, "median_price": 180000.0, "median_price_per_sqm": 2333.3333333333335, "median_rooms": 0.0, "first_sale": "2021-01-26", "last_sale": "2024-01-27"}}, {"type": "Feature", "geometry": {"type": "Point", "coordinates": [3.127542, 48.94291]}, "properties": {"id_parcelle": "77183000BC0299", "address": "2 AV FRANKLIN ROOSEVELT", "sales": 5, "median_price": 64000.0, "median_price_per_sqm": 1921.0526315789473, "median_rooms": 2.0, "first_sale": "2021-01-16", "last_sale": "2023-10-27"}}, {"type": "Feature", "geometry": {"type": "Point", "coordinates": [3.118636, 48.94951]}, "properties": {"id_parcelle": "77183000AE0018", "address": "83 RUE PIERRE MARX", "sales": 5, "median_price": 143500.0, "median_price_per_sqm": 2110.294117647059, "median_rooms": 0.0, "first_sale": "2023-03-09", "last_sale": "2023-03-09"}}, {"type": "Feature", "geometry": {"type": "Point", "coordinates": [3.124428, 48.949781]}, "properties": {"id_parcelle": "77183000AI0446", "address": "RUE PIERRE MARX", "sales": 5, "median_price": 135000.0, "median_price_per_sqm": null, "median_rooms": null, "first_sale": "2025-01-17", "last_sale": "2025-02-25"}}, {"type": "Feature", "geometry": {"type": "Point", "coordinates": [3.124383, 48.949689]}, "properties": {"id_parcelle": "77183000AI0444", "address": "RUE PIERRE MARX", "sales": 5, "median_price": 135000.0, "median_price_per_sqm": null, "median_rooms": null, "first_sale": "2025-01-17", "last_sale": "2025-02-25"}}, {"type": "Feature", "geometry": {"type": "Point", "coordinates": [3.124619, 48.949779]}, "properties": {"id_parcelle": "77183000AI0448", "address": "RUE PIERRE MARX", "sales": 5, "median_price": 135000.0, "median_price_per_sqm": null, "median_rooms": null, "first_sale": "2025-01-17", "last_sale": "2025-02-25"}}, {"type": "Feature", "geometry": {"type": "Point", "coordinates": [3.131156, 48.948975]}, "properties": {"id_parcelle": "77183000AK0009", "address": "3 RUE DES PELLETIERS", "sales": 5, "median_price": 255000.0, "median_price_per_sqm": 2656.25, "median_rooms": 2.0, "first_sale": "2021-10-27", "last_sale": "2024-10-04"}}, {"type": "Feature", "geometry": {"type": "Point", "coordinates": [3.130456, 48.946522]}, "properties": {"id_parcelle": "77183000AZ0299", "address": "28 RUE DU PORT AUX MEULES", "sales": 5, "median_price": 380000.0, "median_price_per_sqm": 12666.666666666666, "median_rooms": 2.0, "first_sale": "2023-06-05", "last_sale": "2023-06-05"}}, {"type": "Feature", "geometry": {"type": "Point", "coordinates": [3.130452, 48.948735]}, "properties": {"id_parcelle": "77183000AK0023", "address": "11 BD TURENNE", "sales": 5, "median_price": 380000.0, "median_price_per_sqm": 6847.402597402597, "median_rooms": 3.0, "first_sale": "2022-03-01", "last_sale": "2022-03-01"}}, {"type": "Feature", "geometry": {"type": "Point", "coordinates": [3.125732, 48.943552]}, "properties": {"id_parcelle": "77183000BC0031", "address": "4 RUE DE L ILE CAQUOT", "sales": 5, "median_price": 340000.0, "median_price_per_sqm": 2816.666666666667, "median_rooms": 0.0, "first_sale": "2022-02-18", "last_sale": "2022-03-10"}}, {"type": "Feature", "geometry": {"type": "Point", "coordinates": [3.129919, 48.949299]}, "properties": {"id_parcelle": "77183000AK0040", "address": "32 RUE SAINT NICOLAS", "sales": 5, "median_price": 30000.0, "median_price_per_sqm": 2294.1176470588234, "median_rooms": 0.0, "first_sale": "2021-10-27", "last_sale": "2022-12-13"}}, {"type": "Feature", "geometry": {"type": "Point", "coordinates": [3.132801, 48.948343]}, "properties": {"id_parcelle": "77183000AP0228", "address": "6 RUE DU PORT AUX MEULES", "sales": 5, "median_price": 110000.0, "median_price_per_sqm": 2725.274725274725, "median_rooms": 0.0, "first_sale": "2023-10-16", "last_sale": "2023-12-29"}}, {"type": "Feature", "geometry": {"type": "Point", "coordinates": [3.128514, 48.950423]}, "properties": {"id_parcelle": "77183000AL0124", "address": "14 RUE MICHEL FAUVET", "sales": 5, "median_price": 135000.0, "median_price_per_sqm": 2166.6666666666665, "median_rooms": 3.0, "first_sale": "2021-01-14", "last_sale": "2024-02-29"}}, {"type": "Feature", "geometry": {"type": "Point", "coordinates": [3.12927, 48.944051]}, "properties": {"id_parcelle": "77183000AZ0059", "address": "85 RUE DE CONDE", "sales": 5, "median_price": 400000.0, "median_price_per_sqm": 3333.3333333333335, "median_rooms": 0.0, "first_sale": "2022-12-29", "last_sale": "2022-12-29"}}, {"type": "Feature", "geometry": {"type": "Point", "coordinates": [3.124118, 48.951153]}, "properties": {"id_parcelle": "77183000AI0434", "address": "24 RUE DUBURCQ CLEMENT", "sales": 5, "median_price": 204000.0, "median_price_per_sqm": 1959.4202898550725, "median_rooms": 1.5, "first_sale": "2022-09-27", "last_sale": "2025-04-07"}}, {"type": "Feature", "geometry": {"type": "Point", "coordinates": [3.132577, 48.947907]}, "properties": {"id_parcelle": "77183000AP0207", "address": "22 RUE DU FAUBOURG", "sales": 5, "median_price": 81000.0, "median_price_per_sqm": 2257.4074074074074, "median_rooms": 0.0, "first_sale": "2021-06-30", "last_sale": "2022-11-02"}}, {"type": "Feature", "geometry": {"type": "Point", "coordinates": [3.131977, 48.948018]}, "properties": {"id_parcelle": "77183000AP0158", "address": "16 RUE DU PORT AUX MEULES", "sales": 5, "median_price": 85000.0, "median_price_per_sqm": 2136.3636363636365, "median_rooms": 1.0, "first_sale": "2022-03-01", "last_sale": "2023-05-26"}}, {"type": "Feature", "geometry": {"type": "Point", "coordinates": [3.145992, 48.940146]}, "properties": {"id_parcelle": "77183000AX0469", "address": "86 AV DU CAPITAINE LAHITTE", "sales": 5, "median_price": 150000.0, "median_price_per_sqm": 2590.909090909091, "median_rooms": 2.0, "first_sale": "2022-10-25", "last_sale": "2023-02-06"}}, {"type": "Feature", "geometry": {"type": "Point", "coordinates": [3.132104, 48.950888]}, "properties": {"id_parcelle": "77183000AN0431", "address": "39 RUE DE CHAMIGNY", "sales": 5, "median_price": 146500.0, "median_price_per_sqm": 7325.0, "median_rooms": 0.0, "first_sale": "2022-08-31", "last_sale": "2023-06-28"}}, {"type": "Feature", "geometry": {"type": "Point", "coordinates": [3.124623, 48.949694]}, "properties": {"id_parcelle": "77183000AI0450", "address": "RUE PIERRE MARX", "sales": 5, "median_price": 135000.0, "median_price_per_sqm": null, "median_rooms": null, "first_sale": "2025-01-17", "last_sale": "2025-02-25"}}, {"type": "Feature", "geometry": {"type": "Point", "coordinates": [3.130143, 48.950466]}, "properties": {"id_parcelle": "77183000AK0193", "address": "57 RUE DE CHAMIGNY", "sales": 5, "median_price": 76000.0, "median_price_per_sqm": 2267.027027027027, "median_rooms": 0.5, "first_sale": "2024-03-20", "last_sale": "2025-06-09"}}, {"type": "Feature", "geometry": {"type": "Point", "coordinates": [3.12507, 48.953139]}, "properties": {"id_parcelle": "77183000AI0416", "address": "21 RUE DU LIMON", "sales": 5, "median_price": 178065.0, "median_price_per_sqm": 3709.6875, "median_rooms": 0.0, "first_sale": "2025-07-02", "last_sale": "2025-07-02"}}, {"type": "Feature", "geometry": {"type": "Point", "coordinates": [3.12973, 48.95054]}, "properties": {"id_parcelle": "77183000AK0168", "address": "54 RUE DE CHAMIGNY", "sales": 5, "median_price": 330000.0, "median_price_per_sqm": 12375.0, "median_rooms": 1.0, "first_sale": "2023-07-07", "last_sale": "2023-07-07"}}, {"type": "Feature", "geometry": {"type": "Point", "coordinates": [3.128995, 48.95079]}, "properties": {"id_parcelle": "77183000AL0122", "address": "36 RUE DES HAUTS FOSSES", "sales": 5, "median_price": 195000.0, "median_price_per_sqm": 5416.666666666667, "median_rooms": 2.0, "first_sale": "2021-03-12", "last_sale": "2021-03-12"}}, {"type": "Feature", "geometry": {"type": "Point", "coordinates": [3.136208, 48.93819]}, "properties": {"id_parcelle": "77183000AX0308", "address": "17 RUE DE MOURETTE", "sales": 5, "median_price": 280000.0, "median_price_per_sqm": 4375.0, "median_rooms": 0.0, "first_sale": "2023-08-04", "last_sale": "2023-08-04"}}, {"type": "Feature", "geometry": {"type": "Point", "coordinates": [3.124481, 48.96027]}, "properties": {"id_parcelle": "77183000ZH0180", "address": "LE LIMON", "sales": 4, "median_price": 100500.0, "median_price_per_sqm": null, "median_rooms": null, "first_sale": "2023-06-07", "last_sale": "2025-10-20"}}, {"type": "Feature", "geometry": {"type": "Point", "coordinates": [3.12665, 48.951374]}, "properties": {"id_parcelle": "77183000AI0406", "address": "4 RUE DUBURCQ CLEMENT", "sales": 4, "median_price": 109500.0, "median_price_per_sqm": 2321.8390804597702, "median_rooms": 1.5, "first_sale": "2021-04-23", "last_sale": "2024-04-02"}}, {"type": "Feature", "geometry": {"type": "Point", "coordinates": [3.127077, 48.943096]}, "properties": {"id_parcelle": "77183000BC0386", "address": "8 AV FRANKLIN ROOSEVELT", "sales": 4, "median_price": 384880.0, "median_price_per_sqm": 3261.6949152542375, "median_rooms": 0.0, "first_sale": "2023-03-31", "last_sale": "2023-03-31"}}, {"type": "Feature", "geometry": {"type": "Point", "coordinates": [3.122601, 48.960501]}, "properties": {"id_parcelle": "77183000ZH0378", "address": "27 RUE SIMON ROUSSEL", "sales": 4, "median_price": 340000.0, "median_price_per_sqm": 2833.3333333333335, "median_rooms": 0.0, "first_sale": "2022-07-04", "last_sale": "2022-07-04"}}, {"type": "Feature", "geometry": {"type": "Point", "coordinates": [3.127836, 48.950013]}, "properties": {"id_parcelle": "77183000AI0111", "address": "49 RUE DES BAS FOSSES", "sales": 4, "median_price": 170250.0, "median_price_per_sqm": 3240.1960784313724, "median_rooms": 1.5, "first_sale": "2021-09-14", "last_sale": "2022-04-04"}}, {"type": "Feature", "geometry": {"type": "Point", "coordinates": [3.134523, 48.940594]}, "properties": {"id_parcelle": "77183000AW0769", "address": "4 RUE DU FOUR BLANC", "sales": 4, "median_price": 348000.0, "median_price_per_sqm": 2676.923076923077, "median_rooms": 3.0, "first_sale": "2022-10-14", "last_sale": "2022-10-14"}}, {"type": "Feature", "geometry": {"type": "Point", "coordinates": [3.118506, 48.950943]}, "properties": {"id_parcelle": "77183000AI0343", "address": "70 RUE DUBURCQ CLEMENT", "sales": 4, "median_price": 250000.0, "median_price_per_sqm": 1736.111111111111, "median_rooms": 3.0, "first_sale": "2021-07-23", "last_sale": "2021-07-23"}}, {"type": "Feature", "geometry": {"type": "Point", "coordinates": [3.121061, 48.959652]}, "properties": {"id_parcelle": "77183000ZH0082", "address": "1 RUE SIMON ROUSSEL", "sales": 4, "median_price": 234000.0, "median_price_per_sqm": 2659.090909090909, "median_rooms": 0.0, "first_sale": "2023-06-20", "last_sale": "2023-06-20"}}, {"type": "Feature", "geometry": {"type": "Point", "coordinates": [3.134059, 48.948335]}, "properties": {"id_parcelle": "77183000AN0438", "address": "93 RUE DE REUIL", "sales": 4, "median_price": 227000.0, "median_price_per_sqm": 7353.187042842215, "median_rooms": 1.0, "first_sale": "2023-10-06", "last_sale": "2023-10-06"}}, {"type": "Feature", "geometry": {"type": "Point", "coordinates": [3.132936, 48.948475]}, "properties": {"id_parcelle": "77183000AP0214", "address": "8 RUE HENRI DUNANT", "sales": 4, "median_price": 161000.0, "median_price_per_sqm": 2090.909090909091, "median_rooms": 1.0, "first_sale": "2021-07-02", "last_sale": "2022-07-19"}}, {"type": "Feature", "geometry": {"type": "Point", "coordinates": [3.126482, 48.951972]}, "properties": {"id_parcelle": "77183000AL0232", "address": "6 RUE DU LIMON", "sales": 4, "median_price": 270000.0, "median_price_per_sqm": 5416.142227816237, "median_rooms": 0.5, "first_sale": "2021-12-30", "last_sale": "2021-12-30"}}, {"type": "Feature", "geometry": {"type": "Point", "coordinates": [3.132782, 48.947719]}, "properties": {"id_parcelle": "77183000AP0134", "address": "13 RUE DE LA COUR SAMSON", "sales": 4, "median_price": 270000.0, "median_price_per_sqm": 7105.263157894737, "median_rooms": 2.0, "first_sale": "2024-08-06", "last_sale": "2024-08-06"}}, {"type": "Feature", "geometry": {"type": "Point", "coordinates": [3.141865, 48.939602]}, "properties": {"id_parcelle": "77183000AX0462", "address": "50 AV DU CAPITAINE LAHITTE", "sales": 4, "median_price": 231500.0, "median_price_per_sqm": 3046.0526315789475, "median_rooms": 2.0, "first_sale": "2025-12-23", "last_sale": "2025-12-23"}}, {"type": "Feature", "geometry": {"type": "Point", "coordinates": [3.125351, 48.961681]}, "properties": {"id_parcelle": "77183000ZH0351", "address": "65 RUE SIMON ROUSSEL", "sales": 4, "median_price": 51500.0, "median_price_per_sqm": 768.6567164179105, "median_rooms": 1.5, "first_sale": "2025-05-26", "last_sale": "2025-05-26"}}, {"type": "Feature", "geometry": {"type": "Point", "coordinates": [3.133211, 48.961846]}, "properties": {"id_parcelle": "77183000ZD0135", "address": "8 AV DE CHATEAU THIERRY", "sales": 4, "median_price": 219000.0, "median_price_per_sqm": 2638.5542168674697, "median_rooms": 0.0, "first_sale": "2021-09-28", "last_sale": "2021-09-28"}}, {"type": "Feature", "geometry": {"type": "Point", "coordinates": [3.12095, 48.940615]}, "properties": {"id_parcelle": "77183000BD0330", "address": "27 RUE DE JOUARRE", "sales": 4, "median_price": 169000.0, "median_price_per_sqm": 2166.6666666666665, "median_rooms": 2.0, "first_sale": "2022-01-28", "last_sale": "2024-09-24"}}, {"type": "Feature", "geometry": {"type": "Point", "coordinates": [3.114348, 48.950095]}, "properties": {"id_parcelle": "77183000AC0286", "address": "120 RUE PIERRE MARX", "sales": 4, "median_price": 247000.0, "median_price_per_sqm": 1306.8783068783068, "median_rooms": 3.0, "first_sale": "2023-05-09", "last_sale": "2023-05-09"}}, {"type": "Feature", "geometry": {"type": "Point", "coordinates": [3.128238, 48.943089]}, "properties": {"id_parcelle": "77183000AZ0131", "address": "105 RUE DE CONDE", "sales": 4, "median_price": 90000.0, "median_price_per_sqm": 2903.2258064516127, "median_rooms": 1.5, "first_sale": "2022-01-24", "last_sale": "2022-09-16"}}, {"type": "Feature", "geometry": {"type": "Point", "coordinates": [3.129104, 48.962769]}, "properties": {"id_parcelle": "77183000ZE0125", "address": "1 RUE DES MEULIERES", "sales": 4, "median_price": 300000.0, "median_price_per_sqm": 2380.9523809523807, "median_rooms": 2.5, "first_sale": "2021-07-06", "last_sale": "2021-07-06"}}, {"type": "Feature", "geometry": {"type": "Point", "coordinates": [3.122175, 48.96027]}, "properties": {"id_parcelle": "77183000ZH0038", "address": "19 RUE SIMON ROUSSEL", "sales": 4, "median_price": 92500.0, "median_price_per_sqm": 1321.4285714285716, "median_rooms": 1.0, "first_sale": "2023-01-13", "last_sale": "2023-10-06"}}, {"type": "Feature", "geometry": {"type": "Point", "coordinates": [3.124821, 48.949998]}, "properties": {"id_parcelle": "77183000AI0319", "address": "12 RUE DE LA GARE", "sales": 4, "median_price": 86379.73999999999, "median_price_per_sqm": 1858.6808695652173, "median_rooms": 1.0, "first_sale": "2022-07-08", "last_sale": "2024-06-19"}}, {"type": "Feature", "geometry": {"type": "Point", "coordinates": [3.129238, 48.955943]}, "properties": {"id_parcelle": "77183000AL0370", "address": "51 AV DU GENERAL LECLERC", "sales": 4, "median_price": 222500.0, "median_price_per_sqm": 1934.7826086956522, "median_rooms": 2.0, "first_sale": "2025-04-25", "last_sale": "2025-04-25"}}, {"type": "Feature", "geometry": {"type": "Point", "coordinates": [3.129831, 48.9507]}, "properties": {"id_parcelle": "77183000AK0175", "address": "48 RUE DE CHAMIGNY", "sales": 4, "median_price": 195000.0, "median_price_per_sqm": 4116.666666666666, "median_rooms": 2.0, "first_sale": "2023-06-23", "last_sale": "2023-06-23"}}, {"type": "Feature", "geometry": {"type": "Point", "coordinates": [3.129907, 48.948831]}, "properties": {"id_parcelle": "77183000AK0313", "address": "26 BD TURENNE", "sales": 4, "median_price": 240000.0, "median_price_per_sqm": 4067.2268907563025, "median_rooms": 0.0, "first_sale": "2023-01-09", "last_sale": "2023-01-09"}}, {"type": "Feature", "geometry": {"type": "Point", "coordinates": [3.119202, 48.951063]}, "properties": {"id_parcelle": "77183000AI0388", "address": "64 RUE DUBURCQ CLEMENT", "sales": 4, "median_price": 233000.0, "median_price_per_sqm": 2912.5, "median_rooms": 2.0, "first_sale": "2022-07-19", "last_sale": "2022-07-19"}}, {"type": "Feature", "geometry": {"type": "Point", "coordinates": [3.124744, 48.94984]}, "properties": {"id_parcelle": "77183000AI0401", "address": "62 RUE PIERRE MARX", "sales": 4, "median_price": 347000.0, "median_price_per_sqm": null, "median_rooms": 0.0, "first_sale": "2024-05-31", "last_sale": "2025-02-25"}}, {"type": "Feature", "geometry": {"type": "Point", "coordinates": [3.127687, 48.939]}, "properties": {"id_parcelle": "77183000AY0337", "address": "45 RUE GUY DE MAUPASSANT", "sales": 4, "median_price": 213000.0, "median_price_per_sqm": 2393.258426966292, "median_rooms": 2.0, "first_sale": "2023-05-17", "last_sale": "2023-05-17"}}, {"type": "Feature", "geometry": {"type": "Point", "coordinates": [3.128849, 48.938975]}, "properties": {"id_parcelle": "77183000AY0328", "address": "8 RUE GUY DE MAUPASSANT", "sales": 4, "median_price": 242500.0, "median_price_per_sqm": 3277.027027027027, "median_rooms": 2.0, "first_sale": "2021-11-26", "last_sale": "2025-03-28"}}, {"type": "Feature", "geometry": {"type": "Point", "coordinates": [3.133018, 48.937078]}, "properties": {"id_parcelle": "77183000AY0419", "address": "51 AV DE REBAIS", "sales": 4, "median_price": 365000.0, "median_price_per_sqm": 3802.0833333333335, "median_rooms": 3.5, "first_sale": "2022-11-16", "last_sale": "2022-11-16"}}, {"type": "Feature", "geometry": {"type": "Point", "coordinates": [3.132287, 48.947702]}, "properties": {"id_parcelle": "77183000AP0246", "address": "11 RUE DU PORT AUX MEULES", "sales": 4, "median_price": 141000.0, "median_price_per_sqm": 1566.6666666666667, "median_rooms": 0.0, "first_sale": "2021-12-06", "last_sale": "2021-12-06"}}, {"type": "Feature", "geometry": {"type": "Point", "coordinates": [3.1269, 48.952912]}, "properties": {"id_parcelle": "77183000AL0223", "address": "9 AV DU GENERAL LECLERC", "sales": 4, "median_price": 850000.0, "median_price_per_sqm": 2414.7727272727275, "median_rooms": 4.0, "first_sale": "2021-07-30", "last_sale": "2021-07-30"}}, {"type": "Feature", "geometry": {"type": "Point", "coordinates": [3.124298, 48.949692]}, "properties": {"id_parcelle": "77183000AI0363", "address": "68 RUE PIERRE MARX", "sales": 4, "median_price": 374000.0, "median_price_per_sqm": 5194.444444444445, "median_rooms": 2.0, "first_sale": "2024-05-31", "last_sale": "2025-02-04"}}, {"type": "Feature", "geometry": {"type": "Point", "coordinates": [3.133553, 48.938597]}, "properties": {"id_parcelle": "77183000AY0048", "address": "57 RUE SAINT MARTIN", "sales": 4, "median_price": 215000.0, "median_price_per_sqm": 3115.942028985507, "median_rooms": 1.5, "first_sale": "2022-05-24", "last_sale": "2022-05-24"}}, {"type": "Feature", "geometry": {"type": "Point", "coordinates": [3.142925, 48.948118]}, "properties": {"id_parcelle": "77183000AR0219", "address": "2 PL DES NOYERS", "sales": 4, "median_price": 264000.0, "median_price_per_sqm": 3034.4827586206898, "median_rooms": 2.5, "first_sale": "2022-06-30", "last_sale": "2022-06-30"}}, {"type": "Feature", "geometry": {"type": "Point", "coordinates": [3.120113, 48.960099]}, "properties": {"id_parcelle": "77183000ZH0071", "address": "30 RUE LEON GLAIZE", "sales": 4, "median_price": 175000.0, "median_price_per_sqm": 2638.8888888888887, "median_rooms": 1.5, "first_sale": "2021-02-26", "last_sale": "2021-09-20"}}, {"type": "Feature", "geometry": {"type": "Point", "coordinates": [3.132956, 48.952929]}, "properties": {"id_parcelle": "77183000AN0400", "address": "13 RUE DE CHAMIGNY", "sales": 4, "median_price": 140000.0, "median_price_per_sqm": 1555.5555555555557, "median_rooms": 0.0, "first_sale": "2021-11-17", "last_sale": "2021-11-30"}}, {"type": "Feature", "geometry": {"type": "Point", "coordinates": [3.130475, 48.946727]}, "properties": {"id_parcelle": "77183000AZ0479", "address": "26 RUE DU PORT AUX MEULES", "sales": 4, "median_price": 500000.0, "median_price_per_sqm": 1923.076923076923, "median_rooms": 4.5, "first_sale": "2025-05-21", "last_sale": "2025-05-21"}}, {"type": "Feature", "geometry": {"type": "Point", "coordinates": [3.128017, 48.954528]}, "properties": {"id_parcelle": "77183000AL0384", "address": "33 AV DU GENERAL LECLERC", "sales": 4, "median_price": 707000.0, "median_price_per_sqm": 2873.9837398373984, "median_rooms": 6.0, "first_sale": "2022-09-21", "last_sale": "2022-09-21"}}, {"type": "Feature", "geometry": {"type": "Point", "coordinates": [3.135556, 48.949266]}, "properties": {"id_parcelle": "77183000AN0404", "address": "51 RUE DE REUIL", "sales": 4, "median_price": 312000.0, "median_price_per_sqm": 2456.6929133858266, "median_rooms": 2.0, "first_sale": "2024-10-02", "last_sale": "2024-10-02"}}, {"type": "Feature", "geometry": {"type": "Point", "coordinates": [3.132766, 48.939095]}, "properties": {"id_parcelle": "77183000AY0467", "address": "5 RUE DU VAL SAINT MARTIN", "sales": 4, "median_price": 356975.0, "median_price_per_sqm": 3104.130434782609, "median_rooms": 5.0, "first_sale": "2021-12-22", "last_sale": "2025-04-11"}}, {"type": "Feature", "geometry": {"type": "Point", "coordinates": [3.128985, 48.944005]}, "properties": {"id_parcelle": "77183000AZ0058", "address": "89 RUE DE CONDE", "sales": 4, "median_price": 325000.0, "median_price_per_sqm": 5810.319767441861, "median_rooms": 1.5, "first_sale": "2021-10-29", "last_sale": "2021-10-29"}}, {"type": "Feature", "geometry": {"type": "Point", "coordinates": [3.129109, 48.944791]}, "properties": {"id_parcelle": "77183000AZ0099", "address": "38 RUE DE CONDE", "sales": 4, "median_price": 290000.0, "median_price_per_sqm": 7440.78947368421, "median_rooms": 2.0, "first_sale": "2022-04-23", "last_sale": "2022-04-23"}}, {"type": "Feature", "geometry": {"type": "Point", "coordinates": [3.128767, 48.948739]}, "properties": {"id_parcelle": "77183000AH0345", "address": "13 RUE DES BAS FOSSES", "sales": 3, "median_price": 120000.0, "median_price_per_sqm": 2553.191489361702, "median_rooms": 0.0, "first_sale": "2024-01-22", "last_sale": "2024-01-22"}}, {"type": "Feature", "geometry": {"type": "Point", "coordinates": [3.10748, 48.95238]}, "properties": {"id_parcelle": "77183000AC0247", "address": "1 RUE DE MORINTRU D EN BAS", "sales": 3, "median_price": 200000.0, "median_price_per_sqm": 2040.8163265306123, "median_rooms": 4.0, "first_sale": "2021-12-17", "last_sale": "2021-12-17"}}, {"type": "Feature", "geometry": {"type": "Point", "coordinates": [3.124483, 48.960469]}, "properties": {"id_parcelle": "77183000ZH0364", "address": "62 RUE SIMON ROUSSEL", "sales": 3, "median_price": 33000.0, "median_price_per_sqm": null, "median_rooms": 0.0, "first_sale": "2023-06-07", "last_sale": "2023-06-07"}}, {"type": "Feature", "geometry": {"type": "Point", "coordinates": [3.129182, 48.949056]}, "properties": {"id_parcelle": "77183000AK0106", "address": "9 RUE DES ETUVES", "sales": 3, "median_price": 115000.0, "median_price_per_sqm": 2738.095238095238, "median_rooms": 2.0, "first_sale": "2021-06-09", "last_sale": "2022-01-27"}}, {"type": "Feature", "geometry": {"type": "Point", "coordinates": [3.12266, 48.943024]}, "properties": {"id_parcelle": "77183000BC0378", "address": "29 AV FRANKLIN ROOSEVELT", "sales": 3, "median_price": 110000.0, "median_price_per_sqm": 1976.059654631083, "median_rooms": 2.0, "first_sale": "2022-04-14", "last_sale": "2022-04-14"}}, {"type": "Feature", "geometry": {"type": "Point", "coordinates": [3.130235, 48.949198]}, "properties": {"id_parcelle": "77183000AK0033", "address": "15 RUE SAINT NICOLAS", "sales": 3, "median_price": 355000.0, "median_price_per_sqm": 6016.949152542373, "median_rooms": 0.0, "first_sale": "2023-02-06", "last_sale": "2023-02-06"}}, {"type": "Feature", "geometry": {"type": "Point", "coordinates": [3.129632, 48.949593]}, "properties": {"id_parcelle": "77183000AK0052", "address": "31 RUE DES PELLETIERS", "sales": 3, "median_price": 78000.0, "median_price_per_sqm": 2049.358974358974, "median_rooms": 1.0, "first_sale": "2021-09-14", "last_sale": "2022-08-09"}}, {"type": "Feature", "geometry": {"type": "Point", "coordinates": [3.12413, 48.960571]}, "properties": {"id_parcelle": "77183000ZH0374", "address": "58 RUE SIMON ROUSSEL", "sales": 3, "median_price": 184000.0, "median_price_per_sqm": 2628.5714285714284, "median_rooms": 0.0, "first_sale": "2021-10-07", "last_sale": "2021-10-07"}}, {"type": "Feature", "geometry": {"type": "Point", "coordinates": [3.131695, 48.939391]}, "properties": {"id_parcelle": "77183000AZ0169", "address": "20 RUE DU VAL SAINT MARTIN", "sales": 3, "median_price": 500000.0, "median_price_per_sqm": 2083.3333333333335, "median_rooms": 0.0, "first_sale": "2022-04-13", "last_sale": "2022-04-13"}}, {"type": "Feature", "geometry": {"type": "Point", "coordinates": [3.122197, 48.942836]}, "properties": {"id_parcelle": "77183000BD0243", "address": "4 RUE DU PETIT PAYS", "sales": 3, "median_price": 107000.0, "median_price_per_sqm": null, "median_rooms": null, "first_sale": "2021-05-15", "last_sale": "2025-11-05"}}, {"type": "Feature", "geometry": {"type": "Point", "coordinates": [3.120455, 48.942356]}, "properties": {"id_parcelle": "77183000BD0036", "address": "12 RUE DE JOUARRE", "sales": 3, "median_price": 80000.0, "median_price_per_sqm": 1481.4814814814815, "median_rooms": 0.0, "first_sale": "2023-10-20", "last_sale": "2023-10-20"}}, {"type": "Feature", "geometry": {"type": "Point", "coordinates": [3.132706, 48.947337]}, "properties": {"id_parcelle": "77183000AP0116", "address": "16 RUE DE CONDE", "sales": 3, "median_price": 115000.0, "median_price_per_sqm": 1916.6666666666667, "median_rooms": 3.0, "first_sale": "2022-07-22", "last_sale": "2025-01-30"}}, {"type": "Feature", "geometry": {"type": "Point", "coordinates": [3.1301, 48.944961]}, "properties": {"id_parcelle": "77183000AZ0042", "address": "61 RUE DE CONDE", "sales": 3, "median_price": 185000.0, "median_price_per_sqm": 5967.741935483871, "median_rooms": 1.0, "first_sale": "2024-06-19", "last_sale": "2024-06-19"}}, {"type": "Feature", "geometry": {"type": "Point", "coordinates": [3.135269, 48.949742]}, "properties": {"id_parcelle": "77183000AN0102", "address": "11 RUE GALIEN", "sales": 3, "median_price": 94000.0, "median_price_per_sqm": 1771.4285714285713, "median_rooms": 2.0, "first_sale": "2022-05-18", "last_sale": "2024-11-26"}}, {"type": "Feature", "geometry": {"type": "Point", "coordinates": [3.133825, 48.948493]}, "properties": {"id_parcelle": "77183000AN0233", "address": "42 RUE DE REUIL", "sales": 3, "median_price": 114000.0, "median_price_per_sqm": 2850.0, "median_rooms": 0.0, "first_sale": "2025-11-25", "last_sale": "2025-11-25"}}, {"type": "Feature", "geometry": {"type": "Point", "coordinates": [3.128516, 48.950136]}, "properties": {"id_parcelle": "77183000AK0137", "address": "RUE MICHEL FAUVET", "sales": 3, "median_price": 95000.0, "median_price_per_sqm": null, "median_rooms": null, "first_sale": "2022-10-11", "last_sale": "2023-08-21"}}, {"type": "Feature", "geometry": {"type": "Point", "coordinates": [3.130102, 48.952858]}, "properties": {"id_parcelle": "77183000AL0064", "address": "22 RUE DES VANNES", "sales": 3, "median_price": 210000.0, "median_price_per_sqm": 2359.550561797753, "median_rooms": 0.0, "first_sale": "2023-03-17", "last_sale": "2023-03-17"}}, {"type": "Feature", "geometry": {"type": "Point", "coordinates": [3.12926, 48.950971]}, "properties": {"id_parcelle": "77183000AL0118", "address": "28 RUE DES HAUTS FOSSES", "sales": 3, "median_price": 199000.0, "median_price_per_sqm": 4422.222222222223, "median_rooms": 1.0, "first_sale": "2025-02-14", "last_sale": "2025-02-14"}}, {"type": "Feature", "geometry": {"type": "Point", "coordinates": [3.130597, 48.950002]}, "properties": {"id_parcelle": "77183000AK0206", "address": "12 RUE SAINT NICOLAS", "sales": 3, "median_price": 220000.0, "median_price_per_sqm": 3728.813559322034, "median_rooms": 2.0, "first_sale": "2025-09-25", "last_sale": "2025-09-25"}}, {"type": "Feature", "geometry": {"type": "Point", "coordinates": [3.125929, 48.94153]}, "properties": {"id_parcelle": "77183000BC0178", "address": "CONDETZ", "sales": 3, "median_price": 280461.2, "median_price_per_sqm": null, "median_rooms": null, "first_sale": "2023-07-06", "last_sale": "2025-12-09"}}, {"type": "Feature", "geometry": {"type": "Point", "coordinates": [3.129872, 48.943917]}, "properties": {"id_parcelle": "77183000AZ0403", "address": "9 RUE DU LION", "sales": 3, "median_price": 235000.0, "median_price_per_sqm": 3012.8205128205127, "median_rooms": 0.0, "first_sale": "2021-07-23", "last_sale": "2021-07-23"}}, {"type": "Feature", "geometry": {"type": "Point", "coordinates": [3.133002, 48.941813]}, "properties": {"id_parcelle": "77183000AZ0322", "address": "16 RUE ANDRE CHENIER", "sales": 3, "median_price": 225000.0, "median_price_per_sqm": 1744.1860465116279, "median_rooms": 0.0, "first_sale": "2025-06-05", "last_sale": "2025-06-05"}}, {"type": "Feature", "geometry": {"type": "Point", "coordinates": [3.125506, 48.9432]}, "properties": {"id_parcelle": "77183000BC0209", "address": "9 RUE DE L ILE CAQUOT", "sales": 3, "median_price": 195000.0, "median_price_per_sqm": 2166.6666666666665, "median_rooms": 0.0, "first_sale": "2025-11-05", "last_sale": "2025-11-05"}}, {"type": "Feature", "geometry": {"type": "Point", "coordinates": [3.126661, 48.942728]}, "properties": {"id_parcelle": "77183000BC0137", "address": "7 AV FRANKLIN ROOSEVELT", "sales": 3, "median_price": 645000.0, "median_price_per_sqm": 3957.0552147239264, "median_rooms": 0.0, "first_sale": "2025-12-12", "last_sale": "2025-12-12"}}, {"type": "Feature", "geometry": {"type": "Point", "coordinates": [3.13022, 48.950922]}, "properties": {"id_parcelle": "77183000AK0186", "address": "38 RUE DE CHAMIGNY", "sales": 3, "median_price": 92000.0, "median_price_per_sqm": 1821.2121212121212, "median_rooms": 0.0, "first_sale": "2021-05-21", "last_sale": "2021-06-30"}}, {"type": "Feature", "geometry": {"type": "Point", "coordinates": [3.132049, 48.938103]}, "properties": {"id_parcelle": "77183000AY0504", "address": "8 RUE DU LONG PONT", "sales": 3, "median_price": 130000.0, "median_price_per_sqm": 659.8984771573604, "median_rooms": 0.0, "first_sale": "2024-09-06", "last_sale": "2024-09-06"}}, {"type": "Feature", "geometry": {"type": "Point", "coordinates": [3.129347, 48.950393]}, "properties": {"id_parcelle": "77183000AK0159", "address": "6 PL DE L HOTEL DE VILLE", "sales": 3, "median_price": 210000.0, "median_price_per_sqm": 4006.578947368421, "median_rooms": 0.0, "first_sale": "2021-07-07", "last_sale": "2021-07-07"}}, {"type": "Feature", "geometry": {"type": "Point", "coordinates": [3.129652, 48.950546]}, "properties": {"id_parcelle": "77183000AK0167", "address": "56 RUE DE CHAMIGNY", "sales": 3, "median_price": 260000.0, "median_price_per_sqm": 7428.571428571428, "median_rooms": 1.0, "first_sale": "2024-04-05", "last_sale": "2024-04-05"}}, {"type": "Feature", "geometry": {"type": "Point", "coordinates": [3.133831, 48.94787]}, "properties": {"id_parcelle": "77183000AP0036", "address": "107 RUE DE REUIL", "sales": 3, "median_price": 97800.0, "median_price_per_sqm": 2130.1923076923076, "median_rooms": 1.0, "first_sale": "2023-09-11", "last_sale": "2024-07-25"}}, {"type": "Feature", "geometry": {"type": "Point", "coordinates": [3.127897, 48.952317]}, "properties": {"id_parcelle": "77183000AL0158", "address": "12 AV DU GENERAL LECLERC", "sales": 3, "median_price": 314600.0, "median_price_per_sqm": 2996.190476190476, "median_rooms": 0.0, "first_sale": "2022-07-22", "last_sale": "2022-07-22"}}, {"type": "Feature", "geometry": {"type": "Point", "coordinates": [3.131963, 48.939106]}, "properties": {"id_parcelle": "77183000AY0025", "address": "9 RUE DU VAL SAINT MARTIN", "sales": 3, "median_price": 170000.0, "median_price_per_sqm": 2698.4126984126983, "median_rooms": 0.0, "first_sale": "2022-04-25", "last_sale": "2022-04-25"}}, {"type": "Feature", "geometry": {"type": "Point", "coordinates": [3.146325, 48.939666]}, "properties": {"id_parcelle": "77183000AX0333", "address": "37 RUE DES AVERNES", "sales": 3, "median_price": 210000.0, "median_price_per_sqm": 2625.0, "median_rooms": 0.0, "first_sale": "2025-11-03", "last_sale": "2025-11-03"}}, {"type": "Feature", "geometry": {"type": "Point", "coordinates": [3.132663, 48.948634]}, "properties": {"id_parcelle": "77183000AP0227", "address": "4 RUE HENRI DUNANT", "sales": 3, "median_price": 260000.0, "median_price_per_sqm": 3154.4117647058824, "median_rooms": 3.0, "first_sale": "2023-01-13", "last_sale": "2023-01-13"}}, {"type": "Feature", "geometry": {"type": "Point", "coordinates": [3.131707, 48.938725]}, "properties": {"id_parcelle": "77183000AY0018", "address": "36 RUE SAINT MARTIN", "sales": 3, "median_price": 128000.0, "median_price_per_sqm": 1376.3440860215053, "median_rooms": 0.0, "first_sale": "2023-08-23", "last_sale": "2023-08-23"}}, {"type": "Feature", "geometry": {"type": "Point", "coordinates": [3.134984, 48.939917]}, "properties": {"id_parcelle": "77183000AW0507", "address": "7 AV DU CAPITAINE LAHITTE", "sales": 3, "median_price": 260000.0, "median_price_per_sqm": 4062.5, "median_rooms": 0.0, "first_sale": "2025-08-06", "last_sale": "2025-08-06"}}, {"type": "Feature", "geometry": {"type": "Point", "coordinates": [3.135529, 48.939867]}, "properties": {"id_parcelle": "77183000AW0784", "address": "9 AV DU CAPITAINE LAHITTE", "sales": 3, "median_price": 215000.0, "median_price_per_sqm": 1720.0, "median_rooms": 0.0, "first_sale": "2021-09-29", "last_sale": "2021-09-29"}}, {"type": "Feature", "geometry": {"type": "Point", "coordinates": [3.119533, 48.960101]}, "properties": {"id_parcelle": "77183000ZH0317", "address": "49 RUE LEON GLAIZE", "sales": 3, "median_price": 188000.0, "median_price_per_sqm": 2350.0, "median_rooms": 0.0, "first_sale": "2023-07-06", "last_sale": "2023-07-06"}}, {"type": "Feature", "geometry": {"type": "Point", "coordinates": [3.121788, 48.949715]}, "properties": {"id_parcelle": "77183000AI0183", "address": "84 RUE PIERRE MARX", "sales": 3, "median_price": 240000.0, "median_price_per_sqm": 2696.629213483146, "median_rooms": 0.0, "first_sale": "2021-08-13", "last_sale": "2021-08-13"}}, {"type": "Feature", "geometry": {"type": "Point", "coordinates": [3.120045, 48.959786]}, "properties": {"id_parcelle": "77183000ZH0284", "address": "37 RUE LEON GLAIZE", "sales": 3, "median_price": 205000.0, "median_price_per_sqm": 2928.5714285714284, "median_rooms": 0.0, "first_sale": "2022-06-28", "last_sale": "2022-06-28"}}, {"type": "Feature", "geometry": {"type": "Point", "coordinates": [3.128389, 48.949237]}, "properties": {"id_parcelle": "77183000AH0119", "address": "33 RUE DES BAS FOSSES", "sales": 3, "median_price": 217000.0, "median_price_per_sqm": 3557.377049180328, "median_rooms": 0.0, "first_sale": "2024-04-29", "last_sale": "2024-04-29"}}, {"type": "Feature", "geometry": {"type": "Point", "coordinates": [3.126045, 48.947829]}, "properties": {"id_parcelle": "77183000AH0061", "address": "4 RUE DE LA BARRE", "sales": 2, "median_price": 349000.0, "median_price_per_sqm": 3144.1441441441443, "median_rooms": 2.5, "first_sale": "2021-12-01", "last_sale": "2021-12-01"}}, {"type": "Feature", "geometry": {"type": "Point", "coordinates": [3.127921, 48.949336]}, "properties": {"id_parcelle": "77183000AH0112", "address": "17 RUE PIERRE MARX", "sales": 2, "median_price": 187000.0, "median_price_per_sqm": 2671.4285714285716, "median_rooms": 2.0, "first_sale": "2024-08-29", "last_sale": "2024-08-29"}}, {"type": "Feature", "geometry": {"type": "Point", "coordinates": [3.126803, 48.947527]}, "properties": {"id_parcelle": "77183000AH0177", "address": "2 PL SAINTE BEUVE", "sales": 2, "median_price": 585000.0, "median_price_per_sqm": 3702.53164556962, "median_rooms": 3.0, "first_sale": "2023-08-09", "last_sale": "2023-08-09"}}, {"type": "Feature", "geometry": {"type": "Point", "coordinates": [3.12622, 48.947533]}, "properties": {"id_parcelle": "77183000AH0225", "address": "1 RUE DE LA BARRE", "sales": 2, "median_price": 236000.0, "median_price_per_sqm": 2070.1754385964914, "median_rooms": 2.0, "first_sale": "2022-02-04", "last_sale": "2022-02-04"}}, {"type": "Feature", "geometry": {"type": "Point", "coordinates": [3.125301, 48.947437]}, "properties": {"id_parcelle": "77183000AH0232", "address": "13 RUE DE LA BARRE", "sales": 2, "median_price": 258400.0, "median_price_per_sqm": 3445.3333333333335, "median_rooms": 1.5, "first_sale": "2022-01-18", "last_sale": "2022-01-18"}}, {"type": "Feature", "geometry": {"type": "Point", "coordinates": [3.12802, 48.946877]}, "properties": {"id_parcelle": "77183000AH0252", "address": "2 RUE GAMBETTA", "sales": 2, "median_price": 306000.0, "median_price_per_sqm": 3600.0, "median_rooms": 2.5, "first_sale": "2022-09-29", "last_sale": "2022-09-29"}}, {"type": "Feature", "geometry": {"type": "Point", "coordinates": [3.126882, 48.945967]}, "properties": {"id_parcelle": "77183000AH0275", "address": "6 BD GEORGES CLEMENCEAU", "sales": 2, "median_price": 499450.0, "median_price_per_sqm": 4756.666666666667, "median_rooms": 3.0, "first_sale": "2021-04-21", "last_sale": "2021-04-21"}}, {"type": "Feature", "geometry": {"type": "Point", "coordinates": [3.121254, 48.959362]}, "properties": {"id_parcelle": "77183000ZH0086", "address": "12 RUE LEON GLAIZE", "sales": 2, "median_price": 253000.0, "median_price_per_sqm": 2530.0, "median_rooms": 2.0, "first_sale": "2024-07-10", "last_sale": "2024-07-10"}}, {"type": "Feature", "geometry": {"type": "Point", "coordinates": [3.122084, 48.959827]}, "properties": {"id_parcelle": "77183000ZH0108", "address": "LE LIMON", "sales": 2, "median_price": 122500.0, "median_price_per_sqm": null, "median_rooms": null, "first_sale": "2023-10-26", "last_sale": "2025-12-11"}}, {"type": "Feature", "geometry": {"type": "Point", "coordinates": [3.123932, 48.960243]}, "properties": {"id_parcelle": "77183000ZH0161", "address": "7 RUE DU LAVOIR", "sales": 2, "median_price": 158000.0, "median_price_per_sqm": 3950.0, "median_rooms": 1.5, "first_sale": "2025-05-26", "last_sale": "2025-05-26"}}, {"type": "Feature", "geometry": {"type": "Point", "coordinates": [3.124532, 48.959584]}, "properties": {"id_parcelle": "77183000ZH0167", "address": "LE LIMON", "sales": 2, "median_price": 4750.0, "median_price_per_sqm": null, "median_rooms": null, "first_sale": "2024-01-02", "last_sale": "2025-03-06"}}, {"type": "Feature", "geometry": {"type": "Point", "coordinates": [3.124287, 48.960653]}, "properties": {"id_parcelle": "77183000ZH0178", "address": "62 RUE SIMON ROUSSEL", "sales": 2, "median_price": 112000.0, "median_price_per_sqm": 2604.6511627906975, "median_rooms": 3.0, "first_sale": "2023-08-10", "last_sale": "2025-10-20"}}, {"type": "Feature", "geometry": {"type": "Point", "coordinates": [3.124495, 48.960665]}, "properties": {"id_parcelle": "77183000ZH0193", "address": "LE LIMON", "sales": 2, "median_price": 112000.0, "median_price_per_sqm": null, "median_rooms": null, "first_sale": "2023-08-10", "last_sale": "2025-10-20"}}, {"type": "Feature", "geometry": {"type": "Point", "coordinates": [3.130359, 48.963342]}, "properties": {"id_parcelle": "77183000ZE0034", "address": "13 RUE DES MEULIERES", "sales": 2, "median_price": 180000.0, "median_price_per_sqm": 2647.0588235294117, "median_rooms": 2.0, "first_sale": "2021-08-03", "last_sale": "2021-08-03"}}, {"type": "Feature", "geometry": {"type": "Point", "coordinates": [3.120165, 48.960169]}, "properties": {"id_parcelle": "77183000ZH0069", "address": "LE LIMON", "sales": 2, "median_price": 142500.0, "median_price_per_sqm": null, "median_rooms": null, "first_sale": "2021-02-26", "last_sale": "2021-09-20"}}, {"type": "Feature", "geometry": {"type": "Point", "coordinates": [3.120098, 48.960216]}, "properties": {"id_parcelle": "77183000ZH0070", "address": "RUE LEON GLAIZE", "sales": 2, "median_price": 142500.0, "median_price_per_sqm": null, "median_rooms": null, "first_sale": "2021-02-26", "last_sale": "2021-09-20"}}, {"type": "Feature", "geometry": {"type": "Point", "coordinates": [3.120391, 48.959944]}, "properties": {"id_parcelle": "77183000ZH0072", "address": "LE LIMON", "sales": 2, "median_price": 142500.0, "median_price_per_sqm": null, "median_rooms": null, "first_sale": "2021-02-26", "last_sale": "2021-09-20"}}, {"type": "Feature", "geometry": {"type": "Point", "coordinates": [3.120488, 48.960019]}, "properties": {"id_parcelle": "77183000ZH0074", "address": "26 RUE LEON GLAIZE", "sales": 2, "median_price": 50000.0, "median_price_per_sqm": null, "median_rooms": 0.0, "first_sale": "2021-12-27", "last_sale": "2021-12-27"}}, {"type": "Feature", "geometry": {"type": "Point", "coordinates": [3.133444, 48.962074]}, "properties": {"id_parcelle": "77183000ZD0342", "address": "9 SEN DE LA BERGETTE", "sales": 2, "median_price": 151500.0, "median_price_per_sqm": 2612.0689655172414, "median_rooms": 4.0, "first_sale": "2022-07-29", "last_sale": "2025-01-14"}}, {"type": "Feature", "geometry": {"type": "Point", "coordinates": [3.132916, 48.962665]}, "properties": {"id_parcelle": "77183000ZD0375", "address": "11 AV DE CHATEAU THIERRY", "sales": 2, "median_price": 299000.0, "median_price_per_sqm": 2577.5862068965516, "median_rooms": 5.0, "first_sale": "2022-08-12", "last_sale": "2022-08-12"}}, {"type": "Feature", "geometry": {"type": "Point", "coordinates": [3.131362, 48.961586]}, "properties": {"id_parcelle": "77183000ZD0418", "address": "8 RUE DE FAVIERES", "sales": 2, "median_price": 335000.0, "median_price_per_sqm": 2392.8571428571427, "median_rooms": 5.0, "first_sale": "2024-10-16", "last_sale": "2024-10-16"}}, {"type": "Feature", "geometry": {"type": "Point", "coordinates": [3.130939, 48.962341]}, "properties": {"id_parcelle": "77183000ZD0463", "address": "RUE DE FAVIERES", "sales": 2, "median_price": 10000.0, "median_price_per_sqm": null, "median_rooms": null, "first_sale": "2022-01-14", "last_sale": "2023-06-09"}}, {"type": "Feature", "geometry": {"type": "Point", "coordinates": [3.131779, 48.961883]}, "properties": {"id_parcelle": "77183000ZD0464", "address": "2 RUE DE FAVIERES", "sales": 2, "median_price": 64975.0, "median_price_per_sqm": null, "median_rooms": 0.0, "first_sale": "2023-07-24", "last_sale": "2023-07-24"}}, {"type": "Feature", "geometry": {"type": "Point", "coordinates": [3.130262, 48.962841]}, "properties": {"id_parcelle": "77183000ZD0467", "address": "12 RUE DES MEULIERES", "sales": 2, "median_price": 123000.0, "median_price_per_sqm": 1537.5, "median_rooms": 2.0, "first_sale": "2023-06-09", "last_sale": "2023-06-09"}}, {"type": "Feature", "geometry": {"type": "Point", "coordinates": [3.131568, 48.961508]}, "properties": {"id_parcelle": "77183000ZD0474", "address": "6 RUE DE FAVIERES", "sales": 2, "median_price": 189000.0, "median_price_per_sqm": 2520.0, "median_rooms": 1.5, "first_sale": "2025-04-29", "last_sale": "2025-04-29"}}, {"type": "Feature", "geometry": {"type": "Point", "coordinates": [3.122006, 48.959597]}, "properties": {"id_parcelle": "77183000ZH0396", "address": "14 RUE SIMON ROUSSEL", "sales": 2, "median_price": 205000.0, "median_price_per_sqm": null, "median_rooms": null, "first_sale": "2021-04-01", "last_sale": "2021-04-01"}}, {"type": "Feature", "geometry": {"type": "Point", "coordinates": [3.122017, 48.95749]}, "properties": {"id_parcelle": "77183000ZH0222", "address": "5 RUE DE ROSEBOIS", "sales": 2, "median_price": 161000.0, "median_price_per_sqm": null, "median_rooms": 0.0, "first_sale": "2021-11-18", "last_sale": "2021-11-18"}}, {"type": "Feature", "geometry": {"type": "Point", "coordinates": [3.120624, 48.959432]}, "properties": {"id_parcelle": "77183000ZH0261", "address": "25 RUE LEON GLAIZE", "sales": 2, "median_price": 235000.0, "median_price_per_sqm": null, "median_rooms": null, "first_sale": "2022-07-22", "last_sale": "2025-01-16"}}, {"type": "Feature", "geometry": {"type": "Point", "coordinates": [3.120369, 48.959446]}, "properties": {"id_parcelle": "77183000ZH0267", "address": "25 RUE LEON GLAIZE", "sales": 2, "median_price": 250000.0, "median_price_per_sqm": 3125.0, "median_rooms": 1.5, "first_sale": "2025-01-16", "last_sale": "2025-01-16"}}, {"type": "Feature", "geometry": {"type": "Point", "coordinates": [3.120264, 48.959366]}, "properties": {"id_parcelle": "77183000ZH0268", "address": "25 RUE LEON GLAIZE", "sales": 2, "median_price": 220000.0, "median_price_per_sqm": 2820.5128205128203, "median_rooms": 1.5, "first_sale": "2022-07-22", "last_sale": "2022-07-22"}}, {"type": "Feature", "geometry": {"type": "Point", "coordinates": [3.120273, 48.959348]}, "properties": {"id_parcelle": "77183000ZH0269", "address": "LE LIMON", "sales": 2, "median_price": 235000.0, "median_price_per_sqm": null, "median_rooms": null, "first_sale": "2022-07-22", "last_sale": "2025-01-16"}}, {"type": "Feature", "geometry": {"type": "Point", "coordinates": [3.119696, 48.960013]}, "properties": {"id_parcelle": "77183000ZH0299", "address": "LE LIMON", "sales": 2, "median_price": 148130.0, "median_price_per_sqm": null, "median_rooms": null, "first_sale": "2023-07-06", "last_sale": "2025-09-08"}}, {"type": "Feature", "geometry": {"type": "Point", "coordinates": [3.124884, 48.950215]}, "properties": {"id_parcelle": "77183000AI0337", "address": "19 RUE DE LA GARE", "sales": 2, "median_price": 92990.0, "median_price_per_sqm": 1859.8, "median_rooms": 1.0, "first_sale": "2021-07-28", "last_sale": "2021-07-28"}}, {"type": "Feature", "geometry": {"type": "Point", "coordinates": [3.124197, 48.949597]}, "properties": {"id_parcelle": "77183000AI0366", "address": "68 RUE PIERRE MARX", "sales": 2, "median_price": 374000.0, "median_price_per_sqm": null, "median_rooms": 0.0, "first_sale": "2024-05-31", "last_sale": "2025-02-04"}}, {"type": "Feature", "geometry": {"type": "Point", "coordinates": [3.127384, 48.949635]}, "properties": {"id_parcelle": "77183000AI0130", "address": "RUE PIERRE MARX", "sales": 2, "median_price": 150000.0, "median_price_per_sqm": null, "median_rooms": null, "first_sale": "2022-08-11", "last_sale": "2024-11-05"}}, {"type": "Feature", "geometry": {"type": "Point", "coordinates": [3.126409, 48.949638]}, "properties": {"id_parcelle": "77183000AI0142", "address": "46 RUE PIERRE MARX", "sales": 2, "median_price": 90000.0, "median_price_per_sqm": 1451.6129032258063, "median_rooms": 1.5, "first_sale": "2022-03-22", "last_sale": "2022-03-22"}}, {"type": "Feature", "geometry": {"type": "Point", "coordinates": [3.121046, 48.949718]}, "properties": {"id_parcelle": "77183000AI0185", "address": "88 RUE PIERRE MARX", "sales": 2, "median_price": 109000.0, "median_price_per_sqm": 3502.252252252252, "median_rooms": 1.5, "first_sale": "2021-12-27", "last_sale": "2024-12-23"}}, {"type": "Feature", "geometry": {"type": "Point", "coordinates": [3.123394, 48.951231]}, "properties": {"id_parcelle": "77183000AI0276", "address": "4 RLE AUX LOUPS", "sales": 2, "median_price": 348000.0, "median_price_per_sqm": 3702.127659574468, "median_rooms": 4.0, "first_sale": "2021-06-28", "last_sale": "2021-06-28"}}, {"type": "Feature", "geometry": {"type": "Point", "coordinates": [3.125701, 48.950114]}, "properties": {"id_parcelle": "77183000AI0303", "address": "5 RUE DE LA REPUBLIQUE", "sales": 2, "median_price": 78000.0, "median_price_per_sqm": 1813.953488372093, "median_rooms": 1.0, "first_sale": "2025-11-28", "last_sale": "2025-11-28"}}, {"type": "Feature", "geometry": {"type": "Point", "coordinates": [3.128173, 48.950282]}, "properties": {"id_parcelle": "77183000AI0105", "address": "19 RUE MICHEL FAUVET", "sales": 2, "median_price": 222000.0, "median_price_per_sqm": 1850.0, "median_rooms": 3.0, "first_sale": "2022-03-11", "last_sale": "2022-03-11"}}, {"type": "Feature", "geometry": {"type": "Point", "coordinates": [3.128011, 48.950168]}, "properties": {"id_parcelle": "77183000AI0109", "address": "23 RUE MICHEL FAUVET", "sales": 2, "median_price": 313900.0, "median_price_per_sqm": 3077.450980392157, "median_rooms": 2.5, "first_sale": "2025-04-28", "last_sale": "2025-04-28"}}, {"type": "Feature", "geometry": {"type": "Point", "coordinates": [3.119594, 48.949529]}, "properties": {"id_parcelle": "77183000AE0025", "address": "77 RUE PIERRE MARX", "sales": 2, "median_price": 380000.0, "median_price_per_sqm": 3619.0476190476193, "median_rooms": 3.0, "first_sale": "2023-09-27", "last_sale": "2023-09-27"}}, {"type": "Feature", "geometry": {"type": "Point", "coordinates": [3.136533, 48.949377]}, "properties": {"id_parcelle": "77183000AN0469", "address": "10 RUE JOLLY GUERIN", "sales": 2, "median_price": 225000.0, "median_price_per_sqm": 2250.0, "median_rooms": 4.0, "first_sale": "2024-09-05", "last_sale": "2024-09-05"}}, {"type": "Feature", "geometry": {"type": "Point", "coordinates": [3.138528, 48.951755]}, "properties": {"id_parcelle": "77183000AO0025", "address": "11 RUE DE REUIL", "sales": 2, "median_price": 305000.0, "median_price_per_sqm": 2652.1739130434785, "median_rooms": 2.5, "first_sale": "2022-06-29", "last_sale": "2022-06-29"}}, {"type": "Feature", "geometry": {"type": "Point", "coordinates": [3.140813, 48.950316]}, "properties": {"id_parcelle": "77183000AO0079", "address": "50 RUE RENE MESSEAUX", "sales": 2, "median_price": 204000.0, "median_price_per_sqm": 4533.333333333333, "median_rooms": 1.5, "first_sale": "2025-09-03", "last_sale": "2025-09-03"}}, {"type": "Feature", "geometry": {"type": "Point", "coordinates": [3.139413, 48.949817]}, "properties": {"id_parcelle": "77183000AO0152", "address": "40 RUE RENE MESSEAUX", "sales": 2, "median_price": 155000.0, "median_price_per_sqm": 2094.5945945945946, "median_rooms": 3.0, "first_sale": "2021-09-03", "last_sale": "2021-09-03"}}, {"type": "Feature", "geometry": {"type": "Point", "coordinates": [3.14198, 48.951564]}, "properties": {"id_parcelle": "77183000AO0188", "address": "15 RUE DES CARRIERS", "sales": 2, "median_price": 259000.0, "median_price_per_sqm": 2642.8571428571427, "median_rooms": 4.0, "first_sale": "2021-12-23", "last_sale": "2021-12-23"}}, {"type": "Feature", "geometry": {"type": "Point", "coordinates": [3.14361, 48.950996]}, "properties": {"id_parcelle": "77183000AO0195", "address": "27 RUE DES CARRIERS", "sales": 2, "median_price": 250000.0, "median_price_per_sqm": 2212.3893805309735, "median_rooms": 6.0, "first_sale": "2023-09-25", "last_sale": "2023-09-25"}}, {"type": "Feature", "geometry": {"type": "Point", "coordinates": [3.133964, 48.940527]}, "properties": {"id_parcelle": "77183000AW0829", "address": "2 RUE DU FOUR BLANC", "sales": 2, "median_price": 340000.0, "median_price_per_sqm": null, "median_rooms": null, "first_sale": "2023-04-12", "last_sale": "2023-04-12"}}, {"type": "Feature", "geometry": {"type": "Point", "coordinates": [3.133665, 48.940455]}, "properties": {"id_parcelle": "77183000AW0830", "address": "2 RUE DU FOUR BLANC", "sales": 2, "median_price": 253500.0, "median_price_per_sqm": 2755.4347826086955, "median_rooms": 4.0, "first_sale": "2024-06-25", "last_sale": "2024-06-25"}}, {"type": "Feature", "geometry": {"type": "Point", "coordinates": [3.140617, 48.943432]}, "properties": {"id_parcelle": "77183000AW0871", "address": "92 RUE DU LION", "sales": 2, "median_price": 265000.0, "median_price_per_sqm": 2453.703703703704, "median_rooms": 5.0, "first_sale": "2024-07-11", "last_sale": "2024-07-11"}}, {"type": "Feature", "geometry": {"type": "Point", "coordinates": [3.142337, 48.943228]}, "properties": {"id_parcelle": "77183000AW0880", "address": "47 RUE DU FOUR BLANC", "sales": 2, "median_price": 255000.0, "median_price_per_sqm": 1946.5648854961833, "median_rooms": 6.0, "first_sale": "2024-02-12", "last_sale": "2024-02-12"}}, {"type": "Feature", "geometry": {"type": "Point", "coordinates": [3.14029, 48.943757]}, "properties": {"id_parcelle": "77183000AW0888", "address": "91 RUE DU LION", "sales": 2, "median_price": 227000.0, "median_price_per_sqm": 2389.4736842105262, "median_rooms": 4.0, "first_sale": "2021-07-15", "last_sale": "2021-07-15"}}, {"type": "Feature", "geometry": {"type": "Point", "coordinates": [3.138746, 48.943776]}, "properties": {"id_parcelle": "77183000AW0899", "address": "81 RUE DU LION", "sales": 2, "median_price": 293500.0, "median_price_per_sqm": 2487.2881355932204, "median_rooms": 5.0, "first_sale": "2021-05-20", "last_sale": "2021-05-20"}}, {"type": "Feature", "geometry": {"type": "Point", "coordinates": [3.143439, 48.943119]}, "properties": {"id_parcelle": "77183000AW0993", "address": "66 LE FOUR BLANC", "sales": 2, "median_price": 319000.0, "median_price_per_sqm": 2703.3898305084745, "median_rooms": 5.0, "first_sale": "2025-07-17", "last_sale": "2025-07-17"}}, {"type": "Feature", "geometry": {"type": "Point", "coordinates": [3.143389, 48.940054]}, "properties": {"id_parcelle": "77183000AW0282", "address": "69 AV DU CAPITAINE LAHITTE", "sales": 2, "median_price": 153000.0, "median_price_per_sqm": 4250.0, "median_rooms": 1.5, "first_sale": "2025-09-24", "last_sale": "2025-09-24"}}, {"type": "Feature", "geometry": {"type": "Point", "coordinates": [3.139403, 48.942257]}, "properties": {"id_parcelle": "77183000AW0428", "address": "40 RUE DU FOUR BLANC", "sales": 2, "median_price": 215000.0, "median_price_per_sqm": 2905.4054054054054, "median_rooms": 2.0, "first_sale": "2021-09-30", "last_sale": "2021-09-30"}}, {"type": "Feature", "geometry": {"type": "Point", "coordinates": [3.139176, 48.939892]}, "properties": {"id_parcelle": "77183000AW0479", "address": "33 AV DU CAPITAINE LAHITTE", "sales": 2, "median_price": 157000.0, "median_price_per_sqm": 1570.0, "median_rooms": 1.5, "first_sale": "2024-05-22", "last_sale": "2024-05-22"}}, {"type": "Feature", "geometry": {"type": "Point", "coordinates": [3.139011, 48.942112]}, "properties": {"id_parcelle": "77183000AW0611", "address": "36 RUE DU FOUR BLANC", "sales": 2, "median_price": 260000.0, "median_price_per_sqm": 3466.6666666666665, "median_rooms": 2.0, "first_sale": "2021-11-04", "last_sale": "2021-11-04"}}, {"type": "Feature", "geometry": {"type": "Point", "coordinates": [3.138801, 48.942432]}, "properties": {"id_parcelle": "77183000AW0745", "address": "23 RUE DU FOUR BLANC", "sales": 2, "median_price": 303000.0, "median_price_per_sqm": 2483.6065573770493, "median_rooms": 5.0, "first_sale": "2021-02-19", "last_sale": "2022-07-29"}}, {"type": "Feature", "geometry": {"type": "Point", "coordinates": [3.140692, 48.948021]}, "properties": {"id_parcelle": "77183000AR0232", "address": "4 PL DES SYCOMORES", "sales": 2, "median_price": 266000.0, "median_price_per_sqm": 1821.9178082191781, "median_rooms": 7.0, "first_sale": "2021-03-09", "last_sale": "2021-03-09"}}, {"type": "Feature", "geometry": {"type": "Point", "coordinates": [3.140813, 48.947423]}, "properties": {"id_parcelle": "77183000AR0242", "address": "1 PL DES SYCOMORES", "sales": 2, "median_price": 191606.0, "median_price_per_sqm": 2177.340909090909, "median_rooms": 2.5, "first_sale": "2023-05-24", "last_sale": "2023-05-24"}}, {"type": "Feature", "geometry": {"type": "Point", "coordinates": [3.140017, 48.947386]}, "properties": {"id_parcelle": "77183000AR0246", "address": "7 PL DES SYCOMORES", "sales": 2, "median_price": 270000.0, "median_price_per_sqm": 2288.135593220339, "median_rooms": 4.0, "first_sale": "2022-01-12", "last_sale": "2022-01-12"}}, {"type": "Feature", "geometry": {"type": "Point", "coordinates": [3.140434, 48.946983]}, "properties": {"id_parcelle": "77183000AR0276", "address": "2 PL DES BOULEAUX", "sales": 2, "median_price": 280000.0, "median_price_per_sqm": 2333.3333333333335, "median_rooms": 7.0, "first_sale": "2022-06-20", "last_sale": "2022-06-20"}}, {"type": "Feature", "geometry": {"type": "Point", "coordinates": [3.146935, 48.94913]}, "properties": {"id_parcelle": "77183000AS0173", "address": "34 RUE DES BONDONS", "sales": 2, "median_price": 243000.0, "median_price_per_sqm": 2761.3636363636365, "median_rooms": 4.0, "first_sale": "2024-12-23", "last_sale": "2024-12-23"}}, {"type": "Feature", "geometry": {"type": "Point", "coordinates": [3.133756, 48.947766]}, "properties": {"id_parcelle": "77183000AP0218", "address": "113 RUE DE REUIL", "sales": 2, "median_price": 130000.0, "median_price_per_sqm": 2203.3898305084745, "median_rooms": 1.5, "first_sale": "2021-07-29", "last_sale": "2021-07-29"}}, {"type": "Feature", "geometry": {"type": "Point", "coordinates": [3.139077, 48.948256]}, "properties": {"id_parcelle": "77183000AR0047", "address": "26 RUE DE LA GAMBIERE", "sales": 2, "median_price": 209000.0, "median_price_per_sqm": 3215.3846153846152, "median_rooms": 2.0, "first_sale": "2023-10-13", "last_sale": "2023-10-13"}}, {"type": "Feature", "geometry": {"type": "Point", "coordinates": [3.143399, 48.948243]}, "properties": {"id_parcelle": "77183000AR0217", "address": "5 PL DES NOYERS", "sales": 2, "median_price": 272000.0, "median_price_per_sqm": 3238.095238095238, "median_rooms": 2.5, "first_sale": "2021-08-03", "last_sale": "2021-08-03"}}, {"type": "Feature", "geometry": {"type": "Point", "coordinates": [3.143667, 48.939281]}, "properties": {"id_parcelle": "77183000AX0515", "address": "LES AVERNES", "sales": 2, "median_price": 60000.0, "median_price_per_sqm": null, "median_rooms": null, "first_sale": "2021-11-04", "last_sale": "2023-04-26"}}, {"type": "Feature", "geometry": {"type": "Point", "coordinates": [3.141751, 48.937697]}, "properties": {"id_parcelle": "77183000AX0520", "address": "PRES DE MOURETTE", "sales": 2, "median_price": 48729.3, "median_price_per_sqm": null, "median_rooms": null, "first_sale": "2022-11-08", "last_sale": "2023-06-19"}}, {"type": "Feature", "geometry": {"type": "Point", "coordinates": [3.132161, 48.938373]}, "properties": {"id_parcelle": "77183000AY0012", "address": "2 RUE DU LONG PONT", "sales": 2, "median_price": 114000.0, "median_price_per_sqm": 1561.6438356164385, "median_rooms": 3.0, "first_sale": "2021-04-23", "last_sale": "2021-06-02"}}, {"type": "Feature", "geometry": {"type": "Point", "coordinates": [3.131345, 48.938562]}, "properties": {"id_parcelle": "77183000AY0021", "address": "36 RUE SAINT MARTIN", "sales": 2, "median_price": 300000.0, "median_price_per_sqm": 2912.621359223301, "median_rooms": 2.0, "first_sale": "2022-03-10", "last_sale": "2022-03-10"}}, {"type": "Feature", "geometry": {"type": "Point", "coordinates": [3.133776, 48.93883]}, "properties": {"id_parcelle": "77183000AY0057", "address": "12 RUE TEXIER", "sales": 2, "median_price": 159000.0, "median_price_per_sqm": 3180.0, "median_rooms": 1.5, "first_sale": "2025-11-14", "last_sale": "2025-11-14"}}, {"type": "Feature", "geometry": {"type": "Point", "coordinates": [3.1458, 48.939715]}, "properties": {"id_parcelle": "77183000AX0372", "address": "5 CHE DES PRES", "sales": 2, "median_price": 441650.0, "median_price_per_sqm": 2103.095238095238, "median_rooms": 8.0, "first_sale": "2021-02-11", "last_sale": "2021-02-11"}}, {"type": "Feature", "geometry": {"type": "Point", "coordinates": [3.137371, 48.938917]}, "properties": {"id_parcelle": "77183000AX0384", "address": "21 RUE DES PAVILLONS", "sales": 2, "median_price": 215000.0, "median_price_per_sqm": 2128.7128712871286, "median_rooms": 3.0, "first_sale": "2025-06-10", "last_sale": "2025-06-10"}}, {"type": "Feature", "geometry": {"type": "Point", "coordinates": [3.137944, 48.93905]}, "properties": {"id_parcelle": "77183000AX0397", "address": "15 RUE DES PAVILLONS", "sales": 2, "median_price": 200000.0, "median_price_per_sqm": 3508.7719298245615, "median_rooms": 2.0, "first_sale": "2021-07-13", "last_sale": "2021-07-13"}}, {"type": "Feature", "geometry": {"type": "Point", "coordinates": [3.135692, 48.938518]}, "properties": {"id_parcelle": "77183000AX0442", "address": "13 RUE DE MOURETTE", "sales": 2, "median_price": 432700.0, "median_price_per_sqm": 1949.099099099099, "median_rooms": 8.0, "first_sale": "2023-04-13", "last_sale": "2023-04-13"}}, {"type": "Feature", "geometry": {"type": "Point", "coordinates": [3.145785, 48.94009]}, "properties": {"id_parcelle": "77183000AX0468", "address": "84 AV DU CAPITAINE LAHITTE", "sales": 2, "median_price": 100000.0, "median_price_per_sqm": 2272.7272727272725, "median_rooms": 1.0, "first_sale": "2024-01-05", "last_sale": "2024-01-05"}}, {"type": "Feature", "geometry": {"type": "Point", "coordinates": [3.136336, 48.939337]}, "properties": {"id_parcelle": "77183000AX0477", "address": "11 RUE DU PETIT VENTEUIL", "sales": 2, "median_price": 261000.0, "median_price_per_sqm": 2868.131868131868, "median_rooms": 6.0, "first_sale": "2022-04-27", "last_sale": "2022-04-27"}}, {"type": "Feature", "geometry": {"type": "Point", "coordinates": [3.137196, 48.938377]}, "properties": {"id_parcelle": "77183000AX0286", "address": "4 RUE DU PETIT VENTEUIL", "sales": 2, "median_price": 61000.0, "median_price_per_sqm": 1220.0, "median_rooms": 2.0, "first_sale": "2025-07-23", "last_sale": "2025-07-23"}}, {"type": "Feature", "geometry": {"type": "Point", "coordinates": [3.136993, 48.938391]}, "properties": {"id_parcelle": "77183000AX0288", "address": "33 RUE DE MOURETTE", "sales": 2, "median_price": 183000.0, "median_price_per_sqm": 1926.3157894736842, "median_rooms": 2.5, "first_sale": "2025-02-26", "last_sale": "2025-02-26"}}, {"type": "Feature", "geometry": {"type": "Point", "coordinates": [3.135234, 48.938094]}, "properties": {"id_parcelle": "77183000AX0318", "address": "5 RUE DE MOURETTE", "sales": 2, "median_price": 133000.0, "median_price_per_sqm": 2714.285714285714, "median_rooms": 1.5, "first_sale": "2025-08-14", "last_sale": "2025-08-14"}}, {"type": "Feature", "geometry": {"type": "Point", "coordinates": [3.13503, 48.949522]}, "properties": {"id_parcelle": "77183000AN0099", "address": "20 RUE DE REUIL", "sales": 2, "median_price": 190000.0, "median_price_per_sqm": 2714.285714285714, "median_rooms": 1.5, "first_sale": "2024-12-30", "last_sale": "2024-12-30"}}, {"type": "Feature", "geometry": {"type": "Point", "coordinates": [3.12814, 48.952267]}, "properties": {"id_parcelle": "77183000AL0156", "address": "14 AV DU GENERAL LECLERC", "sales": 2, "median_price": 560000.0, "median_price_per_sqm": 2557.077625570776, "median_rooms": 3.5, "first_sale": "2025-02-25", "last_sale": "2025-02-25"}}, {"type": "Feature", "geometry": {"type": "Point", "coordinates": [3.127414, 48.953029]}, "properties": {"id_parcelle": "77183000AL0221", "address": "LES AGOURIES", "sales": 2, "median_price": 177000.0, "median_price_per_sqm": null, "median_rooms": null, "first_sale": "2021-05-26", "last_sale": "2021-05-26"}}, {"type": "Feature", "geometry": {"type": "Point", "coordinates": [3.126161, 48.952412]}, "properties": {"id_parcelle": "77183000AL0233", "address": "8 RUE DU LIMON", "sales": 2, "median_price": 355000.0, "median_price_per_sqm": 2817.4603174603176, "median_rooms": 7.0, "first_sale": "2023-10-31", "last_sale": "2023-10-31"}}, {"type": "Feature", "geometry": {"type": "Point", "coordinates": [3.132411, 48.947789]}, "properties": {"id_parcelle": "77183000AP0137", "address": "9 RUE DU PORT AUX MEULES", "sales": 2, "median_price": 91000.0, "median_price_per_sqm": 1596.4912280701753, "median_rooms": 1.5, "first_sale": "2022-12-28", "last_sale": "2022-12-28"}}, {"type": "Feature", "geometry": {"type": "Point", "coordinates": [3.134134, 48.947697]}, "properties": {"id_parcelle": "77183000AP0052", "address": "12 RUE D AUBIGNY", "sales": 2, "median_price": 178000.0, "median_price_per_sqm": 2656.716417910448, "median_rooms": 1.5, "first_sale": "2021-06-10", "last_sale": "2021-06-10"}}, {"type": "Feature", "geometry": {"type": "Point", "coordinates": [3.133344, 48.947571]}, "properties": {"id_parcelle": "77183000AP0107", "address": "1 RUE DE CONDE", "sales": 2, "median_price": 115000.0, "median_price_per_sqm": 1788.888888888889, "median_rooms": 2.0, "first_sale": "2021-03-05", "last_sale": "2021-03-05"}}, {"type": "Feature", "geometry": {"type": "Point", "coordinates": [3.13281, 48.947483]}, "properties": {"id_parcelle": "77183000AP0113", "address": "10 RUE DE CONDE", "sales": 2, "median_price": 185000.0, "median_price_per_sqm": 1434.108527131783, "median_rooms": 3.5, "first_sale": "2022-03-23", "last_sale": "2022-03-23"}}, {"type": "Feature", "geometry": {"type": "Point", "coordinates": [3.142612, 48.950373]}, "properties": {"id_parcelle": "77183000AO0215", "address": "16 RUE DES CARRIERS", "sales": 2, "median_price": 236000.0, "median_price_per_sqm": 2843.3734939759033, "median_rooms": 4.0, "first_sale": "2021-02-25", "last_sale": "2025-02-04"}}, {"type": "Feature", "geometry": {"type": "Point", "coordinates": [3.13962, 48.949269]}, "properties": {"id_parcelle": "77183000AO0311", "address": "68 RUE RENE MESSEAUX", "sales": 2, "median_price": 270000.0, "median_price_per_sqm": 2571.4285714285716, "median_rooms": 4.0, "first_sale": "2021-04-08", "last_sale": "2021-04-08"}}, {"type": "Feature", "geometry": {"type": "Point", "coordinates": [3.137047, 48.948888]}, "properties": {"id_parcelle": "77183000AO0319", "address": "28 RUE RENE MESSEAUX", "sales": 2, "median_price": 158000.0, "median_price_per_sqm": 1580.0, "median_rooms": 7.0, "first_sale": "2021-03-12", "last_sale": "2021-03-12"}}, {"type": "Feature", "geometry": {"type": "Point", "coordinates": [3.139898, 48.951406]}, "properties": {"id_parcelle": "77183000AO0363", "address": "19 RUE DE LA CROIX DE PIERRE", "sales": 2, "median_price": 150000.0, "median_price_per_sqm": 1875.0, "median_rooms": 5.0, "first_sale": "2021-09-16", "last_sale": "2021-09-16"}}, {"type": "Feature", "geometry": {"type": "Point", "coordinates": [3.132709, 48.948331]}, "properties": {"id_parcelle": "77183000AP0010", "address": "17 RUE DU FAUBOURG", "sales": 2, "median_price": 187500.0, "median_price_per_sqm": 2113.4868421052633, "median_rooms": 1.0, "first_sale": "2023-12-14", "last_sale": "2023-12-14"}}, {"type": "Feature", "geometry": {"type": "Point", "coordinates": [3.142976, 48.939197]}, "properties": {"id_parcelle": "77183000AX0359", "address": "5 RUE DES AVERNES", "sales": 2, "median_price": 238000.0, "median_price_per_sqm": 2735.632183908046, "median_rooms": 4.0, "first_sale": "2021-09-29", "last_sale": "2021-09-29"}}, {"type": "Feature", "geometry": {"type": "Point", "coordinates": [3.137428, 48.939927]}, "properties": {"id_parcelle": "77183000AW1001", "address": "21 AV DU CAPITAINE LAHITTE", "sales": 2, "median_price": 243000.0, "median_price_per_sqm": 2229.3577981651374, "median_rooms": 3.0, "first_sale": "2025-05-12", "last_sale": "2025-05-12"}}, {"type": "Feature", "geometry": {"type": "Point", "coordinates": [3.137224, 48.939485]}, "properties": {"id_parcelle": "77183000AX0008", "address": "20 AV DU CAPITAINE LAHITTE", "sales": 2, "median_price": 215000.0, "median_price_per_sqm": 2047.6190476190477, "median_rooms": 3.0, "first_sale": "2023-08-24", "last_sale": "2023-08-24"}}, {"type": "Feature", "geometry": {"type": "Point", "coordinates": [3.143647, 48.939212]}, "properties": {"id_parcelle": "77183000AX0143", "address": "LES AVERNES", "sales": 2, "median_price": 60000.0, "median_price_per_sqm": null, "median_rooms": null, "first_sale": "2021-11-04", "last_sale": "2023-04-26"}}, {"type": "Feature", "geometry": {"type": "Point", "coordinates": [3.135491, 48.937555]}, "properties": {"id_parcelle": "77183000AX0223", "address": "75 AV DE REBAIS", "sales": 2, "median_price": 306200.0, "median_price_per_sqm": 3031.6831683168316, "median_rooms": 4.0, "first_sale": "2023-06-30", "last_sale": "2023-06-30"}}, {"type": "Feature", "geometry": {"type": "Point", "coordinates": [3.137148, 48.9379]}, "properties": {"id_parcelle": "77183000AX0244", "address": "4 RUE FANNY MARC", "sales": 2, "median_price": 183000.0, "median_price_per_sqm": 3452.830188679245, "median_rooms": 1.5, "first_sale": "2023-02-28", "last_sale": "2023-02-28"}}, {"type": "Feature", "geometry": {"type": "Point", "coordinates": [3.138161, 48.937961]}, "properties": {"id_parcelle": "77183000AX0262", "address": "101 AV DE REBAIS", "sales": 2, "median_price": 189000.0, "median_price_per_sqm": 1817.3076923076924, "median_rooms": 2.5, "first_sale": "2021-09-15", "last_sale": "2021-09-15"}}, {"type": "Feature", "geometry": {"type": "Point", "coordinates": [3.138563, 48.938015]}, "properties": {"id_parcelle": "77183000AX0264", "address": "103 AV DE REBAIS", "sales": 2, "median_price": 58500.0, "median_price_per_sqm": null, "median_rooms": null, "first_sale": "2021-10-29", "last_sale": "2025-08-14"}}, {"type": "Feature", "geometry": {"type": "Point", "coordinates": [3.129911, 48.944623]}, "properties": {"id_parcelle": "77183000AZ0050", "address": "69 RUE DE CONDE", "sales": 2, "median_price": 185000.0, "median_price_per_sqm": 2434.2105263157896, "median_rooms": 2.0, "first_sale": "2022-11-28", "last_sale": "2022-11-28"}}, {"type": "Feature", "geometry": {"type": "Point", "coordinates": [3.129639, 48.944518]}, "properties": {"id_parcelle": "77183000AZ0070", "address": "73 RUE DE CONDE", "sales": 2, "median_price": 250000.0, "median_price_per_sqm": 13468.992248062015, "median_rooms": 3.0, "first_sale": "2022-04-05", "last_sale": "2022-04-05"}}, {"type": "Feature", "geometry": {"type": "Point", "coordinates": [3.129599, 48.945736]}, "properties": {"id_parcelle": "77183000AZ0090", "address": "40 RUE DU PORT AUX MEULES", "sales": 2, "median_price": 115000.0, "median_price_per_sqm": 3108.108108108108, "median_rooms": 1.0, "first_sale": "2025-02-27", "last_sale": "2025-02-27"}}, {"type": "Feature", "geometry": {"type": "Point", "coordinates": [3.133215, 48.937139]}, "properties": {"id_parcelle": "77183000AY0421", "address": "53 AV DE REBAIS", "sales": 2, "median_price": 162000.0, "median_price_per_sqm": 4050.0, "median_rooms": 2.0, "first_sale": "2021-03-22", "last_sale": "2021-03-22"}}, {"type": "Feature", "geometry": {"type": "Point", "coordinates": [3.128428, 48.937727]}, "properties": {"id_parcelle": "77183000AY0458", "address": "22 AV DE REBAIS", "sales": 2, "median_price": 550000.0, "median_price_per_sqm": 1622.4188790560472, "median_rooms": 0.0, "first_sale": "2022-06-09", "last_sale": "2022-06-09"}}, {"type": "Feature", "geometry": {"type": "Point", "coordinates": [3.132885, 48.939239]}, "properties": {"id_parcelle": "77183000AY0490", "address": "5 RUE DU VAL SAINT MARTIN", "sales": 2, "median_price": 354550.0, "median_price_per_sqm": 2727.3076923076924, "median_rooms": 6.0, "first_sale": "2025-07-02", "last_sale": "2025-07-02"}}, {"type": "Feature", "geometry": {"type": "Point", "coordinates": [3.127086, 48.939351]}, "properties": {"id_parcelle": "77183000AY0502", "address": "9 AV DE REBAIS", "sales": 2, "median_price": 400000.0, "median_price_per_sqm": 2500.0, "median_rooms": 5.0, "first_sale": "2023-07-19", "last_sale": "2023-07-19"}}, {"type": "Feature", "geometry": {"type": "Point", "coordinates": [3.134662, 48.939028]}, "properties": {"id_parcelle": "77183000AY0265", "address": "9 RUE TEXIER", "sales": 2, "median_price": 257000.0, "median_price_per_sqm": 3569.4444444444443, "median_rooms": 1.5, "first_sale": "2025-12-12", "last_sale": "2025-12-12"}}, {"type": "Feature", "geometry": {"type": "Point", "coordinates": [3.128202, 48.939477]}, "properties": {"id_parcelle": "77183000AY0307", "address": "39 RUE GUY DE MAUPASSANT", "sales": 2, "median_price": 248000.0, "median_price_per_sqm": 2952.3809523809523, "median_rooms": 2.5, "first_sale": "2023-07-07", "last_sale": "2023-07-07"}}, {"type": "Feature", "geometry": {"type": "Point", "coordinates": [3.12868, 48.939476]}, "properties": {"id_parcelle": "77183000AY0309", "address": "35 RUE GUY DE MAUPASSANT", "sales": 2, "median_price": 210000.0, "median_price_per_sqm": 2500.0, "median_rooms": 2.5, "first_sale": "2022-12-22", "last_sale": "2022-12-22"}}, {"type": "Feature", "geometry": {"type": "Point", "coordinates": [3.128577, 48.939146]}, "properties": {"id_parcelle": "77183000AY0334", "address": "16 RUE GUY DE MAUPASSANT", "sales": 2, "median_price": 278000.0, "median_price_per_sqm": 2438.59649122807, "median_rooms": 3.0, "first_sale": "2023-04-28", "last_sale": "2023-04-28"}}, {"type": "Feature", "geometry": {"type": "Point", "coordinates": [3.131054, 48.936894]}, "properties": {"id_parcelle": "77183000AY0407", "address": "35 AV DE REBAIS", "sales": 2, "median_price": 255000.0, "median_price_per_sqm": 3187.5, "median_rooms": 4.0, "first_sale": "2022-06-27", "last_sale": "2022-06-27"}}, {"type": "Feature", "geometry": {"type": "Point", "coordinates": [3.130097, 48.949653]}, "properties": {"id_parcelle": "77183000AK0231", "address": "26 RUE DES PELLETIERS", "sales": 2, "median_price": 55000.0, "median_price_per_sqm": 948.5507246376812, "median_rooms": 1.5, "first_sale": "2024-12-19", "last_sale": "2024-12-19"}}, {"type": "Feature", "geometry": {"type": "Point", "coordinates": [3.128805, 48.950328]}, "properties": {"id_parcelle": "77183000AK0147", "address": "12 RUE MICHEL FAUVET", "sales": 2, "median_price": 160750.0, "median_price_per_sqm": 1625.0, "median_rooms": 4.0, "first_sale": "2023-01-30", "last_sale": "2023-09-18"}}, {"type": "Feature", "geometry": {"type": "Point", "coordinates": [3.129711, 48.950615]}, "properties": {"id_parcelle": "77183000AK0170", "address": "RUE DE CHAMIGNY", "sales": 2, "median_price": 295000.0, "median_price_per_sqm": null, "median_rooms": null, "first_sale": "2023-07-07", "last_sale": "2024-04-05"}}, {"type": "Feature", "geometry": {"type": "Point", "coordinates": [3.133104, 48.952786]}, "properties": {"id_parcelle": "77183000AN0402", "address": "13 RUE DE CHAMIGNY", "sales": 2, "median_price": 140000.0, "median_price_per_sqm": 1166.6666666666667, "median_rooms": 2.0, "first_sale": "2021-11-30", "last_sale": "2021-11-30"}}, {"type": "Feature", "geometry": {"type": "Point", "coordinates": [3.133257, 48.953164]}, "properties": {"id_parcelle": "77183000AN0411", "address": "5 RUE DE CHAMIGNY", "sales": 2, "median_price": 74500.0, "median_price_per_sqm": null, "median_rooms": null, "first_sale": "2023-04-28", "last_sale": "2024-03-04"}}, {"type": "Feature", "geometry": {"type": "Point", "coordinates": [3.136089, 48.950007]}, "properties": {"id_parcelle": "77183000AN0124", "address": "23 RUE DE REUIL", "sales": 2, "median_price": 144000.0, "median_price_per_sqm": 1425.7425742574258, "median_rooms": 2.5, "first_sale": "2021-12-28", "last_sale": "2021-12-28"}}, {"type": "Feature", "geometry": {"type": "Point", "coordinates": [3.135169, 48.949259]}, "properties": {"id_parcelle": "77183000AN0156", "address": "55 RUE DE REUIL", "sales": 2, "median_price": 170000.0, "median_price_per_sqm": 2428.5714285714284, "median_rooms": 1.5, "first_sale": "2021-07-20", "last_sale": "2021-07-20"}}, {"type": "Feature", "geometry": {"type": "Point", "coordinates": [3.134373, 48.948303]}, "properties": {"id_parcelle": "77183000AN0195", "address": "89 RUE DE REUIL", "sales": 2, "median_price": 12000.0, "median_price_per_sqm": 200.0, "median_rooms": 1.5, "first_sale": "2024-10-07", "last_sale": "2024-10-07"}}, {"type": "Feature", "geometry": {"type": "Point", "coordinates": [3.137103, 48.950073]}, "properties": {"id_parcelle": "77183000AN0238", "address": "6 RUE DU GAZ", "sales": 2, "median_price": 294000.0, "median_price_per_sqm": null, "median_rooms": null, "first_sale": "2022-03-29", "last_sale": "2022-03-29"}}, {"type": "Feature", "geometry": {"type": "Point", "coordinates": [3.13051, 48.953799]}, "properties": {"id_parcelle": "77183000AL0316", "address": "7 RUE DE LA GALAISE", "sales": 2, "median_price": 282000.0, "median_price_per_sqm": 2711.5384615384614, "median_rooms": 2.5, "first_sale": "2024-04-23", "last_sale": "2024-04-23"}}, {"type": "Feature", "geometry": {"type": "Point", "coordinates": [3.132694, 48.952249]}, "properties": {"id_parcelle": "77183000AN0053", "address": "27 RUE DE CHAMIGNY", "sales": 2, "median_price": 106000.0, "median_price_per_sqm": 1796.6101694915253, "median_rooms": 1.5, "first_sale": "2024-03-08", "last_sale": "2024-03-08"}}, {"type": "Feature", "geometry": {"type": "Point", "coordinates": [3.130532, 48.937071]}, "properties": {"id_parcelle": "77183000AY0417", "address": "31 AV DE REBAIS", "sales": 2, "median_price": 200000.0, "median_price_per_sqm": 3030.3030303030305, "median_rooms": 4.0, "first_sale": "2025-04-11", "last_sale": "2025-04-11"}}, {"type": "Feature", "geometry": {"type": "Point", "coordinates": [3.133848, 48.939131]}, "properties": {"id_parcelle": "77183000AY0059", "address": "8 RUE TEXIER", "sales": 2, "median_price": 265000.0, "median_price_per_sqm": 4076.923076923077, "median_rooms": 1.5, "first_sale": "2024-09-05", "last_sale": "2024-09-05"}}, {"type": "Feature", "geometry": {"type": "Point", "coordinates": [3.134457, 48.939374]}, "properties": {"id_parcelle": "77183000AY0070", "address": "5 RUE TEXIER", "sales": 2, "median_price": 200000.0, "median_price_per_sqm": 2439.0243902439024, "median_rooms": 1.5, "first_sale": "2023-07-31", "last_sale": "2023-07-31"}}, {"type": "Feature", "geometry": {"type": "Point", "coordinates": [3.132509, 48.938293]}, "properties": {"id_parcelle": "77183000AY0089", "address": "1 RUE DU LONG PONT", "sales": 2, "median_price": 174000.0, "median_price_per_sqm": 3000.0, "median_rooms": 1.5, "first_sale": "2021-12-08", "last_sale": "2021-12-08"}}, {"type": "Feature", "geometry": {"type": "Point", "coordinates": [3.133224, 48.937543]}, "properties": {"id_parcelle": "77183000AY0104", "address": "AV DE REBAIS", "sales": 2, "median_price": 114000.0, "median_price_per_sqm": null, "median_rooms": null, "first_sale": "2021-04-23", "last_sale": "2021-06-02"}}, {"type": "Feature", "geometry": {"type": "Point", "coordinates": [3.132695, 48.936301]}, "properties": {"id_parcelle": "77183000AY0128", "address": "52 AV DE REBAIS", "sales": 2, "median_price": 248000.0, "median_price_per_sqm": 2638.2978723404253, "median_rooms": 5.0, "first_sale": "2024-11-21", "last_sale": "2024-11-21"}}, {"type": "Feature", "geometry": {"type": "Point", "coordinates": [3.130284, 48.936416]}, "properties": {"id_parcelle": "77183000AY0134", "address": "32 AV DE REBAIS", "sales": 2, "median_price": 117000.0, "median_price_per_sqm": 3078.9473684210525, "median_rooms": 1.0, "first_sale": "2023-02-17", "last_sale": "2023-02-17"}}, {"type": "Feature", "geometry": {"type": "Point", "coordinates": [3.129389, 48.940133]}, "properties": {"id_parcelle": "77183000AY0235", "address": "12 RUE DES GLACIS", "sales": 2, "median_price": 262000.0, "median_price_per_sqm": 3156.626506024096, "median_rooms": 2.5, "first_sale": "2022-03-16", "last_sale": "2022-03-16"}}, {"type": "Feature", "geometry": {"type": "Point", "coordinates": [3.134496, 48.939125]}, "properties": {"id_parcelle": "77183000AY0264", "address": "7 RUE TEXIER", "sales": 2, "median_price": 257000.0, "median_price_per_sqm": null, "median_rooms": 0.0, "first_sale": "2025-12-12", "last_sale": "2025-12-12"}}, {"type": "Feature", "geometry": {"type": "Point", "coordinates": [3.122716, 48.940242]}, "properties": {"id_parcelle": "77183000BC0217", "address": "10 RUE DU PETIT CONDETZ", "sales": 2, "median_price": 288000.0, "median_price_per_sqm": 2716.9811320754716, "median_rooms": 5.0, "first_sale": "2025-10-10", "last_sale": "2025-10-10"}}, {"type": "Feature", "geometry": {"type": "Point", "coordinates": [3.125567, 48.94177]}, "properties": {"id_parcelle": "77183000BC0289", "address": "28 BD PASTEUR", "sales": 2, "median_price": 340230.6, "median_price_per_sqm": null, "median_rooms": null, "first_sale": "2023-07-06", "last_sale": "2023-07-06"}}, {"type": "Feature", "geometry": {"type": "Point", "coordinates": [3.129671, 48.940742]}, "properties": {"id_parcelle": "77183000BC0292", "address": "18 RUE DU PARC DE CONDE", "sales": 2, "median_price": 140000.0, "median_price_per_sqm": 2187.5, "median_rooms": 2.0, "first_sale": "2021-01-15", "last_sale": "2021-01-15"}}, {"type": "Feature", "geometry": {"type": "Point", "coordinates": [3.126446, 48.943267]}, "properties": {"id_parcelle": "77183000BC0045", "address": "12 AV FRANKLIN ROOSEVELT", "sales": 2, "median_price": 770000.0, "median_price_per_sqm": 796.393059547836, "median_rooms": 0.0, "first_sale": "2025-02-27", "last_sale": "2025-02-27"}}, {"type": "Feature", "geometry": {"type": "Point", "coordinates": [3.129624, 48.940347]}, "properties": {"id_parcelle": "77183000BC0090", "address": "12 RUE DU PARC DE CONDE", "sales": 2, "median_price": 168000.0, "median_price_per_sqm": 2800.0, "median_rooms": 2.0, "first_sale": "2022-11-16", "last_sale": "2022-11-16"}}, {"type": "Feature", "geometry": {"type": "Point", "coordinates": [3.128294, 48.940224]}, "properties": {"id_parcelle": "77183000BC0093", "address": "6 RUE DU PARC DE CONDE", "sales": 2, "median_price": 130000.0, "median_price_per_sqm": 2600.0, "median_rooms": 2.0, "first_sale": "2021-10-22", "last_sale": "2021-10-22"}}, {"type": "Feature", "geometry": {"type": "Point", "coordinates": [3.126037, 48.942721]}, "properties": {"id_parcelle": "77183000BC0140", "address": "9 AV FRANKLIN ROOSEVELT", "sales": 2, "median_price": 400375.0, "median_price_per_sqm": 2623.0263157894738, "median_rooms": 0.0, "first_sale": "2022-07-12", "last_sale": "2024-06-28"}}, {"type": "Feature", "geometry": {"type": "Point", "coordinates": [3.123384, 48.942404]}, "properties": {"id_parcelle": "77183000BC0169", "address": "6 RUE DU PETIT MORIN", "sales": 2, "median_price": 40000.0, "median_price_per_sqm": 400.0, "median_rooms": 2.0, "first_sale": "2023-09-19", "last_sale": "2023-09-19"}}, {"type": "Feature", "geometry": {"type": "Point", "coordinates": [3.130342, 48.945125]}, "properties": {"id_parcelle": "77183000AZ0428", "address": "51 RUE DE CONDE", "sales": 2, "median_price": 113000.0, "median_price_per_sqm": 4265.196078431372, "median_rooms": 2.5, "first_sale": "2024-12-12", "last_sale": "2024-12-12"}}, {"type": "Feature", "geometry": {"type": "Point", "coordinates": [3.129702, 48.942288]}, "properties": {"id_parcelle": "77183000AZ0447", "address": "7 AV DE MONTMIRAIL", "sales": 2, "median_price": 322000.0, "median_price_per_sqm": 1939.7590361445782, "median_rooms": 2.5, "first_sale": "2025-09-22", "last_sale": "2025-09-22"}}, {"type": "Feature", "geometry": {"type": "Point", "coordinates": [3.131288, 48.94005]}, "properties": {"id_parcelle": "77183000AZ0472", "address": "13 RUE SAINT MARTIN", "sales": 2, "median_price": 275000.0, "median_price_per_sqm": 1883.5616438356165, "median_rooms": 3.0, "first_sale": "2022-01-10", "last_sale": "2022-01-10"}}, {"type": "Feature", "geometry": {"type": "Point", "coordinates": [3.124216, 48.94964]}, "properties": {"id_parcelle": "77183000AI0367", "address": "68 RUE PIERRE MARX", "sales": 2, "median_price": 374000.0, "median_price_per_sqm": null, "median_rooms": null, "first_sale": "2024-05-31", "last_sale": "2025-02-04"}}, {"type": "Feature", "geometry": {"type": "Point", "coordinates": [3.124117, 48.951464]}, "properties": {"id_parcelle": "77183000AI0374", "address": "24 RUE DUBURCQ CLEMENT", "sales": 2, "median_price": 230000.0, "median_price_per_sqm": 2555.5555555555557, "median_rooms": 2.0, "first_sale": "2022-09-27", "last_sale": "2022-09-27"}}, {"type": "Feature", "geometry": {"type": "Point", "coordinates": [3.120622, 48.950915]}, "properties": {"id_parcelle": "77183000AI0390", "address": "50 RUE DUBURCQ CLEMENT", "sales": 2, "median_price": 148000.0, "median_price_per_sqm": 1286.9565217391305, "median_rooms": 4.0, "first_sale": "2021-10-07", "last_sale": "2021-10-07"}}, {"type": "Feature", "geometry": {"type": "Point", "coordinates": [3.122718, 48.950933]}, "properties": {"id_parcelle": "77183000AI0391", "address": "34 RUE DUBURCQ CLEMENT", "sales": 2, "median_price": 477000.0, "median_price_per_sqm": 3138.157894736842, "median_rooms": 3.5, "first_sale": "2024-08-26", "last_sale": "2024-08-26"}}, {"type": "Feature", "geometry": {"type": "Point", "coordinates": [3.129549, 48.951216]}, "properties": {"id_parcelle": "77183000AL0111", "address": "14 RUE DES HAUTS FOSSES", "sales": 2, "median_price": 88000.0, "median_price_per_sqm": 4823.076923076923, "median_rooms": 2.0, "first_sale": "2022-11-08", "last_sale": "2022-11-08"}}, {"type": "Feature", "geometry": {"type": "Point", "coordinates": [3.129165, 48.950941]}, "properties": {"id_parcelle": "77183000AL0119", "address": "30 RUE DES HAUTS FOSSES", "sales": 2, "median_price": 310000.0, "median_price_per_sqm": 1722.2222222222222, "median_rooms": 4.0, "first_sale": "2025-11-10", "last_sale": "2025-11-10"}}, {"type": "Feature", "geometry": {"type": "Point", "coordinates": [3.128399, 48.950834]}, "properties": {"id_parcelle": "77183000AL0129", "address": "24 RUE MICHEL FAUVET", "sales": 2, "median_price": 260000.0, "median_price_per_sqm": 5977.801268498943, "median_rooms": 0.0, "first_sale": "2021-02-17", "last_sale": "2021-02-17"}}, {"type": "Feature", "geometry": {"type": "Point", "coordinates": [3.130472, 48.949497]}, "properties": {"id_parcelle": "77183000AK0241", "address": "16 RUE DES PELLETIERS", "sales": 2, "median_price": 91500.0, "median_price_per_sqm": 1750.376984126984, "median_rooms": 2.5, "first_sale": "2022-12-12", "last_sale": "2022-12-12"}}, {"type": "Feature", "geometry": {"type": "Point", "coordinates": [3.130316, 48.949212]}, "properties": {"id_parcelle": "77183000AK0279", "address": "16 BD TURENNE", "sales": 2, "median_price": 355000.0, "median_price_per_sqm": 5388.392857142857, "median_rooms": 2.0, "first_sale": "2023-02-06", "last_sale": "2023-02-06"}}, {"type": "Feature", "geometry": {"type": "Point", "coordinates": [3.128578, 48.949904]}, "properties": {"id_parcelle": "77183000AK0296", "address": "44 RUE DES BAS FOSSES", "sales": 2, "median_price": 65000.0, "median_price_per_sqm": 2098.3606557377047, "median_rooms": 1.0, "first_sale": "2022-05-20", "last_sale": "2022-06-03"}}, {"type": "Feature", "geometry": {"type": "Point", "coordinates": [3.129519, 48.951448]}, "properties": {"id_parcelle": "77183000AL0103", "address": "9 RUE CHONE", "sales": 2, "median_price": 130000.0, "median_price_per_sqm": 2708.3333333333335, "median_rooms": 1.0, "first_sale": "2024-07-22", "last_sale": "2024-07-22"}}, {"type": "Feature", "geometry": {"type": "Point", "coordinates": [3.130126, 48.951012]}, "properties": {"id_parcelle": "77183000AK0184", "address": "3 RUE DES HAUTS FOSSES", "sales": 2, "median_price": 75500.0, "median_price_per_sqm": 1510.0, "median_rooms": 4.0, "first_sale": "2024-12-09", "last_sale": "2025-10-03"}}, {"type": "Feature", "geometry": {"type": "Point", "coordinates": [3.130262, 48.950405]}, "properties": {"id_parcelle": "77183000AK0196", "address": "5 RUE DU MOUTON", "sales": 2, "median_price": 120000.0, "median_price_per_sqm": 923.0769230769231, "median_rooms": 2.5, "first_sale": "2024-10-23", "last_sale": "2024-10-23"}}, {"type": "Feature", "geometry": {"type": "Point", "coordinates": [3.130066, 48.949752]}, "properties": {"id_parcelle": "77183000AK0230", "address": "9 RUE GOURY", "sales": 2, "median_price": 96000.0, "median_price_per_sqm": 2526.315789473684, "median_rooms": 1.0, "first_sale": "2025-06-27", "last_sale": "2025-06-27"}}, {"type": "Feature", "geometry": {"type": "Point", "coordinates": [3.128237, 48.942937]}, "properties": {"id_parcelle": "77183000AZ0134", "address": "109 RUE DE CONDE", "sales": 2, "median_price": 510000.0, "median_price_per_sqm": 2865.1685393258426, "median_rooms": 7.0, "first_sale": "2024-06-21", "last_sale": "2025-04-08"}}, {"type": "Feature", "geometry": {"type": "Point", "coordinates": [3.129139, 48.944648]}, "properties": {"id_parcelle": "77183000AZ0194", "address": "RUE DE CONDE", "sales": 2, "median_price": 97250.0, "median_price_per_sqm": null, "median_rooms": null, "first_sale": "2021-04-08", "last_sale": "2024-01-17"}}, {"type": "Feature", "geometry": {"type": "Point", "coordinates": [3.134954, 48.94243]}, "properties": {"id_parcelle": "77183000AZ0258", "address": "24 RUE GEORGE SAND", "sales": 2, "median_price": 160000.0, "median_price_per_sqm": 1649.4845360824743, "median_rooms": 2.0, "first_sale": "2021-12-15", "last_sale": "2021-12-15"}}, {"type": "Feature", "geometry": {"type": "Point", "coordinates": [3.120232, 48.943426]}, "properties": {"id_parcelle": "77183000BD0329", "address": "47 AV FRANKLIN ROOSEVELT", "sales": 2, "median_price": 190000.0, "median_price_per_sqm": 2111.1111111111113, "median_rooms": 1.5, "first_sale": "2022-04-20", "last_sale": "2022-04-20"}}, {"type": "Feature", "geometry": {"type": "Point", "coordinates": [3.133211, 48.961462]}, "properties": {"id_parcelle": "77183000ZD0145", "address": "2 AV DE CHATEAU THIERRY", "sales": 2, "median_price": 335000.0, "median_price_per_sqm": null, "median_rooms": null, "first_sale": "2021-07-13", "last_sale": "2021-07-13"}}, {"type": "Feature", "geometry": {"type": "Point", "coordinates": [3.133542, 48.964171]}, "properties": {"id_parcelle": "77183000ZD0199", "address": "33 AV DE CHATEAU THIERRY", "sales": 2, "median_price": 235000.0, "median_price_per_sqm": 3133.3333333333335, "median_rooms": 4.0, "first_sale": "2022-01-14", "last_sale": "2022-01-14"}}, {"type": "Feature", "geometry": {"type": "Point", "coordinates": [3.132527, 48.964668]}, "properties": {"id_parcelle": "77183000ZD0216", "address": "14 IMP DE ROUGEBOURSE", "sales": 2, "median_price": 390000.0, "median_price_per_sqm": 2335.329341317365, "median_rooms": 8.0, "first_sale": "2022-07-08", "last_sale": "2022-07-08"}}, {"type": "Feature", "geometry": {"type": "Point", "coordinates": [3.122617, 48.942629]}, "properties": {"id_parcelle": "77183000BD0149", "address": "8 RUE DU PETIT PAYS", "sales": 2, "median_price": 217000.0, "median_price_per_sqm": 4520.833333333333, "median_rooms": 4.0, "first_sale": "2025-09-15", "last_sale": "2025-09-15"}}, {"type": "Feature", "geometry": {"type": "Point", "coordinates": [3.121346, 48.941729]}, "properties": {"id_parcelle": "77183000BD0275", "address": "22 RUE DU PETIT PAYS", "sales": 2, "median_price": 250000.0, "median_price_per_sqm": 2000.0, "median_rooms": 5.0, "first_sale": "2021-12-03", "last_sale": "2021-12-03"}}, {"type": "Feature", "geometry": {"type": "Point", "coordinates": [3.118117, 48.943357]}, "properties": {"id_parcelle": "77183000BD0281", "address": "32 RUE DES TROIS PIGEONS", "sales": 2, "median_price": 333600.0, "median_price_per_sqm": 2566.153846153846, "median_rooms": 6.0, "first_sale": "2022-09-16", "last_sale": "2022-09-16"}}, {"type": "Feature", "geometry": {"type": "Point", "coordinates": [3.126826, 48.942196]}, "properties": {"id_parcelle": "77183000BC0419", "address": "14 BD PASTEUR", "sales": 2, "median_price": 119000.0, "median_price_per_sqm": null, "median_rooms": null, "first_sale": "2021-01-26", "last_sale": "2024-01-15"}}, {"type": "Feature", "geometry": {"type": "Point", "coordinates": [3.119778, 48.943847]}, "properties": {"id_parcelle": "77183000BC0435", "address": "44 AV FRANKLIN ROOSEVELT", "sales": 2, "median_price": 275000.0, "median_price_per_sqm": 11458.333333333334, "median_rooms": 0.5, "first_sale": "2024-12-16", "last_sale": "2024-12-16"}}, {"type": "Feature", "geometry": {"type": "Point", "coordinates": [3.119574, 48.94239]}, "properties": {"id_parcelle": "77183000BD0028", "address": "18 RUE DES TROIS PIGEONS", "sales": 2, "median_price": 453000.0, "median_price_per_sqm": 4530.0, "median_rooms": 5.0, "first_sale": "2021-12-30", "last_sale": "2021-12-30"}}, {"type": "Feature", "geometry": {"type": "Point", "coordinates": [3.120303, 48.942623]}, "properties": {"id_parcelle": "77183000BD0039", "address": "6 RUE DE JOUARRE", "sales": 2, "median_price": 298000.0, "median_price_per_sqm": 2310.077519379845, "median_rooms": 2.0, "first_sale": "2025-07-07", "last_sale": "2025-07-07"}}, {"type": "Feature", "geometry": {"type": "Point", "coordinates": [3.121072, 48.943347]}, "properties": {"id_parcelle": "77183000BD0043", "address": "41 AV FRANKLIN ROOSEVELT", "sales": 2, "median_price": 145000.0, "median_price_per_sqm": 4613.636363636364, "median_rooms": 2.0, "first_sale": "2025-04-22", "last_sale": "2025-04-22"}}, {"type": "Feature", "geometry": {"type": "Point", "coordinates": [3.121005, 48.942868]}, "properties": {"id_parcelle": "77183000BD0045", "address": "9 RUE DE JOUARRE", "sales": 2, "median_price": 240000.0, "median_price_per_sqm": 3428.5714285714284, "median_rooms": 2.0, "first_sale": "2022-09-15", "last_sale": "2022-09-15"}}, {"type": "Feature", "geometry": {"type": "Point", "coordinates": [3.133745, 48.964708]}, "properties": {"id_parcelle": "77183000ZD0478", "address": "43 AV DE CHATEAU THIERRY", "sales": 2, "median_price": 240000.0, "median_price_per_sqm": 3750.0, "median_rooms": 3.0, "first_sale": "2025-09-30", "last_sale": "2025-09-30"}}, {"type": "Feature", "geometry": {"type": "Point", "coordinates": [3.132259, 48.964699]}, "properties": {"id_parcelle": "77183000ZD0217", "address": "CLOS MENARD", "sales": 2, "median_price": 196550.0, "median_price_per_sqm": null, "median_rooms": null, "first_sale": "2021-05-04", "last_sale": "2022-07-08"}}, {"type": "Feature", "geometry": {"type": "Point", "coordinates": [3.131027, 48.963895]}, "properties": {"id_parcelle": "77183000ZD0236", "address": "36 RUE DES MEULIERES", "sales": 2, "median_price": 189000.0, "median_price_per_sqm": 1968.75, "median_rooms": 2.0, "first_sale": "2021-10-01", "last_sale": "2021-10-01"}}, {"type": "Feature", "geometry": {"type": "Point", "coordinates": [3.137668, 48.968018]}, "properties": {"id_parcelle": "77183000ZD0282", "address": "78 AV DES VIGNES", "sales": 2, "median_price": 253000.0, "median_price_per_sqm": 1621.7948717948718, "median_rooms": 2.5, "first_sale": "2024-09-10", "last_sale": "2024-09-10"}}, {"type": "Feature", "geometry": {"type": "Point", "coordinates": [3.137772, 48.966722]}, "properties": {"id_parcelle": "77183000ZD0302", "address": "9 VLA DE LA ROUSSEROLLE", "sales": 2, "median_price": 112510.0, "median_price_per_sqm": 1372.0731707317073, "median_rooms": 5.0, "first_sale": "2025-07-28", "last_sale": "2025-07-28"}}, {"type": "Feature", "geometry": {"type": "Point", "coordinates": [3.13766, 48.966505]}, "properties": {"id_parcelle": "77183000ZD0303", "address": "7 VLA DE LA ROUSSEROLLE", "sales": 2, "median_price": 210000.0, "median_price_per_sqm": 2187.5, "median_rooms": 5.0, "first_sale": "2021-03-18", "last_sale": "2021-03-18"}}, {"type": "Feature", "geometry": {"type": "Point", "coordinates": [3.136096, 48.966725]}, "properties": {"id_parcelle": "77183000ZD0313", "address": "5 AV DES VIGNES", "sales": 2, "median_price": 265000.0, "median_price_per_sqm": 1778.523489932886, "median_rooms": 6.0, "first_sale": "2024-02-22", "last_sale": "2024-02-22"}}, {"type": "Feature", "geometry": {"type": "Point", "coordinates": [3.136208, 48.966929]}, "properties": {"id_parcelle": "77183000ZD0314", "address": "3 AV DES VIGNES", "sales": 2, "median_price": 285000.0, "median_price_per_sqm": 3392.8571428571427, "median_rooms": 3.0, "first_sale": "2024-09-30", "last_sale": "2024-09-30"}}, {"type": "Feature", "geometry": {"type": "Point", "coordinates": [3.13388, 48.962716]}, "properties": {"id_parcelle": "77183000ZD0331", "address": "20 AV DE CHATEAU THIERRY", "sales": 2, "median_price": 315000.0, "median_price_per_sqm": 3841.4634146341464, "median_rooms": 4.0, "first_sale": "2022-12-30", "last_sale": "2022-12-30"}}, {"type": "Feature", "geometry": {"type": "Point", "coordinates": [3.129071, 48.948781]}, "properties": {"id_parcelle": "77183000AK0089", "address": "14 RUE DES BAS FOSSES", "sales": 2, "median_price": 142000.0, "median_price_per_sqm": 1893.3333333333335, "median_rooms": 5.0, "first_sale": "2022-04-13", "last_sale": "2023-01-19"}}, {"type": "Feature", "geometry": {"type": "Point", "coordinates": [3.128775, 48.949749]}, "properties": {"id_parcelle": "77183000AK0125", "address": "5 RUE PIERRE MARX", "sales": 2, "median_price": 180000.0, "median_price_per_sqm": 5765.7657657657655, "median_rooms": 2.0, "first_sale": "2023-11-24", "last_sale": "2023-11-24"}}, {"type": "Feature", "geometry": {"type": "Point", "coordinates": [3.13071, 48.948549]}, "properties": {"id_parcelle": "77183000AK0017", "address": "11 RUE REGNARD DE L ISLE", "sales": 2, "median_price": 335000.0, "median_price_per_sqm": 2427.536231884058, "median_rooms": 3.0, "first_sale": "2023-10-30", "last_sale": "2023-10-30"}}, {"type": "Feature", "geometry": {"type": "Point", "coordinates": [3.130112, 48.949152]}, "properties": {"id_parcelle": "77183000AK0036", "address": "19 RUE SAINT NICOLAS", "sales": 2, "median_price": 125000.0, "median_price_per_sqm": 2551.0204081632655, "median_rooms": 1.5, "first_sale": "2025-04-22", "last_sale": "2025-04-22"}}, {"type": "Feature", "geometry": {"type": "Point", "coordinates": [3.129817, 48.949207]}, "properties": {"id_parcelle": "77183000AK0038", "address": "40 RUE SAINT NICOLAS", "sales": 2, "median_price": 105000.0, "median_price_per_sqm": 2019.2307692307693, "median_rooms": 1.0, "first_sale": "2025-06-17", "last_sale": "2025-06-17"}}, {"type": "Feature", "geometry": {"type": "Point", "coordinates": [3.126143, 48.951347]}, "properties": {"id_parcelle": "77183000AI0430", "address": "RUE DUBURCQ CLEMENT", "sales": 2, "median_price": 90000.0, "median_price_per_sqm": null, "median_rooms": null, "first_sale": "2022-07-28", "last_sale": "2024-06-11"}}, {"type": "Feature", "geometry": {"type": "Point", "coordinates": [3.125373, 48.951811]}, "properties": {"id_parcelle": "77183000AI0431", "address": "RUE DU LIMON", "sales": 2, "median_price": 350000.0, "median_price_per_sqm": null, "median_rooms": null, "first_sale": "2023-07-27", "last_sale": "2023-07-27"}}, {"type": "Feature", "geometry": {"type": "Point", "coordinates": [3.124635, 48.949863]}, "properties": {"id_parcelle": "77183000AI0447", "address": "64 RUE PIERRE MARX", "sales": 2, "median_price": 160000.0, "median_price_per_sqm": 2077.9220779220777, "median_rooms": 1.5, "first_sale": "2025-01-22", "last_sale": "2025-01-22"}}, {"type": "Feature", "geometry": {"type": "Point", "coordinates": [3.121352, 48.942174]}, "properties": {"id_parcelle": "77183000BD0059", "address": "16 RUE DU PETIT PAYS", "sales": 2, "median_price": 185000.0, "median_price_per_sqm": 3490.566037735849, "median_rooms": 1.5, "first_sale": "2023-05-22", "last_sale": "2023-05-22"}}, {"type": "Feature", "geometry": {"type": "Point", "coordinates": [3.121896, 48.942008]}, "properties": {"id_parcelle": "77183000BC0302", "address": "11 RUE DU PETIT PAYS", "sales": 2, "median_price": 243000.0, "median_price_per_sqm": 2963.4146341463415, "median_rooms": 2.0, "first_sale": "2025-11-13", "last_sale": "2025-11-13"}}, {"type": "Feature", "geometry": {"type": "Point", "coordinates": [3.121813, 48.943561]}, "properties": {"id_parcelle": "77183000BC0310", "address": "36 AV FRANKLIN ROOSEVELT", "sales": 2, "median_price": 250000.0, "median_price_per_sqm": 5381.944444444444, "median_rooms": 0.0, "first_sale": "2023-06-16", "last_sale": "2023-06-16"}}, {"type": "Feature", "geometry": {"type": "Point", "coordinates": [3.128919, 48.962046]}, "properties": {"id_parcelle": "77183000ZI0484", "address": "102 RUE SIMON ROUSSEL", "sales": 2, "median_price": 255000.0, "median_price_per_sqm": 2276.785714285714, "median_rooms": 5.0, "first_sale": "2021-02-22", "last_sale": "2021-02-22"}}, {"type": "Feature", "geometry": {"type": "Point", "coordinates": [3.121113, 48.953502]}, "properties": {"id_parcelle": "77183000ZK0056", "address": "15 IMP DE LA JUSTICE", "sales": 2, "median_price": 44000.0, "median_price_per_sqm": null, "median_rooms": 0.0, "first_sale": "2024-02-16", "last_sale": "2024-02-16"}}, {"type": "Feature", "geometry": {"type": "Point", "coordinates": [3.123057, 48.954277]}, "properties": {"id_parcelle": "77183000ZK0078", "address": "1 RUE DE LIZY", "sales": 2, "median_price": 135000.0, "median_price_per_sqm": 1227.2727272727273, "median_rooms": 2.0, "first_sale": "2025-05-14", "last_sale": "2025-05-14"}}, {"type": "Feature", "geometry": {"type": "Point", "coordinates": [3.125314, 48.954024]}, "properties": {"id_parcelle": "77183000ZK0213", "address": "24 RUE DU LIMON", "sales": 2, "median_price": 1190920.0, "median_price_per_sqm": 21901.977011494255, "median_rooms": 0.0, "first_sale": "2023-06-21", "last_sale": "2023-06-21"}}, {"type": "Feature", "geometry": {"type": "Point", "coordinates": [3.122671, 48.954789]}, "properties": {"id_parcelle": "77183000ZK0240", "address": "10 RUE DE LIZY", "sales": 2, "median_price": 220000.0, "median_price_per_sqm": 2135.9223300970875, "median_rooms": 6.0, "first_sale": "2021-06-22", "last_sale": "2021-06-22"}}, {"type": "Feature", "geometry": {"type": "Point", "coordinates": [3.119903, 48.955555]}, "properties": {"id_parcelle": "77183000ZK0266", "address": "17 RUE DE LIZY", "sales": 2, "median_price": 315000.0, "median_price_per_sqm": 1750.0, "median_rooms": 7.0, "first_sale": "2022-07-13", "last_sale": "2022-07-13"}}, {"type": "Feature", "geometry": {"type": "Point", "coordinates": [3.122429, 48.956466]}, "properties": {"id_parcelle": "77183000ZK0365", "address": "59 RUE DU LIMON", "sales": 2, "median_price": 245000.0, "median_price_per_sqm": 2247.706422018349, "median_rooms": 4.0, "first_sale": "2021-12-06", "last_sale": "2021-12-06"}}, {"type": "Feature", "geometry": {"type": "Point", "coordinates": [3.126797, 48.948083]}, "properties": {"id_parcelle": "77183000AH0278", "address": "4 RUE CHANZY", "sales": 2, "median_price": 120000.0, "median_price_per_sqm": 1764.7058823529412, "median_rooms": 1.0, "first_sale": "2025-08-01", "last_sale": "2025-08-01"}}, {"type": "Feature", "geometry": {"type": "Point", "coordinates": [3.124027, 48.960062]}, "properties": {"id_parcelle": "77183000ZH0399", "address": "9 RUE DU LAVOIR", "sales": 2, "median_price": 240000.0, "median_price_per_sqm": 1318.6813186813188, "median_rooms": 4.0, "first_sale": "2022-01-10", "last_sale": "2022-01-10"}}, {"type": "Feature", "geometry": {"type": "Point", "coordinates": [3.125328, 48.960108]}, "properties": {"id_parcelle": "77183000ZH0462", "address": "62 RUE SIMON ROUSSEL", "sales": 2, "median_price": 115000.0, "median_price_per_sqm": 5000.0, "median_rooms": 1.0, "first_sale": "2025-07-24", "last_sale": "2025-07-24"}}, {"type": "Feature", "geometry": {"type": "Point", "coordinates": [3.121643, 48.957181]}, "properties": {"id_parcelle": "77183000ZH0488", "address": "RUE DE ROSEBOIS", "sales": 2, "median_price": 74000.0, "median_price_per_sqm": null, "median_rooms": null, "first_sale": "2021-01-12", "last_sale": "2023-07-19"}}, {"type": "Feature", "geometry": {"type": "Point", "coordinates": [3.122258, 48.9598]}, "properties": {"id_parcelle": "77183000ZH0491", "address": "18 RUE SIMON ROUSSEL", "sales": 2, "median_price": 135000.0, "median_price_per_sqm": 1666.6666666666667, "median_rooms": 1.5, "first_sale": "2021-12-28", "last_sale": "2021-12-28"}}, {"type": "Feature", "geometry": {"type": "Point", "coordinates": [3.122336, 48.959675]}, "properties": {"id_parcelle": "77183000ZH0493", "address": "18 RUE SIMON ROUSSEL", "sales": 2, "median_price": 55000.0, "median_price_per_sqm": null, "median_rooms": 0.0, "first_sale": "2023-10-26", "last_sale": "2023-10-26"}}, {"type": "Feature", "geometry": {"type": "Point", "coordinates": [3.1305, 48.958602]}, "properties": {"id_parcelle": "77183000ZI0321", "address": "54 RUE D HUGNY", "sales": 2, "median_price": 150000.0, "median_price_per_sqm": 2083.3333333333335, "median_rooms": 4.0, "first_sale": "2025-10-28", "last_sale": "2025-10-28"}}, {"type": "Feature", "geometry": {"type": "Point", "coordinates": [3.128985, 48.96223]}, "properties": {"id_parcelle": "77183000ZI0386", "address": "104 RUE SIMON ROUSSEL", "sales": 2, "median_price": 297000.0, "median_price_per_sqm": 2538.4615384615386, "median_rooms": 2.0, "first_sale": "2022-07-12", "last_sale": "2022-07-12"}}, {"type": "Feature", "geometry": {"type": "Point", "coordinates": [3.129758, 48.961963]}, "properties": {"id_parcelle": "77183000ZI0481", "address": "13 RUE DE FAVIERES", "sales": 2, "median_price": 78000.0, "median_price_per_sqm": null, "median_rooms": 0.0, "first_sale": "2022-06-03", "last_sale": "2022-06-03"}}, {"type": "Feature", "geometry": {"type": "Point", "coordinates": [3.118937, 48.961357]}, "properties": {"id_parcelle": "77183000ZH0333", "address": "LES BARRIERES", "sales": 2, "median_price": 25000.0, "median_price_per_sqm": null, "median_rooms": null, "first_sale": "2024-01-25", "last_sale": "2024-01-25"}}, {"type": "Feature", "geometry": {"type": "Point", "coordinates": [3.121824, 48.958013]}, "properties": {"id_parcelle": "77183000ZH0362", "address": "10 RUE DE ROSEBOIS", "sales": 2, "median_price": 196440.0, "median_price_per_sqm": 2207.191011235955, "median_rooms": 4.0, "first_sale": "2022-08-31", "last_sale": "2024-08-21"}}, {"type": "Feature", "geometry": {"type": "Point", "coordinates": [3.107339, 48.953307]}, "properties": {"id_parcelle": "77183000AC0038", "address": "MORINTRU D EN BAS", "sales": 2, "median_price": 145000.0, "median_price_per_sqm": null, "median_rooms": null, "first_sale": "2021-06-18", "last_sale": "2021-07-27"}}, {"type": "Feature", "geometry": {"type": "Point", "coordinates": [3.125521, 48.947792]}, "properties": {"id_parcelle": "77183000AH0297", "address": "6 RUE DE LA BARRE", "sales": 2, "median_price": 1000000.0, "median_price_per_sqm": null, "median_rooms": 0.0, "first_sale": "2021-06-29", "last_sale": "2021-06-29"}}, {"type": "Feature", "geometry": {"type": "Point", "coordinates": [3.106894, 48.95326]}, "properties": {"id_parcelle": "77183000AC0037", "address": "7 RUE DE MORINTRU D EN BAS", "sales": 2, "median_price": 180000.0, "median_price_per_sqm": null, "median_rooms": 0.0, "first_sale": "2021-07-27", "last_sale": "2021-07-27"}}, {"type": "Feature", "geometry": {"type": "Point", "coordinates": [3.121849, 48.949315]}, "properties": {"id_parcelle": "77183000AH0393", "address": "40 RUE DE LA BARRE", "sales": 2, "median_price": 127000.0, "median_price_per_sqm": 3256.4102564102564, "median_rooms": 0.5, "first_sale": "2023-03-07", "last_sale": "2023-03-07"}}, {"type": "Feature", "geometry": {"type": "Point", "coordinates": [3.107165, 48.955202]}, "properties": {"id_parcelle": "77183000AB0099", "address": "40 RUE DE MORINTRU D EN BAS", "sales": 2, "median_price": 315040.0, "median_price_per_sqm": 2172.689655172414, "median_rooms": 6.0, "first_sale": "2022-02-15", "last_sale": "2022-02-15"}}, {"type": "Feature", "geometry": {"type": "Point", "coordinates": [3.126369, 48.948373]}, "properties": {"id_parcelle": "77183000AH0419", "address": "RUE CHANZY", "sales": 2, "median_price": 504800.0, "median_price_per_sqm": null, "median_rooms": null, "first_sale": "2021-06-29", "last_sale": "2022-07-27"}}, {"type": "Feature", "geometry": {"type": "Point", "coordinates": [3.118813, 48.960622]}, "properties": {"id_parcelle": "77183000ZL0111", "address": "59 RUE LEON GLAIZE", "sales": 2, "median_price": 254000.0, "median_price_per_sqm": 2791.2087912087914, "median_rooms": 2.5, "first_sale": "2022-09-23", "last_sale": "2022-09-23"}}, {"type": "Feature", "geometry": {"type": "Point", "coordinates": [3.12625, 48.948613]}, "properties": {"id_parcelle": "77183000AH0422", "address": "RUE CHANZY", "sales": 2, "median_price": 264800.0, "median_price_per_sqm": null, "median_rooms": null, "first_sale": "2021-10-26", "last_sale": "2022-07-27"}}, {"type": "Feature", "geometry": {"type": "Point", "coordinates": [3.121419, 48.950794]}, "properties": {"id_parcelle": "77183000AI0039", "address": "42 RUE DUBURCQ CLEMENT", "sales": 2, "median_price": 267230.0, "median_price_per_sqm": 3107.3255813953488, "median_rooms": 1.5, "first_sale": "2022-01-17", "last_sale": "2022-01-17"}}]}